{"type":"FeatureCollection", "features": [
{"type":"Feature","geometry":{"type":"Polygon","coordinates":[[[120.62,21.93],[120.7,21.97],[120.72,21.99],[120.78,22.19],[120.78,22.34],[120.97,22.72],[121.18,23.04],[121.33,23.4],[121.37,23.62],[121.4,23.93],[121.48,24.09],[121.57,24.23],[121.6,24.51],[121.59,24.65],[121.63,24.71],[121.78,24.9],[121.53,25.08],[121.43,25.13],[121.27,25.03],[121.16,24.95],[120.97,24.89],[120.91,24.84],[120.86,24.81],[120.73,24.63],[120.67,24.55],[120.27,23.98],[120.02,23.62],[119.95,23.28],[119.96,23.09],[120.11,22.64],[120.53,22.1],[120.58,21.95],[120.62,21.93]]]},"properties":{"NAME":"Dakapeng culture","SUBJECTO":"Dakapeng culture","BORDERPRECISION":1}},
{"type":"Feature","geometry":{"type":"MultiPolygon","coordinates":[[[[99.87,2.64],[99.86,2.9],[99.8,2.98],[99.49,3.13],[98.96,3.44],[98.63,3.66],[98.15,4.07],[98.2,4.31],[98.17,4.38],[97.94,4.52],[97.53,5.04],[97.38,5.18],[97.2,5.17],[97,5.11],[96.75,5.06],[96.6,5.08],[96.19,5.15],[96.02,5.22],[95.74,5.47],[95.63,5.53],[95.46,5.57],[95.28,5.55],[95.22,5.5],[95.19,5.41],[95.21,5.25],[95.31,4.96],[95.56,4.53],[95.83,4.22],[96.12,3.95],[96.39,3.65],[96.72,3.7],[96.89,3.51],[97.25,3.14],[97.43,2.92],[97.51,2.74],[97.54,2.41],[97.6,2.25],[97.74,2.21],[97.98,2.11],[98.3,1.94],[98.6,1.71],[98.67,1.62],[98.72,1.48],[98.69,1.37],[99,0.56],[99.11,0.22],[99.4,0.09],[99.53,-0.02],[99.7,-0.15],[99.97,-0.5],[100.27,-0.97],[100.65,-1.63],[100.8,-2.02],[100.78,-2.18],[100.81,-2.34],[101.35,-3.01],[101.66,-3.32],[102.11,-3.6],[102.2,-3.76],[102.29,-3.98],[102.46,-4.18],[103.07,-4.61],[103.52,-5],[103.87,-5.34],[104.48,-5.98],[104.57,-6.07],[104.64,-5.98],[104.46,-5.64],[104.56,-5.6],[105.03,-5.88],[105.07,-5.76],[105.19,-5.54],[105.3,-5.58],[105.48,-5.81],[105.64,-5.93],[105.69,-5.9],[105.73,-5.83],[105.8,-5.35],[105.8,-5.23],[105.79,-4.93],[105.8,-4.73],[105.69,-4.31],[105.71,-4.1],[105.94,-3.21],[105.63,-2.91],[105.56,-2.71],[105.44,-2.6],[105.37,-2.58],[104.99,-2.47],[104.68,-2.67],[104.61,-2.58],[104.81,-2.16],[104.57,-2.14],[104.47,-2.08],[104.35,-1.89],[104.36,-1.71],[104.3,-1.36],[104.23,-1.19],[104.12,-1.14],[103.75,-1.12],[103.38,-0.89],[103.31,-0.82],[103.24,-0.66],[103.41,-0.5],[103.5,-0.32],[103.69,-0.12],[103.71,-0.02],[103.72,0.02],[103.46,0.29],[103.24,0.46],[103.05,0.53],[102.7,0.57],[102.47,0.62],[102.28,0.74],[102.14,0.94],[102.01,1.27],[101.87,1.43],[101.68,1.52],[101.47,1.55],[101.28,1.72],[101.06,2.08],[100.83,2.18],[100.8,2.07],[100.86,1.97],[100.85,1.88],[100.73,1.87],[100.46,2.12],[100.12,2.54],[99.86,2.57],[99.87,2.64]]],[[[111.12,1.27],[110.97,1.23],[110.82,1.24],[110.48,1.44],[110.29,1.52],[109.9,1.55],[109.72,1.62],[109.55,1.8],[109.52,1.82],[109.43,1.87],[109.28,1.88],[109.15,1.52],[108.96,1.26],[108.9,1.1],[108.81,0.81],[108.87,0.54],[108.84,0.33],[109,0.2],[109.12,-0.02],[109.16,-0.07],[109.07,-0.41],[109.19,-0.54],[109.43,-0.71],[109.18,-0.87],[109.24,-0.93],[109.6,-1.12],[109.78,-1.31],[109.94,-1.64],[109.95,-1.86],[110.07,-2.49],[110.08,-2.79],[110.1,-3.08],[110.24,-3.07],[110.37,-3],[110.65,-2.99],[110.8,-3.17],[111.44,-2.97],[111.59,-2.8],[111.73,-3.26],[111.71,-3.4],[111.74,-3.65],[111.9,-3.61],[112.05,-3.46],[112.25,-3.4],[112.41,-3.45],[112.58,-3.42],[112.64,-3.33],[112.8,-2.97],[112.95,-3.04],[113.12,-3.24],[113.32,-3.29],[113.46,-3.38],[113.61,-3.61],[113.74,-3.6],[113.97,-3.36],[114.1,-3.35],[114.22,-3.43],[114.36,-3.6],[114.5,-3.97],[114.49,-4.16],[114.58,-4.3],[114.71,-4.21],[114.99,-4.08],[115.57,-3.8],[115.81,-3.54],[115.86,-3.38],[115.96,-3.2],[116.2,-2.9],[116.25,-2.8],[116.24,-2.7],[116.04,-2.44],[116.35,-2.42],[116.27,-2.28],[116.25,-2.11],[116.05,-1.93],[116.38,-1.66],[116.58,-1.37],[117.05,-0.93],[117.26,-1],[117.37,-1],[117.43,-0.62],[117.38,-0.43],[117.32,-0.14],[117.34,-0.02],[117.37,0.2],[117.53,0.61],[117.71,0.82],[117.86,0.87],[118.22,0.76],[118.56,0.75],[118.77,0.82],[118.52,1.17],[118.25,1.39],[117.91,1.59],[117.73,1.8],[117.7,1.9],[117.85,2.23],[117.83,2.31],[117.59,2.65],[117.34,3.02],[117.24,3.08],[117.14,3.17],[117.22,3.27],[117.16,3.41],[117.07,3.51],[117.33,3.55],[117.58,3.57],[117.68,3.63],[117.54,3.94],[117.56,3.98],[117.59,4.05],[117.82,4.1],[118.11,4.14],[118.32,4.23],[118.39,4.37],[117.99,4.68],[117.95,4.8],[118.11,4.94],[118.42,4.9],[118.68,4.91],[118.88,4.98],[118.97,5.05],[119.04,5.17],[119,5.28],[118.84,5.34],[118.38,5.64],[118.26,5.66],[118.1,5.63],[117.76,5.58],[117.92,5.8],[117.87,5.9],[117.65,5.85],[117.37,5.79],[117.35,5.88],[117.46,6.08],[117.54,6.24],[117.51,6.39],[117.33,6.49],[117.17,6.61],[117.03,6.84],[116.89,6.65],[116.74,6.69],[116.6,6.9],[116.56,6.82],[116.34,6.36],[116.1,6.1],[115.97,5.88],[115.79,5.74],[115.72,5.47],[115.49,5.49],[115.29,5.45],[115.2,5.28],[115.42,5.11],[115.43,5],[115.36,4.88],[115.16,4.84],[115.12,4.83],[115.04,4.9],[114.96,4.88],[114.88,4.86],[114.82,4.9],[114.85,5.02],[114.75,4.98],[114.45,4.56],[114.17,4.51],[114.07,4.46],[114.02,4.42],[113.91,4.36],[113.81,4.26],[113.42,3.76],[113.19,3.61],[112.95,3.16],[112.76,3.01],[112.3,2.87],[111.63,2.72],[111.37,2.6],[111.13,2.03],[110.97,1.76],[110.89,1.51],[111.12,1.27]]],[[[113.07,-7.88],[112.68,-7.72],[112.62,-7.67],[112.5,-7.46],[112.54,-7.26],[112.4,-7.13],[112.27,-7.03],[111.92,-6.96],[111.57,-6.92],[111.33,-6.91],[111.04,-6.85],[110.91,-6.63],[110.81,-6.53],[110.61,-6.54],[110.49,-6.66],[110.4,-6.95],[110.24,-7.03],[110.03,-7.04],[109.38,-6.99],[109.22,-7.01],[109.16,-7.02],[108.95,-6.94],[108.56,-6.92],[108.48,-6.69],[108.31,-6.45],[108.17,-6.36],[107.97,-6.44],[107.77,-6.45],[107.68,-6.33],[107.52,-6.35],[107.34,-6.15],[107.06,-6.08],[106.95,-6.03],[106.94,-6.14],[106.86,-6.27],[106.63,-6.31],[106.52,-6.11],[106.31,-6.13],[106.02,-6.08],[105.93,-6.03],[105.89,-6.15],[105.79,-6.26],[105.79,-6.29],[105.81,-6.48],[105.67,-6.46],[105.66,-6.52],[105.63,-6.76],[105.47,-6.81],[105.29,-6.77],[105.14,-6.78],[105.18,-6.87],[105.75,-6.92],[105.89,-6.93],[106.12,-7],[106.37,-7.04],[106.55,-7.16],[106.34,-7.37],[106.32,-7.43],[106.48,-7.5],[107.21,-7.53],[107.37,-7.56],[107.73,-7.79],[108.16,-7.86],[108.36,-7.84],[108.61,-7.7],[109.04,-7.72],[109.12,-7.74],[109.54,-7.84],[110.04,-7.99],[110.42,-8.21],[110.78,-8.32],[111.44,-8.38],[112.09,-8.44],[112.41,-8.49],[112.57,-8.46],[112.84,-8.35],[113.07,-8.35],[113.47,-8.49],[113.74,-8.6],[114.1,-8.69],[114.33,-8.78],[114.07,-8.43],[114.14,-8.21],[114.25,-8.02],[114.23,-7.93],[113.95,-7.82],[113.76,-7.83],[113.56,-7.91],[113.26,-7.91],[113.07,-7.88]]],[[[117.8,-8.5],[117.94,-8.54],[118.06,-8.61],[118.03,-8.69],[117.9,-8.7],[117.82,-8.81],[117.69,-8.79],[117.55,-8.74],[117.51,-8.61],[117.33,-8.57],[117.06,-8.56],[116.96,-8.53],[116.85,-8.6],[116.75,-8.65],[116.66,-8.7],[116.7,-8.82],[116.63,-8.93],[116.66,-9.06],[116.75,-9.11],[116.8,-9.15],[116.98,-9.18],[117.12,-9.12],[117.28,-9.15],[117.56,-9.06],[117.84,-8.95],[117.97,-8.98],[118.08,-8.86],[118.22,-8.74],[118.25,-8.77],[118.21,-8.89],[118.27,-8.93],[118.66,-8.86],[118.63,-8.79],[118.69,-8.76],[118.83,-8.79],[118.97,-8.88],[118.98,-8.7],[118.95,-8.66],[118.87,-8.67],[118.86,-8.48],[118.76,-8.38],[118.62,-8.39],[118.54,-8.53],[118.46,-8.6],[118.47,-8.39],[118.42,-8.32],[118.27,-8.28],[118.13,-8.34],[118.05,-8.3],[118.02,-8.2],[117.95,-8.16],[117.81,-8.18],[117.69,-8.27],[117.68,-8.36],[117.71,-8.44],[117.8,-8.5]]],[[[106.16,-3],[106.55,-3.18],[106.47,-2.92],[106.52,-2.79],[106.64,-2.71],[106.33,-2.57],[106.04,-2.2],[105.9,-1.8],[105.86,-1.63],[105.72,-1.75],[105.66,-1.96],[105.43,-1.71],[105.32,-1.82],[105.2,-2.11],[105.25,-2.17],[105.45,-2.16],[105.58,-2.2],[105.81,-2.38],[105.88,-2.56],[105.9,-2.73],[105.99,-2.89],[106.16,-3]]],[[[114.9,-8.65],[115.07,-8.78],[115.24,-8.59],[115.35,-8.55],[115.5,-8.47],[115.08,-8.23],[114.88,-8.25],[114.65,-8.33],[114.46,-8.33],[114.51,-8.45],[114.9,-8.65]]],[[[120.31,14.58],[120.36,14.53],[120.47,14.8],[120.71,14.73],[120.9,14.55],[121.22,14.42],[121.29,14.34],[121.1,14.25],[120.94,14.29],[120.8,14.39],[120.51,14.11],[120.6,13.92],[120.86,13.76],[121.01,13.66],[121.19,13.68],[121.25,13.71],[121.33,13.83],[121.49,13.89],[121.62,13.9],[122.07,13.65],[122.39,13.3],[122.49,13.43],[122.33,13.78],[122.37,13.88],[122.49,13.88],[122.82,13.62],[123.09,13.38],[123.2,13.24],[123.24,13.03],[123.42,12.98],[123.68,12.89],[123.82,12.98],[123.4,13.53],[123.49,13.62],[123.66,13.69],[123.74,13.76],[123.7,13.82],[123.64,13.83],[123.36,13.95],[123.13,13.69],[122.99,13.73],[122.86,13.89],[122.78,14.17],[122.67,14.27],[122.49,14.32],[122.4,14.31],[122.18,14.06],[122.11,13.92],[121.97,13.95],[121.77,14.1],[121.73,14.11],[121.61,14.39],[121.46,14.88],[121.3,15.21],[121.24,15.31],[121.37,15.5],[121.4,15.75],[121.4,15.87],[121.44,15.92],[121.69,16.06],[122.06,16.33],[122.2,16.54],[122.4,17.11],[122.31,17.26],[122.07,17.44],[122.01,17.79],[122.03,18.01],[122.15,18.21],[122.14,18.38],[122.05,18.45],[121.92,18.37],[121.84,18.28],[121.58,18.29],[121.04,18.53],[120.8,18.55],[120.65,18.49],[120.56,18.43],[120.39,18.04],[120.36,17.76],[120.32,17.37],[120.31,17.07],[120.25,16.87],[120.26,16.61],[120.3,16.42],[120.29,16.23],[120.2,16.04],[119.76,16.36],[119.68,16.19],[119.81,15.98],[119.79,15.66],[119.77,15.47],[119.97,14.9],[120.31,14.58]]],[[[120.89,12.37],[121.09,12.2],[121.18,12.4],[121.27,12.53],[121.32,12.74],[121.3,13.13],[121.18,13.33],[121.04,13.41],[120.65,13.41],[120.34,13.39],[120.55,13.15],[120.71,12.65],[120.73,12.55],[120.89,12.37]]],[[[125.07,11.24],[125.32,11.12],[125.4,11.15],[125.45,11.21],[125.33,11.56],[125.28,11.92],[125.25,12.29],[125.12,12.48],[124.95,12.53],[124.49,12.46],[124.26,12.42],[124.33,12.21],[124.63,11.99],[124.88,11.83],[124.92,11.64],[124.85,11.49],[124.88,11.43],[124.99,11.36],[125.07,11.24]]],[[[121.88,10.63],[121.87,10.47],[122.3,10.65],[122.71,10.94],[122.79,11.03],[122.9,11.15],[122.93,11.33],[122.92,11.53],[122.64,11.44],[122.47,11.45],[122.21,11.58],[121.99,11.76],[121.97,11.23],[121.88,10.63]]],[[[118.7,10.04],[118.86,10.02],[119.03,10.13],[119.22,10.29],[119.52,10.45],[119.56,10.5],[119.47,10.76],[119.34,11],[119.42,11.13],[119.35,11.21],[119.21,11.13],[119.15,10.9],[119.11,10.63],[118.99,10.39],[118.85,10.21],[118.76,10.17],[118.7,10.04]]],[[[122.77,9.21],[122.94,9.05],[123.04,9.07],[123.13,9.25],[123.04,9.46],[122.96,9.59],[123.1,10.23],[123.14,10.33],[123.31,10.74],[123.29,10.87],[123.24,10.92],[123.12,10.93],[122.92,10.85],[122.7,10.03],[122.6,9.91],[122.35,9.82],[122.3,9.65],[122.4,9.48],[122.77,9.21]]],[[[117.13,8.47],[117.27,8.45],[117.44,8.64],[117.71,8.71],[117.86,8.83],[117.97,9.11],[118.04,9.17],[118.28,9.27],[118.38,9.35],[118.5,9.48],[118.56,9.67],[118.51,9.92],[118.09,9.43],[117.8,9.21],[117.54,9.05],[117.38,8.9],[117.22,8.69],[117.13,8.47]]],[[[125.95,6.65],[126.05,6.61],[126.19,6.89],[126.32,7.15],[126.37,7.34],[126.37,7.54],[126.28,7.73],[126.25,8.04],[126.31,8.24],[126.27,8.43],[126.03,8.38],[125.92,8.48],[126.07,8.81],[126.04,8.96],[125.93,9.17],[125.61,9.54],[125.43,9.78],[125.36,9.62],[125.44,9.37],[125.46,9.05],[125.4,8.95],[125.22,9],[125.13,8.93],[124.99,8.72],[124.87,8.92],[124.74,8.92],[124.67,8.43],[124.59,8.47],[124.37,8.56],[124.21,8.45],[124.12,8.19],[124.02,8.11],[123.81,8.08],[123.66,8.01],[123.62,8.34],[123.49,8.5],[123.14,8.45],[122.89,8.34],[122.8,8.27],[122.74,8.06],[122.64,8],[122.38,7.99],[122.21,7.9],[122.09,7.78],[122.01,7.53],[121.85,7.2],[121.82,7.06],[121.84,6.97],[121.89,6.91],[121.99,6.87],[122.23,7.26],[122.46,7.69],[122.64,7.78],[122.71,7.67],[122.73,7.45],[123.02,7.48],[123.25,7.59],[123.31,7.7],[123.33,7.77],[123.46,7.79],[123.82,7.66],[124.02,7.47],[124.07,7.26],[123.86,6.85],[123.88,6.57],[123.97,6.34],[124.22,6.09],[124.73,5.81],[124.8,5.79],[124.97,6.08],[125.13,6.05],[125.16,5.91],[125.07,5.72],[125.15,5.6],[125.29,5.49],[125.46,5.72],[125.53,5.94],[125.47,6.24],[125.39,6.42],[125.28,6.59],[125.44,6.96],[125.61,7.24],[125.75,7.19],[125.91,6.85],[125.95,6.65]]]]},"properties":{"NAME":"Austronesians","SUBJECTO":"Austronesians","BORDERPRECISION":1}},
{"type":"Feature","geometry":{"type":"MultiPolygon","coordinates":[[[[137.89,37.02],[137.57,36.89],[137.46,36.85],[137.28,36.69],[137.18,36.64],[137.05,36.67],[136.98,36.83],[137.01,37.04],[137.12,37.15],[137.33,37.27],[137.31,37.43],[136.81,37.31],[136.72,37.27],[136.64,37.17],[136.67,36.67],[136.5,36.46],[136.19,36.2],[135.98,35.97],[135.93,35.76],[135.93,35.6],[135.73,35.45],[135.43,35.36],[135.36,35.32],[135.19,35.44],[135.16,35.65],[134.76,35.53],[134.22,35.45],[133.8,35.43],[133.23,35.31],[133.01,35.25],[132.98,35.44],[132.79,35.39],[132.66,35.38],[131.67,34.5],[131.33,34.29],[131.11,34.24],[130.89,34.25],[130.81,34.12],[130.78,33.97],[130.9,33.9],[131.39,33.94],[131.65,33.91],[131.99,33.8],[132,34.09],[132.18,34.29],[132.39,34.27],[132.48,34.13],[132.85,34.26],[133.59,34.44],[133.7,34.43],[133.83,34.39],[134.02,34.47],[134.21,34.57],[134.43,34.63],[134.78,34.55],[134.94,34.54],[135.21,34.62],[135.29,34.6],[135.32,34.47],[135.24,34.35],[135.01,34.2],[134.97,34.13],[135.06,33.77],[135.06,33.69],[135.19,33.6],[135.45,33.51],[135.76,33.34],[135.99,33.72],[136.2,34],[136.39,34.11],[136.77,34.17],[136.9,34.26],[136.71,34.4],[136.52,34.49],[136.51,34.52],[136.59,34.68],[136.62,34.76],[136.73,34.87],[137.04,34.73],[137.25,34.48],[137.53,34.53],[137.76,34.55],[138.15,34.53],[138.3,34.76],[138.45,34.9],[138.59,34.97],[138.68,34.99],[138.75,34.92],[138.75,34.65],[138.78,34.58],[138.86,34.57],[139.02,34.69],[139.05,35.02],[139.21,35.17],[139.42,35.17],[139.54,35.29],[137.89,37.02]]],[[[132.47,32.76],[132.57,32.64],[132.7,32.55],[132.9,32.67],[132.97,32.77],[133.04,32.99],[133.15,33.22],[133.24,33.3],[133.52,33.39],[133.73,33.38],[133.92,33.24],[134,33.15],[134.39,33.54],[134.52,33.65],[134.56,33.84],[134.61,33.9],[134.54,34.01],[134.15,34.11],[134.01,34.19],[133.81,34.18],[133.6,34.04],[133.46,33.88],[133.25,33.8],[132.97,33.79],[132.78,33.91],[132.58,33.64],[132.45,33.52],[132.12,33.35],[132.34,33.11],[132.42,32.93],[132.47,32.76]]],[[[130.58,30.91],[130.74,30.89],[130.96,31.19],[131.05,31.28],[131.12,31.31],[131.21,31.35],[131.32,31.51],[131.37,31.8],[131.41,32.08],[131.45,32.25],[131.56,32.43],[131.83,32.69],[131.8,32.81],[131.6,33],[131.41,33.11],[131.67,33.31],[131.57,33.49],[131.29,33.39],[131.09,33.43],[130.97,33.5],[130.86,33.68],[130.64,33.7],[130.43,33.67],[130.32,33.55],[130.18,33.34],[129.86,33.26],[129.53,33.3],[129.34,33.15],[129.46,32.99],[129.63,32.87],[129.73,32.64],[129.85,32.59],[130.03,32.81],[130.11,32.93],[130.26,32.91],[130.5,32.56],[130.48,32.35],[130.44,32.28],[130.13,32.02],[130.06,31.97],[130.22,31.56],[130.21,31.43],[130.06,31.22],[130.09,31.12],[130.23,31.03],[130.4,31.23],[130.47,31.44],[130.58,31.53],[130.73,31.48],[130.67,31.21],[130.55,30.97],[130.58,30.91]]]]},"properties":{"NAME":"Jōmon","SUBJECTO":"Jōmon","BORDERPRECISION":1}},
{"type":"Feature","geometry":{"type":"Polygon","coordinates":[[[-78.26,-9.74],[-77.99,-10.23],[-77.76,-10.66],[-77.69,-10.84],[-77.68,-11.01],[-77.71,-11.26],[-77.67,-11.29],[-77.46,-11.39],[-77.34,-11.51],[-76.72,-12.73],[-76.71,-12.76],[-76.65,-12.84],[-76.36,-13.23],[-76.24,-13.5],[-76.24,-13.91],[-76.24,-14.11],[-76.05,-14.41],[-75.79,-14.73],[-75.23,-15.22],[-74.62,-15.67],[-74.05,-16.04],[-73.67,-16.2],[-73.28,-16.37],[-73.12,-16.46],[-72.22,-15.43],[-72,-14.31],[-72.17,-12.95],[-73.36,-10.93],[-74.62,-9.98],[-76.39,-9.71],[-78.26,-9.74]]]},"properties":{"NAME":"Norte Chico","SUBJECTO":"Norte Chico","BORDERPRECISION":1}},
{"type":"Feature","geometry":{"type":"Polygon","coordinates":[[[43.29,35.67],[42.94,36.49],[42.01,37.68],[41.98,37.68],[40.47,37.85],[38.91,37.57],[38.09,37.43],[36.08,36.62],[36.1,36.56],[36.1,36.48],[35.82,36.3],[35.81,36.3],[35.71,36.21],[35.66,36.13],[35.72,36.09],[35.83,35.88],[35.86,35.83],[35.74,35.69],[35.69,35.69],[35.73,35.59],[35.68,35.53],[35.66,35.46],[35.61,35.42],[35.8,35.27],[35.84,35.04],[35.81,35.01],[35.75,34.75],[35.85,34.49],[35.87,34.42],[35.82,34.34],[35.72,34.31],[36.61,34.04],[37.24,33.85],[39.2,33.59],[40.96,33.43],[40.81,34.19],[41.15,35.13],[42.77,35.72],[43.29,35.67]]]},"properties":{"NAME":"city-states","SUBJECTO":"city-states","BORDERPRECISION":1}},
{"type":"Feature","geometry":{"type":"Polygon","coordinates":[[[40.96,33.43],[41.06,32.89],[41.95,32.21],[47.61,29.27],[47.84,29.5],[48,29.49],[47.94,29.8],[47.91,29.89],[47.96,29.95],[48.03,29.97],[48.21,29.95],[48.51,29.99],[48.55,29.99],[48.71,30],[48.8,30.08],[48.95,30.39],[49.02,30.43],[49.22,30.48],[49.24,30.22],[49.32,30.1],[49.45,30.08],[49.51,30.02],[49.72,30],[50.13,30.07],[49.5,31.64],[49.31,31.82],[46.6,34.36],[45.62,35.16],[45.24,35.47],[43.29,35.67],[42.77,35.72],[41.15,35.13],[40.81,34.19],[40.96,33.43]]]},"properties":{"NAME":"Ur","SUBJECTO":"Ur","BORDERPRECISION":1}},
{"type":"Feature","geometry":{"type":"Polygon","coordinates":[[[50.13,30.07],[50.36,29.74],[50.7,29.4],[50.7,29.13],[50.8,29.01],[51.08,28.51],[51.35,28.04],[51.61,27.83],[51.7,27.81],[51.96,27.78],[52.41,27.58],[52.63,27.31],[52.78,27.19],[52.89,27.05],[53.38,26.91],[53.63,26.75],[54.06,26.7],[54.65,26.39],[54.76,26.41],[54.93,26.54],[55.1,26.74],[55.34,26.8],[55.42,26.96],[55.66,27],[55.81,27.01],[55.9,27.1],[56.07,27.11],[56.43,27.11],[56.67,27.05],[56.68,26.97],[56.79,26.97],[56.93,26.75],[56.93,26.46],[57.07,26.31],[57.11,26.08],[57.25,26.02],[57.25,25.79],[57.33,25.79],[57.46,25.7],[57.81,25.65],[57.9,25.54],[58.11,25.55],[58.37,25.55],[58.35,27.46],[58.18,28.06],[57.84,29],[56.56,29.68],[54.01,30.36],[49.31,31.82],[49.5,31.64],[50.13,30.07]]]},"properties":{"NAME":"Elam","SUBJECTO":"Elam","BORDERPRECISION":1}},
{"type":"Feature","geometry":{"type":"Polygon","coordinates":[[[35.72,34.31],[35.53,34.12],[35.52,33.97],[35.49,33.83],[35.43,33.74],[35.35,33.74],[35.36,33.64],[35.21,33.33],[35.13,33.23],[35.09,33.07],[34.97,32.94],[34.96,32.8],[34.96,32.7],[34.89,32.66],[34.84,32.67],[34.76,32.3],[34.68,32.05],[34.6,31.82],[34.5,31.62],[34.2,31.24],[34.15,31.21],[34.03,31.14],[34.24,30.7],[34.68,29.94],[35.66,30],[36.59,30.73],[36.77,33.05],[36.61,34.04],[35.72,34.31]]]},"properties":{"NAME":"Canaan","SUBJECTO":"Canaan","BORDERPRECISION":1}},
{"type":"Feature","geometry":{"type":"Polygon","coordinates":[[[13.48,-8.49],[13.48,-8.63],[13.43,-8.82],[13.36,-8.89],[13.15,-9.06],[13.08,-9.29],[13.2,-9.64],[13.42,-9.99],[13.64,-10.3],[13.73,-10.54],[13.82,-10.98],[13.84,-11.36],[13.81,-11.66],[13.65,-12.2],[13.46,-12.5],[13.34,-12.65],[13.05,-12.75],[12.93,-12.91],[12.85,-13.16],[12.59,-13.46],[12.44,-13.88],[12.33,-14.32],[12.3,-14.56],[12.25,-14.95],[12.18,-15.28],[12.06,-15.59],[11.96,-15.71],[11.78,-15.87],[11.8,-16.16],[11.8,-16.52],[11.78,-17.34],[11.77,-17.6],[11.79,-17.84],[11.85,-18.02],[12.08,-18.49],[12.52,-19.06],[12.93,-19.74],[13.31,-20.47],[13.8,-21.44],[13.96,-21.69],[14.42,-22.27],[14.53,-22.5],[14.58,-22.73],[14.57,-22.76],[14.52,-22.94],[14.4,-23.07],[14.41,-23.25],[14.44,-23.41],[14.67,-24.42],[14.91,-25.02],[14.91,-25.23],[14.84,-25.62],[14.95,-26.01],[15.15,-26.33],[15.13,-26.49],[15.08,-26.61],[15.14,-26.83],[15.29,-27.15],[15.45,-27.62],[15.66,-27.89],[16.13,-28.34],[16.33,-28.56],[16.53,-28.77],[16.79,-29.14],[17.08,-29.8],[17.35,-30.42],[17.43,-30.57],[17.57,-30.83],[17.9,-31.29],[18.18,-31.81],[18.26,-32.04],[18.34,-32.34],[18.31,-32.71],[18.23,-32.9],[17.95,-32.92],[17.87,-32.99],[17.93,-33.1],[18.07,-33.22],[18.46,-33.83],[18.41,-34.02],[18.29,-34.25],[18.35,-34.35],[18.49,-34.4],[18.5,-34.31],[18.57,-34.19],[18.72,-34.22],[18.84,-34.44],[18.97,-34.4],[19.18,-34.42],[19.28,-34.5],[19.32,-34.73],[19.88,-34.99],[20.26,-34.62],[20.51,-34.53],[20.85,-34.5],[21.15,-34.54],[21.35,-34.54],[21.67,-34.51],[22,-34.26],[22.26,-34.17],[22.55,-34.15],[22.59,-34.13],[22.68,-34.1],[22.97,-34.2],[23.19,-34.24],[23.36,-34.12],[23.5,-34.07],[23.74,-34.08],[24.08,-34.15],[24.43,-34.33],[24.59,-34.36],[24.69,-34.31],[24.82,-34.17],[24.93,-34.08],[25.06,-34.07],[25.31,-34.13],[25.52,-34.17],[25.57,-34.14],[25.56,-34.08],[25.62,-33.92],[25.87,-33.89],[26.31,-33.89],[26.66,-33.85],[26.96,-33.71],[27.41,-33.43],[27.66,-33.25],[28.28,-32.76],[28.92,-32.3],[29.09,-32.13],[29.3,-31.91],[29.83,-31.43],[30.29,-30.92],[30.39,-30.81],[30.49,-30.69],[30.67,-30.44],[31.3,-29.55],[31.33,-29.51],[31.56,-29.21],[31.98,-28.95],[32.23,-28.74],[32.35,-28.59],[32.39,-28.38],[32.3,-28.13],[32.35,-28.03],[32.53,-27.98],[32.61,-27.9],[32.77,-27.52],[32.85,-26.98],[32.89,-26.72],[32.92,-26.52],[32.9,-26.37],[32.63,-26.22],[32.5,-26.07],[32.65,-25.84],[32.94,-25.54],[33.35,-25.3],[33.66,-25.2],[34.02,-25.06],[34.58,-24.88],[34.88,-24.72],[35.2,-24.48],[35.43,-24.23],[35.5,-24.09],[35.51,-23.94],[35.44,-23.91],[35.3,-23.83],[35.43,-23.46],[35.53,-22.46],[35.51,-22.18],[35.45,-22.22],[35.37,-22.28],[35.26,-22.27],[35.23,-22.2],[35.2,-21.95],[34.99,-21.27],[35.03,-21.19],[35.11,-20.98],[35.02,-20.81],[34.7,-20.57],[34.67,-20.52],[34.71,-20.29],[34.73,-19.86],[34.85,-19.8],[35.38,-19.43],[35.91,-19.03],[36.31,-18.65],[36.89,-18],[37.28,-17.71],[37.86,-17.45],[38.19,-17.35],[38.86,-17.06],[39.47,-16.72],[39.8,-16.42],[40.03,-16.14],[40.39,-15.74],[40.57,-15.48],[40.61,-15.35],[40.53,-15.18],[40.78,-14.92],[40.86,-14.7],[40.85,-14.58],[40.7,-14.54],[40.62,-14.48],[40.6,-14.4],[40.6,-14.03],[40.6,-13.53],[40.53,-13.31],[40.37,-12.99],[40.48,-12.84],[40.53,-12.58],[40.45,-12.08],[40.45,-11.87],[40.39,-11.55],[40.31,-11.34],[40.4,-11.23],[40.54,-11.03],[40.62,-10.77],[40.52,-10.55],[40.47,-10.48],[40.39,-10.37],[40.21,-10.25],[39.84,-10.01],[39.66,-9.8],[39.58,-9.54],[39.39,-8.74],[39.4,-8.31],[39.48,-8],[39.44,-7.92],[13.48,-8.49]]]},"properties":{"NAME":"Khoisan","SUBJECTO":"Khoisan","BORDERPRECISION":1}},
{"type":"Feature","geometry":{"type":"Polygon","coordinates":[[[32.65,29.85],[33.56,30.97],[33.25,31.03],[33.13,31.05],[33.02,31.13],[32.77,30.95],[32.6,30.96],[32.31,31.08],[32.08,31.01],[31.81,31.18],[31.72,31.39],[31.39,31.44],[31.15,31.44],[31,31.47],[30.83,31.44],[30.48,31.32],[30.1,31.23],[29.68,31.05],[29.36,30.81],[29.86,29.65],[30.05,28],[30.75,26.72],[30.94,25.96],[31.11,25],[30.68,23.61],[30.43,22.78],[30,21.08],[30.17,19.98],[30.17,19.97],[30.6,19.8],[31.06,19.92],[31.28,19.97],[33.35,23.35],[33.74,24.5],[33.42,26.28],[32.32,29.54],[32.44,29.78],[32.65,29.85]]]},"properties":{"NAME":"Egypt","SUBJECTO":"Egypt","BORDERPRECISION":1}},
{"type":"Feature","geometry":{"type":"Polygon","coordinates":[[[72.7,22.13],[73.23,23.72],[72.53,24.42],[70.07,25.47],[69.72,26.99],[70.31,28.05],[72.3,28.98],[78.84,28.63],[79.19,30.03],[78.84,30.74],[73.7,32.14],[70.78,32.02],[69.02,31.09],[67.62,28.98],[64.81,28.51],[63.29,26.88],[63.02,25.16],[63.4,25.16],[63.65,25.34],[64.06,25.4],[64.12,25.31],[64.24,25.21],[64.42,25.17],[64.85,25.21],[65.22,25.27],[65.77,25.31],[66.3,25.49],[66.43,25.49],[66.62,25.32],[66.7,25.11],[66.65,24.9],[66.65,24.78],[66.7,24.75],[67,24.71],[67.15,24.65],[67.2,24.59],[67.32,24.09],[67.49,23.93],[67.69,23.81],[68.05,23.76],[68.07,23.68],[68.37,23.33],[68.79,23.03],[68.88,23],[69.11,22.9],[69.39,22.84],[69.66,22.79],[70.05,22.78],[70.31,22.83],[70.38,22.86],[70.41,22.75],[70.18,22.48],[69.97,22.35],[69.77,22.29],[69.49,22.25],[69.01,22.3],[68.89,22.29],[69.13,21.97],[69.75,21.4],[70.21,20.95],[70.47,20.78],[70.86,20.65],[71.02,20.66],[71.3,20.77],[71.53,20.82],[71.89,20.99],[72.12,21.16],[72.26,21.35],[72.29,21.55],[72.26,21.63],[72.13,21.75],[72.13,21.83],[72.23,22.02],[72.32,22.12],[72.7,22.13]]]},"properties":{"NAME":"Indus valley civilization","SUBJECTO":"Indus valley civilization","BORDERPRECISION":1}},
{"type":"Feature","geometry":{"type":"Polygon","coordinates":[[[43.29,35.67],[45.24,35.47],[45.62,35.16],[45.93,35.34],[46.54,35.85],[46.2,36.39],[45.6,36.67],[44.27,37.85],[43.24,38.29],[42.91,38.3],[42.82,38.42],[42.6,38.42],[42.24,38.45],[41.98,37.68],[42.01,37.68],[42.94,36.49],[43.29,35.67]]]},"properties":{"NAME":"Hurrian Kingdoms","SUBJECTO":"Hurrian Kingdoms","BORDERPRECISION":1}},
{"type":"Feature","geometry":{"type":"Polygon","coordinates":[[[-78.61,2.12],[-78.49,1.92],[-78.58,1.77],[-78.78,1.82],[-79.01,1.77],[-79.06,1.68],[-78.98,1.55],[-78.93,1.41],[-78.94,1.38],[-78.98,1.3],[-79.2,1.12],[-79.38,1.02],[-79.78,0.86],[-80.09,0.82],[-80.13,0.72],[-80.1,0.63],[-80.05,0.43],[-80.11,0.05],[-80.18,-0.02],[-80.4,-0.22],[-80.48,-0.38],[-80.48,-0.49],[-80.34,-0.66],[-80.66,-0.87],[-80.88,-0.96],[-80.97,-1.03],[-80.8,-1.33],[-80.75,-1.45],[-80.81,-1.66],[-80.82,-1.86],[-80.74,-2.12],[-80.79,-2.23],[-80.96,-2.35],[-80.78,-2.54],[-80.51,-2.68],[-80.36,-2.73],[-80.03,-2.45],[-79.81,-2.17],[-79.84,-2.35],[-79.74,-2.68],[-79.76,-2.79],[-77.17,-1.28],[-77.12,-0.48],[-75.9,0.85],[-78.61,2.12]]]},"properties":{"NAME":"Valdivia","SUBJECTO":"Valdivia","BORDERPRECISION":1}},
{"type":"Feature","geometry":{"type":"Polygon","coordinates":[[[30.17,19.98],[29.95,19.34],[29.89,18.36],[30.53,17.6],[31.4,17.45],[32.05,17.76],[32.52,18.28],[32.99,18.66],[33.37,18.03],[33.45,17.81],[34.52,17.99],[34.29,18.56],[33.96,19.24],[33.86,19.85],[33.42,20.13],[32.64,19.9],[32.16,19.5],[31.74,19.12],[31.36,18.62],[30.99,18.59],[30.99,19.37],[31.06,19.92],[30.6,19.8],[30.17,19.97],[30.17,19.98]]]},"properties":{"NAME":"Kerma","SUBJECTO":"Kerma","BORDERPRECISION":1}},
{"type":"Feature","geometry":{"type":"Polygon","coordinates":[[[36.61,34.04],[36.77,33.05],[36.59,30.73],[35.66,30],[34.68,29.94],[34.24,30.7],[34.03,31.14],[33.92,31.07],[33.71,31],[33.56,30.97],[32.65,29.85],[32.74,29.69],[32.81,29.48],[32.94,29.2],[33.18,29],[33.33,28.55],[33.5,28.33],[33.86,28.02],[34.06,27.79],[34.24,27.76],[34.32,27.83],[34.4,28.1],[34.55,28.73],[34.76,29.25],[34.94,29.42],[34.95,29.44],[34.98,29.47],[35.07,29.42],[35.1,29.34],[35.07,29.21],[35.03,28.95],[34.89,28.36],[34.8,28.23],[34.76,28.1],[34.88,28.1],[35.11,28.07],[35.44,27.73],[35.59,27.51],[35.83,27.1],[36.31,26.42],[36.33,26.4],[36.67,26.02],[37.01,25.53],[37.22,25.17],[37.27,24.97],[37.2,24.66],[37.42,24.4],[37.56,24.27],[37.78,24.21],[37.99,24.11],[38.33,23.83],[38.49,23.61],[38.92,22.87],[39.06,22.57],[39.1,22.4],[39.1,22],[39.13,21.65],[39.17,21.22],[39.53,20.69],[39.76,20.41],[40.34,20.1],[40.69,19.87],[40.82,19.68],[41.03,19.28],[41.2,18.9],[41.4,18.44],[41.63,18.05],[42.01,17.74],[42.21,17.51],[42.54,17.07],[42.76,16.65],[42.81,16.4],[42.83,16.32],[42.88,15.98],[42.76,15.67],[42.8,15.47],[43.05,14.61],[43.21,14.08],[43.35,13.85],[43.38,13.57],[43.3,13.24],[43.34,13.13],[43.48,12.93],[43.56,12.86],[43.6,12.83],[43.84,12.66],[44.06,12.61],[44.44,12.64],[44.68,12.82],[44.79,12.81],[44.96,12.83],[45.19,12.93],[45.4,13.07],[45.52,13.21],[45.69,13.35],[45.83,13.41],[46.08,13.4],[46.6,13.4],[46.88,13.47],[46.94,13.49],[47.37,13.67],[47.66,13.85],[48.04,14.05],[48.27,14.08],[48.54,14.05],[48.76,14.1],[48.88,14.17],[48.96,14.22],[49.17,14.5],[49.33,14.63],[49.71,14.77],[50.29,14.96],[51.31,15.25],[51.6,15.38],[51.95,15.54],[52.14,15.69],[52.16,15.87],[52.24,16.1],[52.36,16.23],[52.65,16.49],[52.89,16.61],[53.02,16.65],[53.21,16.72],[53.34,16.76],[53.68,16.9],[54.08,17.02],[54.41,17.05],[54.76,16.95],[54.91,16.97],[55.19,17.15],[55.24,17.29],[55.23,17.45],[55.29,17.68],[55.39,17.81],[55.56,17.94],[55.71,17.95],[55.88,17.93],[56.01,17.93],[56.26,17.98],[56.46,18.09],[56.55,18.22],[56.61,18.47],[56.74,18.69],[56.9,18.82],[57.19,18.94],[57.66,18.97],[57.84,19.03],[57.78,19.31],[57.78,19.67],[57.81,20.17],[57.93,20.4],[58.04,20.43],[58.15,20.4],[58.4,20.36],[58.51,20.42],[58.77,20.94],[58.86,21.11],[59.26,21.48],[59.54,21.8],[59.84,22.28],[59.83,22.37],[59.46,22.54],[59.25,22.73],[59.02,23.02],[58.63,23.46],[58.46,23.51],[58.21,23.5],[58.08,23.5],[57.9,23.57],[57.45,23.81],[57.4,23.84],[57.36,23.86],[57.15,23.98],[56.79,24.27],[56.61,24.48],[56.41,24.82],[56.41,24.92],[56.41,25.08],[56.41,25.31],[56.37,25.45],[56.28,25.46],[56.16,25.47],[56.21,25.54],[56.41,25.86],[56.37,26.24],[56.3,26.16],[56.16,25.97],[56.02,25.77],[55.63,25.45],[55.53,25.37],[55.46,25.42],[55.09,25.02],[54.77,24.73],[54.71,24.6],[54.59,24.38],[54.49,24.34],[54.35,24.15],[54.28,24.11],[54.11,24.1],[54.01,24.18],[54.02,24.05],[53.69,23.99],[53.08,24.09],[53.04,24.04],[52.94,24.02],[52.67,24.07],[52.48,24.06],[52.38,24.11],[52.3,24.08],[52.25,23.99],[51.95,23.95],[51.76,24],[51.59,24],[51.61,24.2],[51.52,24.16],[51.45,24.22],[51.29,24.28],[51.29,24.41],[51.41,24.61],[51.56,24.82],[51.61,24.99],[51.55,25.1],[51.54,25.42],[51.59,25.61],[51.53,25.76],[51.51,25.85],[51.39,25.89],[51.36,26.03],[51.22,26.07],[51.07,25.95],[50.99,25.67],[51.02,25.59],[50.93,25.54],[50.85,25.27],[50.9,24.91],[50.96,24.71],[50.97,24.44],[50.91,24.43],[50.78,24.47],[50.71,24.56],[50.61,24.68],[50.62,24.87],[50.43,25.18],[50.38,25.46],[50.21,25.59],[50.15,25.54],[50.01,25.84],[49.94,25.96],[49.99,26.04],[50.08,26.31],[49.93,26.48],[49.98,26.6],[50.09,26.61],[50.12,26.74],[49.93,26.93],[49.53,27.01],[49.43,27.13],[49.32,27.16],[49.24,27.29],[49.15,27.37],[49.24,27.48],[49.13,27.54],[48.86,27.52],[48.83,27.57],[48.75,27.87],[48.59,28.09],[48.46,28.39],[48.44,28.44],[48.13,29.27],[47.99,29.28],[47.8,29.18],[47.61,29.27],[41.95,32.21],[41.06,32.89],[40.96,33.43],[39.2,33.59],[37.24,33.85],[36.61,34.04]]]},"properties":{"NAME":"Semites","SUBJECTO":"Semites","BORDERPRECISION":1}},
{"type":"Feature","geometry":{"type":"MultiPolygon","coordinates":[[[[-5.57,56.04],[-5.63,55.94],[-5.57,55.75],[-5.33,55.88],[-5.13,55.89],[-4.85,56.1],[-4.71,56.13],[-4.62,55.91],[-4.76,55.82],[-4.9,55.77],[-4.91,55.66],[-4.77,55.49],[-4.64,55.43],[-4.91,55.11],[-5.07,54.95],[-5.11,54.79],[-4.9,54.73],[-4.6,54.69],[-4.5,54.78],[-4.46,54.86],[-4.12,54.76],[-3.91,54.79],[-3.58,54.92],[-3.31,54.88],[-3.15,54.84],[-3.43,54.64],[-3.57,54.42],[-3.48,54.27],[-3.26,54.14],[-2.89,54.17],[-2.87,54.03],[-2.98,53.82],[-3.06,53.51],[-2.91,53.27],[-3.33,53.23],[-3.96,53.21],[-4.32,53.09],[-4.49,52.99],[-4.62,52.83],[-4.47,52.81],[-4.15,52.83],[-4.09,52.75],[-4.12,52.37],[-4.29,52.2],[-4.62,52.09],[-5.06,52.01],[-5.25,51.86],[-5.18,51.79],[-5,51.7],[-4.16,51.68],[-3.5,51.46],[-3.17,51.47],[-2.75,51.64],[-2.89,51.39],[-3.03,51.33],[-3.07,51.18],[-3.22,51.18],[-2.98,50.71],[-2.96,50.72],[-2.55,50.57],[-2.43,50.65],[-2.02,50.57],[-2.09,50.7],[-1.37,50.77],[-1.1,50.82],[-0.84,50.72],[-0.34,50.82],[-0.2,50.8],[0.19,50.73],[0.67,50.93],[0.89,50.89],[0.89,50.98],[1.33,51.12],[1.36,51.35],[1.19,51.41],[1.03,51.36],[0.8,51.38],[0.25,51.45],[0.69,51.56],[1.03,51.81],[1.51,52.03],[1.66,52.21],[1.69,52.31],[1.59,52.65],[1.38,52.81],[1.01,52.89],[0.74,52.9],[0.5,52.85],[0.33,52.71],[0.01,52.79],[0.25,53.04],[0.27,53.13],[0.17,53.29],[0.08,53.39],[-0.2,53.52],[-0.32,53.58],[-0.23,53.8],[-0.3,54.03],[-0.6,54.3],[-0.87,54.55],[-1.19,54.6],[-1.39,54.68],[-1.56,54.92],[-1.7,55.27],[-1.67,55.38],[-1.72,55.45],[-1.94,55.56],[-2.25,55.81],[-2.54,55.88],[-2.74,55.96],[-2.93,55.95],[-3.16,55.85],[-3.36,55.84],[-3.58,55.88],[-3.71,55.88],[-3.89,55.99],[-3.29,55.97],[-3.17,56.06],[-2.9,56.09],[-2.77,56.17],[-2.72,56.18],[-2.95,56.25],[-3.15,56.34],[-2.98,56.35],[-2.67,56.47],[-2.51,56.67],[-2.41,56.72],[-2.16,57.01],[-2.2,57.06],[-2.11,57.21],[-1.94,57.4],[-2.15,57.57],[-2.85,57.54],[-3.09,57.58],[-3.4,57.58],[-3.8,57.54],[-3.93,57.55],[-5.57,56.04]]],[[[15.12,36.87],[14.33,37.27],[12.93,37.81],[13.4,38.17],[13.32,38.22],[13.07,38.07],[12.78,38.12],[12.66,38.07],[12.52,37.92],[12.45,37.77],[12.53,37.64],[12.64,37.58],[13.01,37.52],[13.61,37.27],[13.87,37.16],[14.22,37.05],[14.62,36.78],[14.94,36.74],[15.03,36.75],[15.12,36.87]]],[[[-8.83,38.27],[-8.34,38.5],[-8.38,39.05],[-9.14,39.62],[-9.3,39.42],[-9.42,39.37],[-9.4,39.23],[-9.46,38.95],[-9.55,38.77],[-9.52,38.69],[-9.36,38.67],[-9.18,38.73],[-9.04,38.92],[-8.96,38.82],[-8.94,38.74],[-9.07,38.64],[-9.29,38.62],[-9.24,38.42],[-9.02,38.46],[-8.85,38.5],[-8.79,38.44],[-8.85,38.38],[-8.83,38.27]]],[[[-1.09,46.04],[-0.72,46.01],[-1.02,46.59],[-1.5,46.76],[-1.57,47.14],[-2.18,47.61],[-2.91,47.97],[-3.73,48.12],[-3.81,48.37],[-3.21,48.57],[-2.82,48.61],[-2.91,48.71],[-3.09,48.87],[-3.44,48.84],[-3.56,48.81],[-3.61,48.69],[-3.82,48.72],[-3.9,48.65],[-4,48.73],[-4.25,48.65],[-4.49,48.61],[-4.63,48.55],[-4.76,48.55],[-4.78,48.35],[-4.59,48.39],[-4.47,48.38],[-4.35,48.39],[-4.39,48.3],[-4.59,48.25],[-4.35,48.2],[-4.31,48.1],[-4.7,48.06],[-4.68,48.02],[-4.51,48],[-4.39,47.94],[-4.36,47.83],[-3.95,47.9],[-3.86,47.79],[-3.71,47.8],[-3.43,47.72],[-3.06,47.6],[-2.84,47.49],[-2.61,47.57],[-2.47,47.49],[-2.58,47.32],[-2.49,47.25],[-2.26,47.18],[-2.11,47.12],[-2,47.04],[-2.13,46.85],[-1.94,46.71],[-1.71,46.45],[-1.4,46.4],[-1.26,46.31],[-1.17,46.18],[-1.09,46.04]]],[[[7.22,43.62],[6.53,43.78],[5.18,44.22],[4.68,44.77],[2.49,43.35],[2.08,42.14],[0.74,41.66],[0.77,40.91],[0.88,41.02],[1.31,41.16],[1.44,41.18],[1.61,41.21],[2.07,41.3],[2.08,41.3],[2.2,41.45],[2.63,41.62],[3.13,41.86],[3.16,42.08],[3.09,42.12],[3.09,42.33],[3.09,42.37],[3.07,42.45],[3.05,42.54],[3,42.77],[3.07,42.94],[3.32,43.2],[3.48,43.31],[3.81,43.47],[4.08,43.49],[4.42,43.35],[4.65,43.32],[4.75,43.35],[4.91,43.37],[5.05,43.33],[5.43,43.1],[5.65,43.03],[5.83,43.02],[6.19,43.09],[6.33,43.11],[6.52,43.15],[6.92,43.45],[7.22,43.62]]]]},"properties":{"NAME":"Beaker","SUBJECTO":"Beaker","BORDERPRECISION":1}},
{"type":"Feature","geometry":{"type":"MultiPolygon","coordinates":[[[[13.82,50.66],[13.3,50.49],[13.82,50.11],[14.85,49.91],[15.56,49.85],[15.53,50.02],[14.67,50.12],[14.1,50.35],[13.82,50.66]]],[[[15.93,48.32],[17.21,47.93],[17.91,48.53],[17.69,49.33],[17.65,49.85],[17.07,49.07],[16.54,48.65],[15.93,48.32]]],[[[10.87,53.23],[10.87,53.22],[10.78,52.49],[9.64,51.59],[11.44,51.07],[12.24,51.89],[11.13,52.39],[11.34,53.2],[10.87,53.23]]]]},"properties":{"NAME":"Únětice","SUBJECTO":"Únětice","BORDERPRECISION":1}},
{"type":"Feature","geometry":{"type":"Polygon","coordinates":[[[61.61,36.82],[62.96,36.38],[65.46,36.77],[69.41,38.27],[70.56,40.01],[68.91,40.99],[68.88,40.98],[67.99,41.18],[66.49,41.12],[64.85,40.89],[62.35,40.04],[61.18,39.09],[61.13,38.98],[62.58,38.28],[62.1,37.02],[61.61,36.82]]]},"properties":{"NAME":"Oxus","SUBJECTO":"Oxus","BORDERPRECISION":1}},
{"type":"Feature","geometry":{"type":"Polygon","coordinates":[[[61.13,38.98],[61.11,38.94],[60.06,39.08],[59.1,38.48],[58.42,37.76],[58.84,36.78],[60.39,36.34],[61.61,36.82],[62.1,37.02],[62.58,38.28],[61.13,38.98]]]},"properties":{"NAME":"Namazga","SUBJECTO":"Namazga","BORDERPRECISION":1}},
{"type":"Feature","geometry":{"type":"Polygon","coordinates":[[[24.69,34.94],[25.59,35.02],[25.74,35.01],[25.9,35.05],[26.16,35.02],[26.24,35.14],[26.24,35.23],[26.27,35.31],[26.17,35.25],[26.1,35.22],[26.06,35.24],[25.94,35.21],[25.79,35.14],[25.74,35.14],[25.67,35.19],[25.71,35.33],[25.67,35.35],[25.51,35.29],[25.37,35.32],[25.1,35.35],[25.01,35.36],[25,35.42],[24.77,35.43],[24.39,35.37],[24.23,35.39],[24.22,35.45],[24.18,35.47],[24.11,35.49],[24.07,35.5],[24.09,35.52],[24.14,35.52],[24.15,35.56],[24.08,35.61],[24.03,35.6],[24.04,35.56],[23.96,35.53],[23.88,35.55],[23.74,35.56],[23.73,35.63],[23.7,35.7],[23.67,35.67],[23.67,35.61],[23.67,35.57],[23.53,35.57],[23.47,35.32],[23.51,35.28],[23.57,35.25],[23.79,35.26],[24.01,35.21],[24.32,35.21],[24.69,35.09],[24.72,35.03],[24.69,34.94]]]},"properties":{"NAME":"Minoan","SUBJECTO":"Minoan","BORDERPRECISION":1}},
{"type":"Feature","geometry":{"type":"Polygon","coordinates":[[[110.22,36.7],[107.29,35.96],[106.13,34.18],[107.9,31.94],[112.81,33.03],[113.76,35.96],[110.22,36.7]]]},"properties":{"NAME":"Xia","SUBJECTO":"Xia","BORDERPRECISION":1}},
{"type":"Feature","geometry":{"type":"MultiPolygon","coordinates":[[[[139.54,35.29],[139.68,35.45],[139.91,35.55],[140,35.5],[139.92,35.26],[139.81,35.01],[139.93,34.88],[140.32,35.03],[140.39,35.41],[140.47,35.49],[140.56,35.54],[140.83,35.68],[140.64,35.84],[140.56,35.97],[140.55,36.29],[140.66,36.62],[140.96,36.96],[140.98,37.27],[140.92,37.62],[140.88,37.74],[140.87,37.92],[140.95,38.12],[141.02,38.21],[141.1,38.26],[141.43,38.39],[141.5,38.42],[141.47,38.59],[141.57,38.79],[141.89,39.13],[142,39.45],[142,39.67],[141.68,40.32],[141.57,40.46],[141.47,40.51],[141.44,40.79],[141.45,41.18],[141.44,41.27],[141.29,41.37],[141.09,41.44],[140.77,41.26],[140.94,41.11],[141.08,41.1],[141.15,40.87],[140.79,40.75],[140.66,40.72],[140.57,40.83],[140.47,40.99],[140.39,40.99],[140.24,40.84],[140.16,40.73],[139.92,40.57],[139.99,40.11],[139.91,39.99],[139.8,39.89],[139.86,39.78],[140.01,39.69],[140.03,39.48],[139.97,39.21],[139.9,39],[139.74,38.74],[139.75,38.68],[139.5,38.42],[139.48,38.33],[139.44,38.19],[139.35,38.07],[139.2,37.92],[138.86,37.74],[138.7,37.45],[138.49,37.3],[138.32,37.21],[137.89,37.02],[139.54,35.29]]],[[[140.01,41.38],[140.11,41.27],[140.27,41.32],[140.44,41.54],[140.59,41.68],[140.71,41.7],[140.84,41.64],[140.98,41.65],[141.16,41.75],[141.02,41.87],[140.77,42.01],[140.25,42.23],[140.22,42.36],[140.42,42.49],[140.54,42.54],[140.69,42.55],[140.86,42.39],[140.93,42.26],[141.4,42.52],[141.72,42.54],[141.93,42.5],[142.84,42.07],[143.03,41.96],[143.21,41.93],[143.33,42.2],[143.51,42.42],[143.85,42.77],[144,42.88],[144.17,42.94],[144.37,42.95],[144.59,42.86],[144.75,42.87],[144.99,42.94],[145.2,43.05],[145.45,43.17],[145.36,43.33],[145.15,43.6],[145.06,43.79],[145.21,44.04],[145.35,44.2],[145.35,44.24],[145.14,44.18],[144.75,43.88],[144.61,43.84],[144.49,43.86],[144.03,43.95],[143.79,44.03],[143.51,44.16],[143.02,44.46],[142.54,44.84],[142.13,45.21],[141.9,45.4],[141.88,45.44],[141.6,45.28],[141.52,45.18],[141.57,44.97],[141.75,44.63],[141.74,44.25],[141.71,43.91],[141.51,43.8],[141.3,43.72],[141.3,43.19],[141.06,43.1],[140.9,43.13],[140.6,43.33],[140.5,43.32],[140.37,43.19],[140.52,43.06],[140.5,42.9],[140.21,42.73],[139.97,42.65],[139.71,42.48],[139.78,42.11],[139.85,42.04],[140.1,41.95],[140.12,41.79],[139.98,41.5],[140.01,41.38]]]]},"properties":{"NAME":"Ainu","SUBJECTO":"Ainu","BORDERPRECISION":1}},
{"type":"Feature","geometry":{"type":"MultiPolygon","coordinates":[[[[25.74,36.39],[25.71,36.35],[25.77,36.34],[25.87,36.36],[25.79,36.4],[25.74,36.39]]],[[[25.33,36.46],[25.32,36.4],[25.39,36.32],[25.49,36.33],[25.49,36.42],[25.37,36.5],[25.33,36.46]]],[[[25.75,36.81],[25.75,36.78],[25.83,36.78],[25.96,36.84],[26.09,36.9],[26.02,36.96],[25.95,36.91],[25.86,36.84],[25.75,36.81]]],[[[24.3,36.75],[24.47,36.65],[24.68,36.76],[24.59,36.87],[24.43,36.8],[24.3,36.75]]],[[[24.82,36.64],[24.95,36.57],[24.98,36.64],[24.88,36.68],[24.82,36.66],[24.82,36.64]]],[[[25.04,36.66],[25.06,36.62],[25.1,36.64],[25.2,36.67],[25.17,36.74],[25.04,36.66]]],[[[25.24,36.75],[25.26,36.7],[25.39,36.64],[25.43,36.7],[25.3,36.81],[25.25,36.76],[25.24,36.75]]],[[[24.43,37.21],[24.44,37.1],[24.53,37.12],[24.43,37.21]]],[[[24.3,37.66],[24.26,37.54],[24.38,37.57],[24.4,37.67],[24.3,37.66]]],[[[24.4,37.47],[24.36,37.4],[24.36,37.31],[24.49,37.4],[24.4,37.47]]],[[[24.86,37.53],[24.85,37.37],[25.04,37.38],[24.95,37.51],[24.86,37.53]]],[[[24.66,37.9],[24.92,37.69],[25.32,37.4],[25.47,37.44],[25.27,37.56],[24.76,38],[24.66,37.9]]],[[[24.65,37.01],[24.68,36.9],[24.79,36.95],[24.72,37.05],[24.65,37.01]]],[[[25.15,37.17],[24.94,36.96],[25.11,36.94],[25.31,37],[25.31,37.2],[25.15,37.17]]],[[[25.38,37.12],[25.34,37.09],[25.36,37.01],[25.45,36.92],[25.55,36.96],[25.6,37.03],[25.61,37.12],[25.54,37.22],[25.38,37.12]]]]},"properties":{"NAME":"Cycladic","SUBJECTO":"Cycladic","BORDERPRECISION":1}},
{"type":"Feature","geometry":{"type":"Polygon","coordinates":[[[74.21,14.75],[74.38,14.46],[74.4,14.42],[74.42,14.38],[74.52,14.16],[74.7,13.75],[74.73,13.68],[74.78,13.53],[74.96,12.88],[75.21,12.1],[75.44,11.75],[75.59,11.52],[75.65,11.42],[75.73,11.25],[76.05,10.61],[76.08,10.55],[76.25,10.1],[76.29,9.98],[76.39,9.75],[76.47,9.41],[76.54,9.12],[76.66,8.88],[76.7,8.71],[77.34,8.05],[77.42,8.03],[77.48,8.03],[77.59,8.1],[77.62,8.12],[77.66,8.14],[77.73,8.18],[77.85,8.23],[77.9,8.26],[78.06,8.39],[78.14,8.5],[78.18,8.81],[78.31,9],[78.66,9.12],[78.8,9.13],[79.16,9.28],[78.94,9.44],[78.93,9.49],[79.07,9.76],[79.22,10.19],[79.31,10.26],[79.5,10.25],[79.79,10.25],[79.83,10.36],[79.73,11.15],[79.71,11.42],[79.71,11.44],[79.73,11.52],[79.77,11.73],[79.87,11.97],[79.92,12.11],[80.22,12.83],[80.31,13.1],[80.32,13.33],[80.2,13.49],[80.18,13.52],[80.08,13.67],[80.17,13.89],[80.16,14.25],[80.14,14.49],[74.21,14.75]]]},"properties":{"NAME":"Dravidians","SUBJECTO":"Dravidians","BORDERPRECISION":1}},
{"type":"Feature","geometry":{"type":"Polygon","coordinates":[[[56.73,52.6],[55.36,51.21],[59.98,49.39],[63.12,50.74],[62.93,52.63],[59.78,52.96],[56.73,52.6]]]},"properties":{"NAME":"Sintashta","SUBJECTO":"Sintashta","BORDERPRECISION":1}},
{"type":"Feature","geometry":{"type":"MultiPolygon","coordinates":[[[[-43.72,60],[-43.58,59.94],[-43.14,59.82],[-43.01,59.83],[-42.96,60.03],[-43.15,60.31],[-43.5,60.48],[-43.15,60.51],[-42.93,60.5],[-42.78,60.53],[-42.75,60.7],[-42.82,60.8],[-42.82,61.03],[-43.04,61.29],[-42.67,61.26],[-42.48,61.31],[-42.31,61.73],[-42.27,62.19],[-42.42,62.29],[-42.92,62.46],[-43.23,62.68],[-42.74,62.69],[-42.3,62.74],[-42.26,62.73],[-41.96,62.69],[-41.83,62.69],[-41.79,62.85],[-41.9,63.05],[-41.92,63.12],[-41.65,63.1],[-41.43,63.04],[-41.23,63.25],[-41.22,63.31],[-41.38,63.52],[-41.16,63.57],[-40.89,63.52],[-40.77,63.57],[-40.52,63.78],[-40.69,63.93],[-40.89,64.03],[-41.1,64.09],[-41.48,64.27],[-41.01,64.33],[-40.47,64.35],[-40.36,64.43],[-40.35,64.53],[-40.48,64.69],[-40.83,64.89],[-41.06,65.04],[-40.25,64.97],[-40.04,64.98],[-39.9,64.95],[-39.73,65],[-39.69,65.17],[-39.69,65.19],[-42.79,65.4],[-43.85,64.21],[-44.26,61.87],[-43.85,61.06],[-43.72,60]]],[[[-49.47,67.03],[-50.54,67.49],[-50.94,67.53],[-51.36,67.59],[-51.53,67.65],[-51.88,67.67],[-52.26,67.74],[-52.81,67.77],[-53.18,67.66],[-53.32,67.62],[-53.44,67.62],[-53.47,67.56],[-53.49,67.47],[-53.39,67.36],[-53.15,67.4],[-52.98,67.31],[-53.17,67.29],[-53.25,67.21],[-53.35,67.21],[-53.45,67.08],[-53.4,67],[-53.27,66.92],[-53.1,66.91],[-52.85,66.93],[-52.3,66.91],[-52.45,66.61],[-52.65,66.57],[-52.92,66.54],[-53.22,66.53],[-53.39,66.45],[-53.35,66.32],[-52.86,66.35],[-52.61,66.27],[-52.73,66.28],[-53.11,66.03],[-53.1,65.87],[-52.84,65.65],[-52.54,65.5],[-52.41,65.48],[-52.19,65.52],[-52.08,65.37],[-52.08,65.21],[-51.99,65.01],[-51.94,64.66],[-51.96,64.38],[-51.8,64.23],[-51.52,64.37],[-51.28,64.43],[-50.99,64.62],[-50.77,64.66],[-50.36,64.7],[-50.14,64.74],[-50.02,64.61],[-50.04,64.44],[-50.26,64.38],[-50.44,64.24],[-50.99,64.09],[-51.27,63.93],[-51.36,63.81],[-51.37,63.73],[-51.1,63.47],[-50.82,63.49],[-50.62,63.43],[-50.59,63.15],[-50.47,63.05],[-50.22,63.01],[-49.97,62.99],[-49.86,62.97],[-49.89,62.85],[-50.1,62.67],[-50.16,62.46],[-50.1,62.36],[-50.05,62.31],[-49.61,62.19],[-49.4,62.22],[-49.21,62.17],[-49.12,62.1],[-49.15,61.77],[-48.92,61.42],[-48.57,61.25],[-48.2,61.14],[-47.97,61.04],[-47.87,60.94],[-47.82,60.78],[-47.63,60.6],[-47.42,60.72],[-47.16,60.86],[-46.97,60.86],[-46.53,60.89],[-46.33,60.87],[-46.2,60.94],[-46.16,60.94],[-46.13,61.76],[-47.66,62.79],[-49.06,64.79],[-49.47,67.03]]],[[[-62.81,81.16],[-63.73,81.09],[-64.61,80.97],[-65.24,80.87],[-66.52,80.71],[-67.14,80.56],[-67.41,80.21],[-66.85,80.04],[-66.42,79.98],[-65.9,80.07],[-65.02,80.05],[-64.62,79.95],[-64.68,79.9],[-64.8,79.68],[-64.89,79.38],[-65.16,79.31],[-65.3,79.22],[-65.48,79.16],[-66.36,79.17],[-66.85,79.13],[-67.97,79.13],[-68.35,79.09],[-68.84,78.97],[-69.27,78.8],[-69.85,78.76],[-70.78,78.69],[-71.46,78.62],[-72.02,78.58],[-72.38,78.53],[-72.55,78.32],[-72.53,78.17],[-71.89,77.95],[-71.67,77.92],[-71.34,77.94],[-71.05,77.92],[-70.68,77.83],[-70.38,77.67],[-69.99,77.58],[-69.69,77.56],[-69.29,77.6],[-68.95,77.63],[-68.44,77.58],[-67.85,77.59],[-67.35,77.71],[-66.8,77.78],[-66.44,77.68],[-66.15,77.55],[-66.18,77.4],[-66.31,77.35],[-66.78,77.26],[-67.74,77.19],[-68.34,77.2],[-69.25,77.21],[-70.62,77.28],[-71.18,77.26],[-71.45,77.12],[-71.06,77.03],[-70.5,76.83],[-70.22,76.83],[-69.85,76.79],[-68.86,76.79],[-68.38,76.78],[-68.19,76.7],[-68.14,76.6],[-68.35,76.55],[-69.04,76.29],[-67.62,76.02],[-67.04,75.94],[-66.56,75.93],[-66.54,75.97],[-66.68,76.31],[-66.03,76.17],[-65.47,76.1],[-64.84,76.17],[-64.47,76.25],[-64,76.29],[-63.65,76.38],[-62.92,76.36],[-62.47,76.34],[-62.45,76.34],[-63.36,78.24],[-62.81,81.16]]],[[[-76.02,82.53],[-75.99,82.34],[-76.95,81.4],[-78.57,80.99],[-78.32,80.97],[-77.52,80.75],[-78.16,80.73],[-78.68,80.68],[-79.6,80.64],[-80.28,80.54],[-81.06,80.53],[-81.72,80.39],[-82.26,80.05],[-81.36,79.91],[-80.73,79.66],[-81.11,79.7],[-81.76,79.68],[-82.9,80.03],[-83.62,80.21],[-84.53,80.23],[-85.38,80.23],[-86.17,80.28],[-86.31,80.23],[-86.32,80.11],[-85.69,79.72],[-85.51,79.83],[-83.91,79.26],[-83.13,79.12],[-81.6,78.75],[-82.11,78.74],[-82.33,78.67],[-82.93,78.72],[-83.84,78.86],[-84.46,78.89],[-84.98,78.91],[-85.81,78.91],[-86.3,78.83],[-86.83,78.59],[-86.92,78.25],[-86.63,78.3],[-86.51,78.3],[-85.63,78.23],[-84.84,78.16],[-84.94,78.09],[-84.87,77.71],[-84.41,77.63],[-83.05,77.63],[-83.28,77.49],[-83.32,77.37],[-83.69,77.31],[-84.44,77.3],[-84.93,77.35],[-85.54,77.49],[-86.04,77.72],[-86.44,77.82],[-87.22,77.86],[-87.81,77.88],[-88.03,77.82],[-88.05,77.75],[-87.58,77.46],[-87.1,77.28],[-87.32,77.2],[-87.85,77.22],[-88.29,77.14],[-88.56,77.03],[-89.25,76.98],[-89.35,76.87],[-89.42,76.61],[-88.59,76.47],[-88.31,76.54],[-88.18,76.74],[-87.89,76.68],[-87.27,76.5],[-86.84,76.47],[-85.81,76.46],[-85.04,76.41],[-84.67,76.47],[-84.56,76.54],[-84.8,76.87],[-84.62,76.89],[-84.16,76.68],[-83.76,76.54],[-83.09,76.48],[-82.42,76.47],[-82.57,76.7],[-82.57,76.78],[-81.92,76.63],[-81.63,76.63],[-81.38,76.65],[-81.02,76.36],[-80.81,76.24],[-80.31,76.27],[-79.84,76.37],[-79.42,76.43],[-78.21,76.55],[-77.8,76.73],[-77.82,76.89],[-78.12,77.04],[-79.02,77.06],[-79.71,77.13],[-80.5,77.19],[-81.47,77.24],[-81.64,77.27],[-82.1,77.32],[-81.55,77.54],[-81.1,77.58],[-80.46,77.47],[-79.54,77.42],[-78.86,77.37],[-78.51,77.44],[-78.22,77.57],[-78.18,77.68],[-78.37,78.03],[-78.18,78.07],[-77.41,77.99],[-77.02,77.97],[-76.29,78.01],[-76.14,78.07],[-76.48,78.18],[-76.62,78.3],[-76.44,78.38],[-76.24,78.35],[-75.75,78.36],[-75.52,78.68],[-75.06,78.73],[-74.91,78.82],[-74.96,79.12],[-75.21,79.19],[-76.25,79.32],[-76.73,79.33],[-77.3,79.29],[-77.24,79.58],[-76.33,79.61],[-75.17,79.51],[-74.69,79.52],[-74.11,79.53],[-73.67,79.52],[-73.38,79.58],[-74.54,79.89],[-74.25,80.04],[-73.17,79.97],[-72.51,79.87],[-71.8,79.85],[-71.45,79.85],[-70.42,80.05],[-70.22,80.14],[-70.51,80.55],[-69.5,80.55],[-69.08,80.68],[-68.55,80.84],[-67.95,80.94],[-67.01,81.17],[-66.48,81.3],[-65.86,81.4],[-65.3,81.46],[-65.22,81.51],[-65.59,81.7],[-65.94,81.71],[-66.71,81.59],[-67.17,81.57],[-67.52,81.59],[-67.85,81.75],[-67.59,81.96],[-66.72,82.04],[-66.37,82.1],[-65.35,82.1],[-64.36,82.03],[-63.92,82.01],[-63.09,82.1],[-62.55,82.26],[-61.99,82.31],[-61.82,82.47],[-62.43,82.63],[-63.19,82.65],[-63.52,82.7],[-64.01,82.78],[-64.65,82.82],[-64.71,82.82],[-65.05,82.88],[-65.48,82.9],[-66.82,82.91],[-67.7,82.87],[-68.92,83],[-70.58,83.18],[-71.07,83.14],[-70.92,82.93],[-70.9,82.81],[-71.18,82.81],[-71.55,82.96],[-71.93,83.08],[-72.56,83.1],[-73.36,83.1],[-73.23,82.86],[-73.25,82.77],[-73.42,82.78],[-74.16,82.99],[-74.9,83.02],[-75.73,83.1],[-76.38,83.15],[-76.61,83.04],[-76.23,82.91],[-75.8,82.68],[-75.92,82.52],[-76.02,82.53]]],[[[-116.93,72.9],[-117.22,72.86],[-118.4,72.48],[-118.99,72.03],[-118.97,71.91],[-118.65,71.8],[-118.34,71.82],[-118.04,71.74],[-117.74,71.58],[-117.49,71.5],[-117.31,71.47],[-116.6,71.55],[-115.69,71.58],[-115.52,71.42],[-115.74,71.3],[-116.16,71.25],[-116.96,71.19],[-117.41,71.2],[-118,71.11],[-118.37,71.08],[-118.5,71.05],[-118.5,70.96],[-117.76,70.72],[-117.49,70.72],[-117.06,70.75],[-116.3,70.77],[-115.59,70.76],[-113.76,70.74],[-112.89,70.65],[-111.85,70.42],[-111.54,70.33],[-111.73,70.26],[-112.5,70.24],[-112.99,70.24],[-113.95,70.26],[-114.37,70.26],[-115.15,70.27],[-115.55,70.23],[-115.96,70.22],[-116.21,70.23],[-116.49,70.15],[-117.19,70.12],[-117.43,70.02],[-117.57,69.99],[-116.99,69.74],[-116.66,69.52],[-116.3,69.43],[-115.91,69.35],[-115.34,69.3],[-113.92,69.25],[-113.72,69.2],[-113.54,69.11],[-113.54,68.98],[-113.63,68.93],[-113.6,68.72],[-113.15,68.6],[-112.74,68.59],[-112.52,68.63],[-111.63,68.61],[-111.09,68.64],[-110.45,68.65],[-109.21,68.81],[-108.65,69],[-108.01,69.05],[-107.54,69.06],[-107.03,69.28],[-106.85,69.45],[-106.59,69.5],[-106.38,69.48],[-106.18,69.33],[-105.93,69.23],[-104.91,69.01],[-104.19,68.9],[-103.65,68.86],[-103.18,68.85],[-102.54,68.91],[-102.28,68.95],[-102.05,69.07],[-101.81,69.14],[-101.8,69.24],[-102.2,69.48],[-102.5,69.43],[-102.78,69.36],[-103.27,69.33],[-103.36,69.64],[-103.25,69.69],[-102.79,69.71],[-102.49,69.8],[-102.24,69.88],[-101.81,69.77],[-101.45,69.67],[-100.97,69.63],[-100.89,69.67],[-101.06,70.03],[-101.51,70.21],[-102.44,70.47],[-103.12,70.51],[-103.63,70.62],[-103.86,70.7],[-104.49,70.99],[-104.59,71.05],[-104.62,71.09],[-105.6,71.04],[-110.35,71.2],[-114.04,72.06],[-116.93,72.9]]],[[[-123.15,74.44],[-123.49,74.45],[-124.15,74.47],[-124.52,74.44],[-124.91,74.44],[-124.74,74.24],[-124.19,73.94],[-124.06,73.87],[-124.01,73.72],[-124.25,73.46],[-124.74,73.22],[-124.88,73.05],[-125.09,72.97],[-125.34,72.97],[-125.14,72.61],[-125.18,72.43],[-125.4,72.34],[-125.66,72.2],[-125.9,72.15],[-125.83,72.08],[-125.62,71.99],[-125.19,71.93],[-124.58,71.9],[-124.07,71.73],[-123.88,71.62],[-123.63,71.41],[-123.47,71.2],[-122.99,71.15],[-122.57,71.15],[-122.17,71.29],[-121.94,71.5],[-121.39,71.47],[-120.84,71.53],[-120.55,71.66],[-120.42,71.88],[-120.45,72.3],[-120.02,72.35],[-119.77,72.39],[-119.31,72.65],[-118.59,72.97],[-118.1,73.12],[-117.69,73.22],[-119.25,73.55],[-121.65,73.99],[-123.15,74.44]]],[[[-79.38,70.59],[-79.1,70.66],[-78.93,70.6],[-78.62,70.45],[-78.21,70.31],[-78,70.29],[-77.7,70.14],[-77.62,69.89],[-77.37,69.81],[-76.97,69.8],[-76.27,69.5],[-75.55,69.22],[-75.62,69.1],[-76.18,69.06],[-76.64,69.03],[-76.55,68.73],[-75.98,68.81],[-75.7,68.82],[-75.57,68.87],[-75.2,68.86],[-74.95,68.95],[-74.75,69.04],[-74.52,68.87],[-74.41,68.66],[-73.94,68.44],[-73.37,68.3],[-73.18,68.3],[-72.94,68.13],[-72.76,67.91],[-72.35,67.53],[-72.3,67.26],[-72.53,67.09],[-72.87,66.89],[-73.04,66.64],[-73.67,66.38],[-73.99,66.27],[-74.26,66.24],[-74.33,66.16],[-74.28,66.06],[-73.93,65.9],[-73.42,65.53],[-73.49,65.41],[-73.85,65.42],[-74.08,65.45],[-74.37,65.4],[-74.66,65.32],[-75.1,65.28],[-75.37,65.26],[-75.4,65.18],[-75.33,65.09],[-75.36,64.92],[-75.79,65.2],[-76.02,65.26],[-76.66,65.34],[-77.27,65.39],[-77.36,65.38],[-77.3,65.14],[-77.39,65.06],[-77.87,64.99],[-78.04,64.83],[-78.13,64.65],[-78.1,64.51],[-77.74,64.39],[-77.13,64.31],[-76.53,64.23],[-75.94,64.27],[-75.74,64.4],[-75.59,64.53],[-75.45,64.55],[-74.69,64.4],[-74.5,64.39],[-74.43,64.44],[-74.56,64.78],[-74.26,64.77],[-73.67,64.6],[-73.16,64.57],[-73.15,64.34],[-72.73,64.01],[-72.39,63.86],[-71.88,63.8],[-71.26,63.57],[-71.54,63.36],[-71.69,63.33],[-71.62,63.21],[-71.32,63.06],[-70.78,62.96],[-70.67,62.86],[-70.65,62.93],[-70.36,62.86],[-70.08,62.77],[-69.56,62.71],[-69.16,62.42],[-68.66,62.31],[-68.01,62.26],[-67.45,62.13],[-66.77,61.94],[-65.94,61.79],[-66.13,62.1],[-66.33,62.32],[-66.68,62.57],[-67.26,62.86],[-68.09,63.15],[-68.48,63.34],[-68.84,63.65],[-68.88,63.75],[-68.49,63.74],[-68.23,63.67],[-67.68,63.45],[-67.77,63.8],[-67.29,63.5],[-67.14,63.38],[-66.5,63.08],[-66.09,62.99],[-65.76,63.02],[-65.7,63.01],[-65.3,62.7],[-65.02,62.55],[-64.77,62.48],[-64.94,62.71],[-65.13,62.9],[-65.16,62.99],[-64.74,62.93],[-64.73,63.07],[-65.21,63.64],[-65.26,63.76],[-65.25,63.87],[-65,63.76],[-64.42,63.25],[-64.36,63.44],[-64.47,63.74],[-64.62,63.85],[-65.05,64.05],[-65.31,64.18],[-65.42,64.27],[-65.33,64.36],[-65.04,64.41],[-65.66,64.59],[-65.93,64.71],[-66.19,64.89],[-66.32,64.91],[-66.6,64.77],[-66.83,64.96],[-67.1,65.32],[-67.33,65.58],[-67.59,65.62],[-67.87,65.63],[-68.25,66.06],[-68.38,66.28],[-68.09,66.19],[-67.78,66.03],[-67.61,65.91],[-67.31,65.93],[-67.16,65.99],[-67.63,66.29],[-67.76,66.37],[-67.75,66.48],[-67.46,66.51],[-67.26,66.62],[-66.91,66.59],[-66.57,66.46],[-66.04,66.19],[-65.72,66.05],[-65.27,66.02],[-65.17,66.01],[-65.03,65.95],[-65.16,65.78],[-65.18,65.65],[-64.84,65.38],[-64.43,65.5],[-64.28,65.38],[-64.28,65.27],[-64.18,65.19],[-63.85,65.11],[-63.54,65],[-63.35,65.02],[-63.51,65.43],[-63.38,65.93],[-63.01,65.66],[-62.84,65.61],[-62.7,65.75],[-62.54,65.85],[-62.07,65.94],[-62.09,66.06],[-62.22,66.13],[-62.66,66.34],[-62.3,66.43],[-62.19,66.41],[-61.86,66.32],[-61.49,66.34],[-61.45,66.49],[-61.33,66.53],[-61.21,66.64],[-61.3,66.68],[-61.79,66.86],[-62.1,67.02],[-62.52,66.85],[-62.75,66.85],[-63.16,66.93],[-62.99,67.18],[-63.39,67.2],[-63.62,67.14],[-64.26,67.12],[-64.61,67.12],[-64.6,67.32],[-64.24,67.37],[-63.93,67.41],[-64.1,67.57],[-64.49,67.78],[-64.83,67.95],[-65.1,67.97],[-65.4,67.9],[-65.53,67.87],[-66.17,68],[-66.41,68.02],[-66.74,67.93],[-66.9,68.1],[-66.92,68.23],[-67.03,68.31],[-67.62,68.46],[-68.22,68.63],[-68.47,68.64],[-68.67,68.72],[-68.78,68.84],[-68.08,68.9],[-67.98,68.99],[-68.53,69.25],[-68.39,69.33],[-68.02,69.3],[-67.63,69.21],[-67.17,69.17],[-66.83,69.17],[-66.67,69.19],[-66.77,69.32],[-67.02,69.42],[-67.44,69.5],[-68.04,69.53],[-68.21,69.59],[-68.23,69.71],[-68.04,69.77],[-67.5,69.8],[-67.04,69.8],[-67.33,70.03],[-67.58,70.19],[-67.8,70.27],[-68.02,70.3],[-68.18,70.25],[-68.37,70.12],[-68.92,70.07],[-69.26,69.99],[-69.46,69.96],[-69.7,70.07],[-69.59,70.2],[-68.75,70.39],[-68.54,70.49],[-68.47,70.56],[-68.72,70.68],[-69.09,70.78],[-69.68,70.74],[-70.06,70.65],[-70.29,70.62],[-70.65,70.76],[-70.67,71.08],[-71.15,71.03],[-71.36,70.96],[-71.88,70.93],[-71.56,71.16],[-71.28,71.32],[-71.25,71.35],[-71.66,71.51],[-72.53,71.63],[-73.12,71.27],[-73.28,71.16],[-73.51,71.35],[-73.67,71.56],[-73.89,71.66],[-74.11,71.69],[-74.41,71.61],[-74.81,71.42],[-75,71.45],[-75.2,71.57],[-75.14,71.67],[-74.77,71.79],[-74.55,71.91],[-74.31,71.95],[-74.31,72.04],[-74.64,72.2],[-74.9,72.28],[-75.18,72.43],[-75.32,72.55],[-75.63,72.61],[-76.15,72.57],[-76.68,72.63],[-77.12,72.71],[-77.46,72.73],[-77.9,72.7],[-78.36,72.58],[-78.57,72.37],[-78.67,72.31],[-78.57,71.93],[-78.66,71.87],[-79.06,71.96],[-79.13,72.17],[-79.13,72.29],[-79.33,72.37],[-79.69,72.38],[-79.95,72.34],[-80.08,72.14],[-80.57,72],[-80.86,72.01],[-81.03,72.05],[-81.04,72.38],[-80.72,72.66],[-80.46,72.97],[-80.49,73.04],[-81.18,73.47],[-81.53,73.69],[-81.91,73.75],[-82.2,73.78],[-82.7,73.78],[-83.46,73.64],[-83.93,73.58],[-84.51,73.49],[-84.86,73.35],[-84.31,73.2],[-83.88,73.07],[-84.56,73.05],[-85.11,73.08],[-85.51,72.94],[-85.53,72.7],[-85.5,72.61],[-85.15,72.48],[-84.83,72.47],[-84.29,72.26],[-84.67,72.22],[-85.12,72.28],[-85.33,72.19],[-85.56,72.08],[-85.6,72.01],[-85.2,71.77],[-85.01,71.71],[-84.69,71.66],[-84.53,71.54],[-84.49,71.35],[-84.78,71.06],[-85.46,71.11],[-85.89,71.12],[-85.86,71.26],[-85.29,71.41],[-85.24,71.46],[-85.94,71.74],[-86.33,71.99],[-86.45,72.13],[-86.41,72.32],[-86.21,72.45],[-86.78,72.69],[-86.86,72.86],[-86.66,73.1],[-86.03,73.38],[-85.67,73.6],[-85.25,73.78],[-85.64,73.86],[-86.25,73.88],[-86.89,73.83],[-87.21,73.79],[-87.43,73.73],[-87.74,73.73],[-87.91,73.65],[-88.1,73.64],[-88.43,73.47],[-88.85,73.32],[-89.1,73.2],[-89.64,72.78],[-89.84,72.43],[-89.82,72.35],[-89.33,72.17],[-89.37,72.07],[-89.66,72.04],[-89.81,71.98],[-89.95,71.73],[-90,71.54],[-89.44,71.44],[-89.19,71.43],[-88.85,71.45],[-88.36,71.4],[-87.95,71.35],[-87.59,71.23],[-87.17,71.02],[-87.31,70.93],[-87.7,70.92],[-88.25,70.97],[-88.76,71],[-89.15,70.97],[-89.21,70.84],[-89.02,70.68],[-88.43,70.46],[-87.95,70.38],[-87.4,70.36],[-87.12,70.4],[-86.94,70.56],[-86.54,70.53],[-86.37,70.46],[-86.37,70.2],[-85.98,70.11],[-85.47,70.1],[-84.87,70.11],[-83.98,70.04],[-83.31,69.96],[-82.93,70.01],[-82.61,69.96],[-82.27,69.86],[-81.99,69.93],[-81.81,69.98],[-81.6,69.96],[-80.83,69.71],[-80.95,69.91],[-81.14,70.01],[-81.16,70.11],[-81.01,70.18],[-80.71,70.15],[-80.19,70.03],[-79.83,69.92],[-79.49,69.9],[-79.24,69.88],[-78.94,69.91],[-78.71,70.01],[-78.74,70.15],[-78.94,70.27],[-80.22,70.59],[-80.42,70.61],[-80.66,70.75],[-80.49,70.81],[-80.27,70.78],[-79.74,70.67],[-79.38,70.59]]],[[[-75.31,67.46],[-75.15,67.58],[-75.13,67.9],[-75.12,68.11],[-75.47,68.25],[-75.88,68.34],[-76.5,68.27],[-76.79,68.15],[-77.11,67.85],[-77.25,67.65],[-77.17,67.44],[-77.06,67.33],[-76.86,67.26],[-76.27,67.25],[-75.77,67.3],[-75.31,67.46]]],[[[-96.47,68.51],[-96.21,68.54],[-95.64,68.76],[-95.51,68.81],[-96.01,69.04],[-96.15,69.17],[-96.18,69.3],[-96.76,69.48],[-97.41,69.75],[-97.74,69.83],[-98.12,69.8],[-98.25,69.69],[-98.3,69.39],[-98.48,69.31],[-99.17,69.13],[-99.37,68.97],[-98.88,68.89],[-98.61,68.86],[-98.17,68.78],[-97.61,68.64],[-97.21,68.61],[-96.79,68.53],[-96.47,68.51]]],[[[-81.12,63.52],[-80.7,63.5],[-80.49,63.62],[-80.37,63.68],[-80.18,63.72],[-80.64,63.91],[-80.95,63.98],[-81.37,64],[-81.63,63.97],[-81.87,63.99],[-81.83,64.41],[-81.91,64.52],[-82.11,64.64],[-83.09,64.87],[-83.35,64.98],[-83.76,65.21],[-84.12,65.34],[-84.42,65.39],[-84.61,65.18],[-84.84,65.2],[-85.2,65.38],[-85.06,65.61],[-85.56,65.86],[-85.71,65.65],[-85.82,65.36],[-86.02,65.11],[-86.2,64.73],[-86.24,64.54],[-86.2,64.36],[-86.06,64.14],[-86.8,63.89],[-87.05,63.75],[-87.1,63.54],[-86.03,63.68],[-85.6,63.75],[-85.43,63.6],[-85.46,63.21],[-85.16,63.18],[-84.65,63.31],[-84.39,63.45],[-84.09,63.67],[-83.5,63.74],[-83.44,63.79],[-83.52,64.05],[-83.43,64.17],[-83.19,64.18],[-82.73,64.08],[-82.49,63.94],[-82.2,63.69],[-82,63.63],[-81.4,63.58],[-81.12,63.52]]],[[[-60.12,53.52],[-60.14,53.68],[-59.99,53.8],[-59.86,53.84],[-59.4,53.87],[-59.11,53.97],[-58.84,54.15],[-58.47,54.26],[-58.17,54.28],[-57.84,54.37],[-57.52,54.47],[-57.43,54.58],[-58.12,54.71],[-58.56,54.77],[-59.08,54.99],[-59.34,55.08],[-59.69,55.15],[-60.05,55.12],[-60.35,55.04],[-60.57,55.07],[-60.37,55.42],[-60.36,55.51],[-60.47,55.66],[-60.87,55.85],[-61.25,56.08],[-61.46,56.16],[-61.74,56.17],[-61.93,56.27],[-62.08,56.5],[-62.16,56.61],[-62.29,56.69],[-62.33,56.77],[-62.18,56.8],[-61.85,56.74],[-61.54,56.73],[-61.36,56.78],[-61.34,56.81],[-61.35,57],[-61.48,57.1],[-61.82,57.19],[-62,57.29],[-62.19,57.44],[-62,57.51],[-61.83,57.55],[-61.89,57.73],[-62.01,57.84],[-62.35,57.9],[-62.49,57.96],[-62.58,58.04],[-62.74,58.39],[-63,58.37],[-63.04,58.53],[-62.89,58.66],[-63.01,58.81],[-63.48,59.16],[-63.74,59.52],[-64.1,59.74],[-64.37,60.01],[-64.67,60.18],[-64.9,59.88],[-64.99,59.82],[-65.43,59.78],[-65.55,59.71],[-65.56,59.58],[-65.26,59.35],[-65.51,59.18],[-65.72,59.06],[-65.86,58.8],[-65.91,58.45],[-65.93,58.42],[-66.24,58.75],[-66.33,58.8],[-66.47,58.81],[-66.62,58.56],[-66.82,58.39],[-67.11,58.3],[-67.63,58.27],[-67.77,58.25],[-68,58.17],[-68.13,58.31],[-68.09,58.36],[-68.09,58.48],[-68.26,58.64],[-68.57,58.78],[-68.7,58.79],[-69.05,58.77],[-69.21,58.75],[-69.73,58.56],[-69.89,58.68],[-69.83,58.99],[-69.68,58.98],[-69.48,58.97],[-69.36,59.05],[-69.34,59.21],[-69.45,59.4],[-69.51,59.72],[-69.7,60.32],[-69.65,60.52],[-69.39,60.67],[-69.38,60.86],[-69.54,60.99],[-69.7,60.9],[-70.03,60.88],[-70.91,61.04],[-71.67,61.27],[-71.86,61.37],[-71.72,61.55],[-72.08,61.74],[-72.49,61.91],[-72.83,62.12],[-72.95,62.17],[-73.39,62.35],[-73.66,62.39],[-73.74,62.36],[-73.84,62.34],[-74.22,62.24],[-74.71,62.18],[-75.36,62.18],[-75.69,62.22],[-76.19,62.32],[-76.99,62.49],[-77.36,62.52],[-77.62,62.43],[-77.87,62.29],[-78,62.1],[-77.99,61.86],[-77.88,61.74],[-77.6,61.62],[-77.46,61.53],[-77.46,61.47],[-77.69,61.16],[-78.18,60.74],[-77.39,60.69],[-77.39,60.58],[-77.51,60.41],[-77.49,60.32],[-77.34,60.14],[-77.26,59.98],[-77.21,59.75],[-77.35,59.62],[-77.55,59.62],[-77.66,59.57],[-77.79,59.39],[-78.04,58.99],[-78.43,58.76],[-78.47,58.71],[-78.34,58.55],[-78.27,58.53],[-78.06,58.41],[-77.9,58.35],[-77.66,58.24],[-77.4,58.11],[-77.19,57.99],[-76.77,57.66],[-76.66,57.52],[-76.55,57.28],[-76.44,56.81],[-76.46,56.57],[-76.57,56.27],[-76.76,56.03],[-77.23,55.61],[-77.52,55.47],[-78.31,55.04],[-78.59,54.92],[-78.98,54.81],[-79.55,54.69],[-79.4,54.28],[-79.23,54.15],[-78.93,54.08],[-78.8,53.96],[-78.76,53.75],[-79.03,53.74],[-78.94,53.55],[-78.84,53.28],[-78.84,53.03],[-78.74,52.74],[-74.2,52.93],[-71.03,55.2],[-65.64,55.26],[-62.89,54.73],[-60.22,53.32],[-60.12,53.52]]],[[[-94.99,73.94],[-94.8,73.82],[-94.76,73.74],[-95.32,73.76],[-95.49,73.61],[-95.61,73.32],[-95.64,73.14],[-95.55,72.88],[-95.12,72.52],[-95.06,72.28],[-94.54,72.19],[-94.11,72.22],[-93.72,72.39],[-93.64,72.53],[-94.27,72.85],[-93.69,72.88],[-92.62,72.81],[-92,72.84],[-91.32,73.26],[-90.93,73.59],[-90.56,73.78],[-90.45,73.86],[-90.45,73.9],[-90.74,74],[-91.05,74.05],[-91.52,74.05],[-92.12,73.99],[-92.69,74.01],[-93.35,74.12],[-93.9,74.16],[-94.87,74.14],[-94.97,74.1],[-95.07,74.06],[-94.99,73.94]]],[[[-92.4,56.98],[-92.48,56.98],[-92.42,57.39],[-92.52,57.69],[-92.89,58.21],[-93.07,58.55],[-93.24,58.68],[-93.36,58.7],[-93.89,58.66],[-94.19,58.67],[-94.3,58.71],[-94.41,58.71],[-94.68,58.88],[-94.75,59.12],[-94.8,59.51],[-94.73,59.76],[-94.75,59.95],[-94.61,60.25],[-94.48,60.49],[-94.38,60.8],[-94.25,60.93],[-94.01,61.22],[-93.87,61.34],[-93.47,61.44],[-93.32,61.54],[-93.42,61.86],[-93.23,61.97],[-92.58,62.27],[-92.1,62.41],[-91.89,62.6],[-92.46,62.79],[-92.29,62.92],[-92.06,62.89],[-91.42,62.85],[-90.92,62.95],[-90.63,63.1],[-90.63,63.18],[-90.77,63.3],[-91.03,63.39],[-91.64,63.51],[-92.35,63.58],[-93.32,63.97],[-91.98,63.83],[-91.59,63.79],[-90.84,63.61],[-90.23,63.56],[-90.2,63.56],[-89.87,63.58],[-89.86,63.65],[-90.01,63.9],[-89.99,64.03],[-89.97,64.19],[-89.49,64.02],[-89.08,63.96],[-88.7,63.99],[-88.38,64.06],[-87.99,64.25],[-87.44,64.57],[-87.16,65.06],[-87.62,65.07],[-88.17,65.13],[-88.9,65.33],[-89.69,65.67],[-90.2,65.77],[-90.88,65.89],[-90.33,65.97],[-90.2,65.97],[-89.78,65.98],[-89.51,65.93],[-89.18,65.81],[-88.64,65.71],[-88.54,65.68],[-88.17,65.46],[-87.79,65.35],[-87.55,65.35],[-87.25,65.43],[-86.33,65.93],[-86.06,66.07],[-85.99,66.16],[-86.58,66.35],[-86.85,66.46],[-86.74,66.57],[-85.9,66.62],[-85.39,66.61],[-85.12,66.33],[-84.95,66.27],[-84.37,66.31],[-84.06,66.28],[-83.74,66.31],[-84.41,66.71],[-85.02,66.94],[-84.71,67.07],[-84.49,67.05],[-84.23,66.93],[-83.48,66.5],[-83.14,66.37],[-82.63,66.6],[-82.33,66.64],[-81.7,66.99],[-81.5,67.07],[-81.28,67.36],[-81.29,67.5],[-81.79,67.76],[-82.18,68],[-82.49,68.32],[-82.63,68.56],[-82.69,68.7],[-82.33,68.82],[-82.21,68.82],[-81.89,68.58],[-81.78,68.56],[-81.58,68.6],[-81.37,68.72],[-81.48,69.19],[-81.68,69.28],[-81.93,69.25],[-82.16,69.25],[-82.76,69.55],[-84.31,69.83],[-84.57,69.83],[-84.76,69.8],[-85.11,69.82],[-85.38,69.7],[-85.42,69.29],[-85.01,69.14],[-84.56,68.99],[-84.62,68.75],[-84.77,68.72],[-85.4,68.76],[-85.51,68.68],[-85.67,68.34],[-85.78,68.04],[-86.05,67.85],[-86.4,67.67],[-86.49,67.38],[-86.65,67.32],[-87.06,67.24],[-87.33,67.17],[-87.53,67.29],[-87.81,67.52],[-88.32,67.81],[-88.48,67.99],[-88.46,68.18],[-88.37,68.31],[-88.01,68.27],[-87.86,68.28],[-87.79,68.48],[-87.88,68.68],[-88.1,68.85],[-88.58,69.1],[-88.91,69.23],[-89.14,69.23],[-89.44,69.05],[-89.74,68.53],[-90.01,68.37],[-90.19,68.34],[-90.2,68.34],[-90.34,68.31],[-90.35,68.68],[-90.51,68.95],[-90.87,69.16],[-90.91,69.23],[-90.66,69.33],[-90.51,69.49],[-91.17,69.65],[-91.44,69.65],[-91.62,69.59],[-91.98,69.61],[-92.46,69.71],[-92.67,69.74],[-92.48,69.99],[-92.27,70.12],[-91.83,70.13],[-91.66,70.29],[-92.17,70.51],[-92.53,70.73],[-93.1,70.97],[-92.99,71.24],[-93.08,71.41],[-93.27,71.56],[-93.84,71.76],[-94.17,71.85],[-94.42,71.88],[-95.25,71.87],[-95.41,71.86],[-95.66,71.71],[-95.76,71.69],[-95.67,71.57],[-95.35,71.41],[-95.43,71.25],[-95.49,71.24],[-95.96,71.35],[-96.13,71.34],[-96.4,71.2],[-96.66,70.93],[-96.7,70.84],[-96.17,70.67],[-95.95,70.57],[-96.33,70.36],[-96.47,70.3],[-96.46,70.15],[-96.42,70.09],[-96.13,69.94],[-95.7,69.84],[-95.31,69.74],[-94.75,69.66],[-94.42,69.69],[-94.04,69.55],[-93.73,69.5],[-93.33,69.48],[-92.99,69.51],[-92.96,69.08],[-92.99,68.96],[-93.19,69.04],[-93.53,69.22],[-93.78,69.22],[-93.98,69.14],[-94.34,69.11],[-94.58,68.88],[-94.14,68.84],[-93.77,68.92],[-93.64,68.92],[-93.47,68.77],[-93.4,68.6],[-93.41,68.54],[-93.65,68.47],[-93.86,68.47],[-94.08,68.45],[-94.64,68.07],[-95,68.05],[-95.32,68.06],[-95.44,67.94],[-95.5,67.72],[-95.29,67.28],[-95.26,67.03],[-95.69,67.17],[-96.04,67.21],[-96.12,67.24],[-96.26,67.32],[-96.34,67.54],[-96.21,67.93],[-96.17,67.99],[-96.21,68.07],[-96.43,68.16],[-96.82,68.18],[-97.21,68.27],[-97.57,68.37],[-97.83,68.4],[-98.37,68.36],[-98.41,68.16],[-97.79,68.13],[-97.46,68.07],[-97.16,67.97],[-97.15,67.74],[-97.26,67.6],[-97.5,67.59],[-97.92,67.72],[-98.35,67.94],[-98.89,67.82],[-99.37,67.79],[-100.21,67.81],[-101,67.8],[-101.4,67.71],[-101.91,67.71],[-102.22,67.74],[-102.76,67.8],[-103.2,67.9],[-103.31,67.93],[-103.58,68.12],[-104.02,68.07],[-104.45,68.1],[-105.14,68.23],[-105.64,68.35],[-105.91,68.34],[-106.12,68.24],[-106.21,68.11],[-106.63,68.04],[-107.5,67.98],[-107.66,67.96],[-107.72,67.63],[-107.65,67.43],[-107.59,67.34],[-107.16,67.04],[-107.13,66.96],[-107.41,66.9],[-107.61,66.88],[-107.6,66.74],[-107.53,66.56],[-108.35,67],[-108.49,67.07],[-108.33,67.18],[-108.1,67.22],[-108.1,67.36],[-108.65,67.56],[-108.84,67.61],[-109.49,67.69],[-110.13,67.91],[-110.53,67.92],[-110.95,67.87],[-111.36,67.82],[-111.78,67.75],[-112.11,67.72],[-112.5,67.69],[-113.29,67.7],[-114.07,67.73],[-115.56,67.9],[-115.4,68.22],[-115.02,68.28],[-114.77,68.3],[-114.34,68.29],[-114.11,68.35],[-114.19,68.5],[-114.39,68.61],[-114.83,68.77],[-115.29,68.89],[-115.69,68.94],[-116.32,68.9],[-116.81,68.91],[-117.33,68.98],[-117.83,69.01],[-118.54,69.13],[-118.82,69.16],[-119.28,69.26],[-120.22,69.42],[-120.85,69.57],[-121.64,69.76],[-122.33,69.88],[-122.84,69.89],[-123.05,69.86],[-123.29,69.64],[-123.8,69.43],[-124.23,69.4],[-124.6,69.46],[-124.51,69.59],[-124.53,69.78],[-124.71,69.94],[-124.99,69.89],[-125.14,69.83],[-125.39,69.82],[-125.42,69.7],[-125.19,69.41],[-125.28,69.34],[-125.45,69.33],[-125.97,69.43],[-126.06,69.46],[-126.62,69.68],[-126.8,69.79],[-127,70.02],[-127.17,70.23],[-127.35,70.38],[-127.67,70.52],[-128.01,70.64],[-128.42,70.69],[-128.12,70.49],[-127.81,70.31],[-127.73,70.19],[-127.94,70.08],[-128.31,70],[-128.72,69.87],[-129.01,69.72],[-129.94,69.64],[-130.46,69.47],[-130.9,69.3],[-131.67,69.28],[-132,69.09],[-132.17,68.98],[-132.71,68.87],[-132.79,68.71],[-132.69,68.46],[-133.34,68.8],[-133.72,68.92],[-133.41,69.14],[-132.62,69.25],[-132.3,69.49],[-131.75,69.61],[-131.19,69.69],[-130.7,69.85],[-130.21,69.92],[-130.05,69.97],[-129.85,70.15],[-130.24,70.21],[-130.71,70.21],[-131.06,70.16],[-131.24,70.07],[-131.45,69.97],[-131.78,69.93],[-132.17,69.89],[-132.51,69.86],[-132.8,69.76],[-133,69.76],[-133.14,69.67],[-133.65,69.51],[-133.99,69.51],[-134.78,69.57],[-134.84,69.53],[-135.1,69.5],[-135.44,69.53],[-136.04,69.34],[-136.01,69.15],[-135.86,69.08],[-135.7,68.99],[-135.5,68.72],[-135.61,68.7],[-135.8,68.77],[-136.2,68.88],[-136.93,68.95],[-137.26,68.96],[-137.73,69.02],[-138.28,69.14],[-139,69.37],[-139.9,69.57],[-140.33,69.62],[-140.74,69.58],[-141.06,69.6],[-141.16,69.6],[-141.7,69.73],[-142.8,70.09],[-143.31,70.2],[-144.36,70.13],[-145.27,70.12],[-145.61,70.19],[-146.18,70.27],[-147.72,70.33],[-148.12,70.38],[-148.74,70.49],[-149.29,70.54],[-149.94,70.5],[-150.64,70.48],[-151.14,70.48],[-151.73,70.53],[-151.92,70.5],[-152.14,70.53],[-152.49,70.7],[-152.65,70.82],[-152.97,70.93],[-153.29,70.95],[-153.77,70.97],[-154.46,70.99],[-155.1,71.08],[-155.23,70.98],[-155.47,70.85],[-155.67,70.87],[-156.14,70.93],[-156.15,71.08],[-155.97,71.15],[-156.04,71.22],[-156.35,71.33],[-156.47,71.35],[-156.9,71.35],[-157.32,71.16],[-157.81,70.97],[-158.42,70.91],[-158.86,70.88],[-159.37,70.9],[-160.24,70.86],[-160.25,70.77],[-159.91,70.6],[-159.84,70.51],[-159.9,70.43],[-160.72,70.46],[-161.19,70.44],[-161.7,70.33],[-162.18,70.28],[-162.51,70.18],[-162.88,70],[-163.16,69.76],[-163.51,69.5],[-163.71,69.22],[-164.07,69.06],[-164.89,68.93],[-165.34,68.9],[-166.3,68.88],[-166.34,68.66],[-166.7,68.48],[-166.84,68.41],[-165.94,68.16],[-164.74,67.86],[-164.51,67.8],[-164.04,67.59],[-163.83,67.45],[-163.74,67.22],[-163.03,67.18],[-162.6,67.16],[-161.94,67.09],[-161.8,66.75],[-161.22,66.73],[-160.34,66.6],[-160.03,66.57],[-160.04,66.49],[-160.13,66.34],[-160.58,66.32],[-160.92,66.37],[-161.26,66.4],[-161.38,66.36],[-161.63,66.23],[-161.98,66.12],[-162.28,66.07],[-162.76,66.06],[-163.37,66.11],[-163.84,66.18],[-163.85,66.3],[-163.78,66.54],[-164.46,66.6],[-165.09,66.47],[-165.52,66.37],[-166,66.2],[-166.43,66.11],[-167.02,65.96],[-167.73,65.86],[-168.08,65.75],[-168.18,65.69],[-167.6,65.6],[-167,65.49],[-166.14,65.35],[-165.66,65.25],[-165.86,65.17],[-166.32,65.17],[-166.6,65.15],[-166.67,65.08],[-166.59,64.73],[-166.35,64.64],[-165.74,64.56],[-165.17,64.55],[-164.6,64.62],[-164.27,64.6],[-163.88,64.59],[-163.03,64.44],[-162.8,64.47],[-162.56,64.6],[-162.14,64.79],[-161.29,64.96],[-161.13,64.93],[-160.9,64.81],[-160.79,64.64],[-160.94,64.52],[-161.36,64.51],[-161.37,64.47],[-161.01,64.16],[-160.94,63.98],[-150.13,63.32],[-144.68,63.19],[-139.52,62.42],[-132.43,62.5],[-124.94,64.83],[-118.2,62.71],[-114.57,60.6],[-111.28,58.55],[-102.14,57.21],[-93.82,56.86],[-92.71,56.83],[-92.4,56.98]]],[[[-100.56,72.87],[-100.83,72.75],[-101.04,72.77],[-101.52,72.87],[-101.99,73.08],[-102.28,73.15],[-102.67,72.85],[-101.65,72.37],[-101.41,72.29],[-100.76,72.24],[-100.32,72.14],[-99.86,71.93],[-99.43,71.64],[-98.94,71.39],[-98.72,71.35],[-98.37,71.37],[-98,71.55],[-98.48,71.8],[-98.48,71.89],[-98.19,71.85],[-97.84,71.69],[-97.58,71.64],[-97.28,71.65],[-97.06,71.72],[-96.85,71.88],[-96.73,72.19],[-96.66,72.34],[-96.35,72.5],[-96.43,72.7],[-96.69,72.82],[-96.86,72.82],[-97.25,72.93],[-97.74,73.01],[-98.05,72.97],[-98.28,73.02],[-98.39,73.13],[-98.36,73.22],[-98.19,73.29],[-97.49,73.46],[-97.34,73.61],[-97.08,73.67],[-96.94,73.79],[-97.35,73.89],[-97.96,73.92],[-98.51,73.86],[-98.71,73.75],[-98.97,73.73],[-99.22,73.74],[-99.67,73.92],[-99.86,73.92],[-100.18,73.82],[-100.93,73.86],[-100.99,73.81],[-100.91,73.71],[-100.43,73.52],[-99.96,73.26],[-99.96,73.17],[-100.15,73.15],[-100.56,72.87]]],[[[-95.63,77.04],[-96.72,77.02],[-96.81,76.92],[-96.28,76.73],[-95.87,76.51],[-95.72,76.47],[-95.53,76.5],[-94.51,76.42],[-93.94,76.4],[-93.82,76.48],[-93.87,76.63],[-93.79,76.74],[-94.2,76.9],[-94.27,76.9],[-94.93,76.92],[-95.63,77.04]]],[[[-89.12,74.85],[-88.95,74.93],[-88.39,74.99],[-88.33,74.68],[-88.14,74.57],[-87.49,74.54],[-87.12,74.57],[-86.31,74.62],[-86.21,74.82],[-85.99,74.81],[-85.72,74.72],[-85.12,74.62],[-84.9,74.62],[-84.57,74.62],[-84.16,74.67],[-83.82,74.64],[-83.58,74.7],[-83.61,75.02],[-83.45,75.08],[-83.07,74.98],[-82.94,74.68],[-82.75,74.63],[-82.37,74.56],[-82.03,74.53],[-81.73,74.57],[-81.47,74.58],[-80.35,74.62],[-80.56,74.92],[-80.5,75.03],[-79.68,75.21],[-79.5,75.28],[-79.58,75.4],[-79.74,75.47],[-79.83,75.49],[-80.13,75.54],[-80.77,75.61],[-81.18,75.72],[-81.53,75.86],[-81.7,75.87],[-82.87,75.88],[-83.56,75.9],[-84.44,75.79],[-85.2,75.74],[-85.83,75.62],[-86.18,75.41],[-86.62,75.43],[-86.92,75.55],[-87.29,75.66],[-87.64,75.7],[-88.03,75.62],[-88.52,75.62],[-88.65,75.59],[-88.67,75.45],[-88.76,75.42],[-89.04,75.46],[-89.37,75.65],[-89.59,75.86],[-89.8,75.92],[-90.18,75.97],[-90.2,75.97],[-90.65,75.95],[-91.16,75.97],[-90.99,76.18],[-90.61,76.26],[-90.2,76.28],[-90.09,76.29],[-89.81,76.37],[-90.2,76.46],[-90.29,76.47],[-90.79,76.59],[-91.13,76.63],[-92.25,76.62],[-92.8,76.59],[-93.08,76.53],[-93.06,76.37],[-92.79,76.24],[-92.22,75.95],[-92.09,75.81],[-92.1,75.64],[-92.37,75.42],[-92.17,75.1],[-91.87,74.79],[-91.36,74.76],[-91.05,74.98],[-90.52,74.72],[-90.2,74.64],[-90.15,74.63],[-89.7,74.61],[-89.27,74.7],[-89.12,74.85]]],[[[-54.57,69.61],[-54.49,69.56],[-54.13,69.48],[-53.81,69.34],[-53.55,69.28],[-53.32,69.32],[-52.87,69.39],[-52.52,69.48],[-52.17,69.49],[-51.93,69.52],[-51.88,69.53],[-51.81,69.62],[-52.08,69.77],[-52.43,69.87],[-52.7,69.92],[-53.04,70.04],[-53.62,70.16],[-54.14,70.19],[-54.43,70.25],[-54.59,70.24],[-54.72,70.09],[-54.69,69.71],[-54.57,69.61]]],[[[-59.72,53.43],[-60.17,53.3],[-58.79,52.57],[-56.13,53.47],[-56.35,53.57],[-56.65,53.66],[-56.85,53.58],[-57.13,53.48],[-57.27,53.62],[-57.29,53.67],[-57.11,53.87],[-57.26,54.02],[-57.56,54.13],[-58.08,54.08],[-58.64,53.87],[-59.18,53.52],[-59.47,53.47],[-59.72,53.43]]]]},"properties":{"NAME":"Arctic marine mammal hunters","SUBJECTO":"Arctic marine mammal hunters","BORDERPRECISION":1}},
{"type":"Feature","geometry":{"type":"Polygon","coordinates":[[[-70.41,-23.55],[-67.71,-21.04],[-68.39,-17.84],[-70.17,-16.46],[-70.32,-16.5],[-72.11,-16.98],[-72.09,-16.99],[-71.86,-17.12],[-71.61,-17.22],[-71.47,-17.39],[-71.37,-17.7],[-71.22,-17.81],[-71.08,-17.87],[-70.58,-18.08],[-70.45,-18.22],[-70.36,-18.45],[-70.3,-18.63],[-70.21,-19.07],[-70.19,-19.76],[-70.11,-20.69],[-70.11,-21.75],[-70.19,-22.16],[-70.2,-22.22],[-70.23,-22.43],[-70.23,-22.8],[-70.29,-22.99],[-70.47,-23.08],[-70.57,-23.17],[-70.55,-23.34],[-70.58,-23.49],[-70.42,-23.53],[-70.41,-23.55]]]},"properties":{"NAME":"Chinchorro culture","SUBJECTO":"Chinchorro culture","BORDERPRECISION":1}},
{"type":"Feature","geometry":{"type":"Polygon","coordinates":[[[-73.12,-16.46],[-72.98,-16.53],[-72.59,-16.74],[-72.31,-16.88],[-72.11,-16.98],[-70.32,-16.5],[-70.17,-16.46],[-68.39,-17.84],[-67.71,-21.04],[-70.41,-23.55],[-70.36,-23.66],[-70.46,-23.93],[-70.45,-24.35],[-70.52,-24.46],[-70.51,-24.59],[-65.42,-21.64],[-68.69,-13.59],[-67.71,-11.84],[-73.99,-6.31],[-73.15,1.66],[-65.17,4.37],[-71.1,9.33],[-71.29,9.21],[-71.37,9.14],[-71.6,9.09],[-71.76,9.25],[-71.87,9.57],[-72,9.69],[-72.11,9.9],[-72.05,10.07],[-71.9,10.44],[-71.75,10.6],[-71.69,10.77],[-71.76,11.03],[-71.74,11.09],[-71.84,11.15],[-71.9,11.33],[-71.99,11.61],[-71.92,11.7],[-71.59,11.84],[-71.19,11.91],[-71.06,12.06],[-71.13,12.21],[-71.2,12.27],[-71.44,12.42],[-71.7,12.43],[-71.91,12.35],[-72.06,12.24],[-72.18,11.99],[-72.38,11.81],[-72.76,11.69],[-72.98,11.56],[-73.08,11.45],[-73.36,11.32],[-73.62,11.32],[-74,11.34],[-74.12,11.4],[-74.22,11.37],[-74.31,11.12],[-74.32,10.92],[-74.45,10.77],[-74.55,10.97],[-74.72,11.06],[-74.77,11.06],[-75.03,10.95],[-75.23,10.83],[-75.45,10.63],[-75.54,10.41],[-75.57,10.12],[-75.65,9.77],[-75.6,9.6],[-75.7,9.43],[-76.01,9.38],[-76.16,9.31],[-76.38,8.98],[-76.56,8.85],[-76.76,8.69],[-76.84,8.56],[-76.85,8.46],[-76.7,8.11],[-76.77,8.01],[-76.86,7.93],[-76.96,8.02],[-77.06,8.25],[-77.24,8.48],[-77.43,8.63],[-77.49,8.66],[-77.68,8.96],[-77.97,9.21],[-78.27,9.39],[-78.61,9.48],[-78.97,9.47],[-79,9.54],[-79.33,9.57],[-79.5,9.64],[-80.12,9.22],[-80.36,9.2],[-80.96,8.86],[-81.17,8.83],[-81.5,8.86],[-81.67,9.06],[-81.78,8.97],[-82.07,8.98],[-82.23,9.05],[-82.24,9.21],[-82.33,9.44],[-82.56,9.58],[-82.55,9.59],[-82.75,9.74],[-82.96,10.03],[-83.06,10.06],[-83.2,10.2],[-83.38,10.48],[-83.75,10.88],[-83.83,11.04],[-83.91,11.25],[-83.93,11.5],[-83.9,11.89],[-83.88,12.12],[-83.8,12.45],[-83.69,12.96],[-83.71,13.37],[-83.66,13.71],[-83.42,14.07],[-83.32,14.39],[-83.3,14.61],[-83.31,14.77],[-83.42,15],[-83.53,15.24],[-83.78,15.27],[-84.13,15.38],[-84.23,15.5],[-84.19,15.6],[-84.17,15.76],[-84.43,15.88],[-84.65,15.93],[-84.93,15.93],[-85.28,15.89],[-85.63,15.87],[-85.89,15.99],[-86.06,15.9],[-86.37,15.8],[-87.02,15.82],[-87.24,15.85],[-87.57,15.91],[-87.86,15.88],[-88.13,15.76],[-88.27,15.75],[-88.48,15.91],[-88.63,15.98],[-88.6,15.81],[-88.66,15.73],[-88.8,15.86],[-88.94,15.9],[-88.94,16.03],[-88.77,16.14],[-88.74,16.27],[-88.58,16.28],[-88.44,16.44],[-88.28,16.83],[-88.24,17.01],[-88.33,17.16],[-88.22,17.51],[-88.3,17.64],[-88.11,18.19],[-88.12,18.39],[-88.4,18.31],[-88.32,18.49],[-88.31,18.74],[-88.14,18.89],[-88.11,18.82],[-88.03,18.62],[-87.88,18.38],[-87.85,18.49],[-87.8,18.74],[-87.76,18.92],[-90.64,20.76],[-90.67,20.68],[-90.71,20.16],[-90.67,19.95],[-90.9,19.75],[-90.93,19.38],[-91.22,19.1],[-91.7,18.82],[-91.53,18.74],[-91.48,18.63],[-91.61,18.54],[-91.73,18.42],[-92.11,18.52],[-92.1,18.76],[-92.46,18.69],[-92.94,18.59],[-93.09,18.55],[-93.78,18.35],[-94.24,18.24],[-94.59,18.27],[-94.82,18.5],[-95.08,18.7],[-95.34,18.77],[-95.54,18.76],[-95.84,18.8],[-96.01,18.93],[-96.34,19.48],[-96.58,19.92],[-96.8,20.15],[-96.88,20.36],[-97.22,20.76],[-97.5,21.19],[-97.53,21.25],[-97.63,21.55],[-97.71,21.8],[-97.88,22.33],[-97.87,22.84],[-97.81,23.38],[-97.82,24.21],[-97.74,24.73],[-97.66,25.07],[-97.42,25.44],[-97.26,25.81],[-97.45,26.22],[-97.57,26.56],[-97.64,26.85],[-97.64,26.94],[-99.12,27.24],[-103.82,30.28],[-108.6,31.55],[-112.66,29.93],[-112.65,29.92],[-112.32,29.44],[-112.03,29.06],[-111.91,28.81],[-111.69,28.5],[-111.27,28.11],[-111.06,28],[-110.86,27.95],[-110.6,27.86],[-110.52,27.75],[-110.56,27.63],[-110.58,27.46],[-110.53,27.35],[-110.38,27.21],[-110.11,27.14],[-109.95,27.04],[-109.89,26.88],[-109.72,26.61],[-109.53,26.72],[-109.19,26.44],[-109.13,26.29],[-109.34,25.96],[-109.34,25.81],[-109.26,25.65],[-109.16,25.58],[-108.97,25.63],[-108.85,25.62],[-108.68,25.38],[-108.5,25.24],[-108.23,25.15],[-108.08,25.06],[-108.01,24.98],[-107.99,24.77],[-107.92,24.64],[-107.77,24.56],[-107.4,24.3],[-107.19,24.06],[-106.76,23.59],[-106.51,23.36],[-105.84,22.56],[-105.54,22.28],[-105.51,22.16],[-105.57,22.09],[-105.63,21.95],[-105.29,21.52],[-105.22,21.31],[-105.23,21.14],[-105.44,20.84],[-105.29,20.67],[-105.31,20.59],[-105.39,20.51],[-105.62,20.47],[-105.69,20.4],[-105.67,20.35],[-105.51,20.1],[-105.17,19.66],[-104.95,19.44],[-104.67,19.32],[-104.2,19.06],[-103.97,18.88],[-103.75,18.59],[-103.49,18.35],[-102.67,18.1],[-102.36,18.03],[-102.09,18.06],[-101.99,18.03],[-101.49,17.58],[-101.22,17.42],[-100.74,17.22],[-100.41,17.06],[-99.98,16.89],[-99.21,16.72],[-98.86,16.6],[-98.44,16.36],[-98.15,16.17],[-97.88,16.05],[-97.29,15.96],[-97.08,15.88],[-96.75,15.78],[-96.33,15.75],[-95.99,15.87],[-95.5,16.12],[-95.13,16.3],[-94.83,16.32],[-94.36,16.22],[-94.08,16.11],[-94.05,16.08],[-93.81,15.92],[-93.59,15.74],[-93.33,15.53],[-92.9,15.19],[-92.47,14.79],[-92.16,14.54],[-91.92,14.35],[-91.52,14.06],[-91.24,13.95],[-90.9,13.94],[-90.62,13.95],[-90.2,13.8],[-90.14,13.77],[-90.11,13.75],[-89.99,13.68],[-89.4,13.48],[-88.64,13.26],[-88.25,13.19],[-87.95,13.17],[-87.84,13.32],[-87.85,13.44],[-87.75,13.47],[-87.77,13.5],[-87.56,13.37],[-87.54,13.33],[-87.4,13.03],[-87.69,13.02],[-87.67,12.91],[-87.59,12.83],[-87.26,12.62],[-86.88,12.26],[-86.43,11.77],[-86.01,11.37],[-85.84,11.08],[-85.73,11.09],[-85.71,10.98],[-85.87,10.93],[-85.62,10.83],[-85.62,10.65],[-85.77,10.55],[-85.82,10.36],[-85.78,10.14],[-85.71,10.03],[-85.57,9.92],[-85.31,9.83],[-85.15,9.7],[-85.09,9.58],[-84.84,9.84],[-84.93,9.96],[-85.12,9.98],[-85.15,10.08],[-85.26,10.31],[-85.07,10.19],[-84.81,10.03],[-84.7,9.99],[-84.63,9.87],[-84.63,9.68],[-84.49,9.54],[-84.18,9.49],[-84.15,9.43],[-83.83,9.3],[-83.61,9.15],[-83.53,9],[-83.55,8.83],[-83.66,8.67],[-83.61,8.55],[-83.28,8.41],[-83.23,8.44],[-83.27,8.54],[-83.41,8.73],[-83.36,8.76],[-83.25,8.72],[-83.09,8.65],[-83.09,8.39],[-82.96,8.26],[-82.96,8.05],[-82.8,8.27],[-82.65,8.32],[-82.38,8.32],[-82.19,8.2],[-81.76,8.15],[-81.66,8.16],[-81.56,7.82],[-81.2,7.64],[-81.12,7.94],[-81.01,7.78],[-80.85,7.41],[-80.9,7.34],[-80.81,7.27],[-80.66,7.25],[-80.41,7.3],[-80.21,7.47],[-80.1,7.46],[-79.98,7.49],[-79.97,7.56],[-80.05,7.73],[-80.26,7.93],[-80.4,8.06],[-80.42,8.19],[-80.27,8.38],[-80.12,8.39],[-79.95,8.47],[-79.71,8.62],[-79.75,8.72],[-79.72,8.88],[-79.54,8.93],[-79.32,9.04],[-79.07,9.03],[-78.86,8.95],[-78.8,8.83],[-78.75,8.87],[-78.65,8.74],[-78.59,8.81],[-78.51,8.69],[-78.49,8.57],[-78.38,8.39],[-78.18,8.41],[-78.04,8.55],[-78,8.34],[-77.95,8.27],[-77.79,8.18],[-78.15,8.24],[-78.25,8.2],[-78.33,8.09],[-78.27,7.89],[-78.07,7.54],[-77.9,7.17],[-77.73,6.99],[-77.4,6.67],[-77.32,6.54],[-77.34,6.43],[-77.45,6.28],[-77.49,6.19],[-77.47,6.09],[-77.22,5.88],[-77.18,5.79],[-77.24,5.69],[-77.46,5.63],[-77.5,5.51],[-77.33,5.13],[-77.27,4.74],[-77.31,4.5],[-77.44,4.18],[-77.41,4.1],[-77.16,3.91],[-77.11,3.79],[-77.4,3.31],[-77.6,2.88],[-77.8,2.58],[-77.99,2.47],[-78.07,2.49],[-78.47,2.47],[-78.61,2.37],[-78.65,2.17],[-78.61,2.12],[-75.9,0.85],[-77.12,-0.48],[-77.17,-1.28],[-79.76,-2.79],[-79.76,-2.8],[-80.03,-3.27],[-80.14,-3.41],[-80.23,-3.47],[-80.37,-3.57],[-80.58,-3.66],[-81.04,-4.05],[-81.3,-4.33],[-81.41,-4.57],[-81.42,-4.68],[-81.3,-5],[-81.14,-5.2],[-80.88,-5.59],[-80.82,-5.72],[-80.89,-5.9],[-81.16,-5.91],[-81.24,-5.96],[-81.3,-6.04],[-81.02,-6.21],[-80.67,-6.35],[-80.61,-6.37],[-80.34,-6.53],[-80.27,-6.57],[-80.07,-6.76],[-79.8,-7.19],[-79.67,-7.35],[-79.49,-7.62],[-79.15,-8.09],[-79.06,-8.22],[-78.75,-8.79],[-78.3,-9.67],[-78.26,-9.74],[-76.39,-9.71],[-74.62,-9.98],[-73.36,-10.93],[-72.17,-12.95],[-72,-14.31],[-72.22,-15.43],[-73.12,-16.46]]]},"properties":{"NAME":"Mesoamerican hunter-gatherers and maïze farmers","SUBJECTO":"Mesoamerican hunter-gatherers and maïze farmers","BORDERPRECISION":1}},
{"type":"Feature","geometry":{"type":"Polygon","coordinates":[[[8.82,38.98],[8.93,39.05],[9,39.18],[9.06,39.22],[9.3,39.23],[9.48,39.14],[9.65,39.46],[9.7,39.69],[9.63,40.1],[9.7,40.31],[9.79,40.44],[9.79,40.56],[9.59,40.9],[9.31,41.18],[8.92,40.94],[8.77,40.86],[8.41,40.86],[8.24,40.86],[8.16,40.78],[8.2,40.66],[8.43,40.46],[8.49,40.21],[8.51,39.95],[8.47,39.64],[8.37,39.31],[8.42,39.21],[8.58,39.07],[8.7,39],[8.82,38.98]]]},"properties":{"NAME":"Hunters-gatherers","SUBJECTO":"Hunters-gatherers","BORDERPRECISION":1}},
{"type":"Feature","geometry":{"type":"Polygon","coordinates":[[[31.06,19.92],[30.99,19.37],[30.99,18.59],[31.36,18.62],[31.74,19.12],[32.16,19.5],[32.64,19.9],[33.42,20.13],[33.86,19.85],[33.96,19.24],[34.29,18.56],[34.52,17.99],[33.45,17.81],[33.37,18.03],[32.99,18.66],[32.52,18.28],[32.05,17.76],[31.4,17.45],[30.53,17.6],[29.89,18.36],[29.95,19.34],[30.17,19.98],[30,21.08],[30.43,22.78],[30.68,23.61],[31.11,25],[30.94,25.96],[30.75,26.72],[30.05,28],[29.86,29.65],[29.36,30.81],[29.25,30.75],[28.97,30.78],[28.52,30.96],[28.1,31],[27.92,31],[27.76,31.18],[27.44,31.25],[27.09,31.31],[26.82,31.36],[26.14,31.49],[25.79,31.49],[25.51,31.44],[25.26,31.44],[25.11,31.51],[24.98,31.65],[24.95,31.82],[24.82,31.91],[24.24,31.93],[24.03,31.94],[23.74,32.06],[23.71,32.08],[23.29,32.13],[23.15,32.14],[23.03,32.25],[23.01,32.48],[22.92,32.56],[22.54,32.72],[22.22,32.79],[21.67,32.82],[21.05,32.63],[20.77,32.5],[20.52,32.39],[20.37,32.3],[20.07,32.04],[19.96,31.8],[19.94,31.61],[19.99,31.35],[20.12,31.07],[20.12,30.96],[19.98,30.72],[19.66,30.44],[19.32,30.26],[19.12,30.2],[18.92,30.2],[18.89,30.22],[18.61,30.37],[18.54,30.41],[17.96,30.77],[17.71,30.89],[17.42,31],[16.98,31.1],[16.78,31.13],[16.32,31.17],[16.01,31.23],[15.84,31.29],[15.53,31.55],[15.36,31.81],[15.24,32.17],[15.16,32.27],[15.01,32.36],[14.79,32.36],[14.43,32.46],[14.16,32.68],[13.46,32.78],[13.19,32.79],[12.8,32.73],[12.56,32.74],[12.12,32.88],[11.47,33.14],[11.21,33.25],[11.1,33.54],[10.96,33.58],[10.78,33.47],[10.65,33.5],[10.41,33.63],[10.15,33.88],[10.02,34.08],[10.12,34.23],[10.57,34.65],[10.84,34.8],[11.08,35.15],[11.13,35.24],[10.99,35.62],[10.83,35.68],[10.6,35.89],[10.51,36.09],[10.51,36.21],[10.63,36.42],[10.92,36.65],[11.04,36.91],[11.02,37.07],[10.84,36.99],[10.58,36.79],[10.39,36.72],[10.27,36.75],[10.16,37],[10.13,37.1],[10.02,37.2],[9.73,37.28],[9.42,37.28],[9.15,37.17],[8.87,36.97],[8.64,36.89],[8.15,36.81],[7.91,36.78],[7.79,36.83],[7.72,36.95],[7.54,37.04],[7.31,37.06],[7.2,36.99],[7.06,36.88],[6.92,36.82],[6.77,36.86],[6.32,37.09],[6.05,36.84],[5.73,36.75],[5.38,36.67],[5.14,36.67],[4.78,36.74],[4.63,36.79],[4.53,36.81],[4.39,36.84],[4.16,36.83],[3.74,36.84],[3.59,36.79],[3.32,36.65],[3.07,36.62],[2.81,36.71],[2.52,36.57],[2.29,36.54],[1.58,36.51],[1.06,36.46],[0.78,36.38],[0.47,36.22],[0.2,36.03],[0.02,35.8],[-0.09,35.74],[-0.2,35.75],[-0.28,35.76],[-0.43,35.86],[-0.73,35.74],[-0.92,35.67],[-1.15,35.63],[-1.33,35.49],[-1.5,35.23],[-1.74,35.12],[-2.04,35.05],[-2.19,35.05],[-2.33,35.05],[-2.36,35.05],[-2.71,35.1],[-2.83,35.14],[-3.01,35.39],[-3.21,35.27],[-3.44,35.17],[-4.03,35.13],[-4.3,35.15],[-4.59,35.15],[-5.11,35.38],[-5.17,35.42],[-5.48,35.81],[-5.57,35.86],[-5.81,35.79],[-5.93,35.73],[-6.3,34.86],[-6.33,34.81],[-6.47,34.53],[-6.51,34.45],[-6.75,34.12],[-7,33.87],[-7.33,33.7],[-7.9,33.49],[-8.31,33.34],[-8.64,33.12],[-9.22,32.58],[-9.25,32.42],[-9.22,32.26],[-9.32,31.96],[-9.64,31.58],[-9.81,31.29],[-9.86,31.06],[-9.82,30.76],[-9.63,30.41],[-9.6,30.18],[-9.66,29.95],[-9.87,29.64],[-10.34,29.15],[-10.86,28.75],[-11.37,28.37],[-11.58,28.23],[-12.09,28.02],[-12.67,27.9],[-12.87,27.86],[-13.06,27.67],[-13.12,27.55],[-13.32,27.16],[-13.47,26.81],[-13.63,26.59],[-14.01,26.36],[-14.19,26.27],[-14.37,26.12],[-14.63,25.68],[-14.66,25.64],[-14.67,25.6],[-14.8,25.15],[-14.82,24.73],[-14.98,24.51],[-15.61,23.98],[-15.71,23.87],[-16.24,22.72],[-16.35,22.49],[-16.57,22.24],[-16.81,21.99],[-16.87,21.84],[25.98,8.86],[39.06,16.86],[39.01,17.06],[38.96,17.19],[38.9,17.36],[38.76,17.8],[38.69,18],[38.64,18.06],[38.53,18.16],[38.31,18.25],[38.03,18.48],[37.9,18.56],[37.76,18.64],[37.48,18.82],[37.4,18.92],[37.25,19.65],[37.17,20.76],[37.13,21.23],[36.9,21.73],[36.8,21.91],[36.66,22.17],[36.47,22.34],[36.29,22.57],[36.11,22.65],[35.75,22.91],[35.69,23.02],[35.58,23.23],[35.47,23.72],[35.49,23.79],[35.62,23.84],[35.72,23.91],[35.66,23.99],[35.45,24.15],[35.19,24.4],[35,24.72],[34.51,25.57],[34.1,26.35],[33.93,26.56],[33.8,26.93],[33.57,27.37],[33.35,27.91],[32.93,28.38],[32.65,28.77],[32.59,28.94],[32.32,29.54],[33.42,26.28],[33.74,24.5],[33.35,23.35],[31.28,19.97],[31.06,19.92]]]},"properties":{"NAME":"Saharan pastoral nomads","SUBJECTO":"Saharan pastoral nomads","BORDERPRECISION":1}},
{"type":"Feature","geometry":{"type":"Polygon","coordinates":[[[39.44,-7.92],[39.42,-7.9],[39.29,-7.88],[39.27,-7.8],[39.44,-7.33],[39.56,-7.17],[39.57,-7.04],[39.22,-6.78],[38.92,-6.34],[38.87,-6.09],[38.93,-5.63],[39.12,-5.04],[39.23,-4.84],[39.27,-4.78],[39.42,-4.73],[39.53,-4.62],[39.68,-4.32],[39.64,-4.08],[40.07,-3.47],[40.23,-3.19],[40.23,-3.03],[40.27,-2.82],[40.45,-2.64],[40.75,-2.59],[40.88,-2.43],[40.92,-2.08],[41.09,-2.13],[41.34,-2.05],[41.61,-1.88],[41.65,-1.75],[41.61,-1.59],[41.88,-1.22],[42.44,-0.51],[42.91,-0.02],[42.94,0.01],[43.1,0.17],[43.72,0.8],[44.3,1.29],[44.57,1.46],[45.54,1.97],[46.23,2.55],[46.36,2.67],[47.56,3.99],[47.64,4.1],[48.08,4.67],[48.47,5.2],[48.79,5.7],[48.95,5.99],[49.05,6.42],[49.42,6.99],[49.82,7.7],[49.78,7.85],[49.83,7.99],[50.21,8.35],[50.78,9.37],[50.85,9.6],[50.87,9.97],[50.89,10.28],[51.06,10.51],[51.13,10.71],[51.07,10.99],[51.06,11.24],[51.25,11.66],[51.18,11.78],[51.14,11.78],[50.97,11.88],[50.7,11.95],[50.49,11.78],[50.08,11.48],[49.65,11.33],[49.3,11.25],[48.97,11.23],[48.66,11.32],[48.53,11.33],[48.44,11.3],[48,11.12],[47.81,11.1],[47.59,11.14],[47.39,11.16],[47.28,11.1],[46.93,10.85],[46.68,10.7],[46.43,10.67],[46.09,10.79],[45.91,10.83],[45.65,10.76],[45.27,10.57],[45.01,10.45],[44.85,10.42],[44.64,10.43],[44.45,10.43],[44.28,10.4],[44.16,10.49],[44.05,10.66],[43.79,10.94],[43.37,11.46],[43.3,11.48],[43.1,11.53],[42.96,11.54],[42.67,11.51],[42.56,11.57],[42.81,11.78],[43.06,11.92],[43.26,11.96],[43.42,12.05],[43.47,12.1],[43.46,12.22],[43.33,12.43],[43.05,12.7],[42.64,13.09],[42.41,13.18],[42.35,13.27],[42.37,13.36],[42.36,13.47],[42.08,13.86],[41.76,13.89],[41.71,13.93],[41.34,14.34],[40.74,14.92],[40.63,14.93],[40.39,14.91],[40.22,15.08],[40.04,15.39],[39.9,15.5],[39.86,15.4],[39.89,15.18],[39.8,15.09],[39.52,15.46],[39.21,16.33],[39.06,16.86],[25.98,8.86],[-16.87,21.84],[-16.98,21.6],[-17.02,21.31],[-17.05,21],[-17.05,20.83],[-17.02,20.74],[-16.84,20.94],[-16.71,20.89],[-16.35,20.52],[-16.27,20.36],[-16.24,20.12],[-16.27,19.68],[-16.35,19.49],[-16.47,19.37],[-16.19,19.03],[-16.06,18.67],[-15.98,18.18],[-16.04,17.67],[-16.13,17.3],[-16.38,16.72],[-16.41,16.49],[-16.45,16.12],[-16.6,15.75],[-16.86,15.3],[-17.19,14.96],[-17.43,14.81],[-17.22,14.73],[-17.05,14.59],[-16.87,14.36],[-16.7,14.08],[-16.67,13.91],[-16.64,13.84],[-16.47,13.72],[-16.46,13.6],[-16.46,13.57],[-16.45,13.54],[-16.49,13.47],[-16.69,13.45],[-16.77,13.36],[-16.78,13.15],[-16.78,13.12],[-16.77,13.04],[-16.73,12.79],[-16.77,12.6],[-16.7,12.41],[-16.57,12.31],[-16.42,12.25],[-16.28,12.21],[-16.25,12.1],[-16.09,11.97],[-15.81,11.84],[-15.74,11.84],[-15.55,11.92],[-15.33,11.93],[-15.16,11.88],[-15.1,11.81],[-15.21,11.72],[-15.36,11.52],[-15.42,11.34],[-15.34,11.22],[-15.12,11.16],[-15.03,11.16],[-15.01,11.1],[-14.99,11.06],[-15.02,10.92],[-14.97,10.85],[-14.82,10.8],[-14.57,10.78],[-14.55,10.64],[-14.59,10.47],[-14.47,10.33],[-14.06,10.08],[-13.68,9.92],[-13.63,9.62],[-13.28,9.27],[-13.14,9.03],[-13.16,8.85],[-13.17,8.77],[-13.14,8.72],[-12.93,8.63],[-12.91,8.56],[-12.99,8.46],[-13.21,8.35],[-13.04,8.14],[-12.87,7.97],[-12.51,7.73],[-12.27,7.63],[-12.25,7.55],[-12.28,7.41],[-12.26,7.35],[-12.05,7.26],[-11.75,7.08],[-11.47,6.84],[-11.17,6.6],[-10.76,6.36],[-10.44,6.21],[-9.94,5.86],[-9.43,5.36],[-9.25,5.17],[-8.79,4.92],[-8.24,4.64],[-7.56,4.35],[-7.53,4.34],[-7.41,4.33],[-7.1,4.52],[-6.32,4.87],[-5.83,5.04],[-5.58,5.13],[-5,5.24],[-4.58,5.25],[-4.37,5.25],[-3.94,5.27],[-3.67,5.23],[-3.35,5.15],[-3.13,5.14],[-3.09,5.16],[-3.03,5.27],[-2.93,5.27],[-2.8,5.19],[-2.75,5.1],[-2.72,5.04],[-2.29,4.84],[-2.03,4.7],[-1.6,4.95],[-1.18,5.14],[-0.61,5.32],[-0.48,5.39],[-0.3,5.48],[-0.2,5.53],[-0.12,5.57],[0.09,5.66],[0.54,5.72],[0.8,5.71],[0.94,5.76],[1.17,6.07],[1.18,6.08],[1.34,6.18],[1.56,6.24],[1.76,6.25],[1.92,6.27],[2.06,6.28],[2.62,6.34],[2.77,6.35],[3.06,6.36],[3.41,6.38],[3.46,6.38],[3.61,6.41],[3.72,6.55],[3.95,6.58],[4.07,6.44],[4.36,6.33],[4.63,6.21],[4.89,6],[5.1,5.76],[5.15,5.64],[5.38,5.61],[5.45,5.48],[5.35,5.36],[5.33,5.25],[5.42,4.96],[5.61,4.63],[5.85,4.43],[6.09,4.33],[6.65,4.32],[6.84,4.29],[6.92,4.34],[7.05,4.51],[7.18,4.53],[7.45,4.41],[7.89,4.45],[8.14,4.47],[8.3,4.56],[8.33,4.61],[8.26,4.75],[8.33,4.84],[8.41,4.78],[8.51,4.77],[8.59,4.71],[8.64,4.68],[8.87,4.62],[8.92,4.52],[8.95,4.28],[9.03,4.14],[9.28,4.02],[9.54,4.04],[9.65,4.02],[9.78,3.85],[9.59,3.67],[9.77,3.38],[9.85,3.15],[9.92,2.82],[9.8,2.38],[9.89,2.14],[9.88,2.06],[9.85,1.88],[9.7,1.62],[9.5,1.38],[9.37,1.17],[9.56,1.13],[9.62,1.09],[9.64,0.96],[9.63,0.89],[9.57,0.61],[9.44,0.55],[9.35,0.54],[9.6,0.33],[9.85,0.17],[9.88,0.08],[9.66,0.08],[9.47,0.12],[9.43,-0.02],[9.3,-0.46],[9.2,-0.63],[8.96,-0.82],[8.82,-0.9],[8.98,-1.1],[9.11,-1.35],[9.32,-1.42],[9.47,-1.59],[9.42,-1.64],[9.24,-1.77],[9.66,-2.42],[9.89,-2.44],[10.06,-2.57],[9.93,-2.71],[10.52,-3.24],[10.64,-3.45],[10.88,-3.69],[11.13,-3.92],[11.15,-3.93],[11.77,-4.54],[11.95,-4.92],[12,-5],[12.23,-5.36],[12.26,-5.47],[12.2,-5.75],[12.19,-5.78],[12.34,-6.19],[12.37,-6.26],[12.67,-6.7],[12.8,-6.86],[12.88,-7.05],[12.97,-7.51],[13.02,-7.61],[13.17,-7.84],[13.39,-8.16],[13.48,-8.42],[13.48,-8.49],[39.44,-7.92]]]},"properties":{"NAME":"Bantu","SUBJECTO":"Bantu","BORDERPRECISION":1}},
{"type":"Feature","geometry":{"type":"Polygon","coordinates":[[[142.34,-10.92],[142.21,-11.05],[142.13,-11.16],[142.09,-11.53],[141.95,-11.95],[141.69,-12.38],[141.68,-12.47],[141.92,-12.7],[141.85,-12.84],[141.7,-12.91],[141.6,-13.05],[141.55,-13.5],[141.51,-13.81],[141.59,-13.99],[141.67,-14.11],[141.58,-14.33],[141.48,-14.62],[141.47,-14.76],[141.65,-15.04],[141.71,-15.23],[141.52,-15.53],[141.4,-15.86],[141.31,-16.45],[141.13,-16.96],[140.8,-17.56],[140.71,-17.63],[140.44,-17.72],[140.25,-17.8],[140.06,-17.83],[139.82,-17.76],[139.48,-17.57],[139.25,-17.43],[139.17,-17.36],[139.08,-17.08],[138.96,-16.99],[138.61,-16.91],[138.41,-16.9],[138.26,-16.84],[137.95,-16.6],[137.76,-16.4],[137.43,-16.19],[137.07,-16.03],[136.95,-16.02],[136.8,-16.07],[136.69,-16.03],[136.46,-15.75],[136.09,-15.45],[135.63,-15.17],[135.42,-14.97],[135.39,-14.9],[135.46,-14.68],[135.71,-14.46],[135.88,-14.2],[135.96,-13.89],[135.83,-13.73],[135.83,-13.48],[136.01,-13.33],[136.24,-13.23],[136.47,-13.22],[136.52,-13.11],[136.53,-12.91],[136.61,-12.82],[136.66,-12.62],[136.86,-12.44],[136.79,-12.37],[136.64,-12.33],[136.43,-12.12],[136.35,-12.16],[136.3,-12.51],[136.09,-12.58],[135.94,-12.36],[135.65,-12.19],[135.44,-12.18],[135.19,-12.37],[135.13,-12.39],[134.94,-12.34],[134.76,-12.06],[134.59,-12.06],[134.41,-12.12],[134.14,-12.08],[133.56,-11.95],[133.4,-11.88],[133.09,-11.67],[132.93,-11.53],[132.78,-11.58],[132.66,-11.53],[132.38,-11.3],[132.21,-11.32],[132.04,-11.38],[132.02,-11.48],[132.13,-11.54],[132.3,-11.5],[132.51,-11.62],[132.63,-11.75],[132.72,-12.08],[132.75,-12.17],[132.73,-12.19],[132.63,-12.27],[132.4,-12.33],[131.82,-12.37],[131.54,-12.4],[131.18,-12.24],[131.03,-12.27],[130.86,-12.45],[130.95,-12.63],[130.84,-12.71],[130.66,-12.72],[130.52,-12.73],[130.46,-12.76],[130.23,-13.15],[130.23,-13.28],[130.27,-13.36],[130.21,-13.48],[130.09,-13.59],[129.85,-13.72],[129.77,-13.82],[129.76,-14.02],[129.49,-14.26],[129.43,-14.31],[129.42,-14.41],[129.46,-14.5],[129.73,-14.67],[129.85,-14.82],[129.84,-14.93],[129.7,-15.06],[129.63,-15.28],[129.48,-15.21],[129.2,-14.99],[128.98,-14.92],[128.46,-14.89],[128.39,-14.94],[128.18,-15.25],[128.07,-15.38],[127.98,-15.29],[128.02,-15.02],[127.96,-14.7],[127.68,-14.44],[127.53,-14.2],[127.4,-14.1],[127.17,-14.06],[126.85,-13.78],[126.76,-14],[126.67,-14.1],[126.55,-14.35],[126.43,-14.15],[126.27,-14.07],[126.1,-14.2],[125.86,-14.69],[125.5,-14.68],[125.32,-14.73],[125.16,-14.8],[125.17,-15.04],[125.11,-15.21],[125.06,-15.42],[125.11,-15.62],[125.02,-15.64],[124.69,-15.47],[124.61,-15.5],[124.42,-15.66],[124.36,-15.89],[124.4,-16.02],[124.34,-16.26],[124.53,-16.33],[124.85,-16.53],[124.72,-16.5],[124.57,-16.51],[124.28,-16.52],[123.98,-16.41],[123.58,-16.39],[123.56,-16.44],[123.55,-16.7],[123.63,-16.8],[123.89,-16.91],[123.91,-16.97],[123.83,-17.25],[123.7,-17.22],[123.51,-17.11],[123.5,-17.32],[123.42,-17.58],[123.3,-17.47],[123.02,-16.86],[122.87,-16.66],[122.74,-16.58],[122.56,-16.9],[122.09,-17.4],[122.09,-17.62],[122.2,-17.98],[122.23,-18.17],[122.2,-18.24],[121.76,-18.54],[121.58,-18.7],[121.52,-18.84],[121.39,-19.12],[121.19,-19.38],[120.87,-19.68],[120.71,-19.77],[120.22,-19.98],[119.81,-20.12],[119.53,-20.14],[119.14,-20.04],[118.94,-20.02],[118.87,-20.07],[118.73,-20.32],[118.61,-20.38],[118.19,-20.41],[117.97,-20.47],[117.76,-20.68],[117.6,-20.76],[117.4,-20.78],[117.09,-20.78],[116.77,-20.79],[116.42,-20.84],[116.13,-20.98],[115.87,-21.19],[115.57,-21.46],[115.35,-21.6],[114.8,-21.88],[114.46,-22.09],[114.39,-22.31],[114.31,-22.56],[114.23,-22.62],[114.07,-22.6],[114.03,-22.52],[114.02,-22.33],[113.9,-22.04],[113.87,-22.11],[113.82,-22.25],[113.63,-22.57],[113.61,-22.73],[113.72,-23.02],[113.76,-23.48],[113.67,-23.78],[113.52,-24.02],[113.36,-24.28],[113.38,-24.61],[113.43,-24.87],[113.59,-25.19],[114.06,-25.8],[114.18,-26.02],[114.18,-26.27],[114.05,-26.29],[114.1,-26.54],[113.88,-26.51],[113.66,-26.07],[113.32,-25.69],[113.28,-25.83],[113.39,-25.97],[113.58,-26.15],[113.74,-26.67],[113.58,-26.66],[113.43,-26.57],[113.33,-26.41],[113.24,-26.34],[113.18,-26.14],[113.09,-26.06],[113.04,-26.16],[113.16,-26.43],[113.6,-26.88],[113.93,-27.38],[114.02,-27.63],[113.96,-28.03],[114.06,-28.15],[114.33,-28.48],[114.63,-28.9],[114.84,-29.39],[114.91,-29.7],[114.9,-30.14],[114.96,-30.52],[115.06,-30.8],[115.56,-31.66],[115.68,-31.93],[115.75,-32.21],[115.77,-32.75],[115.65,-33.37],[115.56,-33.58],[115.41,-33.77],[115.21,-33.81],[114.99,-33.75],[114.96,-33.87],[115.05,-34.42],[115.11,-34.45],[115.28,-34.47],[115.62,-34.63],[115.97,-34.94],[116.25,-35.1],[116.56,-35.19],[116.85,-35.21],[117.53,-35.25],[117.79,-35.21],[118.21,-35.09],[118.42,-34.92],[118.67,-34.61],[118.74,-34.58],[119.17,-34.64],[119.33,-34.58],[119.59,-34.22],[119.77,-34.12],[120.07,-34.1],[120.28,-34.12],[120.7,-34.05],[121.41,-33.97],[121.74,-33.96],[121.87,-34],[122.17,-34.18],[122.35,-34.1],[122.77,-34.03],[123.01,-34.04],[123.36,-34.04],[123.62,-33.92],[123.97,-33.46],[124.25,-33.14],[124.41,-33.05],[124.6,-33.02],[124.85,-32.95],[125.2,-32.77],[125.64,-32.56],[126.06,-32.43],[126.23,-32.41],[126.59,-32.42],[127.27,-32.38],[127.73,-32.27],[128.17,-32.15],[128.61,-31.95],[128.91,-31.86],[129.19,-31.8],[129.98,-31.77],[130.28,-31.77],[130.86,-31.73],[131.18,-31.64],[131.28,-31.63],[131.69,-31.83],[131.99,-32.07],[132.18,-32.15],[132.38,-32.16],[132.57,-32.08],[132.7,-32.09],[133.13,-32.34],[133.34,-32.37],[133.72,-32.3],[133.84,-32.34],[134.08,-32.56],[134.24,-32.74],[134.26,-32.88],[134.11,-33.03],[134.15,-33.15],[134.21,-33.26],[134.31,-33.3],[134.63,-33.27],[134.71,-33.36],[134.84,-33.69],[135.15,-34.05],[135.24,-34.2],[135.36,-34.46],[135.53,-35.05],[135.71,-35.21],[135.94,-34.84],[136.11,-34.53],[136.4,-34.28],[136.73,-34.06],[137.07,-33.95],[137.19,-33.8],[137.28,-33.59],[137.32,-33.52],[137.46,-33.31],[137.69,-33.18],[137.82,-33.07],[137.87,-32.75],[138.02,-32.97],[138.17,-33.19],[138.19,-33.29],[138.09,-33.45],[137.98,-33.46],[137.91,-33.52],[137.9,-33.7],[137.86,-33.88],[137.72,-34.08],[137.51,-34.46],[137.56,-34.91],[137.5,-35.03],[137.39,-35.09],[137.11,-35.07],[137.07,-35.12],[137.04,-35.29],[136.95,-35.47],[137.06,-35.46],[137.15,-35.45],[137.24,-35.38],[137.6,-35.38],[137.68,-35.33],[137.88,-34.69],[138.1,-34.36],[138.21,-34.51],[138.45,-34.78],[138.57,-34.93],[138.53,-35.3],[138.43,-35.55],[138.2,-35.76],[138.27,-35.83],[138.35,-35.87],[138.51,-35.84],[138.77,-35.79],[139.13,-35.61],[139.37,-35.61],[139.38,-35.81],[139.44,-36.04],[139.74,-36.37],[139.83,-36.6],[139.86,-36.78],[139.82,-37.25],[140.01,-37.64],[140.25,-37.79],[140.65,-38.16],[140.89,-38.3],[141.23,-38.46],[141.55,-38.53],[141.57,-38.48],[141.67,-38.41],[141.9,-38.43],[142.39,-38.57],[142.69,-38.67],[143.09,-38.87],[143.36,-38.97],[143.46,-38.96],[143.89,-38.76],[144.31,-38.57],[144.75,-38.46],[144.41,-38.25],[144.56,-38.14],[144.78,-38.06],[144.97,-38.07],[145.25,-38.23],[145.5,-38.44],[145.54,-38.51],[145.54,-38.72],[145.93,-38.88],[146.53,-39.18],[146.43,-39.06],[146.3,-38.89],[146.43,-38.9],[146.67,-38.87],[146.82,-38.84],[146.92,-38.71],[147.12,-38.66],[147.81,-38.23],[148.04,-38.1],[148.27,-38.03],[148.64,-38.01],[149.16,-37.97],[149.5,-37.93],[149.71,-37.79],[149.86,-37.63],[149.98,-37.35],[149.98,-37.05],[150.01,-36.63],[150.09,-36.15],[150.22,-35.69],[150.34,-35.55],[150.61,-35.39],[150.76,-35.25],[150.86,-35.01],[150.85,-34.72],[151,-34.5],[151.22,-34.21],[151.36,-33.52],[151.57,-33.22],[151.76,-33],[151.97,-32.96],[152.18,-32.88],[152.45,-32.51],[152.54,-32.21],[152.83,-31.77],[152.97,-31.42],[153,-31.06],[152.94,-30.7],[153.2,-29.91],[153.36,-29.16],[153.49,-28.84],[153.48,-28.5],[153.4,-28.13],[153.3,-27.91],[152.95,-27.34],[153.03,-27.19],[153.09,-27.01],[153.08,-26.62],[153.07,-26.23],[152.9,-25.63],[152.83,-25.47],[152.76,-25.42],[152.53,-25.36],[152.49,-25.31],[152.4,-25.07],[152.4,-24.95],[152.32,-24.82],[152.07,-24.74],[151.97,-24.55],[151.86,-24.29],[151.73,-24.16],[151.46,-24.09],[151.2,-23.94],[150.8,-23.6],[150.75,-22.81],[150.69,-22.68],[150.61,-22.62],[150.36,-22.55],[149.94,-22.32],[150.01,-22.67],[150.02,-22.73],[149.67,-22.57],[149.56,-22.43],[149.51,-22.25],[149.41,-21.92],[149.2,-21.31],[149.1,-21.06],[148.71,-20.84],[148.57,-20.65],[148.69,-20.4],[148.76,-20.29],[148.7,-20.2],[148.19,-20.17],[147.97,-20.1],[147.59,-19.86],[147.41,-19.56],[147.08,-19.51],[146.95,-19.44],[146.32,-19.08],[146.23,-18.92],[146.11,-18.55],[145.92,-18.26],[146.02,-17.86],[145.99,-17.51],[145.87,-17.19],[145.45,-16.6],[145.33,-16.49],[145.35,-16.01],[145.22,-15.66],[145.18,-15.23],[145.18,-15.05],[145.12,-14.98],[144.95,-14.91],[144.69,-14.72],[144.53,-14.67],[144.39,-14.37],[144.21,-14.45],[144.06,-14.59],[143.87,-14.59],[143.74,-14.47],[143.54,-13.94],[143.47,-13.67],[143.44,-13.08],[143.37,-12.81],[143.29,-12.69],[142.97,-12.53],[143.17,-12.12],[143.13,-12.01],[142.94,-12.01],[142.82,-11.92],[142.77,-11.61],[142.75,-11.32],[142.64,-11.09],[142.34,-10.92]]]},"properties":{"NAME":"Australian aboriginal hunter-gatherers","SUBJECTO":"Australian aboriginal hunter-gatherers","BORDERPRECISION":1}},
{"type":"Feature","geometry":{"type":"Polygon","coordinates":[[[146.71,-43.72],[146.84,-43.69],[146.92,-43.57],[147.14,-43.26],[147.39,-43.08],[147.82,-42.97],[147.93,-42.82],[147.98,-42.48],[148.32,-41.81],[148.32,-41.5],[148.27,-41.14],[148.27,-41.09],[148.06,-40.92],[147.73,-41.03],[147.6,-41.16],[147.29,-41.15],[147.12,-41.18],[146.95,-41.23],[146.74,-41.29],[146.38,-41.31],[145.89,-41.14],[145.23,-40.98],[144.78,-40.84],[144.7,-40.86],[144.7,-41.16],[144.87,-41.59],[144.94,-41.71],[145.21,-42.03],[145.53,-42.35],[145.62,-42.52],[145.57,-42.58],[145.38,-42.51],[145.3,-42.46],[145.18,-42.48],[145.28,-42.67],[145.49,-42.92],[145.72,-43.24],[145.97,-43.41],[146.5,-43.62],[146.71,-43.72]]]},"properties":{"NAME":"Tasmanian hunter-gatherers","SUBJECTO":"Tasmanian hunter-gatherers","BORDERPRECISION":1}},
{"type":"Feature","geometry":{"type":"MultiPolygon","coordinates":[[[[-78.74,52.74],[-78.72,52.69],[-78.57,52.49],[-78.49,52.26],[-78.55,52.01],[-78.8,51.77],[-78.7,51.57],[-78.75,51.32],[-78.82,51.16],[-78.94,51.32],[-79.11,51.52],[-79.28,51.6],[-79.53,51.42],[-79.59,51.27],[-79.5,51.14],[-79.34,50.84],[-79.75,51.11],[-80.07,51.3],[-80.36,51.3],[-80.4,51.38],[-80.57,51.64],[-80.88,51.91],[-81.31,52.12],[-81.75,52.17],[-81.71,52.33],[-81.73,52.55],[-81.85,52.71],[-82.07,52.86],[-82.34,52.98],[-82.35,53.07],[-82.21,53.34],[-82.16,53.8],[-82.19,53.99],[-82.33,54.14],[-82.4,54.27],[-82.34,54.65],[-82.2,54.97],[-82.38,55.06],[-83.02,55.15],[-83.58,55.22],[-83.95,55.19],[-84.15,55.21],[-84.47,55.17],[-84.72,55.21],[-85.16,55.33],[-85.6,55.51],[-85.89,55.61],[-87.47,55.91],[-87.91,56.33],[-88.77,56.74],[-89.73,56.93],[-90.2,57.07],[-90.44,57.14],[-90.77,57.18],[-91.34,57.16],[-92.18,56.97],[-92.4,56.98],[-92.71,56.83],[-93.82,56.86],[-102.14,57.21],[-111.28,58.55],[-114.57,60.6],[-118.2,62.71],[-124.94,64.83],[-132.43,62.5],[-139.52,62.42],[-144.68,63.19],[-150.13,63.32],[-160.94,63.98],[-160.89,63.86],[-160.97,63.64],[-161.13,63.56],[-161.56,63.54],[-161.91,63.53],[-162.47,63.41],[-162.78,63.22],[-162.97,63.1],[-163.31,63.04],[-163.53,63.08],[-163.97,63.2],[-164.29,63.25],[-164.47,63.17],[-164.7,62.96],[-164.88,62.82],[-165.03,62.65],[-165.43,62.43],[-165.53,62.27],[-165.58,62.14],[-165.8,62.04],[-165.83,61.83],[-166.19,61.75],[-165.91,61.31],[-165.9,61.27],[-165.51,61.26],[-165.42,61.26],[-165.14,61.18],[-164.54,60.95],[-164.3,60.94],[-164.06,61.04],[-163.89,61.04],[-163.69,60.92],[-163.52,60.71],[-163.63,60.6],[-163.94,60.61],[-164.53,60.75],[-164.84,60.82],[-165,60.62],[-165.13,60.54],[-165.05,60.42],[-164.59,60.21],[-164.38,60.06],[-164.21,59.9],[-164.03,59.8],[-163.54,59.84],[-163.35,59.93],[-163.02,59.97],[-162.38,60.16],[-161.99,59.71],[-161.93,59.52],[-162.06,59.29],[-162,58.83],[-161.97,58.78],[-161.94,58.72],[-161.65,58.68],[-161.12,58.75],[-160.83,58.9],[-160.84,58.96],[-160.43,59],[-160.07,58.95],[-159.81,58.94],[-159.58,58.81],[-159.37,58.63],[-159.11,58.49],[-158.93,58.43],[-158.86,58.45],[-158.87,58.61],[-158.97,58.77],[-158.91,58.87],[-158.64,58.97],[-158.52,59],[-158.29,58.73],[-157.99,58.72],[-157.42,58.8],[-157.14,58.86],[-157.15,58.67],[-157.24,58.49],[-157.55,58.27],[-157.66,57.93],[-157.67,57.6],[-157.79,57.51],[-158.12,57.34],[-158.45,57.21],[-158.66,57.08],[-158.67,56.84],[-158.62,56.75],[-159.25,56.78],[-159.78,56.58],[-159.98,56.42],[-160.11,56.32],[-160.46,56.2],[-160.61,56.04],[-160.61,55.96],[-160.17,55.81],[-159.61,55.89],[-159.08,55.99],[-158.74,56.19],[-158.61,56.37],[-158.53,56.45],[-157.98,56.65],[-157.75,56.77],[-157.4,56.85],[-156.99,56.91],[-156.5,57.1],[-156.45,57.18],[-156.68,57.4],[-156.37,57.57],[-155.9,57.72],[-155.6,57.9],[-154.95,58.03],[-154.65,58.08],[-154.4,58.25],[-154.21,58.43],[-153.96,58.55],[-153.68,58.64],[-153.49,58.79],[-153.45,58.88],[-153.66,58.98],[-153.96,59.03],[-154.13,59.04],[-154.3,59.12],[-154.28,59.25],[-153.98,59.52],[-153.71,59.64],[-153.41,59.71],[-153.15,59.74],[-152.9,59.9],[-152.82,60.13],[-152.88,60.28],[-152.74,60.34],[-152.56,60.38],[-152.19,60.66],[-151.73,60.78],[-151.34,60.95],[-151.08,61.15],[-150.88,61.19],[-150.78,61.29],[-150.31,61.31],[-149.87,61.14],[-149.32,60.93],[-149.42,60.86],[-149.91,60.91],[-150.44,60.91],[-150.83,60.8],[-151.16,60.66],[-151.23,60.47],[-151.42,60.25],[-151.78,59.99],[-151.78,59.95],[-151.49,59.71],[-151.45,59.54],[-151.77,59.36],[-151.8,59.3],[-151.88,59.16],[-151.39,59.21],[-150.92,59.41],[-150.5,59.62],[-150.02,59.71],[-149.58,59.99],[-149.33,60.03],[-149.06,60],[-148.7,59.9],[-148.49,59.9],[-148.3,60.11],[-148.26,60.28],[-148.34,60.41],[-148.84,60.55],[-148.73,60.73],[-148.55,60.84],[-148.47,60.87],[-148.49,61.06],[-148.19,61.1],[-147.94,61.21],[-147.64,61.05],[-147.27,60.94],[-146.58,60.84],[-146.19,60.73],[-146,60.66],[-145.89,60.52],[-145.49,60.38],[-145.14,60.45],[-145,60.55],[-144.81,60.32],[-144.52,60.14],[-144.41,60.09],[-144.05,60.05],[-143.08,60.07],[-142.42,60.02],[-141.96,60.04],[-141.75,60.13],[-141.59,60.14],[-141.44,60.09],[-141.37,60.01],[-141.39,59.9],[-140.9,59.79],[-140.43,59.76],[-140.13,59.77],[-139.93,59.83],[-139.57,59.9],[-139.4,59.83],[-139.31,59.71],[-139.37,59.63],[-139.79,59.52],[-139.2,59.28],[-138.78,59.18],[-138.74,59.18],[-138.45,59.16],[-138.2,59.03],[-137.58,58.6],[-137.09,58.45],[-136.36,58.52],[-136.37,58.62],[-136.94,58.94],[-136.39,58.84],[-136.15,58.9],[-135.97,58.7],[-135.74,58.47],[-135.62,58.44],[-135.3,58.37],[-135.28,58.44],[-135.33,58.58],[-135.51,58.97],[-135.47,59.34],[-135.31,59.35],[-135.14,59.17],[-135.05,58.91],[-134.83,58.56],[-134.38,58.38],[-134.12,58.24],[-134.02,58.12],[-133.84,58],[-133.64,57.97],[-133.5,57.9],[-133.47,57.84],[-133.64,57.74],[-133.6,57.64],[-133.34,57.38],[-133.4,57.22],[-133.2,57.16],[-132.87,57.02],[-132.56,56.7],[-132.27,56.51],[-132.1,56.35],[-132.18,56.25],[-132.28,56.13],[-132.26,55.94],[-132.26,55.85],[-132.03,55.89],[-131.96,55.97],[-131.77,56.01],[-131.19,56.03],[-131.1,55.91],[-130.89,55.77],[-130.7,55.47],[-130.73,55.27],[-130.77,55.07],[-130.69,54.97],[-130.55,54.91],[-130.41,55.02],[-130.27,55.07],[-130.07,55.1],[-130,55.29],[-129.84,54.98],[-130.04,54.84],[-130.11,54.73],[-130.3,54.55],[-130.27,54.35],[-130.18,54.17],[-130,53.94],[-129.43,53.52],[-129.06,53.74],[-128.81,53.76],[-128.83,53.53],[-128.89,53.42],[-128.43,52.94],[-128.08,52.94],[-128.06,52.5],[-127.87,52.41],[-127.71,52.39],[-127.43,52.46],[-127.04,52.46],[-127.31,52.23],[-127.56,52.17],[-127.74,52.04],[-128.01,51.81],[-127.46,51.77],[-127.35,51.64],[-127.56,51.54],[-127.67,51.25],[-127.63,51.13],[-127.46,51.02],[-127.25,50.97],[-126.69,50.99],[-126.43,51.09],[-126.23,50.93],[-126.16,50.75],[-126.09,50.71],[-125.87,50.67],[-125.41,50.55],[-124.94,50.6],[-124.85,50.23],[-124.79,50.04],[-124.47,49.81],[-124.25,49.84],[-124.15,49.93],[-123.98,49.97],[-123.92,49.89],[-123.85,49.66],[-123.7,49.53],[-123.53,49.51],[-123.21,49.62],[-123.25,49.47],[-123.21,49.27],[-122.98,49.14],[-122.9,49.07],[-122.61,48.83],[-122.53,48.7],[-122.37,48.27],[-122.35,48.08],[-122.39,47.87],[-122.49,47.61],[-122.66,47.47],[-122.74,47.36],[-122.75,47.26],[-122.86,47.34],[-122.94,47.42],[-123.18,47.49],[-123,47.64],[-122.81,47.83],[-122.83,48.02],[-123.07,48.17],[-123.26,48.21],[-123.5,48.19],[-123.79,48.2],[-124.15,48.25],[-124.43,48.35],[-124.68,48.39],[-124.73,48.33],[-124.73,48.12],[-124.31,47.46],[-124.25,47.02],[-124.19,47.04],[-124.21,47.09],[-124.19,47.11],[-124.13,47.11],[-124.06,47.05],[-123.91,47.04],[-124.17,46.94],[-124.18,46.82],[-124.13,46.67],[-124.16,46.35],[-123.88,46.3],[-123.79,46.3],[-123.82,46.26],[-123.91,46.25],[-124.05,46.29],[-124.05,46.26],[-124.04,46.22],[-124.02,46.13],[-124,46.05],[-124.07,46.02],[-124.03,45.94],[-124.06,45.84],[-123.99,45.76],[-124,45.68],[-124.04,45.33],[-124.07,45.05],[-124.14,44.79],[-124.23,44.45],[-124.33,44.07],[-124.3,43.92],[-124.14,43.67],[-124.3,43.34],[-124.48,43.25],[-124.59,43.14],[-124.63,43.01],[-124.56,42.6],[-124.31,42.05],[-124.25,41.93],[-124.15,41.58],[-124.18,41.19],[-124.25,41.03],[-124.37,40.75],[-124.41,40.47],[-124.36,40.33],[-124.03,39.98],[-123.93,39.82],[-123.82,39.61],[-123.89,39.41],[-123.74,39.08],[-123.8,39.03],[-123.74,38.97],[-123.46,38.7],[-123.22,38.53],[-123.05,38.3],[-122.99,38.14],[-122.76,37.96],[-122.71,37.98],[-122.57,37.89],[-122.53,37.9],[-122.55,38.1],[-122.55,38.16],[-122.49,38.16],[-122.47,38.01],[-122.38,37.96],[-122.37,37.85],[-122.29,37.79],[-122.12,37.54],[-122.21,37.54],[-122.26,37.6],[-122.39,37.65],[-122.46,37.74],[-122.42,37.79],[-122.45,37.82],[-122.5,37.85],[-122.55,37.84],[-122.58,37.77],[-122.56,37.57],[-122.5,37.54],[-122.46,37.4],[-122.49,37.3],[-122.25,37.07],[-122.12,37.01],[-122.02,37.03],[-121.93,37.01],[-121.84,36.9],[-121.85,36.75],[-121.92,36.68],[-122,36.68],[-122,36.58],[-121.93,36.34],[-121.74,36.24],[-121.65,36.1],[-121.56,36.07],[-121.39,35.79],[-121.2,35.69],[-121.08,35.56],[-120.93,35.47],[-120.91,35.38],[-120.95,35.33],[-120.95,35.29],[-120.84,35.23],[-120.78,35.23],[-120.68,35.19],[-120.74,34.98],[-120.67,34.75],[-120.71,34.7],[-120.69,34.62],[-120.58,34.59],[-120.53,34.51],[-120.2,34.53],[-119.78,34.46],[-119.61,34.48],[-119.42,34.37],[-119.29,34.22],[-118.87,34.07],[-118.73,34.11],[-118.6,34.1],[-118.5,33.98],[-118.47,33.89],[-118.5,33.86],[-118.44,33.79],[-118.39,33.78],[-118.35,33.79],[-118.35,33.83],[-118.29,33.84],[-118.24,33.82],[-118.01,33.73],[-117.71,33.53],[-117.5,33.33],[-117.35,33.05],[-117.35,32.75],[-117.33,32.71],[-117.32,32.74],[-117.3,32.75],[-117.28,32.72],[-117.19,32.56],[-117.17,32.52],[-117.07,32.3],[-116.96,32.16],[-116.61,31.88],[-116.71,31.71],[-116.7,31.59],[-116.51,31.27],[-116.23,30.94],[-116.14,30.77],[-116.13,30.5],[-116.06,30.34],[-115.86,30.28],[-115.82,30.21],[-115.69,29.92],[-115.6,29.69],[-115.42,29.53],[-114.98,29.31],[-114.48,28.91],[-114.27,28.71],[-114.07,28.42],[-114.06,28.34],[-114.1,28.05],[-114.21,27.91],[-114.48,27.78],[-114.75,27.79],[-115.05,27.85],[-114.94,27.74],[-114.88,27.68],[-114.48,27.24],[-114.15,27.1],[-113.59,26.77],[-113.42,26.74],[-113.29,26.81],[-112.98,26.5],[-112.76,26.36],[-112.56,26.32],[-112.41,26.19],[-112.3,26.02],[-112.08,25.57],[-112.07,25.46],[-112.17,25.01],[-112.09,24.89],[-111.91,24.69],[-111.39,24.24],[-111.02,24.01],[-110.78,23.8],[-110.5,23.66],[-110.22,23.4],[-110.12,23.07],[-110,22.89],[-109.89,22.87],[-109.58,23.13],[-109.52,23.19],[-109.43,23.43],[-109.49,23.57],[-109.62,23.58],[-109.82,23.69],[-109.94,23.95],[-110.2,24.32],[-110.31,24.23],[-110.49,24.15],[-110.66,24.22],[-110.77,24.38],[-110.77,24.61],[-110.8,24.88],[-111.09,25.42],[-111.33,25.9],[-111.48,26.56],[-111.59,26.76],[-111.69,26.7],[-111.91,26.66],[-112.12,27.02],[-112.19,27.31],[-112.28,27.51],[-112.34,27.53],[-112.57,27.56],[-112.68,27.63],[-112.72,27.71],[-112.87,28.33],[-112.98,28.41],[-113.12,28.43],[-113.32,28.56],[-113.59,29.1],[-113.83,29.4],[-114.1,29.64],[-114.39,29.76],[-114.45,29.84],[-114.68,30.14],[-114.72,30.37],[-114.73,30.84],[-114.85,30.98],[-114.97,31.13],[-114.99,31.17],[-114.97,31.36],[-114.84,31.82],[-114.2,31.52],[-114.08,31.54],[-113.95,31.69],[-113.75,31.61],[-113.69,31.54],[-113.66,31.33],[-113.3,31.25],[-113.05,31.14],[-113.07,31],[-113.09,30.77],[-113.02,30.57],[-112.91,30.41],[-112.74,30.11],[-112.66,29.93],[-108.6,31.55],[-103.82,30.28],[-99.12,27.24],[-97.64,26.94],[-97.63,27.23],[-97.56,27.36],[-97.27,27.67],[-97.32,27.75],[-97.57,27.91],[-97.45,27.99],[-97.12,28.11],[-96.83,28.16],[-96.71,28.23],[-96.68,28.25],[-96.58,28.43],[-96.77,28.62],[-96.72,28.71],[-96.39,28.66],[-96.2,28.64],[-96.01,28.66],[-95.6,28.8],[-95.24,29.06],[-94.84,29.35],[-95.06,29.68],[-95.01,29.76],[-94.86,29.78],[-94.8,29.56],[-94.6,29.55],[-94.43,29.54],[-94.14,29.69],[-94.06,29.7],[-93.45,29.77],[-93.04,29.69],[-92.64,29.58],[-92.46,29.57],[-92.12,29.54],[-91.98,29.63],[-92.23,29.8],[-91.95,29.83],[-91.43,29.54],[-91.24,29.32],[-90.78,29.11],[-90.65,29.24],[-90.44,29.33],[-90.23,29.12],[-90.2,29.14],[-90.09,29.22],[-90.2,29.3],[-90.3,29.37],[-90.2,29.52],[-90.2,29.53],[-90.08,29.5],[-89.98,29.41],[-89.62,29.28],[-89.5,29.1],[-89.27,29.06],[-89.03,29.12],[-89.19,29.27],[-89.29,29.37],[-89.56,29.43],[-89.68,29.59],[-89.69,29.71],[-89.38,29.87],[-89.68,30.09],[-89.87,30.13],[-90.11,30.04],[-90.2,30.04],[-90.34,30.04],[-90.43,30.14],[-90.27,30.38],[-90.2,30.39],[-90.16,30.39],[-89.71,30.18],[-89.54,30.21],[-89.23,30.41],[-88.64,30.39],[-88.34,30.39],[-88.14,30.33],[-88.03,30.68],[-87.77,30.26],[-87.69,30.26],[-87.4,30.31],[-87.38,30.44],[-87.09,30.36],[-86.62,30.41],[-86.39,30.47],[-86.29,30.37],[-86.06,30.23],[-85.72,30.2],[-85.6,30.15],[-85.49,30.04],[-85.43,29.76],[-85.3,29.66],[-84.76,29.8],[-84.56,29.96],[-84.32,30.09],[-84.12,30.12],[-83.89,30.05],[-83.49,29.69],[-83.12,29.24],[-82.89,29.19],[-82.78,29.11],[-82.65,28.91],[-82.72,28.44],[-82.78,28.1],[-82.84,27.84],[-82.72,27.74],[-82.5,27.93],[-82.43,27.83],[-82.45,27.72],[-82.62,27.53],[-82.75,27.53],[-82.58,27.31],[-82.31,26.82],[-82.14,26.87],[-82.08,26.55],[-81.89,26.45],[-81.84,26.08],[-81.74,25.92],[-81.4,25.86],[-81.15,25.38],[-81.15,25.27],[-81.1,25.13],[-80.87,25.19],[-80.74,25.13],[-80.57,25.19],[-80.45,25.21],[-80.44,25.15],[-80.5,25.04],[-80.49,25],[-80.31,25.24],[-80.31,25.36],[-80.35,25.55],[-80.21,25.73],[-80.19,25.86],[-80.05,26.55],[-80.08,26.92],[-80.13,27.07],[-80.26,27.2],[-80.23,27.24],[-80.45,27.78],[-80.61,28.56],[-81.03,29.26],[-81.23,29.66],[-81.41,30.07],[-81.51,30.73],[-81.3,31.29],[-81.2,31.59],[-81.18,31.64],[-80.82,32.15],[-80.74,32.24],[-80.58,32.5],[-80.22,32.54],[-80.03,32.63],[-79.72,32.8],[-79.35,33.11],[-79.31,33.27],[-79.2,33.46],[-78.9,33.7],[-78.62,33.81],[-78.38,33.87],[-78.25,33.89],[-77.96,33.93],[-77.9,33.99],[-77.69,34.26],[-77.3,34.67],[-76.62,34.76],[-76.5,34.8],[-76.5,34.83],[-76.31,34.98],[-76.33,35.01],[-76.43,35.03],[-76.44,35.11],[-76.49,35.02],[-76.62,35.03],[-76.76,34.96],[-76.95,35.03],[-77.06,35.21],[-76.85,35.04],[-76.78,35.04],[-76.65,35.1],[-76.57,35.21],[-76.68,35.22],[-76.5,35.28],[-76.48,35.33],[-76.86,35.49],[-76.98,35.5],[-77.05,35.58],[-76.86,35.51],[-76.62,35.46],[-76.58,35.46],[-76.64,35.57],[-76.58,35.58],[-76.52,35.47],[-76.45,35.44],[-76.36,35.41],[-76.14,35.38],[-76.03,35.47],[-75.88,35.69],[-75.86,35.64],[-75.78,35.64],[-75.71,35.75],[-75.73,35.88],[-75.85,36.02],[-75.93,35.97],[-75.99,35.81],[-76.03,35.69],[-76.09,35.72],[-76.06,35.89],[-76.01,35.97],[-76.07,36.05],[-76.32,35.98],[-76.73,35.99],[-76.68,36.06],[-76.73,36.16],[-76.75,36.26],[-76.71,36.35],[-76.67,36.33],[-76.71,36.26],[-76.7,36.16],[-76.59,36.07],[-76.51,36.06],[-76.34,36.15],[-76.44,36.24],[-76.2,36.15],[-76.09,36.21],[-76.21,36.34],[-76.19,36.37],[-75.95,36.23],[-75.95,36.33],[-75.86,36.16],[-75.79,36.14],[-75.9,36.4],[-75.96,36.44],[-76.04,36.57],[-75.91,36.54],[-75.92,36.63],[-75.98,36.63],[-75.96,36.77],[-75.89,36.64],[-75.73,36.12],[-75.7,36.06],[-75.59,35.9],[-75.52,35.86],[-75.72,36.22],[-75.91,36.77],[-75.97,36.94],[-76.31,36.99],[-76.33,36.94],[-76.52,36.92],[-76.5,37.03],[-76.72,37.2],[-76.92,37.27],[-76.94,37.29],[-76.85,37.36],[-76.64,37.27],[-76.42,37.03],[-76.28,37.06],[-76.29,37.2],[-76.38,37.29],[-76.46,37.28],[-76.6,37.35],[-76.79,37.56],[-76.78,37.57],[-76.48,37.32],[-76.38,37.33],[-76.43,37.43],[-76.4,37.46],[-76.26,37.37],[-76.24,37.49],[-76.27,37.51],[-76.25,37.55],[-76.4,37.58],[-76.28,37.63],[-76.57,37.7],[-76.89,38.07],[-76.42,37.71],[-76.31,37.73],[-76.22,37.94],[-76.29,38],[-76.54,38.08],[-76.51,38.12],[-76.94,38.25],[-77.03,38.36],[-77.24,38.38],[-77.33,38.49],[-77.25,38.7],[-77.05,38.73],[-77.25,38.59],[-77.25,38.46],[-77.1,38.48],[-76.86,38.33],[-76.89,38.44],[-76.82,38.42],[-76.77,38.29],[-76.61,38.29],[-76.32,38.11],[-76.38,38.34],[-76.57,38.44],[-76.65,38.54],[-76.66,38.63],[-76.62,38.54],[-76.41,38.4],[-76.38,38.46],[-76.51,38.68],[-76.54,38.79],[-76.41,39.09],[-76.59,39.31],[-76.39,39.28],[-76.34,39.46],[-76.3,39.43],[-76.27,39.36],[-76.24,39.4],[-76.26,39.5],[-76.22,39.52],[-76.2,39.42],[-76.06,39.51],[-76.11,39.55],[-76.07,39.6],[-75.94,39.65],[-76.01,39.46],[-75.86,39.44],[-76.15,39.37],[-76.26,39.2],[-76.19,39.17],[-76.06,39.2],[-76.15,39.07],[-76.3,39.08],[-76.34,39.03],[-76.31,38.98],[-76.16,38.95],[-76.11,38.84],[-76.17,38.82],[-76.27,38.89],[-76.31,38.88],[-76.35,38.73],[-76.32,38.73],[-76.28,38.81],[-76.01,38.67],[-76.01,38.64],[-76.17,38.62],[-76.33,38.54],[-76.22,38.36],[-76.15,38.38],[-76.04,38.29],[-75.85,38.43],[-75.81,38.28],[-75.92,38.26],[-75.93,38.17],[-75.85,38.13],[-75.75,38.15],[-75.85,37.98],[-75.68,38.03],[-75.64,38],[-75.67,37.9],[-75.78,37.84],[-75.87,37.71],[-76.02,37.33],[-75.96,37.21],[-75.86,37.22],[-75.87,37.28],[-75.7,37.61],[-75.65,37.55],[-75.59,37.61],[-75.61,37.63],[-75.43,37.99],[-75.21,38.29],[-75.16,38.29],[-75.09,38.39],[-75.04,38.5],[-75.09,38.84],[-75.21,38.87],[-75.39,39.13],[-75.4,39.29],[-75.62,39.67],[-75.46,39.84],[-75.34,39.89],[-75.41,39.78],[-75.55,39.67],[-75.4,39.42],[-75.33,39.4],[-75.13,39.25],[-74.94,39.25],[-74.89,39.17],[-74.97,39.03],[-74.94,38.98],[-74.86,38.99],[-74.73,39.13],[-74.52,39.35],[-74.41,39.42],[-74.39,39.5],[-74.41,39.61],[-74.29,39.57],[-74.15,39.77],[-73.95,40.45],[-74.19,40.49],[-74.21,40.51],[-74.15,40.54],[-74.12,40.55],[-74.11,40.56],[-74.06,40.6],[-74.05,40.6],[-74.05,40.62],[-74.06,40.62],[-74.06,40.64],[-74.07,40.65],[-74.08,40.65],[-74.17,40.64],[-74.18,40.64],[-74.18,40.63],[-74.23,40.54],[-74.29,40.63],[-74.11,40.76],[-74.07,40.73],[-73.89,41.17],[-73.86,41.19],[-73.87,41.14],[-74.01,40.8],[-73.99,40.78],[-73.93,40.86],[-73.78,40.88],[-73.74,40.98],[-73.39,41.14],[-72.85,41.29],[-72.09,41.37],[-71.45,41.43],[-71.41,41.72],[-71.37,41.84],[-71.3,41.77],[-71.1,41.83],[-71.19,41.68],[-71.17,41.53],[-71.04,41.54],[-70.97,41.56],[-70.9,41.68],[-70.85,41.63],[-70.83,41.68],[-70.76,41.69],[-70.71,41.8],[-70.66,41.77],[-70.64,41.59],[-69.92,41.72],[-69.94,41.91],[-70.03,42.08],[-70.14,42.14],[-70.23,42.14],[-70.22,42.11],[-70.18,42.09],[-70.06,41.96],[-70,41.95],[-69.99,41.87],[-70.3,41.76],[-70.48,41.81],[-70.51,41.99],[-70.78,42.3],[-70.9,42.35],[-71.05,42.36],[-71.02,42.43],[-70.85,42.56],[-70.87,42.6],[-70.63,42.65],[-70.57,42.72],[-70.65,42.72],[-70.68,42.69],[-70.76,42.71],[-70.79,42.81],[-70.87,42.87],[-70.69,43.1],[-70.54,43.4],[-70.38,43.45],[-70.31,43.62],[-70.19,43.64],[-70.22,43.8],[-69.92,43.91],[-69.97,43.81],[-69.83,43.75],[-69.68,43.88],[-69.75,43.96],[-69.61,44.07],[-69.66,43.93],[-69.51,43.9],[-69.39,44.09],[-69.25,43.99],[-69.09,44.14],[-68.95,44.39],[-68.78,44.63],[-68.71,44.61],[-68.8,44.39],[-68.5,44.3],[-68.56,44.48],[-68.47,44.44],[-68.13,44.57],[-68.05,44.41],[-67.98,44.48],[-67.91,44.48],[-67.86,44.6],[-67.74,44.66],[-67.63,44.63],[-67.6,44.58],[-67.54,44.61],[-67.53,44.72],[-67.4,44.67],[-67.17,44.71],[-66.94,44.88],[-67.02,44.92],[-67.15,44.9],[-67.03,45.03],[-67.19,45.25],[-67.02,45.14],[-66.96,45.21],[-66.5,45.19],[-66.4,45.11],[-66.05,45.29],[-66.15,45.38],[-66.05,45.35],[-65.89,45.26],[-65.76,45.29],[-64.87,45.66],[-64.72,45.67],[-64.56,45.89],[-64.7,46.08],[-64.47,45.86],[-64.52,45.79],[-64.28,45.92],[-64.26,45.84],[-64.37,45.81],[-64.4,45.72],[-64.91,45.46],[-64.92,45.37],[-64.81,45.41],[-64.7,45.45],[-64.56,45.46],[-64.2,45.45],[-64.01,45.43],[-63.74,45.45],[-63.45,45.43],[-63.38,45.38],[-63.47,45.35],[-63.55,45.38],[-63.88,45.32],[-64.17,45.22],[-64.16,45.14],[-64.14,45.05],[-64.26,45.18],[-64.34,45.16],[-64.31,45.35],[-64.46,45.39],[-64.75,45.23],[-65.25,44.98],[-65.75,44.74],[-65.63,44.69],[-65.72,44.65],[-65.78,44.72],[-66.19,44.49],[-66.16,44.44],[-66,44.56],[-65.84,44.62],[-65.86,44.56],[-65.98,44.49],[-66.19,44.14],[-66,43.75],[-65.94,43.86],[-65.78,43.64],[-65.71,43.56],[-65.56,43.62],[-65.47,43.52],[-65.43,43.65],[-65.32,43.75],[-65.25,43.7],[-65.22,43.76],[-65.15,43.76],[-65.09,43.73],[-64.99,43.76],[-65.03,43.87],[-64.97,43.82],[-64.87,43.86],[-64.91,43.94],[-64.84,43.88],[-64.84,43.98],[-64.75,44],[-64.65,44.06],[-64.71,44.13],[-64.36,44.33],[-64.28,44.3],[-64.24,44.36],[-64.25,44.45],[-64.39,44.49],[-64.29,44.51],[-64.31,44.62],[-64.15,44.63],[-64.09,44.51],[-64,44.57],[-63.89,44.73],[-63.9,44.57],[-63.83,44.55],[-63.79,44.51],[-63.56,44.51],[-63.52,44.6],[-63.42,44.63],[-63.39,44.75],[-63.3,44.66],[-63.23,44.78],[-63.11,44.83],[-63.05,44.71],[-62.82,44.77],[-62.79,44.8],[-62.48,44.92],[-62.44,44.87],[-62.27,44.99],[-62.07,45.01],[-62.01,45.07],[-61.81,45.08],[-61.84,45.13],[-61.63,45.14],[-61.68,45.22],[-61.58,45.2],[-61.35,45.2],[-61.4,45.24],[-61.27,45.3],[-61.19,45.25],[-60.96,45.3],[-61.03,45.38],[-61.4,45.39],[-61.44,45.44],[-61.26,45.55],[-61.48,45.74],[-61.72,45.69],[-61.89,45.76],[-61.94,45.92],[-62.08,45.89],[-62.39,45.72],[-62.5,45.72],[-62.62,45.73],[-62.73,45.68],[-62.63,45.77],[-62.74,45.82],[-63.12,45.85],[-63.09,45.8],[-63.28,45.78],[-63.34,45.86],[-63.43,45.86],[-63.49,45.92],[-63.75,45.88],[-63.84,45.99],[-64.08,46.05],[-64.06,46.11],[-63.89,46.11],[-63.75,46.17],[-64.08,46.24],[-64.09,46.21],[-64.16,46.25],[-64.53,46.27],[-64.54,46.34],[-64.7,46.54],[-64.72,46.63],[-64.69,46.69],[-64.8,46.76],[-64.85,46.72],[-64.89,46.91],[-64.81,47.04],[-64.84,47.12],[-65.39,47.13],[-64.98,47.33],[-64.95,47.43],[-64.87,47.44],[-64.92,47.56],[-64.82,47.68],[-64.66,47.78],[-64.83,47.85],[-65.04,47.78],[-65.03,47.88],[-65.61,47.66],[-65.65,47.71],[-65.76,47.91],[-65.84,47.96],[-66.35,48.06],[-66.47,48.1],[-66.18,48.18],[-65.85,48.21],[-65.47,48.1],[-65.21,48.12],[-64.87,48.32],[-64.4,48.46],[-64.25,48.55],[-64.19,48.65],[-64.26,48.86],[-64.32,48.95],[-64.55,49.08],[-64.95,49.21],[-65.37,49.23],[-66.03,49.17],[-66.49,49.06],[-66.97,48.95],[-67.78,48.72],[-68.34,48.55],[-69.25,48.12],[-69.75,47.77],[-70.22,47.34],[-70.53,47.13],[-70.7,47.07],[-71.04,46.74],[-70.81,47.17],[-70.6,47.43],[-70.41,47.56],[-70.19,47.81],[-69.8,48.19],[-69.65,48.3],[-69.51,48.46],[-69.15,48.73],[-68.8,48.98],[-68.31,49.23],[-68.07,49.29],[-67.58,49.34],[-67.32,49.43],[-67.19,49.58],[-67.1,49.83],[-66.85,50.09],[-66.62,50.22],[-66.37,50.31],[-65.58,50.36],[-65.17,50.35],[-64.33,50.3],[-63.85,50.3],[-63.37,50.33],[-63.21,50.35],[-62.29,50.31],[-61.64,50.28],[-60.81,50.33],[-60.14,50.41],[-59.72,50.51],[-59.44,50.64],[-59.13,50.84],[-58.72,51.19],[-58.52,51.38],[-57.83,51.41],[-57.46,51.47],[-56.96,51.49],[-56.67,51.61],[-56.18,51.89],[-55.82,52.02],[-55.66,52.19],[-56.11,52.61],[-55.93,52.81],[-55.9,52.97],[-55.77,53.16],[-55.78,53.24],[-55.88,53.35],[-56.13,53.47],[-58.79,52.57],[-60.17,53.3],[-60.25,53.28],[-60.22,53.32],[-62.89,54.73],[-65.64,55.26],[-71.03,55.2],[-74.2,52.93],[-78.74,52.74]],[[-87.22,41.63],[-87.38,41.63],[-87.48,41.69],[-87.55,41.77],[-87.61,41.88],[-87.68,42.02],[-87.78,42.2],[-87.81,42.42],[-87.78,42.66],[-87.79,42.84],[-87.86,42.96],[-87.9,43.08],[-87.91,43.19],[-87.86,43.36],[-87.76,43.58],[-87.71,43.75],[-87.71,43.88],[-87.67,44],[-87.56,44.13],[-87.52,44.23],[-87.54,44.29],[-87.49,44.44],[-87.37,44.68],[-87.34,44.82],[-87.4,44.87],[-87.47,44.88],[-87.54,44.86],[-87.63,44.8],[-87.72,44.7],[-87.82,44.62],[-87.94,44.56],[-88,44.58],[-87.99,44.67],[-87.95,44.77],[-87.88,44.88],[-87.79,44.94],[-87.68,44.97],[-87.62,45.02],[-87.61,45.11],[-87.46,45.29],[-87.19,45.57],[-87.04,45.76],[-87,45.86],[-86.97,45.85],[-86.97,45.73],[-86.94,45.68],[-86.87,45.71],[-86.82,45.76],[-86.8,45.83],[-86.72,45.87],[-86.6,45.88],[-86.54,45.86],[-86.55,45.8],[-86.6,45.75],[-86.68,45.7],[-86.69,45.66],[-86.64,45.62],[-86.61,45.63],[-86.59,45.68],[-86.52,45.73],[-86.41,45.77],[-86.33,45.83],[-86.3,45.91],[-86.13,45.95],[-85.84,45.95],[-85.64,45.99],[-85.55,46.06],[-85.38,46.07],[-85.14,46.03],[-84.95,45.97],[-84.82,45.88],[-84.76,45.82],[-84.78,45.77],[-84.85,45.75],[-84.96,45.76],[-85,45.75],[-84.96,45.72],[-84.99,45.68],[-85.07,45.61],[-85.1,45.55],[-85.08,45.48],[-85.03,45.44],[-84.95,45.41],[-85.03,45.37],[-85.25,45.31],[-85.37,45.2],[-85.38,45.03],[-85.42,44.9],[-85.49,44.8],[-85.54,44.75],[-85.56,44.76],[-85.55,44.82],[-85.5,44.93],[-85.5,44.94],[-85.56,44.82],[-85.61,44.79],[-85.64,44.83],[-85.63,44.9],[-85.59,45],[-85.58,45.07],[-85.6,45.11],[-85.6,45.13],[-85.57,45.13],[-85.55,45.15],[-85.53,45.17],[-85.53,45.19],[-85.54,45.2],[-85.54,45.21],[-85.61,45.15],[-85.74,45.01],[-85.87,44.94],[-86,44.92],[-86.07,44.87],[-86.08,44.78],[-86.13,44.73],[-86.21,44.7],[-86.26,44.61],[-86.26,44.43],[-86.33,44.27],[-86.45,44.13],[-86.49,44],[-86.45,43.88],[-86.46,43.78],[-86.51,43.68],[-86.47,43.5],[-86.33,43.22],[-86.24,42.99],[-86.22,42.8],[-86.23,42.62],[-86.28,42.44],[-86.37,42.25],[-86.52,42.04],[-86.67,41.87],[-86.84,41.77],[-87.03,41.69],[-87.22,41.63]],[[-84.13,45.95],[-83.97,45.95],[-83.93,45.96],[-83.91,45.99],[-83.93,46.04],[-83.93,46.09],[-83.9,46.13],[-83.86,46.15],[-83.83,46.14],[-83.81,46.17],[-83.79,46.26],[-83.61,46.27],[-83.27,46.2],[-82.98,46.18],[-82.74,46.2],[-82.65,46.2],[-82.69,46.18],[-82.46,46.15],[-81.97,46.12],[-81.74,46.1],[-81.77,46.08],[-81.79,46.05],[-81.78,46.03],[-81.82,46.02],[-81.91,46.04],[-81.92,46.03],[-81.85,45.99],[-81.77,46.01],[-81.7,46.08],[-81.63,46.1],[-81.56,46.07],[-81.58,46.05],[-81.67,46.02],[-81.71,46.01],[-81.69,46.01],[-81.67,46.01],[-81.65,46.02],[-81.6,46.03],[-81.52,46.04],[-81.48,46.05],[-81.52,46.04],[-81.62,46.02],[-81.64,46.01],[-81.59,46],[-81.59,45.99],[-81.66,45.96],[-81.69,45.95],[-81.68,45.94],[-81.63,45.96],[-81.55,45.99],[-81.51,46],[-81.5,45.98],[-81.48,45.97],[-81.44,45.99],[-81.42,45.99],[-81.41,45.99],[-81.39,45.99],[-81.37,46],[-81.33,46],[-81.28,46],[-81.24,46],[-81.24,45.99],[-81.27,45.99],[-81.36,45.98],[-81.37,45.97],[-81.31,45.96],[-81.25,45.96],[-81.19,45.99],[-81.17,45.98],[-81.19,45.95],[-81.1,45.94],[-80.91,45.95],[-80.81,45.95],[-80.8,45.95],[-80.8,45.94],[-80.8,45.92],[-80.8,45.91],[-80.8,45.9],[-80.8,45.91],[-80.79,45.91],[-80.79,45.9],[-80.78,45.92],[-80.77,45.95],[-80.76,45.97],[-80.75,45.95],[-80.75,45.91],[-80.73,45.89],[-80.72,45.89],[-80.7,45.89],[-80.68,45.89],[-80.66,45.89],[-80.65,45.89],[-80.64,45.89],[-80.66,45.89],[-80.69,45.89],[-80.71,45.88],[-80.73,45.89],[-80.73,45.88],[-80.73,45.86],[-80.72,45.85],[-80.69,45.84],[-80.67,45.85],[-80.64,45.86],[-80.62,45.87],[-80.61,45.86],[-80.63,45.86],[-80.66,45.84],[-80.69,45.83],[-80.71,45.83],[-80.71,45.82],[-80.68,45.79],[-80.62,45.78],[-80.54,45.77],[-80.53,45.77],[-80.59,45.77],[-80.63,45.76],[-80.65,45.74],[-80.62,45.7],[-80.53,45.65],[-80.5,45.61],[-80.51,45.58],[-80.49,45.58],[-80.44,45.61],[-80.4,45.61],[-80.36,45.58],[-80.35,45.54],[-80.38,45.49],[-80.37,45.45],[-80.31,45.43],[-80.29,45.41],[-80.3,45.37],[-80.27,45.35],[-80.2,45.34],[-80.19,45.35],[-80.22,45.38],[-80.21,45.4],[-80.15,45.41],[-80.1,45.4],[-80.05,45.37],[-80.06,45.31],[-80.11,45.24],[-80.09,45.18],[-79.98,45.13],[-79.97,45.1],[-80.05,45.09],[-80.04,45.07],[-79.93,45.04],[-79.89,45.01],[-79.93,44.99],[-79.92,44.97],[-79.85,44.94],[-79.81,44.9],[-79.8,44.84],[-79.78,44.81],[-79.75,44.8],[-79.73,44.8],[-79.73,44.81],[-79.72,44.82],[-79.7,44.83],[-79.69,44.83],[-79.7,44.83],[-79.71,44.84],[-79.7,44.84],[-79.71,44.84],[-79.73,44.85],[-79.74,44.86],[-79.74,44.87],[-79.73,44.88],[-79.69,44.88],[-79.68,44.87],[-79.68,44.83],[-79.69,44.81],[-79.71,44.8],[-79.71,44.78],[-79.67,44.75],[-79.71,44.74],[-79.83,44.75],[-79.89,44.77],[-79.89,44.8],[-79.9,44.81],[-79.92,44.81],[-79.93,44.8],[-79.94,44.78],[-79.94,44.77],[-79.95,44.77],[-79.95,44.79],[-79.95,44.84],[-79.99,44.85],[-80.08,44.82],[-80.09,44.77],[-80.02,44.7],[-80.01,44.62],[-80.07,44.52],[-80.22,44.5],[-80.47,44.57],[-80.61,44.64],[-80.63,44.69],[-80.68,44.72],[-80.76,44.71],[-80.83,44.67],[-80.91,44.6],[-80.93,44.62],[-80.91,44.74],[-80.96,44.78],[-81.08,44.76],[-81.09,44.8],[-81.01,44.9],[-80.99,44.94],[-81.05,44.91],[-81.12,44.91],[-81.19,44.94],[-81.25,45.01],[-81.31,45.1],[-81.32,45.17],[-81.3,45.22],[-81.39,45.25],[-81.59,45.25],[-81.7,45.25],[-81.72,45.22],[-81.69,45.21],[-81.62,45.2],[-81.54,45.14],[-81.47,45.03],[-81.42,44.98],[-81.38,44.99],[-81.34,44.9],[-81.3,44.71],[-81.35,44.55],[-81.52,44.4],[-81.64,44.27],[-81.72,44.14],[-81.75,43.89],[-81.74,43.53],[-81.81,43.32],[-81.96,43.26],[-82.07,43.18],[-82.14,43.1],[-82.23,43.04],[-82.35,43.02],[-82.46,43.2],[-82.56,43.58],[-82.66,43.84],[-82.75,43.96],[-82.84,44.03],[-82.92,44.06],[-83.07,44.03],[-83.29,43.95],[-83.38,43.91],[-83.34,43.9],[-83.41,43.82],[-83.59,43.67],[-83.74,43.62],[-83.87,43.68],[-83.92,43.78],[-83.87,43.92],[-83.78,44],[-83.65,44.03],[-83.57,44.1],[-83.55,44.2],[-83.49,44.27],[-83.39,44.31],[-83.32,44.43],[-83.29,44.62],[-83.28,44.76],[-83.3,44.84],[-83.35,44.91],[-83.42,44.97],[-83.44,45.02],[-83.4,45.06],[-83.37,45.07],[-83.35,45.05],[-83.32,45.04],[-83.28,45.03],[-83.26,45.02],[-83.32,45.11],[-83.43,45.27],[-83.64,45.39],[-83.93,45.46],[-84.12,45.53],[-84.18,45.6],[-84.36,45.67],[-84.63,45.75],[-84.75,45.85],[-84.69,45.98],[-84.63,46.03],[-84.56,45.99],[-84.39,45.96],[-84.13,45.95]],[[-78.95,42.89],[-78.89,42.87],[-78.87,42.8],[-78.98,42.7],[-79.2,42.57],[-79.56,42.39],[-80.07,42.15],[-80.57,41.97],[-81.04,41.84],[-81.4,41.7],[-81.63,41.56],[-81.81,41.49],[-81.95,41.51],[-82.13,41.48],[-82.37,41.41],[-82.57,41.4],[-82.73,41.45],[-82.84,41.46],[-82.91,41.43],[-82.97,41.43],[-83.03,41.44],[-82.97,41.47],[-82.8,41.52],[-82.75,41.53],[-82.82,41.53],[-82.85,41.54],[-82.84,41.57],[-82.86,41.57],[-82.91,41.53],[-83.03,41.56],[-83.24,41.66],[-83.37,41.7],[-83.44,41.7],[-83.45,41.75],[-83.39,41.86],[-83.34,41.92],[-83.28,41.94],[-83.26,41.96],[-83.28,41.98],[-83.26,42],[-83.2,42.01],[-83.18,42.03],[-83.19,42.06],[-83.13,42.05],[-82.99,42],[-82.85,41.99],[-82.69,42.02],[-82.59,42],[-82.53,41.94],[-82.48,41.96],[-82.43,42.06],[-82.28,42.15],[-82.03,42.22],[-81.9,42.28],[-81.88,42.31],[-81.88,42.32],[-81.9,42.28],[-81.89,42.26],[-81.86,42.26],[-81.84,42.29],[-81.82,42.36],[-81.68,42.46],[-81.44,42.59],[-81.01,42.62],[-80.41,42.57],[-80.09,42.54],[-80.06,42.55],[-80.15,42.57],[-80.35,42.6],[-80.39,42.66],[-80.28,42.74],[-80.02,42.81],[-79.64,42.85],[-79.36,42.87],[-79.18,42.85],[-79.05,42.85],[-78.95,42.89]],[[-89.52,48],[-89.56,48.01],[-89.5,48.05],[-89.34,48.15],[-89.26,48.25],[-89.24,48.36],[-89.11,48.45],[-88.89,48.53],[-88.82,48.51],[-88.9,48.37],[-88.89,48.31],[-88.8,48.34],[-88.68,48.47],[-88.54,48.72],[-88.43,48.82],[-88.34,48.78],[-88.36,48.7],[-88.49,48.59],[-88.55,48.51],[-88.56,48.44],[-88.53,48.45],[-88.46,48.53],[-88.4,48.57],[-88.33,48.57],[-88.31,48.59],[-88.33,48.63],[-88.3,48.63],[-88.23,48.6],[-88.17,48.64],[-88.12,48.73],[-88.13,48.79],[-88.19,48.82],[-88.24,48.87],[-88.25,48.93],[-88.2,48.98],[-88.09,49],[-87.85,48.95],[-87.46,48.82],[-87.19,48.77],[-87.04,48.8],[-86.93,48.8],[-86.89,48.76],[-86.82,48.76],[-86.74,48.79],[-86.69,48.79],[-86.65,48.75],[-86.58,48.74],[-86.48,48.76],[-86.38,48.73],[-86.3,48.63],[-86.22,48.5],[-86.17,48.33],[-86.08,48.18],[-85.94,48.05],[-85.8,47.97],[-85.65,47.93],[-85.39,47.92],[-85.03,47.94],[-84.89,47.86],[-84.99,47.69],[-84.92,47.52],[-84.7,47.37],[-84.62,47.26],[-84.7,47.18],[-84.75,47.1],[-84.77,47.02],[-84.74,46.95],[-84.66,46.91],[-84.6,46.9],[-84.58,46.93],[-84.52,46.93],[-84.41,46.9],[-84.37,46.87],[-84.39,46.84],[-84.44,46.82],[-84.52,46.82],[-84.56,46.79],[-84.56,46.72],[-84.55,46.71],[-84.5,46.74],[-84.47,46.74],[-84.44,46.71],[-84.47,46.65],[-84.56,46.58],[-84.56,46.52],[-84.49,46.48],[-84.6,46.46],[-84.89,46.48],[-85.01,46.56],[-84.98,46.7],[-85.1,46.75],[-85.37,46.7],[-85.67,46.67],[-85.99,46.67],[-86.28,46.61],[-86.52,46.48],[-86.73,46.44],[-86.91,46.5],[-87.09,46.53],[-87.27,46.51],[-87.42,46.57],[-87.53,46.71],[-87.65,46.81],[-87.76,46.86],[-87.88,46.9],[-88.02,46.91],[-88.11,46.91],[-88.18,46.9],[-88.22,46.88],[-88.25,46.85],[-88.27,46.83],[-88.28,46.82],[-88.25,46.86],[-88.18,46.93],[-88.23,46.91],[-88.41,46.81],[-88.48,46.81],[-88.46,46.92],[-88.39,47.03],[-88.28,47.14],[-88.16,47.25],[-88.02,47.34],[-87.9,47.39],[-87.77,47.4],[-87.77,47.42],[-87.88,47.46],[-88.06,47.45],[-88.3,47.4],[-88.56,47.28],[-88.84,47.09],[-89.09,46.96],[-89.31,46.88],[-89.51,46.84],[-89.7,46.82],[-89.95,46.75],[-90.28,46.62],[-90.53,46.6],[-90.7,46.69],[-90.77,46.71],[-90.72,46.68],[-90.75,46.64],[-90.88,46.6],[-90.9,46.66],[-90.8,46.81],[-90.78,46.91],[-90.83,46.94],[-91.09,46.9],[-91.56,46.76],[-91.87,46.71],[-92.02,46.73],[-92.11,46.73],[-92.13,46.71],[-92.15,46.7],[-92.16,46.71],[-92.17,46.71],[-92.16,46.7],[-92.14,46.68],[-92.15,46.68],[-92.17,46.69],[-92.19,46.69],[-92.2,46.66],[-92.22,46.65],[-92.24,46.65],[-92.26,46.65],[-92.27,46.65],[-91.9,46.89],[-91.15,47.37],[-90.46,47.71],[-89.82,47.9],[-89.52,48]],[[-76.06,44.01],[-76.05,44.01],[-76.09,43.97],[-76.17,43.89],[-76.22,43.86],[-76.25,43.87],[-76.27,43.87],[-76.29,43.85],[-76.26,43.79],[-76.19,43.7],[-76.17,43.63],[-76.21,43.56],[-76.27,43.53],[-76.37,43.52],[-76.52,43.46],[-76.72,43.33],[-76.86,43.27],[-76.94,43.28],[-76.96,43.26],[-76.94,43.24],[-77.03,43.24],[-77.24,43.27],[-77.39,43.27],[-77.49,43.25],[-77.53,43.22],[-77.52,43.19],[-77.58,43.22],[-77.7,43.3],[-77.85,43.35],[-78.02,43.37],[-78.24,43.37],[-78.5,43.36],[-78.82,43.31],[-79.19,43.21],[-79.48,43.19],[-79.69,43.27],[-79.79,43.3],[-79.8,43.3],[-79.79,43.29],[-79.79,43.28],[-79.78,43.27],[-79.79,43.26],[-79.82,43.27],[-79.89,43.27],[-79.9,43.28],[-79.84,43.3],[-79.81,43.31],[-79.8,43.3],[-79.79,43.3],[-79.74,43.36],[-79.65,43.49],[-79.53,43.57],[-79.39,43.6],[-79.27,43.67],[-79.15,43.77],[-78.74,43.88],[-78.02,43.98],[-77.62,44.01],[-77.54,43.95],[-77.44,43.93],[-77.34,43.95],[-77.29,43.96],[-77.29,43.95],[-77.29,43.94],[-77.3,43.94],[-77.29,43.94],[-77.26,43.96],[-77.25,43.95],[-77.27,43.92],[-77.28,43.92],[-77.31,43.93],[-77.31,43.94],[-77.3,43.95],[-77.31,43.95],[-77.33,43.95],[-77.31,43.93],[-77.27,43.88],[-77.22,43.85],[-77.18,43.84],[-77.08,43.86],[-76.93,43.91],[-76.9,43.94],[-76.97,43.94],[-77.01,43.94],[-77.03,43.92],[-77.04,43.91],[-77.05,43.91],[-77.05,43.92],[-77,43.97],[-76.9,44.06],[-76.88,44.09],[-76.96,44.06],[-77.02,44.04],[-77.08,44.04],[-77.12,44.03],[-77.13,44.02],[-77.12,44.05],[-77.08,44.13],[-77.13,44.15],[-77.25,44.1],[-77.31,44.09],[-77.31,44.13],[-77.39,44.13],[-77.53,44.09],[-77.54,44.09],[-77.41,44.14],[-77.31,44.16],[-77.23,44.16],[-77.15,44.17],[-77.07,44.19],[-77.02,44.2],[-77,44.2],[-76.98,44.21],[-76.97,44.23],[-76.96,44.24],[-76.95,44.25],[-76.98,44.21],[-77.04,44.14],[-77.03,44.13],[-76.97,44.18],[-76.93,44.2],[-76.93,44.18],[-76.92,44.17],[-76.9,44.17],[-76.89,44.17],[-76.88,44.16],[-76.93,44.14],[-77.03,44.1],[-77.06,44.08],[-77.03,44.06],[-76.88,44.11],[-76.59,44.23],[-76.45,44.28],[-76.46,44.24],[-76.36,44.26],[-76.13,44.33],[-76.02,44.34],[-76.02,44.29],[-76.1,44.22],[-76.28,44.14],[-76.35,44.07],[-76.3,44],[-76.26,43.99],[-76.22,44.05],[-76.18,44.07],[-76.13,44.05],[-76.13,44.03],[-76.18,43.99],[-76.19,43.97],[-76.17,43.96],[-76.14,43.97],[-76.09,44],[-76.06,44.01]]],[[[-87.76,18.92],[-87.68,19.28],[-87.64,19.57],[-87.79,19.51],[-87.86,19.58],[-87.77,19.74],[-87.66,19.88],[-87.65,20.19],[-87.51,20.39],[-87.31,20.58],[-87.07,20.8],[-86.94,20.98],[-86.9,21.17],[-86.92,21.3],[-87.2,21.53],[-87.37,21.57],[-87.6,21.48],[-88.11,21.57],[-88.33,21.59],[-88.6,21.56],[-89.06,21.4],[-89.55,21.3],[-89.86,21.25],[-90.2,21.16],[-90.28,21.14],[-90.56,20.99],[-90.64,20.76],[-87.76,18.92]]],[[[-70.51,-24.59],[-70.5,-24.83],[-70.4,-25.25],[-70.49,-25.47],[-70.68,-25.77],[-70.65,-26.26],[-70.69,-26.51],[-70.75,-26.88],[-70.85,-27.28],[-70.86,-27.31],[-70.93,-27.73],[-71.14,-27.99],[-71.2,-28.24],[-71.3,-28.67],[-71.43,-29.1],[-71.39,-29.28],[-71.23,-29.52],[-71.24,-29.85],[-71.33,-30.1],[-71.5,-30.35],[-71.68,-30.6],[-71.7,-30.85],[-71.65,-31.24],[-71.52,-32.18],[-71.45,-32.54],[-71.4,-32.64],[-71.41,-32.73],[-71.42,-32.75],[-71.51,-32.91],[-71.71,-33.11],[-71.75,-33.19],[-71.61,-33.57],[-71.62,-33.71],[-71.74,-33.88],[-71.82,-33.93],[-71.96,-34.25],[-72.08,-34.67],[-72.17,-34.96],[-72.33,-35.28],[-72.63,-35.65],[-72.71,-35.94],[-72.85,-36.36],[-72.96,-36.58],[-73.14,-37.16],[-73.19,-37.22],[-73.28,-37.28],[-73.36,-37.32],[-73.58,-37.28],[-73.69,-37.37],[-73.67,-37.5],[-73.44,-37.9],[-73.4,-38.1],[-73.44,-38.35],[-73.44,-38.63],[-73.2,-39.42],[-73.19,-39.57],[-73.43,-39.91],[-73.76,-40.24],[-73.82,-40.43],[-73.91,-40.84],[-73.85,-41.15],[-73.67,-41.48],[-73.59,-41.7],[-73.46,-41.79],[-73.42,-41.79],[-73.18,-41.76],[-72.96,-41.57],[-72.89,-41.53],[-72.77,-41.54],[-72.59,-41.62],[-72.63,-41.76],[-72.73,-41.91],[-72.61,-42],[-72.47,-42.03],[-72.41,-42.16],[-72.44,-42.3],[-72.69,-42.38],[-72.75,-42.45],[-72.72,-42.8],[-72.53,-43.06],[-72.83,-43.19],[-73,-43.33],[-72.97,-43.71],[-73.02,-43.91],[-73.08,-44.02],[-73.06,-44.19],[-72.76,-44.37],[-72.58,-44.44],[-72.56,-44.54],[-72.68,-44.75],[-72.95,-44.94],[-73.2,-45.05],[-73.31,-45.09],[-73.36,-45.21],[-73.33,-45.28],[-73.14,-45.34],[-73.05,-45.38],[-73.33,-45.47],[-73.37,-45.5],[-73.47,-45.67],[-73.5,-45.96],[-73.57,-46.26],[-73.97,-46.71],[-74,-46.49],[-73.98,-46.34],[-74.09,-46.3],[-74.17,-46.34],[-74.29,-46.51],[-74.38,-46.56],[-74.43,-46.53],[-74.48,-46.31],[-74.33,-46.18],[-74.04,-46.09],[-74.07,-45.94],[-74.19,-45.84],[-74.56,-45.87],[-74.68,-46.05],[-74.86,-46.23],[-74.98,-46.28],[-75.44,-46.52],[-75.5,-46.58],[-75.44,-46.63],[-75.02,-46.55],[-75.01,-46.77],[-74.86,-46.82],[-74.46,-46.8],[-74.3,-46.86],[-73.98,-47.03],[-73.98,-47.13],[-74.09,-47.3],[-74.33,-47.29],[-74.41,-47.38],[-74.38,-47.42],[-74.39,-47.53],[-74.55,-47.68],[-74.54,-47.79],[-74.3,-47.76],[-74.15,-47.84],[-73.76,-47.77],[-73.36,-47.97],[-73.36,-48.05],[-73.44,-48.16],[-73.76,-48.12],[-73.94,-48.01],[-74.21,-48.01],[-74.22,-48.11],[-74.13,-48.48],[-74.31,-48.75],[-74.27,-49.43],[-73.96,-49.24],[-73.9,-49.43],[-74.24,-49.63],[-74.19,-49.82],[-73.93,-49.99],[-74.19,-50.17],[-74.07,-50.47],[-73.93,-50.51],[-73.82,-50.46],[-73.53,-50.43],[-73.55,-50.54],[-73.73,-50.7],[-73.78,-50.84],[-73.89,-50.91],[-74.27,-50.99],[-74.21,-51.02],[-73.86,-51.21],[-73.7,-51.2],[-73.68,-51.23],[-73.64,-51.36],[-73.69,-51.44],[-73.88,-51.56],[-73.78,-51.61],[-73.59,-51.79],[-73.43,-51.73],[-73.26,-51.71],[-73.28,-51.79],[-73.41,-52.02],[-73.11,-52.1],[-72.81,-51.93],[-72.65,-52.13],[-72.45,-52.16],[-72.45,-52.25],[-72.57,-52.39],[-72.56,-52.57],[-72.21,-52.57],[-71.95,-52.57],[-71.68,-52.64],[-71.88,-52.7],[-72.23,-52.79],[-72.35,-52.78],[-72.78,-52.9],[-72.84,-52.99],[-72.75,-53.14],[-72.51,-53.06],[-72.05,-53.07],[-71.44,-52.83],[-71.32,-52.88],[-71.15,-52.96],[-71.16,-53.03],[-71.43,-53.21],[-71.57,-53.41],[-71.87,-53.7],[-71.44,-53.88],[-71.2,-53.83],[-71,-53.82],[-70.95,-53.75],[-70.88,-53.47],[-70.91,-53.23],[-70.85,-53.08],[-70.73,-52.8],[-70.57,-52.71],[-70.42,-52.67],[-69.9,-52.63],[-69.67,-52.54],[-69.48,-52.36],[-69.34,-52.29],[-69.24,-52.29],[-68.99,-52.43],[-68.59,-52.47],[-68.46,-52.42],[-68.41,-52.41],[-68.52,-52.25],[-68.83,-51.9],[-69.08,-51.5],[-69.17,-51.15],[-69.14,-50.92],[-69.04,-50.56],[-68.9,-50.38],[-68.71,-50.29],[-68.27,-50.17],[-67.83,-49.97],[-67.73,-49.82],[-67.65,-49.62],[-67.7,-49.39],[-67.66,-49.18],[-67.58,-49.06],[-67.26,-48.74],[-66.56,-48.38],[-66.08,-48.14],[-65.99,-48.08],[-65.84,-47.87],[-65.78,-47.71],[-65.71,-47.35],[-65.78,-47.23],[-65.94,-47.19],[-66.38,-47.13],[-66.67,-47.02],[-67.11,-46.73],[-67.33,-46.53],[-67.47,-46.27],[-67.5,-46.1],[-67.47,-45.92],[-67.23,-45.55],[-66.97,-45.31],[-66.69,-45.13],[-66.41,-45.02],[-66.19,-44.98],[-65.66,-44.94],[-65.44,-44.89],[-65.63,-44.72],[-65.64,-44.63],[-65.27,-44.26],[-65.23,-44.14],[-65.31,-43.79],[-65.31,-43.6],[-65.05,-43.33],[-64.7,-43.2],[-64.31,-43.03],[-64.34,-43.01],[-64.54,-42.96],[-64.75,-42.91],[-65.02,-42.88],[-65.09,-42.78],[-64.99,-42.74],[-64.69,-42.65],[-64.22,-42.62],[-64.17,-42.65],[-64.12,-42.78],[-64,-42.85],[-63.8,-42.82],[-63.66,-42.78],[-63.6,-42.7],[-63.62,-42.57],[-63.73,-42.1],[-63.9,-42.12],[-64.29,-42.2],[-64.12,-42.38],[-64.29,-42.47],[-64.64,-42.44],[-64.99,-42.19],[-65.03,-42.02],[-64.92,-41.73],[-64.94,-41.55],[-65.13,-41.24],[-65.15,-40.98],[-65.05,-40.85],[-64.94,-40.83],[-64.28,-41.01],[-63.84,-41.16],[-63.48,-41.19],[-62.96,-41.14],[-62.73,-41.05],[-62.4,-40.92],[-62.35,-40.9],[-62.26,-40.8],[-62.29,-40.67],[-62.47,-40.37],[-62.43,-40.2],[-62.28,-39.97],[-62.11,-39.69],[-62.07,-39.56],[-62.21,-39.47],[-62.35,-39.33],[-62.37,-38.97],[-62.31,-38.88],[-61.89,-38.98],[-61.36,-39.03],[-60.94,-39.01],[-60.32,-38.96],[-59.52,-38.87],[-58.65,-38.69],[-58.18,-38.54],[-57.81,-38.39],[-57.64,-38.26],[-57.5,-37.93],[-57.17,-37.58],[-56.84,-37.16],[-56.7,-36.94],[-56.8,-36.54],[-56.85,-36.49],[-57.08,-36.42],[-57.29,-36.27],[-57.37,-36.15],[-57.42,-36],[-57.4,-35.82],[-57.24,-35.58],[-57.23,-35.44],[-57.35,-35.29],[-57.48,-35.21],[-57.8,-35.09],[-58.11,-34.96],[-58.52,-34.59],[-58.53,-34.49],[-58.41,-34.34],[-58.34,-34.22],[-58.18,-34.29],[-57.93,-34.54],[-57.79,-34.6],[-57.56,-34.57],[-57.35,-34.51],[-57.01,-34.58],[-56.72,-34.69],[-56.34,-35],[-56.17,-35.01],[-55.88,-34.89],[-55.63,-34.84],[-55.38,-34.82],[-54.99,-34.97],[-54.62,-34.92],[-54.42,-34.85],[-54.07,-34.65],[-53.79,-34.4],[-53.43,-33.9],[-53.41,-33.88],[-52.92,-33.44],[-52.57,-33.02],[-52.35,-32.68],[-52.15,-31.91],[-52.14,-31.75],[-52.04,-31.56],[-51.9,-31.43],[-51.6,-31.23],[-51.45,-31.02],[-51.27,-30.47],[-51.27,-30.34],[-51.23,-30.27],[-50.95,-30.36],[-50.77,-30.37],[-50.61,-30.3],[-50.58,-30.42],[-50.85,-30.94],[-51.14,-31.19],[-51.33,-31.46],[-51.48,-31.82],[-51.12,-31.47],[-50.81,-31.19],[-50.47,-30.74],[-50.24,-30.32],[-50.03,-29.81],[-49.94,-29.63],[-49.55,-29.16],[-49.19,-28.92],[-48.94,-28.7],[-48.85,-28.56],[-48.73,-28.37],[-48.64,-28.09],[-48.59,-27.82],[-48.56,-27.68],[-48.59,-27.21],[-48.6,-26.68],[-48.78,-26.39],[-48.74,-26.32],[-48.61,-26.24],[-48.57,-26.12],[-48.52,-25.88],[-48.57,-25.63],[-48.72,-25.53],[-48.72,-25.43],[-48.6,-25.43],[-48.34,-25.4],[-48.13,-25.29],[-47.89,-24.99],[-47.61,-24.79],[-47.28,-24.62],[-47.05,-24.44],[-46.21,-23.88],[-45.95,-23.77],[-45.8,-23.74],[-45.46,-23.86],[-45.36,-23.7],[-45.15,-23.49],[-44.79,-23.35],[-44.66,-23.26],[-44.56,-22.99],[-44.23,-22.99],[-43.82,-22.96],[-43.61,-23.01],[-43.26,-23.03],[-42.97,-23.03],[-42.53,-22.95],[-42.14,-22.97],[-41.96,-22.92],[-41.97,-22.76],[-41.93,-22.55],[-41.77,-22.38],[-41.52,-22.25],[-40.98,-22.09],[-41.05,-21.66],[-41.02,-21.52],[-40.93,-21.28],[-40.48,-20.65],[-40.14,-19.98],[-39.84,-19.7],[-39.74,-19.57],[-39.69,-19.41],[-39.8,-18.75],[-39.78,-18.58],[-39.67,-18.23],[-39.48,-18],[-39.14,-17.77],[-39.16,-17.74],[-39.23,-17.44],[-39.21,-17.15],[-38.95,-16],[-38.98,-15.56],[-39.13,-14.32],[-39.09,-14.05],[-39.07,-13.72],[-38.83,-12.98],[-38.8,-12.63],[-38.63,-12.67],[-38.51,-12.8],[-38.47,-12.99],[-38.39,-12.98],[-38.27,-12.89],[-37.91,-12.39],[-37.64,-11.95],[-37.41,-11.47],[-37.4,-11.31],[-37.36,-11.13],[-37.19,-10.84],[-37.03,-10.83],[-36.83,-10.74],[-36.2,-10.16],[-35.6,-9.63],[-35.37,-9.25],[-35.11,-8.66],[-35.01,-8.28],[-34.92,-7.87],[-34.89,-7.61],[-34.92,-7.17],[-35.04,-6.65],[-35.31,-5.75],[-35.34,-5.48],[-35.46,-5.27],[-35.66,-5.18],[-36.07,-5.16],[-36.64,-5.12],[-36.97,-5.04],[-37.18,-4.95],[-37.37,-4.8],[-37.73,-4.53],[-38.07,-4.23],[-38.79,-3.6],[-39.05,-3.41],[-39.39,-3.19],[-39.72,-3.01],[-40.23,-2.85],[-40.42,-2.86],[-40.68,-2.93],[-40.89,-2.95],[-41.1,-2.97],[-41.61,-2.94],[-42.11,-2.86],[-42.32,-2.82],[-42.72,-2.62],[-43.07,-2.45],[-43.23,-2.42],[-43.33,-2.43],[-43.78,-2.64],[-44.06,-2.71],[-44.22,-2.78],[-44.59,-3.15],[-44.67,-2.97],[-44.71,-2.76],[-44.66,-2.57],[-44.52,-2.38],[-44.46,-2.27],[-44.55,-2.09],[-44.8,-1.74],[-44.93,-1.62],[-45.08,-1.6],[-45.26,-1.76],[-45.34,-1.77],[-45.37,-1.76],[-45.49,-1.49],[-45.64,-1.36],[-46.12,-1.16],[-46.49,-1.03],[-46.63,-1.05],[-46.93,-0.93],[-47.24,-0.68],[-47.32,-0.68],[-47.47,-0.77],[-47.93,-0.77],[-48.04,-0.82],[-48.17,-0.99],[-48.39,-1.41],[-48.53,-1.59],[-48.66,-1.66],[-49.22,-2.11],[-49.42,-2.36],[-49.42,-2.1],[-49.29,-1.79],[-49.62,-1.92],[-49.88,-1.95],[-49.89,-1.95],[-50.4,-1.96],[-50.53,-1.93],[-50.64,-1.88],[-50.84,-1.51],[-50.98,-1.11],[-51.03,-1.13],[-51.57,-1.45],[-51.79,-1.54],[-52.02,-1.57],[-52.14,-1.52],[-51.96,-1.31],[-51.77,-0.86],[-51.53,-0.43],[-51.17,-0.08],[-51.06,-0.02],[-50.88,0.09],[-50.65,0.27],[-50.54,0.42],[-50.12,1.05],[-49.88,1.21],[-49.86,1.33],[-49.88,1.58],[-49.97,1.73],[-50.41,1.82],[-50.55,1.97],[-50.69,2.22],[-50.9,2.84],[-50.95,3.11],[-51.14,3.71],[-51.21,4.07],[-51.32,4.26],[-51.44,4.32],[-51.62,4.22],[-51.71,4.23],[-51.85,4.44],[-52.1,4.69],[-52.22,4.8],[-52.42,4.97],[-52.67,5.18],[-53.03,5.43],[-53.23,5.5],[-53.27,5.52],[-53.74,5.65],[-53.84,5.69],[-54.29,5.88],[-54.57,5.96],[-54.89,5.99],[-55.28,5.98],[-55.66,5.99],[-55.81,6],[-55.87,5.96],[-55.91,5.78],[-56.12,5.79],[-56.75,6],[-56.92,5.98],[-57.07,5.84],[-57.23,6.13],[-57.41,6.35],[-57.73,6.6],[-57.96,6.73],[-58.01,6.79],[-58.28,6.87],[-58.37,6.83],[-58.51,6.56],[-58.58,6.98],[-58.56,7.31],[-58.62,7.5],[-58.88,7.8],[-59.19,8.03],[-59.4,8.16],[-59.58,8.27],[-59.8,8.42],[-59.83,8.44],[-60.21,8.56],[-60.54,8.6],[-60.96,8.59],[-61.11,8.52],[-61.27,8.51],[-61.54,8.55],[-61.76,8.58],[-61.29,8.77],[-61.19,8.87],[-61.12,9.17],[-60.79,9.39],[-61,9.52],[-61.41,9.7],[-61.53,9.85],[-61.7,9.89],[-61.92,9.91],[-62.1,10.02],[-62.19,9.96],[-62.3,9.72],[-62.38,10.01],[-62.66,10.25],[-62.93,10.37],[-62.95,10.45],[-62.91,10.55],[-62.72,10.55],[-62.34,10.54],[-62.2,10.62],[-62.18,10.68],[-62.29,10.73],[-62.7,10.76],[-63.22,10.72],[-63.65,10.69],[-63.86,10.71],[-64.07,10.63],[-64.54,10.26],[-64.71,10.16],[-64.88,10.14],[-65.38,10.15],[-65.6,10.22],[-65.86,10.33],[-65.98,10.41],[-66.16,10.62],[-66.48,10.68],[-66.84,10.65],[-67.1,10.63],[-67.52,10.6],[-67.98,10.54],[-68.14,10.58],[-68.3,10.73],[-68.37,11.01],[-68.55,11.27],[-68.69,11.38],[-68.96,11.47],[-69.17,11.5],[-69.48,11.55],[-69.63,11.54],[-69.74,11.66],[-69.74,11.75],[-69.78,11.79],[-69.79,11.87],[-69.79,11.94],[-69.87,12.01],[-69.93,12.18],[-69.97,12.23],[-70.14,12.21],[-70.29,12.11],[-70.34,12],[-70.2,11.75],[-70.09,11.75],[-70.02,11.76],[-69.92,11.79],[-69.87,11.76],[-69.85,11.71],[-69.79,11.69],[-69.77,11.6],[-69.75,11.53],[-69.81,11.53],[-70.12,11.49],[-70.16,11.39],[-70.61,11.27],[-71.1,11.12],[-71.55,10.95],[-71.46,10.88],[-71.5,10.77],[-71.61,10.73],[-71.5,10.65],[-71.44,10.47],[-71.38,10.41],[-71.18,10.05],[-71.09,9.92],[-71.01,9.63],[-71.04,9.39],[-71.1,9.33],[-65.17,4.37],[-73.15,1.66],[-73.99,-6.31],[-67.71,-11.84],[-68.69,-13.59],[-65.42,-21.64],[-70.51,-24.59]]],[[[-61.17,10.72],[-61.11,10.82],[-61.22,10.82],[-61.36,10.79],[-61.41,10.78],[-61.58,10.79],[-61.63,10.75],[-61.74,10.73],[-61.81,10.72],[-61.86,10.68],[-61.74,10.66],[-61.69,10.6],[-61.66,10.54],[-61.67,10.46],[-61.7,10.4],[-61.65,10.28],[-61.71,10.21],[-61.78,10.22],[-61.83,10.23],[-61.84,10.19],[-61.94,10.13],[-62.03,10.11],[-62.05,10.08],[-62.04,10.06],[-61.88,10.06],[-61.84,10.04],[-61.75,10.05],[-61.54,10.04],[-61.47,10.05],[-61.41,10.05],[-61.21,10.12],[-61.19,10.31],[-61.25,10.48],[-61.22,10.52],[-61.24,10.63],[-61.22,10.69],[-61.17,10.72]]],[[[-50.61,-1.44],[-50.48,-1.68],[-50.22,-1.74],[-49.94,-1.66],[-49.58,-1.65],[-49.35,-1.64],[-49.14,-1.57],[-48.89,-1.42],[-48.76,-1.28],[-48.64,-1.06],[-48.55,-0.63],[-48.4,-0.39],[-48.55,-0.32],[-48.76,-0.28],[-48.98,-0.21],[-49.14,-0.2],[-49.36,-0.28],[-49.81,-0.23],[-50.21,-0.19],[-50.42,-0.22],[-50.5,-0.26],[-50.59,-0.72],[-50.62,-0.89],[-50.57,-1.18],[-50.65,-1.27],[-50.61,-1.44]]],[[[-69.42,-54.88],[-69.21,-54.93],[-68.75,-54.89],[-68.38,-54.85],[-68.01,-54.86],[-67.49,-54.87],[-67.15,-54.91],[-66.62,-55.07],[-66.46,-55.07],[-66.11,-54.98],[-65.57,-54.94],[-65.35,-54.91],[-65.26,-54.82],[-65.26,-54.72],[-65.32,-54.73],[-65.9,-54.71],[-66.12,-54.64],[-66.31,-54.64],[-66.42,-54.61],[-66.75,-54.44],[-66.98,-54.34],[-67.43,-54],[-67.84,-53.7],[-68.13,-53.38],[-68.28,-53.32],[-68.56,-53.35],[-68.62,-53.32],[-68.71,-53.23],[-68.46,-53.08],[-68.31,-52.94],[-68.33,-52.85],[-68.7,-52.72],[-69.22,-52.69],[-69.41,-52.57],[-69.8,-52.85],[-70.28,-53.09],[-70.35,-53.16],[-70.46,-53.37],[-70.33,-53.47],[-69.51,-53.34],[-69.44,-53.41],[-69.42,-53.54],[-70.15,-53.81],[-70.04,-53.99],[-69.89,-54.14],[-69.81,-54.13],[-69.73,-54.17],[-69.47,-54.22],[-69.34,-54.29],[-69.06,-54.6],[-69.37,-54.6],[-69.57,-54.46],[-70.21,-54.43],[-70.62,-54.5],[-70.57,-54.64],[-70.66,-54.78],[-70.72,-54.94],[-70.5,-54.92],[-70.08,-54.82],[-69.86,-54.77],[-69.67,-54.77],[-69.42,-54.88]]],[[[-74.14,-43.45],[-73.95,-43.46],[-73.77,-43.51],[-73.7,-43.39],[-73.61,-42.91],[-73.83,-42.56],[-73.76,-42.46],[-73.46,-42.26],[-73.48,-42.11],[-73.64,-41.97],[-74,-42.02],[-74.17,-42.35],[-74.17,-42.53],[-74.13,-42.76],[-74.2,-43.06],[-74.3,-43.27],[-74.24,-43.37],[-74.14,-43.45]]],[[[-73.24,-52.57],[-73.28,-52.95],[-73.08,-53.03],[-72.96,-52.8],[-72.84,-52.65],[-72.87,-52.28],[-72.96,-52.24],[-73.19,-52.33],[-73.56,-52.28],[-73.66,-52.44],[-73.63,-52.61],[-73.24,-52.57]]],[[[-55.85,49.57],[-55.97,49.66],[-55.57,49.97],[-56.07,50.1],[-56.27,50.02],[-56.49,49.77],[-56.68,49.69],[-56.73,49.69],[-56.78,49.82],[-56.66,50.06],[-56.11,50.7],[-55.77,51.05],[-55.93,51.25],[-55.82,51.31],[-55.56,51.33],[-55.42,51.43],[-55.47,51.52],[-55.56,51.56],[-56.15,51.47],[-56.38,51.38],[-56.7,51.18],[-57.36,50.6],[-57.86,49.99],[-58.09,49.59],[-58.13,49.5],[-57.81,49.2],[-57.97,49.08],[-58.11,49.08],[-58.23,49.11],[-58.39,49.04],[-58.68,48.7],[-58.14,48.6],[-58.43,48.45],[-58.65,48.38],[-58.98,48.19],[-59.23,48.04],[-59.32,47.96],[-59.22,47.75],[-59.16,47.67],[-58.7,47.74],[-58.09,47.76],[-57.64,47.73],[-57.12,47.64],[-56.8,47.62],[-56.33,47.64],[-56.15,47.73],[-56.08,47.87],[-55.74,47.87],[-55.76,47.65],[-55.7,47.58],[-55.51,47.59],[-55.37,47.79],[-55.1,47.77],[-54.78,47.71],[-55.07,47.55],[-55.28,47.31],[-55.83,47.13],[-55.9,47.06],[-55.8,46.97],[-55.41,46.95],[-55.18,47.1],[-54.94,47.34],[-54.74,47.43],[-54.58,47.5],[-54.39,47.63],[-54.21,47.8],[-54.09,47.77],[-53.9,47.56],[-53.9,47.41],[-54.13,47.11],[-54.08,46.99],[-53.91,47],[-53.64,47.18],[-53.62,46.89],[-53.49,46.82],[-53.17,46.76],[-53.07,46.73],[-52.92,47.02],[-52.8,47.32],[-52.73,47.45],[-52.74,47.55],[-52.77,47.54],[-53.1,47.55],[-53.16,47.68],[-53.12,47.88],[-53.36,47.95],[-53.49,47.83],[-53.58,47.74],[-53.7,47.84],[-53.76,48.03],[-53.88,48.19],[-53.81,48.25],[-53.41,48.29],[-53.23,48.41],[-53.11,48.52],[-53.12,48.6],[-53.25,48.65],[-53.46,48.59],[-53.65,48.52],[-53.76,48.52],[-53.98,48.69],[-54.13,48.84],[-53.81,49.05],[-53.64,49.15],[-53.51,49.28],[-53.79,49.39],[-54.16,49.48],[-54.48,49.5],[-54.62,49.48],[-54.77,49.29],[-55.11,49.28],[-55.75,49.53],[-55.85,49.57]]],[[[-60.26,46.94],[-60.63,47.13],[-61.05,46.66],[-61.38,46.33],[-61.41,46.05],[-61.25,45.79],[-61.03,45.67],[-60.81,45.64],[-60.51,45.66],[-60,45.85],[-59.89,45.93],[-59.81,46.08],[-60.03,46.29],[-60.17,46.31],[-60.45,46.17],[-60.64,46.01],[-60.76,45.89],[-60.84,45.88],[-61.07,45.99],[-60.96,46.19],[-60.7,46.33],[-60.58,46.38],[-60.48,46.53],[-60.43,46.74],[-60.26,46.94]]],[[[-80.2,22.88],[-80.45,22.94],[-80.72,23.02],[-81.1,23.06],[-81.43,23.14],[-81.69,23.12],[-82.06,23.14],[-82.44,23.06],[-82.96,23.03],[-83.69,22.81],[-84.26,22.54],[-84.31,22.49],[-84.43,22.32],[-84.38,22.06],[-84.59,21.92],[-84.71,21.77],[-84.35,21.81],[-84.21,21.83],[-84.03,21.96],[-83.95,22.16],[-83.85,22.21],[-83.56,22.21],[-83.39,22.22],[-82.85,22.64],[-82.56,22.71],[-82.34,22.69],[-82.05,22.7],[-81.88,22.67],[-81.74,22.62],[-81.66,22.51],[-82.04,22.39],[-82.18,22.37],[-81.79,22.21],[-81.57,22.16],[-81.05,22.13],[-80.78,22.1],[-80.44,21.99],[-80.01,21.77],[-79.73,21.67],[-79.36,21.61],[-78.91,21.63],[-78.73,21.62],[-78.63,21.55],[-78.51,21.31],[-78.45,20.97],[-78.16,20.82],[-77.89,20.77],[-77.57,20.77],[-77.29,20.7],[-77.21,20.65],[-77.1,20.53],[-77.18,20.36],[-77.5,20.07],[-77.66,19.9],[-77.46,19.87],[-77.24,19.88],[-76.82,19.94],[-76.4,20.02],[-75.99,20],[-75.52,19.91],[-75.24,19.93],[-74.72,20.11],[-74.28,20.15],[-74.17,20.19],[-74.34,20.32],[-74.61,20.45],[-74.84,20.62],[-75.06,20.7],[-75.4,20.66],[-75.65,20.68],[-75.76,20.75],[-75.6,21.01],[-75.75,21.12],[-76.21,21.2],[-76.98,21.43],[-77.19,21.45],[-77.34,21.51],[-77.51,21.76],[-77.71,21.9],[-78.17,22.12],[-78.72,22.28],[-79.07,22.33],[-79.33,22.4],[-79.5,22.52],[-79.76,22.76],[-79.98,22.88],[-80.2,22.88]]],[[[-72.94,19.94],[-73.27,19.92],[-73.42,19.87],[-73.47,19.84],[-73.49,19.75],[-73.36,19.66],[-72.94,19.6],[-72.77,19.53],[-72.68,19.39],[-72.76,19.07],[-72.7,18.94],[-72.39,18.73],[-72.3,18.66],[-72.47,18.59],[-72.75,18.51],[-73.04,18.53],[-73.55,18.6],[-73.83,18.65],[-74.3,18.7],[-74.42,18.61],[-74.44,18.52],[-74.36,18.38],[-73.92,18.13],[-73.86,18.11],[-73.69,18.27],[-73.47,18.32],[-73.22,18.29],[-72.92,18.23],[-72.52,18.22],[-72.18,18.29],[-71.98,18.26],[-71.68,18],[-71.53,17.75],[-71.4,17.7],[-71.22,18],[-71.06,18.35],[-70.77,18.49],[-70.7,18.52],[-70.62,18.51],[-70.48,18.28],[-70.3,18.26],[-69.96,18.5],[-69.81,18.55],[-69.64,18.55],[-69.51,18.5],[-69.16,18.53],[-68.99,18.51],[-68.77,18.24],[-68.66,18.2],[-68.52,18.36],[-68.46,18.5],[-68.37,18.58],[-68.48,18.71],[-68.66,18.87],[-69.07,19.08],[-69.36,19.17],[-69.51,19.21],[-69.75,19.35],[-69.9,19.51],[-69.99,19.68],[-70.29,19.65],[-70.74,19.79],[-70.82,19.84],[-70.88,19.93],[-71.05,19.91],[-71.22,19.83],[-71.37,19.83],[-71.55,19.9],[-71.78,19.77],[-71.84,19.73],[-72.1,19.76],[-72.59,19.89],[-72.94,19.94]]],[[[-65.81,18.17],[-65.72,18.33],[-65.78,18.4],[-65.95,18.47],[-66.63,18.52],[-66.81,18.51],[-67.06,18.55],[-67.16,18.51],[-67.21,18.44],[-67.16,18.33],[-67.18,18.08],[-67.15,17.99],[-66.91,17.94],[-66.75,18.01],[-66.45,18.05],[-66.12,18.01],[-65.97,18.03],[-65.84,18.13],[-65.81,18.17]]],[[[-76.43,18.12],[-76.72,18.24],[-77.16,18.4],[-77.77,18.51],[-78.09,18.48],[-78.32,18.35],[-78.26,18.26],[-78.05,18.22],[-77.84,18.05],[-77.74,17.93],[-77.43,17.83],[-77.29,17.81],[-77.15,17.86],[-77.05,17.98],[-76.81,18],[-76.47,17.87],[-76.32,17.9],[-76.3,17.99],[-76.43,18.12]]],[[[-59.55,13.25],[-59.56,13.26],[-59.57,13.27],[-59.57,13.28],[-59.57,13.29],[-59.57,13.3],[-59.59,13.33],[-59.6,13.33],[-59.61,13.34],[-59.62,13.34],[-59.63,13.33],[-59.64,13.33],[-59.65,13.32],[-59.66,13.3],[-59.66,13.29],[-59.64,13.15],[-59.64,13.14],[-59.63,13.1],[-59.61,13.09],[-59.61,13.08],[-59.6,13.08],[-59.57,13.08],[-59.55,13.07],[-59.54,13.07],[-59.53,13.05],[-59.51,13.05],[-59.5,13.06],[-59.46,13.09],[-59.45,13.1],[-59.44,13.11],[-59.44,13.12],[-59.43,13.14],[-59.43,13.15],[-59.43,13.16],[-59.44,13.17],[-59.46,13.18],[-59.47,13.18],[-59.48,13.19],[-59.51,13.21],[-59.52,13.21],[-59.55,13.24],[-59.55,13.25]]],[[[-61.83,17],[-61.74,16.99],[-61.69,17.02],[-61.68,17.03],[-61.67,17.04],[-61.67,17.05],[-61.67,17.08],[-61.67,17.09],[-61.74,17.14],[-61.78,17.16],[-61.79,17.16],[-61.83,17.17],[-61.83,17.16],[-61.88,17.11],[-61.89,17.11],[-61.89,17.09],[-61.89,17.03],[-61.88,17.02],[-61.83,17]]],[[[-61.4,15.36],[-61.39,15.35],[-61.37,15.27],[-61.38,15.25],[-61.38,15.24],[-61.38,15.21],[-61.37,15.2],[-61.36,15.2],[-61.28,15.24],[-61.27,15.25],[-61.27,15.26],[-61.26,15.28],[-61.26,15.29],[-61.25,15.29],[-61.25,15.32],[-61.25,15.33],[-61.25,15.46],[-61.27,15.52],[-61.3,15.57],[-61.32,15.58],[-61.43,15.63],[-61.45,15.63],[-61.47,15.63],[-61.47,15.62],[-61.48,15.59],[-61.49,15.54],[-61.48,15.49],[-61.47,15.49],[-61.46,15.47],[-61.45,15.46],[-61.42,15.42],[-61.4,15.36]]],[[[-61.6,12.22],[-61.61,12.22],[-61.61,12.23],[-61.62,12.23],[-61.65,12.24],[-61.66,12.24],[-61.68,12.23],[-61.69,12.22],[-61.71,12.2],[-61.72,12.17],[-61.79,12.01],[-61.79,12],[-61.78,12],[-61.75,12],[-61.72,12],[-61.68,12.02],[-61.65,12.03],[-61.64,12.03],[-61.63,12.04],[-61.63,12.05],[-61.61,12.08],[-61.6,12.13],[-61.6,12.19],[-61.6,12.22]]],[[[-61.16,14.88],[-61.17,14.88],[-61.2,14.86],[-61.21,14.85],[-61.23,14.83],[-61.23,14.82],[-61.23,14.81],[-61.17,14.69],[-61.03,14.47],[-61.01,14.47],[-60.98,14.47],[-60.89,14.47],[-60.86,14.4],[-60.84,14.42],[-60.83,14.43],[-60.83,14.44],[-60.82,14.46],[-60.82,14.47],[-60.82,14.48],[-60.83,14.57],[-60.85,14.59],[-60.91,14.65],[-60.94,14.73],[-60.94,14.74],[-61.03,14.83],[-61.04,14.83],[-61.09,14.86],[-61.1,14.86],[-61.14,14.88],[-61.16,14.88]]],[[[-62.24,16.73],[-62.24,16.72],[-62.24,16.71],[-62.23,16.7],[-62.21,16.69],[-62.21,16.68],[-62.19,16.67],[-62.17,16.67],[-62.16,16.68],[-62.15,16.68],[-62.14,16.69],[-62.15,16.75],[-62.18,16.81],[-62.2,16.81],[-62.21,16.81],[-62.24,16.73]]],[[[-63.16,18.18],[-63.17,18.16],[-63.16,18.16],[-63.15,18.17],[-63.14,18.17],[-63.07,18.19],[-63.03,18.21],[-63.02,18.21],[-62.99,18.23],[-62.99,18.24],[-62.97,18.27],[-62.97,18.28],[-62.98,18.28],[-63.02,18.27],[-63.05,18.26],[-63.06,18.26],[-63.14,18.19],[-63.16,18.18]]],[[[-62.54,17.19],[-62.55,17.19],[-62.58,17.2],[-62.6,17.2],[-62.61,17.19],[-62.62,17.16],[-62.62,17.15],[-62.63,17.14],[-62.63,17.13],[-62.63,17.12],[-62.62,17.11],[-62.62,17.1],[-62.61,17.1],[-62.59,17.09],[-62.55,17.09],[-62.55,17.1],[-62.54,17.1],[-62.54,17.11],[-62.54,17.12],[-62.53,17.13],[-62.54,17.14],[-62.54,17.18],[-62.54,17.19]]],[[[-61,13.75],[-60.99,13.74],[-60.97,13.73],[-60.96,13.71],[-60.95,13.71],[-60.94,13.72],[-60.9,13.78],[-60.89,13.82],[-60.89,13.85],[-60.88,13.96],[-60.88,13.98],[-60.89,14.01],[-60.91,14.1],[-60.92,14.1],[-60.92,14.11],[-60.93,14.11],[-60.94,14.11],[-60.95,14.1],[-61.01,14.01],[-61.04,13.97],[-61.08,13.9],[-61.08,13.88],[-61.08,13.87],[-61.08,13.81],[-61.07,13.8],[-61.07,13.79],[-61.05,13.77],[-61.04,13.76],[-61.03,13.75],[-61.01,13.75],[-61,13.75]]],[[[-61.4,12.6],[-61.41,12.61],[-61.43,12.61],[-61.44,12.61],[-61.45,12.61],[-61.45,12.59],[-61.44,12.58],[-61.42,12.59],[-61.41,12.6],[-61.4,12.6]]],[[[-64.73,17.71],[-64.71,17.7],[-64.69,17.71],[-64.67,17.71],[-64.64,17.72],[-64.63,17.73],[-64.62,17.73],[-64.61,17.74],[-64.6,17.75],[-64.59,17.75],[-64.58,17.75],[-64.56,17.75],[-64.57,17.76],[-64.58,17.76],[-64.59,17.76],[-64.61,17.76],[-64.64,17.77],[-64.66,17.77],[-64.67,17.76],[-64.68,17.75],[-64.69,17.75],[-64.69,17.74],[-64.7,17.75],[-64.71,17.75],[-64.72,17.76],[-64.73,17.76],[-64.74,17.77],[-64.75,17.77],[-64.76,17.77],[-64.77,17.78],[-64.77,17.79],[-64.79,17.79],[-64.8,17.79],[-64.81,17.77],[-64.82,17.77],[-64.83,17.76],[-64.84,17.76],[-64.86,17.77],[-64.87,17.77],[-64.88,17.77],[-64.88,17.76],[-64.89,17.76],[-64.89,17.75],[-64.88,17.73],[-64.88,17.72],[-64.88,17.71],[-64.89,17.69],[-64.89,17.68],[-64.9,17.68],[-64.88,17.69],[-64.87,17.69],[-64.86,17.69],[-64.85,17.68],[-64.84,17.69],[-64.83,17.68],[-64.82,17.68],[-64.82,17.69],[-64.8,17.69],[-64.79,17.7],[-64.78,17.7],[-64.76,17.7],[-64.74,17.71],[-64.73,17.71]]],[[[-61.26,16.01],[-61.27,16.01],[-61.28,16.01],[-61.31,15.97],[-61.33,15.93],[-61.32,15.89],[-61.31,15.88],[-61.28,15.87],[-61.26,15.87],[-61.25,15.87],[-61.23,15.88],[-61.22,15.88],[-61.19,15.9],[-61.19,15.91],[-61.19,15.92],[-61.2,15.94],[-61.2,15.95],[-61.24,15.99],[-61.26,16.01]]],[[[-63.01,18.08],[-63.01,18.09],[-63.02,18.11],[-63.02,18.12],[-63.04,18.12],[-63.05,18.12],[-63.14,18.07],[-63.15,18.07],[-63.14,18.06],[-63.12,18.04],[-63.08,18.03],[-63.07,18.02],[-63.03,18.02],[-63.02,18.02],[-63.01,18.04],[-63.01,18.05],[-63.01,18.07],[-63.01,18.08]]],[[[-61.82,17.58],[-61.75,17.55],[-61.74,17.54],[-61.73,17.54],[-61.73,17.55],[-61.73,17.61],[-61.73,17.62],[-61.74,17.64],[-61.74,17.65],[-61.78,17.7],[-61.79,17.7],[-61.84,17.72],[-61.85,17.72],[-61.87,17.7],[-61.88,17.7],[-61.87,17.69],[-61.86,17.59],[-61.85,17.58],[-61.84,17.58],[-61.84,17.59],[-61.83,17.59],[-61.82,17.58]]],[[[-61.58,12.32],[-61.59,12.31],[-61.59,12.3],[-61.59,12.29],[-61.58,12.3],[-61.57,12.3],[-61.57,12.31],[-61.57,12.32],[-61.58,12.32]]],[[[-61.42,12.51],[-61.43,12.53],[-61.49,12.48],[-61.49,12.47],[-61.5,12.47],[-61.5,12.44],[-61.49,12.43],[-61.43,12.45],[-61.43,12.46],[-61.42,12.49],[-61.42,12.51]]],[[[-62.84,17.4],[-62.85,17.39],[-62.86,17.39],[-62.86,17.37],[-62.84,17.33],[-62.84,17.32],[-62.79,17.3],[-62.78,17.29],[-62.76,17.29],[-62.74,17.28],[-62.73,17.28],[-62.71,17.29],[-62.69,17.28],[-62.68,17.26],[-62.67,17.26],[-62.66,17.24],[-62.65,17.21],[-62.63,17.22],[-62.62,17.22],[-62.62,17.23],[-62.62,17.24],[-62.7,17.34],[-62.73,17.37],[-62.81,17.41],[-62.82,17.41],[-62.84,17.4]]],[[[-61.32,12.74],[-61.33,12.74],[-61.33,12.73],[-61.35,12.7],[-61.34,12.69],[-61.33,12.69],[-61.32,12.69],[-61.31,12.7],[-61.31,12.71],[-61.3,12.72],[-61.31,12.73],[-61.32,12.74]]],[[[-61.24,12.97],[-61.22,13],[-61.21,13],[-61.2,13.03],[-61.2,13.04],[-61.21,13.04],[-61.23,13.02],[-61.25,12.99],[-61.25,12.98],[-61.24,12.97]]],[[[-61.12,13.25],[-61.12,13.31],[-61.12,13.33],[-61.14,13.37],[-61.14,13.38],[-61.18,13.38],[-61.21,13.37],[-61.27,13.27],[-61.28,13.25],[-61.28,13.21],[-61.28,13.2],[-61.26,13.18],[-61.24,13.16],[-61.18,13.13],[-61.17,13.13],[-61.17,13.14],[-61.15,13.17],[-61.13,13.22],[-61.12,13.24],[-61.12,13.25]]],[[[-64.66,18.34],[-64.66,18.35],[-64.67,18.35],[-64.71,18.37],[-64.73,18.37],[-64.74,18.37],[-64.78,18.34],[-64.79,18.34],[-64.79,18.33],[-64.77,18.32],[-64.7,18.31],[-64.67,18.33],[-64.66,18.34]]],[[[-64.85,18.34],[-64.9,18.36],[-64.95,18.38],[-64.98,18.38],[-65.02,18.37],[-65.03,18.36],[-65.02,18.35],[-65.01,18.35],[-64.98,18.35],[-64.93,18.34],[-64.92,18.34],[-64.89,18.32],[-64.88,18.31],[-64.84,18.31],[-64.83,18.32],[-64.83,18.33],[-64.85,18.34]]],[[[-60.99,16.35],[-61,16.35],[-61.02,16.35],[-61.03,16.35],[-61.05,16.33],[-61.06,16.33],[-61.08,16.31],[-61.09,16.3],[-61.08,16.3],[-61.04,16.31],[-61,16.34],[-60.99,16.34],[-60.99,16.35]]],[[[-61.47,16.2],[-61.45,16.2],[-61.23,16.25],[-61.21,16.27],[-61.26,16.31],[-61.27,16.32],[-61.28,16.32],[-61.29,16.33],[-61.33,16.33],[-61.34,16.33],[-61.35,16.33],[-61.36,16.34],[-61.37,16.34],[-61.37,16.35],[-61.39,16.38],[-61.4,16.39],[-61.4,16.4],[-61.39,16.42],[-61.39,16.43],[-61.4,16.47],[-61.41,16.48],[-61.44,16.5],[-61.46,16.51],[-61.47,16.51],[-61.51,16.48],[-61.53,16.46],[-61.53,16.45],[-61.53,16.44],[-61.53,16.43],[-61.53,16.42],[-61.52,16.39],[-61.5,16.35],[-61.54,16.29],[-61.56,16.28],[-61.58,16.28],[-61.61,16.28],[-61.66,16.32],[-61.73,16.36],[-61.74,16.36],[-61.75,16.36],[-61.76,16.35],[-61.78,16.33],[-61.79,16.31],[-61.8,16.26],[-61.79,16.24],[-61.76,16.06],[-61.76,16.05],[-61.74,16.02],[-61.7,15.95],[-61.69,15.95],[-61.65,15.97],[-61.61,15.99],[-61.57,16.02],[-61.56,16.03],[-61.55,16.05],[-61.56,16.08],[-61.57,16.14],[-61.58,16.16],[-61.58,16.17],[-61.58,16.19],[-61.58,16.2],[-61.57,16.22],[-61.57,16.23],[-61.56,16.23],[-61.55,16.23],[-61.53,16.23],[-61.52,16.22],[-61.51,16.21],[-61.5,16.21],[-61.47,16.2]]],[[[-62.86,17.93],[-62.87,17.93],[-62.87,17.92],[-62.87,17.91],[-62.85,17.88],[-62.84,17.88],[-62.81,17.89],[-62.79,17.9],[-62.79,17.91],[-62.81,17.92],[-62.86,17.93]]],[[[-63,17.51],[-63,17.49],[-62.98,17.46],[-62.97,17.46],[-62.96,17.46],[-62.95,17.46],[-62.95,17.47],[-62.94,17.47],[-62.94,17.49],[-62.99,17.52],[-63,17.52],[-63,17.51]]]]},"properties":{"NAME":"Archaic Amerindian hunter-gatherers","SUBJECTO":"Archaic Amerindian hunter-gatherers","BORDERPRECISION":1}},
{"type":"Feature","geometry":{"type":"Polygon","coordinates":[[[105.28,72.75],[106.21,73.26],[107.27,73.52],[108.34,73.69],[108.7,73.82],[110.05,74.25],[111.59,74.73],[112.11,74.78],[112.58,74.89],[113.63,75.27],[113.22,75.44],[113.11,75.49],[113.72,75.87],[113.53,76.09],[113.15,76.06],[112.82,76.06],[112.59,76.26],[112.06,76.45],[111.43,76.57],[110.55,76.64],[109.94,76.63],[109.66,76.69],[108.86,76.65],[108.24,76.65],[107.77,76.4],[107.67,76.44],[107.29,76.43],[106.4,76.43],[106.54,76.57],[107.07,76.77],[107.24,76.9],[107.16,76.95],[106.24,76.91],[105.53,76.98],[104.7,76.93],[104.49,77],[104.78,77.15],[105.47,77.33],[105.45,77.45],[105.06,77.57],[104.39,77.57],[103.95,77.59],[103.39,77.56],[102.39,77.37],[101.69,77.2],[101.17,77.01],[101.11,76.85],[101.39,76.62],[100.83,76.46],[100.41,76.47],[99.98,76.44],[99.77,76.29],[99.83,76.21],[99.78,76.06],[99.47,75.97],[99.16,76],[98.72,76.07],[98.29,76.06],[97.68,75.96],[97.12,75.87],[96.66,75.85],[95.98,75.9],[96.14,76.09],[95.97,76.17],[95.49,76.17],[94.69,76.18],[94.31,76.07],[93.59,75.88],[92.67,75.76],[91.63,75.65],[90.89,75.6],[90.03,75.56],[89.8,75.52],[89.68,75.51],[89.28,75.47],[87.92,75.06],[87.49,74.96],[86.96,74.78],[86.81,74.54],[86.81,74.44],[86.98,74.3],[87.39,74.18],[87.54,74.1],[87.69,73.9],[87.57,73.77],[87.14,73.6],[86.9,73.56],[86.12,73.45],[86.33,73.63],[86.76,73.79],[86.49,73.87],[85.86,73.82],[85.38,73.7],[85,73.58],[84.83,73.6],[84.62,73.74],[83.98,73.67],[83.02,73.61],[81.88,73.6],[80.84,73.55],[80.62,73.5],[80.5,73.42],[80.46,73.31],[80.83,73.01],[80.87,72.84],[80.84,72.58],[80.98,72.45],[81.59,72.35],[82.03,72.25],[82.32,72.22],[82.44,72.05],[82.85,71.94],[83.2,71.83],[83.56,71.62],[83.25,71.28],[83.17,71.18],[83.5,70.81],[83.57,70.65],[83.66,70.6],[83.68,70.46],[83.37,70.34],[83.04,70.24],[83.08,70.58],[82.8,70.82],[82.68,70.84],[82.5,70.71],[82.2,70.36],[82.05,70.42],[82.1,70.86],[82.22,71.2],[82.53,71.32],[82.88,71.49],[82.82,71.65],[82.49,71.57],[81.67,71.57],[81.43,71.61],[80.83,71.77],[80.34,72.01],[79.7,72.18],[79.22,72.27],[78.65,72.26],[78.27,72.21],[78.09,72.18],[78.13,71.85],[77.79,71.78],[77.27,71.81],[77.07,71.89],[76.46,71.87],[76.33,71.72],[76.61,71.52],[76.87,71.45],[77.28,71.42],[78.14,71.37],[78.37,71.25],[78.61,70.85],[78.25,70.83],[78.1,70.84],[77.74,71.03],[77,71.06],[76.29,71.14],[75.67,71.2],[75.45,71.32],[75.28,71.45],[75.22,71.65],[75.3,71.9],[75.58,72.17],[75.67,72.41],[75.62,72.63],[75.41,72.66],[75.12,72.69],[75.02,72.72],[75.07,72.42],[75,72.13],[74.92,72.03],[74.59,71.87],[74.14,71.75],[73.59,71.71],[73.22,71.46],[73.27,71.37],[73.7,71.14],[74.19,70.67],[74.25,70.57],[74.12,70.37],[73.79,70.05],[73.65,69.76],[73.91,69.27],[73.91,69.15],[74.32,69.16],[74.9,69.08],[75.19,69.13],[75.6,69.21],[76.18,69.14],[76.54,69.08],[77.03,68.98],[77.41,68.94],[77.64,68.82],[77.83,68.47],[77.91,68.32],[78.01,68.26],[77.98,68.15],[77.51,67.97],[77.48,67.8],[77.69,67.76],[77.95,67.77],[78.3,67.69],[78.54,67.61],[78.48,67.48],[78.09,67.41],[77.5,67.43],[77.09,67.53],[76.95,67.65],[77.11,68.11],[77.04,68.46],[76.66,68.67],[76.33,68.78],[75.54,68.77],[74.92,68.71],[74.61,68.64],[74.5,68.59],[74.4,68.35],[74.67,68.1],[74.77,67.85],[74.74,67.69],[74.35,67.4],[73.98,67.26],[73.81,66.99],[73.69,66.87],[73.17,66.64],[72.56,66.5],[72.42,66.33],[72.21,66.17],[71.79,66.16],[71.26,66.22],[70.98,66.2],[70.47,66.24],[69.77,66.33],[69.44,66.42],[69.17,66.55],[69.08,66.69],[69.36,66.74],[69.79,66.75],[70.12,66.72],[70.84,66.55],[71.35,66.66],[71.54,66.71],[71.4,66.95],[71.65,67.07],[71.93,67.16],[72.49,67.44],[72.84,67.65],[72.99,67.79],[73.18,68.17],[73.39,68.38],[73.39,68.44],[73.31,68.52],[72.85,68.64],[72.64,68.81],[72.53,69.07],[72.55,69.66],[72.44,70.19],[72.7,70.36],[72.77,70.46],[72.68,70.82],[72.55,70.98],[72.14,71.28],[71.8,71.43],[71.9,71.59],[72.5,71.96],[72.65,72.12],[72.84,72.49],[72.85,72.64],[72.71,72.77],[72.46,72.82],[71.98,72.8],[71.66,72.83],[70.94,72.79],[70.21,72.73],[69.51,72.8],[69.34,72.83],[69.06,72.64],[68.81,72.1],[68.55,71.82],[68.32,71.63],[67.82,71.42],[67.16,71.23],[66.98,71.21],[66.82,71.11],[66.67,70.87],[66.77,70.74],[67.29,70.71],[67.4,70.6],[67.42,70.22],[67.38,70.14],[67.28,70.07],[66.96,69.96],[66.83,69.82],[66.8,69.74],[66.88,69.62],[67.78,69.56],[68.11,69.43],[68.09,69.14],[68.26,68.94],[68.51,68.84],[68.69,68.81],[69.11,68.83],[69,68.7],[68.49,68.22],[68.38,68.18],[68.22,68.2],[67.83,68.37],[67.65,68.45],[67.17,68.65],[66.58,68.89],[66.13,69],[65.36,69.18],[64.87,69.23],[63.92,69.46],[63.41,69.55],[62.85,69.62],[62.28,69.71],[61.3,69.73],[61.03,69.74],[60.85,69.71],[60.55,69.54],[60.37,69.47],[60.99,69],[60.93,68.82],[60.76,68.67],[60.51,68.59],[60.08,68.62],[59.93,68.58],[59.89,68.4],[59.76,68.3],[59.5,68.29],[59.22,68.35],[59.12,68.39],[59.06,68.5],[59.35,68.7],[59.2,68.77],[58.77,68.86],[58.41,68.83],[57.96,68.7],[57.53,68.49],[57.36,68.46],[57.02,68.45],[56.54,68.55],[56.2,68.57],[55.72,68.54],[55.34,68.48],[55.13,68.4],[55,68.21],[54.88,68.11],[54.75,68.05],[54.65,68.07],[54.58,68.16],[54.38,68.16],[53.85,68.09],[53.63,68.05],[53.32,68.14],[53.32,68.23],[53.4,68.3],[53.78,68.34],[53.81,68.61],[53.89,68.79],[53.5,68.82],[53.18,68.76],[53.01,68.68],[52.94,68.47],[52.72,68.35],[52.46,68.3],[52.34,68.34],[52.24,68.54],[51.83,68.41],[51.14,68.27],[50.5,68.15],[49.63,67.94],[49.19,67.84],[48.64,67.65],[48.08,67.56],[47.95,67.38],[47.82,67.11],[47.71,66.89],[47.57,66.82],[46.97,66.78],[46.4,66.72],[46.08,66.76],[45.72,66.85],[45.39,67.1],[44.96,67.23],[44.87,67.31],[45.09,67.54],[45.46,67.64],[46.16,67.68],[46.63,67.7],[46.44,67.91],[46.16,68.11],[45.86,68.38],[45.58,68.44],[44.67,68.39],[44.01,68.49],[43.85,68.47],[43.82,68.33],[44.17,68.1],[44.26,67.83],[44.22,67.72],[43.7,67.27],[43.84,67.16],[44.22,67.09],[44.36,66.91],[44.38,66.61],[44.12,66.27],[44.05,66.04],[44.03,66.01],[43.88,66.01],[43.24,66.25],[42.42,66.38],[42.21,66.41],[42.13,66.39],[41.62,66.07],[41.35,65.96],[40.68,65.79],[40.04,65.6],[39.95,65.58],[39.82,65.44],[39.98,65.15],[40.37,64.86],[40.46,64.75],[40.44,64.56],[40.32,64.46],[40,64.54],[39.62,64.48],[39.19,64.51],[38.25,64.7],[37.6,64.85],[37.1,65.07],[36.88,65.07],[36.57,64.76],[37,64.41],[37.26,64.31],[37.46,64.3],[37.67,64.34],[37.88,64.31],[38.05,64.13],[38.05,63.99],[37.94,63.85],[37.59,63.81],[37.41,63.75],[37.25,63.78],[36.99,63.84],[36.42,63.88],[36.24,63.92],[36.02,64.2],[35.62,64.25],[35.08,64.29],[34.88,64.37],[34.81,64.46],[34.77,64.68],[34.43,65.11],[34.33,65.35],[34.29,65.4],[34.6,65.48],[34.73,65.61],[34.73,65.8],[34.54,66],[34.26,66.11],[33.84,66.18],[33.47,66.31],[32.97,66.58],[32.75,66.65],[32.42,66.89],[32.36,66.92],[32.22,66.99],[32.64,67.05],[32.99,66.99],[33.16,66.91],[33.44,66.7],[33.65,66.68],[34.15,66.63],[35.17,66.41],[35.77,66.26],[36.51,66.17],[37.42,66.09],[38.05,66.01],[38.78,66],[39.19,66.04],[39.98,66.2],[40.35,66.32],[40.84,66.56],[41.15,66.78],[41.26,66.94],[41.21,67.07],[41.02,67.2],[40.95,67.33],[40.97,67.53],[40.83,67.66],[39.92,67.94],[39.33,68.04],[38.67,68.15],[38.41,68.24],[37.69,68.63],[37.25,68.79],[36.02,69.02],[35.44,69.15],[34.93,69.15],[34.7,69.16],[34.31,69.17],[33.82,69.19],[33.63,69.21],[33.32,69.07],[33.28,69.34],[33.01,69.39],[32.6,69.42],[32.35,69.51],[32.19,69.64],[32.08,69.82],[32.07,69.88],[31.78,69.78],[31.33,69.66],[31.05,69.64],[30.74,69.75],[30.36,69.77],[30.06,69.72],[29.73,69.7],[29.56,69.83],[29.08,69.96],[28.82,70.1],[28.73,70.14],[29.73,70.11],[30.25,70.13],[30.8,70.31],[30.75,70.43],[30.46,70.54],[30.04,70.54],[29.74,70.6],[28.98,70.86],[28.79,70.86],[28.39,70.57],[28.29,70.37],[27.88,70.43],[28.02,70.61],[27.99,70.72],[28.14,70.83],[28.31,70.95],[28.21,71.02],[27.95,71.02],[27.52,70.97],[27.13,70.58],[26.93,70.47],[26.62,70.39],[26.62,70.8],[26.61,70.91],[26.26,70.79],[25.57,70.37],[25.26,70.11],[25.07,70.14],[25.12,70.44],[25.23,70.56],[25.83,70.9],[25.39,70.9],[24.85,70.83],[24.57,70.74],[24.36,70.61],[24.21,70.47],[23.95,70.5],[23.83,70.48],[23.51,70.28],[23.29,70.01],[23.2,69.94],[22.75,70.17],[22.31,70.22],[22.16,70.09],[21.91,69.8],[21.61,69.96],[21.41,70.02],[21.1,69.82],[20.73,69.78],[20.55,69.52],[20.2,69.32],[20.28,69.58],[20.36,69.71],[20.29,69.79],[20.16,69.75],[19.82,69.37],[19.58,69.18],[19.29,69.21],[19.17,69.26],[18.98,69.32],[18.55,69.25],[18.32,69.36],[18.1,69.06],[18.05,69.03],[17.93,69.01],[17.89,69.04],[17.57,68.97],[17.45,68.89],[17.41,68.77],[17.04,68.66],[16.85,68.56],[17.13,68.42],[17.03,68.34],[16.72,68.31],[16.52,68.34],[16.65,68.05],[16.41,67.87],[16.23,67.91],[16.07,68.04],[15.92,68.05],[15.85,67.93],[15.57,67.82],[15.76,67.68],[15.75,67.6],[15.58,67.58],[15.38,67.46],[15.23,67.51],[14.98,67.52],[14.7,67.37],[14.57,67.33],[14.62,67.25],[14.78,67.22],[14.64,67.12],[14.37,67.09],[14.05,66.97],[13.86,66.96],[13.75,66.92],[13.99,66.69],[13.59,66.66],[13.38,66.68],[13.24,66.57],[13.17,66.46],[13.26,66.39],[13.4,66.35],[13.58,66.19],[13.15,66.14],[13.11,66.03],[13.09,65.88],[12.71,65.91],[12.48,65.62],[12.28,65.43],[12.5,65.38],[12.53,65.11],[12.22,65.1],[12.11,65.13],[11.9,64.91],[11.69,64.78],[11.47,64.67],[11.41,64.62],[11.51,64.52],[11.36,64.42],[11.21,64.42],[11,64.49],[10.89,64.47],[10.74,64.39],[10.07,64.06],[9.87,63.88],[9.83,63.68],[9.44,63.5],[9.39,63.45],[18.3,62.79],[18.39,62.85],[18.49,62.98],[18.78,63.14],[19.08,63.2],[19.32,63.44],[19.47,63.48],[19.67,63.39],[19.98,63.52],[20.7,63.82],[20.87,64.03],[21.05,64.22],[21.39,64.38],[21.24,64.52],[21.06,64.59],[20.92,64.71],[21.33,64.89],[21.49,65.02],[21.42,65.1],[21.28,65.21],[21.52,65.37],[21.82,65.38],[21.96,65.45],[22.2,65.72],[22.49,65.88],[22.65,65.93],[22.8,65.85],[23.2,65.68],[23.41,65.72],[23.84,65.8],[23.95,65.8],[24.21,65.79],[24.59,65.58],[25.1,65.54],[25.25,65.42],[25.19,65.24],[25.13,65.08],[25.29,65],[25.35,64.94],[25.33,64.8],[24.93,64.82],[24.47,64.64],[24.09,64.38],[23.58,64.08],[23.13,63.78],[22.83,63.58],[22.7,63.58],[22.57,63.72],[22.48,63.6],[22.43,63.39],[22.29,63.2],[22.08,63.1],[21.95,63.13],[21.67,63.19],[21.49,63.12],[21.55,62.97],[21.48,62.89],[21.19,62.76],[21.06,62.61],[21.03,62.48],[21.2,62.44],[21.23,62.42],[29.02,61.77],[32.52,60.93],[46.11,57.71],[53.98,57.71],[53.92,57.6],[59.09,56.43],[62.81,56.96],[75.86,61.43],[98.46,69.79],[105.4,72.75],[105.28,72.75]]]},"properties":{"NAME":"Finno-Ugric taiga hunter-gatherers","SUBJECTO":"Finno-Ugric taiga hunter-gatherers","BORDERPRECISION":1}},
{"type":"Feature","geometry":{"type":"Polygon","coordinates":[[[39.74,40.99],[39.66,41],[39.37,41.06],[39.14,41.04],[38.65,40.92],[38.31,40.92],[37.82,41.01],[37.25,41.03],[36.82,41.29],[36.64,41.31],[36.38,41.24],[36.16,41.35],[35.96,41.69],[35.68,41.62],[35.41,41.63],[35.29,41.67],[35.1,41.81],[35,42.04],[34.66,41.88],[34.3,41.89],[33.9,41.95],[33.56,41.98],[33.16,41.95],[32.69,41.85],[32.42,41.75],[31.87,41.49],[31.67,41.39],[31.39,41.29],[31.4,41.16],[31.22,41.05],[30.74,41.04],[30.26,41.18],[30.14,41.13],[29.58,41.15],[29.16,41.22],[29.01,40.98],[29.29,40.81],[29.32,40.74],[29.42,40.74],[29.68,40.75],[29.88,40.75],[29.77,40.71],[29.89,40.54],[30.39,39.35],[33.67,38.57],[38.37,38.91],[38.79,38.94],[39.58,39.92],[39.74,40.99]]]},"properties":{"NAME":"Hittites","SUBJECTO":"Hittites","BORDERPRECISION":1}},
{"type":"Feature","geometry":{"type":"Polygon","coordinates":[[[111.42,43.56],[100.93,38.96],[99.69,34.67],[98.07,29.04],[96.85,25.23],[96.27,23.39],[96.41,23.48],[102.98,24.52],[106.62,20.44],[106.64,20.47],[106.77,20.64],[106.75,20.82],[106.81,20.91],[107.37,20.88],[107.47,20.98],[107.42,21.19],[107.79,21.4],[107.88,21.46],[107.9,21.48],[108.12,21.5],[108.27,21.47],[108.39,21.53],[108.46,21.71],[108.47,21.79],[108.55,21.82],[108.81,21.49],[109.12,21.4],[109.32,21.43],[109.41,21.56],[109.52,21.6],[109.78,21.48],[109.79,21.41],[109.61,21.06],[109.6,20.88],[109.71,20.57],[109.93,20.24],[110.27,20.32],[110.43,20.44],[110.41,20.53],[110.29,20.58],[110.08,20.87],[110.07,20.92],[110.2,21.1],[110.23,21.26],[110.24,21.28],[110.36,21.24],[110.57,21.23],[110.75,21.38],[111.09,21.48],[111.43,21.46],[111.54,21.49],[111.73,21.71],[111.83,21.75],[112.04,21.66],[112.31,21.68],[112.47,21.73],[112.75,21.76],[112.82,21.83],[112.82,21.93],[112.87,22.06],[113.1,21.98],[113.28,22.03],[113.38,22.16],[113.4,22.48],[113.42,22.57],[113.38,22.65],[113.46,22.77],[113.5,22.74],[113.54,22.7],[113.72,22.48],[113.85,22.46],[113.99,22.55],[114.3,22.65],[114.54,22.67],[114.56,22.46],[114.85,22.51],[115.04,22.6],[115.19,22.75],[115.31,22.77],[115.54,22.7],[115.71,22.64],[115.86,22.84],[116.08,22.89],[116.34,22.91],[116.4,22.98],[116.4,23.2],[116.45,23.25],[116.71,23.35],[116.96,23.56],[117.25,23.63],[117.41,23.69],[117.75,23.98],[117.85,24.05],[117.8,24.42],[117.86,24.51],[117.92,24.56],[118.12,24.53],[118.35,24.47],[118.53,24.69],[118.81,24.85],[118.95,25.14],[119.02,25.31],[119.1,25.44],[119.34,25.53],[119.43,25.65],[119.47,25.77],[119.44,26.04],[119.55,26.27],[119.43,26.59],[119.6,26.69],[119.86,26.71],[119.97,26.79],[120.08,26.99],[120.35,27.18],[120.41,27.31],[120.51,27.59],[120.69,27.87],[120.94,28.21],[121.01,28.28],[121.17,28.12],[121.26,28.18],[121.36,28.39],[121.35,28.54],[121.43,28.84],[121.57,29.17],[121.65,29.32],[121.56,29.36],[121.41,29.34],[121.36,29.41],[121.5,29.52],[121.67,29.62],[121.77,29.76],[121.77,29.83],[121.57,29.85],[121.39,29.92],[121.16,30.19],[121.08,30.21],[120.86,30.19],[120.44,30],[120.27,30.02],[119.94,30.12],[120.23,30.25],[120.61,30.35],[121.04,30.59],[121.33,30.69],[121.57,30.71],[121.63,30.79],[121.64,30.93],[121.5,31.28],[121.31,31.42],[121.27,31.45],[121.62,31.62],[121.65,31.69],[121.61,31.83],[121.48,31.95],[121.23,32.06],[121.05,32.33],[120.74,32.46],[120.66,32.54],[120.72,32.85],[120.64,33.04],[120.34,33.34],[120.15,33.89],[119.97,34.14],[119.62,34.37],[119.3,34.59],[119.02,34.69],[119,34.94],[119.06,35.04],[119.69,35.54],[119.91,35.77],[119.98,35.93],[119.91,36.14],[120.14,36.19],[120.2,36.16],[120.2,36.04],[120.27,35.99],[120.5,36.06],[120.54,36.39],[120.86,36.58],[121.61,36.83],[121.85,36.86],[121.98,36.82],[122.26,36.73],[122.28,36.98],[122.39,37.3],[122.27,37.3],[122.06,37.36],[121.89,37.38],[121.43,37.34],[121.19,37.43],[120.79,37.7],[120.66,37.74],[120.42,37.68],[120.17,37.58],[119.94,37.35],[119.6,37.12],[119.28,37.05],[118.95,37.08],[118.84,37.2],[118.81,37.45],[118.87,37.71],[118.88,37.95],[118.74,38.06],[118.2,38.04],[117.84,38.16],[117.59,38.28],[117.48,38.45],[117.44,38.6],[117.51,38.77],[117.58,38.92],[117.75,39.2],[117.91,39.26],[118.07,39.25],[118.27,39],[118.41,39.05],[118.51,39.13],[111.42,43.56]],[[110.22,36.7],[113.76,35.96],[112.81,33.03],[107.9,31.94],[106.13,34.18],[107.29,35.96],[110.22,36.7]]]},"properties":{"NAME":"Thai","SUBJECTO":"Thai","BORDERPRECISION":1}},
{"type":"Feature","geometry":{"type":"Polygon","coordinates":[[[105.4,72.75],[98.46,69.79],[75.86,61.43],[62.81,56.96],[59.09,56.43],[59.19,56.41],[65.31,55.05],[66,55.12],[66.14,55.08],[77.04,55.48],[84.68,55.43],[85.49,55.43],[85.62,55.44],[86.21,55.51],[93.07,56.27],[98.37,55.48],[98.77,55.42],[99.54,55.28],[99.49,55.66],[107.96,59.82],[114.02,59.55],[116.71,54.66],[119.94,51.26],[127.34,49.98],[134.87,52.01],[141.05,52.69],[141.03,52.73],[140.83,52.83],[141.09,52.99],[141.12,53.05],[140.89,53.2],[140.7,53.28],[140.32,53.54],[140.1,53.8],[139.81,53.96],[139.38,54.08],[139.05,54.09],[138.76,54.09],[138.42,54.09],[138.41,53.81],[138.23,53.57],[137.98,53.46],[137.24,53.46],[137.07,53.49],[137.12,53.59],[137.33,53.74],[137.38,53.81],[137.04,53.86],[136.77,53.7],[136.49,53.65],[136.35,53.7],[136.34,53.89],[136.49,54.46],[136.2,54.47],[135.73,54.41],[135.31,54.41],[135.09,54.43],[134.9,54.56],[134.89,54.72],[134.99,54.85],[135.27,55.03],[136.12,55.42],[136.52,55.59],[137.23,55.98],[137.6,56.24],[138.35,56.8],[138.87,57.12],[139.29,57.34],[140.03,57.64],[140.5,58.17],[140.59,58.24],[140.99,58.39],[141.35,58.5],[141.59,58.73],[141.92,58.94],[142.36,59.14],[142.85,59.27],[142.93,59.28],[143.3,59.27],[143.82,59.3],[144.39,59.31],[144.85,59.28],[145.4,59.33],[145.5,59.21],[145.51,59.04],[145.65,58.98],[145.96,58.98],[146.02,59.2],[146.05,59.25],[146.31,59.29],[146.71,59.22],[147,59.19],[147.35,59.23],[147.92,59.26],[148.1,59.21],[148.42,59.1],[148.63,59.19],[148.75,59.3],[148.73,59.48],[149.05,59.59],[149.38,59.61],[149.73,59.6],[150.12,59.39],[150.28,59.36],[150.66,59.43],[151.14,59.44],[151.52,59.34],[151.86,59.06],[151.78,59.04],[151.39,58.98],[151.06,58.92],[151.01,58.79],[151.14,58.73],[151.35,58.69],[151.69,58.75],[152.19,58.93],[152.5,58.77],[152.83,58.95],[152.97,59],[153.14,59.01],[153.45,58.95],[153.92,58.92],[154.39,59.04],[154.91,59.1],[154.88,59.16],[154.75,59.28],[154.18,59.3],[153.94,59.4],[153.94,59.57],[154.09,59.78],[154.32,59.98],[154.69,60.2],[155.15,60.39],[155.73,60.56],[155.67,60.78],[155.85,60.88],[156.42,61.12],[156.38,61.21],[156.42,61.4],[156.83,61.56],[157.1,61.63],[157.53,61.67],[158.12,61.72],[158.84,61.78],[159.11,61.71],[159.23,61.55],[159.45,61.56],[159.97,61.77],[160.12,61.75],[160.15,61.66],[160.06,61.51],[159.86,61.3],[159.74,61.1],[159.82,60.98],[160.24,60.95],[160.08,60.74],[160.01,60.59],[160.12,60.56],[160.64,60.72],[161.54,61.19],[162.24,61.51],[162.45,61.56],[162.75,61.61],[162.77,61.67],[162.71,61.76],[163.01,62.18],[162.99,62.33],[163.34,62.41],[163.82,62.49],[164.14,62.53],[165.07,62.44],[165.29,62.29],[165.05,62.26],[164.28,62.22],[164.01,62.13],[163.93,61.96],[163.94,61.74],[163.58,61.33],[163.83,61.23],[163.79,61.13],[163.44,60.89],[163.33,60.69],[162.38,60.46],[161.82,60.27],[161.7,60.07],[161.54,59.94],[160.84,59.55],[160.45,59.35],[159.65,58.95],[159.59,58.8],[159.39,58.61],[159.1,58.42],[158.33,58.03],[157.96,57.88],[157.51,57.75],[156.78,57.58],[156.84,57.51],[156.88,57.36],[156.81,57.26],[156.56,56.95],[156.24,56.76],[155.7,56.37],[155.63,56.27],[155.51,55.64],[155.45,55.28],[155.47,54.92],[155.58,54.55],[155.63,54.47],[155.64,54.32],[155.71,54.06],[155.71,53.8],[155.94,53.19],[156.04,52.78],[156.18,52.61],[156.33,52.27],[156.36,51.91],[156.47,51.6],[156.56,51.23],[156.7,50.96],[156.82,51],[157.21,51.23],[157.9,51.67],[158.26,52.02],[158.39,52.2],[158.46,52.59],[158.43,52.71],[158.46,52.83],[158.79,52.96],[159.32,53.13],[159.59,53.13],[159.9,53.24],[159.92,53.3],[159.9,53.4],[159.68,53.58],[159.63,53.71],[159.7,53.86],[159.93,54.09],[160.03,54.15],[160.4,54.37],[160.68,54.45],[160.84,54.45],[161.14,54.41],[161.57,54.42],[161.88,54.56],[162.01,54.74],[161.94,54.85],[161.65,54.99],[161.5,55.29],[161.61,55.56],[161.86,55.86],[162.32,56.24],[162.52,56.35],[162.72,56.34],[162.55,56.11],[162.55,56.01],[162.77,55.92],[163.01,55.94],[163.17,56.11],[163.17,56.38],[163.1,56.56],[162.74,56.6],[162.61,56.8],[162.51,57.03],[162.59,57.17],[162.93,57.37],[163.13,57.55],[163.08,57.63],[162.83,57.7],[162.2,57.68],[161.99,57.72],[161.8,57.86],[161.8,58.1],[161.94,58.26],[162.22,58.49],[162.62,58.73],[162.91,58.89],[162.75,58.97],[162.84,59.06],[163.25,59.29],[163.1,59.36],[163.04,59.46],[163.11,59.58],[163.39,59.81],[163.52,59.86],[163.77,59.88],[163.65,59.79],[164.11,60.08],[164.33,59.96],[164.44,59.74],[164.58,59.66],[164.88,59.73],[164.93,59.96],[165.11,60.03],[165.42,60.12],[165.78,60.35],[165.96,60.31],[166.2,60.35],[165.94,59.77],[166.03,59.71],[166.27,59.83],[166.87,60.17],[167.1,60.27],[167.69,60.36],[168.21,60.43],[168.67,60.45],[169.15,60.43],[169.46,60.3],[169.53,60.13],[169.61,60.01],[169.88,59.87],[170.06,59.88],[170.27,60.01],[170.27,60.15],[170.34,60.28],[169.48,61.19],[172.44,63.08],[171.77,65.86],[168.14,67.46],[155.89,68.17],[130.87,69.9],[124.54,71.59],[123.5,73.5],[123.41,73.48],[123.42,73.43],[123.44,73.33],[123.51,73.17],[122.88,72.75],[122.24,72.91],[121.7,72.9],[120.58,72.84],[120.11,72.88],[119.8,72.91],[119.42,72.97],[118.5,73.04],[118.34,73.19],[118.46,73.52],[117.92,73.53],[117.53,73.55],[116.67,73.62],[115.61,73.63],[114.93,73.56],[114.19,73.55],[113.55,73.2],[113.31,73.38],[113.31,73.61],[113.22,73.75],[113,73.78],[112.48,73.66],[112.09,73.63],[111.76,73.66],[111.49,73.74],[111.22,73.77],[110.94,73.94],[110.55,74.04],[110.29,73.94],[110.16,73.83],[110.18,73.8],[110.4,73.74],[110.44,73.57],[109.99,73.44],[109.6,73.39],[108.75,73.26],[107.8,73.14],[107.25,73.13],[106.5,73.06],[106.09,72.86],[105.6,72.74],[105.4,72.75]]]},"properties":{"NAME":"Paleo-Siberian hunter-gatherers","SUBJECTO":"Paleo-Siberian hunter-gatherers","BORDERPRECISION":1}},
{"type":"Feature","geometry":{"type":"Polygon","coordinates":[[[61.13,38.98],[61.18,39.09],[62.35,40.04],[64.85,40.89],[66.49,41.12],[67.99,41.18],[68.88,40.98],[68.91,40.99],[69.79,41.31],[78.24,43.33],[84.89,45.24],[88.17,46.88],[88.49,47.04],[91.93,48.76],[95.52,54.49],[88.09,55.33],[86.96,55.45],[86.08,55.45],[85.62,55.44],[85.49,55.43],[84.68,55.43],[78.46,55.37],[66.23,55.05],[63.75,54.99],[61.76,54.93],[50.65,54.16],[50.29,51.11],[52.17,48.31],[53.13,46.88],[53.23,46.73],[53.28,46.68],[53.17,46.59],[53.12,46.5],[53.19,46.42],[53.26,46.32],[53.2,46.19],[53.15,45.96],[53.05,45.83],[52.92,45.73],[52.83,45.64],[52.84,45.51],[53.06,45.45],[53.21,45.36],[53.28,45.33],[53.06,45.34],[52.61,45.4],[52.11,45.38],[52,45.38],[51.85,45.44],[51.77,45.39],[51.63,45.35],[51.51,45.37],[51.46,45.31],[51.38,45.17],[51.34,45.06],[51.22,45.04],[51.1,44.88],[51.19,44.77],[51.37,44.68],[51.49,44.63],[51.58,44.55],[51.41,44.52],[51.33,44.48],[51.09,44.56],[50.87,44.63],[50.72,44.64],[50.54,44.64],[50.41,44.62],[50.33,44.56],[50.33,44.37],[50.39,44.29],[50.7,44.26],[50.96,44.2],[50.99,44.08],[51.17,43.72],[51.26,43.61],[51.37,43.56],[51.46,43.39],[51.42,43.26],[51.42,43.17],[51.58,43.18],[51.74,43.18],[51.88,43.05],[51.98,42.91],[52.07,42.83],[52.16,42.85],[52.3,42.87],[52.38,42.8],[52.58,42.83],[52.76,42.76],[52.83,42.65],[52.75,42.56],[52.74,42.42],[52.67,42.28],[52.58,42.19],[52.52,42.07],[52.57,42.02],[52.6,41.94],[52.56,41.76],[52.68,41.69],[52.71,41.61],[52.69,41.53],[52.86,41.39],[52.97,41.14],[52.96,41.27],[52.93,41.38],[52.97,41.56],[53,41.68],[52.94,41.77],[52.98,41.9],[53.07,42.03],[53.27,42.09],[53.46,42.1],[53.74,42.13],[53.99,42.11],[54.02,42.05],[54.02,41.95],[54.02,41.86],[54.12,41.78],[54.14,41.63],[54.17,41.48],[54.36,41.39],[54.6,41.24],[54.75,41.14],[54.83,40.98],[54.82,40.88],[54.72,40.85],[54.61,40.81],[54.5,40.85],[54.45,40.92],[54.37,40.9],[54.39,40.8],[54.45,40.72],[54.42,40.66],[54.33,40.69],[54.22,40.73],[54.11,40.68],[53.98,40.65],[53.84,40.64],[53.79,40.73],[53.76,40.87],[53.7,40.88],[53.65,40.88],[53.66,40.81],[53.61,40.75],[53.44,40.8],[53.26,40.76],[53.18,40.84],[53.15,40.9],[53.06,41.05],[53.02,40.95],[52.97,40.82],[52.95,40.71],[52.9,40.56],[52.83,40.47],[52.85,40.33],[52.85,40.18],[52.91,40.05],[52.99,39.93],[53.05,40],[53.19,39.96],[53.36,39.96],[53.51,40],[53.69,39.98],[53.59,39.89],[53.52,39.78],[53.55,39.65],[53.67,39.64],[53.81,39.55],[53.79,39.49],[53.74,39.5],[53.54,39.54],[53.37,39.52],[53.31,39.57],[53.25,39.45],[53.21,39.4],[53.25,39.3],[53.33,39.39],[53.5,39.34],[53.58,39.32],[53.66,39.32],[53.68,39.25],[53.77,39.14],[53.92,39.05],[54.03,38.99],[54.07,38.9],[54.03,38.79],[53.99,38.66],[53.94,38.57],[53.94,38.33],[53.94,38.16],[53.88,38.03],[53.93,37.82],[53.99,37.52],[54.01,37.39],[56.51,37.39],[58.42,37.76],[59.1,38.48],[60.06,39.08],[61.11,38.94],[61.13,38.98]],[[56.73,52.6],[59.78,52.96],[62.93,52.63],[63.12,50.74],[59.98,49.39],[55.36,51.21],[56.73,52.6]]]},"properties":{"NAME":"Andronovo","SUBJECTO":"Andronovo","BORDERPRECISION":1}},
{"type":"Feature","geometry":{"type":"Polygon","coordinates":[[[86.21,55.51],[86.08,55.45],[86.96,55.45],[88.09,55.33],[95.52,54.49],[91.93,48.76],[88.49,47.04],[90.58,47.21],[93.32,48.02],[97.41,51.17],[100.38,52.27],[101.91,53.97],[98.77,55.42],[98.37,55.48],[93.07,56.27],[86.21,55.51]]]},"properties":{"NAME":"Afanasevo","SUBJECTO":"Afanasevo","BORDERPRECISION":1}},
{"type":"Feature","geometry":{"type":"Polygon","coordinates":[[[99.69,34.67],[88.98,36.92],[74.36,37.84],[73.47,34.94],[89.09,31.35],[95.51,27.32],[96.85,25.23],[98.07,29.04],[99.69,34.67]]]},"properties":{"NAME":"Tibeto-Burmanese","SUBJECTO":"Tibeto-Burmanese","BORDERPRECISION":1}},
{"type":"Feature","geometry":{"type":"Polygon","coordinates":[[[72.7,22.13],[72.67,21.85],[72.71,21.44],[72.77,21.15],[72.93,20.95],[73.11,20.83],[73.11,20.69],[72.88,20.34],[72.86,20.31],[72.76,20.06],[72.78,19.95],[72.85,19.24],[72.98,18.54],[73.03,18.22],[73.06,18.03],[73.18,17.52],[73.4,16.62],[73.41,16.56],[73.49,16.29],[73.51,16.24],[73.57,16.04],[73.84,15.39],[74.03,15.06],[74.15,14.85],[74.21,14.75],[80.14,14.49],[80.09,14.95],[80.09,15.18],[80.16,15.39],[80.3,15.65],[80.46,15.77],[80.74,15.84],[80.96,15.72],[81.09,15.83],[81.25,16.23],[81.37,16.35],[81.6,16.3],[81.79,16.33],[82.08,16.46],[82.23,16.65],[82.27,16.86],[82.35,17.09],[82.55,17.23],[82.75,17.33],[82.85,17.38],[83.08,17.5],[83.38,17.71],[83.68,18.08],[83.99,18.21],[84.26,18.46],[84.32,18.53],[84.66,18.93],[84.75,19.03],[84.91,19.18],[85.11,19.44],[85.38,19.61],[85.71,19.7],[85.91,19.72],[86.12,19.81],[86.39,20.02],[86.63,20.2],[86.64,20.32],[86.78,20.47],[86.93,20.69],[86.84,20.88],[86.8,21.14],[86.82,21.19],[86.94,21.29],[87.19,21.38],[87.64,21.56],[87.87,21.7],[88.05,21.94],[88.09,21.9],[88.12,21.86],[88.25,21.6],[88.3,21.55],[88.38,21.58],[88.45,21.74],[88.57,21.9],[88.66,21.86],[88.72,21.54],[88.88,21.51],[89.03,21.55],[88.99,21.63],[89.07,21.77],[89.23,21.66],[89.46,21.94],[89.58,21.7],[89.67,21.72],[89.8,21.83],[89.87,22.13],[89.9,22.11],[90.04,21.93],[90.16,21.73],[90.27,21.78],[90.38,22.02],[90.59,22.06],[90.65,22.13],[90.65,22.33],[90.48,22.68],[90.5,22.92],[90.56,22.98],[90.62,22.96],[90.78,22.69],[90.89,22.6],[90.9,22.56],[91.08,22.56],[91.41,22.72],[91.57,22.54],[91.65,22.36],[91.85,21.91],[91.95,21.36],[92.07,21.12],[92.12,21],[92.18,20.89],[92.23,20.82],[92.4,20.61],[92.66,20.4],[92.83,20.42],[92.92,20.37],[92.93,20.31],[92.89,20.11],[93.07,19.99],[93.25,20.04],[93.33,20.03],[93.42,19.94],[93.72,19.59],[93.75,19.47],[93.81,19.26],[93.68,19.25],[93.46,19.17],[93.69,19.01],[93.84,18.95],[93.97,19.19],[94.05,19.06],[94.24,18.59],[94.25,18.58],[94.42,18.14],[94.47,17.66],[94.47,17.64],[94.46,17.26],[94.39,16.91],[94.14,16.22],[94.14,16.01],[94.3,15.95],[94.42,16.08],[94.54,16.13],[94.82,16.21],[94.82,16.16],[94.75,15.94],[94.83,15.84],[94.97,15.84],[95.12,16],[95.22,16],[95.22,15.8],[95.33,15.68],[95.42,15.74],[95.55,15.88],[95.71,16.16],[96.2,16.38],[96.47,16.51],[96.66,16.7],[96.73,16.89],[96.77,17.33],[96.88,17.35],[96.98,17.24],[97.21,16.94],[97.35,16.53],[97.42,16.48],[97.57,16.45],[97.6,16.35],[97.61,16.1],[97.66,15.79],[97.67,15.69],[97.74,15.01],[97.82,14.62],[97.98,14.24],[97.99,14.21],[98.19,13.66],[98.2,13.64],[98.4,13.27],[98.49,13.11],[98.6,12.74],[98.65,12.24],[98.68,12.05],[98.59,11.82],[98.59,11.7],[98.64,11.66],[98.87,11.65],[98.74,11.44],[98.68,11.09],[98.61,10.86],[98.4,10.56],[98.43,10.2],[98.59,10.12],[98.63,10.1],[98.5,9.72],[98.25,8.94],[98.18,8.6],[98.2,8.33],[98.29,8.16],[98.39,8.22],[98.54,8.26],[98.75,8.09],[98.89,8.02],[99.02,7.87],[99.12,7.64],[99.29,7.32],[99.47,7.34],[99.57,7.26],[99.64,7.07],[99.61,6.94],[99.66,6.71],[99.83,6.54],[99.97,6.51],[100.15,6.6],[100.22,6.52],[100.16,6.39],[100.16,6.34],[100.14,6.18],[100.22,5.85],[100.38,5.02],[100.56,4.74],[100.61,4.55],[100.59,4.42],[100.58,4.2],[100.66,3.9],[100.75,3.82],[101.07,3.54],[101.26,3.23],[101.34,2.78],[101.43,2.67],[101.89,2.34],[102.45,2.03],[102.72,1.88],[103.11,1.61],[103.35,1.41],[103.43,1.38],[103.61,1.44],[104.01,1.42],[104.18,1.39],[104.15,1.45],[103.83,2.17],[103.68,2.41],[103.44,2.63],[103.35,2.8],[103.31,3.03],[103.34,3.31],[103.33,3.39],[103.31,3.8],[103.37,4.18],[103.38,4.55],[103.34,4.81],[103.11,5.15],[103.06,5.22],[102.8,5.56],[102.33,6.1],[102.09,6.14],[102.07,6.15],[101.98,6.22],[101.68,6.46],[101.56,6.74],[101.43,6.83],[101.22,6.8],[100.98,6.85],[100.61,6.98],[100.54,7.05],[100.34,7.44],[100.29,7.77],[100.3,7.89],[100.21,8.33],[100.13,8.53],[100.01,8.49],[99.93,8.58],[99.87,8.71],[99.9,8.92],[99.9,9.07],[99.84,9.23],[99.72,9.26],[99.55,9.19],[99.3,9.16],[99.2,9.24],[99.12,9.37],[99.07,9.9],[99.19,10.49],[99.5,11.25],[99.76,11.78],[99.9,12.08],[99.87,12.26],[99.83,12.52],[99.98,12.84],[100.02,12.99],[99.93,13.26],[100.04,13.39],[100.24,13.49],[100.47,13.51],[100.59,13.47],[100.91,13.45],[100.96,13.36],[100.87,12.81],[100.87,12.68],[101.02,12.67],[101.15,12.61],[101.33,12.56],[101.59,12.66],[101.72,12.65],[101.92,12.59],[102.18,12.33],[102.32,12.19],[102.53,12.15],[102.66,12.07],[102.67,12.04],[102.96,11.37],[103.04,10.9],[103.19,10.9],[103.4,11.04],[103.52,11.06],[103.65,10.88],[103.67,10.77],[103.59,10.66],[103.52,10.52],[103.61,10.47],[103.74,10.49],[103.83,10.47],[104,10.54],[104.16,10.52],[104.27,10.4],[104.39,10.31],[104.43,10.28],[104.76,10.18],[104.98,9.98],[104.99,9.82],[104.89,9.69],[104.82,9.47],[104.78,8.88],[104.74,8.49],[104.91,8.47],[105.03,8.52],[105.21,8.65],[105.3,8.77],[105.5,9.03],[105.69,9.12],[105.93,9.19],[106.12,9.34],[106.23,9.55],[106.34,9.52],[106.48,9.55],[106.66,9.74],[106.75,10.07],[106.73,10.23],[106.7,10.45],[106.77,10.64],[106.85,10.58],[107.04,10.44],[107.1,10.41],[107.27,10.35],[107.41,10.37],[107.67,10.53],[107.94,10.81],[108.16,10.97],[108.35,11.04],[108.58,11.09],[108.7,11.15],[108.9,11.34],[108.94,11.41],[109.06,11.59],[109.07,11.64],[109.05,11.93],[109.09,12.12],[109.07,12.49],[109.17,12.71],[109.31,12.91],[109.07,14.17],[108.92,14.79],[108.79,15.09],[108.5,15.36],[108.36,15.62],[108.24,16.08],[108.1,16.25],[107.81,16.28],[107.69,16.37],[107.38,16.69],[107.11,16.95],[107.01,17.04],[106.62,17.33],[106.43,17.55],[106.39,17.66],[106.38,17.9],[106.36,18.01],[105.86,18.49],[105.65,18.74],[105.53,18.84],[105.71,19.28],[105.84,19.7],[105.96,19.88],[106.04,19.94],[106.28,20.05],[106.38,20.11],[106.62,20.44],[102.98,24.52],[96.41,23.48],[96.27,23.39],[96.85,25.23],[95.51,27.32],[89.09,31.35],[73.47,34.94],[72.26,35.22],[62.9,32.15],[61,25.08],[61.34,25.03],[61.57,25.04],[61.81,25.05],[62.14,25.1],[62.45,25.16],[63.02,25.16],[63.29,26.88],[64.81,28.51],[67.62,28.98],[69.02,31.09],[70.78,32.02],[73.7,32.14],[78.84,30.74],[79.19,30.03],[78.84,28.63],[72.3,28.98],[70.31,28.05],[69.72,26.99],[70.07,25.47],[72.53,24.42],[73.23,23.72],[72.7,22.13]]]},"properties":{"NAME":"Austroasian rice cultures","SUBJECTO":"Austroasian rice cultures","BORDERPRECISION":1}},
{"type":"Feature","geometry":{"type":"Polygon","coordinates":[[[38.91,37.57],[38.07,38.11],[38.37,38.91],[33.67,38.57],[30.39,39.35],[29.89,40.54],[29.77,40.71],[29.71,40.69],[29.53,40.69],[28.9,40.62],[28.78,40.52],[28.87,40.47],[29.08,40.46],[29.12,40.41],[29.05,40.33],[28.93,40.36],[28.76,40.38],[28.48,40.4],[28,40.36],[27.91,40.35],[28.01,40.45],[27.95,40.49],[27.81,40.5],[27.68,40.46],[27.8,40.4],[27.83,40.35],[27.76,40.29],[27.53,40.3],[27.45,40.31],[27.33,40.36],[27.27,40.45],[27.06,40.43],[27,40.37],[26.77,40.38],[26.48,40.19],[26.4,40.18],[26.32,39.99],[26.19,40],[26.13,39.88],[26.14,39.75],[26.14,39.66],[26.08,39.6],[26.06,39.46],[26.14,39.44],[26.55,39.51],[26.8,39.57],[26.96,39.55],[26.93,39.48],[26.85,39.46],[26.72,39.34],[26.6,39.26],[26.7,39.25],[26.71,39.18],[26.8,39.13],[26.87,39.06],[26.79,39.02],[26.79,38.94],[26.94,38.92],[27,38.88],[27.03,38.82],[26.97,38.77],[26.71,38.7],[26.7,38.64],[26.83,38.58],[26.82,38.53],[27,38.4],[26.74,38.28],[26.53,38.42],[26.47,38.44],[26.39,38.22],[26.39,38.1],[26.51,38.07],[26.68,38.1],[26.96,37.95],[27.14,37.89],[27.18,37.77],[27.14,37.65],[27.12,37.49],[27.16,37.36],[27.36,37.33],[27.49,37.24],[27.53,37.13],[27.27,37.04],[27.31,36.92],[27.55,36.91],[28,36.91],[28.05,36.83],[27.94,36.76],[27.91,36.7],[28.01,36.53],[28.27,36.71],[28.47,36.74],[28.81,36.54],[29,36.69],[29.3,36.17],[29.47,36.09],[29.66,36.08],[30.17,36.19],[30.28,36.12],[30.39,36.12],[30.47,36.19],[30.5,36.37],[30.54,36.65],[30.59,36.76],[30.91,36.79],[31.37,36.71],[31.9,36.5],[32.33,36.13],[32.64,36.01],[32.9,35.98],[33.17,35.97],[33.48,36.05],[33.75,36.15],[33.83,36.07],[33.84,36.11],[33.89,36.14],[33.95,36.16],[33.95,36.25],[34.1,36.38],[34.49,36.63],[34.66,36.65],[34.87,36.58],[35.07,36.49],[35.22,36.39],[35.35,36.41],[35.39,36.45],[35.42,36.43],[35.49,36.44],[35.55,36.54],[35.51,36.56],[35.57,36.59],[35.67,36.61],[35.89,36.77],[35.96,36.75],[36.08,36.62],[38.09,37.43],[38.91,37.57]]]},"properties":{"NAME":"Anatolian tribes","SUBJECTO":"Anatolian tribes","BORDERPRECISION":1}},
{"type":"Feature","geometry":{"type":"Polygon","coordinates":[[[52.17,48.31],[44.75,49.19],[37.02,49.36],[29.76,49.33],[24.29,45.37],[28.54,43.91],[28.57,44.2],[28.69,44.49],[28.92,44.77],[29.09,44.88],[29.26,44.9],[29.46,44.92],[29.58,45.06],[29.71,45.26],[29.68,45.37],[29.62,45.41],[29.54,45.45],[29.5,45.52],[29.63,45.75],[29.73,45.77],[30.07,45.86],[30.43,46.18],[30.52,46.25],[30.83,46.58],[31.09,46.64],[31.54,46.7],[31.78,46.7],[31.95,46.86],[32.19,46.59],[31.93,46.41],[32.11,46.22],[32.2,46.17],[32.52,46.13],[32.97,46.15],[33.33,46.17],[33.53,46.13],[33.64,45.93],[33.54,45.87],[33.19,45.79],[32.9,45.67],[32.5,45.45],[32.58,45.36],[32.64,45.38],[32.93,45.39],[33.01,45.38],[33.4,45.25],[33.52,45.12],[33.56,44.94],[33.4,44.6],[33.66,44.52],[34.01,44.49],[34.13,44.54],[34.37,44.76],[34.61,44.84],[35.07,44.86],[35.39,45.08],[35.6,45.1],[35.87,45.03],[36,45.04],[36.26,45.1],[36.37,45.16],[36.42,45.27],[36.52,45.39],[36.32,45.44],[35.85,45.45],[35.55,45.38],[35.32,45.32],[35.06,45.34],[34.99,45.45],[35.03,45.53],[35.01,45.61],[34.13,46.06],[33.84,46.19],[34.06,46.26],[34.5,46.28],[34.69,46.25],[34.91,46.27],[35.05,46.36],[35.21,46.64],[35.42,46.49],[35.62,46.52],[35.85,46.66],[36.35,46.78],[36.86,46.81],[37.19,46.89],[37.42,47.08],[37.86,47.1],[38.21,47.15],[38.8,47.23],[39.16,47.27],[39.19,47.24],[39.28,47.07],[38.72,46.88],[38.4,46.72],[38.03,46.67],[37.87,46.66],[37.76,46.6],[37.97,46.44],[38.26,46.32],[38.46,46.08],[38.23,46.02],[37.99,46.01],[37.87,45.79],[37.71,45.58],[37.66,45.35],[37.46,45.31],[37.23,45.31],[36.96,45.23],[37.32,44.92],[37.47,44.69],[37.62,44.67],[37.77,44.74],[37.88,44.72],[38.11,44.49],[38.28,44.42],[38.56,44.39],[38.92,44.21],[39.46,43.83],[39.64,43.7],[44.12,43.42],[48.12,40.53],[49.55,39.97],[49.55,40.09],[49.57,40.18],[49.67,40.24],[49.85,40.27],[49.91,40.33],[50.03,40.35],[50.13,40.35],[50.31,40.33],[50.47,40.26],[50.47,40.33],[50.42,40.41],[50.32,40.5],[50.19,40.57],[50.02,40.6],[49.81,40.58],[49.61,40.69],[49.61,40.76],[49.48,40.84],[49.35,40.95],[49.29,41.06],[49.24,41.29],[49.12,41.43],[49.09,41.45],[49,41.52],[48.89,41.69],[48.68,41.84],[48.66,41.9],[48.5,41.93],[48.42,42.09],[48.25,42.25],[48.22,42.28],[48.13,42.41],[47.97,42.59],[47.84,42.62],[47.79,42.85],[47.74,42.9],[47.57,43.01],[47.58,43.19],[47.66,43.28],[47.6,43.32],[47.57,43.5],[47.67,43.66],[47.74,43.86],[47.66,43.85],[47.61,43.75],[47.57,43.6],[47.52,43.51],[47.49,43.58],[47.54,43.67],[47.57,43.84],[47.44,44.03],[47.33,44.19],[47.22,44.2],[47.14,44.34],[47,44.36],[46.85,44.45],[46.81,44.54],[46.87,44.68],[47.03,44.79],[47.17,44.86],[47.25,44.99],[47.39,45.17],[47.48,45.32],[47.56,45.45],[47.66,45.54],[47.6,45.66],[47.63,45.73],[47.67,45.75],[47.75,45.71],[47.87,45.68],[48.01,45.71],[48.3,45.77],[48.48,45.89],[48.64,45.98],[48.77,45.89],[48.83,45.92],[48.83,46.02],[48.83,46.08],[48.89,46.08],[49.06,46.14],[49.24,46.26],[49.31,46.35],[49.41,46.43],[49.53,46.54],[49.72,46.53],[49.95,46.56],[50.27,46.69],[50.63,46.91],[50.82,46.92],[51.12,47.06],[51.37,47.09],[51.67,47.04],[51.79,47.01],[51.94,46.89],[52.14,46.84],[52.38,46.87],[52.47,46.91],[52.56,46.98],[52.86,46.94],[53.02,46.92],[53.13,46.88],[52.17,48.31]]]},"properties":{"NAME":"Catacomb culture","SUBJECTO":"Catacomb culture","BORDERPRECISION":1}},
{"type":"Feature","geometry":{"type":"MultiPolygon","coordinates":[[[[118.51,39.13],[118.56,39.17],[118.78,39.17],[118.98,39.22],[119.09,39.34],[119.15,39.45],[119.21,39.64],[119.39,39.84],[119.55,39.93],[119.82,40.04],[120.11,40.08],[120.27,40.15],[120.79,40.68],[121.01,40.85],[121.09,40.86],[121.37,40.87],[121.43,40.86],[121.75,40.74],[122.08,40.49],[122.11,40.35],[122.04,40.26],[121.79,40.08],[121.67,39.91],[121.24,39.55],[121.21,39.48],[121.28,39.35],[121.45,39.38],[121.66,39.33],[121.51,39.17],[121.12,38.87],[121.07,38.75],[121.22,38.76],[121.49,38.88],[121.74,39.09],[122.03,39.26],[123.04,39.67],[123.37,39.75],[123.92,39.81],[124.1,39.88],[124.11,39.88],[124.13,39.84],[124.15,39.82],[124.21,39.74],[124.44,39.57],[124.55,39.54],[124.69,39.61],[124.86,39.62],[124.92,39.62],[125.21,39.49],[125.3,39.36],[125.21,39.21],[125.03,38.82],[125.29,38.69],[125.27,38.57],[124.93,38.46],[124.74,38.28],[124.69,38.14],[124.77,37.94],[125.08,37.77],[125.18,37.66],[125.27,37.48],[125.56,37.84],[125.74,37.78],[125.91,37.51],[126.05,37.6],[126.21,37.75],[126.33,37.66],[126.37,37.63],[126.37,37.62],[126.38,37.62],[126.38,37.61],[126.39,37.61],[126.4,37.6],[126.41,37.59],[126.42,37.59],[126.45,37.59],[126.5,37.59],[126.51,37.6],[126.54,37.63],[126.52,37.76],[126.53,37.76],[126.53,37.72],[126.55,37.65],[126.55,37.64],[126.57,37.62],[126.63,37.59],[126.65,37.57],[126.66,37.55],[126.66,37.54],[126.67,37.49],[126.67,37.48],[126.66,37.48],[126.63,37.49],[126.62,37.48],[126.63,37.47],[126.66,37.41],[126.67,37.4],[126.72,37.39],[126.73,37.38],[126.74,37.39],[126.72,37.33],[126.77,37.3],[126.8,37.3],[126.81,37.3],[126.84,37.31],[126.85,37.3],[126.86,37.27],[126.87,37.27],[126.86,37.26],[126.77,37.23],[126.75,37.24],[126.7,37.26],[126.67,37.26],[126.66,37.25],[126.66,37.16],[126.69,37.12],[126.71,37.12],[126.72,37.13],[126.74,37.15],[126.76,37.17],[126.77,37.17],[126.87,37.18],[126.87,37.17],[126.87,37.15],[126.87,37.14],[126.86,37.14],[126.85,37.14],[126.82,37.13],[126.78,37.13],[126.78,37.12],[126.77,37.12],[126.75,37.05],[126.76,37.04],[126.87,36.95],[126.91,36.92],[126.92,36.92],[127,36.93],[126.99,36.91],[126.91,36.82],[126.85,36.75],[126.84,36.75],[126.83,36.76],[126.83,36.77],[126.83,36.84],[126.83,36.85],[126.83,36.86],[126.83,36.87],[126.83,36.88],[126.83,36.89],[126.83,36.91],[126.82,36.91],[126.78,36.96],[126.78,36.97],[126.77,36.97],[126.76,36.97],[126.68,36.97],[126.62,36.97],[126.57,37.02],[126.53,37.05],[126.52,37.05],[126.5,37.05],[126.49,37],[126.51,36.94],[126.5,36.87],[126.5,36.86],[126.49,36.85],[126.48,36.84],[126.47,36.84],[126.46,36.86],[126.46,36.89],[126.46,36.9],[126.47,36.91],[126.48,36.92],[126.48,36.93],[126.45,36.99],[126.44,37],[126.43,37],[126.42,37],[126.39,37],[126.36,37],[126.35,36.99],[126.34,36.99],[126.33,36.99],[126.34,36.96],[126.35,36.95],[126.38,36.93],[126.39,36.93],[126.41,36.94],[126.41,36.93],[126.41,36.91],[126.42,36.91],[126.42,36.9],[126.4,36.85],[126.32,36.8],[126.29,36.79],[126.28,36.79],[126.28,36.8],[126.28,36.81],[126.28,36.82],[126.3,36.84],[126.31,36.87],[126.32,36.88],[126.31,36.94],[126.3,36.96],[126.29,36.96],[126.19,36.88],[126.18,36.88],[126.19,36.82],[126.16,36.81],[126.13,36.75],[126.12,36.71],[126.13,36.71],[126.17,36.68],[126.17,36.67],[126.19,36.67],[126.23,36.68],[126.24,36.69],[126.25,36.7],[126.25,36.71],[126.26,36.71],[126.27,36.72],[126.27,36.71],[126.3,36.64],[126.3,36.63],[126.29,36.58],[126.32,36.6],[126.34,36.65],[126.33,36.65],[126.32,36.66],[126.31,36.68],[126.3,36.69],[126.31,36.7],[126.34,36.74],[126.35,36.74],[126.47,36.74],[126.48,36.74],[126.5,36.72],[126.52,36.66],[126.53,36.6],[126.53,36.59],[126.52,36.59],[126.52,36.58],[126.51,36.59],[126.5,36.59],[126.47,36.59],[126.47,36.58],[126.46,36.57],[126.48,36.48],[126.5,36.39],[126.54,36.22],[126.54,36.14],[126.67,36],[126.69,36],[126.71,36],[126.74,36.01],[126.86,36.06],[126.87,36.06],[126.87,36.05],[126.87,36.04],[126.85,36.04],[126.76,36],[126.71,35.98],[126.64,35.97],[126.63,35.97],[126.63,35.96],[126.62,35.93],[126.61,35.92],[126.61,35.9],[126.62,35.89],[126.73,35.88],[126.78,35.89],[126.79,35.89],[126.8,35.86],[126.75,35.78],[126.74,35.78],[126.71,35.77],[126.7,35.77],[126.64,35.74],[126.63,35.74],[126.48,35.64],[126.47,35.64],[126.47,35.61],[126.47,35.6],[126.48,35.6],[126.49,35.58],[126.5,35.58],[126.51,35.58],[126.52,35.58],[126.54,35.59],[126.55,35.59],[126.64,35.59],[126.65,35.59],[126.66,35.59],[126.67,35.59],[126.67,35.57],[126.69,35.54],[126.69,35.53],[126.68,35.53],[126.62,35.55],[126.53,35.53],[126.52,35.52],[126.5,35.51],[126.49,35.51],[126.48,35.5],[126.46,35.46],[126.45,35.45],[126.44,35.43],[126.43,35.42],[126.42,35.41],[126.39,35.34],[126.38,35.31],[126.36,35.23],[126.36,35.18],[126.39,35.15],[126.41,35.12],[126.42,35.11],[126.43,35.11],[126.44,35.1],[126.46,35.09],[126.46,35.07],[126.43,35.02],[126.42,35.02],[126.36,35.07],[126.34,35.1],[126.34,35.11],[126.35,35.12],[126.35,35.13],[126.35,35.15],[126.34,35.15],[126.27,35.14],[126.26,35.13],[126.25,35.13],[126.25,35.12],[126.25,35.11],[126.3,34.96],[126.32,34.93],[126.33,34.92],[126.34,34.92],[126.37,34.93],[126.38,34.94],[126.38,34.95],[126.43,34.96],[126.41,34.89],[126.38,34.81],[126.37,34.8],[126.37,34.79],[126.38,34.79],[126.38,34.78],[126.5,34.78],[126.51,34.78],[126.52,34.78],[126.53,34.8],[126.53,34.82],[126.54,34.87],[126.59,34.88],[126.66,34.81],[126.63,34.78],[126.61,34.78],[126.49,34.75],[126.48,34.72],[126.49,34.72],[126.5,34.72],[126.62,34.62],[126.61,34.62],[126.54,34.61],[126.53,34.61],[126.52,34.62],[126.47,34.64],[126.46,34.64],[126.45,34.65],[126.43,34.62],[126.45,34.58],[126.42,34.6],[126.35,34.7],[126.34,34.71],[126.33,34.73],[126.32,34.75],[126.31,34.75],[126.3,34.75],[126.29,34.75],[126.29,34.74],[126.27,34.68],[126.27,34.67],[126.27,34.63],[126.29,34.59],[126.31,34.57],[126.32,34.56],[126.39,34.54],[126.46,34.48],[126.46,34.47],[126.48,34.35],[126.52,34.32],[126.56,34.3],[126.59,34.3],[126.6,34.3],[126.68,34.43],[126.76,34.56],[126.77,34.57],[126.77,34.58],[126.78,34.59],[126.79,34.59],[126.79,34.58],[126.8,34.58],[126.8,34.57],[126.8,34.56],[126.8,34.53],[126.8,34.49],[126.8,34.46],[126.81,34.45],[126.82,34.44],[126.89,34.41],[126.89,34.43],[126.9,34.45],[126.94,34.49],[126.97,34.5],[126.99,34.53],[126.99,34.54],[127.01,34.6],[127.04,34.62],[127.09,34.65],[127.11,34.66],[127.22,34.71],[127.27,34.73],[127.33,34.74],[127.34,34.74],[127.35,34.7],[127.35,34.69],[127.33,34.66],[127.33,34.65],[127.24,34.57],[127.21,34.57],[127.19,34.57],[127.2,34.6],[127.21,34.61],[127.21,34.62],[127.21,34.63],[127.21,34.64],[127.2,34.63],[127.13,34.57],[127.13,34.55],[127.12,34.55],[127.12,34.54],[127.13,34.53],[127.14,34.52],[127.17,34.51],[127.24,34.51],[127.32,34.44],[127.39,34.47],[127.51,34.58],[127.51,34.59],[127.51,34.6],[127.49,34.64],[127.43,34.68],[127.41,34.69],[127.39,34.7],[127.36,34.75],[127.4,34.8],[127.42,34.82],[127.49,34.85],[127.52,34.86],[127.57,34.77],[127.56,34.72],[127.56,34.7],[127.56,34.69],[127.55,34.66],[127.56,34.65],[127.58,34.64],[127.63,34.61],[127.64,34.62],[127.74,34.72],[127.75,34.73],[127.77,34.79],[127.77,34.83],[127.77,34.84],[127.72,34.84],[127.71,34.84],[127.7,34.84],[127.69,34.83],[127.67,34.82],[127.67,34.81],[127.65,34.81],[127.64,34.81],[127.61,34.84],[127.6,34.85],[127.58,34.89],[127.57,34.91],[127.57,34.92],[127.59,34.94],[127.6,34.94],[127.61,34.94],[127.61,34.92],[127.62,34.91],[127.63,34.9],[127.64,34.9],[127.66,34.91],[127.77,34.96],[127.83,34.95],[127.86,34.94],[127.88,34.94],[127.89,34.95],[127.91,34.96],[128.02,34.99],[128.05,34.95],[128.05,34.94],[128.06,34.93],[128.07,34.92],[128.15,34.89],[128.18,34.89],[128.2,34.89],[128.21,34.89],[128.21,34.9],[128.21,34.91],[128.21,34.92],[128.21,34.93],[128.22,34.93],[128.23,34.93],[128.33,34.95],[128.34,34.94],[128.35,34.93],[128.36,34.91],[128.35,34.9],[128.34,34.87],[128.4,34.83],[128.41,34.83],[128.43,34.83],[128.45,34.84],[128.45,34.85],[128.46,34.87],[128.47,34.89],[128.5,35.01],[128.49,35.05],[128.48,35.05],[128.47,35.05],[128.42,35.03],[128.41,35.03],[128.41,35.02],[128.4,35.01],[128.39,35.01],[128.38,35],[128.37,35],[128.37,35.01],[128.38,35.04],[128.39,35.04],[128.57,35.17],[128.61,35.17],[128.62,35.15],[128.71,35.1],[128.73,35.09],[128.81,35.08],[128.92,35.09],[128.93,35.09],[128.97,35.13],[128.98,35.08],[129.14,35.11],[129.17,35.15],[129.24,35.19],[129.24,35.21],[129.28,35.3],[129.34,35.34],[129.35,35.34],[129.44,35.48],[129.47,35.54],[129.47,35.55],[129.47,35.58],[129.48,35.59],[129.47,35.6],[129.46,35.64],[129.49,35.68],[129.58,35.99],[129.59,36],[129.59,36.01],[129.59,36.02],[129.59,36.03],[129.57,36.06],[129.56,36.08],[129.55,36.08],[129.53,36.05],[129.49,36.02],[129.48,36.01],[129.47,36],[129.46,35.99],[129.45,35.99],[129.43,36],[129.42,36],[129.4,36.01],[129.39,36.02],[129.39,36.03],[129.39,36.04],[129.38,36.31],[129.39,36.33],[129.39,36.34],[129.41,36.36],[129.42,36.37],[129.44,36.39],[129.44,36.4],[129.44,36.41],[129.45,36.5],[129.45,36.51],[129.44,36.54],[129.44,36.55],[129.43,36.56],[129.42,36.57],[129.42,36.58],[129.42,36.62],[129.42,36.63],[129.44,36.66],[129.45,36.67],[129.46,36.68],[129.47,36.68],[129.47,36.69],[129.47,36.71],[129.47,36.77],[129.47,36.79],[129.46,36.81],[129.45,36.82],[129.43,36.87],[129.43,36.88],[129.42,36.9],[129.42,36.94],[129.41,37.02],[129.41,37.03],[129.42,37.03],[129.42,37.04],[129.43,37.05],[129.43,37.06],[129.43,37.07],[129.38,37.13],[129.37,37.15],[129.36,37.15],[129.35,37.23],[129.34,37.26],[129.26,37.37],[129.19,37.46],[129.14,37.53],[129.07,37.62],[129.06,37.64],[129.06,37.66],[129.06,37.67],[129.05,37.69],[129.01,37.72],[129,37.74],[128.88,37.85],[128.86,37.86],[128.64,38.12],[128.63,38.13],[128.63,38.14],[128.53,38.33],[128.39,38.58],[128.36,38.63],[128.32,38.6],[128.31,38.59],[128.3,38.58],[128.31,38.56],[128.31,38.53],[128.31,38.52],[128.31,38.51],[128.31,38.49],[128.3,38.47],[128.29,38.45],[128.28,38.43],[128.27,38.42],[128.14,38.53],[127.96,38.69],[127.4,39.08],[127.28,39.22],[127.44,39.62],[127.55,39.76],[127.67,39.87],[127.93,39.96],[128.24,39.97],[128.45,40.07],[128.79,40.35],[129.01,40.53],[129.18,40.63],[129.48,40.68],[129.56,41.07],[129.63,41.28],[129.59,41.47],[129.64,41.66],[129.82,41.86],[129.88,41.9],[128.37,44.37],[113.89,44.64],[111.42,43.56],[118.51,39.13]]],[[[126.6,33.23],[126.62,33.24],[126.73,33.27],[126.76,33.28],[126.84,33.31],[126.85,33.31],[126.91,33.38],[126.92,33.39],[126.94,33.42],[126.94,33.45],[126.9,33.52],[126.89,33.53],[126.84,33.54],[126.83,33.55],[126.82,33.55],[126.81,33.55],[126.79,33.55],[126.7,33.54],[126.63,33.53],[126.38,33.47],[126.37,33.47],[126.32,33.45],[126.31,33.45],[126.27,33.42],[126.18,33.35],[126.18,33.34],[126.16,33.31],[126.16,33.29],[126.16,33.28],[126.17,33.26],[126.19,33.25],[126.21,33.23],[126.23,33.22],[126.26,33.19],[126.27,33.19],[126.29,33.19],[126.29,33.2],[126.3,33.21],[126.31,33.22],[126.33,33.23],[126.34,33.23],[126.42,33.24],[126.42,33.23],[126.45,33.23],[126.48,33.22],[126.51,33.22],[126.59,33.23],[126.6,33.23]]],[[[126.74,34.28],[126.77,34.28],[126.77,34.29],[126.77,34.3],[126.73,34.36],[126.71,34.38],[126.7,34.39],[126.69,34.39],[126.67,34.38],[126.66,34.38],[126.65,34.37],[126.65,34.35],[126.65,34.32],[126.7,34.29],[126.7,34.28],[126.73,34.28],[126.74,34.28]]],[[[127.16,34.41],[127.21,34.42],[127.22,34.42],[127.23,34.43],[127.24,34.45],[127.25,34.47],[127.24,34.47],[127.22,34.48],[127.21,34.49],[127.2,34.49],[127.13,34.47],[127.11,34.46],[127.12,34.43],[127.13,34.42],[127.15,34.41],[127.16,34.41]]],[[[127.79,34.47],[127.79,34.48],[127.8,34.48],[127.8,34.49],[127.79,34.52],[127.78,34.53],[127.77,34.54],[127.76,34.54],[127.75,34.54],[127.74,34.54],[127.72,34.53],[127.71,34.53],[127.71,34.52],[127.72,34.52],[127.76,34.49],[127.78,34.47],[127.79,34.47]]],[[[126.18,34.35],[126.19,34.35],[126.2,34.35],[126.26,34.37],[126.34,34.4],[126.35,34.4],[126.37,34.44],[126.38,34.47],[126.38,34.48],[126.38,34.49],[126.38,34.5],[126.33,34.54],[126.3,34.56],[126.27,34.57],[126.25,34.57],[126.24,34.57],[126.1,34.42],[126.1,34.41],[126.1,34.4],[126.11,34.39],[126.11,34.38],[126.14,34.36],[126.15,34.35],[126.17,34.35],[126.18,34.35]]],[[[127.8,34.57],[127.8,34.58],[127.81,34.58],[127.81,34.62],[127.81,34.64],[127.79,34.66],[127.77,34.66],[127.74,34.64],[127.73,34.64],[127.73,34.62],[127.73,34.61],[127.74,34.61],[127.74,34.6],[127.75,34.6],[127.76,34.59],[127.79,34.58],[127.79,34.57],[127.8,34.57]]],[[[125.97,34.65],[125.99,34.67],[126,34.68],[126.01,34.69],[126.01,34.7],[126,34.7],[125.99,34.71],[125.98,34.72],[125.96,34.71],[125.92,34.7],[125.91,34.69],[125.92,34.68],[125.93,34.67],[125.96,34.65],[125.97,34.65]]],[[[126,34.79],[125.99,34.79],[125.98,34.79],[125.97,34.79],[125.96,34.78],[125.95,34.77],[125.94,34.77],[125.92,34.77],[125.91,34.77],[125.9,34.77],[125.89,34.76],[125.89,34.75],[125.89,34.74],[125.89,34.73],[125.9,34.72],[125.91,34.72],[125.93,34.72],[125.94,34.72],[125.94,34.73],[125.94,34.75],[125.95,34.75],[125.95,34.76],[125.97,34.75],[125.98,34.75],[125.98,34.76],[125.99,34.76],[126,34.76],[126.01,34.76],[126.01,34.77],[126,34.77],[126.01,34.79],[126,34.79]]],[[[128.08,34.83],[128.09,34.83],[128.08,34.87],[128.07,34.88],[128.04,34.91],[128.03,34.91],[128.02,34.91],[128.01,34.91],[127.98,34.86],[127.97,34.86],[127.97,34.85],[127.98,34.84],[127.99,34.84],[128,34.84],[128.01,34.83],[128.08,34.83]]],[[[126.04,34.85],[126.06,34.85],[126.07,34.86],[126.08,34.86],[126.08,34.87],[126.09,34.88],[126.09,34.89],[126.09,34.91],[126.08,34.92],[126.07,34.93],[126.06,34.93],[126,34.89],[125.99,34.87],[125.98,34.86],[125.99,34.86],[126.04,34.85]]],[[[127.96,34.8],[127.92,34.83],[127.91,34.84],[127.91,34.85],[127.91,34.87],[127.94,34.9],[127.94,34.91],[127.93,34.92],[127.92,34.93],[127.9,34.93],[127.89,34.93],[127.88,34.93],[127.87,34.92],[127.84,34.88],[127.83,34.86],[127.82,34.84],[127.85,34.74],[127.86,34.72],[127.88,34.71],[127.89,34.71],[127.98,34.7],[128.04,34.69],[128.06,34.7],[128.06,34.71],[128.08,34.8],[128.07,34.8],[128.07,34.81],[128.06,34.81],[128.03,34.82],[128,34.82],[127.99,34.82],[127.97,34.8],[127.96,34.8]]],[[[128.74,34.79],[128.75,34.88],[128.74,34.93],[128.73,34.94],[128.71,34.98],[128.66,34.96],[128.64,34.95],[128.51,34.89],[128.5,34.89],[128.49,34.88],[128.49,34.87],[128.49,34.86],[128.49,34.85],[128.49,34.84],[128.5,34.83],[128.52,34.81],[128.53,34.81],[128.54,34.81],[128.54,34.82],[128.55,34.82],[128.59,34.84],[128.6,34.83],[128.6,34.81],[128.6,34.76],[128.59,34.7],[128.61,34.7],[128.64,34.71],[128.68,34.72],[128.69,34.72],[128.74,34.78],[128.74,34.79]]],[[[126.1,35.05],[126.11,35.05],[126.12,35.05],[126.14,35.08],[126.15,35.13],[126.16,35.14],[126.16,35.15],[126.15,35.15],[126.14,35.14],[126.12,35.13],[126.07,35.1],[126.06,35.09],[126.06,35.08],[126.06,35.06],[126.09,35.05],[126.1,35.05]]],[[[126.42,36.4],[126.43,36.4],[126.43,36.41],[126.38,36.59],[126.36,36.59],[126.35,36.59],[126.34,36.59],[126.33,36.58],[126.33,36.57],[126.32,36.57],[126.33,36.56],[126.34,36.44],[126.34,36.43],[126.37,36.41],[126.38,36.4],[126.42,36.4]]],[[[126.16,36.82],[126.17,36.83],[126.17,36.84],[126.16,36.84],[126.16,36.83],[126.16,36.82]]],[[[130.88,37.45],[130.89,37.45],[130.92,37.48],[130.92,37.52],[130.92,37.55],[130.91,37.55],[130.84,37.53],[130.81,37.52],[130.81,37.51],[130.81,37.48],[130.82,37.47],[130.87,37.45],[130.88,37.45]]],[[[124.65,37.91],[124.7,37.92],[124.74,37.95],[124.75,37.95],[124.75,37.96],[124.74,37.96],[124.73,37.98],[124.72,37.98],[124.71,37.98],[124.69,37.98],[124.62,37.97],[124.61,37.96],[124.61,37.95],[124.63,37.92],[124.64,37.92],[124.65,37.91]]]]},"properties":{"NAME":"Koreans","SUBJECTO":"Koreans","BORDERPRECISION":1}}
]}