{"type":"FeatureCollection", "features": [
{"type":"Feature","geometry":{"type":"Polygon","coordinates":[[[33.78,35.21],[34.05,35.41],[34.24,35.51],[34.46,35.64],[34.22,35.57],[33.91,35.44],[33.54,35.33],[33.37,35.31],[33.08,35.32],[32.8,35.36],[32.82,35.28],[32.78,35.15],[32.74,35.11],[32.6,35.16],[32.48,35.15],[32.3,35.02],[32.23,35.01],[32.18,35.06],[32.14,35.04],[32.2,34.86],[32.27,34.81],[32.27,34.72],[32.36,34.68],[32.6,34.61],[32.78,34.63],[32.82,34.54],[32.91,34.54],[32.91,34.64],[32.96,34.66],[33.13,34.68],[33.48,34.8],[33.54,34.94],[33.69,34.93],[33.73,34.91],[33.79,34.96],[33.92,34.95],[33.77,35.13],[33.78,35.21]]]},"properties":{"NAME":"Cyprus","SUBJECTO":"Cyprus","BORDERPRECISION":1}},
{"type":"Feature","geometry":{"type":"MultiPolygon","coordinates":[[[[130.58,30.91],[130.74,30.89],[130.96,31.19],[131.05,31.28],[131.12,31.31],[131.21,31.35],[131.32,31.51],[131.37,31.8],[131.41,32.08],[131.45,32.25],[131.56,32.43],[131.83,32.69],[131.8,32.81],[131.6,33],[131.41,33.11],[131.67,33.31],[131.57,33.49],[131.29,33.39],[131.09,33.43],[130.97,33.5],[130.86,33.68],[130.64,33.7],[130.43,33.67],[130.32,33.55],[130.18,33.34],[129.86,33.26],[129.53,33.3],[129.34,33.15],[129.46,32.99],[129.63,32.87],[129.73,32.64],[129.85,32.59],[130.03,32.81],[130.11,32.93],[130.26,32.91],[130.5,32.56],[130.48,32.35],[130.44,32.28],[130.13,32.02],[130.06,31.97],[130.22,31.56],[130.21,31.43],[130.06,31.22],[130.09,31.12],[130.23,31.03],[130.4,31.23],[130.47,31.44],[130.58,31.53],[130.73,31.48],[130.67,31.21],[130.55,30.97],[130.58,30.91]]],[[[132.57,32.64],[132.7,32.55],[132.9,32.67],[132.97,32.77],[133.04,32.99],[133.15,33.22],[133.24,33.3],[133.52,33.39],[133.73,33.38],[133.92,33.24],[134,33.15],[134.39,33.54],[134.52,33.65],[134.56,33.84],[134.61,33.9],[134.54,34.01],[134.15,34.11],[134.01,34.19],[133.81,34.18],[133.6,34.04],[133.46,33.88],[133.25,33.8],[132.97,33.79],[132.78,33.91],[132.58,33.64],[132.45,33.52],[132.12,33.35],[132.34,33.11],[132.42,32.93],[132.47,32.76],[132.57,32.64]]],[[[136.81,37.31],[136.72,37.27],[136.64,37.17],[136.67,36.67],[136.5,36.46],[136.19,36.2],[135.98,35.97],[135.93,35.76],[135.93,35.6],[135.73,35.45],[135.43,35.36],[135.36,35.32],[135.19,35.44],[135.16,35.65],[134.76,35.53],[134.22,35.45],[133.8,35.43],[133.23,35.31],[133.01,35.25],[132.98,35.44],[132.79,35.39],[132.66,35.38],[131.67,34.5],[131.33,34.29],[131.11,34.24],[130.89,34.25],[130.81,34.12],[130.78,33.97],[130.9,33.9],[131.39,33.94],[131.65,33.91],[131.99,33.8],[132,34.09],[132.18,34.29],[132.39,34.27],[132.48,34.13],[132.85,34.26],[133.59,34.44],[133.7,34.43],[133.83,34.39],[134.02,34.47],[134.21,34.57],[134.43,34.63],[134.78,34.55],[134.94,34.54],[135.21,34.62],[135.29,34.6],[135.32,34.47],[135.24,34.35],[135.01,34.2],[134.97,34.13],[135.06,33.77],[135.06,33.69],[135.19,33.6],[135.45,33.51],[135.76,33.34],[135.99,33.72],[136.2,34],[136.39,34.11],[136.77,34.17],[136.9,34.26],[136.71,34.4],[136.52,34.49],[136.51,34.52],[136.59,34.68],[136.62,34.76],[136.73,34.87],[137.04,34.73],[137.25,34.48],[137.53,34.53],[137.76,34.55],[138.15,34.53],[138.3,34.76],[138.45,34.9],[138.59,34.97],[138.68,34.99],[138.75,34.92],[138.75,34.65],[138.78,34.58],[138.86,34.57],[139.02,34.69],[139.05,35.02],[139.21,35.17],[139.42,35.17],[139.68,35.45],[139.91,35.55],[140,35.5],[139.92,35.26],[139.79,34.96],[139.83,34.84],[140.32,35.03],[140.39,35.41],[140.47,35.49],[140.56,35.54],[140.83,35.68],[140.64,35.84],[140.56,35.97],[140.55,36.29],[140.66,36.62],[140.96,36.96],[140.98,37.27],[140.92,37.62],[140.88,37.74],[140.87,37.92],[140.95,38.12],[141.02,38.21],[141.1,38.26],[141.43,38.39],[141.5,38.42],[141.47,38.59],[141.57,38.79],[141.89,39.13],[142,39.45],[142,39.67],[141.68,40.32],[141.57,40.46],[141.47,40.51],[141.44,40.79],[141.45,41.18],[141.44,41.27],[141.29,41.37],[141.09,41.44],[140.77,41.26],[140.94,41.11],[141.08,41.1],[141.15,40.87],[140.79,40.75],[140.66,40.72],[140.57,40.83],[140.47,40.99],[140.39,40.99],[140.24,40.84],[140.16,40.73],[139.92,40.57],[139.99,40.11],[139.91,39.99],[139.8,39.89],[139.86,39.78],[140.01,39.69],[140.03,39.48],[139.97,39.21],[139.9,39],[139.74,38.74],[139.75,38.68],[139.5,38.42],[139.44,38.19],[139.35,38.07],[139.2,37.92],[138.86,37.74],[138.7,37.45],[138.49,37.3],[138.32,37.21],[137.57,36.89],[137.46,36.85],[137.28,36.69],[137.18,36.64],[137.05,36.67],[136.98,36.83],[137.01,37.04],[137.12,37.15],[137.33,37.27],[137.31,37.43],[136.81,37.31]]]]},"properties":{"NAME":"Imperial Japan (Fujiwara)","SUBJECTO":"Imperial Japan (Fujiwara)","BORDERPRECISION":1}},
{"type":"Feature","geometry":{"type":"Polygon","coordinates":[[[44.67,-16.24],[44.45,-16.24],[44.45,-16.73],[44.38,-16.92],[44.22,-17.19],[43.98,-17.5],[43.97,-17.55],[44.08,-17.88],[44.11,-18.1],[44.16,-18.4],[44.39,-18.79],[44.28,-19.02],[44.25,-19.1],[44.41,-19.27],[44.54,-19.37],[44.59,-19.53],[44.52,-20.02],[44.47,-20.17],[44.16,-20.7],[43.82,-21.32],[43.6,-21.4],[43.5,-21.49],[43.32,-22.11],[43.29,-22.41],[43.38,-22.63],[43.66,-23.05],[43.78,-23.27],[43.83,-23.41],[43.67,-23.9],[43.67,-24.23],[43.73,-24.35],[43.93,-24.52],[43.98,-24.63],[43.99,-24.88],[44.04,-24.99],[44.43,-25.31],[44.55,-25.34],[44.71,-25.31],[44.96,-25.39],[45.05,-25.45],[45.21,-25.66],[45.58,-25.62],[45.79,-25.41],[46.24,-25.26],[46.86,-25.22],[46.95,-25.17],[47.17,-24.88],[47.26,-24.77],[47.49,-24.06],[48.09,-22.04],[48.65,-20.34],[49.02,-19.18],[49.34,-18.23],[49.42,-17.8],[49.4,-17.4],[49.42,-17.2],[49.76,-16.75],[49.9,-16.46],[49.86,-16.28],[49.68,-16.05],[49.6,-15.65],[49.62,-15.46],[49.75,-15.4],[50,-15.73],[50.09,-15.9],[50.19,-15.96],[50.43,-15.59],[50.46,-15.55],[50.49,-15.48],[50.5,-15.31],[50.43,-15.1],[50.25,-14.77],[50.15,-14.42],[50.11,-14.12],[49.98,-13.3],[49.88,-12.92],[49.82,-12.83],[49.54,-12.7],[49.34,-12.41],[49.18,-12.27],[48.93,-12.48],[48.93,-12.58],[48.99,-12.74],[48.92,-13.05],[48.86,-13.25],[48.75,-13.42],[48.44,-13.65],[48.35,-13.84],[48.22,-13.79],[48.11,-13.6],[48.06,-13.57],[47.94,-13.58],[47.92,-13.74],[48.05,-14.13],[47.97,-14.28],[47.85,-14.32],[47.74,-14.31],[47.7,-14.44],[47.81,-14.63],[47.88,-14.72],[47.63,-14.98],[47.53,-14.96],[47.43,-14.83],[47.2,-15.02],[47.11,-15.14],[47.24,-15.37],[47.07,-15.46],[46.92,-15.36],[46.73,-15.45],[46.39,-15.69],[46.46,-15.86],[46.42,-15.94],[46.28,-15.95],[46.14,-15.83],[45.73,-15.89],[45.55,-16.06],[45.43,-16.09],[45.28,-16.05],[45.2,-16.04],[44.92,-16.2],[44.67,-16.24]],[[48.01,-17.02],[48.49,-19.45],[48.49,-20.04],[47.19,-23.12],[46,-23.59],[45.53,-23.59],[45.29,-22.65],[46.65,-17.73],[47.48,-16.9],[48.01,-17.02]]]},"properties":{"NAME":"Madagascar","SUBJECTO":"Madagascar","BORDERPRECISION":1}},
{"type":"Feature","geometry":{"type":"Polygon","coordinates":[[[48.01,-17.02],[47.48,-16.9],[46.65,-17.73],[45.29,-22.65],[45.53,-23.59],[46,-23.59],[47.19,-23.12],[48.49,-20.04],[48.49,-19.45],[48.01,-17.02]]]},"properties":{"NAME":"Expansionist Kingdom of Merina","SUBJECTO":"Expansionist Kingdom of Merina","BORDERPRECISION":1}},
{"type":"Feature","geometry":{"type":"MultiPolygon","coordinates":[[[[139.98,41.5],[140.01,41.38],[140.11,41.27],[140.27,41.32],[140.44,41.54],[140.59,41.68],[140.71,41.7],[140.84,41.64],[140.98,41.65],[141.16,41.75],[141.02,41.87],[140.77,42.01],[140.25,42.23],[140.22,42.36],[140.42,42.49],[140.54,42.54],[140.69,42.55],[140.86,42.39],[140.93,42.26],[141.4,42.52],[141.72,42.54],[141.93,42.5],[142.84,42.07],[143.03,41.96],[143.21,41.93],[143.33,42.2],[143.51,42.42],[143.85,42.77],[144,42.88],[144.17,42.94],[144.37,42.95],[144.59,42.86],[144.75,42.87],[144.99,42.94],[145.2,43.05],[145.45,43.17],[145.36,43.33],[145.15,43.6],[145.06,43.79],[145.21,44.04],[145.35,44.2],[145.35,44.24],[145.14,44.18],[144.75,43.88],[144.61,43.84],[144.49,43.86],[144.03,43.95],[143.79,44.03],[143.51,44.16],[143.02,44.46],[142.54,44.84],[142.13,45.21],[141.9,45.4],[141.88,45.44],[141.6,45.28],[141.52,45.18],[141.57,44.97],[141.75,44.63],[141.74,44.25],[141.71,43.91],[141.51,43.8],[141.3,43.72],[141.3,43.19],[141.06,43.1],[140.9,43.13],[140.6,43.33],[140.5,43.32],[140.37,43.19],[140.52,43.06],[140.5,42.9],[140.21,42.73],[139.97,42.65],[139.71,42.48],[139.78,42.11],[139.85,42.04],[140.1,41.95],[140.12,41.79],[139.98,41.5]]],[[[146.16,43.46],[146.17,43.47],[146.21,43.48],[146.21,43.49],[146.23,43.53],[146.22,43.53],[146.21,43.53],[146.17,43.53],[146.16,43.55],[146.15,43.55],[146.15,43.54],[146.08,43.52],[146.08,43.51],[146.12,43.46],[146.13,43.46],[146.14,43.46],[146.16,43.46]]],[[[146.9,43.84],[146.87,43.86],[146.87,43.87],[146.85,43.87],[146.84,43.87],[146.78,43.86],[146.61,43.81],[146.6,43.8],[146.6,43.79],[146.6,43.74],[146.6,43.73],[146.65,43.71],[146.66,43.7],[146.67,43.7],[146.68,43.71],[146.78,43.75],[146.8,43.76],[146.86,43.8],[146.9,43.84]]],[[[146.47,44.42],[146.36,44.42],[146.34,44.42],[146.33,44.43],[146.3,44.43],[146.27,44.45],[146.26,44.45],[146.24,44.47],[146.23,44.48],[146.2,44.5],[146.19,44.5],[146.19,44.51],[146.18,44.51],[146.17,44.51],[146.16,44.51],[146.15,44.51],[146.13,44.51],[146.1,44.49],[146.09,44.48],[146.08,44.47],[146.08,44.46],[146.05,44.41],[146.01,44.34],[145.97,44.29],[145.96,44.28],[145.95,44.27],[145.94,44.27],[145.93,44.27],[145.92,44.26],[145.91,44.26],[145.89,44.25],[145.88,44.24],[145.79,44.15],[145.76,44.12],[145.76,44.11],[145.75,44.09],[145.75,44.08],[145.76,44.07],[145.75,44.06],[145.74,44.05],[145.66,43.99],[145.64,43.98],[145.55,43.93],[145.49,43.9],[145.48,43.9],[145.41,43.84],[145.41,43.83],[145.43,43.74],[145.44,43.72],[145.54,43.65],[145.55,43.65],[145.56,43.66],[145.58,43.74],[145.57,43.77],[145.57,43.79],[145.58,43.82],[145.58,43.83],[145.59,43.85],[145.6,43.86],[145.66,43.9],[145.67,43.9],[145.69,43.9],[145.7,43.9],[145.71,43.9],[145.76,43.92],[145.77,43.92],[145.78,43.93],[145.79,43.94],[145.79,43.95],[145.8,43.98],[145.81,43.99],[145.82,44],[145.83,44.02],[145.93,44.12],[145.94,44.13],[146.09,44.24],[146.1,44.24],[146.12,44.25],[146.14,44.26],[146.16,44.26],[146.18,44.27],[146.2,44.27],[146.33,44.29],[146.51,44.36],[146.53,44.38],[146.54,44.38],[146.55,44.4],[146.57,44.44],[146.54,44.44],[146.52,44.43],[146.49,44.43],[146.47,44.42]]],[[[148.49,45.27],[148.52,45.29],[148.56,45.31],[148.58,45.32],[148.59,45.32],[148.62,45.32],[148.66,45.32],[148.67,45.31],[148.68,45.31],[148.71,45.31],[148.72,45.31],[148.76,45.31],[148.78,45.31],[148.78,45.32],[148.83,45.33],[148.83,45.34],[148.84,45.35],[148.85,45.37],[148.86,45.47],[148.85,45.48],[148.84,45.49],[148.8,45.51],[148.79,45.52],[148.77,45.52],[148.76,45.52],[148.72,45.52],[148.7,45.52],[148.56,45.46],[148.54,45.45],[148.46,45.39],[148.4,45.34],[148.38,45.32],[148.37,45.3],[148.35,45.29],[148.34,45.28],[148.32,45.27],[148.31,45.27],[148.08,45.25],[148.07,45.25],[148.05,45.25],[148.03,45.26],[148.01,45.27],[148,45.27],[148,45.28],[148,45.31],[148,45.33],[148,45.34],[147.96,45.42],[147.95,45.42],[147.94,45.42],[147.93,45.42],[147.9,45.4],[147.88,45.39],[147.87,45.37],[147.86,45.36],[147.86,45.34],[147.87,45.29],[147.89,45.24],[147.89,45.23],[147.89,45.22],[147.88,45.21],[147.86,45.21],[147.84,45.21],[147.78,45.2],[147.76,45.19],[147.75,45.18],[147.71,45.15],[147.7,45.14],[147.69,45.12],[147.68,45.11],[147.67,45.09],[147.66,45.08],[147.62,45.06],[147.61,45.06],[147.6,45.06],[147.59,45.06],[147.5,45.04],[147.49,44.99],[147.49,44.98],[147.48,44.97],[147.39,44.92],[147.31,44.88],[147.23,44.84],[147.11,44.79],[147.14,44.73],[147.15,44.73],[147.16,44.72],[147.16,44.71],[147.16,44.7],[147.16,44.69],[147.15,44.67],[147.14,44.66],[147.11,44.63],[147.1,44.62],[147.01,44.57],[146.94,44.55],[146.85,44.48],[146.84,44.46],[146.83,44.44],[146.84,44.42],[146.85,44.41],[146.87,44.4],[146.88,44.4],[146.91,44.4],[146.93,44.4],[146.95,44.41],[146.96,44.41],[146.96,44.42],[146.97,44.43],[146.98,44.45],[146.99,44.47],[147,44.49],[147.02,44.51],[147.04,44.52],[147.08,44.53],[147.09,44.53],[147.11,44.53],[147.14,44.53],[147.17,44.54],[147.18,44.54],[147.2,44.54],[147.21,44.55],[147.23,44.56],[147.24,44.58],[147.25,44.61],[147.28,44.65],[147.29,44.67],[147.34,44.7],[147.47,44.77],[147.48,44.78],[147.5,44.78],[147.51,44.78],[147.52,44.79],[147.53,44.79],[147.54,44.8],[147.55,44.81],[147.62,44.9],[147.61,44.9],[147.61,44.91],[147.59,44.91],[147.59,44.92],[147.59,44.93],[147.59,44.94],[147.6,44.96],[147.62,44.97],[147.63,44.97],[147.64,44.97],[147.66,44.97],[147.68,44.97],[147.7,44.97],[147.71,44.97],[147.72,44.96],[147.73,44.95],[147.74,44.94],[147.75,44.94],[147.76,44.94],[147.85,44.97],[147.87,44.97],[147.88,44.97],[147.92,44.99],[147.94,45],[147.95,45],[147.96,45.01],[147.98,45.03],[147.98,45.04],[147.99,45.05],[147.99,45.06],[148,45.06],[148.03,45.08],[148.04,45.09],[148.05,45.1],[148.22,45.19],[148.24,45.2],[148.27,45.21],[148.29,45.22],[148.33,45.23],[148.34,45.23],[148.37,45.23],[148.43,45.24],[148.45,45.25],[148.47,45.25],[148.48,45.26],[148.49,45.27]]],[[[149.53,45.58],[149.54,45.59],[149.67,45.63],[149.68,45.63],[149.69,45.64],[149.78,45.71],[149.81,45.73],[149.87,45.77],[149.88,45.78],[149.98,45.83],[149.99,45.83],[150.02,45.83],[150.03,45.83],[150.07,45.85],[150.16,45.9],[150.19,45.93],[150.2,45.93],[150.2,45.95],[150.2,45.96],[150.21,45.98],[150.22,46],[150.23,46.01],[150.24,46.02],[150.25,46.02],[150.31,46.05],[150.43,46.12],[150.47,46.16],[150.5,46.19],[150.44,46.21],[150.35,46.21],[150.34,46.21],[150.07,46.08],[150.04,46.06],[149.97,46.03],[149.96,46.02],[149.93,46.01],[149.89,45.97],[149.86,45.92],[149.68,45.86],[149.67,45.85],[149.66,45.84],[149.62,45.79],[149.55,45.7],[149.48,45.61],[149.47,45.6],[149.46,45.6],[149.45,45.6],[149.44,45.59],[149.44,45.58],[149.52,45.58],[149.53,45.58]]],[[[150.81,46.44],[150.87,46.44],[150.88,46.45],[150.87,46.45],[150.85,46.47],[150.84,46.47],[150.83,46.47],[150.82,46.47],[150.8,46.45],[150.8,46.44],[150.81,46.44]]],[[[150.75,46.7],[150.76,46.7],[150.77,46.71],[150.77,46.72],[150.76,46.73],[150.75,46.73],[150.74,46.73],[150.73,46.72],[150.74,46.71],[150.75,46.7]]],[[[152.45,47.38],[152.44,47.38],[152.43,47.38],[152.42,47.38],[152.41,47.37],[152.4,47.36],[152.39,47.35],[152.39,47.34],[152.39,47.33],[152.39,47.32],[152.4,47.32],[152.42,47.3],[152.51,47.3],[152.52,47.31],[152.53,47.32],[152.54,47.33],[152.54,47.34],[152.53,47.35],[152.51,47.37],[152.5,47.38],[152.49,47.38],[152.45,47.38]]],[[[153.08,47.8],[153.07,47.81],[153.06,47.81],[153.05,47.81],[153.03,47.8],[153.01,47.78],[153.01,47.77],[152.98,47.72],[152.99,47.71],[152.99,47.7],[153,47.69],[153.01,47.69],[153.02,47.69],[153.05,47.7],[153.07,47.71],[153.08,47.71],[153.1,47.75],[153.1,47.76],[153.1,47.77],[153.1,47.78],[153.09,47.79],[153.08,47.8]]],[[[153.18,48.14],[153.17,48.13],[153.16,48.13],[153.15,48.11],[153.14,48.1],[153.14,48.09],[153.15,48.09],[153.21,48.05],[153.22,48.05],[153.24,48.05],[153.28,48.04],[153.29,48.05],[153.29,48.09],[153.28,48.1],[153.27,48.11],[153.24,48.13],[153.22,48.13],[153.21,48.14],[153.2,48.14],[153.18,48.14]]],[[[154.16,48.91],[154.14,48.91],[154.13,48.91],[154.12,48.9],[154.11,48.89],[153.99,48.78],[153.98,48.76],[153.97,48.75],[153.97,48.74],[153.98,48.73],[154,48.72],[154.01,48.72],[154.02,48.72],[154.03,48.73],[154.05,48.74],[154.06,48.74],[154.19,48.83],[154.22,48.87],[154.23,48.88],[154.23,48.9],[154.22,48.91],[154.21,48.91],[154.18,48.91],[154.16,48.91]]],[[[154.01,48.95],[154.01,48.96],[154,48.96],[153.97,48.97],[153.92,48.98],[153.91,48.98],[153.9,48.97],[153.9,48.96],[153.9,48.95],[153.9,48.94],[153.92,48.93],[153.93,48.92],[153.94,48.92],[153.98,48.93],[154,48.93],[154.01,48.94],[154.01,48.95]]],[[[154.58,49.1],[154.59,49.11],[154.6,49.11],[154.6,49.12],[154.6,49.13],[154.59,49.14],[154.58,49.15],[154.56,49.15],[154.5,49.17],[154.49,49.17],[154.47,49.17],[154.46,49.17],[154.45,49.17],[154.44,49.16],[154.47,49.1],[154.48,49.08],[154.49,49.08],[154.5,49.07],[154.51,49.07],[154.52,49.08],[154.58,49.1]]],[[[154.74,49.59],[154.75,49.58],[154.75,49.57],[154.7,49.48],[154.64,49.42],[154.61,49.38],[154.6,49.37],[154.6,49.35],[154.59,49.29],[154.63,49.28],[154.7,49.26],[154.71,49.26],[154.72,49.26],[154.79,49.29],[154.8,49.3],[154.81,49.3],[154.81,49.31],[154.83,49.35],[154.83,49.39],[154.82,49.39],[154.8,49.42],[154.79,49.42],[154.79,49.43],[154.79,49.44],[154.79,49.46],[154.82,49.51],[154.83,49.52],[154.84,49.52],[154.85,49.53],[154.87,49.54],[154.88,49.54],[154.88,49.55],[154.9,49.62],[154.9,49.63],[154.86,49.63],[154.81,49.64],[154.75,49.59],[154.74,49.59]]],[[[154.46,49.82],[154.44,49.83],[154.43,49.83],[154.41,49.83],[154.4,49.83],[154.37,49.82],[154.37,49.81],[154.35,49.77],[154.37,49.75],[154.38,49.74],[154.4,49.73],[154.41,49.73],[154.42,49.73],[154.43,49.74],[154.46,49.79],[154.46,49.81],[154.46,49.82]]],[[[152.09,46.98],[152.17,47.06],[152.23,47.1],[152.25,47.11],[152.27,47.12],[152.28,47.13],[152.29,47.14],[152.29,47.15],[152.27,47.16],[152.26,47.16],[152.24,47.15],[152.21,47.13],[152.23,47.17],[152.22,47.17],[152.2,47.16],[152.18,47.14],[152.12,47.09],[152.1,47.07],[152.05,47.02],[152.04,47.01],[152.02,46.99],[151.87,46.87],[151.86,46.86],[151.85,46.86],[151.84,46.86],[151.83,46.85],[151.76,46.86],[151.75,46.86],[151.73,46.86],[151.71,46.85],[151.7,46.84],[151.71,46.8],[151.72,46.79],[151.74,46.79],[151.76,46.77],[151.77,46.77],[151.78,46.77],[151.8,46.77],[151.82,46.78],[151.83,46.78],[152.01,46.89],[152.02,46.89],[152.02,46.91],[152.03,46.91],[152.03,46.92],[152.04,46.93],[152.09,46.98]]],[[[155.47,50.11],[155.48,50.12],[155.5,50.13],[155.52,50.14],[155.53,50.15],[155.6,50.18],[155.62,50.18],[155.69,50.18],[155.7,50.18],[155.73,50.18],[155.74,50.18],[155.76,50.18],[155.79,50.18],[155.8,50.19],[155.89,50.26],[156.15,50.52],[156.12,50.7],[156.12,50.72],[156.12,50.75],[156.11,50.75],[156.1,50.76],[156.08,50.77],[156.07,50.78],[156.05,50.77],[156.03,50.77],[156.02,50.77],[156.01,50.76],[155.98,50.75],[155.9,50.7],[155.89,50.69],[155.88,50.69],[155.86,50.66],[155.86,50.65],[155.86,50.64],[155.86,50.62],[155.86,50.6],[155.85,50.59],[155.77,50.46],[155.76,50.46],[155.75,50.45],[155.67,50.39],[155.66,50.39],[155.65,50.38],[155.64,50.38],[155.63,50.38],[155.55,50.37],[155.45,50.37],[155.44,50.37],[155.43,50.36],[155.39,50.35],[155.25,50.3],[155.22,50.23],[155.21,50.08],[155.21,50.07],[155.22,50.05],[155.23,50.05],[155.24,50.06],[155.26,50.06],[155.3,50.06],[155.32,50.06],[155.34,50.06],[155.36,50.05],[155.47,50.11]]],[[[156.18,50.75],[156.17,50.74],[156.16,50.73],[156.16,50.71],[156.17,50.69],[156.18,50.68],[156.19,50.67],[156.2,50.67],[156.29,50.65],[156.35,50.64],[156.4,50.63],[156.4,50.65],[156.41,50.66],[156.41,50.67],[156.43,50.69],[156.45,50.71],[156.49,50.75],[156.49,50.76],[156.5,50.83],[156.5,50.84],[156.49,50.84],[156.49,50.85],[156.47,50.87],[156.46,50.87],[156.45,50.87],[156.44,50.87],[156.36,50.86],[156.35,50.86],[156.34,50.85],[156.19,50.77],[156.18,50.75]]],[[[155.47,50.92],[155.45,50.9],[155.45,50.88],[155.45,50.87],[155.46,50.85],[155.47,50.84],[155.48,50.83],[155.5,50.82],[155.53,50.81],[155.55,50.81],[155.56,50.8],[155.59,50.8],[155.62,50.81],[155.64,50.81],[155.66,50.82],[155.66,50.83],[155.67,50.86],[155.67,50.87],[155.65,50.91],[155.64,50.92],[155.6,50.93],[155.58,50.93],[155.57,50.93],[155.51,50.93],[155.49,50.93],[155.48,50.93],[155.47,50.92]]],[[[143.06,53.06],[142.86,53.34],[142.67,53.54],[142.21,53.3],[141.94,53.29],[141.77,53.27],[141.69,53.17],[141.84,52.96],[141.81,52.63],[141.65,52.3],[141.6,52.22],[141.64,51.81],[142.02,51.43],[142.11,51.22],[142.15,50.89],[142.09,50.3],[142.08,49.71],[142.05,49.35],[141.92,48.94],[141.74,48.81],[141.77,48.7],[141.89,48.45],[141.98,48.28],[142.04,47.96],[141.81,47.68],[141.73,47.47],[141.91,47.07],[141.62,46.56],[141.71,46.14],[141.9,45.91],[142.19,46.32],[142.33,46.56],[142.51,46.7],[142.61,46.71],[143,46.58],[143.3,46.01],[143.44,46.57],[143.24,46.86],[142.99,46.95],[142.7,47.36],[142.61,47.46],[142.49,47.9],[142.53,48.16],[142.65,48.66],[142.85,49.13],[143.03,49.22],[143.15,49.26],[143.6,49.23],[143.97,49.06],[144.54,48.75],[144.04,49.51],[143.63,50.23],[143.34,50.89],[143.07,51.27],[142.94,51.62],[142.94,51.96],[143.03,52.31],[143.14,52.51],[143.14,52.86],[143.06,53.06]]]]},"properties":{"NAME":"Ainu","SUBJECTO":"Ainu","BORDERPRECISION":1}},
{"type":"Feature","geometry":{"type":"Polygon","coordinates":[[[8.82,38.98],[8.93,39.05],[9,39.18],[9.06,39.22],[9.3,39.23],[9.48,39.14],[9.65,39.46],[9.7,39.69],[9.63,40.1],[9.7,40.31],[9.79,40.44],[9.79,40.56],[9.59,40.9],[9.31,41.18],[8.92,40.94],[8.77,40.86],[8.41,40.86],[8.24,40.86],[8.16,40.78],[8.2,40.66],[8.43,40.46],[8.49,40.21],[8.51,39.95],[8.47,39.64],[8.37,39.31],[8.42,39.21],[8.58,39.07],[8.7,39],[8.82,38.98]]]},"properties":{"NAME":"Sardinia","SUBJECTO":"Sardinia","BORDERPRECISION":1}},
{"type":"Feature","geometry":{"type":"Polygon","coordinates":[[[109.43,18.1],[109.67,18.41],[110.13,18.59],[110.26,18.63],[110.36,18.77],[110.3,18.9],[110.43,19.23],[110.61,19.47],[110.81,19.63],[110.89,19.71],[110.62,20.02],[110.26,19.94],[110.06,19.94],[109.92,19.8],[109.66,19.9],[109.55,19.91],[109.44,19.74],[109.42,19.66],[109.2,19.68],[108.87,19.4],[108.68,19.3],[108.58,19.19],[108.56,19.06],[108.65,18.48],[108.94,18.33],[109.43,18.1]]]},"properties":{"NAME":"Hainan","SUBJECTO":"Hainan","BORDERPRECISION":1}},
{"type":"Feature","geometry":{"type":"Polygon","coordinates":[[[33.4,-20.02],[33.4,-19.17],[32.69,-18.64],[31.28,-18.64],[29.69,-18.82],[28.63,-19.88],[28.62,-19.95],[28.28,-21.47],[28.46,-22.53],[29.34,-23.05],[31.1,-23.05],[32.87,-22],[33.4,-20.76],[33.4,-20.02]]]},"properties":{"NAME":"Great Zimbabwe","SUBJECTO":"Great Zimbabwe","BORDERPRECISION":1}},
{"type":"Feature","geometry":{"type":"Polygon","coordinates":[[[40.4,-11.23],[40.54,-11.03],[40.62,-10.77],[40.52,-10.55],[40.47,-10.48],[40.39,-10.37],[40.21,-10.25],[39.84,-10.01],[39.66,-9.8],[39.58,-9.54],[39.39,-8.74],[39.4,-8.31],[39.48,-8],[39.42,-7.9],[39.29,-7.88],[39.27,-7.8],[39.44,-7.33],[39.56,-7.17],[39.57,-7.04],[39.22,-6.78],[38.92,-6.34],[38.87,-6.09],[38.93,-5.63],[39.12,-5.04],[39.23,-4.84],[39.27,-4.78],[39.42,-4.73],[39.53,-4.62],[39.68,-4.32],[39.64,-4.08],[40.07,-3.47],[40.23,-3.19],[40.23,-3.03],[40.27,-2.82],[40.45,-2.64],[40.75,-2.59],[40.88,-2.43],[40.92,-2.08],[41.09,-2.13],[41.34,-2.05],[41.61,-1.88],[41.65,-1.75],[41.61,-1.59],[41.88,-1.22],[42.44,-0.51],[42.91,-0.02],[42.94,0.01],[43.1,0.17],[43.72,0.8],[44.3,1.29],[44.57,1.46],[45.54,1.97],[46.19,2.52],[46.23,2.55],[46.36,2.67],[47.38,3.79],[47.56,3.99],[47.64,4.1],[46.45,4.08],[44.28,3.36],[43.41,2.51],[39.42,-1.38],[37.73,-4.58],[38.24,-9.29],[39.25,-11.14],[40.4,-11.23]]]},"properties":{"NAME":"Islamic city-states","SUBJECTO":"Islamic city-states","BORDERPRECISION":1}},
{"type":"Feature","geometry":{"type":"Polygon","coordinates":[[[18.48,49.5],[18.25,49.18],[18.22,48.99],[18.11,48.99],[18.11,48.85],[17.87,48.8],[17.35,48.96],[16.48,48.2],[16.56,47.5],[16.64,47.3],[16.59,47.23],[16.56,47.19],[16.56,47.06],[16.45,46.93],[16.45,46.78],[16.48,46.7],[16.51,46.63],[16.3,46.41],[16.54,46.36],[16.5,46.26],[16.45,46.1],[16.21,46.15],[16.19,46.11],[16.08,45.89],[16.18,45.76],[16.21,45.73],[16.12,45.58],[16.04,45.6],[15.91,45.63],[16.29,45.33],[16.81,44.94],[17.34,45.14],[17.83,45.14],[17.95,44.81],[19.26,44.9],[19.79,44.94],[19.99,44.92],[20.29,44.9],[20.3,44.9],[20.31,44.9],[20.71,44.64],[20.99,44.7],[21.36,44.77],[22.08,44.45],[22.34,44.77],[22.42,44.74],[22.66,44.64],[23.06,45.03],[26.26,45.76],[26.52,45.82],[26.77,45.97],[27.37,46.34],[27.62,46.9],[27.63,46.93],[27.53,47.15],[27.43,47.38],[27.39,47.47],[27.17,47.97],[24.3,48.76],[24.13,48.81],[21.77,49.59],[21.77,49.74],[21.32,49.86],[21.29,49.77],[21.14,49.83],[20.98,49.74],[20.89,49.83],[20.8,49.83],[20.89,49.74],[20.68,49.65],[20.53,49.8],[20.35,49.74],[20.02,49.8],[19.89,49.47],[19.71,49.53],[19.56,49.53],[19.56,49.71],[19.38,49.8],[19.14,49.71],[19.11,49.59],[18.93,49.62],[18.52,49.56],[18.48,49.5]]]},"properties":{"NAME":"Magyars","SUBJECTO":"Magyars","BORDERPRECISION":1}},
{"type":"Feature","geometry":{"type":"MultiPolygon","coordinates":[[[[13.37,45.69],[13.08,45.98],[12.65,45.92],[12.38,45.83],[12.14,45.76],[11.97,45.44],[12.16,45.23],[12.18,45.21],[12.18,45.27],[12.25,45.29],[12.28,45.4],[12.48,45.46],[12.45,45.39],[12.9,45.56],[13.1,45.58],[13.16,45.73],[13.37,45.69]]],[[[14.17,45.01],[13.91,44.98],[13.85,45.17],[13.8,45.31],[13.81,45.31],[13.95,45.39],[14,45.46],[13.96,45.48],[13.8,45.57],[13.75,45.49],[13.56,45.46],[13.53,45.45],[13.64,45.18],[13.67,45.05],[13.9,44.76],[13.99,44.78],[14.06,44.89],[14.19,44.94],[14.17,45.01]]]]},"properties":{"NAME":"Venice","SUBJECTO":"Venice","BORDERPRECISION":1}},
{"type":"Feature","geometry":{"type":"Polygon","coordinates":[[[9.43,42.79],[9.41,42.91],[9.37,42.99],[9.3,42.98],[9.27,42.88],[9.28,42.73],[9.24,42.66],[9.15,42.71],[9.02,42.69],[9,42.63],[8.88,42.62],[8.61,42.49],[8.5,42.36],[8.63,42.26],[8.52,42.21],[8.51,42.13],[8.63,42.1],[8.67,42.03],[8.59,41.96],[8.54,41.95],[8.56,41.88],[8.69,41.91],[8.74,41.88],[8.63,41.73],[8.82,41.69],[8.85,41.65],[8.73,41.56],[8.83,41.49],[9.01,41.46],[9.04,41.37],[9.17,41.35],[9.3,41.58],[9.36,41.9],[9.45,42.05],[9.49,42.41],[9.46,42.56],[9.41,42.58],[9.43,42.79]]]},"properties":{"NAME":"Corsica","SUBJECTO":"Corsica","BORDERPRECISION":1}},
{"type":"Feature","geometry":{"type":"MultiPolygon","coordinates":[[[[111.33,-1.37],[110.1,-3.08],[110.24,-3.07],[110.37,-3],[110.65,-2.99],[110.8,-3.17],[111.44,-2.97],[111.59,-2.8],[111.73,-3.26],[111.71,-3.4],[111.74,-3.65],[111.9,-3.61],[112.05,-3.46],[112.25,-3.4],[112.41,-3.45],[112.58,-3.42],[112.64,-3.33],[112.8,-2.97],[112.95,-3.04],[113.12,-3.24],[113.32,-3.29],[113.46,-3.38],[113.61,-3.61],[113.74,-3.6],[113.97,-3.36],[114.1,-3.35],[114.22,-3.43],[114.36,-3.6],[114.5,-3.97],[114.49,-4.16],[114.58,-4.3],[114.71,-4.21],[114.99,-4.08],[115.57,-3.8],[115.81,-3.54],[115.86,-3.38],[115.96,-3.2],[114.63,-1.66],[113.77,-1.87],[112.8,-1.87],[111.33,-1.37]]],[[[109.22,-7.01],[109.12,-7.74],[109.54,-7.84],[110.04,-7.99],[110.42,-8.21],[110.78,-8.32],[111.44,-8.38],[112.09,-8.44],[112.41,-8.49],[112.57,-8.46],[112.84,-8.35],[113.07,-8.35],[113.47,-8.49],[113.74,-8.6],[114.1,-8.69],[114.33,-8.78],[114.07,-8.43],[114.14,-8.21],[114.25,-8.02],[114.23,-7.93],[113.95,-7.82],[113.76,-7.83],[113.56,-7.91],[113.26,-7.91],[113.07,-7.88],[112.68,-7.72],[112.62,-7.67],[112.5,-7.46],[112.54,-7.26],[112.4,-7.13],[112.27,-7.03],[111.92,-6.96],[111.57,-6.92],[111.33,-6.91],[111.04,-6.85],[110.91,-6.63],[110.81,-6.53],[110.61,-6.54],[110.49,-6.66],[110.4,-6.95],[110.24,-7.03],[110.03,-7.04],[109.38,-6.99],[109.22,-7.01]]],[[[117.8,-8.5],[117.94,-8.54],[118.06,-8.61],[118.03,-8.69],[117.9,-8.7],[117.82,-8.81],[117.69,-8.79],[117.55,-8.74],[117.51,-8.61],[117.33,-8.57],[117.06,-8.56],[116.96,-8.53],[116.85,-8.6],[116.75,-8.65],[116.66,-8.7],[116.7,-8.82],[116.63,-8.93],[116.66,-9.06],[116.75,-9.11],[116.8,-9.15],[116.98,-9.18],[117.12,-9.12],[117.28,-9.15],[117.56,-9.06],[117.84,-8.95],[117.97,-8.98],[118.08,-8.86],[118.22,-8.74],[118.25,-8.77],[118.21,-8.89],[118.27,-8.93],[118.66,-8.86],[118.63,-8.79],[118.69,-8.76],[118.83,-8.79],[118.97,-8.88],[118.98,-8.7],[118.95,-8.66],[118.87,-8.67],[118.86,-8.48],[118.76,-8.38],[118.62,-8.39],[118.54,-8.53],[118.46,-8.6],[118.47,-8.39],[118.42,-8.32],[118.27,-8.28],[118.13,-8.34],[118.05,-8.3],[118.02,-8.2],[117.95,-8.16],[117.81,-8.18],[117.69,-8.27],[117.68,-8.36],[117.71,-8.44],[117.8,-8.5]]],[[[114.9,-8.65],[115.07,-8.78],[115.24,-8.59],[115.35,-8.55],[115.5,-8.47],[115.08,-8.23],[114.88,-8.25],[114.65,-8.33],[114.46,-8.33],[114.51,-8.45],[114.9,-8.65]]]]},"properties":{"NAME":"East Java","SUBJECTO":"East Java","BORDERPRECISION":1}},
{"type":"Feature","geometry":{"type":"Polygon","coordinates":[[[102.02,37.74],[102.04,37.74],[108.97,37.74],[109.89,37.94],[110.5,39.88],[109.38,41.2],[108.36,41.51],[103.06,41.2],[101.46,41.2],[101.43,41.2],[98.99,41.81],[96.24,41.51],[92.26,42.12],[91.35,42.12],[88.19,41.41],[85.95,41.41],[85.23,41],[85.13,40.18],[85.84,39.57],[88.29,38.96],[90.31,38.86],[92.57,38.76],[96.24,38.76],[97.46,38.55],[98.41,38.26],[99.8,37.84],[102.02,37.74]]]},"properties":{"NAME":"Xixia","SUBJECTO":"Xixia","BORDERPRECISION":1}},
{"type":"Feature","geometry":{"type":"MultiPolygon","coordinates":[[[[80.56,5.93],[80.85,5.95],[81.2,6.08],[81.43,6.27],[81.6,6.45],[81.78,6.75],[81.87,7.08],[81.8,7.31],[81.45,7.93],[81.33,8.26],[81.06,8.41],[81.05,8.47],[81.09,8.63],[81.01,8.77],[80.77,9.12],[80.66,9.3],[80.35,9.47],[80.11,9.69],[80.18,9.45],[80.08,9.28],[80.05,9.11],[79.9,8.92],[79.71,8.93],[79.67,8.8],[79.81,8.65],[79.72,8.42],[79.83,8.1],[79.84,7.7],[79.84,7.35],[79.85,7.06],[80.02,6.5],[80.13,6.22],[80.22,6.06],[80.34,5.97],[80.56,5.93]]],[[[75.44,11.75],[75.59,11.52],[75.65,11.42],[76.08,10.55],[76.25,10.1],[76.29,9.98],[76.39,9.75],[76.47,9.41],[76.54,9.12],[76.66,8.88],[76.7,8.71],[77.34,8.05],[77.42,8.03],[77.48,8.03],[77.59,8.1],[77.62,8.12],[77.66,8.14],[77.73,8.18],[77.85,8.23],[77.9,8.26],[78.06,8.39],[78.14,8.5],[78.18,8.81],[78.31,9],[78.66,9.12],[78.8,9.13],[79.16,9.28],[78.94,9.44],[78.93,9.49],[79.07,9.76],[79.22,10.19],[79.31,10.26],[79.5,10.25],[79.79,10.25],[79.83,10.36],[79.73,11.15],[79.71,11.44],[79.73,11.52],[79.77,11.73],[79.87,11.97],[79.92,12.11],[80.22,12.83],[80.31,13.1],[80.32,13.33],[80.2,13.49],[80.18,13.52],[80.08,13.67],[80.17,13.89],[80.16,14.25],[80.09,14.95],[80.09,15.18],[80.16,15.39],[80.3,15.65],[80.46,15.77],[78.2,14.81],[77.72,14.33],[76.67,13.29],[75.44,11.75]]]]},"properties":{"NAME":"Chola state","SUBJECTO":"Chola state","BORDERPRECISION":1}},
{"type":"Feature","geometry":{"type":"Polygon","coordinates":[[[102.04,37.74],[102.02,37.74],[99.8,37.84],[98.41,38.26],[97.46,38.55],[96.24,38.76],[92.57,38.76],[90.31,38.86],[88.29,38.96],[87.68,38.66],[88.09,38.15],[79.87,35.51],[79.83,35.5],[79.84,35.35],[79.85,35.23],[79.87,34.67],[79.9,34.05],[79.81,33.06],[80.08,31.88],[79.81,31.16],[79.81,30.71],[80.05,29.98],[83.74,28.2],[84.43,27.87],[86.41,27.33],[88.15,27.31],[89.23,27.3],[91.44,27.28],[91.83,27.28],[94.15,27.67],[94.49,26.51],[94.68,26.53],[95.8,26.64],[96.43,26.7],[98.64,27.48],[100.68,28.69],[100.49,30.09],[100.69,31.4],[101.74,32.2],[101.94,32.35],[102.24,32.58],[103.15,33.28],[103.18,33.71],[103.2,34.11],[102.09,34.87],[101.69,36.31],[101.8,36.76],[102.04,37.74]]]},"properties":{"NAME":"Tibet","SUBJECTO":"Tibet","BORDERPRECISION":1}},
{"type":"Feature","geometry":{"type":"Polygon","coordinates":[[[102.04,37.74],[101.8,36.76],[101.69,36.31],[102.09,34.87],[103.2,34.11],[103.18,33.71],[103.15,33.28],[102.24,32.58],[101.94,32.35],[101.74,32.2],[100.69,31.4],[100.49,30.09],[100.68,28.69],[101.22,26.99],[102.96,26.8],[105.19,25.83],[106.59,22.92],[107.42,21.19],[107.79,21.4],[107.88,21.46],[107.9,21.48],[108.12,21.5],[108.27,21.47],[108.39,21.53],[108.46,21.71],[108.47,21.79],[108.55,21.82],[108.81,21.49],[109.12,21.4],[109.32,21.43],[109.41,21.56],[109.52,21.6],[109.78,21.48],[109.79,21.41],[109.61,21.06],[109.6,20.88],[109.71,20.57],[109.93,20.24],[110.27,20.32],[110.43,20.44],[110.41,20.53],[110.29,20.58],[110.08,20.87],[110.07,20.92],[110.2,21.1],[110.23,21.26],[110.24,21.28],[110.36,21.24],[110.57,21.23],[110.75,21.38],[111.09,21.48],[111.43,21.46],[111.54,21.49],[111.73,21.71],[111.83,21.75],[112.04,21.66],[112.31,21.68],[112.47,21.73],[112.75,21.76],[112.82,21.83],[112.82,21.93],[112.87,22.06],[113.1,21.98],[113.28,22.03],[113.38,22.16],[113.4,22.48],[113.42,22.57],[113.38,22.65],[113.46,22.77],[113.54,22.7],[113.72,22.48],[113.85,22.46],[113.99,22.55],[114.3,22.65],[114.54,22.67],[114.56,22.46],[114.85,22.51],[115.04,22.6],[115.19,22.75],[115.31,22.77],[115.54,22.7],[115.71,22.64],[115.86,22.84],[116.08,22.89],[116.34,22.91],[116.4,22.98],[116.4,23.2],[116.45,23.25],[116.71,23.35],[116.96,23.56],[117.25,23.63],[117.41,23.69],[117.75,23.98],[117.85,24.05],[117.8,24.42],[117.86,24.51],[117.92,24.56],[118.12,24.53],[118.35,24.47],[118.53,24.69],[118.81,24.85],[118.95,25.14],[119.02,25.31],[119.1,25.44],[119.34,25.53],[119.43,25.65],[119.47,25.77],[119.44,26.04],[119.55,26.27],[119.43,26.59],[119.6,26.69],[119.86,26.71],[119.97,26.79],[120.08,26.99],[120.35,27.18],[120.41,27.31],[120.51,27.59],[120.69,27.87],[120.94,28.21],[121.01,28.28],[121.17,28.12],[121.26,28.18],[121.36,28.39],[121.35,28.54],[121.43,28.84],[121.57,29.17],[121.65,29.32],[121.56,29.36],[121.41,29.34],[121.36,29.41],[121.5,29.52],[121.67,29.62],[121.77,29.76],[121.77,29.83],[121.57,29.85],[121.39,29.92],[121.16,30.19],[121.08,30.21],[120.86,30.19],[120.44,30],[120.27,30.02],[119.94,30.12],[120.23,30.25],[120.61,30.35],[121.04,30.59],[121.33,30.69],[121.57,30.71],[121.63,30.79],[121.64,30.93],[121.5,31.28],[121.31,31.42],[121.27,31.45],[121.62,31.62],[121.65,31.69],[121.61,31.83],[121.48,31.95],[121.23,32.06],[121.05,32.33],[120.74,32.46],[120.66,32.54],[120.72,32.85],[120.64,33.04],[120.34,33.34],[120.15,33.89],[119.97,34.14],[119.62,34.37],[119.3,34.59],[119.02,34.69],[119,34.94],[119.06,35.04],[119.69,35.54],[119.91,35.77],[119.98,35.93],[119.91,36.14],[120.14,36.19],[120.2,36.16],[120.2,36.04],[120.27,35.99],[120.5,36.06],[120.54,36.39],[120.86,36.58],[121.61,36.83],[121.85,36.86],[121.98,36.82],[122.26,36.73],[122.28,36.98],[122.39,37.3],[122.27,37.3],[122.06,37.36],[121.89,37.38],[121.43,37.34],[121.19,37.43],[120.79,37.7],[120.66,37.74],[120.42,37.68],[120.17,37.58],[119.94,37.35],[119.6,37.12],[119.28,37.05],[118.95,37.08],[118.84,37.2],[118.81,37.45],[118.87,37.71],[118.88,37.95],[118.74,38.06],[118.2,38.04],[117.84,38.16],[117.59,38.28],[117.48,38.45],[117.44,38.6],[117.51,38.77],[115.7,39.57],[111.42,39.57],[110.5,39.88],[109.89,37.94],[108.97,37.74],[102.04,37.74]]]},"properties":{"NAME":"Song Empire","SUBJECTO":"Song Empire","BORDERPRECISION":1}},
{"type":"Feature","geometry":{"type":"Polygon","coordinates":[[[101.22,26.99],[99.49,25.95],[98.58,25.4],[99.43,21.67],[101.01,21.42],[103.79,20.22],[104.03,20.12],[104.56,20.17],[104.85,21.76],[106.59,22.92],[105.19,25.83],[102.96,26.8],[101.22,26.99]]]},"properties":{"NAME":"Nan Chao","SUBJECTO":"Nan Chao","BORDERPRECISION":1}},
{"type":"Feature","geometry":{"type":"Polygon","coordinates":[[[106.59,22.92],[104.85,21.76],[104.56,20.17],[104.03,20.12],[103.79,20.22],[103.06,18],[104.11,18],[104.93,17.45],[105.18,16.86],[105.4,16.33],[106.2,16.05],[106.27,16.09],[106.45,16.19],[106.79,16.37],[107.38,16.69],[107.11,16.95],[107.01,17.04],[106.62,17.33],[106.43,17.55],[106.39,17.66],[106.38,17.9],[106.36,18.01],[105.86,18.49],[105.65,18.74],[105.53,18.84],[105.71,19.28],[105.84,19.7],[105.96,19.88],[106.04,19.94],[106.28,20.05],[106.38,20.11],[106.64,20.47],[106.77,20.64],[106.75,20.82],[106.81,20.91],[107.37,20.88],[107.47,20.98],[107.42,21.19],[106.59,22.92]]]},"properties":{"NAME":"Annam","SUBJECTO":"Annam","BORDERPRECISION":1}},
{"type":"Feature","geometry":{"type":"Polygon","coordinates":[[[106.45,16.19],[107.46,14.99],[107.9,13.68],[107.9,12.57],[106.93,11.84],[106.86,11.28],[106.77,10.64],[106.85,10.58],[107.04,10.44],[107.27,10.35],[107.41,10.37],[107.67,10.53],[107.94,10.81],[108.16,10.97],[108.35,11.04],[108.58,11.09],[108.7,11.15],[108.9,11.34],[108.94,11.41],[109.06,11.59],[109.07,11.64],[109.05,11.93],[109.09,12.12],[109.07,12.49],[109.17,12.71],[109.31,12.91],[109.07,14.17],[108.92,14.79],[108.79,15.09],[108.5,15.36],[108.36,15.62],[108.24,16.08],[108.1,16.25],[107.81,16.28],[107.69,16.37],[107.38,16.69],[106.79,16.37],[106.45,16.19]]]},"properties":{"NAME":"Champa","SUBJECTO":"Champa","BORDERPRECISION":1}},
{"type":"Feature","geometry":{"type":"Polygon","coordinates":[[[129.82,41.86],[124.11,39.88],[124.13,39.84],[124.21,39.74],[124.44,39.57],[124.55,39.54],[124.69,39.61],[124.86,39.62],[124.92,39.62],[125.21,39.49],[125.3,39.36],[125.21,39.21],[125.03,38.82],[125.29,38.69],[125.27,38.57],[124.93,38.46],[124.74,38.28],[124.69,38.14],[124.77,37.94],[125.08,37.77],[125.18,37.66],[125.27,37.48],[125.56,37.84],[125.74,37.78],[125.91,37.51],[126.05,37.6],[126.21,37.75],[126.33,37.66],[126.37,37.63],[126.39,37.61],[126.4,37.6],[126.44,37.47],[126.66,37.22],[126.73,37.14],[126.77,37.1],[126.79,37.07],[126.79,37.01],[126.8,36.95],[126.8,36.94],[126.69,36.84],[126.51,36.91],[126.48,36.92],[126.39,36.96],[126.36,36.95],[126.31,36.93],[126.25,36.91],[126.19,36.86],[125.96,36.72],[126.14,36.7],[126.23,36.68],[126.24,36.68],[126.29,36.66],[126.33,36.64],[126.36,36.63],[126.37,36.59],[126.4,36.47],[126.4,36.4],[126.39,36.26],[126.44,36.13],[126.61,35.99],[126.62,35.94],[126.63,35.93],[126.61,35.9],[126.52,35.74],[126.52,35.67],[126.52,35.58],[126.3,35.37],[126.23,35.16],[126.29,34.99],[126.35,34.69],[126.36,34.67],[126.38,34.55],[126.39,34.52],[126.41,34.27],[126.5,34.33],[126.62,34.41],[126.67,34.41],[126.82,34.43],[126.83,34.44],[126.99,34.55],[127.23,34.71],[127.36,34.8],[127.58,34.89],[127.6,34.89],[127.64,34.9],[127.66,34.91],[127.84,34.94],[127.87,34.92],[127.92,34.88],[127.97,34.84],[128.16,34.8],[128.32,34.95],[128.38,35],[128.44,35.06],[128.55,35.11],[128.81,35.01],[128.92,35.03],[128.98,35.09],[129.06,35.17],[129.29,35.51],[129.41,35.74],[129.47,35.93],[129.24,35.91],[129.18,35.96],[129.24,36.25],[129.25,36.67],[129.25,37.01],[129.13,37.31],[128.98,37.53],[128.45,38.26],[128.27,38.42],[128.14,38.53],[127.96,38.69],[127.4,39.08],[127.28,39.22],[127.44,39.62],[127.55,39.76],[127.67,39.87],[127.93,39.96],[128.24,39.97],[128.45,40.07],[128.79,40.35],[129.01,40.53],[129.18,40.63],[129.48,40.68],[129.56,41.07],[129.63,41.28],[129.59,41.47],[129.64,41.66],[129.82,41.86]]]},"properties":{"NAME":"Korea","SUBJECTO":"Korea","BORDERPRECISION":1}},
{"type":"Feature","geometry":{"type":"Polygon","coordinates":[[[110.5,39.88],[111.42,39.57],[115.7,39.57],[117.51,38.77],[117.58,38.92],[117.75,39.2],[117.91,39.26],[118.07,39.25],[118.27,39],[118.41,39.05],[118.56,39.17],[118.78,39.17],[118.98,39.22],[119.09,39.34],[119.15,39.45],[119.21,39.64],[119.39,39.84],[119.55,39.93],[119.82,40.04],[120.11,40.08],[120.27,40.15],[120.79,40.68],[121.01,40.85],[121.09,40.86],[121.37,40.87],[121.43,40.86],[121.75,40.74],[122.08,40.49],[122.11,40.35],[122.04,40.26],[121.79,40.08],[121.67,39.91],[121.24,39.55],[121.21,39.48],[121.28,39.35],[121.45,39.38],[121.66,39.33],[121.51,39.17],[121.12,38.87],[121.07,38.75],[121.22,38.76],[121.49,38.88],[121.74,39.09],[122.03,39.26],[123.04,39.67],[123.37,39.75],[123.92,39.81],[124.1,39.88],[124.11,39.88],[129.82,41.86],[130.44,42.28],[130.47,42.3],[131.06,42.75],[131.36,42.99],[131.58,43.21],[131.87,43.29],[133.4,44.67],[133.71,45.41],[133.03,46.53],[131.91,46.53],[127.58,44.42],[123.61,43.99],[120.08,43.8],[113.83,43.25],[108.36,41.51],[109.38,41.2],[110.5,39.88]]]},"properties":{"NAME":"Liao","SUBJECTO":"Liao","BORDERPRECISION":1}},
{"type":"Feature","geometry":{"type":"Polygon","coordinates":[[[95.65,4.43],[95.83,4.22],[96.12,3.95],[96.39,3.65],[96.72,3.7],[96.89,3.51],[97.25,3.14],[97.43,2.92],[97.51,2.74],[97.54,2.41],[97.6,2.25],[98.71,2.85],[98.79,2.86],[98.21,3.41],[97.15,4.42],[96.42,4.42],[95.65,4.43]]]},"properties":{"NAME":"minor Hindu and Buddhist states","SUBJECTO":"minor Hindu and Buddhist states","BORDERPRECISION":1}},
{"type":"Feature","geometry":{"type":"Polygon","coordinates":[[[42.76,16.65],[42.81,16.4],[42.83,16.32],[42.88,15.98],[42.76,15.67],[42.8,15.47],[43.05,14.61],[43.21,14.08],[43.35,13.85],[43.38,13.57],[43.3,13.24],[43.34,13.13],[43.48,12.93],[43.56,12.86],[43.6,12.83],[43.84,12.66],[44.06,12.61],[44.44,12.64],[44.68,12.82],[44.79,12.81],[44.96,12.83],[45.19,12.93],[45.4,13.07],[45.52,13.21],[45.69,13.35],[45.83,13.41],[46.08,13.4],[46.6,13.4],[46.88,13.47],[46.94,13.49],[47.37,13.67],[47.66,13.85],[48.04,14.05],[48.27,14.08],[48.54,14.05],[48.76,14.1],[48.88,14.17],[47.06,15.75],[46.28,17.12],[45.24,17.69],[42.76,16.65]]]},"properties":{"NAME":"Yemen","SUBJECTO":"Yemen","BORDERPRECISION":1}},
{"type":"Feature","geometry":{"type":"Polygon","coordinates":[[[48.88,14.17],[48.96,14.22],[49.17,14.5],[49.33,14.63],[49.71,14.77],[50.29,14.96],[51.31,15.25],[51.6,15.38],[51.95,15.54],[52.14,15.69],[52.16,15.87],[52.24,16.1],[52.36,16.23],[52.65,16.49],[52.89,16.61],[53.02,16.65],[53.21,16.72],[53.34,16.76],[53.68,16.9],[54.08,17.02],[54.41,17.05],[54.76,16.95],[54.91,16.97],[55.19,17.15],[55.24,17.29],[55.23,17.45],[55.29,17.68],[55.39,17.81],[55.56,17.94],[55.71,17.95],[55.88,17.93],[56.01,17.93],[56.26,17.98],[56.46,18.09],[56.55,18.22],[56.61,18.47],[56.74,18.69],[56.9,18.82],[57.19,18.94],[56.73,19.15],[53.94,19.15],[51.82,18.12],[50.51,17.15],[47.84,16.42],[47.06,15.75],[48.88,14.17]]]},"properties":{"NAME":"Hadramaut","SUBJECTO":"Hadramaut","BORDERPRECISION":1}},
{"type":"Feature","geometry":{"type":"Polygon","coordinates":[[[59.84,22.28],[59.83,22.37],[59.46,22.54],[59.25,22.73],[59.02,23.02],[58.63,23.46],[58.46,23.51],[58.21,23.5],[58.08,23.5],[57.9,23.57],[57.45,23.81],[57.4,23.84],[57.15,23.98],[56.79,24.27],[56.61,24.48],[56.41,24.82],[56.41,24.92],[56.41,25.08],[56.41,25.31],[56.37,25.45],[56.28,25.46],[56.16,25.47],[56.21,25.54],[56.41,25.86],[56.37,26.24],[56.3,26.16],[56.16,25.97],[56.02,25.77],[55.63,25.45],[55.53,25.37],[55.46,25.42],[55.09,25.02],[54.77,24.73],[55.55,23.52],[57.72,22.19],[59.84,22.28]]]},"properties":{"NAME":"Muscat","SUBJECTO":"Muscat","BORDERPRECISION":1}},
{"type":"Feature","geometry":{"type":"Polygon","coordinates":[[[77.72,14.33],[77.65,16.5],[78.74,17.83],[81.37,19.48],[81.27,19.83],[80.98,20.86],[78.47,21.51],[75.41,21.87],[72.71,21.5],[72.71,21.44],[72.77,21.15],[72.93,20.95],[73.11,20.83],[73.11,20.69],[72.86,20.31],[72.76,20.06],[72.78,19.95],[72.85,19.24],[72.98,18.54],[73.06,18.03],[73.18,17.52],[73.4,16.62],[73.41,16.56],[73.49,16.29],[73.51,16.24],[73.57,16.04],[73.84,15.39],[74.03,15.06],[74.15,14.85],[74.38,14.46],[74.4,14.42],[74.42,14.38],[74.7,13.75],[74.73,13.68],[74.78,13.53],[74.96,12.88],[75.21,12.1],[75.44,11.75],[76.67,13.29],[77.72,14.33]]]},"properties":{"NAME":"Chalukya Empire","SUBJECTO":"Chalukya Empire","BORDERPRECISION":1}},
{"type":"Feature","geometry":{"type":"Polygon","coordinates":[[[64.06,25.4],[64.12,25.31],[64.24,25.21],[64.42,25.17],[64.85,25.21],[65.22,25.27],[65.77,25.31],[66.3,25.49],[66.43,25.49],[66.62,25.32],[66.7,25.11],[66.65,24.9],[66.65,24.78],[66.7,24.75],[67,24.71],[67.15,24.65],[67.2,24.59],[67.32,24.09],[67.49,23.93],[67.69,23.81],[68.05,23.76],[68.07,23.68],[68.86,24.48],[69.22,25.25],[70.29,27.58],[71.16,28.88],[71.4,32.53],[69.64,31.47],[67.38,30.12],[65.02,28.32],[63.6,28.07],[64.16,26.77],[64.06,25.4]]]},"properties":{"NAME":"Buyid Emirate","SUBJECTO":"Buyid Emirate","BORDERPRECISION":1}},
{"type":"Feature","geometry":{"type":"Polygon","coordinates":[[[71.4,32.53],[72.18,33.34],[72.21,33.37],[67.88,36.85],[67.34,37.21],[66.71,37.21],[66.53,38.12],[64.63,38.84],[63.73,39.47],[63.12,39.81],[55.49,39.34],[54.93,39.16],[54.87,36.81],[55.61,35.94],[56.54,35.94],[61.93,29.75],[62.86,28.44],[63.6,28.07],[65.02,28.32],[67.38,30.12],[69.64,31.47],[71.4,32.53]]]},"properties":{"NAME":"Ghaznavid Emirate","SUBJECTO":"Ghaznavid Emirate","BORDERPRECISION":1}},
{"type":"Feature","geometry":{"type":"Polygon","coordinates":[[[44.78,41.3],[44.89,41.33],[44.81,41.35],[44.78,41.3]]]},"properties":{"NAME":"Georgia","SUBJECTO":"Georgia","BORDERPRECISION":1}},
{"type":"Feature","geometry":{"type":"Polygon","coordinates":[[[44.78,41.3],[44.55,40.94],[44.03,41.12],[43.33,40.95],[42.69,40.7],[42.67,40.66],[42.31,39.98],[42.02,39.18],[41.81,38.68],[41.01,38.34],[42.02,38.13],[44.46,36.82],[44.84,36.78],[45.52,37.03],[46.82,37.67],[46.91,37.92],[46.82,38.34],[46.15,39.69],[45.43,41.46],[44.89,41.33],[44.78,41.3]]]},"properties":{"NAME":"Armenia","SUBJECTO":"Armenia","BORDERPRECISION":1}},
{"type":"Feature","geometry":{"type":"MultiPolygon","coordinates":[[[[51.59,24],[51.61,24.2],[51.52,24.16],[51.45,24.22],[51.29,24.28],[51.29,24.41],[51.41,24.61],[51.56,24.82],[51.61,24.99],[51.55,25.1],[51.54,25.42],[51.59,25.61],[51.53,25.76],[51.51,25.85],[51.39,25.89],[51.36,26.03],[51.22,26.07],[51.07,25.95],[50.99,25.67],[51.02,25.59],[50.93,25.54],[50.85,25.27],[50.9,24.91],[50.96,24.71],[50.97,24.44],[50.91,24.43],[50.78,24.47],[50.71,24.56],[50.61,24.68],[50.62,24.87],[50.43,25.18],[50.38,25.46],[50.21,25.59],[50.15,25.54],[50.01,25.84],[49.94,25.96],[49.99,26.04],[50.08,26.31],[49.93,26.48],[49.98,26.6],[50.09,26.61],[50.12,26.74],[49.93,26.93],[49.53,27.01],[49.43,27.13],[49.32,27.16],[49.24,27.29],[49.15,27.37],[49.24,27.48],[49.13,27.54],[48.86,27.52],[48.83,27.57],[48.75,27.87],[48.59,28.09],[48.46,28.39],[48.44,28.44],[48.13,29.27],[47.99,29.28],[47.8,29.18],[47.61,29.27],[47.84,29.5],[48,29.49],[47.94,29.8],[47.91,29.89],[47.96,29.95],[48.03,29.97],[48.21,29.95],[48.51,29.99],[48.55,29.99],[48.71,30],[48.8,30.08],[48.95,30.39],[49.02,30.43],[49.22,30.48],[49.24,30.22],[49.32,30.1],[49.45,30.08],[49.51,30.02],[49.72,30],[50.13,30.07],[50.36,29.74],[50.7,29.4],[50.7,29.13],[50.8,29.01],[51.08,28.51],[51.35,28.04],[51.61,27.83],[51.7,27.81],[51.96,27.78],[52.41,27.58],[52.63,27.31],[52.78,27.19],[52.89,27.05],[53.38,26.91],[53.63,26.75],[54.06,26.7],[54.65,26.39],[54.76,26.41],[54.93,26.54],[55.1,26.74],[55.34,26.8],[55.42,26.96],[55.66,27],[55.81,27.01],[55.9,27.1],[56.07,27.11],[56.43,27.11],[56.67,27.05],[56.68,26.97],[56.79,26.97],[56.93,26.75],[56.93,26.46],[57.07,26.31],[57.11,26.08],[57.25,26.02],[57.25,25.79],[57.33,25.79],[57.46,25.7],[57.81,25.65],[57.9,25.54],[58.11,25.55],[58.37,25.55],[58.74,25.54],[58.82,25.48],[59.03,25.31],[59.3,25.34],[59.65,25.32],[60.3,25.32],[60.48,25.3],[60.75,25.18],[60.86,25.1],[61.34,25.03],[61.57,25.04],[61.81,25.05],[62.14,25.1],[62.45,25.16],[63.02,25.16],[63.4,25.16],[63.65,25.34],[64.06,25.4],[64.16,26.77],[63.6,28.07],[62.86,28.44],[61.93,29.75],[56.54,35.94],[55.61,35.94],[54.87,36.81],[54.07,36.94],[53.98,36.78],[53.8,36.68],[53.14,36.64],[52.6,36.58],[51.99,36.46],[51.8,36.43],[51.42,36.46],[50.56,36.69],[50.25,36.89],[50.11,37.1],[50.04,37.22],[49.85,37.27],[49.48,37.29],[49.06,37.4],[48.84,37.51],[48.74,37.73],[48.81,37.99],[48.83,38.31],[48.82,38.31],[48.99,38.72],[48.95,38.84],[49,38.88],[49.05,38.93],[49.02,39.01],[49.04,39.14],[49.12,39.19],[49.18,39.14],[49.22,39.04],[49.28,39.02],[49.31,39.13],[49.34,39.28],[49.38,39.33],[49.49,39.29],[49.5,39.38],[49.4,39.49],[49.07,39.48],[48.95,39.8],[48.89,39.95],[48.53,40.06],[48.37,39.97],[47.94,39.67],[47.82,39.67],[47.13,39.67],[47.06,40.44],[46.86,40.45],[46.74,40.03],[46.15,39.69],[46.82,38.34],[46.91,37.92],[46.82,37.67],[45.52,37.03],[44.84,36.78],[44.46,36.82],[42.02,38.13],[41.01,38.34],[39.62,37.84],[37.59,37.16],[37.38,36.61],[37.03,35.75],[38.37,35.14],[40.03,34.39],[44.08,30.34],[48.62,25.69],[50.86,23.88],[51.59,24]]],[[[48.22,42.28],[46.74,41.71],[46.82,41.21],[46.85,41.02],[47.74,41.16],[47.85,41.18],[47.88,41.17],[49.54,40.5],[49.66,40.66],[49.61,40.69],[49.61,40.76],[49.48,40.84],[49.35,40.95],[49.29,41.06],[49.24,41.29],[49.12,41.43],[49,41.52],[48.89,41.69],[48.68,41.84],[48.66,41.9],[48.5,41.93],[48.42,42.09],[48.22,42.28]]],[[[46.86,40.94],[46.87,40.86],[47.03,40.79],[47.14,40.81],[46.86,40.94]]]]},"properties":{"NAME":"Buwayhid Emirates","SUBJECTO":"Buwayhid Emirates","BORDERPRECISION":1}},
{"type":"Feature","geometry":{"type":"Polygon","coordinates":[[[15.45,41.86],[14.92,41.97],[14.74,42.05],[14.44,41.88],[13.39,41.85],[13.25,41.66],[13.27,41.31],[13.5,41.3],[13.76,41.21],[13.8,41.19],[13.85,41.09],[13.94,41],[14.05,40.77],[14.24,40.85],[14.37,40.85],[14.49,40.73],[14.35,40.64],[14.33,40.59],[14.74,40.7],[14.95,40.55],[14.99,40.37],[14.9,40.24],[15.03,40.21],[15.43,39.99],[15.52,40.07],[15.67,40.09],[15.77,40.57],[15.6,41.08],[15.45,41.86]]]},"properties":{"NAME":"Dutchy of Benevento","SUBJECTO":"Dutchy of Benevento","BORDERPRECISION":1}},
{"type":"Feature","geometry":{"type":"Polygon","coordinates":[[[38.37,35.14],[37.03,35.75],[36.88,35.39],[35.85,34.49],[35.87,34.42],[35.82,34.34],[35.72,34.31],[35.53,34.12],[35.52,33.97],[35.49,33.83],[35.43,33.74],[35.35,33.74],[35.36,33.64],[35.21,33.33],[35.13,33.23],[35.09,33.07],[34.97,32.94],[34.96,32.8],[34.96,32.7],[34.89,32.66],[34.84,32.67],[34.76,32.3],[34.68,32.05],[34.6,31.82],[34.5,31.62],[34.2,31.24],[34.15,31.21],[33.92,31.07],[33.71,31],[33.56,30.97],[33.25,31.03],[33.13,31.05],[33.02,31.13],[32.77,30.95],[32.6,30.96],[32.31,31.08],[32.08,31.01],[31.81,31.18],[31.72,31.39],[31.39,31.44],[31.15,31.44],[31,31.47],[30.83,31.44],[30.48,31.32],[30.1,31.23],[29.68,31.05],[29.36,30.81],[29.25,30.75],[28.97,30.78],[28.52,30.96],[28.1,31],[27.92,31],[27.76,31.18],[27.44,31.25],[27.09,31.31],[26.82,31.36],[26.14,31.49],[25.79,31.49],[25.51,31.44],[25.26,31.44],[25.11,31.51],[24.98,31.65],[24.95,31.82],[24.82,31.91],[24.24,31.93],[24.03,31.94],[23.74,32.06],[23.71,32.08],[23.29,32.13],[23.15,32.14],[23.03,32.25],[23.01,32.48],[22.92,32.56],[22.54,32.72],[22.22,32.79],[21.67,32.82],[21.05,32.63],[20.77,32.5],[20.52,32.39],[20.37,32.3],[20.07,32.04],[19.96,31.8],[19.94,31.61],[19.99,31.35],[20.12,31.07],[20.12,30.96],[19.98,30.72],[19.66,30.44],[19.32,30.26],[19.12,30.2],[18.92,30.2],[18.89,30.22],[18.54,30.41],[17.96,30.77],[17.71,30.89],[17.42,31],[16.98,31.1],[16.78,31.13],[16.32,31.17],[16.01,31.23],[15.84,31.29],[15.53,31.55],[15.36,31.81],[15.24,32.17],[15.16,32.27],[15.01,32.36],[14.79,32.36],[14.43,32.46],[14.16,32.68],[13.46,32.78],[13.19,32.79],[12.8,32.73],[12.56,32.74],[12.12,32.88],[11.47,33.14],[11.21,33.25],[11.1,33.54],[10.96,33.58],[10.78,33.47],[10.65,33.5],[10.41,33.63],[10.15,33.88],[10.02,34.08],[10.12,34.23],[10.57,34.65],[10.84,34.8],[11.08,35.15],[11.13,35.24],[10.99,35.62],[10.83,35.68],[10.6,35.89],[10.51,36.09],[10.51,36.21],[10.63,36.42],[10.92,36.65],[11.04,36.91],[11.02,37.07],[10.84,36.99],[10.58,36.79],[10.39,36.72],[10.27,36.75],[10.16,37],[10.13,37.1],[10.02,37.2],[9.73,37.28],[9.42,37.28],[9.15,37.17],[8.87,36.97],[8.64,36.89],[8.15,36.81],[7.91,36.78],[7.79,36.83],[7.72,36.95],[7.54,37.04],[7.31,37.06],[7.2,36.99],[7.06,36.88],[6.92,36.82],[6.77,36.86],[6.32,37.09],[6.05,36.84],[5.73,36.75],[5.38,36.67],[5.14,36.67],[4.78,36.74],[4.63,36.79],[4.53,36.81],[4.39,36.84],[4.16,36.83],[3.74,36.84],[3.59,36.79],[3.32,36.65],[3.07,36.62],[2.81,36.71],[2.52,36.57],[2.29,36.54],[1.58,36.51],[1.24,35.89],[0.87,33.07],[0.46,32.55],[0.75,32.57],[2.45,32.67],[5.57,32.81],[5.68,32.82],[6.5,32.73],[7.89,32.59],[12.53,30.8],[17,28.75],[17.97,28.61],[20.39,28.27],[21.68,28.08],[25.44,28.01],[27.43,27.2],[27.62,26.88],[29.34,24.03],[30.82,23.66],[32.51,23.73],[35.19,24.4],[35,24.72],[34.51,25.57],[34.1,26.35],[33.93,26.56],[33.8,26.93],[33.57,27.37],[33.35,27.91],[32.93,28.38],[32.65,28.77],[32.59,28.94],[32.32,29.54],[32.44,29.78],[32.65,29.85],[32.74,29.69],[32.81,29.48],[32.94,29.2],[33.18,29],[33.33,28.55],[33.5,28.33],[33.86,28.02],[34.06,27.79],[34.24,27.76],[34.32,27.83],[34.4,28.1],[34.55,28.73],[34.76,29.25],[34.94,29.42],[34.95,29.44],[34.98,29.47],[35.07,29.42],[35.1,29.34],[35.07,29.21],[35.03,28.95],[34.89,28.36],[34.8,28.23],[34.76,28.1],[34.88,28.1],[35.11,28.07],[35.44,27.73],[35.59,27.51],[35.83,27.1],[36.31,26.42],[36.33,26.4],[36.67,26.02],[37.01,25.53],[37.22,25.17],[37.27,24.97],[37.2,24.66],[37.42,24.4],[37.56,24.27],[37.78,24.21],[37.99,24.11],[38.33,23.83],[38.49,23.61],[38.92,22.87],[39.06,22.57],[39.1,22.4],[39.1,22],[39.13,21.65],[39.17,21.22],[39.53,20.69],[39.76,20.41],[40.34,20.1],[40.69,19.87],[40.82,19.68],[41.92,20.77],[41.81,21.71],[41.14,22.41],[40.18,24.03],[39.07,25.5],[37.42,27.83],[37.36,27.96],[36.59,29.79],[36.52,31.16],[37.21,33.57],[38.04,34.6],[38.37,35.14]]]},"properties":{"NAME":"Fatimid Caliphate","SUBJECTO":"Fatimid Caliphate","BORDERPRECISION":1}},
{"type":"Feature","geometry":{"type":"Polygon","coordinates":[[[6.25,47.96],[6.14,48.01],[6.1,48.03],[6.08,47.99],[6.06,47.96],[6.01,47.97],[5.96,47.99],[5.96,47.8],[5.82,47.73],[5.92,47.6],[5.87,47.56],[5.79,47.51],[5.78,47.36],[5.74,47.23],[5.67,47.11],[5.79,47],[5.77,46.93],[5.76,46.89],[5.65,46.85],[5.63,46.66],[5.63,46.65],[5.74,46.6],[5.72,46.48],[5.69,46.47],[5.65,46.46],[5.56,46.48],[5.42,46.52],[5.38,46.48],[5.27,46.32],[5.42,46.19],[5.53,46.1],[5.53,46.01],[5.36,46.05],[5.36,45.88],[5.61,45.85],[5.82,45.4],[5.93,45.32],[5.94,45.3],[5.95,45.26],[6.06,45.22],[6.06,45.24],[6.03,45.33],[6.08,45.37],[6.12,45.34],[6.14,45.32],[6.19,45.34],[6.22,45.35],[6.27,45.32],[6.24,45.3],[6.28,45.2],[6.29,45.19],[6.51,45.12],[6.67,44.95],[6.94,44.87],[6.99,44.76],[7,44.72],[6.92,44.72],[6.86,44.64],[6.78,44.55],[6.87,44.35],[6.79,44.3],[6.79,44.2],[6.83,44.12],[6.84,44.11],[6.89,44.15],[6.94,44.14],[6.97,44.06],[6.99,44.05],[7,44.05],[6.92,43.98],[6.96,43.91],[6.89,43.9],[6.92,43.82],[7.16,43.86],[7.36,43.9],[7.4,43.76],[7.47,43.81],[7.55,43.87],[7.69,43.89],[7.98,43.96],[8.09,44.05],[8.19,44.13],[8.34,44.22],[8.29,44.57],[7.68,44.73],[7.51,45.38],[8.49,46.12],[8.48,46.41],[8.41,47.46],[7.81,47.46],[7.27,47.46],[6.78,47.95],[6.25,47.96]],[[6.45,46.47],[6.51,46.52],[6.56,46.51],[6.59,46.52],[6.69,46.5],[6.72,46.49],[6.74,46.49],[6.78,46.47],[6.83,46.47],[6.86,46.45],[6.9,46.44],[6.93,46.41],[6.92,46.4],[6.86,46.4],[6.86,46.39],[6.73,46.41],[6.64,46.41],[6.55,46.39],[6.51,46.4],[6.48,46.39],[6.48,46.38],[6.41,46.36],[6.39,46.34],[6.36,46.35],[6.34,46.37],[6.3,46.37],[6.28,46.35],[6.24,46.29],[6.2,46.26],[6.19,46.24],[6.17,46.21],[6.15,46.21],[6.17,46.3],[6.25,46.39],[6.26,46.39],[6.27,46.39],[6.29,46.42],[6.35,46.46],[6.38,46.46],[6.4,46.46],[6.45,46.47]]]},"properties":{"NAME":"Burgandy","SUBJECTO":"Burgandy","BORDERPRECISION":1}},
{"type":"Feature","geometry":{"type":"Polygon","coordinates":[[[15.91,45.63],[15.47,45.73],[15.42,45.43],[14.88,45.48],[14.8,45.86],[14.53,45.78],[14.35,45.32],[14.52,45.27],[14.82,45.08],[14.95,44.93],[14.91,44.72],[14.99,44.54],[15.29,44.33],[15.55,44.23],[15.27,44.24],[15.15,44.24],[15.41,43.93],[15.49,43.89],[15.91,43.65],[16.06,43.43],[16.37,43.51],[16.55,43.46],[16.64,43.39],[16.71,43.77],[16.7,43.85],[16.87,44.24],[16.82,44.82],[16.81,44.94],[16.29,45.33],[15.91,45.63]]]},"properties":{"NAME":"Croatia","SUBJECTO":"Croatia","BORDERPRECISION":1}},
{"type":"Feature","geometry":{"type":"Polygon","coordinates":[[[17.1,16.22],[15.86,16.22],[14.67,16.23],[13.58,16.13],[12.88,16.06],[12.73,15.82],[12.64,15.66],[12.64,14.47],[13.61,13.62],[13.83,13.43],[15.82,13.12],[16.62,13.15],[17.65,13.19],[18.31,13.38],[18.77,13.51],[19.34,14.37],[19.41,14.47],[19.17,15.18],[18.45,15.74],[17.71,16],[17.1,16.22]]]},"properties":{"NAME":"Kanem","SUBJECTO":"Kanem","BORDERPRECISION":1}},
{"type":"Feature","geometry":{"type":"Polygon","coordinates":[[[29.34,24.03],[29.3,20.31],[29.28,18.85],[29.52,17.65],[29.84,17.1],[30.79,15.5],[31.19,16.22],[31.67,16.62],[32.38,16.7],[33.82,16.78],[34.45,16.46],[35.33,15.42],[36.05,16.11],[37.08,17.09],[37.71,18.22],[37.9,18.56],[37.76,18.64],[37.48,18.82],[37.4,18.92],[37.25,19.65],[37.17,20.76],[37.13,21.23],[36.9,21.73],[36.8,21.91],[36.66,22.17],[36.47,22.34],[36.29,22.57],[36.11,22.65],[35.75,22.91],[35.69,23.02],[35.58,23.23],[35.47,23.72],[35.49,23.79],[35.62,23.84],[35.72,23.91],[35.66,23.99],[35.45,24.15],[35.19,24.4],[32.51,23.73],[30.82,23.66],[29.34,24.03]]]},"properties":{"NAME":"Makkura","SUBJECTO":"Makkura","BORDERPRECISION":1}},
{"type":"Feature","geometry":{"type":"Polygon","coordinates":[[[30.79,15.5],[30.66,15.02],[30.47,14.31],[30.47,13.51],[30.59,12.66],[30.79,11.23],[30.79,11.2],[31.23,10.69],[31.27,10.65],[31.3,10.62],[31.75,10.25],[32.67,10.13],[32.85,10.1],[33.58,10.01],[33.97,10.12],[34.45,10.25],[35.41,11.28],[35.65,12.8],[35.43,14.6],[35.33,15.42],[34.45,16.46],[33.82,16.78],[32.38,16.7],[31.67,16.62],[31.19,16.22],[30.79,15.5]]]},"properties":{"NAME":"Alwa","SUBJECTO":"Alwa","BORDERPRECISION":1}},
{"type":"Feature","geometry":{"type":"Polygon","coordinates":[[[-13.7,14.58],[-13.68,14.67],[-13.62,14.89],[-13.56,15.14],[-13.65,15.79],[-13.78,16.04],[-13.83,16.15],[-13.93,16.22],[-14.11,16.34],[-14.2,16.4],[-14.39,16.52],[-14.85,16.52],[-15.28,16.45],[-15.4,16.43],[-15.76,16.25],[-15.94,16.07],[-16.04,15.97],[-16.09,15.76],[-16.13,15.6],[-16.22,15.14],[-16.22,15.05],[-16.2,14.96],[-16.11,14.65],[-16.04,14.41],[-15.67,13.86],[-15.21,13.76],[-14.66,13.76],[-14.2,14.04],[-13.74,14.41],[-13.7,14.58]]]},"properties":{"NAME":"Takrur","SUBJECTO":"Takrur","BORDERPRECISION":1}},
{"type":"Feature","geometry":{"type":"Polygon","coordinates":[[[-11.7,17.11],[-11.88,16.49],[-11.91,16.38],[-11.8,15.76],[-8.88,14.29],[-7,14.4],[-4.8,15.55],[-4.92,16.19],[-5.01,16.7],[-7.83,17.64],[-8.87,17.5],[-11.7,17.11]]]},"properties":{"NAME":"Ghana","SUBJECTO":"Ghana","BORDERPRECISION":1}},
{"type":"Feature","geometry":{"type":"Polygon","coordinates":[[[-4.81,13.13],[-4.87,13.22],[-4.96,13.34],[-5.01,13.42],[-7.78,13.89],[-8.74,13.89],[-9.06,13.89],[-9.58,13.33],[-9.58,12.38],[-9.13,11.91],[-7.63,11.35],[-6.51,11.35],[-5.09,11.54],[-4.64,12.01],[-4.56,12.76],[-4.81,13.13]]]},"properties":{"NAME":"Mali","SUBJECTO":"Mali","BORDERPRECISION":1}},
{"type":"Feature","geometry":{"type":"Polygon","coordinates":[[[-77.99,-10.23],[-77.29,-8.98],[-77.72,-8.26],[-79.15,-8.09],[-79.06,-8.22],[-78.75,-8.79],[-78.3,-9.67],[-77.99,-10.23]]]},"properties":{"NAME":"Chimú Empire","SUBJECTO":"Chimú Empire","BORDERPRECISION":1}},
{"type":"Feature","geometry":{"type":"Polygon","coordinates":[[[-77.99,-10.23],[-77.76,-10.66],[-77.69,-10.84],[-77.68,-11.01],[-77.71,-11.26],[-77.67,-11.29],[-77.46,-11.39],[-77.34,-11.51],[-76.71,-12.76],[-76.36,-13.23],[-76.24,-13.5],[-76.24,-13.91],[-76.24,-14.11],[-76.05,-14.41],[-75.79,-14.73],[-75.23,-15.22],[-74.62,-15.67],[-74.05,-16.04],[-73.67,-16.2],[-73.28,-16.37],[-72.98,-16.53],[-72.59,-16.74],[-72.31,-16.88],[-72.09,-16.99],[-71.86,-17.12],[-71.61,-17.22],[-69.54,-13.82],[-71.23,-12.73],[-75.58,-10.61],[-77.34,-7.68],[-77.51,-6.97],[-78.84,-6.64],[-79.4,-6.09],[-79.87,-6.09],[-80.34,-6.53],[-80.27,-6.57],[-80.07,-6.76],[-79.8,-7.19],[-79.67,-7.35],[-79.15,-8.09],[-77.72,-8.26],[-77.29,-8.98],[-77.99,-10.23]]]},"properties":{"NAME":"Huari Empire","SUBJECTO":"Huari Empire","BORDERPRECISION":1}},
{"type":"Feature","geometry":{"type":"Polygon","coordinates":[[[-71.61,-17.22],[-71.47,-17.39],[-71.37,-17.7],[-71.22,-17.81],[-70.58,-18.08],[-70.45,-18.22],[-70.36,-18.45],[-70.3,-18.63],[-70.21,-19.07],[-70.19,-19.76],[-70.11,-20.69],[-70.11,-21.75],[-70.19,-22.16],[-70.2,-22.22],[-70.23,-22.43],[-70.23,-22.8],[-70.29,-22.99],[-70.47,-23.08],[-70.57,-23.17],[-70.55,-23.34],[-70.58,-23.49],[-70.42,-23.53],[-70.36,-23.66],[-70.46,-23.93],[-70.45,-24.35],[-70.52,-24.46],[-70.5,-24.83],[-70.4,-25.25],[-70.49,-25.47],[-70.68,-25.77],[-70.65,-26.26],[-70.69,-26.51],[-70.75,-26.88],[-70.85,-27.28],[-70.86,-27.31],[-70.93,-27.73],[-71.14,-27.99],[-71.2,-28.24],[-71.3,-28.67],[-71.43,-29.1],[-71.39,-29.28],[-71.23,-29.52],[-71.24,-29.85],[-71.33,-30.1],[-71.5,-30.35],[-71.68,-30.6],[-71.7,-30.85],[-71.65,-31.24],[-71.52,-32.18],[-70.03,-30.68],[-69.41,-29.64],[-69.28,-29.35],[-68.06,-26.47],[-68.03,-26.03],[-67.95,-24.65],[-67.82,-22.47],[-67.36,-19.19],[-67.24,-18.36],[-67.94,-15.43],[-69.23,-14.02],[-69.54,-13.82],[-71.61,-17.22]]]},"properties":{"NAME":"Tiahuanaco Empire","SUBJECTO":"Tiahuanaco Empire","BORDERPRECISION":1}},
{"type":"Feature","geometry":{"type":"Polygon","coordinates":[[[-88.33,17.16],[-88.22,17.51],[-88.3,17.64],[-88.11,18.19],[-88.12,18.39],[-88.4,18.31],[-88.32,18.49],[-88.31,18.74],[-88.14,18.89],[-88.11,18.82],[-88.03,18.62],[-87.88,18.38],[-87.85,18.49],[-87.8,18.74],[-87.68,19.28],[-87.64,19.57],[-87.79,19.51],[-87.86,19.58],[-87.77,19.74],[-87.66,19.88],[-87.65,20.19],[-87.51,20.39],[-87.31,20.58],[-87.07,20.8],[-86.94,20.98],[-86.9,21.17],[-86.92,21.3],[-87.2,21.53],[-87.37,21.57],[-87.6,21.48],[-88.11,21.57],[-88.33,21.59],[-88.6,21.56],[-89.06,21.4],[-89.55,21.3],[-89.86,21.25],[-90,21.16],[-90,21.14],[-90,20.99],[-90,20.68],[-90,20.16],[-90,19.95],[-90,19.75],[-90,19.38],[-91.22,19.1],[-91.7,18.82],[-91.53,18.74],[-91.48,18.63],[-91.61,18.54],[-91.73,18.42],[-92.11,18.52],[-90,17.72],[-89.68,17.46],[-88.33,17.16]]]},"properties":{"NAME":"Maya city-states","SUBJECTO":"Maya city-states","BORDERPRECISION":1}},
{"type":"Feature","geometry":{"type":"Polygon","coordinates":[[[-94.24,18.24],[-94.59,18.27],[-94.82,18.5],[-95.08,18.7],[-95.34,18.77],[-95.54,18.76],[-95.84,18.8],[-96.01,18.93],[-96.34,19.48],[-96.58,19.92],[-96.8,20.15],[-96.88,20.36],[-97.22,20.76],[-97.5,21.19],[-97.63,21.55],[-97.71,21.8],[-100.25,22.57],[-100.89,20.74],[-105.29,20.67],[-105.31,20.59],[-105.39,20.51],[-105.62,20.47],[-105.69,20.4],[-105.67,20.35],[-105.51,20.1],[-105.17,19.66],[-104.95,19.44],[-104.67,19.32],[-104.2,19.06],[-103.97,18.88],[-103.75,18.59],[-103.49,18.35],[-102.67,18.1],[-102.36,18.03],[-102.09,18.06],[-101.99,18.03],[-101.49,17.58],[-101.22,17.42],[-100.74,17.22],[-100.41,17.06],[-99.98,16.89],[-99.21,16.72],[-98.86,16.6],[-98.44,16.36],[-98.15,16.17],[-97.88,16.05],[-97.29,15.96],[-97.08,15.88],[-96.75,15.78],[-96.33,15.75],[-95.99,15.87],[-95.5,16.12],[-95.13,16.3],[-94.83,16.32],[-94.36,16.22],[-94.08,16.11],[-94.05,16.08],[-93.81,15.92],[-93.59,15.74],[-94.24,18.24]],[[-100.02,21.3],[-99.06,21.62],[-98.26,21.38],[-97.55,20.58],[-97.79,19.47],[-99.3,18.35],[-100.49,18.35],[-100.65,18.91],[-100.02,21.3]]]},"properties":{"NAME":"Mesoamerican city-states and chiefdoms","SUBJECTO":"Mesoamerican city-states and chiefdoms","BORDERPRECISION":1}},
{"type":"Feature","geometry":{"type":"Polygon","coordinates":[[[-100.02,21.3],[-100.65,18.91],[-100.49,18.35],[-99.3,18.35],[-97.79,19.47],[-97.55,20.58],[-98.26,21.38],[-99.06,21.62],[-100.02,21.3]]]},"properties":{"NAME":"Toltec Empire","SUBJECTO":"Toltec Empire","BORDERPRECISION":1}},
{"type":"Feature","geometry":{"type":"MultiPolygon","coordinates":[[[[-2.75,51.64],[-2.91,53.27],[-3.33,53.23],[-3.96,53.21],[-4.32,53.09],[-4.49,52.99],[-4.62,52.83],[-4.47,52.81],[-4.15,52.83],[-4.09,52.75],[-4.12,52.37],[-4.29,52.2],[-4.62,52.09],[-5.06,52.01],[-5.25,51.86],[-5.18,51.79],[-5,51.7],[-4.16,51.68],[-3.5,51.46],[-3.17,51.47],[-2.75,51.64]]],[[[-7.43,55.06],[-7.5,55.05],[-7.66,55.12],[-7.76,55.25],[-8.12,55.18],[-8.35,55.1],[-8.48,54.88],[-8.5,54.75],[-8.76,54.7],[-8.83,54.63],[-8.21,54.63],[-8.3,54.49],[-8.69,54.36],[-8.59,54.2],[-9.09,54.26],[-9.32,54.28],[-9.47,54.24],[-9.89,54.33],[-9.99,54.25],[-10.16,54.13],[-10.18,53.91],[-9.91,53.97],[-9.7,53.87],[-9.87,53.77],[-9.81,53.63],[-10.15,53.58],[-10.02,53.51],[-10.16,53.37],[-9.88,53.3],[-9.8,53.35],[-9.62,53.35],[-9.44,53.27],[-9.3,53.28],[-9.16,53.22],[-9,53.3],[-8.92,53.16],[-9,53.12],[-9.31,53.12],[-9.53,52.9],[-9.44,52.83],[-9.62,52.64],[-9.13,52.68],[-9.19,52.55],[-9.5,52.54],[-9.74,52.48],[-9.78,52.34],[-9.8,52.24],[-9.89,52.19],[-10.47,52.21],[-10.5,52.1],[-9.96,52.09],[-10.29,51.98],[-10.22,51.76],[-9.84,51.8],[-9.8,51.6],[-9.82,51.43],[-9.24,51.47],[-8.85,51.6],[-8.57,51.62],[-8.16,51.84],[-7.86,51.97],[-7.75,52.03],[-7.37,52.09],[-6.96,52.11],[-6.89,52.21],[-6.62,52.22],[-6.49,52.19],[-6.41,52.21],[-6.34,52.43],[-6.23,52.61],[-6.07,52.77],[-6.04,52.89],[-6.17,53.44],[-6.33,53.79],[-6.44,53.9],[-6.34,53.94],[-6.21,53.96],[-6.07,53.97],[-5.91,54.03],[-5.73,54.17],[-5.66,54.32],[-5.8,54.52],[-5.76,54.66],[-5.78,54.74],[-6.02,55.09],[-6.12,55.16],[-6.28,55.14],[-6.45,55.19],[-6.65,55.21],[-7,55.17],[-7.23,55.1],[-7.43,55.06]]],[[[-5.7,55.33],[-5.62,55.33],[-5.48,55.44],[-5.52,55.67],[-5.69,55.63],[-5.76,55.48],[-5.7,55.33]]]]},"properties":{"NAME":"Celtic kingdoms","SUBJECTO":"Celtic kingdoms","BORDERPRECISION":1}},
{"type":"Feature","geometry":{"type":"Polygon","coordinates":[[[-2.75,51.64],[-2.89,51.39],[-3.03,51.33],[-3.07,51.18],[-3.48,51.18],[-3.83,51.23],[-4.28,51.19],[-4.28,51.06],[-4.44,50.97],[-4.55,51],[-4.6,50.78],[-4.82,50.6],[-5.02,50.56],[-5.24,50.35],[-5.78,50.13],[-5.43,50.07],[-5.28,49.96],[-4.97,50.21],[-4.54,50.36],[-4.3,50.32],[-4.24,50.39],[-4,50.31],[-3.88,50.2],[-3.72,50.22],[-3.56,50.36],[-3.52,50.62],[-3.11,50.66],[-2.96,50.72],[-2.55,50.57],[-2.43,50.65],[-2.02,50.57],[-2.09,50.7],[-1.37,50.77],[-1.1,50.82],[-0.84,50.72],[-0.34,50.82],[-0.2,50.8],[0.19,50.73],[0.67,50.93],[0.89,50.89],[0.89,50.98],[1.33,51.12],[1.36,51.35],[1.19,51.41],[1.03,51.36],[0.8,51.38],[0.25,51.45],[0.69,51.56],[1.03,51.81],[1.51,52.03],[1.66,52.21],[1.69,52.31],[1.59,52.65],[1.38,52.81],[1.01,52.89],[0.74,52.9],[0.5,52.85],[0.33,52.71],[0.01,52.79],[0.25,53.04],[0.27,53.13],[0.17,53.29],[0.08,53.39],[-0.2,53.52],[-0.32,53.58],[-0.23,53.8],[-0.3,54.03],[-0.6,54.3],[-0.87,54.55],[-1.19,54.6],[-1.39,54.68],[-1.56,54.92],[-1.7,55.27],[-1.67,55.38],[-1.72,55.45],[-1.94,55.56],[-2.06,55.3],[-1.9,54.34],[-2.89,54.17],[-2.87,54.03],[-2.98,53.82],[-3.06,53.51],[-2.91,53.27],[-2.75,51.64]]]},"properties":{"NAME":"England","SUBJECTO":"England","BORDERPRECISION":1}},
{"type":"Feature","geometry":{"type":"Polygon","coordinates":[[[-1.94,55.56],[-2.25,55.81],[-2.54,55.88],[-2.74,55.96],[-2.93,55.95],[-3.16,55.85],[-3.36,55.84],[-3.58,55.88],[-3.71,55.88],[-3.89,55.99],[-3.29,55.97],[-3.17,56.06],[-2.9,56.09],[-2.77,56.17],[-2.72,56.18],[-2.95,56.25],[-3.15,56.34],[-2.98,56.35],[-2.67,56.47],[-2.51,56.67],[-2.41,56.72],[-2.16,57.01],[-2.2,57.06],[-2.11,57.21],[-1.94,57.4],[-2.15,57.57],[-2.85,57.54],[-3.09,57.58],[-3.4,57.58],[-3.8,57.54],[-4.15,57.55],[-4.25,57.64],[-4.15,57.83],[-4.83,57.77],[-4.92,56.94],[-4.62,56.35],[-4.12,54.76],[-3.91,54.79],[-3.58,54.92],[-3.31,54.88],[-3.15,54.84],[-3.43,54.64],[-3.57,54.42],[-3.48,54.27],[-3.26,54.14],[-2.89,54.17],[-1.9,54.34],[-2.06,55.3],[-1.94,55.56]]]},"properties":{"NAME":"Scotland","SUBJECTO":"Scotland","BORDERPRECISION":1}},
{"type":"Feature","geometry":{"type":"MultiPolygon","coordinates":[[[[-14.51,28.05],[-13.88,28.2],[-13.78,28.88],[-13.42,29.09],[-13.52,29.43],[-13.81,29.05],[-14.15,28.39],[-14.51,28.05]]],[[[-15.57,28.18],[-15.91,27.9],[-15.57,27.73],[-15.21,27.9],[-15.4,28.2],[-15.57,28.18]]],[[[-17.29,28.28],[-17.34,28.03],[-16.64,28.05],[-16.23,28.37],[-16.08,28.54],[-16.88,28.33],[-17.29,28.28]]]]},"properties":{"NAME":"Guanches","SUBJECTO":"Guanches","BORDERPRECISION":1}},
{"type":"Feature","geometry":{"type":"Polygon","coordinates":[[[19.33,57.96],[19.34,57.96],[19.33,57.97],[19.31,57.97],[19.3,57.98],[19.29,57.98],[19.1,57.98],[19.1,57.97],[19.09,57.97],[19.04,57.92],[19.03,57.91],[19.03,57.9],[19.04,57.9],[19.07,57.86],[19.08,57.86],[19.09,57.85],[19.13,57.84],[19.14,57.9],[19.14,57.91],[19.15,57.91],[19.15,57.92],[19.16,57.93],[19.17,57.93],[19.24,57.95],[19.26,57.95],[19.27,57.95],[19.28,57.94],[19.29,57.94],[19.33,57.96]]]},"properties":{"NAME":"Sweden","SUBJECTO":"Sweden","BORDERPRECISION":1}},
{"type":"Feature","geometry":{"type":"MultiPolygon","coordinates":[[[[-61.47,15.63],[-61.47,15.62],[-61.48,15.59],[-61.49,15.54],[-61.48,15.49],[-61.47,15.49],[-61.46,15.47],[-61.45,15.46],[-61.42,15.42],[-61.4,15.36],[-61.39,15.35],[-61.37,15.27],[-61.38,15.25],[-61.38,15.24],[-61.38,15.21],[-61.37,15.2],[-61.36,15.2],[-61.28,15.24],[-61.27,15.25],[-61.27,15.26],[-61.26,15.28],[-61.26,15.29],[-61.25,15.29],[-61.25,15.32],[-61.25,15.33],[-61.25,15.46],[-61.27,15.52],[-61.3,15.57],[-61.32,15.58],[-61.43,15.63],[-61.45,15.63],[-61.47,15.63]]],[[[-61.6,12.13],[-61.6,12.19],[-61.6,12.22],[-61.61,12.22],[-61.61,12.23],[-61.62,12.23],[-61.65,12.24],[-61.66,12.24],[-61.68,12.23],[-61.69,12.22],[-61.71,12.2],[-61.72,12.17],[-61.79,12.01],[-61.79,12],[-61.78,12],[-61.75,12],[-61.72,12],[-61.68,12.02],[-61.65,12.03],[-61.64,12.03],[-61.63,12.04],[-61.63,12.05],[-61.61,12.08],[-61.6,12.13]]],[[[-60.94,14.74],[-61.03,14.83],[-61.04,14.83],[-61.09,14.86],[-61.1,14.86],[-61.14,14.88],[-61.16,14.88],[-61.17,14.88],[-61.2,14.86],[-61.21,14.85],[-61.23,14.83],[-61.23,14.82],[-61.23,14.81],[-61.17,14.69],[-61.03,14.47],[-61.01,14.47],[-60.98,14.47],[-60.89,14.47],[-60.86,14.4],[-60.84,14.42],[-60.83,14.43],[-60.83,14.44],[-60.82,14.46],[-60.82,14.47],[-60.82,14.48],[-60.83,14.57],[-60.85,14.59],[-60.91,14.65],[-60.94,14.73],[-60.94,14.74]]],[[[-61.01,14.01],[-61.04,13.97],[-61.08,13.9],[-61.08,13.88],[-61.08,13.87],[-61.08,13.81],[-61.07,13.8],[-61.07,13.79],[-61.05,13.77],[-61.04,13.76],[-61.03,13.75],[-61.01,13.75],[-61,13.75],[-60.99,13.74],[-60.97,13.73],[-60.96,13.71],[-60.95,13.71],[-60.94,13.72],[-60.9,13.78],[-60.89,13.82],[-60.89,13.85],[-60.88,13.96],[-60.88,13.98],[-60.89,14.01],[-60.91,14.1],[-60.92,14.1],[-60.92,14.11],[-60.93,14.11],[-60.94,14.11],[-60.95,14.1],[-61.01,14.01]]],[[[-61.45,12.59],[-61.44,12.58],[-61.42,12.59],[-61.41,12.6],[-61.4,12.6],[-61.41,12.61],[-61.43,12.61],[-61.44,12.61],[-61.45,12.61],[-61.45,12.59]]],[[[-61.59,12.29],[-61.58,12.3],[-61.57,12.3],[-61.57,12.31],[-61.57,12.32],[-61.58,12.32],[-61.59,12.31],[-61.59,12.3],[-61.59,12.29]]],[[[-61.42,12.51],[-61.43,12.53],[-61.49,12.48],[-61.49,12.47],[-61.5,12.47],[-61.5,12.44],[-61.49,12.43],[-61.43,12.45],[-61.43,12.46],[-61.42,12.49],[-61.42,12.51]]],[[[-61.31,12.73],[-61.32,12.74],[-61.33,12.74],[-61.33,12.73],[-61.35,12.7],[-61.34,12.69],[-61.33,12.69],[-61.32,12.69],[-61.31,12.7],[-61.31,12.71],[-61.3,12.72],[-61.31,12.73]]],[[[-61.21,13],[-61.2,13.03],[-61.2,13.04],[-61.21,13.04],[-61.23,13.02],[-61.25,12.99],[-61.25,12.98],[-61.24,12.97],[-61.22,13],[-61.21,13]]],[[[-61.27,13.27],[-61.28,13.25],[-61.28,13.21],[-61.28,13.2],[-61.26,13.18],[-61.24,13.16],[-61.18,13.13],[-61.17,13.13],[-61.17,13.14],[-61.15,13.17],[-61.13,13.22],[-61.12,13.24],[-61.12,13.25],[-61.12,13.31],[-61.12,13.33],[-61.14,13.37],[-61.14,13.38],[-61.18,13.38],[-61.21,13.37],[-61.27,13.27]]]]},"properties":{"NAME":"Arawaks","SUBJECTO":"Arawaks","BORDERPRECISION":1}},
{"type":"Feature","geometry":{"type":"Polygon","coordinates":[[[-58.13,49.5],[-57.81,49.2],[-57.97,49.08],[-58.11,49.08],[-58.23,49.11],[-58.39,49.04],[-58.68,48.7],[-58.14,48.6],[-58.43,48.45],[-58.65,48.38],[-58.98,48.19],[-59.23,48.04],[-59.32,47.96],[-59.22,47.75],[-59.16,47.67],[-58.7,47.74],[-58.09,47.76],[-57.64,47.73],[-57.12,47.64],[-56.8,47.62],[-56.33,47.64],[-56.15,47.73],[-56.08,47.87],[-55.74,47.87],[-55.76,47.65],[-55.7,47.58],[-55.51,47.59],[-55.37,47.79],[-55.1,47.77],[-54.78,47.71],[-55.07,47.55],[-55.28,47.31],[-55.83,47.13],[-55.9,47.06],[-55.8,46.97],[-55.41,46.95],[-55.18,47.1],[-54.94,47.34],[-54.74,47.43],[-54.58,47.5],[-54.39,47.63],[-54.21,47.8],[-54.09,47.77],[-53.9,47.56],[-53.9,47.41],[-54.13,47.11],[-54.08,46.99],[-53.91,47],[-53.64,47.18],[-53.62,46.89],[-53.49,46.82],[-53.17,46.76],[-53.07,46.73],[-52.92,47.02],[-52.8,47.32],[-52.73,47.45],[-52.74,47.55],[-52.77,47.54],[-53.1,47.55],[-53.16,47.68],[-53.12,47.88],[-53.36,47.95],[-53.49,47.83],[-53.58,47.74],[-53.7,47.84],[-53.76,48.03],[-53.88,48.19],[-53.81,48.25],[-53.41,48.29],[-53.23,48.41],[-53.11,48.52],[-53.12,48.6],[-53.25,48.65],[-53.46,48.59],[-53.65,48.52],[-53.76,48.52],[-53.98,48.69],[-54.13,48.84],[-53.81,49.05],[-53.64,49.15],[-53.51,49.28],[-53.79,49.39],[-54.16,49.48],[-54.48,49.5],[-54.62,49.48],[-54.77,49.29],[-55.11,49.28],[-55.75,49.53],[-55.85,49.57],[-55.97,49.66],[-55.57,49.97],[-56.07,50.1],[-56.27,50.02],[-56.49,49.77],[-56.68,49.69],[-56.73,49.69],[-56.78,49.82],[-56.66,50.06],[-56.11,50.7],[-55.77,51.05],[-55.93,51.25],[-55.82,51.31],[-55.56,51.33],[-55.42,51.43],[-55.47,51.52],[-55.56,51.56],[-56.15,51.47],[-56.38,51.38],[-56.7,51.18],[-57.36,50.6],[-57.86,49.99],[-58.09,49.59],[-58.13,49.5]]]},"properties":{"NAME":"Boethuk","SUBJECTO":"Boethuk","BORDERPRECISION":1}},
{"type":"Feature","geometry":{"type":"MultiPolygon","coordinates":[[[[-155.93,20.28],[-156.01,20.26],[-156.03,20.2],[-155.96,20.08],[-155.95,19.99],[-156.16,19.81],[-156.05,19.5],[-156.03,19.11],[-155.78,18.95],[-155.65,19.14],[-155.48,19.24],[-155.14,19.33],[-155.06,19.42],[-154.95,19.48],[-154.92,19.56],[-155.06,19.62],[-155.11,19.75],[-155.22,19.77],[-155.21,19.9],[-155.48,20.09],[-155.77,20.21],[-155.93,20.28]]],[[[-158.31,21.58],[-158.47,21.57],[-158.43,21.45],[-158.3,21.28],[-158.15,21.3],[-158.07,21.3],[-158.02,21.24],[-157.9,21.25],[-157.84,21.29],[-157.95,21.42],[-158.05,21.46],[-158.09,21.59],[-158.18,21.69],[-158.31,21.58]]],[[[-156.12,20.79],[-156.4,20.95],[-156.55,20.97],[-156.72,21.07],[-156.78,21.04],[-156.82,20.94],[-156.61,20.8],[-156.58,20.64],[-156.51,20.6],[-156.25,20.63],[-156.12,20.71],[-156.12,20.79]]]]},"properties":{"NAME":"Polynesians","SUBJECTO":"Polynesians","BORDERPRECISION":1}},
{"type":"Feature","geometry":{"type":"Polygon","coordinates":[[[-60.22,53.32],[-62.49,54.51],[-64.36,50.31],[-64.33,50.3],[-63.85,50.3],[-63.37,50.33],[-63.21,50.35],[-62.29,50.31],[-61.64,50.28],[-60.81,50.33],[-60.14,50.41],[-59.72,50.51],[-59.44,50.64],[-59.13,50.84],[-58.72,51.19],[-58.52,51.38],[-57.83,51.41],[-57.46,51.47],[-56.96,51.49],[-56.67,51.61],[-56.18,51.89],[-55.82,52.02],[-55.66,52.19],[-56.11,52.61],[-55.93,52.81],[-55.9,52.97],[-55.77,53.16],[-55.78,53.24],[-55.88,53.35],[-56.13,53.47],[-58.79,52.57],[-60.17,53.3],[-60.25,53.28],[-60.22,53.32]]]},"properties":{"NAME":"Innu","SUBJECTO":"Innu","BORDERPRECISION":1}},
{"type":"Feature","geometry":{"type":"Polygon","coordinates":[[[-0.52,42.76],[-0.59,42.77],[-0.61,42.73],[-0.84,42.91],[-0.91,42.88],[-1.4,43.03],[-1.45,42.98],[-1.52,43],[-1.56,43.05],[-1.47,43.15],[-1.49,43.21],[-1.7,43.2],[-1.91,43.31],[-2.07,43.33],[-2.14,43.33],[-2.37,43.33],[-2.77,43.54],[-3.01,43.55],[-3.2,43.45],[-3.36,43.4],[-3.2,42.4],[-2.72,42.43],[-2.58,41.36],[-1,41.92],[-0.6,42.42],[-0.52,42.76]]]},"properties":{"NAME":"Navarre","SUBJECTO":"Navarre","BORDERPRECISION":1}},
{"type":"Feature","geometry":{"type":"Polygon","coordinates":[[[-5.09,43.49],[-5.22,43.51],[-5.54,43.58],[-5.82,43.71],[-5.98,43.71],[-6.21,43.64],[-6.47,43.56],[-6.81,43.52],[-7.15,43.55],[-7.64,43.72],[-7.98,43.74],[-8.22,43.62],[-8.25,43.43],[-8.31,43.35],[-8.6,43.34],[-8.85,43.33],[-9.01,43.28],[-9.2,43.16],[-9.27,43.05],[-9.25,42.9],[-9.17,42.86],[-8.94,42.82],[-8.81,42.63],[-8.64,42.42],[-8.8,42.19],[-8.86,42.01],[-8.81,41.89],[-8.92,41.77],[-8.85,41.6],[-8.85,41.41],[-8.69,40.99],[-7.77,40.94],[-7.77,40.53],[-6.83,40.62],[-5.57,40.74],[-4.44,40.89],[-5.09,43.49]]]},"properties":{"NAME":"León","SUBJECTO":"León","BORDERPRECISION":1}},
{"type":"Feature","geometry":{"type":"Polygon","coordinates":[[[-3.36,43.4],[-3.42,43.38],[-3.85,43.44],[-4.11,43.45],[-4.8,43.47],[-5.09,43.49],[-4.44,40.89],[-3.53,41.02],[-2.58,41.36],[-2.72,42.43],[-3.2,42.4],[-3.36,43.4]]]},"properties":{"NAME":"Castilla","SUBJECTO":"Castilla","BORDERPRECISION":1}},
{"type":"Feature","geometry":{"type":"Polygon","coordinates":[[[7.4,43.76],[7.36,43.9],[7.16,43.86],[6.92,43.82],[6.89,43.9],[6.96,43.91],[6.92,43.98],[7,44.05],[6.99,44.05],[6.97,44.06],[6.94,44.14],[6.89,44.15],[6.84,44.11],[6.83,44.12],[6.79,44.2],[6.79,44.3],[6.87,44.35],[6.78,44.55],[6.86,44.64],[6.92,44.72],[7,44.72],[6.99,44.76],[6.94,44.87],[6.67,44.95],[6.51,45.12],[6.29,45.19],[6.28,45.2],[6.24,45.3],[6.27,45.32],[6.22,45.35],[6.19,45.34],[6.14,45.32],[6.12,45.34],[6.08,45.37],[6.03,45.33],[6.06,45.24],[6.06,45.22],[5.95,45.26],[5.94,45.3],[5.93,45.32],[5.82,45.4],[5.61,45.85],[5.36,45.88],[5.36,46.05],[5.53,46.01],[5.53,46.1],[5.42,46.19],[5.27,46.32],[5.38,46.48],[5.42,46.52],[5.56,46.48],[5.65,46.46],[5.69,46.47],[5.72,46.48],[5.74,46.6],[5.63,46.65],[5.63,46.66],[5.65,46.85],[5.76,46.89],[5.77,46.93],[5.79,47],[5.67,47.11],[5.74,47.23],[5.78,47.36],[5.79,47.51],[5.87,47.56],[5.92,47.6],[5.82,47.73],[5.96,47.8],[5.96,47.99],[6.01,47.97],[6.06,47.96],[6.08,47.99],[6.1,48.03],[6.14,48.01],[6.25,47.96],[6.24,48.2],[6.24,48.29],[5.97,48.34],[5.95,48.35],[6.02,48.65],[5.9,48.73],[5.83,48.78],[5.93,48.85],[6,48.9],[5.88,49.07],[5.72,48.96],[5.61,49.21],[5.8,49.2],[5.9,49.2],[5.91,49.2],[5.36,49.7],[4.26,49.89],[3.82,50.04],[3.44,51.01],[3.68,51.32],[3.47,51.31],[3.21,51.35],[3,51.31],[2.52,51.09],[2.44,51.05],[2.03,51.01],[1.82,50.93],[1.8,50.92],[1.59,50.82],[1.53,50.58],[1.55,50.23],[1.42,50.11],[1.27,50],[0.87,49.91],[0.53,49.83],[0.19,49.68],[0.12,49.6],[0.09,49.51],[0.33,49.45],[0.03,49.33],[-0.2,49.29],[-0.24,49.29],[-0.46,49.35],[-1.02,49.4],[-1.18,49.33],[-1.29,49.52],[-1.25,49.7],[-1.52,49.65],[-1.94,49.71],[-1.89,49.53],[-1.64,49.22],[-1.58,49.23],[-1.56,49.04],[-1.59,48.88],[-1.58,48.77],[-1.46,48.68],[-1.59,48.64],[-1.86,48.61],[-1.87,48.71],[-2.08,48.66],[-2.2,48.6],[-2.34,48.67],[-2.64,48.55],[-2.79,48.59],[-2.91,48.71],[-3.09,48.87],[-3.44,48.84],[-3.56,48.81],[-3.61,48.69],[-3.82,48.72],[-3.9,48.65],[-4,48.73],[-4.25,48.65],[-4.49,48.61],[-4.63,48.55],[-4.76,48.55],[-4.78,48.35],[-4.76,48.55],[-4.63,48.55],[-4.49,48.61],[-4.25,48.65],[-4,48.73],[-3.9,48.65],[-3.82,48.72],[-3.61,48.69],[-3.56,48.81],[-3.44,48.84],[-3.09,48.87],[-2.91,48.71],[-2.79,48.59],[-2.64,48.55],[-2.34,48.67],[-2.2,48.6],[-2.08,48.66],[-2,48.68],[-1.75,48.18],[-2.01,47.75],[-2.58,47.32],[-2.49,47.25],[-2.26,47.18],[-2.11,47.12],[-2,47.04],[-2.13,46.85],[-1.94,46.71],[-1.71,46.45],[-1.4,46.4],[-1.26,46.31],[-1.17,46.18],[-1.08,46.01],[-1.24,45.8],[-1.25,45.69],[-1.14,45.58],[-0.85,45.32],[-0.73,45.02],[-0.81,45.12],[-0.9,45.29],[-1.12,45.43],[-1.18,45.5],[-1.28,45.13],[-1.33,44.61],[-1.23,44.73],[-1.14,44.6],[-1.31,44.56],[-1.56,43.52],[-1.75,43.36],[-1.91,43.31],[-1.7,43.2],[-1.49,43.21],[-1.47,43.15],[-1.56,43.05],[-1.52,43],[-1.45,42.98],[-1.4,43.03],[-0.91,42.88],[-0.84,42.91],[-0.61,42.73],[-0.59,42.77],[-0.52,42.76],[-0.47,42.75],[-0.41,42.79],[-0.22,42.72],[-0.2,42.7],[-0.17,42.65],[0.18,42.66],[0.2,42.61],[0.35,42.64],[0.59,42.63],[0.58,42.77],[0.74,42.77],[1.31,42.64],[1.35,42.54],[1.36,42.41],[1.37,42.41],[0.94,41.89],[1.03,41.88],[1.44,41.18],[1.61,41.21],[2.08,41.3],[2.2,41.45],[2.63,41.62],[3.13,41.86],[3.16,42.08],[3.09,42.12],[3.09,42.33],[3.09,42.37],[3.05,42.54],[3,42.77],[3.07,42.94],[3.32,43.2],[3.48,43.31],[3.81,43.47],[4.08,43.49],[4.42,43.35],[4.65,43.32],[4.75,43.35],[4.91,43.37],[5.05,43.33],[5.43,43.1],[5.65,43.03],[5.83,43.02],[6.19,43.09],[6.33,43.11],[6.52,43.15],[6.92,43.45],[7.3,43.67],[7.4,43.76]]]},"properties":{"NAME":"Kingdom of France","SUBJECTO":"France","BORDERPRECISION":1}},
{"type":"Feature","geometry":{"type":"Polygon","coordinates":[[[-1,41.92],[0.34,42],[0.94,41.89],[1.37,42.41],[1.36,42.41],[1.35,42.54],[1.31,42.64],[0.74,42.77],[0.58,42.77],[0.59,42.63],[0.35,42.64],[0.2,42.61],[0.18,42.66],[-0.17,42.65],[-0.2,42.7],[-0.22,42.72],[-0.41,42.79],[-0.47,42.75],[-0.52,42.76],[-0.6,42.42],[-1,41.92]]]},"properties":{"NAME":"Aragón","SUBJECTO":"Aragón","BORDERPRECISION":1}},
{"type":"Feature","geometry":{"type":"MultiPolygon","coordinates":[[[[1.58,36.51],[1.06,36.46],[0.78,36.38],[0.47,36.22],[0.2,36.03],[0.02,35.8],[-0.09,35.74],[-0.2,35.75],[-0.28,35.76],[-0.43,35.86],[-0.73,35.74],[-0.92,35.67],[-1.15,35.63],[-1.33,35.49],[-1.5,35.23],[-1.74,35.12],[-2.04,35.05],[-2.19,35.05],[-2.33,35.05],[-2.36,35.05],[-2.71,35.1],[-2.83,35.14],[-3.01,35.39],[-3.21,35.27],[-3.44,35.17],[-4.03,35.13],[-4.3,35.15],[-4.59,35.15],[-5.11,35.38],[-5.17,35.42],[-5.48,35.81],[-5.57,35.86],[-5.81,35.79],[-5.93,35.73],[-6.3,34.86],[-6.47,34.53],[-6.51,34.45],[-6.75,34.12],[-7,33.87],[-7.33,33.7],[-7.9,33.49],[-8.31,33.34],[-8.64,33.12],[-9.22,32.58],[-9.25,32.42],[-9.22,32.26],[-9.32,31.96],[-9.64,31.58],[-9.81,31.29],[-9.86,31.06],[-9.82,30.76],[-9.63,30.41],[-4.77,31.66],[-2.32,32.29],[-1.8,32.43],[-1.75,32.43],[-1.5,32.44],[-1.08,32.45],[0.3,32.54],[0.46,32.55],[0.87,33.07],[1.24,35.89],[1.58,36.51]]],[[[-2.58,41.36],[-3.53,41.02],[-4.44,40.89],[-5.57,40.74],[-6.83,40.62],[-7.77,40.53],[-7.77,40.94],[-8.69,40.99],[-8.97,40.19],[-8.92,40.14],[-9.12,39.64],[-9.3,39.42],[-9.42,39.37],[-9.4,39.23],[-9.46,38.95],[-9.55,38.77],[-9.52,38.69],[-9.36,38.67],[-9.18,38.73],[-9.04,38.92],[-8.96,38.82],[-8.94,38.74],[-9.07,38.64],[-9.29,38.62],[-9.24,38.42],[-9.02,38.46],[-8.85,38.5],[-8.79,38.44],[-8.85,38.38],[-8.82,38.21],[-8.93,37.96],[-8.85,37.91],[-8.84,37.53],[-9.02,37.07],[-8.99,36.99],[-8.67,37.12],[-8.54,37.09],[-8.28,37.09],[-8.03,37.01],[-7.84,37.03],[-7.6,37.16],[-7.49,37.21],[-7.23,37.23],[-7.01,37.17],[-6.95,37.15],[-6.63,37.02],[-6.42,36.79],[-6.5,36.72],[-6.44,36.62],[-6.29,36.57],[-6.3,36.45],[-6.2,36.28],[-5.85,36.07],[-5.66,36.01],[-5.49,36.07],[-5.49,36.17],[-5.46,36.17],[-5.42,36.07],[-5.39,36.11],[-5.37,36.24],[-5.22,36.41],[-4.76,36.49],[-4.45,36.72],[-2.97,36.74],[-2.92,36.69],[-2.76,36.69],[-2.62,36.81],[-2.36,36.82],[-2.24,36.73],[-1.94,36.95],[-1.82,37.29],[-1.63,37.44],[-1.36,37.55],[-0.92,37.57],[-0.8,37.62],[-0.87,37.76],[-0.66,38.18],[-0.56,38.21],[-0.44,38.43],[-0.2,38.54],[-0.11,38.59],[0.17,38.74],[0.13,38.82],[-0.17,38.95],[-0.2,39.01],[-0.24,39.06],[-0.39,39.43],[-0.28,39.64],[-0.2,39.8],[-0.16,39.89],[0.24,40.24],[0.51,40.59],[0.79,40.66],[0.83,40.73],[0.71,40.79],[0.73,40.87],[0.88,41.02],[1.31,41.16],[1.44,41.18],[1.03,41.88],[0.94,41.89],[0.34,42],[-1,41.92],[-2.58,41.36]]],[[[1.37,38.83],[1.41,38.85],[1.53,38.95],[1.62,39.03],[1.61,39.08],[1.61,39.09],[1.6,39.1],[1.55,39.12],[1.52,39.12],[1.47,39.11],[1.36,39.07],[1.33,39.06],[1.3,39.04],[1.29,39.03],[1.24,38.97],[1.23,38.95],[1.21,38.9],[1.22,38.87],[1.25,38.86],[1.26,38.86],[1.27,38.88],[1.28,38.88],[1.35,38.87],[1.36,38.86],[1.37,38.85],[1.37,38.83]]],[[[1.59,38.67],[1.58,38.69],[1.57,38.69],[1.45,38.74],[1.4,38.74],[1.38,38.72],[1.38,38.69],[1.38,38.68],[1.39,38.66],[1.39,38.65],[1.39,38.64],[1.44,38.68],[1.46,38.69],[1.49,38.68],[1.51,38.67],[1.52,38.66],[1.52,38.65],[1.53,38.65],[1.56,38.65],[1.57,38.65],[1.58,38.66],[1.59,38.67]]],[[[4.32,39.85],[4.32,39.88],[4.27,39.96],[4.24,39.99],[4.17,40.05],[4.12,40.06],[3.94,40.06],[3.87,40.06],[3.84,40.06],[3.83,40.05],[3.8,40.02],[3.83,39.92],[3.88,39.92],[3.89,39.92],[3.91,39.93],[3.92,39.93],[3.94,39.93],[3.97,39.93],[3.98,39.93],[4.03,39.92],[4.04,39.92],[4.08,39.9],[4.09,39.89],[4.09,39.88],[4.1,39.88],[4.12,39.87],[4.24,39.82],[4.26,39.81],[4.28,39.81],[4.29,39.81],[4.3,39.81],[4.31,39.83],[4.32,39.85]]],[[[3.28,39.74],[3.26,39.73],[3.25,39.73],[3.24,39.74],[3.18,39.76],[3.15,39.78],[3.14,39.79],[3.13,39.79],[3.12,39.81],[3.09,39.89],[3.09,39.9],[3.1,39.91],[3.07,39.92],[2.99,39.91],[2.78,39.84],[2.68,39.79],[2.54,39.7],[2.39,39.61],[2.36,39.56],[2.39,39.52],[2.44,39.52],[2.54,39.52],[2.55,39.52],[2.66,39.56],[2.68,39.56],[2.69,39.55],[2.73,39.53],[2.74,39.52],[2.75,39.52],[2.75,39.51],[2.75,39.5],[2.75,39.49],[2.74,39.49],[2.73,39.47],[2.74,39.41],[2.75,39.41],[2.76,39.39],[2.78,39.37],[2.79,39.36],[2.8,39.36],[2.83,39.35],[2.99,39.32],[3.03,39.28],[3.06,39.26],[3.08,39.27],[3.24,39.36],[3.27,39.41],[3.29,39.47],[3.31,39.5],[3.32,39.52],[3.33,39.53],[3.37,39.55],[3.38,39.55],[3.45,39.64],[3.46,39.66],[3.48,39.71],[3.48,39.72],[3.44,39.75],[3.38,39.77],[3.34,39.78],[3.33,39.77],[3.32,39.76],[3.29,39.75],[3.28,39.74]]]]},"properties":{"NAME":"Caliphate of Córdoba","SUBJECTO":"Caliphate of Córdoba","BORDERPRECISION":1}},
{"type":"Feature","geometry":{"type":"Polygon","coordinates":[[[142.34,-10.92],[142.21,-11.05],[142.13,-11.16],[142.09,-11.53],[141.95,-11.95],[141.69,-12.38],[141.68,-12.47],[141.92,-12.7],[141.85,-12.84],[141.7,-12.91],[141.6,-13.05],[141.55,-13.5],[141.51,-13.81],[141.59,-13.99],[141.67,-14.11],[141.58,-14.33],[141.48,-14.62],[141.47,-14.76],[141.65,-15.04],[141.71,-15.23],[141.52,-15.53],[141.4,-15.86],[141.31,-16.45],[141.13,-16.96],[140.8,-17.56],[140.71,-17.63],[140.44,-17.72],[140.25,-17.8],[140.06,-17.83],[139.82,-17.76],[139.48,-17.57],[139.25,-17.43],[139.17,-17.36],[139.08,-17.08],[138.96,-16.99],[138.61,-16.91],[138.41,-16.9],[138.26,-16.84],[137.95,-16.6],[137.76,-16.4],[137.43,-16.19],[137.07,-16.03],[136.95,-16.02],[136.8,-16.07],[136.69,-16.03],[136.46,-15.75],[136.09,-15.45],[135.63,-15.17],[135.42,-14.97],[135.39,-14.9],[135.46,-14.68],[135.71,-14.46],[135.88,-14.2],[135.96,-13.89],[135.83,-13.73],[135.83,-13.48],[136.01,-13.33],[136.24,-13.23],[136.47,-13.22],[136.52,-13.11],[136.53,-12.91],[136.61,-12.82],[136.66,-12.62],[136.86,-12.44],[136.79,-12.37],[136.64,-12.33],[136.43,-12.12],[136.35,-12.16],[136.3,-12.51],[136.09,-12.58],[135.94,-12.36],[135.65,-12.19],[135.44,-12.18],[135.19,-12.37],[135.13,-12.39],[134.94,-12.34],[134.76,-12.06],[134.59,-12.06],[134.41,-12.12],[134.14,-12.08],[133.56,-11.95],[133.4,-11.88],[133.09,-11.67],[132.93,-11.53],[132.78,-11.58],[132.66,-11.53],[132.38,-11.3],[132.21,-11.32],[132.04,-11.38],[132.02,-11.48],[132.13,-11.54],[132.3,-11.5],[132.51,-11.62],[132.63,-11.75],[132.72,-12.08],[132.75,-12.17],[132.73,-12.19],[132.63,-12.27],[132.4,-12.33],[131.82,-12.37],[131.54,-12.4],[131.18,-12.24],[131.03,-12.27],[130.86,-12.45],[130.95,-12.63],[130.84,-12.71],[130.66,-12.72],[130.52,-12.73],[130.46,-12.76],[130.23,-13.15],[130.23,-13.28],[130.27,-13.36],[130.21,-13.48],[130.09,-13.59],[129.85,-13.72],[129.77,-13.82],[129.76,-14.02],[129.49,-14.26],[129.43,-14.31],[129.42,-14.41],[129.46,-14.5],[129.73,-14.67],[129.85,-14.82],[129.84,-14.93],[129.7,-15.06],[129.63,-15.28],[129.48,-15.21],[129.2,-14.99],[128.98,-14.92],[128.46,-14.89],[128.39,-14.94],[128.18,-15.25],[128.07,-15.38],[127.98,-15.29],[128.02,-15.02],[127.96,-14.7],[127.68,-14.44],[127.53,-14.2],[127.4,-14.1],[127.17,-14.06],[126.85,-13.78],[126.76,-14],[126.67,-14.1],[126.55,-14.35],[126.43,-14.15],[126.27,-14.07],[126.1,-14.2],[125.86,-14.69],[125.5,-14.68],[125.32,-14.73],[125.16,-14.8],[125.17,-15.04],[125.11,-15.21],[125.06,-15.42],[125.11,-15.62],[125.02,-15.64],[124.69,-15.47],[124.61,-15.5],[124.42,-15.66],[124.36,-15.89],[124.4,-16.02],[124.34,-16.26],[124.53,-16.33],[124.85,-16.53],[124.72,-16.5],[124.57,-16.51],[124.28,-16.52],[123.98,-16.41],[123.58,-16.39],[123.56,-16.44],[123.55,-16.7],[123.63,-16.8],[123.89,-16.91],[123.91,-16.97],[123.83,-17.25],[123.7,-17.22],[123.51,-17.11],[123.5,-17.32],[123.42,-17.58],[123.3,-17.47],[123.02,-16.86],[122.87,-16.66],[122.74,-16.58],[122.56,-16.9],[122.09,-17.4],[122.09,-17.62],[122.2,-17.98],[122.23,-18.17],[122.2,-18.24],[121.76,-18.54],[121.58,-18.7],[121.52,-18.84],[121.39,-19.12],[121.19,-19.38],[120.87,-19.68],[120.71,-19.77],[120.22,-19.98],[119.81,-20.12],[119.53,-20.14],[119.14,-20.04],[118.94,-20.02],[118.87,-20.07],[118.73,-20.32],[118.61,-20.38],[118.19,-20.41],[117.97,-20.47],[117.76,-20.68],[117.6,-20.76],[117.4,-20.78],[117.09,-20.78],[116.77,-20.79],[116.42,-20.84],[116.13,-20.98],[115.87,-21.19],[115.57,-21.46],[115.35,-21.6],[114.8,-21.88],[114.46,-22.09],[114.39,-22.31],[114.31,-22.56],[114.23,-22.62],[114.07,-22.6],[114.03,-22.52],[114.02,-22.33],[113.9,-22.04],[113.87,-22.11],[113.82,-22.25],[113.63,-22.57],[113.61,-22.73],[113.72,-23.02],[113.76,-23.48],[113.67,-23.78],[113.52,-24.02],[113.36,-24.28],[113.38,-24.61],[113.43,-24.87],[113.59,-25.19],[114.06,-25.8],[114.18,-26.02],[114.18,-26.27],[114.05,-26.29],[114.1,-26.54],[113.88,-26.51],[113.66,-26.07],[113.32,-25.69],[113.28,-25.83],[113.39,-25.97],[113.58,-26.15],[113.74,-26.67],[113.58,-26.66],[113.43,-26.57],[113.33,-26.41],[113.24,-26.34],[113.18,-26.14],[113.09,-26.06],[113.04,-26.16],[113.16,-26.43],[113.6,-26.88],[113.93,-27.38],[114.02,-27.63],[113.96,-28.03],[114.06,-28.15],[114.33,-28.48],[114.63,-28.9],[114.84,-29.39],[114.91,-29.7],[114.9,-30.14],[114.96,-30.52],[115.06,-30.8],[115.56,-31.66],[115.68,-31.93],[115.75,-32.21],[115.77,-32.75],[115.65,-33.37],[115.56,-33.58],[115.41,-33.77],[115.21,-33.81],[114.99,-33.75],[114.96,-33.87],[115.05,-34.42],[115.11,-34.45],[115.28,-34.47],[115.62,-34.63],[115.97,-34.94],[116.25,-35.1],[116.56,-35.19],[116.85,-35.21],[117.53,-35.25],[117.79,-35.21],[118.21,-35.09],[118.42,-34.92],[118.67,-34.61],[118.74,-34.58],[119.17,-34.64],[119.33,-34.58],[119.59,-34.22],[119.77,-34.12],[120.07,-34.1],[120.28,-34.12],[120.7,-34.05],[121.41,-33.97],[121.74,-33.96],[121.87,-34],[122.17,-34.18],[122.35,-34.1],[122.77,-34.03],[123.01,-34.04],[123.36,-34.04],[123.62,-33.92],[123.97,-33.46],[124.25,-33.14],[124.41,-33.05],[124.6,-33.02],[124.85,-32.95],[125.2,-32.77],[125.64,-32.56],[126.06,-32.43],[126.23,-32.41],[126.59,-32.42],[127.27,-32.38],[127.73,-32.27],[128.17,-32.15],[128.61,-31.95],[128.91,-31.86],[129.19,-31.8],[129.98,-31.77],[130.28,-31.77],[130.86,-31.73],[131.18,-31.64],[131.28,-31.63],[131.69,-31.83],[131.99,-32.07],[132.18,-32.15],[132.38,-32.16],[132.57,-32.08],[132.7,-32.09],[133.13,-32.34],[133.34,-32.37],[133.72,-32.3],[133.84,-32.34],[134.08,-32.56],[134.24,-32.74],[134.26,-32.88],[134.11,-33.03],[134.15,-33.15],[134.21,-33.26],[134.31,-33.3],[134.63,-33.27],[134.71,-33.36],[134.84,-33.69],[135.15,-34.05],[135.24,-34.2],[135.36,-34.46],[135.53,-35.05],[135.71,-35.21],[135.94,-34.84],[136.11,-34.53],[136.4,-34.28],[136.73,-34.06],[137.07,-33.95],[137.19,-33.8],[137.28,-33.59],[137.32,-33.52],[137.46,-33.31],[137.69,-33.18],[137.82,-33.07],[137.87,-32.75],[138.02,-32.97],[138.17,-33.19],[138.19,-33.29],[138.09,-33.45],[137.98,-33.46],[137.91,-33.52],[137.9,-33.7],[137.86,-33.88],[137.72,-34.08],[137.51,-34.46],[137.56,-34.91],[137.5,-35.03],[137.39,-35.09],[137.11,-35.07],[137.07,-35.12],[137.04,-35.29],[136.95,-35.47],[137.06,-35.46],[137.15,-35.45],[137.24,-35.38],[137.6,-35.38],[137.68,-35.33],[137.88,-34.69],[138.1,-34.36],[138.21,-34.51],[138.45,-34.78],[138.57,-34.93],[138.53,-35.3],[138.43,-35.55],[138.2,-35.76],[138.27,-35.83],[138.35,-35.87],[138.51,-35.84],[138.77,-35.79],[139.13,-35.61],[139.37,-35.61],[139.38,-35.81],[139.44,-36.04],[139.74,-36.37],[139.83,-36.6],[139.86,-36.78],[139.82,-37.25],[140.01,-37.64],[140.25,-37.79],[140.65,-38.16],[140.89,-38.3],[141.23,-38.46],[141.55,-38.53],[141.57,-38.48],[141.67,-38.41],[141.9,-38.43],[142.39,-38.57],[142.69,-38.67],[143.09,-38.87],[143.36,-38.97],[143.46,-38.96],[143.89,-38.76],[144.31,-38.57],[144.75,-38.46],[144.41,-38.25],[144.56,-38.14],[144.78,-38.06],[144.97,-38.07],[145.25,-38.23],[145.5,-38.44],[145.54,-38.51],[145.54,-38.72],[145.93,-38.88],[146.53,-39.18],[146.43,-39.06],[146.3,-38.89],[146.43,-38.9],[146.67,-38.87],[146.82,-38.84],[146.92,-38.71],[147.12,-38.66],[147.81,-38.23],[148.04,-38.1],[148.27,-38.03],[148.64,-38.01],[149.16,-37.97],[149.5,-37.93],[149.71,-37.79],[149.86,-37.63],[149.98,-37.35],[149.98,-37.05],[150.01,-36.63],[150.09,-36.15],[150.22,-35.69],[150.34,-35.55],[150.61,-35.39],[150.76,-35.25],[150.86,-35.01],[150.85,-34.72],[151,-34.5],[151.22,-34.21],[151.36,-33.52],[151.57,-33.22],[151.76,-33],[151.97,-32.96],[152.18,-32.88],[152.45,-32.51],[152.54,-32.21],[152.83,-31.77],[152.97,-31.42],[153,-31.06],[152.94,-30.7],[153.2,-29.91],[153.36,-29.16],[153.49,-28.84],[153.48,-28.5],[153.4,-28.13],[153.3,-27.91],[152.95,-27.34],[153.03,-27.19],[153.09,-27.01],[153.08,-26.62],[153.07,-26.23],[152.9,-25.63],[152.83,-25.47],[152.76,-25.42],[152.53,-25.36],[152.49,-25.31],[152.4,-25.07],[152.4,-24.95],[152.32,-24.82],[152.07,-24.74],[151.97,-24.55],[151.86,-24.29],[151.73,-24.16],[151.46,-24.09],[151.2,-23.94],[150.8,-23.6],[150.75,-22.81],[150.69,-22.68],[150.61,-22.62],[150.36,-22.55],[149.94,-22.32],[150.01,-22.67],[150.02,-22.73],[149.67,-22.57],[149.56,-22.43],[149.51,-22.25],[149.41,-21.92],[149.2,-21.31],[149.1,-21.06],[148.71,-20.84],[148.57,-20.65],[148.69,-20.4],[148.76,-20.29],[148.7,-20.2],[148.19,-20.17],[147.97,-20.1],[147.59,-19.86],[147.41,-19.56],[147.08,-19.51],[146.95,-19.44],[146.32,-19.08],[146.23,-18.92],[146.11,-18.55],[145.92,-18.26],[146.02,-17.86],[145.99,-17.51],[145.87,-17.19],[145.45,-16.6],[145.33,-16.49],[145.35,-16.01],[145.22,-15.66],[145.18,-15.23],[145.18,-15.05],[145.12,-14.98],[144.95,-14.91],[144.69,-14.72],[144.53,-14.67],[144.39,-14.37],[144.21,-14.45],[144.06,-14.59],[143.87,-14.59],[143.74,-14.47],[143.54,-13.94],[143.47,-13.67],[143.44,-13.08],[143.37,-12.81],[143.29,-12.69],[142.97,-12.53],[143.17,-12.12],[143.13,-12.01],[142.94,-12.01],[142.82,-11.92],[142.77,-11.61],[142.75,-11.32],[142.64,-11.09],[142.34,-10.92]]]},"properties":{"NAME":"Australian aboriginal hunter-gatherers","SUBJECTO":"Australian aboriginal hunter-gatherers","BORDERPRECISION":1}},
{"type":"Feature","geometry":{"type":"Polygon","coordinates":[[[146.71,-43.72],[146.84,-43.69],[146.92,-43.57],[147.14,-43.26],[147.39,-43.08],[147.82,-42.97],[147.93,-42.82],[147.98,-42.48],[148.32,-41.81],[148.32,-41.5],[148.27,-41.14],[148.27,-41.09],[148.06,-40.92],[147.73,-41.03],[147.6,-41.16],[147.29,-41.15],[147.12,-41.18],[146.95,-41.23],[146.74,-41.29],[146.38,-41.31],[145.89,-41.14],[145.23,-40.98],[144.78,-40.84],[144.7,-40.86],[144.7,-41.16],[144.87,-41.59],[144.94,-41.71],[145.21,-42.03],[145.53,-42.35],[145.62,-42.52],[145.57,-42.58],[145.38,-42.51],[145.3,-42.46],[145.18,-42.48],[145.28,-42.67],[145.49,-42.92],[145.72,-43.24],[145.97,-43.41],[146.5,-43.62],[146.71,-43.72]]]},"properties":{"NAME":"Tasmanian hunter-gatherers","SUBJECTO":"Tasmanian hunter-gatherers","BORDERPRECISION":1}},
{"type":"Feature","geometry":{"type":"Polygon","coordinates":[[[105.4,72.75],[98.46,69.79],[75.86,61.43],[62.81,56.96],[59.09,56.43],[59.19,56.41],[65.31,55.05],[78.36,56.41],[93.7,56.48],[98.38,55.52],[99.54,55.28],[99.49,55.66],[107.96,59.82],[114.02,59.55],[115.21,57.39],[116.96,59.88],[127.81,61.8],[137.18,61.33],[142.72,59.24],[142.85,59.27],[142.93,59.28],[143.3,59.27],[143.82,59.3],[144.39,59.31],[144.85,59.28],[145.4,59.33],[145.5,59.21],[145.51,59.04],[145.65,58.98],[145.96,58.98],[146.02,59.2],[146.05,59.25],[146.31,59.29],[146.71,59.22],[147,59.19],[147.35,59.23],[147.92,59.26],[148.1,59.21],[148.42,59.1],[148.63,59.19],[148.75,59.3],[148.73,59.48],[149.05,59.59],[149.38,59.61],[149.73,59.6],[150.12,59.39],[150.28,59.36],[150.66,59.43],[151.14,59.44],[151.52,59.34],[151.86,59.06],[151.78,59.04],[151.39,58.98],[151.06,58.92],[151.01,58.79],[151.14,58.73],[151.35,58.69],[151.69,58.75],[152.19,58.93],[152.5,58.77],[152.83,58.95],[152.97,59],[153.14,59.01],[153.45,58.95],[153.92,58.92],[154.39,59.04],[154.91,59.1],[154.88,59.16],[154.75,59.28],[154.18,59.3],[153.94,59.4],[153.94,59.57],[154.09,59.78],[154.32,59.98],[154.69,60.2],[155.15,60.39],[155.73,60.56],[155.67,60.78],[155.85,60.88],[156.42,61.12],[156.38,61.21],[156.42,61.4],[156.83,61.56],[157.1,61.63],[157.53,61.67],[158.12,61.72],[158.84,61.78],[159.11,61.71],[159.23,61.55],[159.45,61.56],[159.97,61.77],[160.12,61.75],[160.15,61.66],[160.06,61.51],[159.86,61.3],[159.74,61.1],[159.82,60.98],[160.24,60.95],[160.08,60.74],[160.01,60.59],[160.12,60.56],[160.64,60.72],[161.54,61.19],[162.24,61.51],[162.45,61.56],[162.75,61.61],[162.77,61.67],[162.71,61.76],[163.01,62.18],[162.99,62.33],[163.34,62.41],[163.82,62.49],[164.14,62.53],[165.07,62.44],[165.29,62.29],[165.05,62.26],[164.28,62.22],[164.01,62.13],[163.93,61.96],[163.94,61.74],[163.58,61.33],[163.83,61.23],[163.79,61.13],[163.44,60.89],[163.33,60.69],[162.38,60.46],[161.82,60.27],[161.7,60.07],[161.54,59.94],[160.84,59.55],[160.45,59.35],[159.65,58.95],[159.59,58.8],[159.39,58.61],[159.1,58.42],[158.33,58.03],[157.96,57.88],[157.51,57.75],[156.78,57.58],[156.84,57.51],[156.88,57.36],[156.81,57.26],[156.56,56.95],[156.24,56.76],[155.7,56.37],[155.63,56.27],[155.51,55.64],[155.45,55.28],[155.47,54.92],[155.58,54.55],[155.63,54.47],[155.64,54.32],[155.71,54.06],[155.71,53.8],[155.94,53.19],[156.04,52.78],[156.18,52.61],[156.33,52.27],[156.36,51.91],[156.47,51.6],[156.56,51.23],[156.7,50.96],[156.82,51],[157.21,51.23],[157.9,51.67],[158.26,52.02],[158.39,52.2],[158.46,52.59],[158.43,52.71],[158.46,52.83],[158.79,52.96],[159.32,53.13],[159.59,53.13],[159.9,53.24],[159.92,53.3],[159.9,53.4],[159.68,53.58],[159.63,53.71],[159.7,53.86],[159.93,54.09],[160.03,54.15],[160.4,54.37],[160.68,54.45],[160.84,54.45],[161.14,54.41],[161.57,54.42],[161.88,54.56],[162.01,54.74],[161.94,54.85],[161.65,54.99],[161.5,55.29],[161.61,55.56],[161.86,55.86],[162.32,56.24],[162.52,56.35],[162.72,56.34],[162.55,56.11],[162.55,56.01],[162.77,55.92],[163.01,55.94],[163.17,56.11],[163.17,56.38],[163.1,56.56],[162.74,56.6],[162.61,56.8],[162.51,57.03],[162.59,57.17],[162.93,57.37],[163.13,57.55],[163.08,57.63],[162.83,57.7],[162.2,57.68],[161.99,57.72],[161.8,57.86],[161.8,58.1],[161.94,58.26],[162.22,58.49],[162.62,58.73],[162.91,58.89],[162.75,58.97],[162.84,59.06],[163.25,59.29],[163.1,59.36],[163.04,59.46],[163.11,59.58],[163.39,59.81],[163.52,59.86],[163.77,59.88],[163.65,59.79],[164.11,60.08],[164.33,59.96],[164.44,59.74],[164.58,59.66],[164.88,59.73],[164.93,59.96],[165.11,60.03],[165.42,60.12],[165.78,60.35],[165.96,60.31],[166.2,60.35],[165.94,59.77],[166.03,59.71],[166.27,59.83],[166.87,60.17],[167.1,60.27],[167.69,60.36],[168.21,60.43],[168.67,60.45],[169.15,60.43],[169.46,60.3],[169.53,60.13],[169.61,60.01],[169.88,59.87],[170.06,59.88],[170.27,60.01],[170.27,60.15],[170.34,60.28],[169.48,61.19],[172.44,63.08],[171.77,65.86],[168.14,67.46],[155.89,68.17],[130.87,69.9],[124.54,71.59],[123.5,73.5],[123.41,73.48],[123.42,73.43],[123.44,73.33],[123.51,73.17],[122.88,72.75],[122.24,72.91],[121.7,72.9],[120.58,72.84],[120.11,72.88],[119.8,72.91],[119.42,72.97],[118.5,73.04],[118.34,73.19],[118.46,73.52],[117.92,73.53],[117.53,73.55],[116.67,73.62],[115.61,73.63],[114.93,73.56],[114.19,73.55],[113.55,73.2],[113.31,73.38],[113.31,73.61],[113.22,73.75],[113,73.78],[112.48,73.66],[112.09,73.63],[111.76,73.66],[111.49,73.74],[111.22,73.77],[110.94,73.94],[110.55,74.04],[110.29,73.94],[110.16,73.83],[110.18,73.8],[110.4,73.74],[110.44,73.57],[109.99,73.44],[109.6,73.39],[108.75,73.26],[107.8,73.14],[107.25,73.13],[106.5,73.06],[106.09,72.86],[105.6,72.74],[105.4,72.75]]]},"properties":{"NAME":"Paleo-Siberian hunter-gatherers","SUBJECTO":"Paleo-Siberian hunter-gatherers","BORDERPRECISION":1}},
{"type":"Feature","geometry":{"type":"Polygon","coordinates":[[[-82.04,22.39],[-82.18,22.37],[-81.79,22.21],[-81.57,22.16],[-81.35,22.15],[-81.36,23.12],[-81.43,23.14],[-81.69,23.12],[-82.06,23.14],[-82.44,23.06],[-82.96,23.03],[-83.69,22.81],[-84.26,22.54],[-84.31,22.49],[-84.43,22.32],[-84.38,22.06],[-84.59,21.92],[-84.71,21.77],[-84.35,21.81],[-84.21,21.83],[-84.03,21.96],[-83.95,22.16],[-83.85,22.21],[-83.56,22.21],[-83.39,22.22],[-82.85,22.64],[-82.56,22.71],[-82.34,22.69],[-82.05,22.7],[-81.88,22.67],[-81.74,22.62],[-81.66,22.51],[-82.04,22.39]]]},"properties":{"NAME":"Guanahatabeyes","SUBJECTO":"Guanahatabeyes","BORDERPRECISION":1}},
{"type":"Feature","geometry":{"type":"MultiPolygon","coordinates":[[[[-81.36,23.12],[-81.35,22.15],[-81.05,22.13],[-80.78,22.1],[-80.44,21.99],[-80.01,21.77],[-79.73,21.67],[-79.36,21.61],[-78.91,21.63],[-78.73,21.62],[-78.63,21.55],[-78.51,21.31],[-78.45,20.97],[-78.16,20.82],[-77.89,20.77],[-77.57,20.77],[-77.29,20.7],[-77.21,20.65],[-77.1,20.53],[-77.18,20.36],[-77.5,20.07],[-77.66,19.9],[-77.46,19.87],[-77.24,19.88],[-76.82,19.94],[-76.4,20.02],[-75.99,20],[-75.52,19.91],[-75.24,19.93],[-74.72,20.11],[-74.28,20.15],[-74.17,20.19],[-74.34,20.32],[-74.61,20.45],[-74.84,20.62],[-75.06,20.7],[-75.4,20.66],[-75.65,20.68],[-75.76,20.75],[-75.6,21.01],[-75.75,21.12],[-76.21,21.2],[-76.98,21.43],[-77.19,21.45],[-77.34,21.51],[-77.51,21.76],[-77.71,21.9],[-78.17,22.12],[-78.72,22.28],[-79.07,22.33],[-79.33,22.4],[-79.5,22.52],[-79.76,22.76],[-79.98,22.88],[-80.2,22.88],[-80.45,22.94],[-80.72,23.02],[-81.1,23.06],[-81.36,23.12]]],[[[-73.47,19.84],[-73.49,19.75],[-73.36,19.66],[-72.94,19.6],[-72.77,19.53],[-72.68,19.39],[-72.76,19.07],[-72.7,18.94],[-72.39,18.73],[-72.3,18.66],[-72.47,18.59],[-72.75,18.51],[-73.04,18.53],[-73.55,18.6],[-73.83,18.65],[-74.3,18.7],[-74.42,18.61],[-74.44,18.52],[-74.36,18.38],[-73.92,18.13],[-73.86,18.11],[-73.69,18.27],[-73.47,18.32],[-73.22,18.29],[-72.92,18.23],[-72.52,18.22],[-72.18,18.29],[-71.98,18.26],[-71.68,18],[-71.53,17.75],[-71.4,17.7],[-71.22,18],[-71.06,18.35],[-70.77,18.49],[-70.7,18.52],[-70.62,18.51],[-70.48,18.28],[-70.3,18.26],[-69.96,18.5],[-69.81,18.55],[-69.64,18.55],[-69.51,18.5],[-69.16,18.53],[-68.99,18.51],[-68.77,18.24],[-68.66,18.2],[-68.52,18.36],[-68.46,18.5],[-68.37,18.58],[-68.48,18.71],[-68.66,18.87],[-69.07,19.08],[-69.36,19.17],[-69.51,19.21],[-69.75,19.35],[-69.9,19.51],[-69.99,19.68],[-70.29,19.65],[-70.74,19.79],[-70.82,19.84],[-70.88,19.93],[-71.05,19.91],[-71.22,19.83],[-71.37,19.83],[-71.55,19.9],[-71.78,19.77],[-71.84,19.73],[-72.1,19.76],[-72.59,19.89],[-72.94,19.94],[-73.27,19.92],[-73.42,19.87],[-73.47,19.84]]],[[[-78.09,18.48],[-78.32,18.35],[-78.26,18.26],[-78.05,18.22],[-77.84,18.05],[-77.74,17.93],[-77.43,17.83],[-77.29,17.81],[-77.15,17.86],[-77.05,17.98],[-76.81,18],[-76.47,17.87],[-76.32,17.9],[-76.3,17.99],[-76.43,18.12],[-76.72,18.24],[-77.16,18.4],[-77.77,18.51],[-78.09,18.48]]],[[[-62.99,17.52],[-63,17.52],[-63,17.51],[-63,17.49],[-62.98,17.46],[-62.97,17.46],[-62.96,17.46],[-62.95,17.46],[-62.95,17.47],[-62.94,17.47],[-62.94,17.49],[-62.99,17.52]]],[[[-61.89,17.11],[-61.89,17.09],[-61.89,17.03],[-61.88,17.02],[-61.83,17],[-61.74,16.99],[-61.69,17.02],[-61.68,17.03],[-61.67,17.04],[-61.67,17.05],[-61.67,17.08],[-61.67,17.09],[-61.74,17.14],[-61.78,17.16],[-61.79,17.16],[-61.83,17.17],[-61.83,17.16],[-61.88,17.11],[-61.89,17.11]]],[[[-61.85,17.58],[-61.84,17.58],[-61.84,17.59],[-61.83,17.59],[-61.82,17.58],[-61.75,17.55],[-61.74,17.54],[-61.73,17.54],[-61.73,17.55],[-61.73,17.61],[-61.73,17.62],[-61.74,17.64],[-61.74,17.65],[-61.78,17.7],[-61.79,17.7],[-61.84,17.72],[-61.85,17.72],[-61.87,17.7],[-61.88,17.7],[-61.87,17.69],[-61.86,17.59],[-61.85,17.58]]],[[[-65.78,18.4],[-65.95,18.47],[-66.63,18.52],[-66.81,18.51],[-67.06,18.55],[-67.16,18.51],[-67.21,18.44],[-67.16,18.33],[-67.18,18.08],[-67.15,17.99],[-66.91,17.94],[-66.75,18.01],[-66.45,18.05],[-66.12,18.01],[-65.97,18.03],[-65.84,18.13],[-65.81,18.17],[-65.72,18.33],[-65.78,18.4]]],[[[-62.21,16.81],[-62.24,16.73],[-62.24,16.72],[-62.24,16.71],[-62.23,16.7],[-62.21,16.69],[-62.21,16.68],[-62.19,16.67],[-62.17,16.67],[-62.16,16.68],[-62.15,16.68],[-62.14,16.69],[-62.15,16.75],[-62.18,16.81],[-62.2,16.81],[-62.21,16.81]]],[[[-62.98,18.28],[-63.02,18.27],[-63.05,18.26],[-63.06,18.26],[-63.14,18.19],[-63.16,18.18],[-63.17,18.16],[-63.16,18.16],[-63.15,18.17],[-63.14,18.17],[-63.07,18.19],[-63.03,18.21],[-63.02,18.21],[-62.99,18.23],[-62.99,18.24],[-62.97,18.27],[-62.97,18.28],[-62.98,18.28]]],[[[-62.63,17.13],[-62.63,17.12],[-62.62,17.11],[-62.62,17.1],[-62.61,17.1],[-62.59,17.09],[-62.55,17.09],[-62.55,17.1],[-62.54,17.1],[-62.54,17.11],[-62.54,17.12],[-62.53,17.13],[-62.54,17.14],[-62.54,17.18],[-62.54,17.19],[-62.55,17.19],[-62.58,17.2],[-62.6,17.2],[-62.61,17.19],[-62.62,17.16],[-62.62,17.15],[-62.63,17.14],[-62.63,17.13]]],[[[-62.67,17.26],[-62.66,17.24],[-62.65,17.21],[-62.63,17.22],[-62.62,17.22],[-62.62,17.23],[-62.62,17.24],[-62.7,17.34],[-62.73,17.37],[-62.81,17.41],[-62.82,17.41],[-62.84,17.4],[-62.85,17.39],[-62.86,17.39],[-62.86,17.37],[-62.84,17.33],[-62.84,17.32],[-62.79,17.3],[-62.78,17.29],[-62.76,17.29],[-62.74,17.28],[-62.73,17.28],[-62.71,17.29],[-62.69,17.28],[-62.68,17.26],[-62.67,17.26]]],[[[-64.72,17.76],[-64.73,17.76],[-64.74,17.77],[-64.75,17.77],[-64.76,17.77],[-64.77,17.78],[-64.77,17.79],[-64.79,17.79],[-64.8,17.79],[-64.81,17.77],[-64.82,17.77],[-64.83,17.76],[-64.84,17.76],[-64.86,17.77],[-64.87,17.77],[-64.88,17.77],[-64.88,17.76],[-64.89,17.76],[-64.89,17.75],[-64.88,17.73],[-64.88,17.72],[-64.88,17.71],[-64.89,17.69],[-64.89,17.68],[-64.9,17.68],[-64.88,17.69],[-64.87,17.69],[-64.86,17.69],[-64.85,17.68],[-64.84,17.69],[-64.83,17.68],[-64.82,17.68],[-64.82,17.69],[-64.8,17.69],[-64.79,17.7],[-64.78,17.7],[-64.76,17.7],[-64.74,17.71],[-64.73,17.71],[-64.71,17.7],[-64.69,17.71],[-64.67,17.71],[-64.64,17.72],[-64.63,17.73],[-64.62,17.73],[-64.61,17.74],[-64.6,17.75],[-64.59,17.75],[-64.58,17.75],[-64.56,17.75],[-64.57,17.76],[-64.58,17.76],[-64.59,17.76],[-64.61,17.76],[-64.64,17.77],[-64.66,17.77],[-64.67,17.76],[-64.68,17.75],[-64.69,17.75],[-64.69,17.74],[-64.7,17.75],[-64.71,17.75],[-64.72,17.76]]],[[[-64.79,18.34],[-64.79,18.33],[-64.77,18.32],[-64.7,18.31],[-64.67,18.33],[-64.66,18.34],[-64.66,18.35],[-64.67,18.35],[-64.71,18.37],[-64.73,18.37],[-64.74,18.37],[-64.78,18.34],[-64.79,18.34]]],[[[-65.01,18.35],[-64.98,18.35],[-64.93,18.34],[-64.92,18.34],[-64.89,18.32],[-64.88,18.31],[-64.84,18.31],[-64.83,18.32],[-64.83,18.33],[-64.85,18.34],[-64.9,18.36],[-64.95,18.38],[-64.98,18.38],[-65.02,18.37],[-65.03,18.36],[-65.02,18.35],[-65.01,18.35]]],[[[-61.31,15.88],[-61.28,15.87],[-61.26,15.87],[-61.25,15.87],[-61.23,15.88],[-61.22,15.88],[-61.19,15.9],[-61.19,15.91],[-61.19,15.92],[-61.2,15.94],[-61.2,15.95],[-61.24,15.99],[-61.26,16.01],[-61.27,16.01],[-61.28,16.01],[-61.31,15.97],[-61.33,15.93],[-61.32,15.89],[-61.31,15.88]]],[[[-61.08,16.31],[-61.09,16.3],[-61.08,16.3],[-61.04,16.31],[-61,16.34],[-60.99,16.34],[-60.99,16.35],[-61,16.35],[-61.02,16.35],[-61.03,16.35],[-61.05,16.33],[-61.06,16.33],[-61.08,16.31]]],[[[-61.27,16.32],[-61.28,16.32],[-61.29,16.33],[-61.33,16.33],[-61.34,16.33],[-61.35,16.33],[-61.36,16.34],[-61.37,16.34],[-61.37,16.35],[-61.39,16.38],[-61.4,16.39],[-61.4,16.4],[-61.39,16.42],[-61.39,16.43],[-61.4,16.47],[-61.41,16.48],[-61.44,16.5],[-61.46,16.51],[-61.47,16.51],[-61.51,16.48],[-61.53,16.46],[-61.53,16.45],[-61.53,16.44],[-61.53,16.43],[-61.53,16.42],[-61.52,16.39],[-61.5,16.35],[-61.54,16.29],[-61.56,16.28],[-61.58,16.28],[-61.61,16.28],[-61.66,16.32],[-61.73,16.36],[-61.74,16.36],[-61.75,16.36],[-61.76,16.35],[-61.78,16.33],[-61.79,16.31],[-61.8,16.26],[-61.79,16.24],[-61.76,16.06],[-61.76,16.05],[-61.74,16.02],[-61.7,15.95],[-61.69,15.95],[-61.65,15.97],[-61.61,15.99],[-61.57,16.02],[-61.56,16.03],[-61.55,16.05],[-61.56,16.08],[-61.57,16.14],[-61.58,16.16],[-61.58,16.17],[-61.58,16.19],[-61.58,16.2],[-61.57,16.22],[-61.57,16.23],[-61.56,16.23],[-61.55,16.23],[-61.53,16.23],[-61.52,16.22],[-61.51,16.21],[-61.5,16.21],[-61.47,16.2],[-61.45,16.2],[-61.23,16.25],[-61.21,16.27],[-61.26,16.31],[-61.27,16.32]]],[[[-62.87,17.92],[-62.87,17.91],[-62.85,17.88],[-62.84,17.88],[-62.81,17.89],[-62.79,17.9],[-62.79,17.91],[-62.81,17.92],[-62.86,17.93],[-62.87,17.93],[-62.87,17.92]]],[[[-63.15,18.07],[-63.14,18.06],[-63.12,18.04],[-63.08,18.03],[-63.07,18.02],[-63.03,18.02],[-63.02,18.02],[-63.01,18.04],[-63.01,18.05],[-63.01,18.07],[-63.01,18.08],[-63.01,18.09],[-63.02,18.11],[-63.02,18.12],[-63.04,18.12],[-63.05,18.12],[-63.14,18.07],[-63.15,18.07]]]]},"properties":{"NAME":"Taino","SUBJECTO":"Taino","BORDERPRECISION":1}},
{"type":"Feature","geometry":{"type":"Polygon","coordinates":[[[32.5,61.1],[35.82,64.23],[35.62,64.25],[35.08,64.29],[34.88,64.37],[34.81,64.46],[34.77,64.68],[34.43,65.11],[34.33,65.35],[34.29,65.4],[30.6,64.94],[27.23,63.35],[23.13,63.78],[22.83,63.58],[22.7,63.58],[22.57,63.72],[22.48,63.6],[22.43,63.39],[22.29,63.2],[22.08,63.1],[21.95,63.13],[21.67,63.19],[21.49,63.12],[21.55,62.97],[21.48,62.89],[21.19,62.76],[21.06,62.61],[21.03,62.48],[21.2,62.44],[21.23,62.42],[29.02,61.77],[30.23,61.48],[30.22,61.5],[30.27,61.51],[30.4,61.49],[30.45,61.49],[30.42,61.53],[30.47,61.54],[30.58,61.55],[30.61,61.56],[30.56,61.58],[30.58,61.59],[30.67,61.61],[30.7,61.63],[30.67,61.65],[30.68,61.69],[30.74,61.75],[30.85,61.76],[31.01,61.71],[31.1,61.67],[31.11,61.62],[31.13,61.6],[31.16,61.6],[31.17,61.61],[31.16,61.64],[31.15,61.65],[31.16,61.66],[31.2,61.65],[31.26,61.61],[31.32,61.6],[31.38,61.62],[31.45,61.6],[31.53,61.54],[31.56,61.5],[31.55,61.48],[31.56,61.45],[31.59,61.42],[31.63,61.4],[31.66,61.39],[31.66,61.42],[31.62,61.47],[31.68,61.44],[31.83,61.35],[32.06,61.25],[32.37,61.17],[32.5,61.1]]]},"properties":{"NAME":"Karelians","SUBJECTO":"Karelians","BORDERPRECISION":1}},
{"type":"Feature","geometry":{"type":"MultiPolygon","coordinates":[[[[-62.81,81.16],[-63.73,81.09],[-64.61,80.97],[-65.24,80.87],[-66.52,80.71],[-66.75,80.66],[-67.14,80.56],[-67.41,80.21],[-67.14,80.56],[-66.75,80.66],[-66.52,80.71],[-65.24,80.87],[-64.61,80.97],[-63.73,81.09],[-62.81,81.16]]],[[[-123.15,74.44],[-123.49,74.45],[-124.15,74.47],[-124.52,74.44],[-124.91,74.44],[-124.74,74.24],[-124.19,73.94],[-124.06,73.87],[-124.01,73.72],[-124.25,73.46],[-124.74,73.22],[-124.88,73.05],[-125.09,72.97],[-125.34,72.97],[-125.14,72.61],[-125.18,72.43],[-125.4,72.34],[-125.66,72.2],[-125.9,72.15],[-125.83,72.08],[-125.62,71.99],[-125.19,71.93],[-124.58,71.9],[-124.07,71.73],[-123.88,71.62],[-123.63,71.41],[-123.47,71.2],[-122.99,71.15],[-122.57,71.15],[-122.17,71.29],[-121.94,71.5],[-121.39,71.47],[-120.84,71.53],[-120.55,71.66],[-120.42,71.88],[-120.45,72.3],[-120.02,72.35],[-119.77,72.39],[-119.31,72.65],[-118.59,72.97],[-118.1,73.12],[-117.69,73.22],[-119.25,73.55],[-121.65,73.99],[-123.15,74.44]]],[[[-180,68.92],[-180,67.96],[-180,66.96],[-180,65.96],[-180,65.38],[-180,65.31],[-180,65.26],[-179.58,65.81],[-179.38,66],[-178.98,66.05],[-178.7,65.83],[-178.63,65.69],[-178.65,65.54],[-178.12,65.48],[-177.51,65.52],[-177.13,65.62],[-176.78,65.64],[-176.53,65.61],[-176.14,65.46],[-175.99,65.27],[-176.07,65.19],[-175.95,65.01],[-175.83,64.93],[-175.3,64.73],[-175.19,64.85],[-174.38,64.62],[-174.26,64.46],[-173.72,64.38],[-173.54,64.42],[-173.08,64.38],[-173.03,64.51],[-173.25,64.9],[-173.17,64.97],[-172.8,65],[-172.44,65.02],[-172.41,65.17],[-172.47,65.38],[-172.56,65.51],[-172.81,65.63],[-172.85,65.63],[-172.98,65.75],[-173.04,65.81],[-172.72,65.76],[-172.18,65.59],[-171.73,65.61],[-171.2,65.56],[-171.41,65.71],[-171.61,65.81],[-171.67,65.89],[-170.98,65.68],[-170.61,66.04],[-170.45,66.05],[-169.99,66.01],[-169.83,66.02],[-169.87,66.08],[-170.07,66.18],[-170.33,66.26],[-170.47,66.29],[-171.23,66.6],[-171.54,66.76],[-171.96,66.96],[-172.38,67.01],[-172.83,66.96],[-173.17,66.99],[-173.43,67.03],[-173.87,67.16],[-174.34,67.08],[-174.37,66.94],[-174.38,66.7],[-174.09,66.52],[-174.07,66.44],[-174.2,66.37],[-174.19,66.29],[-174.64,66.4],[-175.1,66.77],[-175.01,66.96],[-175.19,67.31],[-175.39,67.51],[-175.42,67.6],[-175.51,67.67],[-175.99,67.85],[-177.71,68.29],[-178.13,68.37],[-178.89,68.64],[-180,68.92]]],[[[-60.12,53.52],[-60.14,53.68],[-59.99,53.8],[-59.86,53.84],[-59.4,53.87],[-59.11,53.97],[-58.84,54.15],[-58.47,54.26],[-58.17,54.28],[-57.84,54.37],[-57.52,54.47],[-57.43,54.58],[-58.12,54.71],[-58.56,54.77],[-59.08,54.99],[-59.34,55.08],[-59.69,55.15],[-60.05,55.12],[-60.35,55.04],[-60.57,55.07],[-60.37,55.42],[-60.36,55.51],[-60.47,55.66],[-60.87,55.85],[-61.25,56.08],[-61.46,56.16],[-61.74,56.17],[-61.93,56.27],[-62.08,56.5],[-62.16,56.61],[-62.29,56.69],[-62.33,56.77],[-62.18,56.8],[-61.85,56.74],[-61.54,56.73],[-61.36,56.78],[-61.34,56.81],[-61.35,57],[-61.48,57.1],[-61.82,57.19],[-62,57.29],[-62.19,57.44],[-62,57.51],[-61.83,57.55],[-61.89,57.73],[-62.01,57.84],[-62.35,57.9],[-62.49,57.96],[-62.51,57.97],[-76.46,56.58],[-76.46,56.57],[-76.57,56.27],[-76.76,56.03],[-77.23,55.61],[-77.52,55.47],[-78.31,55.04],[-78.59,54.92],[-78.98,54.81],[-79.55,54.69],[-79.4,54.28],[-79.23,54.15],[-78.93,54.08],[-78.8,53.96],[-78.76,53.75],[-79.03,53.74],[-78.94,53.55],[-78.84,53.28],[-78.84,53.03],[-78.74,52.74],[-74.2,52.93],[-71.03,55.2],[-65.64,55.26],[-62.89,54.73],[-62.59,54.57],[-62.49,54.51],[-60.22,53.32],[-60.12,53.52]]],[[[-60.17,53.3],[-58.79,52.57],[-56.13,53.47],[-56.35,53.57],[-56.65,53.66],[-56.85,53.58],[-57.13,53.48],[-57.27,53.62],[-57.29,53.67],[-57.11,53.87],[-57.26,54.02],[-57.56,54.13],[-58.08,54.08],[-58.64,53.87],[-59.18,53.52],[-59.47,53.47],[-59.72,53.43],[-60.17,53.3]]],[[[170.34,60.28],[170.52,60.34],[171.07,60.45],[171.25,60.65],[172,60.86],[172.11,60.98],[172.49,61.26],[172.92,61.28],[173.13,61.37],[173.34,61.55],[173.48,61.6],[173.93,61.62],[174.25,61.71],[174.35,61.8],[174.54,61.89],[174.65,61.89],[175.17,61.97],[176.55,62.38],[176.58,62.43],[176.83,62.68],[176.97,62.69],[177.19,62.67],[177.13,62.55],[177.29,62.49],[177.69,62.45],[178.25,62.38],[178.45,62.32],[178.74,62.3],[179.05,62.39],[179.24,62.53],[179.23,62.64],[179.29,62.82],[178.93,62.77],[179,62.97],[178.94,63.08],[178.71,63.15],[178.5,63.38],[178.34,63.46],[178.08,63.43],[178.4,63.66],[178.37,63.75],[178.29,63.91],[178.18,64.01],[178.15,64.16],[177.81,64.05],[178.01,64.19],[177.53,64.09],[177.19,64.21],[177.08,64.3],[177.08,64.52],[176.93,64.55],[176.75,64.57],[176.47,64.41],[176.04,64.5],[175.9,64.55],[176.16,64.68],[175.97,64.9],[176.18,64.87],[176.33,64.77],[176.71,64.78],[177.13,64.93],[177.03,64.84],[177.25,64.86],[177.37,64.76],[177.43,64.61],[177.84,64.58],[178,64.55],[178.47,64.58],[178.73,64.61],[179.02,64.77],[179.31,64.79],[180,64.95],[180,65.05],[180,65.31],[180,65.38],[180,65.96],[180,66.96],[180,67.96],[180,68.92],[179.28,69.15],[178.96,69.23],[178.63,69.26],[178.04,69.41],[177.7,69.49],[177.08,69.53],[176.55,69.62],[176.19,69.71],[175.61,69.78],[174.57,69.79],[173.64,69.76],[173.01,69.69],[172.91,69.83],[172.36,69.91],[171.85,69.94],[171.3,69.98],[170.45,70.02],[170.24,69.76],[170.06,69.61],[170.43,69.56],[170.79,69.18],[170.9,69.03],[170.83,68.92],[170.09,68.78],[169.39,68.72],[169.11,68.78],[168.99,68.96],[168.59,69.11],[168.1,69.23],[167.92,69.33],[167.5,69.57],[167.32,69.66],[166.7,69.43],[166.31,69.38],[165.33,69.41],[164.64,69.41],[164.32,69.46],[164.05,69.66],[163.72,69.67],[163.04,69.55],[162.27,69.54],[162.12,69.56],[161.96,69.53],[161.42,69.35],[161.17,69.16],[160.86,69.08],[160.67,69.27],[160.68,69.58],[160.39,69.62],[160.02,69.62],[159.67,69.65],[159.44,69.76],[159.57,70],[159.63,70.22],[159.47,70.39],[159.23,70.55],[158.93,70.62],[158.41,70.81],[158.08,70.87],[157.4,70.93],[156.04,70.99],[155.05,70.94],[153.92,70.79],[153.4,70.73],[152.79,70.68],[152.13,70.66],[151.9,70.73],[151.64,70.89],[151.48,71.09],[151.12,71.25],[150.69,71.35],[149.72,71.44],[148.96,71.57],[148.71,71.63],[149.72,71.9],[149.62,71.94],[149.53,72.03],[149.1,72.09],[148.7,72.17],[148.16,72.2],[146.92,72.2],[146.19,71.84],[145.75,71.69],[145.33,71.63],[145.1,71.58],[144.8,71.59],[144.88,71.72],[145.26,71.84],[145.68,71.93],[145.81,72.1],[145.66,72.16],[145.21,72.12],[144.82,72.14],[145.6,72.43],[144.56,72.46],[144.27,72.5],[143.82,72.53],[142.9,72.62],[142.2,72.68],[141.41,72.79],[141.29,72.79],[140.59,72.5],[140.22,72.43],[139.76,72.42],[139.31,72.38],[139.17,72.34],[138.97,72.21],[139.05,72.16],[139.34,72.16],[139.85,72.24],[139.81,72],[139.74,71.84],[139.83,71.63],[139.74,71.4],[139.16,71.42],[138.9,71.5],[138.67,71.62],[138.45,71.61],[138.12,71.47],[138.11,71.39],[138.18,71.36],[138.08,71.25],[137.85,71.13],[137.77,71.1],[137.63,71.08],[136.77,71.41],[136.23,71.51],[135.86,71.54],[135.51,71.51],[134.62,71.3],[134.24,71.26],[133.74,71.32],[133.14,71.45],[132.79,71.59],[132.68,71.8],[132.55,71.81],[132.28,71.66],[131.79,71.19],[131.41,70.86],[131.05,70.69],[130.78,70.68],[130.17,70.82],[129.36,71.18],[128.78,71.54],[128.43,71.75],[128.17,71.83],[127.71,72.01],[127.42,72.14],[127.12,72.21],[126.69,72.22],[126.23,72.25],[126.11,72.28],[126.22,72.38],[127.31,72.71],[128.17,72.9],[128.29,72.91],[128.52,72.95],[128.5,73.13],[128.31,73.21],[127.72,73.4],[127.1,73.42],[126.49,73.38],[125.72,73.4],[125.33,73.52],[124.82,73.66],[124.46,73.71],[124.22,73.7],[123.5,73.5],[124.54,71.59],[130.87,69.9],[155.89,68.17],[168.14,67.46],[171.77,65.86],[172.44,63.08],[169.48,61.19],[170.34,60.28]]],[[[-41.1,64.09],[-41.48,64.27],[-41.1,64.09],[-40.91,64.04],[-40.89,64.03],[-40.69,63.93],[-40.62,63.87],[-40.52,63.78],[-40.62,63.87],[-40.69,63.93],[-40.89,64.03],[-40.91,64.04],[-41.1,64.09]]],[[[-51.37,63.73],[-51.36,63.81],[-51.3,63.88],[-51.27,63.93],[-51.08,64.03],[-50.99,64.09],[-50.44,64.24],[-50.39,64.28],[-50.26,64.38],[-50.04,64.44],[-50.02,64.61],[-50.04,64.44],[-50.26,64.38],[-50.39,64.28],[-50.44,64.24],[-50.99,64.09],[-51.08,64.03],[-51.27,63.93],[-51.3,63.88],[-51.36,63.81],[-51.37,63.73]]],[[[-161.29,64.96],[-161.13,64.93],[-160.9,64.81],[-160.79,64.64],[-160.94,64.52],[-161.36,64.51],[-161.37,64.47],[-161.01,64.16],[-160.94,63.98],[-150.13,63.32],[-144.68,63.19],[-140.05,62.5],[-139.52,62.42],[-132.43,62.5],[-124.94,64.83],[-118.2,62.71],[-114.57,60.6],[-111.28,58.55],[-102.14,57.21],[-93.82,56.86],[-92.71,56.83],[-92.4,56.98],[-92.48,56.98],[-92.42,57.39],[-92.52,57.69],[-92.89,58.21],[-93.07,58.55],[-93.24,58.68],[-93.36,58.7],[-93.89,58.66],[-94.19,58.67],[-94.3,58.71],[-94.41,58.71],[-94.68,58.88],[-94.75,59.12],[-94.8,59.51],[-94.73,59.76],[-94.75,59.95],[-94.61,60.25],[-94.48,60.49],[-94.38,60.8],[-94.25,60.93],[-94.01,61.22],[-93.87,61.34],[-93.47,61.44],[-93.32,61.54],[-93.42,61.86],[-93.23,61.97],[-92.58,62.27],[-92.1,62.41],[-91.89,62.6],[-92.46,62.79],[-92.29,62.92],[-92.06,62.89],[-91.42,62.85],[-90.92,62.95],[-90.63,63.1],[-90.63,63.18],[-90.77,63.3],[-91.03,63.39],[-91.64,63.51],[-92.35,63.58],[-93.32,63.97],[-91.98,63.83],[-91.59,63.79],[-90.84,63.61],[-90.23,63.56],[-90.2,63.56],[-90,63.57],[-89.87,63.58],[-89.86,63.65],[-90.01,63.9],[-89.99,64.03],[-89.97,64.19],[-89.49,64.02],[-89.08,63.96],[-88.7,63.99],[-88.38,64.06],[-87.99,64.25],[-87.82,64.35],[-97.36,65.12],[-110.86,65.94],[-120.4,67.95],[-119.98,69.38],[-120.22,69.42],[-120.85,69.57],[-121.64,69.76],[-122.33,69.88],[-122.84,69.89],[-123.05,69.86],[-123.29,69.64],[-123.8,69.43],[-124.23,69.4],[-124.6,69.46],[-124.51,69.59],[-124.53,69.78],[-124.71,69.94],[-124.99,69.89],[-125.14,69.83],[-125.39,69.82],[-125.42,69.7],[-125.19,69.41],[-125.28,69.34],[-125.45,69.33],[-125.97,69.43],[-126.06,69.46],[-126.62,69.68],[-126.8,69.79],[-127,70.02],[-127.17,70.23],[-127.35,70.38],[-127.67,70.52],[-128.01,70.64],[-128.42,70.69],[-128.12,70.49],[-127.81,70.31],[-127.73,70.19],[-127.94,70.08],[-128.31,70],[-128.72,69.87],[-129.01,69.72],[-129.94,69.64],[-130.46,69.47],[-130.9,69.3],[-131.67,69.28],[-132,69.09],[-132.17,68.98],[-132.71,68.87],[-132.79,68.71],[-132.69,68.46],[-133.34,68.8],[-133.72,68.92],[-133.41,69.14],[-132.62,69.25],[-132.3,69.49],[-131.75,69.61],[-131.19,69.69],[-130.7,69.85],[-130.21,69.92],[-130.05,69.97],[-129.85,70.15],[-130.24,70.21],[-130.71,70.21],[-131.06,70.16],[-131.24,70.07],[-131.45,69.97],[-131.78,69.93],[-132.17,69.89],[-132.51,69.86],[-132.8,69.76],[-133,69.76],[-133.14,69.67],[-133.65,69.51],[-133.99,69.51],[-134.78,69.57],[-134.84,69.53],[-135.1,69.5],[-135.44,69.53],[-136.04,69.34],[-136.01,69.15],[-135.86,69.08],[-135.7,68.99],[-135.5,68.72],[-135.61,68.7],[-135.8,68.77],[-136.2,68.88],[-136.93,68.95],[-137.26,68.96],[-137.73,69.02],[-138.28,69.14],[-139,69.37],[-139.9,69.57],[-140.33,69.62],[-140.74,69.58],[-141.06,69.6],[-141.16,69.6],[-141.7,69.73],[-142.8,70.09],[-143.31,70.2],[-144.36,70.13],[-145.27,70.12],[-145.61,70.19],[-146.18,70.27],[-147.72,70.33],[-148.12,70.38],[-148.74,70.49],[-149.29,70.54],[-149.94,70.5],[-150.64,70.48],[-151.14,70.48],[-151.73,70.53],[-151.92,70.5],[-152.14,70.53],[-152.49,70.7],[-152.65,70.82],[-152.97,70.93],[-153.29,70.95],[-153.77,70.97],[-154.46,70.99],[-155.1,71.08],[-155.23,70.98],[-155.47,70.85],[-155.67,70.87],[-156.14,70.93],[-156.15,71.08],[-155.97,71.15],[-156.04,71.22],[-156.35,71.33],[-156.47,71.35],[-156.9,71.35],[-157.32,71.16],[-157.81,70.97],[-158.42,70.91],[-158.86,70.88],[-159.37,70.9],[-160.24,70.86],[-160.25,70.77],[-159.91,70.6],[-159.84,70.51],[-159.9,70.43],[-160.72,70.46],[-161.19,70.44],[-161.7,70.33],[-162.18,70.28],[-162.51,70.18],[-162.88,70],[-163.16,69.76],[-163.51,69.5],[-163.71,69.22],[-164.07,69.06],[-164.89,68.93],[-165.34,68.9],[-166.3,68.88],[-166.34,68.66],[-166.7,68.48],[-166.84,68.41],[-165.94,68.16],[-164.74,67.86],[-164.51,67.8],[-164.04,67.59],[-163.83,67.45],[-163.74,67.22],[-163.03,67.18],[-162.6,67.16],[-161.94,67.09],[-161.8,66.75],[-161.22,66.73],[-160.34,66.6],[-160.03,66.57],[-160.04,66.49],[-160.13,66.34],[-160.58,66.32],[-160.92,66.37],[-161.26,66.4],[-161.38,66.36],[-161.63,66.23],[-161.98,66.12],[-162.28,66.07],[-162.76,66.06],[-163.37,66.11],[-163.84,66.18],[-163.85,66.3],[-163.78,66.54],[-164.46,66.6],[-165.09,66.47],[-165.52,66.37],[-166,66.2],[-166.43,66.11],[-167.02,65.96],[-167.73,65.86],[-168.08,65.75],[-168.18,65.69],[-167.6,65.6],[-167,65.49],[-166.14,65.35],[-165.66,65.25],[-165.86,65.17],[-166.32,65.17],[-166.6,65.15],[-166.67,65.08],[-166.59,64.73],[-166.35,64.64],[-165.74,64.56],[-165.17,64.55],[-164.6,64.62],[-164.27,64.6],[-163.88,64.59],[-163.03,64.44],[-162.8,64.47],[-162.56,64.6],[-162.14,64.79],[-161.29,64.96]]],[[[-71.45,77.12],[-71.37,77.16],[-71.18,77.26],[-70.91,77.27],[-70.62,77.28],[-69.71,77.23],[-69.25,77.21],[-68.9,77.21],[-68.34,77.2],[-68.13,77.19],[-67.74,77.19],[-67.2,77.23],[-66.78,77.26],[-66.31,77.35],[-66.18,77.4],[-66.16,77.53],[-66.15,77.55],[-66.16,77.53],[-66.18,77.4],[-66.31,77.35],[-66.78,77.26],[-67.2,77.23],[-67.74,77.19],[-68.13,77.19],[-68.34,77.2],[-68.9,77.21],[-69.25,77.21],[-69.71,77.23],[-70.62,77.28],[-70.91,77.27],[-71.18,77.26],[-71.37,77.16],[-71.45,77.12]]],[[[-89.7,74.61],[-90,74.63],[-90,74.64],[-90,74.72],[-91.05,74.98],[-90.52,74.72],[-90.2,74.64],[-90.15,74.63],[-89.7,74.61]]],[[[-90.06,75.95],[-90.18,75.97],[-90.2,75.97],[-90.42,75.96],[-90.06,75.95]]]]},"properties":{"NAME":"Arctic marine mammal hunters","SUBJECTO":"Arctic marine mammal hunters","BORDERPRECISION":1}},
{"type":"Feature","geometry":{"type":"MultiPolygon","coordinates":[[[[-62.51,57.97],[-62.58,58.04],[-62.74,58.39],[-63,58.37],[-63.04,58.53],[-62.89,58.66],[-63.01,58.81],[-63.48,59.16],[-63.74,59.52],[-64.1,59.74],[-64.37,60.01],[-64.67,60.18],[-64.9,59.88],[-64.99,59.82],[-65.43,59.78],[-65.55,59.71],[-65.56,59.58],[-65.26,59.35],[-65.51,59.18],[-65.72,59.06],[-65.86,58.8],[-65.91,58.45],[-65.93,58.42],[-66.24,58.75],[-66.33,58.8],[-66.47,58.81],[-66.62,58.56],[-66.82,58.39],[-67.11,58.3],[-67.63,58.27],[-67.77,58.25],[-68,58.17],[-68.13,58.31],[-68.09,58.36],[-68.09,58.48],[-68.26,58.64],[-68.57,58.78],[-68.7,58.79],[-69.05,58.77],[-69.21,58.75],[-69.73,58.56],[-69.89,58.68],[-69.83,58.99],[-69.68,58.98],[-69.48,58.97],[-69.36,59.05],[-69.34,59.21],[-69.45,59.4],[-69.51,59.72],[-69.7,60.32],[-69.65,60.52],[-69.39,60.67],[-69.38,60.86],[-69.54,60.99],[-69.7,60.9],[-70.03,60.88],[-70.91,61.04],[-71.67,61.27],[-71.86,61.37],[-71.72,61.55],[-72.08,61.74],[-72.49,61.91],[-72.83,62.12],[-72.95,62.17],[-73.39,62.35],[-73.66,62.39],[-73.74,62.36],[-73.84,62.34],[-74.22,62.24],[-74.71,62.18],[-75.36,62.18],[-75.69,62.22],[-76.19,62.32],[-76.99,62.49],[-77.36,62.52],[-77.62,62.43],[-77.87,62.29],[-78,62.1],[-77.99,61.86],[-77.88,61.74],[-77.6,61.62],[-77.46,61.53],[-77.46,61.47],[-77.69,61.16],[-78.18,60.74],[-77.39,60.69],[-77.39,60.58],[-77.51,60.41],[-77.49,60.32],[-77.34,60.14],[-77.26,59.98],[-77.21,59.75],[-77.35,59.62],[-77.55,59.62],[-77.66,59.57],[-77.79,59.39],[-78.04,58.99],[-78.43,58.76],[-78.47,58.71],[-78.34,58.55],[-78.27,58.53],[-78.06,58.41],[-77.9,58.35],[-77.66,58.24],[-77.4,58.11],[-77.19,57.99],[-76.77,57.66],[-76.66,57.52],[-76.55,57.28],[-76.44,56.81],[-76.46,56.58],[-62.51,57.97]]],[[[-87.82,64.35],[-87.44,64.57],[-87.16,65.06],[-87.62,65.07],[-88.17,65.13],[-88.9,65.33],[-89.69,65.67],[-90,65.77],[-90,65.89],[-90,65.97],[-89.78,65.98],[-89.51,65.93],[-89.18,65.81],[-88.64,65.71],[-88.54,65.68],[-88.17,65.46],[-87.79,65.35],[-87.55,65.35],[-87.25,65.43],[-86.33,65.93],[-86.06,66.07],[-85.99,66.16],[-86.58,66.35],[-86.85,66.46],[-86.74,66.57],[-85.9,66.62],[-85.39,66.61],[-85.12,66.33],[-84.95,66.27],[-84.37,66.31],[-84.06,66.28],[-83.74,66.31],[-84.41,66.71],[-85.02,66.94],[-84.71,67.07],[-84.49,67.05],[-84.23,66.93],[-83.48,66.5],[-83.14,66.37],[-82.63,66.6],[-82.33,66.64],[-81.7,66.99],[-81.5,67.07],[-81.28,67.36],[-81.29,67.5],[-81.79,67.76],[-82.18,68],[-82.49,68.32],[-82.63,68.56],[-82.69,68.7],[-82.33,68.82],[-82.21,68.82],[-81.89,68.58],[-81.78,68.56],[-81.58,68.6],[-81.37,68.72],[-81.48,69.19],[-81.68,69.28],[-81.93,69.25],[-82.16,69.25],[-82.76,69.55],[-84.31,69.83],[-84.57,69.83],[-84.76,69.8],[-85.11,69.82],[-85.38,69.7],[-85.42,69.29],[-85.01,69.14],[-84.56,68.99],[-84.62,68.75],[-84.77,68.72],[-85.4,68.76],[-85.51,68.68],[-85.67,68.34],[-85.78,68.04],[-86.05,67.85],[-86.4,67.67],[-86.49,67.38],[-86.65,67.32],[-87.06,67.24],[-87.33,67.17],[-87.53,67.29],[-87.81,67.52],[-88.32,67.81],[-88.48,67.99],[-88.46,68.18],[-88.37,68.31],[-88.01,68.27],[-87.86,68.28],[-87.79,68.48],[-87.88,68.68],[-88.1,68.85],[-88.58,69.1],[-88.91,69.23],[-89.14,69.23],[-89.44,69.05],[-89.74,68.53],[-90,68.37],[-90,68.68],[-90,68.95],[-90,69.16],[-90,69.23],[-90,69.33],[-90,69.49],[-91.17,69.65],[-91.44,69.65],[-91.62,69.59],[-91.98,69.61],[-92.46,69.71],[-92.67,69.74],[-92.48,69.99],[-92.27,70.12],[-91.83,70.13],[-91.66,70.29],[-92.17,70.51],[-92.53,70.73],[-93.1,70.97],[-92.99,71.24],[-93.08,71.41],[-93.27,71.56],[-93.84,71.76],[-94.17,71.85],[-94.42,71.88],[-95.25,71.87],[-95.41,71.86],[-95.66,71.71],[-95.76,71.69],[-95.67,71.57],[-95.35,71.41],[-95.43,71.25],[-95.49,71.24],[-95.96,71.35],[-96.13,71.34],[-96.4,71.2],[-96.66,70.93],[-96.7,70.84],[-96.17,70.67],[-95.95,70.57],[-96.33,70.36],[-96.47,70.3],[-96.46,70.15],[-96.42,70.09],[-96.13,69.94],[-95.7,69.84],[-95.31,69.74],[-94.75,69.66],[-94.42,69.69],[-94.04,69.55],[-93.73,69.5],[-93.33,69.48],[-92.99,69.51],[-92.96,69.08],[-92.99,68.96],[-93.19,69.04],[-93.53,69.22],[-93.78,69.22],[-93.98,69.14],[-94.34,69.11],[-94.58,68.88],[-94.14,68.84],[-93.77,68.92],[-93.64,68.92],[-93.47,68.77],[-93.4,68.6],[-93.41,68.54],[-93.65,68.47],[-93.86,68.47],[-94.08,68.45],[-94.64,68.07],[-95,68.05],[-95.32,68.06],[-95.44,67.94],[-95.5,67.72],[-95.29,67.28],[-95.26,67.03],[-95.69,67.17],[-96.04,67.21],[-96.12,67.24],[-96.26,67.32],[-96.34,67.54],[-96.21,67.93],[-96.17,67.99],[-96.21,68.07],[-96.43,68.16],[-96.82,68.18],[-97.21,68.27],[-97.57,68.37],[-97.83,68.4],[-98.37,68.36],[-98.41,68.16],[-97.79,68.13],[-97.46,68.07],[-97.16,67.97],[-97.15,67.74],[-97.26,67.6],[-97.5,67.59],[-97.92,67.72],[-98.35,67.94],[-98.89,67.82],[-99.37,67.79],[-100.21,67.81],[-101,67.8],[-101.4,67.71],[-101.91,67.71],[-102.22,67.74],[-102.76,67.8],[-103.2,67.9],[-103.31,67.93],[-103.58,68.12],[-104.02,68.07],[-104.45,68.1],[-105.14,68.23],[-105.64,68.35],[-105.91,68.34],[-106.12,68.24],[-106.21,68.11],[-106.63,68.04],[-107.5,67.98],[-107.66,67.96],[-107.72,67.63],[-107.65,67.43],[-107.59,67.34],[-107.16,67.04],[-107.13,66.96],[-107.41,66.9],[-107.61,66.88],[-107.6,66.74],[-107.53,66.56],[-108.35,67],[-108.49,67.07],[-108.33,67.18],[-108.1,67.22],[-108.1,67.36],[-108.65,67.56],[-108.84,67.61],[-109.49,67.69],[-110.13,67.91],[-110.53,67.92],[-110.95,67.87],[-111.36,67.82],[-111.78,67.75],[-112.11,67.72],[-112.5,67.69],[-113.29,67.7],[-114.07,67.73],[-115.56,67.9],[-115.4,68.22],[-115.02,68.28],[-114.77,68.3],[-114.34,68.29],[-114.11,68.35],[-114.19,68.5],[-114.39,68.61],[-114.83,68.77],[-115.29,68.89],[-115.69,68.94],[-116.32,68.9],[-116.81,68.91],[-117.33,68.98],[-117.83,69.01],[-118.54,69.13],[-118.82,69.16],[-119.28,69.26],[-119.98,69.38],[-120.4,67.95],[-110.86,65.94],[-97.36,65.12],[-87.82,64.35]]],[[[-89.7,74.61],[-89.27,74.7],[-89.12,74.85],[-88.95,74.93],[-88.39,74.99],[-88.33,74.68],[-88.14,74.57],[-87.49,74.54],[-87.12,74.57],[-86.31,74.62],[-86.21,74.82],[-85.99,74.81],[-85.72,74.72],[-85.12,74.62],[-84.9,74.62],[-84.57,74.62],[-84.16,74.67],[-83.82,74.64],[-83.58,74.7],[-83.61,75.02],[-83.45,75.08],[-83.07,74.98],[-82.94,74.68],[-82.75,74.63],[-82.37,74.56],[-82.03,74.53],[-81.73,74.57],[-81.47,74.58],[-80.35,74.62],[-80.56,74.92],[-80.5,75.03],[-79.68,75.21],[-79.5,75.28],[-79.58,75.4],[-79.74,75.47],[-79.83,75.49],[-80.13,75.54],[-80.77,75.61],[-81.18,75.72],[-81.53,75.86],[-81.7,75.87],[-82.87,75.88],[-83.56,75.9],[-84.44,75.79],[-85.2,75.74],[-85.83,75.62],[-86.18,75.41],[-86.62,75.43],[-86.92,75.55],[-87.29,75.66],[-87.64,75.7],[-88.03,75.62],[-88.52,75.62],[-88.65,75.59],[-88.67,75.45],[-88.76,75.42],[-89.04,75.46],[-89.37,75.65],[-89.59,75.86],[-89.8,75.92],[-90,75.97],[-90,75.95],[-90.06,75.95],[-90.42,75.96],[-91.16,75.97],[-90,76.18],[-90,76.26],[-90,76.28],[-90,76.29],[-89.81,76.37],[-90,76.46],[-90,76.47],[-90,76.59],[-91.13,76.63],[-92.25,76.62],[-92.8,76.59],[-93.08,76.53],[-93.06,76.37],[-92.79,76.24],[-92.22,75.95],[-92.09,75.81],[-92.1,75.64],[-92.37,75.42],[-92.17,75.1],[-91.87,74.79],[-91.36,74.76],[-91.05,74.98],[-90,74.72],[-90,74.64],[-90,74.63],[-89.7,74.61]]],[[[-85.06,65.61],[-85.56,65.86],[-85.71,65.65],[-85.82,65.36],[-86.02,65.11],[-86.2,64.73],[-86.24,64.54],[-86.2,64.36],[-86.06,64.14],[-86.8,63.89],[-87.05,63.75],[-87.1,63.54],[-86.03,63.68],[-85.6,63.75],[-85.43,63.6],[-85.46,63.21],[-85.16,63.18],[-84.65,63.31],[-84.39,63.45],[-84.09,63.67],[-83.5,63.74],[-83.44,63.79],[-83.52,64.05],[-83.43,64.17],[-83.19,64.18],[-82.73,64.08],[-82.49,63.94],[-82.2,63.69],[-82,63.63],[-81.4,63.58],[-81.12,63.52],[-80.7,63.5],[-80.49,63.62],[-80.37,63.68],[-80.18,63.72],[-80.64,63.91],[-80.95,63.98],[-81.37,64],[-81.63,63.97],[-81.87,63.99],[-81.83,64.41],[-81.91,64.52],[-82.11,64.64],[-83.09,64.87],[-83.35,64.98],[-83.76,65.21],[-84.12,65.34],[-84.42,65.39],[-84.61,65.18],[-84.84,65.2],[-85.2,65.38],[-85.06,65.61]]],[[[-76.27,67.25],[-75.77,67.3],[-75.31,67.46],[-75.15,67.58],[-75.13,67.9],[-75.12,68.11],[-75.47,68.25],[-75.88,68.34],[-76.5,68.27],[-76.79,68.15],[-77.11,67.85],[-77.25,67.65],[-77.17,67.44],[-77.06,67.33],[-76.86,67.26],[-76.27,67.25]]],[[[-97.41,69.75],[-97.74,69.83],[-98.12,69.8],[-98.25,69.69],[-98.3,69.39],[-98.48,69.31],[-99.17,69.13],[-99.37,68.97],[-98.88,68.89],[-98.61,68.86],[-98.17,68.78],[-97.61,68.64],[-97.21,68.61],[-96.79,68.53],[-96.47,68.51],[-96.21,68.54],[-95.64,68.76],[-95.51,68.81],[-96.01,69.04],[-96.15,69.17],[-96.18,69.3],[-96.76,69.48],[-97.41,69.75]]],[[[-110.08,72.56],[-110.23,72.53],[-110.57,72.54],[-110.84,72.47],[-111.2,72.37],[-111.49,72.36],[-111.73,72.33],[-111.64,72.73],[-112.06,72.84],[-112.84,72.95],[-113.24,72.94],[-113.75,72.7],[-114.1,72.64],[-114.47,72.63],[-114.46,72.99],[-114.22,73.15],[-114.19,73.24],[-114.65,73.35],[-115.15,73.31],[-115.46,73.19],[-116.06,73.12],[-116.64,73],[-116.81,72.92],[-117.22,72.86],[-118.4,72.48],[-118.99,72.03],[-118.97,71.91],[-118.65,71.8],[-118.34,71.82],[-118.04,71.74],[-117.74,71.58],[-117.49,71.5],[-117.31,71.47],[-116.6,71.55],[-115.69,71.58],[-115.52,71.42],[-115.74,71.3],[-116.16,71.25],[-116.96,71.19],[-117.41,71.2],[-118,71.11],[-118.37,71.08],[-118.5,71.05],[-118.5,70.96],[-117.76,70.72],[-117.49,70.72],[-117.06,70.75],[-116.3,70.77],[-115.59,70.76],[-113.76,70.74],[-112.89,70.65],[-111.85,70.42],[-111.54,70.33],[-111.73,70.26],[-112.5,70.24],[-112.99,70.24],[-113.95,70.26],[-114.37,70.26],[-115.15,70.27],[-115.55,70.23],[-115.96,70.22],[-116.21,70.23],[-116.49,70.15],[-117.19,70.12],[-117.43,70.02],[-117.57,69.99],[-116.99,69.74],[-116.66,69.52],[-116.3,69.43],[-115.91,69.35],[-115.34,69.3],[-113.92,69.25],[-113.72,69.2],[-113.54,69.11],[-113.54,68.98],[-113.63,68.93],[-113.6,68.72],[-113.15,68.6],[-112.74,68.59],[-112.52,68.63],[-111.63,68.61],[-111.09,68.64],[-110.45,68.65],[-109.21,68.81],[-108.65,69],[-108.01,69.05],[-107.54,69.06],[-107.03,69.28],[-106.85,69.45],[-106.59,69.5],[-106.38,69.48],[-106.18,69.33],[-105.93,69.23],[-104.91,69.01],[-104.19,68.9],[-103.65,68.86],[-103.18,68.85],[-102.54,68.91],[-102.28,68.95],[-102.05,69.07],[-101.81,69.14],[-101.8,69.24],[-102.2,69.48],[-102.5,69.43],[-102.78,69.36],[-103.27,69.33],[-103.36,69.64],[-103.25,69.69],[-102.79,69.71],[-102.49,69.8],[-102.24,69.88],[-101.81,69.77],[-101.45,69.67],[-100.97,69.63],[-100.89,69.67],[-101.06,70.03],[-101.51,70.21],[-102.44,70.47],[-103.12,70.51],[-103.63,70.62],[-103.86,70.7],[-104.49,70.99],[-104.59,71.05],[-104.68,71.19],[-104.53,71.46],[-104.45,71.57],[-104.47,71.65],[-104.85,71.93],[-105.01,72.04],[-105.24,72.33],[-105.31,72.65],[-105.45,72.79],[-105.61,72.87],[-106.52,73.19],[-107.32,73.27],[-108.18,73.38],[-108.28,73.22],[-108.09,72.63],[-107.53,72.02],[-107.59,71.9],[-108.06,71.76],[-108.35,71.91],[-108.78,72.39],[-108.87,72.62],[-108.99,72.73],[-109.29,72.84],[-109.83,72.95],[-110.45,73.01],[-110.52,73],[-110.08,72.56]]],[[[-101.04,72.77],[-101.52,72.87],[-101.99,73.08],[-102.28,73.15],[-102.67,72.85],[-101.65,72.37],[-101.41,72.29],[-100.76,72.24],[-100.32,72.14],[-99.86,71.93],[-99.43,71.64],[-98.94,71.39],[-98.72,71.35],[-98.37,71.37],[-98,71.55],[-98.48,71.8],[-98.48,71.89],[-98.19,71.85],[-97.84,71.69],[-97.58,71.64],[-97.28,71.65],[-97.06,71.72],[-96.85,71.88],[-96.73,72.19],[-96.66,72.34],[-96.35,72.5],[-96.43,72.7],[-96.69,72.82],[-96.86,72.82],[-97.25,72.93],[-97.74,73.01],[-98.05,72.97],[-98.28,73.02],[-98.39,73.13],[-98.36,73.22],[-98.19,73.29],[-97.49,73.46],[-97.34,73.61],[-97.08,73.67],[-96.94,73.79],[-97.35,73.89],[-97.96,73.92],[-98.51,73.86],[-98.71,73.75],[-98.97,73.73],[-99.22,73.74],[-99.67,73.92],[-99.86,73.92],[-100.18,73.82],[-100.93,73.86],[-100.99,73.81],[-100.91,73.71],[-100.43,73.52],[-99.96,73.26],[-99.96,73.17],[-100.15,73.15],[-100.56,72.87],[-100.83,72.75],[-101.04,72.77]]],[[[-95.07,74.06],[-94.99,73.94],[-94.8,73.82],[-94.76,73.74],[-95.32,73.76],[-95.49,73.61],[-95.61,73.32],[-95.64,73.14],[-95.55,72.88],[-95.12,72.52],[-95.06,72.28],[-94.54,72.19],[-94.11,72.22],[-93.72,72.39],[-93.64,72.53],[-94.27,72.85],[-93.69,72.88],[-92.62,72.81],[-92,72.84],[-91.32,73.26],[-90,73.59],[-90,73.78],[-90,73.86],[-90,73.9],[-90,74],[-91.05,74.05],[-91.52,74.05],[-92.12,73.99],[-92.69,74.01],[-93.35,74.12],[-93.9,74.16],[-94.87,74.14],[-94.97,74.1],[-95.07,74.06]]],[[[-72.73,64.01],[-72.39,63.86],[-71.88,63.8],[-71.26,63.57],[-71.54,63.36],[-71.69,63.33],[-71.62,63.21],[-71.32,63.06],[-70.78,62.96],[-70.67,62.86],[-70.65,62.93],[-70.36,62.86],[-70.08,62.77],[-69.56,62.71],[-69.16,62.42],[-68.66,62.31],[-68.01,62.26],[-67.45,62.13],[-66.77,61.94],[-65.94,61.79],[-66.13,62.1],[-66.33,62.32],[-66.68,62.57],[-67.26,62.86],[-68.09,63.15],[-68.48,63.34],[-68.84,63.65],[-68.88,63.75],[-68.49,63.74],[-68.23,63.67],[-67.68,63.45],[-67.77,63.8],[-67.29,63.5],[-67.14,63.38],[-66.5,63.08],[-66.09,62.99],[-65.76,63.02],[-65.7,63.01],[-65.3,62.7],[-65.02,62.55],[-64.77,62.48],[-64.94,62.71],[-65.13,62.9],[-65.16,62.99],[-64.74,62.93],[-64.73,63.07],[-65.21,63.64],[-65.26,63.76],[-65.25,63.87],[-65,63.76],[-64.42,63.25],[-64.36,63.44],[-64.47,63.74],[-64.62,63.85],[-65.05,64.05],[-65.31,64.18],[-65.42,64.27],[-65.33,64.36],[-65.04,64.41],[-65.66,64.59],[-65.93,64.71],[-66.19,64.89],[-66.32,64.91],[-66.6,64.77],[-66.83,64.96],[-67.1,65.32],[-67.33,65.58],[-67.59,65.62],[-67.87,65.63],[-68.25,66.06],[-68.38,66.28],[-68.09,66.19],[-67.78,66.03],[-67.61,65.91],[-67.31,65.93],[-67.16,65.99],[-67.63,66.29],[-67.76,66.37],[-67.75,66.48],[-67.46,66.51],[-67.26,66.62],[-66.91,66.59],[-66.57,66.46],[-66.04,66.19],[-65.72,66.05],[-65.27,66.02],[-65.17,66.01],[-65.03,65.95],[-65.16,65.78],[-65.18,65.65],[-64.84,65.38],[-64.43,65.5],[-64.28,65.38],[-64.28,65.27],[-64.18,65.19],[-63.85,65.11],[-63.54,65],[-63.35,65.02],[-63.51,65.43],[-63.38,65.93],[-63.01,65.66],[-62.84,65.61],[-62.7,65.75],[-62.54,65.85],[-62.07,65.94],[-62.09,66.06],[-62.22,66.13],[-62.66,66.34],[-62.3,66.43],[-62.19,66.41],[-61.86,66.32],[-61.49,66.34],[-61.45,66.49],[-61.33,66.53],[-61.21,66.64],[-61.3,66.68],[-61.79,66.86],[-62.1,67.02],[-62.52,66.85],[-62.75,66.85],[-63.16,66.93],[-62.99,67.18],[-63.39,67.2],[-63.62,67.14],[-64.26,67.12],[-64.61,67.12],[-64.6,67.32],[-64.24,67.37],[-63.93,67.41],[-64.1,67.57],[-64.49,67.78],[-64.83,67.95],[-65.1,67.97],[-65.4,67.9],[-65.53,67.87],[-66.17,68],[-66.41,68.02],[-66.74,67.93],[-66.9,68.1],[-66.92,68.23],[-67.03,68.31],[-67.62,68.46],[-68.22,68.63],[-68.47,68.64],[-68.67,68.72],[-68.78,68.84],[-68.08,68.9],[-67.98,68.99],[-68.53,69.25],[-68.39,69.33],[-68.02,69.3],[-67.63,69.21],[-67.17,69.17],[-66.83,69.17],[-66.67,69.19],[-66.77,69.32],[-67.02,69.42],[-67.44,69.5],[-68.04,69.53],[-68.21,69.59],[-68.23,69.71],[-68.04,69.77],[-67.5,69.8],[-67.04,69.8],[-67.33,70.03],[-67.58,70.19],[-67.8,70.27],[-68.02,70.3],[-68.18,70.25],[-68.37,70.12],[-68.92,70.07],[-69.26,69.99],[-69.46,69.96],[-69.7,70.07],[-69.59,70.2],[-68.75,70.39],[-68.54,70.49],[-68.47,70.56],[-68.72,70.68],[-69.09,70.78],[-69.68,70.74],[-70.06,70.65],[-70.29,70.62],[-70.65,70.76],[-70.67,71.08],[-71.15,71.03],[-71.36,70.96],[-71.88,70.93],[-71.56,71.16],[-71.28,71.32],[-71.25,71.35],[-71.66,71.51],[-72.53,71.63],[-73.12,71.27],[-73.28,71.16],[-73.51,71.35],[-73.67,71.56],[-73.89,71.66],[-74.11,71.69],[-74.41,71.61],[-74.81,71.42],[-75,71.45],[-75.2,71.57],[-75.14,71.67],[-74.77,71.79],[-74.55,71.91],[-74.31,71.95],[-74.31,72.04],[-74.64,72.2],[-74.9,72.28],[-75.18,72.43],[-75.32,72.55],[-75.63,72.61],[-76.15,72.57],[-76.68,72.63],[-77.12,72.71],[-77.46,72.73],[-77.9,72.7],[-78.36,72.58],[-78.57,72.37],[-78.67,72.31],[-78.57,71.93],[-78.66,71.87],[-79.06,71.96],[-79.13,72.17],[-79.13,72.29],[-79.33,72.37],[-79.69,72.38],[-79.95,72.34],[-80.08,72.14],[-80.57,72],[-80.86,72.01],[-81.03,72.05],[-81.04,72.38],[-80.72,72.66],[-80.46,72.97],[-80.49,73.04],[-81.18,73.47],[-81.53,73.69],[-81.91,73.75],[-82.2,73.78],[-82.7,73.78],[-83.46,73.64],[-83.93,73.58],[-84.51,73.49],[-84.86,73.35],[-84.31,73.2],[-83.88,73.07],[-84.56,73.05],[-85.11,73.08],[-85.51,72.94],[-85.53,72.7],[-85.5,72.61],[-85.15,72.48],[-84.83,72.47],[-84.29,72.26],[-84.67,72.22],[-85.12,72.28],[-85.33,72.19],[-85.56,72.08],[-85.6,72.01],[-85.2,71.77],[-85.01,71.71],[-84.69,71.66],[-84.53,71.54],[-84.49,71.35],[-84.78,71.06],[-85.46,71.11],[-85.89,71.12],[-85.86,71.26],[-85.29,71.41],[-85.24,71.46],[-85.94,71.74],[-86.33,71.99],[-86.45,72.13],[-86.41,72.32],[-86.21,72.45],[-86.78,72.69],[-86.86,72.86],[-86.66,73.1],[-86.03,73.38],[-85.67,73.6],[-85.25,73.78],[-85.64,73.86],[-86.25,73.88],[-86.89,73.83],[-87.21,73.79],[-87.43,73.73],[-87.74,73.73],[-87.91,73.65],[-88.1,73.64],[-88.43,73.47],[-88.85,73.32],[-89.1,73.2],[-89.64,72.78],[-89.84,72.43],[-89.82,72.35],[-89.33,72.17],[-89.37,72.07],[-89.66,72.04],[-89.81,71.98],[-89.95,71.73],[-90,71.54],[-89.44,71.44],[-89.19,71.43],[-88.85,71.45],[-88.36,71.4],[-87.95,71.35],[-87.59,71.23],[-87.17,71.02],[-87.31,70.93],[-87.7,70.92],[-88.25,70.97],[-88.76,71],[-89.15,70.97],[-89.21,70.84],[-89.02,70.68],[-88.43,70.46],[-87.95,70.38],[-87.4,70.36],[-87.12,70.4],[-86.94,70.56],[-86.54,70.53],[-86.37,70.46],[-86.37,70.2],[-85.98,70.11],[-85.47,70.1],[-84.87,70.11],[-83.98,70.04],[-83.31,69.96],[-82.93,70.01],[-82.61,69.96],[-82.27,69.86],[-81.99,69.93],[-81.81,69.98],[-81.6,69.96],[-80.83,69.71],[-80.95,69.91],[-81.14,70.01],[-81.16,70.11],[-81.01,70.18],[-80.71,70.15],[-80.19,70.03],[-79.83,69.92],[-79.49,69.9],[-79.24,69.88],[-78.94,69.91],[-78.71,70.01],[-78.74,70.15],[-78.94,70.27],[-80.22,70.59],[-80.42,70.61],[-80.66,70.75],[-80.49,70.81],[-80.27,70.78],[-79.74,70.67],[-79.38,70.59],[-79.1,70.66],[-78.93,70.6],[-78.62,70.45],[-78.21,70.31],[-78,70.29],[-77.7,70.14],[-77.62,69.89],[-77.37,69.81],[-76.97,69.8],[-76.27,69.5],[-75.55,69.22],[-75.62,69.1],[-76.18,69.06],[-76.64,69.03],[-76.55,68.73],[-75.98,68.81],[-75.7,68.82],[-75.57,68.87],[-75.2,68.86],[-74.95,68.95],[-74.75,69.04],[-74.52,68.87],[-74.41,68.66],[-73.94,68.44],[-73.37,68.3],[-73.18,68.3],[-72.94,68.13],[-72.76,67.91],[-72.35,67.53],[-72.3,67.26],[-72.53,67.09],[-72.87,66.89],[-73.04,66.64],[-73.67,66.38],[-73.99,66.27],[-74.26,66.24],[-74.33,66.16],[-74.28,66.06],[-73.93,65.9],[-73.42,65.53],[-73.49,65.41],[-73.85,65.42],[-74.08,65.45],[-74.37,65.4],[-74.66,65.32],[-75.1,65.28],[-75.37,65.26],[-75.4,65.18],[-75.33,65.09],[-75.36,64.92],[-75.79,65.2],[-76.02,65.26],[-76.66,65.34],[-77.27,65.39],[-77.36,65.38],[-77.3,65.14],[-77.39,65.06],[-77.87,64.99],[-78.04,64.83],[-78.13,64.65],[-78.1,64.51],[-77.74,64.39],[-77.13,64.31],[-76.53,64.23],[-75.94,64.27],[-75.74,64.4],[-75.59,64.53],[-75.45,64.55],[-74.69,64.4],[-74.5,64.39],[-74.43,64.44],[-74.56,64.78],[-74.26,64.77],[-73.67,64.6],[-73.16,64.57],[-73.15,64.34],[-72.73,64.01]]],[[[-87.45,82.14],[-88.07,82.13],[-88.64,82.07],[-90,82.02],[-90,82.01],[-90,81.97],[-91.22,81.84],[-91.08,81.54],[-90,81.45],[-90,81.44],[-89.56,81.42],[-89.25,81.24],[-89.19,81.1],[-89.5,81.09],[-89.68,81.03],[-89.42,80.91],[-89.24,80.86],[-88.32,81.17],[-86.44,81.39],[-85.81,81.39],[-85.19,81.32],[-84.92,81.21],[-84.92,81.12],[-85.36,80.99],[-85.5,80.62],[-84.79,80.78],[-83.82,80.77],[-83.58,80.84],[-83.48,80.89],[-82.79,80.7],[-82.53,80.73],[-81.88,80.75],[-81.23,80.84],[-80.65,80.91],[-80.09,81.02],[-78.96,81.03],[-78.32,80.97],[-77.52,80.75],[-78.16,80.73],[-78.68,80.68],[-79.6,80.64],[-80.28,80.54],[-81.06,80.53],[-81.72,80.39],[-82.26,80.05],[-81.36,79.91],[-80.73,79.66],[-81.11,79.7],[-81.76,79.68],[-82.9,80.03],[-83.62,80.21],[-84.53,80.23],[-85.38,80.23],[-86.17,80.28],[-86.31,80.23],[-86.32,80.11],[-85.69,79.72],[-85.51,79.83],[-83.91,79.26],[-83.13,79.12],[-81.6,78.75],[-82.11,78.74],[-82.33,78.67],[-82.93,78.72],[-83.84,78.86],[-84.46,78.89],[-84.98,78.91],[-85.81,78.91],[-86.3,78.83],[-86.83,78.59],[-86.92,78.25],[-86.63,78.3],[-86.51,78.3],[-85.63,78.23],[-84.84,78.16],[-84.94,78.09],[-84.87,77.71],[-84.41,77.63],[-83.05,77.63],[-83.28,77.49],[-83.32,77.37],[-83.69,77.31],[-84.44,77.3],[-84.93,77.35],[-85.54,77.49],[-86.04,77.72],[-86.44,77.82],[-87.22,77.86],[-87.81,77.88],[-88.03,77.82],[-88.05,77.75],[-87.58,77.46],[-87.1,77.28],[-87.32,77.2],[-87.85,77.22],[-88.29,77.14],[-88.56,77.03],[-89.25,76.98],[-89.35,76.87],[-89.42,76.61],[-88.59,76.47],[-88.31,76.54],[-88.18,76.74],[-87.89,76.68],[-87.27,76.5],[-86.84,76.47],[-85.81,76.46],[-85.04,76.41],[-84.67,76.47],[-84.56,76.54],[-84.8,76.87],[-84.62,76.89],[-84.16,76.68],[-83.76,76.54],[-83.09,76.48],[-82.42,76.47],[-82.57,76.7],[-82.57,76.78],[-81.92,76.63],[-81.63,76.63],[-81.38,76.65],[-81.02,76.36],[-80.81,76.24],[-80.31,76.27],[-79.84,76.37],[-79.42,76.43],[-78.21,76.55],[-77.8,76.73],[-77.82,76.89],[-78.12,77.04],[-79.02,77.06],[-79.71,77.13],[-80.5,77.19],[-81.47,77.24],[-81.64,77.27],[-82.1,77.32],[-81.55,77.54],[-81.1,77.58],[-80.46,77.47],[-79.54,77.42],[-78.86,77.37],[-78.51,77.44],[-78.22,77.57],[-78.18,77.68],[-78.37,78.03],[-78.18,78.07],[-77.41,77.99],[-77.02,77.97],[-76.29,78.01],[-76.14,78.07],[-76.48,78.18],[-76.62,78.3],[-76.44,78.38],[-76.24,78.35],[-75.75,78.36],[-75.52,78.68],[-75.06,78.73],[-74.91,78.82],[-74.96,79.12],[-75.21,79.19],[-76.25,79.32],[-76.73,79.33],[-77.3,79.29],[-77.24,79.58],[-76.33,79.61],[-75.17,79.51],[-74.69,79.52],[-74.11,79.53],[-73.67,79.52],[-73.38,79.58],[-74.54,79.89],[-74.25,80.04],[-73.17,79.97],[-72.51,79.87],[-71.8,79.85],[-71.45,79.85],[-70.42,80.05],[-70.22,80.14],[-70.51,80.55],[-69.5,80.55],[-69.08,80.68],[-68.55,80.84],[-67.95,80.94],[-67.01,81.17],[-66.48,81.3],[-65.86,81.4],[-65.3,81.46],[-65.22,81.51],[-65.59,81.7],[-65.94,81.71],[-66.71,81.59],[-67.17,81.57],[-67.52,81.59],[-67.85,81.75],[-67.59,81.96],[-66.72,82.04],[-66.37,82.1],[-65.35,82.1],[-64.36,82.03],[-63.92,82.01],[-63.09,82.1],[-62.55,82.26],[-61.99,82.31],[-61.82,82.47],[-62.43,82.63],[-63.19,82.65],[-63.52,82.7],[-64.01,82.78],[-64.65,82.82],[-64.71,82.82],[-65.05,82.88],[-65.48,82.9],[-66.82,82.91],[-67.7,82.87],[-68.92,83],[-70.58,83.18],[-71.07,83.14],[-70.92,82.93],[-70.9,82.81],[-71.18,82.81],[-71.55,82.96],[-71.93,83.08],[-72.56,83.1],[-73.36,83.1],[-73.23,82.86],[-73.25,82.77],[-73.42,82.78],[-74.16,82.99],[-74.9,83.02],[-75.73,83.1],[-76.38,83.15],[-76.61,83.04],[-76.23,82.91],[-75.8,82.68],[-75.92,82.52],[-76.08,82.54],[-76.62,82.74],[-77.07,82.86],[-77.95,82.95],[-78.7,83],[-79.77,82.91],[-80.41,82.87],[-80.91,82.76],[-81.52,82.69],[-81.65,82.58],[-81.29,82.39],[-80.54,82.23],[-79.89,82.04],[-80.09,81.97],[-80.75,82.04],[-81.39,82.08],[-82.57,82.22],[-83.72,82.29],[-84.06,82.29],[-84.95,82.38],[-85.74,82.33],[-86.32,82.21],[-86.5,82.04],[-86.68,81.99],[-87.45,82.14]]],[[[-95.63,77.04],[-96.72,77.02],[-96.81,76.92],[-96.28,76.73],[-95.87,76.51],[-95.72,76.47],[-95.53,76.5],[-94.51,76.42],[-93.94,76.4],[-93.82,76.48],[-93.87,76.63],[-93.79,76.74],[-94.2,76.9],[-94.27,76.9],[-94.93,76.92],[-95.63,77.04]]],[[[-89.04,80.17],[-89.27,80.39],[-89.42,80.61],[-89.8,80.7],[-90,80.66],[-90,80.64],[-91.02,80.75],[-91.31,80.87],[-92.02,81.26],[-92.4,81.35],[-92.82,81.38],[-93.43,81.44],[-93.2,81.23],[-93.27,81.15],[-93.53,81.12],[-94.04,81.16],[-94.59,81.08],[-95.06,81.03],[-94.25,80.67],[-94.32,80.57],[-94.74,80.59],[-95.08,80.58],[-95.41,80.52],[-95.58,80.39],[-95.24,80.23],[-94.68,80.12],[-95.7,80.04],[-96.59,80.09],[-96.43,79.93],[-95.79,79.72],[-95.31,79.49],[-95.04,79.4],[-94.59,79.41],[-94.32,79.49],[-93.67,79.48],[-93.18,79.53],[-91.82,79.44],[-90,79.13],[-91.41,79.17],[-91.81,79.21],[-93.3,79.26],[-94.19,79.15],[-94.1,79.02],[-92.7,78.43],[-92.48,78.44],[-92.08,78.37],[-91.42,78.31],[-90,78.26],[-90,78.28],[-90,78.3],[-90,78.33],[-90,78.62],[-89.61,78.48],[-89.12,78.34],[-88.94,78.36],[-88.76,78.45],[-88.75,78.56],[-88.96,78.75],[-88.66,78.9],[-87.99,78.72],[-87.79,78.73],[-87.67,78.87],[-87.54,78.96],[-87.17,79.13],[-86.45,79.23],[-85.76,79.38],[-85.25,79.26],[-85.99,79.49],[-86.57,79.45],[-87,79.45],[-87.34,79.64],[-87.37,80.02],[-87.34,80.09],[-87.5,80.23],[-87.83,80.37],[-88.15,80.46],[-88.35,80.41],[-88.37,80.23],[-88.34,80.12],[-88.85,80.14],[-89.04,80.17]]]]},"properties":{"NAME":"Dorset","SUBJECTO":"Dorset","BORDERPRECISION":1}},
{"type":"Feature","geometry":{"type":"Polygon","coordinates":[[[-140.05,62.5],[-141.14,59.84],[-140.9,59.79],[-140.43,59.76],[-140.13,59.77],[-139.93,59.83],[-139.57,59.9],[-139.4,59.83],[-139.31,59.71],[-139.37,59.63],[-139.79,59.52],[-139.2,59.28],[-138.78,59.18],[-138.74,59.18],[-138.45,59.16],[-138.2,59.03],[-137.58,58.6],[-137.09,58.45],[-136.36,58.52],[-136.37,58.62],[-136.94,58.94],[-136.39,58.84],[-136.15,58.9],[-135.97,58.7],[-135.74,58.47],[-135.62,58.44],[-135.3,58.37],[-135.28,58.44],[-135.33,58.58],[-135.51,58.97],[-135.47,59.34],[-135.31,59.35],[-135.14,59.17],[-135.05,58.91],[-134.83,58.56],[-134.38,58.38],[-134.12,58.24],[-134.02,58.12],[-133.84,58],[-133.64,57.97],[-133.5,57.9],[-133.47,57.84],[-133.64,57.74],[-133.6,57.64],[-133.34,57.38],[-133.4,57.22],[-133.2,57.16],[-132.87,57.02],[-132.56,56.7],[-132.27,56.51],[-132.1,56.35],[-132.18,56.25],[-132.28,56.13],[-132.26,55.94],[-132.26,55.85],[-132.03,55.89],[-131.96,55.97],[-131.77,56.01],[-131.19,56.03],[-131.1,55.91],[-130.89,55.77],[-130.7,55.47],[-130.73,55.27],[-130.77,55.07],[-130.69,54.97],[-130.55,54.91],[-130.41,55.02],[-130.27,55.07],[-130.07,55.1],[-130,55.29],[-129.84,54.98],[-130.04,54.84],[-130.11,54.73],[-130.3,54.55],[-130.27,54.35],[-130.18,54.17],[-130,53.94],[-129.43,53.52],[-129.06,53.74],[-128.81,53.76],[-128.83,53.53],[-128.89,53.42],[-128.43,52.94],[-128.08,52.94],[-128.06,52.5],[-127.87,52.41],[-125.76,53.13],[-122.49,54.24],[-111.28,58.55],[-118.2,62.71],[-124.94,64.83],[-132.43,62.5],[-139.52,62.42],[-140.05,62.5]]]},"properties":{"NAME":"Athabaskan","SUBJECTO":"Athabaskan","BORDERPRECISION":1}},
{"type":"Feature","geometry":{"type":"Polygon","coordinates":[[[-160.94,63.98],[-160.89,63.86],[-160.97,63.64],[-161.13,63.56],[-161.56,63.54],[-161.91,63.53],[-162.47,63.41],[-162.78,63.22],[-162.97,63.1],[-163.31,63.04],[-163.53,63.08],[-163.97,63.2],[-164.29,63.25],[-164.47,63.17],[-164.7,62.96],[-164.88,62.82],[-165.03,62.65],[-165.43,62.43],[-165.53,62.27],[-165.58,62.14],[-165.8,62.04],[-165.83,61.83],[-166.19,61.75],[-165.91,61.31],[-165.9,61.27],[-165.51,61.26],[-165.42,61.26],[-165.14,61.18],[-164.54,60.95],[-164.3,60.94],[-164.06,61.04],[-163.89,61.04],[-163.69,60.92],[-163.52,60.71],[-163.63,60.6],[-163.94,60.61],[-164.53,60.75],[-164.84,60.82],[-165,60.62],[-165.13,60.54],[-165.05,60.42],[-164.59,60.21],[-164.38,60.06],[-164.21,59.9],[-164.03,59.8],[-163.54,59.84],[-163.35,59.93],[-163.02,59.97],[-162.38,60.16],[-161.99,59.71],[-161.93,59.52],[-162.06,59.29],[-162,58.83],[-161.97,58.78],[-161.94,58.72],[-161.65,58.68],[-161.12,58.75],[-160.83,58.9],[-160.84,58.96],[-160.43,59],[-160.07,58.95],[-159.81,58.94],[-159.58,58.81],[-159.37,58.63],[-159.11,58.49],[-158.93,58.43],[-158.86,58.45],[-158.87,58.61],[-158.97,58.77],[-158.91,58.87],[-158.64,58.97],[-158.52,59],[-158.29,58.73],[-157.99,58.72],[-157.42,58.8],[-157.14,58.86],[-157.15,58.67],[-157.24,58.49],[-157.55,58.27],[-157.66,57.93],[-157.67,57.6],[-157.79,57.51],[-158.12,57.34],[-158.45,57.21],[-158.66,57.08],[-158.67,56.84],[-158.62,56.75],[-159.25,56.78],[-159.78,56.58],[-159.98,56.42],[-160.11,56.32],[-160.46,56.2],[-160.61,56.04],[-160.61,55.96],[-160.17,55.81],[-159.61,55.89],[-159.08,55.99],[-158.74,56.19],[-158.61,56.37],[-158.53,56.45],[-157.98,56.65],[-157.75,56.77],[-157.4,56.85],[-156.99,56.91],[-156.5,57.1],[-156.45,57.18],[-156.68,57.4],[-156.37,57.57],[-155.9,57.72],[-155.6,57.9],[-154.95,58.03],[-154.65,58.08],[-154.4,58.25],[-154.21,58.43],[-153.96,58.55],[-153.68,58.64],[-153.49,58.79],[-153.45,58.88],[-153.66,58.98],[-153.96,59.03],[-154.13,59.04],[-154.3,59.12],[-154.28,59.25],[-153.98,59.52],[-153.71,59.64],[-153.41,59.71],[-153.15,59.74],[-152.9,59.9],[-152.82,60.13],[-152.88,60.28],[-152.74,60.34],[-152.56,60.38],[-152.19,60.66],[-151.73,60.78],[-151.34,60.95],[-151.08,61.15],[-150.88,61.19],[-150.78,61.29],[-150.31,61.31],[-149.87,61.14],[-149.32,60.93],[-149.42,60.86],[-149.91,60.91],[-150.44,60.91],[-150.83,60.8],[-151.16,60.66],[-151.23,60.47],[-151.42,60.25],[-151.78,59.99],[-151.78,59.95],[-151.49,59.71],[-151.45,59.54],[-151.77,59.36],[-151.8,59.3],[-151.88,59.16],[-151.39,59.21],[-150.92,59.41],[-150.5,59.62],[-150.02,59.71],[-149.58,59.99],[-149.33,60.03],[-149.06,60],[-148.7,59.9],[-148.49,59.9],[-148.3,60.11],[-148.26,60.28],[-148.34,60.41],[-148.84,60.55],[-148.73,60.73],[-148.55,60.84],[-148.47,60.87],[-148.49,61.06],[-148.19,61.1],[-147.94,61.21],[-147.64,61.05],[-147.27,60.94],[-146.58,60.84],[-146.19,60.73],[-146,60.66],[-145.89,60.52],[-145.49,60.38],[-145.14,60.45],[-145,60.55],[-144.81,60.32],[-144.52,60.14],[-144.41,60.09],[-144.05,60.05],[-143.08,60.07],[-142.42,60.02],[-141.96,60.04],[-141.75,60.13],[-141.59,60.14],[-141.44,60.09],[-141.37,60.01],[-141.39,59.9],[-141.14,59.84],[-140.05,62.5],[-144.68,63.19],[-150.13,63.32],[-160.94,63.98]]]},"properties":{"NAME":"Thule","SUBJECTO":"Thule","BORDERPRECISION":1}},
{"type":"Feature","geometry":{"type":"Polygon","coordinates":[[[-62.49,54.51],[-62.59,54.57],[-62.89,54.73],[-65.64,55.26],[-71.03,55.2],[-74.2,52.93],[-78.74,52.74],[-78.72,52.69],[-78.57,52.49],[-78.49,52.26],[-78.55,52.01],[-78.8,51.77],[-78.7,51.57],[-78.75,51.32],[-78.82,51.16],[-78.94,51.32],[-79.11,51.52],[-79.28,51.6],[-79.53,51.42],[-79.59,51.27],[-79.5,51.14],[-79.34,50.84],[-79.75,51.11],[-80.07,51.3],[-80.36,51.3],[-80.4,51.38],[-80.57,51.64],[-80.88,51.91],[-81.31,52.12],[-81.75,52.17],[-81.71,52.33],[-81.73,52.55],[-81.85,52.71],[-82.07,52.86],[-82.34,52.98],[-82.35,53.07],[-82.21,53.34],[-82.16,53.8],[-82.19,53.99],[-82.33,54.14],[-82.4,54.27],[-82.34,54.65],[-82.2,54.97],[-82.38,55.06],[-83.02,55.15],[-83.58,55.22],[-83.95,55.19],[-84.15,55.21],[-84.47,55.17],[-84.72,55.21],[-85.16,55.33],[-85.6,55.51],[-85.89,55.61],[-87.47,55.91],[-87.91,56.33],[-88.77,56.74],[-89.73,56.93],[-90.2,57.07],[-90.44,57.14],[-90.7,57.17],[-90.77,57.18],[-91.34,57.16],[-92.18,56.97],[-92.4,56.98],[-92.71,56.83],[-93.82,56.86],[-102.14,57.21],[-111.28,58.55],[-122.49,54.24],[-115.03,52.03],[-114.47,52],[-105.19,51.45],[-98.92,50.23],[-95.57,50],[-95.17,49.97],[-87.79,49.93],[-85.04,49.09],[-81.93,48.9],[-72.32,46.3],[-71.12,46.64],[-71.03,46.75],[-70.81,47.17],[-70.6,47.43],[-70.41,47.56],[-70.19,47.81],[-69.8,48.19],[-69.65,48.3],[-69.51,48.46],[-69.15,48.73],[-68.8,48.98],[-68.31,49.23],[-68.07,49.29],[-67.58,49.34],[-67.32,49.43],[-67.19,49.58],[-67.1,49.83],[-66.85,50.09],[-66.62,50.22],[-66.37,50.31],[-65.58,50.36],[-65.17,50.35],[-65.01,50.34],[-64.74,50.33],[-64.36,50.31],[-62.49,54.51]]]},"properties":{"NAME":"Subarctic forest hunter-gatherers","SUBJECTO":"Subarctic forest hunter-gatherers","BORDERPRECISION":1}},
{"type":"Feature","geometry":{"type":"Polygon","coordinates":[[[-69.17,-51.15],[-69.14,-50.92],[-69.04,-50.56],[-68.9,-50.38],[-68.71,-50.29],[-68.27,-50.17],[-67.83,-49.97],[-67.73,-49.82],[-67.65,-49.62],[-67.7,-49.39],[-67.66,-49.18],[-67.58,-49.06],[-67.26,-48.74],[-66.56,-48.38],[-66.08,-48.14],[-65.99,-48.08],[-65.84,-47.87],[-65.78,-47.71],[-65.71,-47.35],[-65.78,-47.23],[-65.94,-47.19],[-66.38,-47.13],[-66.67,-47.02],[-67.11,-46.73],[-67.33,-46.53],[-67.47,-46.27],[-67.5,-46.1],[-67.47,-45.92],[-67.23,-45.55],[-66.97,-45.31],[-66.69,-45.13],[-66.41,-45.02],[-66.19,-44.98],[-65.66,-44.94],[-65.44,-44.89],[-65.63,-44.72],[-65.64,-44.63],[-65.27,-44.26],[-65.23,-44.14],[-65.31,-43.79],[-65.31,-43.6],[-65.05,-43.33],[-64.7,-43.2],[-64.31,-43.03],[-64.34,-43.01],[-64.54,-42.96],[-64.75,-42.91],[-65.02,-42.88],[-65.09,-42.78],[-64.99,-42.74],[-64.69,-42.65],[-64.22,-42.62],[-64.17,-42.65],[-64.12,-42.78],[-64,-42.85],[-63.8,-42.82],[-63.66,-42.78],[-63.6,-42.7],[-63.62,-42.57],[-63.73,-42.1],[-63.9,-42.12],[-64.29,-42.2],[-64.12,-42.38],[-64.29,-42.47],[-64.64,-42.44],[-64.99,-42.19],[-65.03,-42.02],[-64.92,-41.73],[-64.94,-41.55],[-65.13,-41.24],[-65.15,-40.98],[-65.05,-40.85],[-64.94,-40.83],[-64.28,-41.01],[-63.84,-41.16],[-63.48,-41.19],[-62.96,-41.14],[-62.73,-41.05],[-62.4,-40.92],[-62.35,-40.9],[-62.26,-40.8],[-62.29,-40.67],[-62.47,-40.37],[-62.43,-40.2],[-62.28,-39.97],[-62.11,-39.69],[-62.07,-39.56],[-62.21,-39.47],[-62.35,-39.33],[-62.37,-38.97],[-62.31,-38.88],[-61.89,-38.98],[-61.36,-39.03],[-60.94,-39.01],[-60.32,-38.96],[-59.52,-38.87],[-58.65,-38.69],[-58.18,-38.54],[-57.81,-38.39],[-57.64,-38.26],[-57.5,-37.93],[-57.17,-37.58],[-56.84,-37.16],[-56.7,-36.94],[-56.8,-36.54],[-56.85,-36.49],[-57.08,-36.42],[-57.29,-36.27],[-57.37,-36.15],[-57.42,-36],[-57.4,-35.82],[-57.24,-35.58],[-57.23,-35.44],[-57.35,-35.29],[-57.48,-35.21],[-57.8,-35.09],[-58.11,-34.96],[-58.52,-34.59],[-58.53,-34.49],[-58.41,-34.34],[-58.34,-34.22],[-58.18,-34.29],[-57.93,-34.54],[-57.79,-34.6],[-57.56,-34.57],[-57.35,-34.51],[-57.01,-34.58],[-56.72,-34.69],[-56.34,-35],[-56.17,-35.01],[-55.88,-34.89],[-55.63,-34.84],[-55.38,-34.82],[-54.99,-34.97],[-54.62,-34.92],[-54.42,-34.85],[-54.07,-34.65],[-53.79,-34.4],[-53.43,-33.9],[-53.41,-33.88],[-52.92,-33.44],[-52.57,-33.02],[-52.35,-32.68],[-52.15,-31.91],[-52.14,-31.75],[-52.14,-31.74],[-53.54,-31.45],[-54.36,-30.59],[-57.35,-29.68],[-63.56,-30.04],[-67.48,-31.66],[-67.65,-33.58],[-69.44,-37.16],[-71.52,-39.71],[-72.07,-40.55],[-70.58,-40.58],[-71.63,-43.2],[-72.19,-45.99],[-72.04,-48.77],[-71.49,-51.1],[-71.17,-51.56],[-69.11,-51.35],[-69.17,-51.15]]]},"properties":{"NAME":"Pampas cultures","SUBJECTO":"Pampas cultures","BORDERPRECISION":1}},
{"type":"Feature","geometry":{"type":"MultiPolygon","coordinates":[[[[-71.18,9.28],[-70.68,8.56],[-65.97,8.18],[-63.07,8.33],[-62.13,8.64],[-61.7,8.61],[-61.29,8.77],[-61.19,8.87],[-61.12,9.17],[-60.79,9.39],[-61,9.52],[-61.41,9.7],[-61.53,9.85],[-61.7,9.89],[-61.92,9.91],[-62.1,10.02],[-62.19,9.96],[-62.3,9.72],[-62.38,10.01],[-62.66,10.25],[-62.93,10.37],[-62.95,10.45],[-62.91,10.55],[-62.72,10.55],[-62.34,10.54],[-62.2,10.62],[-62.18,10.68],[-62.29,10.73],[-62.7,10.76],[-63.22,10.72],[-63.65,10.69],[-63.86,10.71],[-64.07,10.63],[-64.54,10.26],[-64.71,10.16],[-64.88,10.14],[-65.38,10.15],[-65.6,10.22],[-65.86,10.33],[-65.98,10.41],[-66.16,10.62],[-66.48,10.68],[-66.84,10.65],[-67.1,10.63],[-67.52,10.6],[-67.98,10.54],[-68.14,10.58],[-68.3,10.73],[-68.37,11.01],[-68.55,11.27],[-68.69,11.38],[-68.96,11.47],[-69.17,11.5],[-69.48,11.55],[-69.63,11.54],[-69.74,11.66],[-69.74,11.75],[-69.78,11.79],[-69.79,11.87],[-69.79,11.94],[-69.87,12.01],[-69.93,12.18],[-69.97,12.23],[-70.14,12.21],[-70.29,12.11],[-70.34,12],[-70.2,11.75],[-70.09,11.75],[-70.02,11.76],[-69.92,11.79],[-69.87,11.76],[-69.85,11.71],[-69.79,11.69],[-69.77,11.6],[-69.75,11.53],[-69.81,11.53],[-70.12,11.49],[-70.16,11.39],[-70.61,11.27],[-71.1,11.12],[-71.55,10.95],[-71.46,10.88],[-71.5,10.77],[-71.61,10.73],[-71.5,10.65],[-71.44,10.47],[-71.38,10.41],[-71.18,10.05],[-71.09,9.92],[-71.01,9.63],[-71.04,9.39],[-71.1,9.33],[-71.18,9.28]]],[[[-65.72,18.33],[-65.78,18.4],[-65.95,18.47],[-66.63,18.52],[-66.81,18.51],[-67.06,18.55],[-67.16,18.51],[-67.21,18.44],[-67.16,18.51],[-67.06,18.55],[-66.81,18.51],[-66.63,18.52],[-65.95,18.47],[-65.78,18.4],[-65.72,18.33]]],[[[-49.14,-1.57],[-48.89,-1.42],[-48.76,-1.28],[-48.64,-1.06],[-48.55,-0.63],[-48.4,-0.39],[-48.55,-0.32],[-48.76,-0.28],[-48.98,-0.21],[-49.14,-0.2],[-49.36,-0.28],[-49.81,-0.23],[-50.21,-0.19],[-50.42,-0.22],[-50.5,-0.26],[-50.59,-0.72],[-50.62,-0.89],[-50.57,-1.18],[-50.65,-1.27],[-50.61,-1.44],[-50.48,-1.68],[-50.22,-1.74],[-49.94,-1.66],[-49.58,-1.65],[-49.35,-1.64],[-49.14,-1.57]]],[[[-59.63,13.33],[-59.64,13.33],[-59.65,13.32],[-59.66,13.3],[-59.66,13.29],[-59.64,13.15],[-59.64,13.14],[-59.63,13.1],[-59.61,13.09],[-59.61,13.08],[-59.6,13.08],[-59.57,13.08],[-59.55,13.07],[-59.54,13.07],[-59.53,13.05],[-59.51,13.05],[-59.5,13.06],[-59.46,13.09],[-59.45,13.1],[-59.44,13.11],[-59.44,13.12],[-59.43,13.14],[-59.43,13.15],[-59.43,13.16],[-59.44,13.17],[-59.46,13.18],[-59.47,13.18],[-59.48,13.19],[-59.51,13.21],[-59.52,13.21],[-59.55,13.24],[-59.55,13.25],[-59.56,13.26],[-59.57,13.27],[-59.57,13.28],[-59.57,13.29],[-59.57,13.3],[-59.59,13.33],[-59.6,13.33],[-59.61,13.34],[-59.62,13.34],[-59.63,13.33]]]]},"properties":{"NAME":"Caribbean hunter-gatherers","SUBJECTO":"Caribbean hunter-gatherers","BORDERPRECISION":1}},
{"type":"Feature","geometry":{"type":"MultiPolygon","coordinates":[[[[-69.11,-51.35],[-71.17,-51.56],[-71.49,-51.1],[-72.04,-48.77],[-72.19,-45.99],[-71.63,-43.2],[-70.58,-40.58],[-72.07,-40.55],[-72.73,-41.55],[-72.59,-41.62],[-72.63,-41.76],[-72.73,-41.91],[-72.61,-42],[-72.47,-42.03],[-72.41,-42.16],[-72.44,-42.3],[-72.69,-42.38],[-72.75,-42.45],[-72.72,-42.8],[-72.53,-43.06],[-72.83,-43.19],[-73,-43.33],[-72.97,-43.71],[-73.02,-43.91],[-73.08,-44.02],[-73.06,-44.19],[-72.76,-44.37],[-72.58,-44.44],[-72.56,-44.54],[-72.68,-44.75],[-72.95,-44.94],[-73.2,-45.05],[-73.31,-45.09],[-73.36,-45.21],[-73.33,-45.28],[-73.14,-45.34],[-73.05,-45.38],[-73.33,-45.47],[-73.37,-45.5],[-73.47,-45.67],[-73.5,-45.96],[-73.57,-46.26],[-73.97,-46.71],[-74,-46.49],[-73.98,-46.34],[-74.09,-46.3],[-74.17,-46.34],[-74.29,-46.51],[-74.38,-46.56],[-74.43,-46.53],[-74.48,-46.31],[-74.33,-46.18],[-74.04,-46.09],[-74.07,-45.94],[-74.19,-45.84],[-74.56,-45.87],[-74.68,-46.05],[-74.86,-46.23],[-74.98,-46.28],[-75.44,-46.52],[-75.5,-46.58],[-75.44,-46.63],[-75.02,-46.55],[-75.01,-46.77],[-74.86,-46.82],[-74.46,-46.8],[-74.3,-46.86],[-73.98,-47.03],[-73.98,-47.13],[-74.09,-47.3],[-74.33,-47.29],[-74.41,-47.38],[-74.38,-47.42],[-74.39,-47.53],[-74.55,-47.68],[-74.54,-47.79],[-74.3,-47.76],[-74.15,-47.84],[-73.76,-47.77],[-73.36,-47.97],[-73.36,-48.05],[-73.44,-48.16],[-73.76,-48.12],[-73.94,-48.01],[-74.21,-48.01],[-74.22,-48.11],[-74.13,-48.48],[-74.31,-48.75],[-74.27,-49.43],[-73.96,-49.24],[-73.9,-49.43],[-74.24,-49.63],[-74.19,-49.82],[-73.93,-49.99],[-74.19,-50.17],[-74.07,-50.47],[-73.93,-50.51],[-73.82,-50.46],[-73.53,-50.43],[-73.55,-50.54],[-73.73,-50.7],[-73.78,-50.84],[-73.89,-50.91],[-74.27,-50.99],[-74.21,-51.02],[-73.86,-51.21],[-73.7,-51.2],[-73.68,-51.23],[-73.64,-51.36],[-73.69,-51.44],[-73.88,-51.56],[-73.78,-51.61],[-73.59,-51.79],[-73.43,-51.73],[-73.26,-51.71],[-73.28,-51.79],[-73.41,-52.02],[-73.11,-52.1],[-72.81,-51.93],[-72.65,-52.13],[-72.45,-52.16],[-72.45,-52.25],[-72.57,-52.39],[-72.56,-52.57],[-72.21,-52.57],[-71.95,-52.57],[-71.68,-52.64],[-71.88,-52.7],[-72.23,-52.79],[-72.35,-52.78],[-72.78,-52.9],[-72.84,-52.99],[-72.75,-53.14],[-72.51,-53.06],[-72.05,-53.07],[-71.44,-52.83],[-71.32,-52.88],[-71.15,-52.96],[-71.16,-53.03],[-71.43,-53.21],[-71.57,-53.41],[-71.87,-53.7],[-71.44,-53.88],[-71.2,-53.83],[-71,-53.82],[-70.95,-53.75],[-70.88,-53.47],[-70.91,-53.23],[-70.85,-53.08],[-70.73,-52.8],[-70.57,-52.71],[-70.42,-52.67],[-69.9,-52.63],[-69.67,-52.54],[-69.48,-52.36],[-69.34,-52.29],[-69.24,-52.29],[-68.99,-52.43],[-68.59,-52.47],[-68.46,-52.42],[-68.41,-52.41],[-68.52,-52.25],[-68.83,-51.9],[-69.08,-51.5],[-69.11,-51.35]]],[[[-69.21,-54.93],[-68.75,-54.89],[-68.38,-54.85],[-68.01,-54.86],[-67.49,-54.87],[-67.15,-54.91],[-66.62,-55.07],[-66.46,-55.07],[-66.11,-54.98],[-65.57,-54.94],[-65.35,-54.91],[-65.26,-54.82],[-65.26,-54.72],[-65.32,-54.73],[-65.9,-54.71],[-66.12,-54.64],[-66.31,-54.64],[-66.42,-54.61],[-66.75,-54.44],[-66.98,-54.34],[-67.43,-54],[-67.84,-53.7],[-68.13,-53.38],[-68.28,-53.32],[-68.56,-53.35],[-68.62,-53.32],[-68.71,-53.23],[-68.46,-53.08],[-68.31,-52.94],[-68.33,-52.85],[-68.7,-52.72],[-69.22,-52.69],[-69.41,-52.57],[-69.8,-52.85],[-70.28,-53.09],[-70.35,-53.16],[-70.46,-53.37],[-70.33,-53.47],[-69.51,-53.34],[-69.44,-53.41],[-69.42,-53.54],[-70.15,-53.81],[-70.04,-53.99],[-69.89,-54.14],[-69.81,-54.13],[-69.73,-54.17],[-69.47,-54.22],[-69.34,-54.29],[-69.06,-54.6],[-69.37,-54.6],[-69.57,-54.46],[-70.21,-54.43],[-70.62,-54.5],[-70.57,-54.64],[-70.66,-54.78],[-70.72,-54.94],[-70.5,-54.92],[-70.08,-54.82],[-69.86,-54.77],[-69.67,-54.77],[-69.42,-54.88],[-69.21,-54.93]]],[[[-73.95,-43.46],[-73.77,-43.51],[-73.7,-43.39],[-73.61,-42.91],[-73.83,-42.56],[-73.76,-42.46],[-73.46,-42.26],[-73.48,-42.11],[-73.64,-41.97],[-74,-42.02],[-74.17,-42.35],[-74.17,-42.53],[-74.13,-42.76],[-74.2,-43.06],[-74.3,-43.27],[-74.24,-43.37],[-74.14,-43.45],[-73.95,-43.46]]],[[[-73.28,-52.95],[-73.08,-53.03],[-72.96,-52.8],[-72.84,-52.65],[-72.87,-52.28],[-72.96,-52.24],[-73.19,-52.33],[-73.56,-52.28],[-73.66,-52.44],[-73.63,-52.61],[-73.24,-52.57],[-73.28,-52.95]]]]},"properties":{"NAME":"Patagonian shellfish and marine mammal hunters","SUBJECTO":"Patagonian shellfish and marine mammal hunters","BORDERPRECISION":1}},
{"type":"Feature","geometry":{"type":"Polygon","coordinates":[[[-69.28,-29.35],[-67.5,-31.66],[-67.48,-31.66],[-63.56,-30.04],[-57.35,-29.68],[-54.36,-30.59],[-53.54,-31.45],[-52.14,-31.74],[-52.04,-31.56],[-51.9,-31.43],[-51.6,-31.23],[-51.45,-31.02],[-51.27,-30.47],[-51.27,-30.34],[-51.23,-30.27],[-50.95,-30.36],[-50.77,-30.37],[-50.61,-30.3],[-50.58,-30.42],[-50.85,-30.94],[-51.14,-31.19],[-51.33,-31.46],[-51.48,-31.82],[-51.12,-31.47],[-50.81,-31.19],[-50.47,-30.74],[-50.24,-30.32],[-50.03,-29.81],[-49.94,-29.63],[-49.55,-29.16],[-49.19,-28.92],[-48.94,-28.7],[-48.85,-28.56],[-48.8,-28.48],[-49.84,-26.8],[-49.49,-24.55],[-48.47,-23.75],[-53.12,-14.28],[-60.27,-13.81],[-64.19,-14.69],[-64.66,-16.8],[-65.91,-18.31],[-66.1,-20.14],[-67.12,-25.03],[-68.03,-26.03],[-68.06,-26.47],[-69.28,-29.35]]]},"properties":{"NAME":"Savanna hunter-gatherers","SUBJECTO":"Savanna hunter-gatherers","BORDERPRECISION":1}},
{"type":"Feature","geometry":{"type":"Polygon","coordinates":[[[-64.19,-14.69],[-60.27,-13.81],[-53.12,-14.28],[-53.13,-14.26],[-46.28,-3.55],[-49.07,-4.74],[-54.16,-4.63],[-56.33,-4.33],[-58.44,-2.29],[-57.97,-0.59],[-55.8,0.88],[-55.86,1.7],[-58.56,3.98],[-62.66,4.15],[-66.41,3.04],[-70.16,-5.74],[-69.05,-8.24],[-64.19,-14.69]]]},"properties":{"NAME":"Amazon hunter-gatherers","SUBJECTO":"Amazon hunter-gatherers","BORDERPRECISION":1}},
{"type":"Feature","geometry":{"type":"MultiPolygon","coordinates":[[[[-68.03,-26.03],[-67.12,-25.03],[-66.1,-20.14],[-65.91,-18.31],[-66.6,-19.15],[-67.36,-19.19],[-67.82,-22.47],[-67.95,-24.65],[-68.03,-26.03]]],[[[-71.52,-32.18],[-71.45,-32.54],[-71.4,-32.64],[-71.41,-32.73],[-71.42,-32.75],[-71.51,-32.91],[-71.71,-33.11],[-71.75,-33.19],[-71.68,-33.39],[-71.61,-33.57],[-71.62,-33.71],[-71.74,-33.88],[-71.82,-33.93],[-71.96,-34.25],[-72.08,-34.67],[-72.17,-34.96],[-72.33,-35.28],[-72.63,-35.65],[-72.71,-35.94],[-72.85,-36.36],[-72.96,-36.58],[-73.14,-37.16],[-73.19,-37.22],[-73.28,-37.28],[-73.36,-37.32],[-73.58,-37.28],[-73.69,-37.37],[-73.67,-37.5],[-73.44,-37.9],[-73.4,-38.1],[-73.44,-38.35],[-73.44,-38.63],[-73.2,-39.42],[-73.19,-39.57],[-73.43,-39.91],[-73.76,-40.24],[-73.82,-40.43],[-73.91,-40.84],[-73.85,-41.15],[-73.67,-41.48],[-73.59,-41.7],[-73.46,-41.79],[-73.42,-41.79],[-73.18,-41.76],[-72.96,-41.57],[-72.89,-41.53],[-72.77,-41.54],[-72.73,-41.55],[-72.07,-40.55],[-71.52,-39.71],[-69.44,-37.16],[-67.65,-33.58],[-67.48,-31.66],[-67.5,-31.66],[-69.28,-29.35],[-69.41,-29.64],[-70.03,-30.68],[-71.52,-32.18]]]]},"properties":{"NAME":"Andean hunter-gatherers","SUBJECTO":"Andean hunter-gatherers","BORDERPRECISION":1}},
{"type":"Feature","geometry":{"type":"MultiPolygon","coordinates":[[[[-121.17,38.88],[-121.36,39.69],[-120.47,43.57],[-120.31,44.3],[-120.48,48.96],[-124.76,52.45],[-125.76,53.13],[-127.87,52.41],[-127.71,52.39],[-127.43,52.46],[-127.04,52.46],[-127.31,52.23],[-127.56,52.17],[-127.74,52.04],[-128.01,51.81],[-127.46,51.77],[-127.35,51.64],[-127.56,51.54],[-127.67,51.25],[-127.63,51.13],[-127.46,51.02],[-127.25,50.97],[-126.69,50.99],[-126.43,51.09],[-126.23,50.93],[-126.16,50.75],[-126.09,50.71],[-125.87,50.67],[-125.41,50.55],[-124.94,50.6],[-124.85,50.23],[-124.79,50.04],[-124.47,49.81],[-124.25,49.84],[-124.15,49.93],[-123.98,49.97],[-123.92,49.89],[-123.85,49.66],[-123.7,49.53],[-123.53,49.51],[-123.21,49.62],[-123.25,49.47],[-123.21,49.27],[-122.98,49.14],[-122.9,49.07],[-122.61,48.83],[-122.53,48.7],[-122.37,48.27],[-122.35,48.08],[-122.39,47.87],[-122.49,47.61],[-122.66,47.47],[-122.74,47.36],[-122.75,47.26],[-122.86,47.34],[-122.94,47.42],[-123.18,47.49],[-123,47.64],[-122.81,47.83],[-122.83,48.02],[-123.07,48.17],[-123.26,48.21],[-123.5,48.19],[-123.79,48.2],[-124.15,48.25],[-124.43,48.35],[-124.68,48.39],[-124.73,48.33],[-124.73,48.12],[-124.31,47.46],[-124.25,47.02],[-124.19,47.04],[-124.21,47.09],[-124.19,47.11],[-124.13,47.11],[-124.06,47.05],[-123.91,47.04],[-124.17,46.94],[-124.18,46.82],[-124.13,46.67],[-124.16,46.35],[-123.88,46.3],[-123.79,46.3],[-123.82,46.26],[-123.91,46.25],[-124.05,46.29],[-124.05,46.26],[-124.04,46.22],[-124.02,46.13],[-124,46.05],[-124.07,46.02],[-124.03,45.94],[-124.06,45.84],[-123.99,45.76],[-124,45.68],[-124.04,45.33],[-124.07,45.05],[-124.14,44.79],[-124.16,44.73],[-124.23,44.45],[-124.33,44.07],[-124.3,43.92],[-124.14,43.67],[-124.3,43.34],[-124.48,43.25],[-124.59,43.14],[-124.63,43.01],[-124.56,42.6],[-124.31,42.05],[-124.25,41.93],[-124.15,41.58],[-124.18,41.19],[-124.25,41.03],[-124.37,40.75],[-124.41,40.47],[-124.36,40.33],[-124.03,39.98],[-123.93,39.82],[-123.82,39.61],[-123.89,39.41],[-123.74,39.08],[-123.8,39.03],[-123.74,38.97],[-123.65,38.88],[-121.17,38.88]]],[[[-132.08,54.02],[-132.38,53.99],[-132.73,54.07],[-132.87,54.05],[-133.05,54.07],[-133.1,54.02],[-133.09,53.8],[-133,53.65],[-132.57,53.28],[-132.35,53.36],[-132.09,53.4],[-132.08,53.54],[-132,53.79],[-131.89,53.89],[-131.96,53.97],[-132.08,54.02]]],[[[-133.28,56.23],[-133.49,56.26],[-133.52,56.21],[-133.27,55.83],[-133.27,55.62],[-133.02,55.37],[-132.17,54.85],[-132.18,55.28],[-132.55,55.45],[-132.69,55.65],[-132.62,55.75],[-132.59,55.81],[-132.63,55.9],[-133.16,56.12],[-133.28,56.23]]],[[[-126.52,49.82],[-126.66,49.69],[-126.56,49.57],[-126.23,49.53],[-126.11,49.53],[-125.89,49.38],[-125.97,49.17],[-125.78,49.09],[-125.65,49.06],[-125.46,49.17],[-125,49.17],[-125.17,48.96],[-125.2,48.87],[-125.1,48.8],[-124.49,48.6],[-123.9,48.47],[-123.72,48.48],[-123.59,48.63],[-123.65,48.82],[-123.86,49.16],[-124,49.25],[-124.72,49.49],[-124.88,49.58],[-125.08,49.77],[-125.27,50.05],[-125.55,50.29],[-125.72,50.41],[-126.52,50.5],[-126.96,50.59],[-127.85,50.86],[-128,50.88],[-128.43,50.83],[-128.44,50.77],[-128.34,50.67],[-127.77,50.28],[-127.39,50.05],[-127.21,50],[-126.96,50.06],[-126.52,49.82]]]]},"properties":{"NAME":"North American Pacifi foraging, hunting and fishing peoples","SUBJECTO":"North American Pacifi foraging, hunting and fishing peoples","BORDERPRECISION":1}},
{"type":"Feature","geometry":{"type":"Polygon","coordinates":[[[-102.57,32.43],[-98.19,29.18],[-97.76,28.7],[-96.6,28.38],[-96.58,28.43],[-96.77,28.62],[-96.72,28.71],[-96.39,28.66],[-96.2,28.64],[-96.01,28.66],[-95.6,28.8],[-95.24,29.06],[-94.84,29.35],[-95.06,29.68],[-95.01,29.76],[-94.86,29.78],[-94.8,29.56],[-94.6,29.55],[-94.43,29.54],[-94.14,29.69],[-94.12,29.69],[-94.12,31.93],[-94.47,31.92],[-95.82,32.71],[-97.14,34.47],[-96.41,35.65],[-94.62,36.1],[-94.12,35.88],[-94.12,39.73],[-94.23,46.72],[-95.57,50],[-98.92,50.23],[-105.19,51.45],[-114.47,52],[-114.13,47.95],[-111.67,41.94],[-111.55,41.64],[-109.05,38.88],[-102.57,38.88],[-102.57,32.43]]]},"properties":{"NAME":"Plain bison hunters","SUBJECTO":"Plain bison hunters","BORDERPRECISION":1}},
{"type":"Feature","geometry":{"type":"Polygon","coordinates":[[[-125.76,53.13],[-124.76,52.45],[-120.48,48.96],[-120.31,44.3],[-120.47,43.57],[-119.02,43.11],[-115.09,42.51],[-111.67,41.94],[-114.13,47.95],[-114.47,52],[-115.03,52.03],[-122.49,54.24],[-125.76,53.13]]]},"properties":{"NAME":"Plateau fichers and hunter gatherers","SUBJECTO":"Plateau fichers and hunter gatherers","BORDERPRECISION":1}},
{"type":"Feature","geometry":{"type":"MultiPolygon","coordinates":[[[[-109.05,38.88],[-111.55,41.64],[-111.67,41.94],[-115.09,42.51],[-119.02,43.11],[-120.47,43.57],[-121.36,39.69],[-121.17,38.88],[-109.05,38.88]]],[[[-97.76,28.7],[-98.19,29.18],[-102.57,32.43],[-102.57,29.99],[-97.76,28.7]]]]},"properties":{"NAME":"Desert hunter-gatherers","SUBJECTO":"Desert hunter-gatherers","BORDERPRECISION":1}},
{"type":"Feature","geometry":{"type":"Polygon","coordinates":[[[28.62,-19.95],[12.91,-19.7],[12.93,-19.74],[13.31,-20.47],[13.8,-21.44],[13.96,-21.69],[14.42,-22.27],[14.53,-22.5],[14.58,-22.73],[14.57,-22.76],[14.52,-22.94],[14.4,-23.07],[14.41,-23.25],[14.44,-23.41],[14.67,-24.42],[14.91,-25.02],[14.91,-25.23],[14.84,-25.62],[14.95,-26.01],[15.15,-26.33],[15.13,-26.49],[15.08,-26.61],[15.14,-26.83],[15.29,-27.15],[15.45,-27.62],[15.66,-27.89],[16.13,-28.34],[16.33,-28.56],[16.53,-28.77],[16.79,-29.14],[17.08,-29.8],[17.35,-30.42],[17.43,-30.57],[17.57,-30.83],[17.9,-31.29],[18.18,-31.81],[18.26,-32.04],[18.34,-32.34],[18.31,-32.71],[18.23,-32.9],[17.95,-32.92],[17.87,-32.99],[17.93,-33.1],[18.07,-33.22],[18.46,-33.83],[18.41,-34.02],[18.29,-34.25],[18.35,-34.35],[18.49,-34.4],[18.5,-34.31],[18.57,-34.19],[18.72,-34.22],[18.84,-34.44],[18.97,-34.4],[19.18,-34.42],[19.28,-34.5],[19.32,-34.73],[19.88,-34.99],[20.26,-34.62],[20.51,-34.53],[20.85,-34.5],[21.15,-34.54],[21.35,-34.54],[21.67,-34.51],[22,-34.26],[22.26,-34.17],[22.55,-34.15],[22.59,-34.13],[22.68,-34.1],[22.97,-34.2],[23.19,-34.24],[23.36,-34.12],[23.5,-34.07],[23.74,-34.08],[24.08,-34.15],[24.43,-34.33],[24.59,-34.36],[24.69,-34.31],[24.82,-34.17],[24.93,-34.08],[25.06,-34.07],[25.31,-34.13],[25.52,-34.17],[25.57,-34.14],[25.56,-34.08],[25.62,-33.92],[25.87,-33.89],[26.31,-33.89],[26.66,-33.85],[26.96,-33.71],[27.41,-33.43],[27.66,-33.25],[28.28,-32.76],[28.92,-32.3],[29.09,-32.13],[29.3,-31.91],[29.83,-31.43],[30.29,-30.92],[30.39,-30.81],[30.49,-30.69],[30.67,-30.44],[31.3,-29.55],[31.33,-29.51],[31.56,-29.21],[31.98,-28.95],[32.23,-28.74],[32.35,-28.59],[32.39,-28.38],[32.3,-28.13],[32.35,-28.03],[32.53,-27.98],[32.61,-27.9],[32.77,-27.52],[32.85,-26.98],[32.89,-26.72],[32.92,-26.52],[32.9,-26.37],[32.63,-26.22],[32.5,-26.07],[32.65,-25.84],[32.94,-25.54],[33.35,-25.3],[33.66,-25.2],[34.02,-25.06],[34.58,-24.88],[34.88,-24.72],[35.2,-24.48],[35.43,-24.23],[35.5,-24.09],[35.51,-23.94],[35.44,-23.91],[35.3,-23.83],[35.43,-23.46],[35.53,-22.46],[35.51,-22.18],[35.45,-22.22],[35.37,-22.28],[35.26,-22.27],[35.23,-22.2],[35.2,-21.95],[34.99,-21.27],[35.03,-21.19],[35.11,-20.98],[35.02,-20.81],[34.7,-20.57],[34.67,-20.52],[34.71,-20.29],[34.72,-20.04],[33.4,-20.02],[33.4,-20.76],[32.87,-22],[31.1,-23.05],[29.34,-23.05],[28.46,-22.53],[28.28,-21.47],[28.62,-19.95]]]},"properties":{"NAME":"Khoiasan","SUBJECTO":"Khoiasan","BORDERPRECISION":1}},
{"type":"Feature","geometry":{"type":"Polygon","coordinates":[[[47.64,4.1],[48.08,4.67],[48.47,5.2],[48.79,5.7],[48.95,5.99],[49.05,6.42],[49.42,6.99],[49.82,7.7],[49.78,7.85],[49.83,7.99],[50.21,8.35],[50.78,9.37],[50.85,9.6],[50.87,9.97],[50.89,10.28],[51.06,10.51],[51.13,10.71],[51.07,10.99],[51.06,11.24],[51.25,11.66],[51.18,11.78],[51.14,11.78],[50.97,11.88],[50.7,11.95],[50.49,11.78],[50.08,11.48],[49.65,11.33],[49.3,11.25],[48.97,11.23],[48.66,11.32],[48.53,11.33],[48.44,11.3],[48,11.12],[47.81,11.1],[47.59,11.14],[47.39,11.16],[47.28,11.1],[46.93,10.85],[46.68,10.7],[46.43,10.67],[46.09,10.79],[45.91,10.83],[45.65,10.76],[45.27,10.57],[45.01,10.45],[44.85,10.42],[44.64,10.43],[44.45,10.43],[44.28,10.4],[44.16,10.49],[44.05,10.66],[43.79,10.94],[43.37,11.46],[43.3,11.48],[43.1,11.53],[41.53,10.28],[41.11,10.19],[40.19,10.01],[40.17,9.84],[39.75,7.95],[38.88,7.85],[38.61,6.6],[35.58,5.53],[33.02,6.86],[32.35,9.53],[32.75,9.99],[32.85,10.1],[32.67,10.13],[31.75,10.25],[31.3,10.62],[31.27,10.65],[31.23,10.69],[30.79,11.2],[30.79,11.23],[30.68,11.16],[30.6,11.12],[24.07,11.18],[23.2,11.78],[20.67,11.96],[19.26,10.73],[18.63,10.17],[15.72,11.28],[15.66,11.31],[15.38,11.66],[14.58,12.67],[9.48,12.43],[8.27,12.37],[2.35,13.29],[-4.96,13.34],[-4.87,13.22],[-4.81,13.13],[-4.56,12.76],[-4.64,12.01],[-5.09,11.54],[-6.51,11.35],[-7.63,11.35],[-9.13,11.91],[-9.58,12.38],[-9.58,13.33],[-9.06,13.89],[-8.74,13.89],[-11.83,14.57],[-13.4,14.92],[-13.57,14.9],[-13.62,14.89],[-13.68,14.67],[-13.7,14.58],[-13.74,14.41],[-14.2,14.04],[-14.66,13.76],[-15.21,13.76],[-15.67,13.86],[-16.04,14.41],[-16.11,14.65],[-17.03,14.56],[-16.87,14.36],[-16.7,14.08],[-16.67,13.91],[-16.64,13.84],[-16.47,13.72],[-16.46,13.6],[-16.46,13.57],[-16.45,13.54],[-16.49,13.47],[-16.69,13.45],[-16.77,13.36],[-16.78,13.15],[-16.78,13.12],[-16.77,13.04],[-16.73,12.79],[-16.77,12.6],[-16.7,12.41],[-16.57,12.31],[-16.42,12.25],[-16.28,12.21],[-16.25,12.1],[-16.09,11.97],[-15.81,11.84],[-15.74,11.84],[-15.55,11.92],[-15.33,11.93],[-15.16,11.88],[-15.1,11.81],[-15.21,11.72],[-15.36,11.52],[-15.42,11.34],[-15.34,11.22],[-15.12,11.16],[-15.03,11.16],[-15.01,11.1],[-14.99,11.06],[-15.02,10.92],[-14.97,10.85],[-14.82,10.8],[-14.57,10.78],[-14.55,10.64],[-14.59,10.47],[-14.47,10.33],[-14.06,10.08],[-13.68,9.92],[-13.63,9.62],[-13.28,9.27],[-13.14,9.03],[-13.16,8.85],[-13.17,8.77],[-13.14,8.72],[-12.93,8.63],[-12.91,8.56],[-12.99,8.46],[-13.21,8.35],[-13.04,8.14],[-12.87,7.97],[-12.51,7.73],[-12.27,7.63],[-12.25,7.55],[-12.28,7.41],[-12.26,7.35],[-12.05,7.26],[-11.75,7.08],[-11.47,6.84],[-11.17,6.6],[-10.76,6.36],[-10.44,6.21],[-9.94,5.86],[-9.43,5.36],[-9.25,5.17],[-8.79,4.92],[-8.24,4.64],[-7.56,4.35],[-7.53,4.34],[-7.41,4.33],[-7.1,4.52],[-6.32,4.87],[-5.83,5.04],[-5.58,5.13],[-5,5.24],[-4.58,5.25],[-4.37,5.25],[-3.94,5.27],[-3.67,5.23],[-3.35,5.15],[-3.13,5.14],[-3.09,5.16],[-3.03,5.27],[-2.93,5.27],[-2.8,5.19],[-2.75,5.1],[-2.72,5.04],[-2.29,4.84],[-2.03,4.7],[-1.6,4.95],[-1.18,5.14],[-0.61,5.32],[-0.48,5.39],[-0.3,5.48],[-0.2,5.53],[-0.12,5.57],[0.09,5.66],[0.54,5.72],[0.8,5.71],[0.94,5.76],[1.17,6.07],[1.18,6.08],[1.34,6.18],[1.56,6.24],[1.76,6.25],[1.92,6.27],[2.06,6.28],[2.62,6.34],[2.77,6.35],[3.06,6.36],[3.41,6.38],[3.46,6.38],[3.61,6.41],[3.72,6.55],[3.95,6.58],[4.07,6.44],[4.36,6.33],[4.63,6.21],[4.89,6],[5.1,5.76],[5.15,5.64],[5.38,5.61],[5.45,5.48],[5.36,5.37],[12.6,7.73],[22.22,6.2],[33.93,2.84],[34.41,2.49],[43.41,2.51],[44.28,3.36],[46.45,4.08],[47.64,4.1]]]},"properties":{"NAME":"West African cereal farmers","SUBJECTO":"West African cereal farmers","BORDERPRECISION":1}},
{"type":"Feature","geometry":{"type":"MultiPolygon","coordinates":[[[[-74.29,40.63],[-74.11,40.76],[-74.07,40.73],[-73.89,41.17],[-73.86,41.19],[-73.87,41.14],[-74.01,40.8],[-73.99,40.78],[-73.93,40.86],[-73.78,40.88],[-73.74,40.98],[-73.39,41.14],[-72.85,41.29],[-72.09,41.37],[-71.45,41.43],[-71.41,41.72],[-71.37,41.84],[-71.3,41.77],[-71.1,41.83],[-71.19,41.68],[-71.17,41.53],[-71.04,41.54],[-70.97,41.56],[-70.9,41.68],[-70.85,41.63],[-70.83,41.68],[-70.76,41.69],[-70.71,41.8],[-70.66,41.77],[-70.64,41.59],[-69.92,41.72],[-69.94,41.91],[-70.03,42.08],[-70.14,42.14],[-70.23,42.14],[-70.22,42.11],[-70.18,42.09],[-70.06,41.96],[-70,41.95],[-69.99,41.87],[-70.3,41.76],[-70.48,41.81],[-70.51,41.99],[-70.78,42.3],[-70.9,42.35],[-71.05,42.36],[-71.02,42.43],[-70.85,42.56],[-70.87,42.6],[-70.63,42.65],[-70.57,42.72],[-70.65,42.72],[-70.68,42.69],[-70.76,42.71],[-70.79,42.81],[-70.87,42.87],[-70.69,43.1],[-70.54,43.4],[-70.38,43.45],[-70.31,43.62],[-70.19,43.64],[-70.22,43.8],[-69.92,43.91],[-69.97,43.81],[-69.83,43.75],[-69.68,43.88],[-69.75,43.96],[-69.61,44.07],[-69.66,43.93],[-69.51,43.9],[-69.39,44.09],[-69.25,43.99],[-69.09,44.14],[-68.95,44.39],[-68.78,44.63],[-68.71,44.61],[-68.8,44.39],[-68.5,44.3],[-68.56,44.48],[-68.47,44.44],[-68.13,44.57],[-68.05,44.41],[-67.98,44.48],[-67.91,44.48],[-67.86,44.6],[-67.74,44.66],[-67.63,44.63],[-67.6,44.58],[-67.54,44.61],[-67.53,44.72],[-67.4,44.67],[-67.17,44.71],[-66.94,44.88],[-67.02,44.92],[-67.15,44.9],[-67.03,45.03],[-67.19,45.25],[-67.02,45.14],[-66.96,45.21],[-66.5,45.19],[-66.4,45.11],[-66.05,45.29],[-66.15,45.38],[-66.05,45.35],[-65.89,45.26],[-65.76,45.29],[-64.87,45.66],[-64.72,45.67],[-64.56,45.89],[-64.7,46.08],[-64.47,45.86],[-64.52,45.79],[-64.28,45.92],[-64.26,45.84],[-64.37,45.81],[-64.4,45.72],[-64.91,45.46],[-64.92,45.37],[-64.81,45.41],[-64.7,45.45],[-64.56,45.46],[-64.2,45.45],[-64.01,45.43],[-63.74,45.45],[-63.45,45.43],[-63.38,45.38],[-63.47,45.35],[-63.55,45.38],[-63.88,45.32],[-64.17,45.22],[-64.16,45.14],[-64.14,45.05],[-64.26,45.18],[-64.34,45.16],[-64.31,45.35],[-64.46,45.39],[-64.75,45.23],[-65.25,44.98],[-65.75,44.74],[-65.63,44.69],[-65.72,44.65],[-65.78,44.72],[-66.19,44.49],[-66.16,44.44],[-66,44.56],[-65.84,44.62],[-65.86,44.56],[-65.98,44.49],[-66.19,44.14],[-66,43.75],[-65.94,43.86],[-65.78,43.64],[-65.71,43.56],[-65.56,43.62],[-65.47,43.52],[-65.43,43.65],[-65.32,43.75],[-65.25,43.7],[-65.22,43.76],[-65.15,43.76],[-65.09,43.73],[-64.99,43.76],[-65.03,43.87],[-64.97,43.82],[-64.87,43.86],[-64.91,43.94],[-64.84,43.88],[-64.84,43.98],[-64.75,44],[-64.65,44.06],[-64.71,44.13],[-64.36,44.33],[-64.28,44.3],[-64.24,44.36],[-64.25,44.45],[-64.39,44.49],[-64.29,44.51],[-64.31,44.62],[-64.15,44.63],[-64.09,44.51],[-64,44.57],[-63.89,44.73],[-63.9,44.57],[-63.83,44.55],[-63.79,44.51],[-63.56,44.51],[-63.52,44.6],[-63.42,44.63],[-63.39,44.75],[-63.3,44.66],[-63.23,44.78],[-63.11,44.83],[-63.05,44.71],[-62.82,44.77],[-62.79,44.8],[-62.48,44.92],[-62.44,44.87],[-62.27,44.99],[-62.07,45.01],[-62.01,45.07],[-61.81,45.08],[-61.84,45.13],[-61.63,45.14],[-61.68,45.22],[-61.58,45.2],[-61.35,45.2],[-61.4,45.24],[-61.27,45.3],[-61.19,45.25],[-60.96,45.3],[-61.03,45.38],[-61.4,45.39],[-61.44,45.44],[-61.26,45.55],[-61.48,45.74],[-61.72,45.69],[-61.89,45.76],[-61.94,45.92],[-62.08,45.89],[-62.39,45.72],[-62.5,45.72],[-62.62,45.73],[-62.73,45.68],[-62.63,45.77],[-62.74,45.82],[-63.12,45.85],[-63.09,45.8],[-63.28,45.78],[-63.34,45.86],[-63.43,45.86],[-63.49,45.92],[-63.75,45.88],[-63.84,45.99],[-64.08,46.05],[-64.06,46.11],[-63.89,46.11],[-63.75,46.17],[-64.08,46.24],[-64.09,46.21],[-64.16,46.25],[-64.53,46.27],[-64.54,46.34],[-64.7,46.54],[-64.72,46.63],[-64.69,46.69],[-64.8,46.76],[-64.85,46.72],[-64.89,46.91],[-64.81,47.04],[-64.84,47.12],[-65.39,47.13],[-64.98,47.33],[-64.95,47.43],[-64.87,47.44],[-64.92,47.56],[-64.82,47.68],[-64.66,47.78],[-64.83,47.85],[-65.04,47.78],[-65.03,47.88],[-65.61,47.66],[-65.65,47.71],[-65.76,47.91],[-65.84,47.96],[-66.35,48.06],[-66.47,48.1],[-66.18,48.18],[-65.85,48.21],[-65.47,48.1],[-65.21,48.12],[-64.87,48.32],[-64.4,48.46],[-64.25,48.55],[-64.19,48.65],[-64.26,48.86],[-64.32,48.95],[-64.55,49.08],[-64.95,49.21],[-65.37,49.23],[-66.03,49.17],[-66.49,49.06],[-66.97,48.95],[-67.78,48.72],[-68.34,48.55],[-69.25,48.12],[-69.75,47.77],[-70.22,47.34],[-70.53,47.13],[-70.7,47.07],[-71.04,46.74],[-71.03,46.75],[-71.12,46.64],[-72.32,46.3],[-81.93,48.9],[-85.04,49.09],[-87.79,49.93],[-95.17,49.97],[-95.57,50],[-94.23,46.72],[-94.12,39.73],[-94.12,35.88],[-94.62,36.1],[-96.41,35.65],[-97.14,34.47],[-95.82,32.71],[-94.47,31.92],[-94.12,31.93],[-94.12,29.69],[-94.06,29.7],[-93.45,29.77],[-93.04,29.69],[-92.64,29.58],[-92.46,29.57],[-92.12,29.54],[-91.98,29.63],[-92.23,29.8],[-91.95,29.83],[-91.43,29.54],[-91.24,29.32],[-90.78,29.11],[-90.67,29.22],[-90.65,29.24],[-90.44,29.33],[-90.27,29.15],[-90.23,29.12],[-90.2,29.14],[-90.09,29.22],[-90.2,29.3],[-90.3,29.37],[-90.2,29.52],[-90.2,29.53],[-90.08,29.5],[-90,29.43],[-89.98,29.41],[-89.62,29.28],[-89.5,29.1],[-89.27,29.06],[-89.03,29.12],[-89.19,29.27],[-89.29,29.37],[-89.56,29.43],[-89.68,29.59],[-89.69,29.71],[-89.38,29.87],[-89.68,30.09],[-89.87,30.13],[-90,30.08],[-90.11,30.04],[-90.2,30.04],[-90.34,30.04],[-90.43,30.14],[-90.27,30.38],[-90.2,30.39],[-90.16,30.39],[-90,30.32],[-89.71,30.18],[-89.54,30.21],[-89.23,30.41],[-88.64,30.39],[-88.34,30.39],[-88.14,30.33],[-88.03,30.68],[-87.77,30.26],[-87.69,30.26],[-87.4,30.31],[-87.38,30.44],[-87.09,30.36],[-86.62,30.41],[-86.39,30.47],[-86.29,30.37],[-86.06,30.23],[-85.72,30.2],[-85.6,30.15],[-85.49,30.04],[-85.43,29.76],[-85.3,29.66],[-84.76,29.8],[-84.56,29.96],[-84.32,30.09],[-84.12,30.12],[-83.89,30.05],[-83.49,29.69],[-83.12,29.24],[-82.89,29.19],[-82.78,29.11],[-82.65,28.91],[-82.72,28.44],[-82.78,28.1],[-82.84,27.84],[-82.72,27.74],[-82.5,27.93],[-82.43,27.83],[-80.59,28.49],[-80.61,28.56],[-81.03,29.26],[-81.23,29.66],[-81.41,30.07],[-81.51,30.73],[-81.3,31.29],[-81.2,31.59],[-81.18,31.64],[-80.82,32.15],[-80.74,32.24],[-80.58,32.5],[-80.22,32.54],[-80.03,32.63],[-79.72,32.8],[-79.35,33.11],[-79.31,33.27],[-79.2,33.46],[-78.9,33.7],[-78.62,33.81],[-78.38,33.87],[-78.25,33.89],[-77.96,33.93],[-77.9,33.99],[-77.69,34.26],[-77.3,34.67],[-76.62,34.76],[-76.5,34.8],[-76.5,34.83],[-76.31,34.98],[-76.33,35.01],[-76.43,35.03],[-76.44,35.11],[-76.49,35.02],[-76.62,35.03],[-76.76,34.96],[-76.95,35.03],[-77.06,35.21],[-76.85,35.04],[-76.78,35.04],[-76.65,35.1],[-76.57,35.21],[-76.68,35.22],[-76.5,35.28],[-76.48,35.33],[-76.86,35.49],[-76.98,35.5],[-77.05,35.58],[-76.86,35.51],[-76.62,35.46],[-76.58,35.46],[-76.64,35.57],[-76.58,35.58],[-76.52,35.47],[-76.45,35.44],[-76.36,35.41],[-76.14,35.38],[-76.03,35.47],[-75.88,35.69],[-75.86,35.64],[-75.78,35.64],[-75.71,35.75],[-75.73,35.88],[-75.85,36.02],[-75.93,35.97],[-75.99,35.81],[-76.03,35.69],[-76.09,35.72],[-76.06,35.89],[-76.01,35.97],[-76.07,36.05],[-76.32,35.98],[-76.73,35.99],[-76.68,36.06],[-76.73,36.16],[-76.75,36.26],[-76.71,36.35],[-76.67,36.33],[-76.71,36.26],[-76.7,36.16],[-76.59,36.07],[-76.51,36.06],[-76.34,36.15],[-76.44,36.24],[-76.2,36.15],[-76.09,36.21],[-76.21,36.34],[-76.19,36.37],[-75.95,36.23],[-75.95,36.33],[-75.86,36.16],[-75.79,36.14],[-75.9,36.4],[-75.96,36.44],[-76.04,36.57],[-75.91,36.54],[-75.92,36.63],[-75.98,36.63],[-75.96,36.77],[-75.89,36.64],[-75.73,36.12],[-75.7,36.06],[-75.59,35.9],[-75.52,35.86],[-75.72,36.22],[-75.91,36.77],[-75.97,36.94],[-76.31,36.99],[-76.33,36.94],[-76.52,36.92],[-76.5,37.03],[-76.72,37.2],[-76.92,37.27],[-76.94,37.29],[-76.85,37.36],[-76.64,37.27],[-76.42,37.03],[-76.28,37.06],[-76.29,37.2],[-76.38,37.29],[-76.46,37.28],[-76.6,37.35],[-76.79,37.56],[-76.78,37.57],[-76.48,37.32],[-76.38,37.33],[-76.43,37.43],[-76.4,37.46],[-76.26,37.37],[-76.24,37.49],[-76.27,37.51],[-76.25,37.55],[-76.4,37.58],[-76.28,37.63],[-76.57,37.7],[-76.89,38.07],[-76.42,37.71],[-76.31,37.73],[-76.22,37.94],[-76.29,38],[-76.54,38.08],[-76.51,38.12],[-76.94,38.25],[-77.03,38.36],[-77.24,38.38],[-77.33,38.49],[-77.25,38.7],[-77.05,38.73],[-77.25,38.59],[-77.25,38.46],[-77.1,38.48],[-76.86,38.33],[-76.89,38.44],[-76.82,38.42],[-76.77,38.29],[-76.61,38.29],[-76.32,38.11],[-76.38,38.34],[-76.57,38.44],[-76.65,38.54],[-76.66,38.63],[-76.62,38.54],[-76.41,38.4],[-76.38,38.46],[-76.51,38.68],[-76.54,38.79],[-76.41,39.09],[-76.59,39.31],[-76.39,39.28],[-76.34,39.46],[-76.3,39.43],[-76.27,39.36],[-76.24,39.4],[-76.26,39.5],[-76.22,39.52],[-76.2,39.42],[-76.06,39.51],[-76.11,39.55],[-76.07,39.6],[-75.94,39.65],[-76.01,39.46],[-75.86,39.44],[-76.15,39.37],[-76.26,39.2],[-76.19,39.17],[-76.06,39.2],[-76.15,39.07],[-76.3,39.08],[-76.34,39.03],[-76.31,38.98],[-76.16,38.95],[-76.11,38.84],[-76.17,38.82],[-76.27,38.89],[-76.31,38.88],[-76.35,38.73],[-76.32,38.73],[-76.28,38.81],[-76.01,38.67],[-76.01,38.64],[-76.17,38.62],[-76.33,38.54],[-76.22,38.36],[-76.15,38.38],[-76.04,38.29],[-75.85,38.43],[-75.81,38.28],[-75.92,38.26],[-75.93,38.17],[-75.85,38.13],[-75.75,38.15],[-75.85,37.98],[-75.68,38.03],[-75.64,38],[-75.67,37.9],[-75.78,37.84],[-75.87,37.71],[-76.02,37.33],[-75.96,37.21],[-75.86,37.22],[-75.87,37.28],[-75.7,37.61],[-75.65,37.55],[-75.59,37.61],[-75.61,37.63],[-75.43,37.99],[-75.21,38.29],[-75.16,38.29],[-75.09,38.39],[-75.04,38.5],[-75.09,38.84],[-75.21,38.87],[-75.39,39.13],[-75.4,39.29],[-75.62,39.67],[-75.46,39.84],[-75.34,39.89],[-75.41,39.78],[-75.55,39.67],[-75.4,39.42],[-75.33,39.4],[-75.13,39.25],[-74.94,39.25],[-74.89,39.17],[-74.97,39.03],[-74.94,38.98],[-74.86,38.99],[-74.73,39.13],[-74.52,39.35],[-74.41,39.42],[-74.39,39.5],[-74.41,39.61],[-74.29,39.57],[-74.15,39.77],[-73.95,40.45],[-74.19,40.49],[-74.21,40.51],[-74.15,40.54],[-74.12,40.55],[-74.11,40.56],[-74.06,40.6],[-74.05,40.6],[-74.05,40.62],[-74.06,40.62],[-74.06,40.64],[-74.07,40.65],[-74.08,40.65],[-74.17,40.64],[-74.18,40.64],[-74.18,40.63],[-74.23,40.54],[-74.29,40.63]],[[-86.23,42.62],[-86.28,42.44],[-86.37,42.25],[-86.52,42.04],[-86.67,41.87],[-86.84,41.77],[-87.03,41.69],[-87.22,41.63],[-87.38,41.63],[-87.48,41.69],[-87.55,41.77],[-87.61,41.88],[-87.68,42.02],[-87.78,42.2],[-87.81,42.42],[-87.78,42.66],[-87.79,42.84],[-87.86,42.96],[-87.9,43.08],[-87.91,43.19],[-87.86,43.36],[-87.76,43.58],[-87.71,43.75],[-87.71,43.88],[-87.67,44],[-87.56,44.13],[-87.52,44.23],[-87.54,44.29],[-87.49,44.44],[-87.37,44.68],[-87.34,44.82],[-87.4,44.87],[-87.47,44.88],[-87.54,44.86],[-87.63,44.8],[-87.72,44.7],[-87.82,44.62],[-87.94,44.56],[-88,44.58],[-87.99,44.67],[-87.95,44.77],[-87.88,44.88],[-87.79,44.94],[-87.68,44.97],[-87.62,45.02],[-87.61,45.11],[-87.46,45.29],[-87.19,45.57],[-87.04,45.76],[-87,45.86],[-86.97,45.85],[-86.97,45.73],[-86.94,45.68],[-86.87,45.71],[-86.82,45.76],[-86.8,45.83],[-86.72,45.87],[-86.6,45.88],[-86.54,45.86],[-86.55,45.8],[-86.6,45.75],[-86.68,45.7],[-86.69,45.66],[-86.64,45.62],[-86.61,45.63],[-86.59,45.68],[-86.52,45.73],[-86.41,45.77],[-86.33,45.83],[-86.3,45.91],[-86.13,45.95],[-85.84,45.95],[-85.64,45.99],[-85.55,46.06],[-85.38,46.07],[-85.14,46.03],[-84.95,45.97],[-84.82,45.88],[-84.76,45.82],[-84.78,45.77],[-84.85,45.75],[-84.96,45.76],[-85,45.75],[-84.96,45.72],[-84.99,45.68],[-85.07,45.61],[-85.1,45.55],[-85.08,45.48],[-85.03,45.44],[-84.95,45.41],[-85.03,45.37],[-85.25,45.31],[-85.37,45.2],[-85.38,45.03],[-85.42,44.9],[-85.49,44.8],[-85.54,44.75],[-85.56,44.76],[-85.55,44.82],[-85.5,44.93],[-85.5,44.94],[-85.56,44.82],[-85.61,44.79],[-85.64,44.83],[-85.63,44.9],[-85.59,45],[-85.58,45.07],[-85.6,45.11],[-85.6,45.13],[-85.57,45.13],[-85.55,45.15],[-85.53,45.17],[-85.53,45.19],[-85.54,45.2],[-85.54,45.21],[-85.61,45.15],[-85.74,45.01],[-85.87,44.94],[-86,44.92],[-86.07,44.87],[-86.08,44.78],[-86.13,44.73],[-86.21,44.7],[-86.26,44.61],[-86.26,44.43],[-86.33,44.27],[-86.45,44.13],[-86.49,44],[-86.45,43.88],[-86.46,43.78],[-86.51,43.68],[-86.47,43.5],[-86.33,43.22],[-86.24,42.99],[-86.22,42.8],[-86.23,42.62]],[[-84.36,45.67],[-84.63,45.75],[-84.75,45.85],[-84.69,45.98],[-84.63,46.03],[-84.56,45.99],[-84.39,45.96],[-84.13,45.95],[-83.97,45.95],[-83.93,45.96],[-83.91,45.99],[-83.93,46.04],[-83.93,46.09],[-83.9,46.13],[-83.86,46.15],[-83.83,46.14],[-83.81,46.17],[-83.79,46.26],[-83.61,46.27],[-83.27,46.2],[-82.98,46.18],[-82.74,46.2],[-82.65,46.2],[-82.69,46.18],[-82.46,46.15],[-81.97,46.12],[-81.74,46.1],[-81.77,46.08],[-81.79,46.05],[-81.78,46.03],[-81.82,46.02],[-81.91,46.04],[-81.92,46.03],[-81.85,45.99],[-81.77,46.01],[-81.7,46.08],[-81.63,46.1],[-81.56,46.07],[-81.58,46.05],[-81.67,46.02],[-81.71,46.01],[-81.69,46.01],[-81.67,46.01],[-81.65,46.02],[-81.6,46.03],[-81.52,46.04],[-81.48,46.05],[-81.52,46.04],[-81.62,46.02],[-81.64,46.01],[-81.59,46],[-81.59,45.99],[-81.66,45.96],[-81.69,45.95],[-81.68,45.94],[-81.63,45.96],[-81.55,45.99],[-81.51,46],[-81.5,45.98],[-81.48,45.97],[-81.44,45.99],[-81.42,45.99],[-81.41,45.99],[-81.39,45.99],[-81.37,46],[-81.33,46],[-81.28,46],[-81.24,46],[-81.24,45.99],[-81.27,45.99],[-81.36,45.98],[-81.37,45.97],[-81.31,45.96],[-81.25,45.96],[-81.19,45.99],[-81.17,45.98],[-81.19,45.95],[-81.1,45.94],[-80.91,45.95],[-80.81,45.95],[-80.8,45.95],[-80.8,45.94],[-80.8,45.92],[-80.8,45.91],[-80.8,45.9],[-80.8,45.91],[-80.79,45.91],[-80.79,45.9],[-80.78,45.92],[-80.77,45.95],[-80.76,45.97],[-80.75,45.95],[-80.75,45.91],[-80.73,45.89],[-80.72,45.89],[-80.7,45.89],[-80.68,45.89],[-80.66,45.89],[-80.65,45.89],[-80.64,45.89],[-80.66,45.89],[-80.69,45.89],[-80.71,45.88],[-80.73,45.89],[-80.73,45.88],[-80.73,45.86],[-80.72,45.85],[-80.69,45.84],[-80.67,45.85],[-80.64,45.86],[-80.62,45.87],[-80.61,45.86],[-80.63,45.86],[-80.66,45.84],[-80.69,45.83],[-80.71,45.83],[-80.71,45.82],[-80.68,45.79],[-80.62,45.78],[-80.54,45.77],[-80.53,45.77],[-80.59,45.77],[-80.63,45.76],[-80.65,45.74],[-80.62,45.7],[-80.53,45.65],[-80.5,45.61],[-80.51,45.58],[-80.49,45.58],[-80.44,45.61],[-80.4,45.61],[-80.36,45.58],[-80.35,45.54],[-80.38,45.49],[-80.37,45.45],[-80.31,45.43],[-80.29,45.41],[-80.3,45.37],[-80.27,45.35],[-80.2,45.34],[-80.19,45.35],[-80.22,45.38],[-80.21,45.4],[-80.15,45.41],[-80.1,45.4],[-80.05,45.37],[-80.06,45.31],[-80.11,45.24],[-80.09,45.18],[-79.98,45.13],[-79.97,45.1],[-80.05,45.09],[-80.04,45.07],[-79.93,45.04],[-79.89,45.01],[-79.93,44.99],[-79.92,44.97],[-79.85,44.94],[-79.81,44.9],[-79.8,44.84],[-79.78,44.81],[-79.75,44.8],[-79.73,44.8],[-79.73,44.81],[-79.72,44.82],[-79.7,44.83],[-79.69,44.83],[-79.7,44.83],[-79.71,44.84],[-79.7,44.84],[-79.71,44.84],[-79.73,44.85],[-79.74,44.86],[-79.74,44.87],[-79.73,44.88],[-79.69,44.88],[-79.68,44.87],[-79.68,44.83],[-79.69,44.81],[-79.71,44.8],[-79.71,44.78],[-79.67,44.75],[-79.71,44.74],[-79.83,44.75],[-79.89,44.77],[-79.89,44.8],[-79.9,44.81],[-79.92,44.81],[-79.93,44.8],[-79.94,44.78],[-79.94,44.77],[-79.95,44.77],[-79.95,44.79],[-79.95,44.84],[-79.99,44.85],[-80.08,44.82],[-80.09,44.77],[-80.02,44.7],[-80.01,44.62],[-80.07,44.52],[-80.22,44.5],[-80.47,44.57],[-80.61,44.64],[-80.63,44.69],[-80.68,44.72],[-80.76,44.71],[-80.83,44.67],[-80.91,44.6],[-80.93,44.62],[-80.91,44.74],[-80.96,44.78],[-81.08,44.76],[-81.09,44.8],[-81.01,44.9],[-80.99,44.94],[-81.05,44.91],[-81.12,44.91],[-81.19,44.94],[-81.25,45.01],[-81.31,45.1],[-81.32,45.17],[-81.3,45.22],[-81.39,45.25],[-81.59,45.25],[-81.7,45.25],[-81.72,45.22],[-81.69,45.21],[-81.62,45.2],[-81.54,45.14],[-81.47,45.03],[-81.42,44.98],[-81.38,44.99],[-81.34,44.9],[-81.3,44.71],[-81.35,44.55],[-81.52,44.4],[-81.64,44.27],[-81.72,44.14],[-81.75,43.89],[-81.74,43.53],[-81.81,43.32],[-81.96,43.26],[-82.07,43.18],[-82.14,43.1],[-82.23,43.04],[-82.35,43.02],[-82.46,43.2],[-82.56,43.58],[-82.66,43.84],[-82.75,43.96],[-82.84,44.03],[-82.92,44.06],[-83.07,44.03],[-83.29,43.95],[-83.38,43.91],[-83.34,43.9],[-83.41,43.82],[-83.59,43.67],[-83.74,43.62],[-83.87,43.68],[-83.92,43.78],[-83.87,43.92],[-83.78,44],[-83.65,44.03],[-83.57,44.1],[-83.55,44.2],[-83.49,44.27],[-83.39,44.31],[-83.32,44.43],[-83.29,44.62],[-83.28,44.76],[-83.3,44.84],[-83.35,44.91],[-83.42,44.97],[-83.44,45.02],[-83.4,45.06],[-83.37,45.07],[-83.35,45.05],[-83.32,45.04],[-83.28,45.03],[-83.26,45.02],[-83.32,45.11],[-83.43,45.27],[-83.64,45.39],[-83.93,45.46],[-84.12,45.53],[-84.18,45.6],[-84.36,45.67]],[[-80.39,42.66],[-80.28,42.74],[-80.02,42.81],[-79.64,42.85],[-79.36,42.87],[-79.18,42.85],[-79.05,42.85],[-78.95,42.89],[-78.89,42.87],[-78.87,42.8],[-78.98,42.7],[-79.2,42.57],[-79.56,42.39],[-80.07,42.15],[-80.57,41.97],[-81.04,41.84],[-81.4,41.7],[-81.63,41.56],[-81.81,41.49],[-81.95,41.51],[-82.13,41.48],[-82.37,41.41],[-82.57,41.4],[-82.73,41.45],[-82.84,41.46],[-82.91,41.43],[-82.97,41.43],[-83.03,41.44],[-82.97,41.47],[-82.8,41.52],[-82.75,41.53],[-82.82,41.53],[-82.85,41.54],[-82.84,41.57],[-82.86,41.57],[-82.91,41.53],[-83.03,41.56],[-83.24,41.66],[-83.37,41.7],[-83.44,41.7],[-83.45,41.75],[-83.39,41.86],[-83.34,41.92],[-83.28,41.94],[-83.26,41.96],[-83.28,41.98],[-83.26,42],[-83.2,42.01],[-83.18,42.03],[-83.19,42.06],[-83.13,42.05],[-82.99,42],[-82.85,41.99],[-82.69,42.02],[-82.59,42],[-82.53,41.94],[-82.48,41.96],[-82.43,42.06],[-82.28,42.15],[-82.03,42.22],[-81.9,42.28],[-81.88,42.31],[-81.88,42.32],[-81.9,42.28],[-81.89,42.26],[-81.86,42.26],[-81.84,42.29],[-81.82,42.36],[-81.68,42.46],[-81.44,42.59],[-81.01,42.62],[-80.41,42.57],[-80.09,42.54],[-80.06,42.55],[-80.15,42.57],[-80.35,42.6],[-80.39,42.66]],[[-92.24,46.65],[-92.26,46.65],[-92.27,46.65],[-91.9,46.89],[-91.15,47.37],[-90.46,47.71],[-89.82,47.9],[-89.52,48],[-89.56,48.01],[-89.5,48.05],[-89.34,48.15],[-89.26,48.25],[-89.24,48.36],[-89.11,48.45],[-88.89,48.53],[-88.82,48.51],[-88.9,48.37],[-88.89,48.31],[-88.8,48.34],[-88.68,48.47],[-88.54,48.72],[-88.43,48.82],[-88.34,48.78],[-88.36,48.7],[-88.49,48.59],[-88.55,48.51],[-88.56,48.44],[-88.53,48.45],[-88.46,48.53],[-88.4,48.57],[-88.33,48.57],[-88.31,48.59],[-88.33,48.63],[-88.3,48.63],[-88.23,48.6],[-88.17,48.64],[-88.12,48.73],[-88.13,48.79],[-88.19,48.82],[-88.24,48.87],[-88.25,48.93],[-88.2,48.98],[-88.09,49],[-87.85,48.95],[-87.46,48.82],[-87.19,48.77],[-87.04,48.8],[-86.93,48.8],[-86.89,48.76],[-86.82,48.76],[-86.74,48.79],[-86.69,48.79],[-86.65,48.75],[-86.58,48.74],[-86.48,48.76],[-86.38,48.73],[-86.3,48.63],[-86.22,48.5],[-86.17,48.33],[-86.08,48.18],[-85.94,48.05],[-85.8,47.97],[-85.65,47.93],[-85.39,47.92],[-85.03,47.94],[-84.89,47.86],[-84.99,47.69],[-84.92,47.52],[-84.7,47.37],[-84.62,47.26],[-84.7,47.18],[-84.75,47.1],[-84.77,47.02],[-84.74,46.95],[-84.66,46.91],[-84.6,46.9],[-84.58,46.93],[-84.52,46.93],[-84.41,46.9],[-84.37,46.87],[-84.39,46.84],[-84.44,46.82],[-84.52,46.82],[-84.56,46.79],[-84.56,46.72],[-84.55,46.71],[-84.5,46.74],[-84.47,46.74],[-84.44,46.71],[-84.47,46.65],[-84.56,46.58],[-84.56,46.52],[-84.49,46.48],[-84.6,46.46],[-84.89,46.48],[-85.01,46.56],[-84.98,46.7],[-85.1,46.75],[-85.37,46.7],[-85.67,46.67],[-85.99,46.67],[-86.28,46.61],[-86.52,46.48],[-86.73,46.44],[-86.91,46.5],[-87.09,46.53],[-87.27,46.51],[-87.42,46.57],[-87.53,46.71],[-87.65,46.81],[-87.76,46.86],[-87.88,46.9],[-88.02,46.91],[-88.11,46.91],[-88.18,46.9],[-88.22,46.88],[-88.25,46.85],[-88.27,46.83],[-88.28,46.82],[-88.25,46.86],[-88.18,46.93],[-88.23,46.91],[-88.41,46.81],[-88.48,46.81],[-88.46,46.92],[-88.39,47.03],[-88.28,47.14],[-88.16,47.25],[-88.02,47.34],[-87.9,47.39],[-87.77,47.4],[-87.77,47.42],[-87.88,47.46],[-88.06,47.45],[-88.3,47.4],[-88.56,47.28],[-88.84,47.09],[-89.09,46.96],[-89.31,46.88],[-89.51,46.84],[-89.7,46.82],[-89.95,46.75],[-90.28,46.62],[-90.53,46.6],[-90.7,46.69],[-90.77,46.71],[-90.72,46.68],[-90.75,46.64],[-90.88,46.6],[-90.9,46.66],[-90.8,46.81],[-90.78,46.91],[-90.83,46.94],[-91.09,46.9],[-91.56,46.76],[-91.87,46.71],[-92.02,46.73],[-92.11,46.73],[-92.13,46.71],[-92.15,46.7],[-92.16,46.71],[-92.17,46.71],[-92.16,46.7],[-92.14,46.68],[-92.15,46.68],[-92.17,46.69],[-92.19,46.69],[-92.2,46.66],[-92.22,46.65],[-92.24,46.65]],[[-76.13,44.05],[-76.13,44.03],[-76.18,43.99],[-76.19,43.97],[-76.17,43.96],[-76.14,43.97],[-76.09,44],[-76.06,44.01],[-76.05,44.01],[-76.09,43.97],[-76.17,43.89],[-76.22,43.86],[-76.25,43.87],[-76.27,43.87],[-76.29,43.85],[-76.26,43.79],[-76.19,43.7],[-76.17,43.63],[-76.21,43.56],[-76.27,43.53],[-76.37,43.52],[-76.52,43.46],[-76.72,43.33],[-76.86,43.27],[-76.94,43.28],[-76.96,43.26],[-76.94,43.24],[-77.03,43.24],[-77.24,43.27],[-77.39,43.27],[-77.49,43.25],[-77.53,43.22],[-77.52,43.19],[-77.58,43.22],[-77.7,43.3],[-77.85,43.35],[-78.02,43.37],[-78.24,43.37],[-78.5,43.36],[-78.82,43.31],[-79.19,43.21],[-79.48,43.19],[-79.69,43.27],[-79.79,43.3],[-79.8,43.3],[-79.79,43.29],[-79.79,43.28],[-79.78,43.27],[-79.79,43.26],[-79.82,43.27],[-79.89,43.27],[-79.9,43.28],[-79.84,43.3],[-79.81,43.31],[-79.8,43.3],[-79.79,43.3],[-79.74,43.36],[-79.65,43.49],[-79.53,43.57],[-79.39,43.6],[-79.27,43.67],[-79.15,43.77],[-78.74,43.88],[-78.02,43.98],[-77.62,44.01],[-77.54,43.95],[-77.44,43.93],[-77.34,43.95],[-77.29,43.96],[-77.29,43.95],[-77.29,43.94],[-77.3,43.94],[-77.29,43.94],[-77.26,43.96],[-77.25,43.95],[-77.27,43.92],[-77.28,43.92],[-77.31,43.93],[-77.31,43.94],[-77.3,43.95],[-77.31,43.95],[-77.33,43.95],[-77.31,43.93],[-77.27,43.88],[-77.22,43.85],[-77.18,43.84],[-77.08,43.86],[-76.93,43.91],[-76.9,43.94],[-76.97,43.94],[-77.01,43.94],[-77.03,43.92],[-77.04,43.91],[-77.05,43.91],[-77.05,43.92],[-77,43.97],[-76.9,44.06],[-76.88,44.09],[-76.96,44.06],[-77.02,44.04],[-77.08,44.04],[-77.12,44.03],[-77.13,44.02],[-77.12,44.05],[-77.08,44.13],[-77.13,44.15],[-77.25,44.1],[-77.31,44.09],[-77.31,44.13],[-77.39,44.13],[-77.53,44.09],[-77.54,44.09],[-77.41,44.14],[-77.31,44.16],[-77.23,44.16],[-77.15,44.17],[-77.07,44.19],[-77.02,44.2],[-77,44.2],[-76.98,44.21],[-76.97,44.23],[-76.96,44.24],[-76.95,44.25],[-76.98,44.21],[-77.04,44.14],[-77.03,44.13],[-76.97,44.18],[-76.93,44.2],[-76.93,44.18],[-76.92,44.17],[-76.9,44.17],[-76.89,44.17],[-76.88,44.16],[-76.93,44.14],[-77.03,44.1],[-77.06,44.08],[-77.03,44.06],[-76.88,44.11],[-76.59,44.23],[-76.45,44.28],[-76.46,44.24],[-76.36,44.26],[-76.13,44.33],[-76.02,44.34],[-76.02,44.29],[-76.1,44.22],[-76.28,44.14],[-76.35,44.07],[-76.3,44],[-76.26,43.99],[-76.22,44.05],[-76.18,44.07],[-76.13,44.05]]],[[[-72.62,40.91],[-72.62,40.92],[-72.39,41.08],[-72.29,41.12],[-72.28,41.12],[-72.26,41.13],[-72.25,41.13],[-72.24,41.15],[-72.24,41.16],[-72.25,41.16],[-72.29,41.16],[-72.35,41.14],[-72.45,41.09],[-72.53,41.05],[-72.58,41.02],[-72.61,40.99],[-72.62,40.99],[-72.63,40.98],[-72.65,40.98],[-72.75,40.96],[-72.77,40.96],[-72.78,40.97],[-72.89,40.97],[-73.04,40.97],[-73.15,40.96],[-73.14,40.95],[-73.15,40.94],[-73.16,40.93],[-73.19,40.92],[-73.21,40.91],[-73.23,40.91],[-73.35,40.93],[-73.49,40.93],[-73.59,40.92],[-73.61,40.91],[-73.62,40.91],[-73.73,40.85],[-73.84,40.8],[-73.91,40.79],[-73.92,40.79],[-73.94,40.77],[-73.97,40.72],[-73.98,40.71],[-74,40.7],[-74,40.69],[-74.01,40.68],[-74.03,40.66],[-74.03,40.65],[-74.04,40.64],[-74.03,40.63],[-74.01,40.58],[-74,40.58],[-73.95,40.58],[-73.94,40.59],[-73.89,40.6],[-73.88,40.6],[-73.87,40.61],[-73.88,40.61],[-73.89,40.62],[-73.9,40.64],[-73.87,40.65],[-73.85,40.66],[-73.84,40.66],[-73.83,40.66],[-73.81,40.66],[-73.77,40.64],[-73.77,40.63],[-73.77,40.62],[-73.77,40.61],[-73.79,40.61],[-73.83,40.6],[-73.86,40.58],[-73.93,40.57],[-73.93,40.56],[-73.91,40.56],[-73.85,40.58],[-73.8,40.59],[-73.65,40.59],[-73.62,40.59],[-73.58,40.6],[-73.59,40.6],[-73.59,40.61],[-73.65,40.62],[-73.56,40.65],[-73.44,40.67],[-73.14,40.72],[-73.1,40.73],[-73.02,40.75],[-73,40.75],[-72.89,40.77],[-72.87,40.76],[-72.82,40.77],[-72.7,40.79],[-72.67,40.79],[-72.54,40.83],[-72.45,40.86],[-72.35,40.89],[-72.08,40.98],[-71.86,41.06],[-71.86,41.07],[-71.87,41.08],[-71.92,41.08],[-72,41.05],[-72.01,41.04],[-72.02,41.03],[-72.03,41.03],[-72.05,41.02],[-72.1,41],[-72.11,41],[-72.11,41.01],[-72.14,41.04],[-72.26,41.02],[-72.35,41],[-72.4,40.96],[-72.43,40.93],[-72.43,40.92],[-72.44,40.92],[-72.48,40.9],[-72.5,40.9],[-72.58,40.91],[-72.61,40.91],[-72.62,40.91]]]]},"properties":{"NAME":"Eastern North Amercian hunter-gatherers","SUBJECTO":"Eastern North Amercian hunter-gatherers","BORDERPRECISION":1}},
{"type":"Feature","geometry":{"type":"Polygon","coordinates":[[[-4.78,48.35],[-4.59,48.39],[-4.47,48.38],[-4.35,48.39],[-4.39,48.3],[-4.59,48.25],[-4.35,48.2],[-4.31,48.1],[-4.7,48.06],[-4.68,48.02],[-4.51,48],[-4.39,47.94],[-4.36,47.83],[-3.95,47.9],[-3.86,47.79],[-3.71,47.8],[-3.43,47.72],[-3.06,47.6],[-2.84,47.49],[-2.61,47.57],[-2.47,47.49],[-2.58,47.32],[-2.01,47.75],[-1.75,48.18],[-2,48.68],[-2.08,48.66],[-2.2,48.6],[-2.34,48.67],[-2.64,48.55],[-2.79,48.59],[-2.91,48.71],[-3.09,48.87],[-3.44,48.84],[-3.56,48.81],[-3.61,48.69],[-3.82,48.72],[-3.9,48.65],[-4,48.73],[-4.25,48.65],[-4.49,48.61],[-4.63,48.55],[-4.76,48.55],[-4.78,48.35]]]},"properties":{"NAME":"Britany","SUBJECTO":"Britany","BORDERPRECISION":1}},
{"type":"Feature","geometry":{"type":"Polygon","coordinates":[[[33.4,-20.02],[34.72,-20.04],[34.73,-19.86],[34.85,-19.8],[35.38,-19.43],[35.91,-19.03],[36.31,-18.65],[36.89,-18],[37.28,-17.71],[37.86,-17.45],[38.19,-17.35],[38.86,-17.06],[39.47,-16.72],[39.8,-16.42],[40.03,-16.14],[40.39,-15.74],[40.57,-15.48],[40.61,-15.35],[40.53,-15.18],[40.78,-14.92],[40.86,-14.7],[40.85,-14.58],[40.7,-14.54],[40.62,-14.48],[40.6,-14.4],[40.6,-14.03],[40.6,-13.53],[40.53,-13.31],[40.37,-12.99],[40.48,-12.84],[40.53,-12.58],[40.45,-12.08],[40.45,-11.87],[40.39,-11.55],[40.31,-11.34],[40.4,-11.23],[39.25,-11.14],[38.24,-9.29],[37.73,-4.58],[39.42,-1.38],[43.41,2.51],[34.41,2.49],[33.93,2.84],[22.22,6.2],[12.6,7.73],[5.36,5.37],[5.35,5.36],[5.33,5.25],[5.42,4.96],[5.61,4.63],[5.85,4.43],[6.09,4.33],[6.65,4.32],[6.84,4.29],[6.92,4.34],[7.05,4.51],[7.18,4.53],[7.45,4.41],[7.89,4.45],[8.14,4.47],[8.3,4.56],[8.33,4.61],[8.26,4.75],[8.33,4.84],[8.41,4.78],[8.51,4.77],[8.59,4.71],[8.64,4.68],[8.87,4.62],[8.92,4.52],[8.95,4.28],[9.03,4.14],[9.28,4.02],[9.54,4.04],[9.65,4.02],[9.78,3.85],[9.59,3.67],[9.77,3.38],[9.85,3.15],[9.92,2.82],[9.8,2.38],[9.89,2.14],[9.88,2.06],[9.85,1.88],[9.7,1.62],[9.5,1.38],[9.37,1.17],[9.56,1.13],[9.62,1.09],[9.64,0.96],[9.63,0.89],[9.57,0.61],[9.44,0.55],[9.35,0.54],[9.6,0.33],[9.85,0.17],[9.88,0.08],[9.66,0.08],[9.47,0.12],[9.43,-0.02],[9.3,-0.46],[9.2,-0.63],[8.96,-0.82],[8.82,-0.9],[8.98,-1.1],[9.11,-1.35],[9.32,-1.42],[9.47,-1.59],[9.42,-1.64],[9.24,-1.77],[9.66,-2.42],[9.89,-2.44],[10.06,-2.57],[9.93,-2.71],[10.52,-3.24],[10.64,-3.45],[10.88,-3.69],[11.13,-3.92],[11.15,-3.93],[11.77,-4.54],[11.95,-4.92],[12,-5],[12.23,-5.36],[12.26,-5.47],[12.2,-5.75],[12.19,-5.78],[12.34,-6.19],[12.37,-6.26],[12.67,-6.7],[12.8,-6.86],[12.88,-7.05],[12.97,-7.51],[13.02,-7.61],[13.17,-7.84],[13.39,-8.16],[13.48,-8.42],[13.48,-8.63],[13.43,-8.82],[13.36,-8.89],[13.15,-9.06],[13.08,-9.29],[13.2,-9.64],[13.42,-9.99],[13.64,-10.3],[13.73,-10.54],[13.82,-10.98],[13.84,-11.36],[13.81,-11.66],[13.65,-12.2],[13.46,-12.5],[13.34,-12.65],[13.05,-12.75],[12.93,-12.91],[12.85,-13.16],[12.59,-13.46],[12.44,-13.88],[12.33,-14.32],[12.3,-14.56],[12.25,-14.95],[12.18,-15.28],[12.06,-15.59],[11.96,-15.71],[11.78,-15.87],[11.8,-16.16],[11.8,-16.52],[11.78,-17.34],[11.77,-17.6],[11.79,-17.84],[11.85,-18.02],[12.08,-18.49],[12.52,-19.06],[12.91,-19.7],[28.62,-19.95],[28.63,-19.88],[29.69,-18.82],[31.28,-18.64],[32.69,-18.64],[33.4,-19.17],[33.4,-20.02]]]},"properties":{"NAME":"Bantou","SUBJECTO":"Bantou","BORDERPRECISION":1}},
{"type":"Feature","geometry":{"type":"Polygon","coordinates":[[[-82.43,27.83],[-82.45,27.72],[-82.62,27.53],[-82.75,27.53],[-82.58,27.31],[-82.31,26.82],[-82.14,26.87],[-82.08,26.55],[-81.89,26.45],[-81.84,26.08],[-81.74,25.92],[-81.4,25.86],[-81.15,25.38],[-81.15,25.27],[-81.1,25.13],[-80.87,25.19],[-80.74,25.13],[-80.57,25.19],[-80.45,25.21],[-80.44,25.15],[-80.5,25.04],[-80.49,25],[-80.31,25.24],[-80.31,25.36],[-80.35,25.55],[-80.21,25.73],[-80.19,25.86],[-80.05,26.55],[-80.08,26.92],[-80.13,27.07],[-80.26,27.2],[-80.23,27.24],[-80.45,27.78],[-80.59,28.49],[-82.43,27.83]]]},"properties":{"NAME":"Caloosahatchee cultureure","SUBJECTO":"Caloosahatchee cultureure","BORDERPRECISION":1}},
{"type":"Feature","geometry":{"type":"Polygon","coordinates":[[[15.45,38.17],[15.39,38.21],[14.77,38.06],[14.13,37.97],[13.81,37.97],[13.63,38.03],[13.32,38.22],[13.07,38.07],[12.78,38.12],[12.66,38.07],[12.52,37.92],[12.45,37.77],[12.53,37.64],[12.64,37.58],[13.01,37.52],[13.87,37.16],[14.22,37.05],[14.62,36.78],[14.94,36.74],[15.03,36.75],[15.22,37],[15.3,37.06],[15.12,37.29],[15.11,37.46],[15.18,37.68],[15.42,38.05],[15.47,38.11],[15.45,38.17]]]},"properties":{"NAME":"Emirate of Sicily","SUBJECTO":"Emirate of Sicily","BORDERPRECISION":1}},
{"type":"Feature","geometry":{"type":"Polygon","coordinates":[[[21.23,62.42],[21.34,62.34],[21.35,62.17],[21.21,61.87],[21.41,61.7],[21.56,61.48],[21.52,61.38],[21.5,61.18],[21.43,61.02],[21.44,60.69],[21.56,60.51],[21.75,60.41],[21.93,60.38],[22.22,60.26],[22.42,60.29],[22.39,60.12],[22.62,60.2],[23.01,60.21],[22.88,60.06],[22.98,59.93],[23.2,59.82],[23.42,59.83],[23.66,59.84],[23.96,59.93],[23.98,59.88],[24.28,59.94],[24.42,59.87],[24.52,59.99],[24.74,60.04],[24.97,60.09],[24.99,60.03],[25.15,60.11],[25.45,60.14],[25.58,60.26],[25.85,60.12],[25.89,60.24],[26.04,60.25],[26.32,60.27],[26.44,60.33],[26.55,60.57],[26.53,60.4],[26.61,60.35],[26.92,60.32],[26.95,60.38],[27.18,60.44],[27.41,60.34],[27.47,60.43],[28.01,60.51],[28.43,60.6],[28.52,60.62],[28.54,60.57],[30.04,61.12],[29.88,61.19],[29.82,61.21],[29.88,61.2],[29.9,61.2],[29.87,61.22],[29.87,61.23],[29.9,61.23],[29.9,61.24],[29.85,61.25],[29.83,61.26],[29.82,61.26],[29.84,61.26],[29.88,61.25],[29.9,61.26],[29.88,61.27],[29.88,61.28],[29.89,61.28],[29.9,61.28],[29.89,61.29],[29.9,61.3],[29.92,61.3],[29.97,61.28],[30.04,61.24],[30.08,61.24],[30.08,61.26],[30.13,61.28],[30.22,61.3],[30.24,61.32],[30.17,61.35],[30.17,61.38],[30.22,61.41],[30.24,61.45],[30.23,61.48],[29.02,61.77],[21.23,62.42]]]},"properties":{"NAME":"Suomi","SUBJECTO":"Suom","BORDERPRECISION":1}},
{"type":"Feature","geometry":{"type":"Polygon","coordinates":[[[28.54,60.57],[28.55,60.53],[28.44,60.34],[28.57,60.2],[28.64,60.17],[28.69,60.15],[28.97,60.11],[29.51,60.14],[29.69,60.13],[29.95,59.99],[30,59.94],[31.01,60.19],[30.98,60.19],[30.89,60.29],[30.75,60.48],[30.64,60.59],[30.55,60.61],[30.51,60.67],[30.52,60.7],[30.53,60.76],[30.44,60.88],[30.25,61.01],[30.06,61.11],[30.04,61.12],[28.54,60.57]]]},"properties":{"NAME":"Chuds","SUBJECTO":"Chuds","BORDERPRECISION":1}},
{"type":"Feature","geometry":{"type":"Polygon","coordinates":[[[105.4,72.75],[105.28,72.75],[106.21,73.26],[107.27,73.52],[108.34,73.69],[108.7,73.82],[110.05,74.25],[111.59,74.73],[112.11,74.78],[112.58,74.89],[113.63,75.27],[113.22,75.44],[113.11,75.49],[113.72,75.87],[113.53,76.09],[113.15,76.06],[112.82,76.06],[112.59,76.26],[112.06,76.45],[111.43,76.57],[110.55,76.64],[109.94,76.63],[109.66,76.69],[108.86,76.65],[108.24,76.65],[107.77,76.4],[107.67,76.44],[107.29,76.43],[106.4,76.43],[106.54,76.57],[107.07,76.77],[107.24,76.9],[107.16,76.95],[106.24,76.91],[105.53,76.98],[104.7,76.93],[104.49,77],[104.78,77.15],[105.47,77.33],[105.45,77.45],[105.06,77.57],[104.39,77.57],[103.95,77.59],[103.39,77.56],[102.39,77.37],[101.69,77.2],[101.17,77.01],[101.11,76.85],[101.39,76.62],[100.83,76.46],[100.41,76.47],[99.98,76.44],[99.77,76.29],[99.83,76.21],[99.78,76.06],[99.47,75.97],[99.16,76],[98.72,76.07],[98.29,76.06],[97.68,75.96],[97.12,75.87],[96.66,75.85],[95.98,75.9],[96.14,76.09],[95.97,76.17],[95.49,76.17],[94.69,76.18],[94.31,76.07],[93.59,75.88],[92.67,75.76],[91.63,75.65],[90.89,75.6],[90.03,75.56],[89.8,75.52],[89.68,75.51],[89.28,75.47],[87.92,75.06],[87.49,74.96],[86.96,74.78],[86.81,74.54],[86.81,74.44],[86.98,74.3],[87.39,74.18],[87.54,74.1],[87.69,73.9],[87.57,73.77],[87.14,73.6],[86.9,73.56],[86.12,73.45],[86.33,73.63],[86.76,73.79],[86.49,73.87],[85.86,73.82],[85.38,73.7],[85,73.58],[84.83,73.6],[84.62,73.74],[83.98,73.67],[83.02,73.61],[81.88,73.6],[80.84,73.55],[80.62,73.5],[80.5,73.42],[80.46,73.31],[80.83,73.01],[80.87,72.84],[80.84,72.58],[80.98,72.45],[81.59,72.35],[82.03,72.25],[82.32,72.22],[82.44,72.05],[82.85,71.94],[83.2,71.83],[83.56,71.62],[83.25,71.28],[83.17,71.18],[83.5,70.81],[83.57,70.65],[83.66,70.6],[83.68,70.46],[83.37,70.34],[83.04,70.24],[83.08,70.58],[82.8,70.82],[82.68,70.84],[82.5,70.71],[82.2,70.36],[82.05,70.42],[82.1,70.86],[82.22,71.2],[82.53,71.32],[82.88,71.49],[82.82,71.65],[82.49,71.57],[81.67,71.57],[81.43,71.61],[80.83,71.77],[80.34,72.01],[79.7,72.18],[79.22,72.27],[78.65,72.26],[78.27,72.21],[78.09,72.18],[78.13,71.85],[77.79,71.78],[77.27,71.81],[77.07,71.89],[76.46,71.87],[76.33,71.72],[76.61,71.52],[76.87,71.45],[77.28,71.42],[78.14,71.37],[78.37,71.25],[78.61,70.85],[78.25,70.83],[78.1,70.84],[77.74,71.03],[77,71.06],[76.29,71.14],[75.67,71.2],[75.45,71.32],[75.28,71.45],[75.22,71.65],[75.3,71.9],[75.58,72.17],[75.67,72.41],[75.62,72.63],[75.41,72.66],[75.12,72.69],[75.02,72.72],[75.07,72.42],[75,72.13],[74.92,72.03],[74.59,71.87],[74.14,71.75],[73.59,71.71],[73.22,71.46],[73.27,71.37],[73.7,71.14],[74.19,70.67],[74.25,70.57],[74.12,70.37],[73.79,70.05],[73.65,69.76],[73.91,69.27],[73.91,69.15],[74.32,69.16],[74.9,69.08],[75.19,69.13],[75.6,69.21],[76.18,69.14],[76.54,69.08],[77.03,68.98],[77.41,68.94],[77.64,68.82],[77.83,68.47],[77.91,68.32],[78.01,68.26],[77.98,68.15],[77.51,67.97],[77.48,67.8],[77.69,67.76],[77.95,67.77],[78.3,67.69],[78.54,67.61],[78.48,67.48],[78.09,67.41],[77.5,67.43],[77.09,67.53],[76.95,67.65],[77.11,68.11],[77.04,68.46],[76.66,68.67],[76.33,68.78],[75.54,68.77],[74.92,68.71],[74.61,68.64],[74.5,68.59],[74.4,68.35],[74.67,68.1],[74.77,67.85],[74.74,67.69],[74.35,67.4],[73.98,67.26],[73.81,66.99],[73.69,66.87],[73.17,66.64],[72.56,66.5],[72.42,66.33],[72.21,66.17],[71.79,66.16],[71.26,66.22],[70.98,66.2],[70.47,66.24],[69.77,66.33],[69.44,66.42],[69.17,66.55],[69.08,66.69],[69.36,66.74],[69.79,66.75],[70.12,66.72],[70.84,66.55],[71.35,66.66],[71.54,66.71],[71.4,66.95],[71.65,67.07],[71.93,67.16],[72.49,67.44],[72.84,67.65],[72.99,67.79],[73.18,68.17],[73.39,68.38],[73.39,68.44],[73.31,68.52],[72.85,68.64],[72.64,68.81],[72.53,69.07],[72.55,69.66],[72.44,70.19],[72.7,70.36],[72.77,70.46],[72.68,70.82],[72.55,70.98],[72.14,71.28],[71.8,71.43],[71.9,71.59],[72.5,71.96],[72.65,72.12],[72.84,72.49],[72.85,72.64],[72.71,72.77],[72.46,72.82],[71.98,72.8],[71.66,72.83],[70.94,72.79],[70.21,72.73],[69.51,72.8],[69.34,72.83],[69.06,72.64],[68.81,72.1],[68.55,71.82],[68.32,71.63],[67.82,71.42],[67.16,71.23],[66.98,71.21],[66.82,71.11],[66.67,70.87],[66.77,70.74],[67.29,70.71],[67.4,70.6],[67.42,70.22],[67.38,70.14],[67.28,70.07],[66.96,69.96],[66.83,69.82],[66.8,69.74],[66.88,69.62],[67.78,69.56],[68.11,69.43],[68.09,69.14],[68.26,68.94],[68.51,68.84],[68.69,68.81],[69.11,68.83],[69,68.7],[68.49,68.22],[68.38,68.18],[68.22,68.2],[67.83,68.37],[67.65,68.45],[67.17,68.65],[66.58,68.89],[66.13,69],[65.36,69.18],[64.87,69.23],[63.92,69.46],[63.41,69.55],[62.85,69.62],[62.28,69.71],[61.3,69.73],[61.03,69.74],[60.85,69.71],[60.55,69.54],[60.37,69.47],[60.99,69],[60.93,68.82],[60.76,68.67],[60.51,68.59],[60.08,68.62],[59.93,68.58],[59.89,68.4],[59.76,68.3],[59.5,68.29],[59.22,68.35],[59.12,68.39],[59.06,68.5],[59.35,68.7],[59.2,68.77],[58.77,68.86],[58.41,68.83],[57.96,68.7],[57.53,68.49],[57.36,68.46],[57.02,68.45],[56.54,68.55],[56.2,68.57],[55.72,68.54],[55.34,68.48],[55.13,68.4],[55,68.21],[54.88,68.11],[54.75,68.05],[54.65,68.07],[54.58,68.16],[54.38,68.16],[53.85,68.09],[53.63,68.05],[53.32,68.14],[53.32,68.23],[53.4,68.3],[53.78,68.34],[53.81,68.61],[53.89,68.79],[53.5,68.82],[53.18,68.76],[53.01,68.68],[52.94,68.47],[52.72,68.35],[52.46,68.3],[52.34,68.34],[52.24,68.54],[51.83,68.41],[51.14,68.27],[50.5,68.15],[49.63,67.94],[49.19,67.84],[48.64,67.65],[48.08,67.56],[47.95,67.38],[47.82,67.11],[47.71,66.89],[47.57,66.82],[46.97,66.78],[46.4,66.72],[46.08,66.76],[45.72,66.85],[45.39,67.1],[44.96,67.23],[44.87,67.31],[45.09,67.54],[45.46,67.64],[46.16,67.68],[46.63,67.7],[46.44,67.91],[46.16,68.11],[45.86,68.38],[45.58,68.44],[44.67,68.39],[44.01,68.49],[43.85,68.47],[43.82,68.33],[44.17,68.1],[44.26,67.83],[44.22,67.72],[43.7,67.27],[43.84,67.16],[44.22,67.09],[44.36,66.91],[44.38,66.61],[44.12,66.27],[44.05,66.04],[44.03,66.01],[43.88,66.01],[43.24,66.25],[42.42,66.38],[42.21,66.41],[42.13,66.39],[41.62,66.07],[41.35,65.96],[40.68,65.79],[40.04,65.6],[39.95,65.58],[39.82,65.44],[39.98,65.15],[40.37,64.86],[40.46,64.75],[40.44,64.56],[40.32,64.46],[40,64.54],[39.62,64.48],[39.19,64.51],[38.25,64.7],[37.6,64.85],[37.1,65.07],[36.88,65.07],[36.57,64.76],[37,64.41],[37.26,64.31],[37.46,64.3],[37.67,64.34],[37.88,64.31],[38.05,64.13],[38.05,63.99],[37.94,63.85],[37.59,63.81],[37.41,63.75],[37.25,63.78],[36.99,63.84],[36.42,63.88],[36.24,63.92],[36.02,64.2],[35.82,64.23],[32.5,61.1],[32.54,61.09],[32.57,61.02],[32.63,60.96],[35.29,61.42],[34.9,61.52],[34.61,61.64],[34.41,61.77],[34.38,61.83],[34.51,61.8],[34.56,61.81],[34.55,61.85],[34.56,61.86],[34.6,61.86],[34.59,61.86],[34.55,61.88],[34.52,61.89],[34.51,61.9],[34.53,61.9],[34.6,61.9],[34.54,61.95],[34.37,62.05],[34.27,62.12],[34.25,62.18],[34.26,62.19],[34.3,62.17],[34.39,62.13],[34.54,62.09],[34.64,62.06],[34.68,62.04],[34.71,62.02],[34.73,62.02],[34.69,62.08],[34.59,62.18],[34.59,62.22],[34.68,62.18],[34.72,62.18],[34.7,62.22],[34.62,62.3],[34.49,62.42],[34.52,62.41],[34.71,62.29],[34.72,62.32],[34.53,62.51],[34.51,62.57],[34.64,62.48],[34.74,62.41],[34.8,62.35],[34.83,62.3],[34.82,62.28],[34.82,62.27],[34.83,62.26],[34.84,62.27],[34.84,62.29],[34.83,62.31],[34.81,62.34],[34.81,62.35],[34.84,62.32],[34.87,62.25],[34.87,62.23],[34.84,62.25],[34.85,62.23],[34.89,62.17],[34.98,62.1],[35.1,62.03],[35.18,62.01],[35.2,62.04],[35.17,62.1],[35.07,62.2],[35.11,62.22],[35.29,62.16],[35.43,62.15],[35.55,62.21],[35.55,62.31],[35.43,62.48],[35.36,62.54],[35.34,62.51],[35.24,62.54],[35.05,62.61],[34.96,62.63],[34.98,62.61],[34.95,62.6],[34.87,62.61],[34.86,62.58],[34.94,62.51],[35,62.44],[35.05,62.38],[34.92,62.48],[34.6,62.76],[34.69,62.84],[35.17,62.72],[35.42,62.64],[35.42,62.62],[35.46,62.59],[35.52,62.55],[35.54,62.55],[35.5,62.59],[35.5,62.61],[35.54,62.62],[35.56,62.61],[35.55,62.58],[35.59,62.55],[35.69,62.55],[35.78,62.51],[35.84,62.44],[35.82,62.32],[35.72,62.13],[35.73,62.01],[35.85,61.95],[35.89,61.91],[35.85,61.87],[35.88,61.83],[35.96,61.8],[36.01,61.76],[36.02,61.7],[36.08,61.63],[36.19,61.53],[36.3,61.47],[36.4,61.44],[36.45,61.4],[36.46,61.36],[36.43,61.32],[36.41,61.31],[41.24,59.88],[44.45,58.94],[48.61,57.71],[53.98,57.71],[53.92,57.6],[55.71,57.2],[55.98,57.14],[59.09,56.43],[62.81,56.96],[75.86,61.43],[98.46,69.79],[105.4,72.75]]]},"properties":{"NAME":"Finno-Ugric taiga hunter-gatherers","SUBJECTO":"Finno-Ugric taiga hunter-gatherers","BORDERPRECISION":1}},
{"type":"Feature","geometry":{"type":"Polygon","coordinates":[[[23.53,56.88],[23.41,56.89],[23.22,56.98],[23.17,57.05],[23.07,57.26],[22.88,57.33],[22.59,57.51],[22.56,57.62],[22.43,57.62],[22.36,57.59],[22.29,57.57],[21.81,57.48],[21.68,57.46],[21.58,57.37],[21.46,57.25],[21.34,57.18],[21.32,56.85],[21.02,56.68],[20.96,56.61],[20.95,56.47],[20.92,56.14],[22.63,56.28],[23.53,56.88]]]},"properties":{"NAME":"Kurs","SUBJECTO":"Kurs","BORDERPRECISION":1}},
{"type":"Feature","geometry":{"type":"Polygon","coordinates":[[[13.43,54.03],[13.35,54.06],[13.06,54.19],[13.03,54.27],[12.94,54.35],[12.76,54.27],[12.65,54.32],[12.46,54.25],[12.31,54.2],[12.04,54.1],[11.57,54.04],[11.41,53.86],[11.2,53.86],[11.15,53.94],[10.96,53.9],[10.89,53.88],[10.88,53.88],[10.86,53.88],[10.77,53.93],[10.72,53.96],[11.02,54.1],[11.04,54.15],[11.07,54.22],[11.04,54.31],[10.65,54.26],[10.45,54.29],[10.34,54.36],[10.21,54.37],[10.14,54.34],[10.2,53.7],[10.57,53.05],[11.75,52.84],[11.55,52.64],[11.67,52.35],[13.59,52.31],[13.61,52.32],[13.57,53.22],[13.43,54.03]]]},"properties":{"NAME":"Pomerania","SUBJECTO":"Pomerania","BORDERPRECISION":1}},
{"type":"Feature","geometry":{"type":"Polygon","coordinates":[[[59.09,56.43],[55.98,57.14],[55.71,57.2],[55.06,51.15],[55.75,51.08],[59.23,49.85],[61.96,48.88],[61.86,48.36],[61.63,47.21],[69.66,42.79],[73.57,45.86],[74.84,46.39],[79.13,46.65],[99.87,48.61],[98.38,55.52],[93.7,56.48],[78.36,56.41],[65.31,55.05],[59.19,56.41],[59.09,56.43]]]},"properties":{"NAME":"Kimek-Kipchak khaganate","SUBJECTO":"Kimek-Kipchak khaganate","BORDERPRECISION":1}},
{"type":"Feature","geometry":{"type":"MultiPolygon","coordinates":[[[[42.67,40.66],[41.52,41.46],[41.48,41.44],[41.29,41.29],[40.61,41.03],[40.36,40.96],[40.01,40.96],[39.66,41],[39.37,41.06],[39.14,41.04],[38.65,40.92],[38.31,40.92],[37.82,41.01],[37.25,41.03],[36.82,41.29],[36.64,41.31],[36.38,41.24],[36.16,41.35],[35.96,41.69],[35.68,41.62],[35.41,41.63],[35.29,41.67],[35.1,41.81],[35,42.04],[34.66,41.88],[34.3,41.89],[33.9,41.95],[33.56,41.98],[33.16,41.95],[32.69,41.85],[32.42,41.75],[31.87,41.49],[31.67,41.39],[31.39,41.29],[31.4,41.16],[31.22,41.05],[30.74,41.04],[30.26,41.18],[30.14,41.13],[29.58,41.15],[29.16,41.22],[29.01,40.98],[29.29,40.81],[29.32,40.74],[29.42,40.74],[29.68,40.75],[29.88,40.75],[29.71,40.69],[29.53,40.69],[28.9,40.62],[28.78,40.52],[28.87,40.47],[29.08,40.46],[29.12,40.41],[29.05,40.33],[28.93,40.36],[28.76,40.38],[28.48,40.4],[28,40.36],[27.91,40.35],[28.01,40.45],[27.95,40.49],[27.81,40.5],[27.68,40.46],[27.8,40.4],[27.83,40.35],[27.76,40.29],[27.53,40.3],[27.45,40.31],[27.33,40.36],[27.27,40.45],[27.06,40.43],[27,40.37],[26.77,40.38],[26.48,40.19],[26.4,40.18],[26.32,39.99],[26.19,40],[26.13,39.88],[26.14,39.75],[26.14,39.66],[26.08,39.6],[26.06,39.46],[26.14,39.44],[26.55,39.51],[26.8,39.57],[26.96,39.55],[26.93,39.48],[26.85,39.46],[26.72,39.34],[26.6,39.26],[26.7,39.25],[26.71,39.18],[26.8,39.13],[26.87,39.06],[26.79,39.02],[26.79,38.94],[26.94,38.92],[27,38.88],[27.03,38.82],[26.97,38.77],[26.71,38.7],[26.7,38.64],[26.83,38.58],[26.82,38.53],[27,38.4],[26.74,38.28],[26.53,38.42],[26.47,38.44],[26.39,38.22],[26.39,38.1],[26.51,38.07],[26.68,38.1],[26.96,37.95],[27.14,37.89],[27.18,37.77],[27.14,37.65],[27.12,37.49],[27.16,37.36],[27.36,37.33],[27.49,37.24],[27.53,37.13],[27.27,37.04],[27.31,36.92],[27.55,36.91],[28,36.91],[28.05,36.83],[27.94,36.76],[27.91,36.7],[28.01,36.53],[28.27,36.71],[28.47,36.74],[28.81,36.54],[29,36.69],[29.3,36.17],[29.47,36.09],[29.66,36.08],[30.17,36.19],[30.28,36.12],[30.39,36.12],[30.47,36.19],[30.5,36.37],[30.54,36.65],[30.59,36.76],[30.91,36.79],[31.37,36.71],[31.9,36.5],[32.33,36.13],[32.64,36.01],[32.9,35.98],[33.17,35.97],[33.48,36.05],[33.75,36.15],[33.83,36.07],[33.84,36.11],[33.89,36.14],[33.95,36.16],[33.95,36.25],[34.1,36.38],[34.49,36.63],[34.66,36.65],[34.87,36.58],[35.07,36.49],[35.22,36.39],[35.35,36.41],[35.39,36.45],[35.42,36.43],[35.49,36.44],[35.55,36.54],[35.51,36.56],[35.57,36.59],[35.67,36.61],[35.89,36.77],[35.96,36.75],[36.08,36.62],[36.1,36.56],[36.1,36.48],[35.82,36.3],[35.81,36.3],[35.71,36.21],[35.66,36.13],[35.72,36.09],[35.83,35.88],[35.86,35.83],[35.74,35.69],[35.69,35.69],[35.73,35.59],[35.68,35.53],[35.66,35.46],[35.61,35.42],[35.8,35.27],[35.84,35.04],[35.81,35.01],[35.75,34.75],[35.85,34.49],[36.88,35.39],[37.03,35.75],[37.38,36.61],[37.59,37.16],[39.62,37.84],[41.01,38.34],[41.81,38.68],[42.02,39.18],[42.31,39.98],[42.67,40.66]]],[[[15.67,40.09],[15.76,39.93],[15.82,39.66],[15.99,39.43],[16.08,39.01],[16.18,38.93],[16.21,38.78],[16.15,38.7],[15.99,38.73],[15.83,38.62],[15.93,38.54],[15.79,38.3],[15.63,38.23],[15.63,38],[15.71,37.94],[15.79,37.91],[16.05,37.93],[16.33,38.32],[16.57,38.46],[16.52,38.73],[16.61,38.83],[16.8,38.93],[17.09,38.92],[17.18,39.02],[17.12,39.09],[17.11,39.28],[17.15,39.42],[16.87,39.54],[16.53,39.7],[16.54,39.83],[16.62,39.97],[16.6,40.09],[16.73,40.18],[16.84,40.36],[16.95,40.48],[17.08,40.53],[17.24,40.5],[17.2,40.4],[17.4,40.29],[17.62,40.29],[17.85,40.24],[17.97,40.17],[18.02,39.95],[18.16,39.87],[18.36,39.75],[18.43,39.9],[18.52,40.09],[18.38,40.31],[18.06,40.51],[18.03,40.6],[17.32,40.93],[16.95,41.09],[16.42,41.28],[15.99,41.41],[15.87,41.5],[15.99,41.63],[16.2,41.75],[16.19,41.84],[16.01,41.9],[15.45,41.86],[15.6,41.08],[15.77,40.57],[15.67,40.09]]],[[[27.72,42.32],[27.61,42.42],[27.49,42.4],[26.63,42.35],[23.73,42.18],[23.27,42.05],[22.87,41.25],[22.49,40.5],[22.7,40.58],[22.77,40.67],[22.85,40.65],[22.88,40.6],[22.86,40.54],[22.75,40.48],[22.96,40.31],[23.14,40.27],[23.21,40.18],[23.28,40.05],[23.26,39.97],[23.37,39.96],[23.6,39.93],[23.64,39.96],[23.59,40],[23.52,40.02],[23.44,40.04],[23.37,40.11],[23.32,40.16],[23.26,40.23],[23.29,40.25],[23.29,40.29],[23.35,40.28],[23.44,40.26],[23.6,40.19],[23.8,39.99],[23.91,40],[23.92,40.06],[23.87,40.16],[23.8,40.16],[23.65,40.23],[23.66,40.29],[23.63,40.35],[23.72,40.35],[23.77,40.39],[23.92,40.35],[24.05,40.31],[24.05,40.26],[24.22,40.14],[24.3,40.18],[23.92,40.45],[23.79,40.48],[23.71,40.63],[23.63,40.71],[23.63,40.77],[23.75,40.8],[23.89,40.73],[24.03,40.75],[24.22,40.83],[24.35,40.97],[24.5,40.98],[24.52,40.87],[24.7,40.88],[24.81,40.93],[25.02,41.02],[25.05,40.95],[25.3,40.9],[25.64,40.88],[25.99,40.85],[26.02,40.67],[26.12,40.6],[26.42,40.58],[26.45,40.58],[26.56,40.5],[26.46,40.43],[26.19,40.3],[26.22,40.22],[26.21,40.16],[26.14,40.04],[26.26,40.08],[26.38,40.21],[26.51,40.28],[26.61,40.4],[26.89,40.52],[27.26,40.67],[27.31,40.79],[27.47,40.96],[27.93,40.96],[28.03,41.03],[28.17,41.06],[28.6,40.95],[28.83,40.91],[28.96,40.99],[29.08,41.2],[29.01,41.25],[28.74,41.32],[28.37,41.43],[28.1,41.59],[28.07,41.62],[28.02,41.75],[28.03,41.88],[27.92,41.98],[27.91,42.08],[27.74,42.25],[27.72,42.32]]],[[[24.69,35.09],[24.72,35.03],[24.69,34.94],[25.59,35.02],[25.74,35.01],[25.9,35.05],[26.16,35.02],[26.24,35.14],[26.24,35.23],[26.27,35.31],[26.17,35.25],[26.1,35.22],[26.06,35.24],[25.94,35.21],[25.79,35.14],[25.74,35.14],[25.67,35.19],[25.71,35.33],[25.67,35.35],[25.51,35.29],[25.37,35.32],[25.1,35.35],[25.01,35.36],[25,35.42],[24.77,35.43],[24.39,35.37],[24.23,35.39],[24.22,35.45],[24.18,35.47],[24.11,35.49],[24.07,35.5],[24.09,35.52],[24.14,35.52],[24.15,35.56],[24.08,35.61],[24.03,35.6],[24.04,35.56],[23.96,35.53],[23.88,35.55],[23.74,35.56],[23.73,35.63],[23.7,35.7],[23.67,35.67],[23.67,35.61],[23.67,35.57],[23.53,35.57],[23.47,35.32],[23.51,35.28],[23.57,35.25],[23.79,35.26],[24.01,35.21],[24.32,35.21],[24.69,35.09]]],[[[22.81,39.6],[22.75,39.82],[22.7,39.83],[21.58,39.69],[20.09,39.6],[20.12,39.55],[20.21,39.4],[20.68,39.08],[20.9,39.06],[21.01,39.11],[21.16,39],[21.1,38.92],[21.01,38.87],[20.89,38.9],[20.77,38.85],[21.17,38.35],[21.36,38.41],[21.66,38.44],[21.83,38.46],[22.33,38.43],[22.88,38.2],[23,38.18],[23.12,38.16],[22.9,38],[22.75,37.95],[22,38.25],[21.91,38.27],[21.71,38.14],[21.44,38.18],[21.23,37.9],[21.22,37.83],[21.3,37.73],[21.52,37.54],[21.61,37.41],[21.63,37.31],[21.53,37.12],[21.59,36.98],[21.78,36.82],[21.98,37.02],[22.19,36.86],[22.39,36.52],[22.52,36.72],[22.67,36.75],[22.98,36.61],[22.89,37.05],[22.79,37.14],[22.81,37.21],[22.73,37.29],[22.64,37.49],[22.64,37.58],[22.71,37.54],[22.94,37.52],[23.03,37.48],[22.97,37.39],[23.11,37.35],[23.19,37.37],[23.18,37.43],[23.42,37.47],[23.31,37.55],[23.32,37.64],[23.22,37.6],[23.15,37.59],[23.05,37.64],[23.05,37.77],[23.04,37.86],[22.9,37.9],[22.98,37.96],[23.2,38.01],[23.42,38.07],[23.5,38.07],[23.54,38],[23.63,37.88],[23.73,37.86],[23.84,37.68],[23.92,37.68],[23.99,37.76],[23.88,38.12],[23.97,38.15],[23.96,38.21],[23.8,38.35],[23.68,38.35],[23.56,38.35],[23.49,38.48],[23.36,38.49],[23.19,38.61],[23.17,38.67],[23.1,38.67],[22.98,38.67],[22.9,38.77],[22.72,38.79],[22.6,38.86],[22.49,38.88],[22.78,38.94],[22.87,39.02],[22.83,39.17],[22.77,39.2],[22.72,39.29],[22.85,39.37],[22.92,39.35],[22.98,39.33],[23.05,39.27],[23.1,39.19],[23.05,39.1],[23.16,39.14],[23.24,39.2],[23.07,39.41],[22.81,39.6]]],[[[35.6,45.1],[35.71,45.07],[35.66,45.4],[35.55,45.38],[35.36,45.33],[35.43,45.29],[35.44,45.28],[35.4,45.26],[35.28,45.3],[35.18,45.33],[35.06,45.34],[35.04,45.37],[34.06,45.05],[33.53,44.87],[33.55,44.62],[33.4,44.6],[33.62,44.45],[33.96,44.38],[34.33,44.54],[34.37,44.76],[34.61,44.84],[35.07,44.86],[35.39,45.08],[35.6,45.1]]]]},"properties":{"NAME":"Byzantine Empire","SUBJECTO":"Byzantine Empire","BORDERPRECISION":1}},
{"type":"Feature","geometry":{"type":"Polygon","coordinates":[[[41.24,59.88],[42.17,56.4],[40.03,52.48],[44.83,52.12],[45.4,52.07],[46.38,51.97],[50.87,51.55],[55.06,51.15],[55.71,57.2],[53.92,57.6],[53.98,57.71],[48.61,57.71],[44.45,58.94],[41.24,59.88]],[[48.47,54.12],[48.39,54.17],[48.38,54.23],[48.4,54.34],[48.4,54.45],[48.42,54.6],[48.55,54.65],[48.75,54.68],[48.81,54.73],[48.83,54.8],[48.86,54.87],[48.86,55.01],[48.98,55.07],[49.16,55.16],[49.17,55.29],[49.1,55.35],[49.05,55.44],[49.06,55.48],[49.12,55.48],[49.19,55.38],[49.23,55.34],[49.3,55.32],[49.36,55.34],[49.33,55.38],[49.33,55.45],[49.33,55.52],[49.37,55.54],[49.37,55.52],[49.37,55.46],[49.45,55.4],[49.58,55.39],[49.79,55.38],[50,55.42],[50.09,55.46],[50.22,55.44],[50.38,55.43],[50.48,55.46],[50.68,55.45],[50.83,55.48],[51.13,55.5],[51.25,55.53],[51.33,55.5],[51.35,55.5],[51.41,55.49],[51.47,55.51],[51.47,55.59],[51.4,55.68],[51.41,55.77],[51.45,55.81],[51.48,55.83],[51.47,55.8],[51.46,55.7],[51.52,55.63],[51.63,55.65],[51.76,55.72],[51.87,55.7],[51.94,55.7],[51.89,55.67],[51.8,55.68],[51.75,55.68],[51.73,55.64],[51.71,55.59],[51.62,55.57],[51.55,55.56],[51.52,55.5],[51.41,55.44],[51.21,55.49],[51.17,55.46],[51.2,55.44],[51.22,55.4],[51.18,55.36],[51.13,55.39],[51.07,55.42],[50.88,55.45],[50.76,55.43],[50.73,55.41],[49.89,55.29],[49.81,55.24],[49.69,55.19],[49.52,55.13],[49.46,55.11],[49.45,55.07],[49.45,55.05],[49.4,55.02],[49.32,55.01],[49.22,55.02],[49.14,55],[49.01,54.97],[48.94,54.9],[48.97,54.83],[49.03,54.81],[49.1,54.8],[49.08,54.78],[48.99,54.73],[48.98,54.67],[48.97,54.64],[48.94,54.62],[48.9,54.58],[48.91,54.55],[48.9,54.53],[48.86,54.5],[48.86,54.46],[48.79,54.45],[48.63,54.44],[48.53,54.39],[48.5,54.33],[48.55,54.24],[48.66,54.17],[48.76,54.15],[48.8,54.13],[48.81,54.1],[48.85,54.05],[49.02,54.02],[49.28,54.07],[49.4,54.12],[49.56,54.18],[49.73,54.23],[49.74,54.19],[49.67,54.16],[49.54,54.13],[49.44,54.04],[49.31,53.97],[49.22,53.93],[49.22,53.88],[49.27,53.82],[49.32,53.79],[49.35,53.77],[49.37,53.73],[49.37,53.69],[49.34,53.7],[49.31,53.72],[49.28,53.73],[49.19,53.81],[49.13,53.82],[49.09,53.79],[49.07,53.71],[49.06,53.61],[49.09,53.53],[49.25,53.5],[49.56,53.5],[49.88,53.49],[49.9,53.46],[49.85,53.43],[49.49,53.44],[49.32,53.4],[49.26,53.35],[49.23,53.28],[49.09,53.27],[48.8,53.28],[48.76,53.32],[48.92,53.31],[49.14,53.31],[49.21,53.34],[49.2,53.37],[49.11,53.4],[48.99,53.44],[49.01,53.46],[48.96,53.54],[48.87,53.65],[48.88,53.75],[48.9,53.83],[48.88,53.87],[48.81,53.94],[48.66,54.04],[48.57,54.1],[48.47,54.12]]]},"properties":{"NAME":"Volga Bulgars","SUBJECTO":"Volga Bulgars","BORDERPRECISION":1}},
{"type":"Feature","geometry":{"type":"Polygon","coordinates":[[[8.48,46.41],[10.06,46.48],[10.66,47.69],[9.99,48.82],[8.51,48.72],[7.81,47.46],[8.41,47.46],[8.48,46.41]],[[9.1,47.67],[9.09,47.67],[9.07,47.67],[8.98,47.67],[8.96,47.66],[8.91,47.64],[8.86,47.66],[8.89,47.65],[8.94,47.66],[8.99,47.68],[9.01,47.69],[8.99,47.71],[8.94,47.73],[8.96,47.74],[9.01,47.72],[8.99,47.74],[9.1,47.7],[9.11,47.69],[9.08,47.69],[9.05,47.71],[9.04,47.69],[9.08,47.68],[9.11,47.69],[9.12,47.67],[9.22,47.67],[9.21,47.68],[9.19,47.7],[9.2,47.71],[9.18,47.7],[9.17,47.73],[9.07,47.78],[9.03,47.8],[9.04,47.82],[9.11,47.79],[9.13,47.77],[9.23,47.74],[9.24,47.71],[9.29,47.68],[9.35,47.66],[9.42,47.67],[9.47,47.65],[9.49,47.65],[9.5,47.65],[9.53,47.6],[9.56,47.58],[9.6,47.59],[9.61,47.57],[9.63,47.57],[9.65,47.56],[9.68,47.56],[9.68,47.54],[9.71,47.55],[9.75,47.51],[9.74,47.5],[9.7,47.51],[9.68,47.49],[9.67,47.5],[9.65,47.49],[9.64,47.51],[9.6,47.49],[9.56,47.5],[9.53,47.48],[9.48,47.48],[9.47,47.5],[9.44,47.51],[9.44,47.52],[9.39,47.54],[9.38,47.57],[9.3,47.61],[9.19,47.65],[9.18,47.66],[9.1,47.67]]]},"properties":{"NAME":"Duchy of Swabia","SUBJECTO":"Holy Roman Empire","BORDERPRECISION":1}},
{"type":"Feature","geometry":{"type":"MultiPolygon","coordinates":[[[[24.13,48.81],[24.14,51.29],[24.31,51.78],[24.35,51.91],[24.17,54.28],[21.46,53.82],[21.1,53.82],[20.81,53.64],[20.71,53.76],[20.43,53.78],[20.39,53.51],[20.08,53.51],[20.08,53.67],[19.56,53.46],[19.43,53.38],[19.12,54.25],[18.96,54.23],[18.68,54.25],[18.67,54.26],[18.51,54.32],[18.45,54.53],[18.34,54.6],[18.36,54.67],[18.76,54.54],[18.28,54.72],[17.66,54.69],[16.98,54.55],[16.47,54.42],[16.11,54.2],[15.9,54.13],[15.31,54.07],[15.08,54],[14.89,53.98],[14.58,53.93],[14.47,53.91],[14.47,53.88],[14.48,53.82],[14.56,53.76],[14.57,53.69],[14.5,53.62],[14.54,53.54],[14.43,53.59],[14.38,53.6],[14.28,53.61],[14.19,53.62],[14.18,53.68],[14.01,53.67],[13.85,53.73],[13.78,53.78],[13.76,53.88],[13.74,54.03],[13.67,54.08],[13.43,54.03],[13.57,53.22],[13.61,52.32],[13.8,52.35],[14.13,52.41],[14.62,51.36],[14.73,51.13],[14.68,50.91],[18.48,49.5],[18.52,49.56],[18.93,49.62],[19.11,49.59],[19.14,49.71],[19.38,49.8],[19.56,49.71],[19.56,49.53],[19.71,49.53],[19.89,49.47],[20.02,49.8],[20.35,49.74],[20.53,49.8],[20.68,49.65],[20.89,49.74],[20.8,49.83],[20.89,49.83],[20.98,49.74],[21.14,49.83],[21.29,49.77],[21.32,49.86],[21.77,49.74],[21.77,49.59],[24.13,48.81]]],[[[14.17,53.91],[14.07,53.92],[13.78,54.04],[13.78,53.95],[13.83,53.83],[14.03,53.87],[14.07,53.84],[14.15,53.83],[14.21,53.81],[14.17,53.91]]],[[[14.47,53.88],[14.42,53.92],[14.31,53.92],[14.23,53.91],[14.25,53.82],[14.33,53.83],[14.46,53.82],[14.47,53.88]]]]},"properties":{"NAME":"Poland","SUBJECTO":"Poland","BORDERPRECISION":1}},
{"type":"Feature","geometry":{"type":"Polygon","coordinates":[[[24.17,54.28],[25.2,54.83],[21.03,55.61],[21.22,55.34],[21.2,55.26],[21.14,55.26],[21.16,55.22],[21.19,55.17],[21.22,55.11],[21.11,55.09],[21.19,54.96],[21.14,54.85],[20.99,54.81],[20.8,54.82],[20.13,54.85],[19.94,54.85],[19.86,54.75],[19.83,54.53],[19.88,54.53],[19.94,54.61],[20.01,54.55],[20.19,54.58],[20.33,54.56],[20.19,54.52],[19.98,54.42],[19.91,54.39],[19.73,54.31],[19.57,54.26],[19.46,54.22],[19.33,54.16],[19.23,54.17],[19.23,54.22],[19.32,54.27],[19.76,54.46],[19.73,54.46],[19.26,54.28],[19.12,54.25],[19.43,53.38],[19.56,53.46],[20.08,53.67],[20.08,53.51],[20.39,53.51],[20.43,53.78],[20.71,53.76],[20.81,53.64],[21.1,53.82],[21.46,53.82],[24.17,54.28]]]},"properties":{"NAME":"Prussians","SUBJECTO":"Prussians","BORDERPRECISION":1}},
{"type":"Feature","geometry":{"type":"Polygon","coordinates":[[[20.92,56.14],[20.92,56.1],[20.95,56.07],[21,56.02],[21.01,55.7],[21.02,55.63],[21.03,55.61],[25.2,54.83],[27.96,56.31],[27.71,58.01],[27.68,58.02],[27.62,58.01],[27.5,58.18],[27.47,58.22],[27.43,58.3],[27.32,58.4],[27.24,58.45],[27.16,58.65],[26.97,58.81],[26.97,58.88],[27.11,58.95],[27.3,58.99],[27.52,59.01],[27.57,59],[27.52,59.31],[27.27,59.34],[27,59.32],[26.86,59.37],[26.34,59.45],[25.72,59.46],[25.49,59.42],[25.45,59.49],[25.25,59.36],[24.75,59.45],[24.71,59.35],[24.57,59.37],[24.54,59.32],[24.34,59.37],[24.28,59.28],[24.03,59.24],[24.03,59.18],[23.57,59.14],[23.42,59.12],[23.46,59.01],[23.34,58.97],[23.43,58.86],[23.36,58.77],[23.51,58.58],[23.69,58.67],[23.67,58.24],[23.91,58.22],[24.06,58.11],[24.33,58.31],[24.5,58.21],[24.49,58.2],[24.41,58.11],[24.42,57.95],[24.35,57.86],[24.33,57.84],[24.24,57.73],[24.32,57.34],[24.35,57.16],[24.27,57.03],[24.16,56.98],[23.77,56.87],[23.53,56.88],[22.63,56.28],[20.92,56.14]]]},"properties":{"NAME":"Baltic Tribes","SUBJECTO":"Baltic Tribes","BORDERPRECISION":1}},
{"type":"Feature","geometry":{"type":"Polygon","coordinates":[[[34.29,65.4],[34.6,65.48],[34.73,65.61],[34.73,65.8],[34.54,66],[34.26,66.11],[33.84,66.18],[33.47,66.31],[32.97,66.58],[32.75,66.65],[32.42,66.89],[32.36,66.92],[32.22,66.99],[32.64,67.05],[32.99,66.99],[33.16,66.91],[33.44,66.7],[33.65,66.68],[34.15,66.63],[35.17,66.41],[35.77,66.26],[36.51,66.17],[37.42,66.09],[38.05,66.01],[38.78,66],[39.19,66.04],[39.98,66.2],[40.35,66.32],[40.84,66.56],[41.15,66.78],[41.26,66.94],[41.21,67.07],[41.02,67.2],[40.95,67.33],[40.97,67.53],[40.83,67.66],[39.92,67.94],[39.33,68.04],[38.67,68.15],[38.41,68.24],[37.69,68.63],[37.25,68.79],[36.02,69.02],[35.44,69.15],[34.93,69.15],[34.7,69.16],[34.31,69.17],[33.82,69.19],[33.63,69.21],[33.32,69.07],[33.28,69.34],[33.01,69.39],[32.6,69.42],[32.35,69.51],[32.19,69.64],[32.08,69.82],[32.07,69.88],[31.78,69.78],[31.33,69.66],[31.05,69.64],[30.74,69.75],[30.36,69.77],[30.06,69.72],[29.73,69.7],[29.56,69.83],[29.08,69.96],[28.82,70.1],[28.73,70.14],[29.73,70.11],[30.25,70.13],[30.8,70.31],[30.75,70.43],[30.46,70.54],[30.04,70.54],[29.74,70.6],[28.98,70.86],[28.79,70.86],[28.39,70.57],[28.29,70.37],[27.88,70.43],[28.02,70.61],[27.99,70.72],[28.14,70.83],[28.31,70.95],[28.21,71.02],[27.95,71.02],[27.52,70.97],[27.13,70.58],[26.93,70.47],[26.62,70.39],[26.62,70.8],[26.61,70.91],[26.26,70.79],[25.57,70.37],[25.26,70.11],[25.07,70.14],[25.12,70.44],[25.23,70.56],[25.83,70.9],[25.39,70.9],[24.85,70.83],[24.57,70.74],[24.36,70.61],[24.21,70.47],[23.95,70.5],[23.83,70.48],[23.51,70.28],[23.29,70.01],[23.2,69.94],[22.75,70.17],[22.31,70.22],[22.16,70.09],[21.91,69.8],[21.61,69.96],[21.41,70.02],[21.1,69.82],[20.73,69.78],[20.55,69.52],[20.2,69.32],[20.28,69.58],[20.36,69.71],[20.29,69.79],[20.16,69.75],[19.82,69.37],[19.58,69.18],[17.63,67.72],[17.01,67.25],[14.54,63.1],[14.34,62.95],[16.19,62.76],[17.87,62.79],[17.97,62.77],[18.3,62.79],[18.39,62.85],[18.49,62.98],[18.78,63.14],[19.08,63.2],[19.32,63.44],[19.47,63.48],[19.67,63.39],[19.98,63.52],[20.7,63.82],[20.87,64.03],[21.05,64.22],[21.39,64.38],[21.24,64.52],[21.06,64.59],[20.92,64.71],[21.33,64.89],[21.49,65.02],[21.42,65.1],[21.28,65.21],[21.52,65.37],[21.82,65.38],[21.96,65.45],[22.2,65.72],[22.49,65.88],[22.65,65.93],[22.8,65.85],[23.2,65.68],[23.41,65.72],[23.84,65.8],[23.95,65.8],[24.21,65.79],[24.59,65.58],[25.1,65.54],[25.25,65.42],[25.19,65.24],[25.13,65.08],[25.29,65],[25.35,64.94],[25.33,64.8],[24.93,64.82],[24.47,64.64],[24.09,64.38],[23.58,64.08],[23.13,63.78],[27.23,63.35],[30.6,64.94],[34.29,65.4]]]},"properties":{"NAME":"Samis","SUBJECTO":"Samis","BORDERPRECISION":1}},
{"type":"Feature","geometry":{"type":"MultiPolygon","coordinates":[[[[27.17,47.97],[29.88,48.32],[30.46,48.4],[30.45,48.44],[30.44,48.44],[32.57,49.22],[32.41,49.3],[32.29,49.35],[32.17,49.4],[31.9,49.51],[31.89,49.55],[31.96,49.57],[32.11,49.54],[32.18,49.52],[32.35,49.47],[32.46,49.43],[32.63,49.38],[32.68,49.4],[32.66,49.46],[32.66,49.54],[32.71,49.56],[32.75,49.48],[32.86,49.41],[32.92,49.36],[37.15,50.91],[39.3,51.71],[39.64,52.29],[39.77,52.5],[40.03,52.48],[42.17,56.4],[41.24,59.88],[36.41,61.31],[36.37,61.29],[36.37,61.25],[36.41,61.22],[36.35,61.17],[36.18,61.11],[36.08,61.05],[36.03,60.99],[35.9,60.95],[35.67,60.92],[35.54,60.93],[35.5,60.98],[35.5,61],[35.55,61],[35.6,61.03],[35.66,61.1],[35.64,61.19],[35.54,61.31],[35.29,61.42],[32.63,60.96],[32.64,60.95],[32.75,60.88],[32.81,60.81],[32.82,60.74],[32.86,60.69],[32.93,60.65],[32.95,60.61],[32.92,60.58],[32.9,60.55],[32.89,60.54],[32.87,60.53],[32.85,60.52],[32.78,60.52],[32.65,60.51],[32.61,60.48],[32.66,60.42],[32.67,60.38],[32.61,60.36],[32.6,60.33],[32.62,60.27],[32.61,60.23],[32.58,60.19],[32.48,60.16],[32.32,60.13],[32.22,60.14],[32.17,60.19],[32.04,60.22],[31.82,60.24],[31.66,60.2],[31.53,60.12],[31.5,60.06],[31.54,60.01],[31.55,59.97],[31.54,59.94],[31.42,59.92],[31.2,59.92],[31.07,59.93],[31.04,59.95],[31.05,59.98],[31.09,60.01],[31.1,60.07],[31.07,60.14],[31.03,60.18],[31.01,60.19],[30,59.94],[30.13,59.81],[29.96,59.74],[29.77,59.74],[29.41,59.86],[29.08,59.91],[28.94,59.82],[28.8,59.67],[28.66,59.64],[28.44,59.73],[28.31,59.66],[28.35,59.6],[28.27,59.56],[28.16,59.59],[28.09,59.66],[27.94,59.65],[27.9,59.53],[27.97,59.52],[28.01,59.46],[28.02,59.45],[27.89,59.35],[27.7,59.3],[27.52,59.31],[27.57,59],[27.68,58.98],[27.75,58.91],[27.81,58.57],[27.82,58.48],[27.8,58.45],[27.75,58.43],[27.66,58.37],[27.58,58.31],[27.56,58.26],[27.57,58.21],[27.59,58.17],[27.69,58.17],[27.71,58.16],[27.87,58.17],[27.97,58.13],[28.1,58.04],[28.15,57.97],[28.17,57.91],[28.1,57.86],[27.99,57.87],[27.91,57.9],[27.88,57.92],[27.88,57.94],[27.8,57.99],[27.71,58.01],[27.96,56.31],[25.2,54.83],[24.17,54.28],[24.35,51.91],[24.31,51.78],[24.14,51.29],[24.13,48.81],[24.3,48.76],[27.17,47.97]],[[38.69,58.21],[38.64,58.22],[38.62,58.2],[38.7,58.13],[38.7,58.11],[38.68,58.11],[38.61,58.11],[38.38,58.12],[38.36,58.1],[38.44,58.04],[38.44,58.02],[38.42,58.02],[38.37,58.03],[38.31,58.04],[38.28,58.05],[38.26,58.07],[38.25,58.1],[38.25,58.2],[38.22,58.24],[38.15,58.25],[37.94,58.3],[37.9,58.29],[37.51,58.54],[37.42,58.61],[37.32,58.66],[37.16,58.69],[37.15,58.71],[37.17,58.73],[37.15,58.85],[37.31,58.76],[37.37,58.73],[37.42,58.73],[37.41,58.69],[37.41,58.67],[37.46,58.63],[37.54,58.61],[37.56,58.55],[37.61,58.55],[37.66,58.56],[37.67,58.57],[37.62,58.63],[37.63,58.64],[37.71,58.62],[37.77,58.62],[37.99,58.55],[38.07,58.54],[38.07,58.59],[38.1,58.62],[38.1,58.63],[37.99,58.67],[37.98,58.69],[37.95,58.72],[37.94,58.74],[37.96,58.74],[38.02,58.75],[38,58.86],[37.92,58.86],[37.87,58.9],[37.83,58.91],[37.78,58.93],[37.71,58.93],[37.64,58.92],[37.58,58.9],[37.5,58.84],[37.47,58.86],[37.47,58.87],[37.48,58.93],[37.5,58.94],[37.61,58.99],[37.67,59.03],[37.7,59.06],[37.68,59.1],[37.64,59.14],[37.64,59.16],[37.84,59.16],[37.94,59.17],[37.99,59.18],[38,59.16],[38.01,59.14],[38.03,59.13],[38.12,59.1],[38.16,59.1],[38.18,59.11],[38.18,59.13],[38.18,59.15],[38.12,59.2],[38.14,59.21],[38.18,59.2],[38.29,59.16],[38.41,59.17],[38.41,59.15],[38.33,59.09],[38.24,59.06],[38.17,59.07],[37.91,59.1],[37.87,59.09],[37.86,59.08],[37.92,59.04],[38.05,58.99],[38.12,58.95],[38.43,58.75],[38.61,58.64],[38.75,58.55],[38.99,58.5],[39,58.48],[38.97,58.44],[39,58.39],[39.01,58.36],[38.87,58.33],[38.83,58.3],[38.81,58.25],[38.82,58.13],[38.81,58.12],[38.78,58.13],[38.69,58.21]],[[31.65,58.31],[31.69,58.2],[31.63,58.21],[31.53,58.23],[31.45,58.21],[31.39,58.14],[31.16,58.17],[30.88,58.21],[30.86,58.24],[30.95,58.28],[31.02,58.32],[31.08,58.33],[31.17,58.36],[31.25,58.43],[31.3,58.48],[31.37,58.43],[31.43,58.42],[31.51,58.39],[31.52,58.37],[31.64,58.39],[31.65,58.37],[31.65,58.35],[31.65,58.31]]],[[[41.56,47.9],[41.61,47.34],[42.64,47.32],[42.73,47.93],[42.21,48.24],[41.56,47.9]]],[[[37.89,45.84],[37.66,45.66],[37.71,45.62],[37.66,45.62],[37.61,45.66],[37.58,45.53],[37.6,45.41],[37.65,45.45],[37.64,45.58],[37.7,45.56],[37.71,45.3],[37.58,45.34],[37.52,45.36],[37.4,45.32],[37.22,45.3],[37.31,45.27],[37.08,45.24],[37.09,45.34],[37.06,45.37],[36.9,45.42],[36.76,45.42],[36.67,45.33],[36.78,45.38],[36.97,45.31],[36.96,45.27],[36.73,45.2],[36.58,45.19],[36.62,45.13],[36.71,45.1],[36.83,45.09],[36.96,45.06],[37.16,45],[37.28,44.93],[37.3,44.87],[37.35,44.79],[37.49,44.67],[37.81,44.64],[37.82,44.66],[37.79,44.72],[37.85,44.7],[37.99,44.59],[38.22,44.38],[38.27,44.43],[38.5,45.24],[37.89,45.84]]],[[[36.55,45.34],[36.62,45.33],[36.64,45.38],[36.61,45.42],[36.49,45.44],[36.29,45.47],[36.15,45.46],[36.07,45.43],[36.04,45.37],[35.93,45.37],[35.86,45.4],[35.69,45.33],[35.72,45.08],[35.79,45.05],[35.83,44.99],[36,45],[36.13,45.02],[36.23,45.01],[36.46,45.08],[36.4,45.15],[36.43,45.28],[36.5,45.34],[36.55,45.34]]]]},"properties":{"NAME":"Kyivan Rus","SUBJECTO":"Kyivan Rus","BORDERPRECISION":1}},
{"type":"Feature","geometry":{"type":"MultiPolygon","coordinates":[[[[14.34,62.95],[13.15,62.02],[13.04,61.8],[12.79,61.33],[12.65,61.11],[12.6,61.03],[12.52,61.02],[12.17,60.96],[12.43,60.63],[12.55,60.43],[12.48,60.33],[12.44,60.28],[12.42,60.04],[12.45,59.53],[12.49,58.56],[11.74,57.7],[11.77,57.67],[11.88,57.51],[11.88,57.33],[12.23,57.61],[12.32,57.68],[12.52,57.39],[12.69,57.42],[12.73,57.43],[12.9,56.98],[13.1,57.05],[13.23,57.1],[13.35,56.76],[13.43,56.52],[14.18,56.81],[14.48,56.68],[15.43,56.77],[15.99,56.44],[16.06,56.4],[16.38,56.82],[16.39,57.07],[16.49,57.28],[16.66,57.44],[16.55,57.55],[16.61,57.67],[16.48,57.7],[16.46,57.9],[16.6,57.87],[16.72,57.89],[16.77,58.04],[16.74,58.31],[16.51,58.43],[16.44,58.63],[17.08,58.65],[17.08,58.75],[17.25,58.72],[17.36,58.74],[17.58,58.89],[17.62,59.1],[17.74,59.11],[17.75,58.99],[17.73,58.91],[17.77,58.87],[17.94,58.91],[18.02,59.04],[18.37,59.16],[18.27,59.29],[18.6,59.3],[18.61,59.33],[18.52,59.4],[18.44,59.4],[18.43,59.33],[18.33,59.37],[18.11,59.32],[17.98,59.33],[17.86,59.24],[17.58,59.27],[17.57,59.21],[17.36,59.25],[17.27,59.34],[17,59.36],[16.78,59.48],[16.41,59.45],[16.52,59.58],[16.72,59.53],[16.79,59.58],[17.07,59.55],[17.37,59.47],[17.73,59.42],[17.8,59.36],[18.03,59.36],[18.25,59.43],[18.64,59.57],[18.87,59.71],[19.04,59.71],[19.04,59.86],[18.89,59.93],[18.8,60.11],[18.42,60.18],[18.22,60.32],[17.93,60.59],[17.71,60.55],[17.6,60.64],[17.19,60.67],[17.32,60.75],[17.15,60.95],[17.15,61.2],[17.07,61.54],[17.16,61.63],[17.39,61.66],[17.5,62.09],[17.39,62.2],[17.29,62.44],[17.72,62.36],[17.94,62.55],[17.87,62.79],[16.19,62.76],[14.34,62.95]]],[[[18.15,56.91],[18.17,56.91],[18.21,56.91],[18.22,56.91],[18.29,56.93],[18.3,56.94],[18.35,57],[18.34,57.01],[18.34,57.02],[18.34,57.07],[18.35,57.08],[18.39,57.12],[18.39,57.13],[18.4,57.13],[18.42,57.14],[18.44,57.15],[18.46,57.16],[18.5,57.17],[18.51,57.17],[18.55,57.18],[18.66,57.22],[18.71,57.24],[18.71,57.25],[18.79,57.45],[18.77,57.47],[18.76,57.51],[18.79,57.66],[18.81,57.7],[18.85,57.72],[18.93,57.74],[19.03,57.83],[19,57.9],[19.01,57.9],[19,57.91],[18.91,57.92],[18.9,57.92],[18.88,57.92],[18.72,57.92],[18.69,57.92],[18.68,57.91],[18.48,57.82],[18.47,57.81],[18.46,57.81],[18.46,57.8],[18.42,57.76],[18.4,57.74],[18.38,57.72],[18.36,57.7],[18.34,57.68],[18.29,57.65],[18.28,57.63],[18.25,57.62],[18.24,57.62],[18.23,57.61],[18.21,57.61],[18.19,57.6],[18.18,57.59],[18.14,57.55],[18.12,57.53],[18.11,57.52],[18.11,57.51],[18.11,57.5],[18.12,57.48],[18.14,57.41],[18.16,57.32],[18.15,57.24],[18.17,57.14],[18.25,57.08],[18.26,57.03],[18.21,56.99],[18.16,56.94],[18.14,56.92],[18.14,56.91],[18.15,56.91]]],[[[16.57,56.37],[16.57,56.38],[16.57,56.39],[16.58,56.41],[16.64,56.52],[16.73,56.7],[16.77,56.8],[16.78,56.81],[16.79,56.81],[16.81,56.82],[16.82,56.83],[16.83,56.83],[16.84,56.83],[16.85,56.84],[16.88,56.93],[16.93,57.04],[16.96,57.08],[17.01,57.13],[17.05,57.19],[17.12,57.32],[17.11,57.35],[17.1,57.35],[17.06,57.36],[17.04,57.35],[17.02,57.34],[17.01,57.34],[16.99,57.32],[16.98,57.32],[16.97,57.31],[16.97,57.29],[16.96,57.28],[16.96,57.27],[16.96,57.26],[16.97,57.24],[16.96,57.23],[16.96,57.22],[16.9,57.13],[16.85,57.06],[16.75,56.94],[16.64,56.88],[16.63,56.88],[16.62,56.87],[16.61,56.87],[16.54,56.78],[16.42,56.59],[16.4,56.54],[16.39,56.53],[16.39,56.46],[16.4,56.27],[16.41,56.22],[16.42,56.22],[16.42,56.21],[16.43,56.21],[16.44,56.21],[16.47,56.22],[16.49,56.23],[16.5,56.24],[16.55,56.33],[16.57,56.35],[16.58,56.36],[16.58,56.37],[16.57,56.37]]]]},"properties":{"NAME":"Sweden","SUBJECTO":"Sweden","BORDERPRECISION":1}},
{"type":"Feature","geometry":{"type":"Polygon","coordinates":[[[44.89,41.33],[45.43,41.46],[45.51,41.71],[45.83,41.7],[45.87,42.06],[46.22,42.23],[45.98,42.42],[45.29,42.37],[45.26,42.44],[43.63,42.82],[43.06,43.03],[42.48,43.13],[41.39,43.33],[39.74,43.63],[40.1,43.38],[40.25,43.27],[40.56,43.15],[40.97,43.08],[41.12,43.02],[41.41,42.79],[41.5,42.61],[41.65,42.12],[41.68,41.79],[41.67,41.73],[41.52,41.47],[41.52,41.46],[42.67,40.66],[42.69,40.7],[43.33,40.95],[44.03,41.12],[44.55,40.94],[44.78,41.3],[44.81,41.35],[44.89,41.33]]]},"properties":{"NAME":"Kingdom of Georgia","SUBJECTO":"Kingdom of Georgia","BORDERPRECISION":1}},
{"type":"Feature","geometry":{"type":"Polygon","coordinates":[[[48.37,39.97],[48.34,39.95],[48.08,40.07],[46.87,40.85],[46.87,40.86],[46.82,40.88],[46.53,40.93],[46.53,40.94],[46.42,40.93],[46.48,40.78],[46.49,40.59],[46.78,40.45],[46.86,40.45],[47.06,40.44],[47.13,39.67],[47.82,39.67],[47.94,39.67],[48.37,39.97]]]},"properties":{"NAME":"Arran","SUBJECTO":"Arran","BORDERPRECISION":1}},
{"type":"Feature","geometry":{"type":"Polygon","coordinates":[[[49.4,39.49],[49.45,39.66],[49.49,39.76],[49.54,39.88],[49.55,40.09],[49.57,40.18],[49.67,40.24],[49.85,40.27],[49.91,40.33],[50.03,40.35],[50.13,40.35],[50.31,40.33],[50.47,40.26],[50.47,40.33],[50.42,40.41],[50.32,40.5],[50.19,40.57],[50.02,40.6],[49.81,40.58],[49.66,40.66],[49.54,40.5],[47.88,41.17],[47.85,41.18],[47.74,41.16],[46.85,41.02],[46.86,40.94],[47.14,40.81],[47.03,40.79],[46.87,40.86],[46.87,40.85],[48.08,40.07],[48.34,39.95],[48.37,39.97],[48.53,40.06],[48.89,39.95],[48.95,39.8],[49.07,39.48],[49.4,39.49]]]},"properties":{"NAME":"Shirvan","SUBJECTO":"Shirvan","BORDERPRECISION":1}},
{"type":"Feature","geometry":{"type":"MultiPolygon","coordinates":[[[[27.62,46.9],[28.93,47.16],[29.49,47.27],[29.64,47.3],[29.65,47.34],[29.88,48.32],[27.17,47.97],[27.39,47.47],[27.43,47.38],[27.53,47.15],[27.63,46.93],[27.62,46.9]]],[[[45.98,42.42],[45.94,42.46],[47.1,42.96],[46.06,43.97],[42.4,44.31],[42.48,43.13],[43.06,43.03],[43.63,42.82],[45.26,42.44],[45.29,42.37],[45.98,42.42]]]]},"properties":{"NAME":"Alans","SUBJECTO":"","BORDERPRECISION":1}},
{"type":"Feature","geometry":{"type":"Polygon","coordinates":[[[46.15,39.69],[46.74,40.03],[46.86,40.45],[46.78,40.45],[46.49,40.59],[46.48,40.78],[46.42,40.93],[46.53,40.94],[46.53,40.93],[46.82,40.88],[46.87,40.86],[46.86,40.94],[46.85,41.02],[46.82,41.21],[46.74,41.71],[48.22,42.28],[48.13,42.41],[47.97,42.59],[47.84,42.62],[47.79,42.85],[47.74,42.9],[47.57,43.01],[47.58,43.19],[47.66,43.28],[47.6,43.32],[47.57,43.5],[47.67,43.66],[47.74,43.86],[47.66,43.85],[47.61,43.75],[47.57,43.6],[47.52,43.51],[47.49,43.58],[47.54,43.67],[47.57,43.84],[47.44,44.03],[47.33,44.19],[47.22,44.2],[47.14,44.34],[47,44.36],[46.85,44.45],[46.81,44.54],[46.87,44.68],[47.03,44.79],[47.17,44.86],[47.25,44.99],[47.39,45.17],[47.48,45.32],[47.56,45.45],[47.66,45.54],[47.6,45.66],[47.63,45.73],[47.67,45.75],[47.75,45.71],[47.87,45.68],[48.01,45.71],[48.05,45.72],[46.77,46.76],[45.09,48.12],[42.79,48.37],[41.85,48.48],[39.2,47.23],[39.28,47.07],[38.72,46.88],[38.4,46.72],[38.03,46.67],[37.87,46.66],[37.76,46.6],[37.97,46.44],[38.26,46.32],[38.46,46.08],[38.23,46.14],[38.15,46.02],[37.99,46.01],[37.89,45.84],[38.5,45.24],[38.27,44.43],[38.28,44.42],[38.56,44.39],[38.92,44.21],[39.46,43.83],[39.74,43.63],[41.39,43.33],[42.48,43.13],[42.4,44.31],[46.06,43.97],[47.1,42.96],[45.94,42.46],[45.98,42.42],[46.22,42.23],[45.87,42.06],[45.83,41.7],[45.51,41.71],[45.43,41.46],[46.15,39.69]],[[41.56,47.9],[42.21,48.24],[42.73,47.93],[42.64,47.32],[41.61,47.34],[41.56,47.9]]]},"properties":{"NAME":"Khazars","SUBJECTO":"Khazars","BORDERPRECISION":1}},
{"type":"Feature","geometry":{"type":"Polygon","coordinates":[[[16.64,43.39],[16.99,43.32],[17.08,43.22],[17.3,43.08],[17.55,42.92],[17.6,42.89],[17.65,42.86],[18,42.69],[18.25,42.53],[18.51,42.36],[18.53,42.35],[18.91,42.22],[19.14,42],[19.14,41.93],[19.34,41.86],[19.37,41.85],[19.46,41.8],[19.52,41.78],[19.88,42.14],[18.9,42.48],[18.89,44.47],[16.82,44.82],[16.87,44.24],[16.7,43.85],[16.71,43.77],[16.64,43.39]]]},"properties":{"NAME":"Serbia","SUBJECTO":"Serbia","BORDERPRECISION":1}},
{"type":"Feature","geometry":{"type":"MultiPolygon","coordinates":[[[[61.5,46.52],[61.37,46.36],[61.29,46.3],[61.27,46.25],[61.22,46.22],[61.16,46.18],[61.12,46.1],[61,46.08],[61.03,46.01],[61,45.92],[61.04,45.74],[61.02,45.49],[61.17,45.19],[61.24,45.18],[61.5,46.52]]],[[[59.29,45.28],[59.13,45.19],[59.05,44.95],[59.24,44.8],[59.46,45.06],[59.45,45.19],[59.29,45.28]]],[[[59.78,45.7],[59.76,45.63],[59.79,45.59],[59.91,45.6],[60.02,45.66],[60.11,45.69],[60.07,45.71],[59.9,45.7],[59.78,45.7]]]]},"properties":{"NAME":"Peshemegs","SUBJECTO":"Peshemegs","BORDERPRECISION":1}},
{"type":"Feature","geometry":{"type":"Polygon","coordinates":[[[15.91,45.63],[16.04,45.6],[16.12,45.58],[16.21,45.73],[16.18,45.76],[16.08,45.89],[16.19,46.11],[16.21,46.15],[16.45,46.1],[16.5,46.26],[16.54,46.36],[16.3,46.41],[16.51,46.63],[16.48,46.7],[16.45,46.78],[16.45,46.93],[16.56,47.06],[16.56,47.19],[16.59,47.23],[16.64,47.3],[16.56,47.5],[16.48,48.2],[17.35,48.96],[17.87,48.8],[18.11,48.85],[18.11,48.99],[18.22,48.99],[18.25,49.18],[18.48,49.5],[14.68,50.91],[14.73,51.13],[14.62,51.36],[14.13,52.41],[13.8,52.35],[13.61,52.32],[13.59,52.31],[11.67,52.35],[11.55,52.64],[11.75,52.84],[10.57,53.05],[10.2,53.7],[10.14,54.34],[9.88,54.25],[9.83,54.28],[9.74,54.28],[9.67,54.19],[9.45,54.19],[9.44,54.25],[9.3,54.25],[9.26,54.3],[9.22,54.29],[9.17,54.32],[9.14,54.3],[9.06,54.35],[8.96,54.28],[8.88,54.23],[8.85,54.17],[8.78,54.13],[8.83,54.07],[8.95,54.01],[8.82,53.97],[8.86,53.87],[9.13,53.79],[8.85,53.75],[8.59,53.79],[8.54,53.8],[8.52,53.76],[8.43,53.61],[8.5,53.45],[8.31,53.53],[8.19,53.53],[8.26,53.44],[8.24,53.35],[8.17,53.32],[8.03,53.37],[8.1,53.44],[8.01,53.57],[7.97,53.64],[7.88,53.63],[7.84,53.63],[7.33,53.6],[7.17,53.59],[7.04,53.51],[6.98,53.32],[7.19,53.23],[7.16,53.16],[7.04,53.16],[7.01,53.25],[6.86,53.27],[6.75,53.39],[6.26,53.32],[5.97,53.34],[5.65,53.23],[5.39,53.14],[5.33,53.01],[5.34,53],[5.36,52.94],[5.33,52.79],[5.58,52.76],[5.65,52.75],[5.55,52.68],[5.56,52.59],[5.61,52.53],[5.82,52.52],[5.76,52.33],[5.57,52.28],[5.47,52.18],[4.95,52.28],[5.04,52.33],[5.01,52.56],[5.11,52.53],[5.23,52.62],[5.17,52.74],[5.01,52.86],[4.72,52.8],[4.64,52.76],[4.39,52.23],[4.26,52.07],[3.88,51.79],[3.52,51.58],[3.74,51.46],[3.78,51.39],[3.68,51.32],[3.44,51.01],[3.82,50.04],[4.26,49.89],[5.36,49.7],[5.91,49.2],[5.9,49.2],[5.8,49.2],[5.61,49.21],[5.72,48.96],[5.88,49.07],[6,48.9],[5.93,48.85],[5.83,48.78],[5.9,48.73],[6.02,48.65],[5.95,48.35],[5.97,48.34],[6.24,48.29],[6.24,48.2],[6.25,47.96],[6.78,47.95],[7.27,47.46],[7.81,47.46],[8.51,48.72],[9.99,48.82],[10.66,47.69],[10.06,46.48],[8.48,46.41],[8.49,46.12],[7.51,45.38],[7.68,44.73],[8.29,44.57],[8.34,44.22],[8.67,44.42],[8.9,44.44],[9.16,44.37],[9.69,44.22],[9.83,44.15],[9.91,44.11],[10.14,43.9],[10.16,43.88],[10.26,43.75],[10.29,43.71],[10.34,43.6],[10.49,43.24],[10.74,42.85],[11.1,42.55],[11.5,42.38],[11.96,42.01],[11.96,42],[12.39,41.73],[12.64,41.53],[12.98,41.37],[13.27,41.31],[13.25,41.66],[13.39,41.85],[14.44,41.88],[14.74,42.05],[14.72,42.14],[14.52,42.23],[14.4,42.35],[14.09,42.61],[14.08,42.63],[13.92,42.87],[13.79,43.12],[13.73,43.37],[13.6,43.53],[12.7,43.93],[12.51,44.13],[12.35,44.3],[12.28,44.55],[12.27,44.67],[12.38,44.73],[12.48,44.79],[12.52,44.88],[12.41,44.99],[12.32,45.04],[12.31,45.18],[12.18,45.21],[12.16,45.23],[11.97,45.44],[12.14,45.76],[12.38,45.83],[12.65,45.92],[13.08,45.98],[13.37,45.69],[13.44,45.64],[13.56,45.73],[13.67,45.71],[13.8,45.57],[13.96,45.48],[14,45.46],[13.95,45.39],[13.81,45.31],[13.8,45.31],[13.85,45.17],[13.91,44.98],[14.17,45.01],[14.24,45.06],[14.35,45.32],[14.53,45.78],[14.8,45.86],[14.88,45.48],[15.42,45.43],[15.47,45.73],[15.91,45.63]]]},"properties":{"NAME":"Holy Roman Empire","SUBJECTO":"Holy Roman Empire","BORDERPRECISION":1}},
{"type":"Feature","geometry":{"type":"Polygon","coordinates":[[[28.93,47.16],[27.62,46.9],[27.37,46.34],[26.77,45.97],[26.52,45.82],[26.26,45.76],[23.06,45.03],[22.66,44.64],[22.42,44.74],[22.34,44.77],[22.08,44.45],[21.36,44.77],[20.99,44.7],[20.71,44.64],[20.31,44.9],[20.3,44.9],[20.29,44.9],[19.99,44.92],[19.79,44.94],[19.26,44.9],[17.95,44.81],[17.83,45.14],[17.34,45.14],[16.81,44.94],[16.82,44.82],[18.89,44.47],[18.9,42.48],[19.88,42.14],[19.52,41.78],[19.61,41.76],[19.62,41.56],[19.5,41.52],[19.42,41.35],[19.53,41.22],[19.45,40.96],[19.53,40.87],[19.34,40.59],[19.49,40.4],[19.48,40.3],[19.38,40.32],[19.37,40.26],[19.8,40.02],[20.03,39.81],[20.09,39.6],[21.58,39.69],[22.7,39.83],[22.56,39.99],[22.53,40.06],[22.47,40.12],[22.49,40.23],[22.6,40.4],[22.49,40.5],[22.87,41.25],[23.27,42.05],[23.73,42.18],[26.63,42.35],[27.49,42.4],[27.5,42.52],[27.65,42.68],[27.84,42.74],[27.87,42.8],[27.89,43.06],[28.03,43.39],[28.19,43.45],[28.33,43.44],[28.45,43.48],[28.48,43.59],[28.51,43.74],[28.53,43.84],[28.57,44.2],[28.69,44.49],[28.92,44.77],[29.09,44.88],[29.26,44.9],[29.46,44.92],[29.58,45.06],[29.71,45.26],[29.68,45.37],[29.62,45.41],[29.54,45.45],[29.5,45.52],[29.63,45.75],[29.73,45.77],[30.07,45.86],[30.27,46.04],[30.43,46.18],[30.44,46.19],[30.31,46.32],[29.94,46.54],[29.58,46.61],[28.93,47.16]]]},"properties":{"NAME":"Bulgar Khanate","SUBJECTO":"Bulgar Khanate","BORDERPRECISION":1}},
{"type":"Feature","geometry":{"type":"Polygon","coordinates":[[[-24.22,65.53],[-24.15,65.44],[-23.68,65.32],[-23.37,65.35],[-23.18,65.43],[-22.81,65.47],[-22.36,65.45],[-22.15,65.38],[-21.95,65.38],[-21.79,65.3],[-21.73,65.18],[-21.81,65.04],[-21.98,64.95],[-22.45,64.91],[-22.78,64.86],[-23.14,64.85],[-23.44,64.8],[-23.61,64.75],[-23.67,64.66],[-23.51,64.56],[-23.26,64.57],[-22.55,64.63],[-22.39,64.66],[-22.28,64.62],[-22.09,64.44],[-21.86,64.38],[-21.49,64.38],[-21.8,64.11],[-22.31,63.95],[-22.51,63.87],[-22.37,63.77],[-21.55,63.72],[-21.08,63.71],[-20.88,63.74],[-20.4,63.7],[-19.83,63.48],[-19.55,63.41],[-18.96,63.34],[-18.64,63.32],[-18.16,63.37],[-17.94,63.42],[-17.59,63.69],[-17.24,63.73],[-16.92,63.73],[-16.53,63.78],[-15.88,63.99],[-15.63,64.06],[-15.27,64.28],[-15.08,64.21],[-14.82,64.2],[-14.6,64.27],[-14.37,64.48],[-14.35,64.67],[-14.26,64.71],[-13.89,64.72],[-13.69,64.78],[-13.63,64.89],[-13.56,65.01],[-13.53,65.18],[-13.59,65.43],[-13.65,65.5],[-14.4,65.57],[-14.75,65.7],[-14.64,65.95],[-14.76,66.05],[-15.07,66.06],[-15.57,66.21],[-15.86,66.42],[-16.39,66.45],[-16.38,66.13],[-16.57,66.03],[-16.92,65.98],[-17.57,66.01],[-18.02,66.08],[-17.86,65.84],[-17.88,65.76],[-18.13,65.79],[-18.37,65.89],[-18.68,66.09],[-19.04,66.02],[-19.17,66],[-19.27,65.93],[-19.16,65.73],[-19.24,65.67],[-19.34,65.67],[-19.56,65.77],[-19.75,65.91],[-19.97,66.11],[-20.22,66],[-20.14,65.65],[-20.17,65.56],[-20.39,65.48],[-20.67,65.42],[-20.83,65.37],[-21.08,65.21],[-21.49,65.57],[-21.3,65.7],[-21.24,65.88],[-21.44,66.13],[-21.78,66.25],[-22.21,66.29],[-22.68,66.39],[-22.84,66.28],[-22.56,66.11],[-22.47,66],[-22.61,65.92],[-22.91,65.94],[-23.34,66.13],[-23.47,66.13],[-23.61,65.98],[-23.43,65.83],[-23.27,65.72],[-23.57,65.68],[-23.97,65.69],[-24.16,65.61],[-24.22,65.53]]]},"properties":{"NAME":"Icelandic Commonwealth","SUBJECTO":"Icelandic Commonwealth","BORDERPRECISION":1}},
{"type":"Feature","geometry":{"type":"MultiPolygon","coordinates":[[[[-66.75,80.66],[-67.14,80.56],[-67.41,80.21],[-66.85,80.04],[-66.42,79.98],[-65.9,80.07],[-65.02,80.05],[-64.62,79.95],[-64.68,79.9],[-64.68,79.89],[-64.8,79.68],[-64.87,79.46],[-64.89,79.38],[-65.16,79.31],[-65.25,79.25],[-65.3,79.22],[-65.48,79.16],[-66.36,79.17],[-66.85,79.13],[-67.97,79.13],[-68.35,79.09],[-68.84,78.97],[-69.01,78.9],[-69.27,78.8],[-69.85,78.76],[-70.31,78.72],[-70.78,78.69],[-71.13,78.65],[-71.46,78.62],[-71.77,78.6],[-72.02,78.58],[-72.38,78.53],[-72.55,78.32],[-72.53,78.17],[-72.55,78.32],[-72.38,78.53],[-72.02,78.58],[-71.77,78.6],[-72.02,78.58],[-72.38,78.53],[-72.55,78.32],[-72.53,78.17],[-71.89,77.95],[-71.67,77.92],[-71.34,77.94],[-71.05,77.92],[-70.68,77.83],[-70.38,77.67],[-69.99,77.58],[-69.69,77.56],[-69.29,77.6],[-68.95,77.63],[-68.44,77.58],[-67.85,77.59],[-67.35,77.71],[-66.8,77.78],[-66.44,77.68],[-66.15,77.55],[-66.16,77.53],[-66.15,77.55],[-66.16,77.53],[-66.18,77.4],[-66.31,77.35],[-66.78,77.26],[-67.2,77.23],[-67.74,77.19],[-68.13,77.19],[-68.34,77.2],[-68.9,77.21],[-69.25,77.21],[-69.71,77.23],[-70.62,77.28],[-70.91,77.27],[-71.18,77.26],[-71.37,77.16],[-71.45,77.12],[-71.37,77.16],[-71.45,77.12],[-71.06,77.03],[-70.5,76.83],[-70.22,76.83],[-69.85,76.79],[-68.86,76.79],[-68.38,76.78],[-68.19,76.7],[-68.14,76.6],[-68.35,76.55],[-69.04,76.29],[-68.35,76.55],[-68.14,76.6],[-68.19,76.7],[-68.14,76.6],[-68.35,76.55],[-69.04,76.29],[-67.62,76.02],[-67.04,75.94],[-66.56,75.93],[-66.54,75.97],[-66.68,76.31],[-66.03,76.17],[-65.47,76.1],[-64.84,76.17],[-64.47,76.25],[-64,76.29],[-63.65,76.38],[-62.92,76.36],[-62.47,76.34],[-61.51,76.26],[-60.65,76.11],[-59.78,75.92],[-59.07,75.84],[-58.64,75.79],[-58.23,75.61],[-58.21,75.3],[-58.07,75.2],[-57.77,75.09],[-56.94,74.92],[-56.68,74.7],[-56.18,74.12],[-55.78,73.7],[-55.35,73.35],[-55.15,73.28],[-54.73,73.04],[-54.56,72.87],[-54.58,72.83],[-54.63,72.72],[-54.79,72.67],[-55.1,72.75],[-55.15,72.75],[-55.37,72.73],[-55.3,72.16],[-55.39,71.96],[-55.43,71.87],[-55.63,71.73],[-55.61,71.6],[-55.48,71.49],[-55.01,71.33],[-54.38,71.3],[-53.99,71.41],[-53.86,71.55],[-53.72,71.62],[-53.32,71.89],[-52.81,71.74],[-52.53,71.7],[-52.04,71.7],[-51.72,71.59],[-51.79,71.54],[-51.9,71.52],[-52.04,71.48],[-52.17,71.37],[-52.2,71.36],[-51.89,71.25],[-51.68,71.22],[-51.4,71.02],[-51.36,70.91],[-51.33,70.82],[-50.94,70.58],[-50.8,70.39],[-50.81,70.3],[-50.82,70.25],[-51.15,70.32],[-51.81,70.53],[-52.23,70.63],[-52.37,70.67],[-52.53,70.67],[-52.69,70.68],[-52.92,70.72],[-53.63,70.82],[-53.89,70.81],[-54.16,70.81],[-54.3,70.74],[-54.37,70.72],[-54.01,70.51],[-53.67,70.36],[-53.26,70.33],[-52.91,70.29],[-52.17,70.07],[-51.64,69.94],[-51.12,69.94],[-50.57,69.87],[-50.46,69.74],[-50.53,69.68],[-50.69,69.53],[-50.74,69.42],[-50.77,69.34],[-50.37,69.19],[-50.28,69.11],[-50.27,68.95],[-50.3,68.94],[-50.37,68.91],[-50.52,68.94],[-50.61,68.96],[-50.85,68.95],[-50.87,68.94],[-50.91,68.81],[-50.92,68.77],[-50.95,68.54],[-50.96,68.54],[-51.01,68.51],[-51.02,68.51],[-51.21,68.48],[-51.68,68.5],[-52.34,68.66],[-52.69,68.66],[-52.84,68.51],[-52.68,68.45],[-51.97,68.31],[-51.56,68.23],[-50.95,68.09],[-50.49,67.97],[-50.36,67.89],[-50.47,67.69],[-50.49,67.65],[-50.48,67.48],[-50.94,67.53],[-51.1,67.55],[-51.36,67.59],[-51.5,67.64],[-51.53,67.65],[-51.88,67.67],[-52.26,67.74],[-52.5,67.75],[-52.81,67.77],[-53.18,67.66],[-53.32,67.62],[-53.44,67.62],[-53.44,67.61],[-53.47,67.56],[-53.48,67.51],[-53.49,67.47],[-53.39,67.36],[-53.15,67.4],[-52.98,67.31],[-53.17,67.29],[-53.17,67.28],[-53.17,67.29],[-52.98,67.31],[-53.17,67.29],[-53.17,67.28],[-53.25,67.21],[-53.26,67.21],[-53.35,67.21],[-53.44,67.1],[-53.45,67.08],[-53.4,67],[-53.27,66.92],[-53.1,66.91],[-52.85,66.93],[-52.3,66.91],[-52.45,66.61],[-52.3,66.91],[-52.45,66.61],[-52.48,66.6],[-52.65,66.57],[-52.92,66.54],[-53.22,66.53],[-53.39,66.45],[-53.35,66.32],[-52.86,66.35],[-52.61,66.27],[-52.73,66.28],[-52.99,66.11],[-52.73,66.28],[-52.61,66.27],[-52.73,66.28],[-52.99,66.11],[-53.11,66.03],[-53.1,65.87],[-52.84,65.65],[-52.54,65.5],[-52.41,65.48],[-52.19,65.52],[-52.08,65.37],[-52.08,65.21],[-51.99,65.01],[-51.97,64.84],[-51.94,64.66],[-51.95,64.48],[-51.96,64.38],[-51.8,64.23],[-51.52,64.37],[-51.28,64.43],[-50.99,64.62],[-50.77,64.66],[-50.36,64.7],[-50.14,64.74],[-50.02,64.61],[-50.04,64.44],[-50.26,64.38],[-50.39,64.28],[-50.44,64.24],[-50.99,64.09],[-51.08,64.03],[-51.27,63.93],[-51.3,63.88],[-51.36,63.81],[-51.37,63.73],[-51.36,63.81],[-51.3,63.88],[-51.36,63.81],[-51.37,63.73],[-51.1,63.47],[-50.82,63.49],[-50.62,63.43],[-50.61,63.33],[-50.59,63.15],[-50.47,63.05],[-50.22,63.01],[-49.97,62.99],[-49.86,62.97],[-49.88,62.9],[-49.89,62.85],[-49.94,62.8],[-50.1,62.67],[-50.16,62.46],[-50.1,62.67],[-49.94,62.8],[-50.1,62.67],[-50.16,62.46],[-50.1,62.36],[-50.05,62.31],[-49.61,62.19],[-49.4,62.22],[-49.21,62.17],[-49.12,62.1],[-49.15,61.77],[-48.92,61.42],[-48.57,61.25],[-48.2,61.14],[-47.97,61.04],[-47.87,60.94],[-47.84,60.84],[-47.87,60.94],[-47.84,60.84],[-47.82,60.78],[-47.63,60.6],[-47.42,60.72],[-47.16,60.86],[-46.97,60.86],[-46.53,60.89],[-46.33,60.87],[-46.2,60.94],[-46.07,60.94],[-45.77,61.1],[-45.61,61.02],[-45.46,60.89],[-45.47,60.86],[-45.49,60.8],[-45.6,60.68],[-45.62,60.6],[-45.36,60.46],[-44.86,60.38],[-44.68,60.29],[-44.71,60.19],[-44.75,60.03],[-44.47,59.76],[-44.28,60.03],[-44.05,60.16],[-43.58,59.94],[-43.14,59.82],[-43.01,59.83],[-42.96,60.03],[-43.15,60.31],[-43.4,60.43],[-43.15,60.31],[-42.96,60.03],[-43.15,60.31],[-43.4,60.43],[-43.5,60.48],[-43.15,60.51],[-42.93,60.5],[-42.78,60.53],[-42.75,60.7],[-42.78,60.73],[-42.82,60.8],[-42.78,60.73],[-42.82,60.8],[-42.82,61.03],[-43.04,61.29],[-42.67,61.26],[-42.48,61.31],[-42.31,61.73],[-42.27,62.19],[-42.31,62.22],[-42.27,62.19],[-42.31,62.22],[-42.42,62.29],[-42.73,62.4],[-42.92,62.46],[-43.05,62.55],[-43.23,62.68],[-42.74,62.69],[-42.3,62.74],[-42.26,62.73],[-41.96,62.69],[-41.83,62.69],[-41.79,62.85],[-41.88,63.01],[-41.9,63.05],[-41.88,63.01],[-41.9,63.05],[-41.92,63.12],[-41.65,63.1],[-41.43,63.04],[-41.23,63.25],[-41.22,63.31],[-41.31,63.43],[-41.38,63.52],[-41.31,63.43],[-41.38,63.52],[-41.16,63.57],[-40.89,63.52],[-40.77,63.57],[-40.52,63.78],[-40.62,63.87],[-40.69,63.93],[-40.89,64.03],[-40.91,64.04],[-41.1,64.09],[-41.48,64.27],[-41.1,64.09],[-40.91,64.04],[-41.1,64.09],[-41.48,64.27],[-41.01,64.33],[-40.47,64.35],[-40.36,64.43],[-40.35,64.53],[-40.43,64.62],[-40.48,64.69],[-40.83,64.89],[-40.99,64.99],[-41.06,65.04],[-40.25,64.97],[-40.04,64.98],[-39.9,64.95],[-39.73,65],[-39.69,65.17],[-39.78,65.35],[-39.91,65.46],[-39.99,65.53],[-39.43,65.57],[-38.99,65.57],[-38.47,65.65],[-38.11,65.82],[-37.94,66],[-37.92,66.21],[-38.04,66.4],[-37.57,66.32],[-37.21,66.31],[-37.15,66.32],[-37.58,65.55],[-37.05,65.74],[-36.77,65.77],[-36.32,65.72],[-35.97,65.85],[-35.77,66.1],[-35.71,66.35],[-35.25,66.23],[-34.78,66.27],[-34.43,66.38],[-33.96,66.77],[-33.66,67.06],[-33.21,67.47],[-32.96,67.64],[-32.58,67.75],[-32.27,67.87],[-32.12,67.87],[-32.04,67.98],[-32.36,68.45],[-32.36,68.54],[-32.31,68.54],[-32.02,68.45],[-31.63,68.25],[-31.35,68.05],[-31.02,67.96],[-30.74,67.93],[-30.31,67.98],[-29.99,68.39],[-29.83,68.41],[-29.4,68.23],[-29.16,68.25],[-28.86,68.33],[-28.42,68.42],[-28.2,68.42],[-27.96,68.48],[-26.96,68.5],[-26.87,68.53],[-26.36,68.66],[-25.8,68.86],[-25.32,69.09],[-24.9,69.39],[-24.58,69.34],[-24.33,69.33],[-23.44,69.57],[-22.73,69.77],[-22.16,70.06],[-22.18,70.06],[-22.43,70.08],[-22.83,70.09],[-23.01,70.09],[-23.12,70.09],[-23.46,70.09],[-23.59,70.08],[-23.78,70.14],[-24.2,70.24],[-24.58,70.3],[-25.45,70.29],[-25.75,70.25],[-26.25,70.18],[-26.38,70.18],[-26.52,70.18],[-27.45,70.21],[-27.47,70.21],[-27.67,70.24],[-27.91,70.28],[-28.38,70.46],[-28.22,70.63],[-28.08,70.9],[-27.92,71],[-27.61,71.07],[-27.08,71.08],[-26.33,71.13],[-26.09,71.19],[-25.69,71.27],[-25.77,71.35],[-25.85,71.44],[-26.79,71.56],[-26.35,71.61],[-26.12,71.67],[-25.63,71.63],[-25.29,71.57],[-24.91,71.44],[-24.39,71.18],[-24.23,71.06],[-24.04,70.77],[-23.75,70.59],[-23.08,70.47],[-22.62,70.48],[-22.2,70.48],[-21.96,70.43],[-21.71,70.39],[-21.55,70.44],[-21.47,70.53],[-21.56,71.06],[-21.59,71.21],[-21.69,71.35],[-21.73,71.4],[-21.9,71.5],[-21.96,71.47],[-22.03,71.44],[-22.43,71.34],[-22.53,71.52],[-22.65,71.75],[-22.82,71.87],[-23.07,71.95],[-23.38,72.04],[-23.92,72.19],[-24.14,72.29],[-24.48,72.39],[-25.01,72.61],[-25.07,72.63],[-25.78,72.61],[-26.46,72.73],[-26.89,72.74],[-27.04,72.75],[-27.36,72.86],[-27.52,73.1],[-27.52,73.16],[-27.44,73.29],[-27.26,73.34],[-26.83,73.41],[-26.42,73.37],[-25.76,73.35],[-25.5,73.43],[-25.01,73.47],[-24.57,73.63],[-24.08,73.76],[-23.91,73.72],[-23.49,73.51],[-22.82,73.33],[-22.27,73.26],[-21.71,73.27],[-21.44,73.39],[-20.88,73.44],[-20.39,73.42],[-20.33,73.42],[-20.31,73.67],[-20.35,73.81],[-20.5,73.86],[-20.68,73.92],[-21.15,73.99],[-21.78,74.02],[-22.03,74.1],[-21.76,74.31],[-21.03,74.27],[-20.5,74.23],[-19.72,74.21],[-19.43,74.27],[-19.05,74.33],[-18.9,74.44],[-19.07,74.61],[-19.41,74.68],[-19.6,74.71],[-19.82,74.75],[-20.15,74.84],[-20.35,74.87],[-20.42,74.88],[-20.5,74.91],[-20.62,74.95],[-20.67,75.06],[-20.68,75.31],[-20.51,75.36],[-20.14,75.31],[-19.56,75.23],[-19.39,75.26],[-19.19,75.44],[-19.2,75.69],[-19.2,75.7],[-19.32,75.89],[-19.33,75.9],[-19.57,76.11],[-19.88,76.18],[-20.11,76.19],[-20.63,76.21],[-21.13,76.26],[-21.22,76.27],[-21.75,76.37],[-22.38,76.64],[-22.25,76.81],[-21.77,76.82],[-21.55,76.76],[-21.18,76.7],[-20.56,76.91],[-19.98,76.95],[-19.63,76.91],[-18.88,76.89],[-18.06,76.81],[-17.94,76.87],[-17.92,77.06],[-17.98,77.15],[-18.02,77.21],[-18.13,77.25],[-18.25,77.3],[-19.06,77.24],[-19.22,77.27],[-19.31,77.3],[-20.1,77.38],[-20.22,77.49],[-20.24,77.51],[-20.17,77.6],[-19.94,77.64],[-19.64,77.63],[-19.09,77.6],[-19.06,77.69],[-19.13,77.78],[-19.18,77.82],[-19.34,77.87],[-20.07,77.95],[-20.39,77.99],[-20.78,77.97],[-21.11,77.8],[-21.33,77.63],[-21.38,77.59],[-21.56,77.63],[-21.77,77.77],[-21.7,77.92],[-21.26,78.41],[-20.88,78.82],[-20.54,78.84],[-20.07,78.8],[-19.76,78.87],[-19.55,79.19],[-19.48,79.46],[-19.39,79.55],[-19.18,79.61],[-18.1,79.67],[-17.77,79.78],[-17.77,79.97],[-18.05,79.98],[-18.6,80.01],[-19.32,79.99],[-19.99,79.89],[-20.19,79.85],[-20.27,80],[-20.04,80.24],[-19.72,80.34],[-19.05,80.43],[-18.05,80.41],[-17.33,80.43],[-16.92,80.41],[-16.44,80.45],[-15.73,80.7],[-15.01,80.86],[-14.76,80.99],[-14.2,81.21],[-13.53,81.27],[-12.64,81.39],[-12.56,81.51],[-12.59,81.53],[-12.71,81.62],[-13.2,81.67],[-13.57,81.75],[-13.71,81.77],[-14.25,81.84],[-14.53,81.85],[-14.75,81.86],[-15.29,81.89],[-15.5,81.91],[-15.96,81.9],[-16.47,81.9],[-16.97,81.8],[-17.29,81.65],[-17.77,81.56],[-17.96,81.52],[-18.59,81.55],[-19.32,81.6],[-19.55,81.57],[-20.07,81.52],[-20.41,81.43],[-20.63,81.39],[-21.18,81.29],[-21.82,81.11],[-22.26,80.98],[-22.61,80.87],[-23.15,80.69],[-23.34,80.62],[-23.55,80.6],[-23.91,80.56],[-23.96,80.58],[-24.06,80.63],[-24.11,80.77],[-23.53,81.1],[-23.1,81.25],[-22.05,81.54],[-21.8,81.76],[-22.06,81.96],[-22.95,81.9],[-23.16,81.86],[-23.64,81.77],[-24.39,81.68],[-24.4,81.68],[-24.88,81.6],[-25.01,81.61],[-25.18,81.64],[-25.97,81.83],[-26.01,81.83],[-26.39,81.86],[-26.77,81.85],[-26.84,81.85],[-27.89,81.85],[-28.1,81.84],[-28.89,81.79],[-30.65,81.81],[-31.27,81.78],[-32.41,81.65],[-32.75,81.76],[-32.6,81.97],[-32,82.07],[-31.8,82.12],[-31.13,82.2],[-30.61,82.21],[-29.74,82.22],[-29.02,82.23],[-28.39,82.31],[-27.39,82.28],[-26.12,82.25],[-25.46,82.22],[-24.9,82.24],[-24.38,82.3],[-23.35,82.35],[-22.59,82.42],[-22.37,82.51],[-22.23,82.56],[-22.43,82.74],[-23.57,82.85],[-23.6,82.85],[-23.77,82.88],[-24.1,82.93],[-24.71,82.89],[-24.99,82.94],[-25.32,83],[-26.42,83.34],[-27.17,83.39],[-27.94,83.41],[-28.82,83.47],[-29.07,83.43],[-29.34,83.47],[-29.94,83.5],[-30.76,83.48],[-31.59,83.58],[-32.51,83.58],[-33.58,83.48],[-34.43,83.4],[-34.89,83.44],[-35.32,83.47],[-36.38,83.51],[-36.49,83.51],[-36.54,83.51],[-37.4,83.48],[-38.59,83.38],[-38.45,83.17],[-38.59,82.83],[-39.1,82.86],[-39.49,82.89],[-40.19,82.97],[-40.84,83.11],[-41.19,83.19],[-41.84,83.26],[-41.88,83.26],[-41.94,83.26],[-42.48,83.23],[-43.81,83.08],[-44.61,83.08],[-44.89,83.08],[-45.21,82.97],[-44.68,82.73],[-44.1,82.58],[-43.96,82.49],[-44.32,81.82],[-44.68,81.73],[-45.53,81.82],[-45.84,81.87],[-46.37,81.94],[-47.03,82.04],[-47.32,82.09],[-47.9,82.21],[-48.25,82.26],[-49.14,82.38],[-49.65,82.48],[-50.44,82.49],[-50.75,82.5],[-50.77,82.5],[-50.84,82.43],[-50.91,82.37],[-50.5,82.19],[-50.14,81.95],[-49.85,81.81],[-49.94,81.68],[-50.63,81.79],[-51.46,81.97],[-52.36,82.12],[-52.82,82.13],[-53.01,81.68],[-53.21,81.56],[-53.25,81.54],[-53.66,81.46],[-53.77,82.24],[-54.25,82.3],[-54.52,82.32],[-54.58,82.33],[-55.71,82.24],[-56.11,82.19],[-56.54,82.14],[-56.78,82.12],[-57.07,82.09],[-57.58,82.06],[-58.06,82.03],[-58.13,82.01],[-57.82,81.78],[-57.07,81.55],[-57.11,81.54],[-57.44,81.42],[-57.68,81.48],[-57.81,81.51],[-58.39,81.61],[-59.35,81.79],[-60.04,81.88],[-60.89,81.86],[-60.98,81.84],[-61.12,81.8],[-61.11,81.7],[-60.95,81.37],[-60.96,81.26],[-61.11,81.18],[-61.42,81.17],[-61.71,81.15],[-62.25,81.12],[-62.55,81.14],[-62.77,81.16],[-63.73,81.09],[-64.61,80.97],[-65.24,80.87],[-66.52,80.71],[-66.75,80.66],[-66.52,80.71],[-65.24,80.87],[-64.61,80.97],[-63.73,81.09],[-62.81,81.16],[-63.73,81.09],[-64.61,80.97],[-65.24,80.87],[-66.52,80.71],[-66.75,80.66]],[[-52.48,66.6],[-52.65,66.57],[-52.92,66.54],[-53.22,66.53],[-53.39,66.45],[-53.22,66.53],[-52.92,66.54],[-52.65,66.57],[-52.48,66.6]]],[[[-65.25,79.25],[-65.3,79.22],[-65.48,79.16],[-66.36,79.17],[-66.85,79.13],[-67.97,79.13],[-68.35,79.09],[-68.84,78.97],[-69.01,78.9],[-68.84,78.97],[-68.35,79.09],[-67.97,79.13],[-66.85,79.13],[-66.36,79.17],[-65.48,79.16],[-65.3,79.22],[-65.25,79.25]]],[[[-54.71,69.97],[-54.69,69.71],[-54.57,69.61],[-54.49,69.56],[-54.13,69.48],[-53.81,69.34],[-53.55,69.28],[-53.32,69.32],[-52.87,69.39],[-52.52,69.48],[-52.17,69.49],[-51.93,69.52],[-51.88,69.53],[-51.81,69.62],[-52.06,69.76],[-52.08,69.77],[-52.43,69.87],[-52.52,69.88],[-52.7,69.92],[-52.86,69.97],[-53.04,70.04],[-53.4,70.11],[-53.62,70.16],[-53.81,70.17],[-54.14,70.19],[-54.43,70.25],[-54.59,70.24],[-54.72,70.09],[-54.71,69.97],[-54.69,69.71],[-54.71,69.97]]],[[[-53.81,70.17],[-54.14,70.19],[-54.43,70.25],[-54.59,70.24],[-54.72,70.09],[-54.59,70.24],[-54.43,70.25],[-54.14,70.19],[-53.81,70.17]]],[[[14.34,62.95],[14.54,63.1],[17.01,67.25],[17.63,67.72],[19.58,69.18],[19.29,69.21],[19.17,69.26],[18.98,69.32],[18.55,69.25],[18.32,69.36],[18.1,69.06],[18.05,69.03],[17.93,69.01],[17.89,69.04],[17.57,68.97],[17.45,68.89],[17.41,68.77],[17.04,68.66],[16.85,68.56],[17.13,68.42],[17.03,68.34],[16.72,68.31],[16.52,68.34],[16.65,68.05],[16.41,67.87],[16.23,67.91],[16.07,68.04],[15.92,68.05],[15.85,67.93],[15.57,67.82],[15.76,67.68],[15.75,67.6],[15.58,67.58],[15.38,67.46],[15.23,67.51],[14.98,67.52],[14.7,67.37],[14.57,67.33],[14.62,67.25],[14.78,67.22],[14.64,67.12],[14.37,67.09],[14.05,66.97],[13.86,66.96],[13.75,66.92],[13.99,66.69],[13.59,66.66],[13.38,66.68],[13.24,66.57],[13.17,66.46],[13.26,66.39],[13.4,66.35],[13.58,66.19],[13.15,66.14],[13.11,66.03],[13.09,65.88],[12.71,65.91],[12.48,65.62],[12.28,65.43],[12.5,65.38],[12.53,65.11],[12.22,65.1],[12.11,65.13],[11.9,64.91],[11.69,64.78],[11.47,64.67],[11.41,64.62],[11.51,64.52],[11.36,64.42],[11.21,64.42],[11,64.49],[10.89,64.47],[10.74,64.39],[10.07,64.06],[9.87,63.88],[9.83,63.68],[9.44,63.5],[9.22,63.28],[9.15,63.32],[8.96,63.4],[8.61,63.33],[8.47,63.18],[8.26,63.05],[8.23,62.84],[7.99,62.94],[7.61,62.9],[7.09,62.91],[6.98,62.85],[7.1,62.7],[7.55,62.6],[7.29,62.49],[6.99,62.54],[6.61,62.58],[6.53,62.34],[6.31,62.29],[6.05,62.33],[5.82,62.18],[5.56,62.15],[5.47,62.09],[5.43,62.01],[5.53,61.93],[5.72,61.88],[5.83,61.82],[5.8,61.77],[5.59,61.79],[5.42,61.77],[5.15,61.74],[5.1,61.7],[5.14,61.39],[5.02,61.31],[5.12,61.14],[5.39,61.03],[5.11,60.91],[4.98,60.69],[5.08,60.59],[5.26,60.56],[5.46,60.59],[5.55,60.51],[5.26,60.33],[5.1,60.26],[5.28,60.13],[5.52,60.17],[5.89,60.16],[5.81,59.95],[5.63,59.88],[5.54,59.82],[5.69,59.75],[5.91,59.75],[6.19,59.82],[5.97,59.71],[5.67,59.68],[5.74,59.63],[5.65,59.59],[5.45,59.66],[5.42,59.52],[5.38,59.71],[5.09,59.51],[5.18,59.31],[5.28,59.27],[5.35,59.39],[5.34,59.27],[5.53,59.27],[5.72,59.34],[5.68,59.41],[5.68,59.51],[5.8,59.43],[5.82,59.31],[6.11,59.53],[6.08,59.42],[5.88,59.31],[6.02,59.25],[6.24,59.28],[6.03,59.2],[5.77,59.08],[5.82,59.02],[5.94,58.93],[6.05,58.98],[6.27,58.99],[6.04,58.95],[5.98,58.89],[6.09,58.8],[5.79,58.92],[5.67,58.82],[5.63,58.96],[5.47,58.98],[5.53,58.88],[5.4,58.72],[5.62,58.46],[5.87,58.43],[6.23,58.28],[6.65,58.17],[6.48,58.09],[6.64,58.04],[6.73,58.14],[6.87,58.08],[6.96,57.97],[7.91,58.07],[8.03,58.07],[8.15,58.09],[8.18,58.17],[8.92,58.54],[9.15,58.66],[9.37,58.79],[9.35,58.85],[9.7,59],[9.94,58.94],[10.17,58.99],[10.21,59.07],[10.36,59.21],[10.43,59.26],[10.38,59.37],[10.41,59.5],[10.57,59.58],[10.63,59.45],[10.55,59.38],[10.66,59.22],[10.77,59.12],[10.83,59.11],[11.11,59.17],[11.18,59.07],[11.04,58.91],[11.14,58.85],[11.22,58.31],[11.41,58.33],[11.43,58.2],[11.61,58.25],[11.8,58.18],[11.71,58.02],[11.61,57.81],[11.74,57.7],[12.49,58.56],[12.45,59.53],[12.42,60.04],[12.44,60.28],[12.48,60.33],[12.55,60.43],[12.43,60.63],[12.17,60.96],[12.52,61.02],[12.6,61.03],[12.65,61.11],[12.79,61.33],[13.04,61.8],[13.15,62.02],[14.34,62.95]]],[[[11.88,57.33],[12.01,57.33],[12.29,56.88],[12.53,56.78],[12.66,56.61],[12.79,56.62],[12.87,56.51],[12.8,56.4],[12.62,56.44],[12.65,56.3],[12.41,56.24],[12.51,56.12],[12.58,56.04],[12.54,56.06],[12.37,56.11],[12.18,56.09],[11.97,56.01],[11.9,55.96],[11.99,55.93],[12.05,55.87],[12.08,55.76],[12.08,55.7],[12.07,55.67],[12.03,55.65],[11.97,55.65],[11.97,55.68],[12.03,55.72],[12.02,55.79],[11.95,55.88],[11.88,55.86],[11.82,55.73],[11.76,55.7],[11.7,55.78],[11.69,55.85],[11.74,55.93],[11.64,55.97],[11.4,55.98],[11.33,55.96],[11.45,55.9],[11.43,55.83],[11.28,55.74],[11.13,55.71],[10.96,55.72],[10.93,55.72],[11.04,55.68],[11.13,55.55],[11.21,55.32],[11.37,55.2],[11.61,55.2],[11.75,55.19],[11.78,55.17],[11.78,55.13],[11.75,55.08],[11.82,55.04],[11.99,54.99],[12.1,54.98],[12.15,54.99],[12.17,55.03],[12.18,55.09],[12.14,55.13],[12.06,55.15],[12.13,55.19],[12.35,55.26],[12.39,55.33],[12.26,55.43],[12.29,55.54],[12.5,55.65],[12.58,55.76],[12.54,55.87],[12.53,55.94],[12.55,55.97],[12.58,56],[12.6,56.02],[12.7,55.91],[12.99,55.67],[12.86,55.53],[12.89,55.45],[12.8,55.42],[12.8,55.35],[13.3,55.3],[13.82,55.42],[13.9,55.41],[14.12,55.35],[14.29,55.52],[14.13,55.67],[14.26,55.9],[14.49,56.02],[14.61,55.98],[14.65,56.12],[15.22,56.08],[15.5,56.17],[15.7,56.06],[15.77,56.03],[16.03,56.35],[16.06,56.4],[15.99,56.44],[15.43,56.77],[14.48,56.68],[14.18,56.81],[13.43,56.52],[13.35,56.76],[13.23,57.1],[13.1,57.05],[12.9,56.98],[12.73,57.43],[12.69,57.42],[12.52,57.39],[12.32,57.68],[12.23,57.61],[11.88,57.33]]],[[[10.14,54.34],[10.06,54.43],[9.86,54.41],[9.98,54.49],[9.99,54.59],[9.86,54.73],[9.67,54.84],[9.71,54.83],[9.73,54.87],[9.73,54.95],[9.66,55.02],[9.53,55.09],[9.52,55.14],[9.63,55.18],[9.66,55.25],[9.61,55.37],[9.65,55.47],[9.76,55.56],[9.75,55.63],[9.62,55.68],[9.66,55.71],[9.88,55.71],[10.01,55.73],[10.03,55.79],[10,55.82],[9.91,55.84],[9.95,55.84],[10.11,55.83],[10.21,55.88],[10.26,55.97],[10.26,56.05],[10.23,56.11],[10.26,56.18],[10.35,56.25],[10.43,56.28],[10.48,56.27],[10.47,56.25],[10.39,56.21],[10.4,56.17],[10.5,56.12],[10.56,56.13],[10.59,56.19],[10.64,56.21],[10.71,56.18],[10.79,56.21],[10.88,56.3],[10.93,56.37],[10.95,56.42],[10.92,56.47],[10.83,56.51],[10.67,56.55],[10.43,56.57],[10.28,56.55],[10.22,56.5],[10.2,56.49],[10.21,56.53],[10.26,56.57],[10.33,56.62],[10.36,56.65],[10.34,56.68],[10.22,56.68],[9.98,56.66],[9.98,56.67],[10.2,56.72],[10.31,56.81],[10.31,56.92],[10.23,57],[10.06,57.05],[9.81,57.05],[9.48,57.02],[9.28,56.98],[9.21,56.94],[9.18,56.86],[9.17,56.74],[9.2,56.68],[9.27,56.69],[9.32,56.67],[9.36,56.6],[9.36,56.56],[9.34,56.54],[9.31,56.55],[9.29,56.6],[9.22,56.61],[9.11,56.58],[9.08,56.6],[9.13,56.67],[9.13,56.73],[9.09,56.78],[9.04,56.81],[8.98,56.81],[8.88,56.76],[8.75,56.67],[8.7,56.61],[8.74,56.58],[8.76,56.54],[8.74,56.5],[8.61,56.51],[8.37,56.57],[8.24,56.63],[8.23,56.68],[8.21,56.7],[8.18,56.67],[8.15,56.49],[8.12,56.18],[8.12,56.04],[8.13,56.09],[8.17,56.1],[8.23,56.09],[8.29,56.04],[8.36,55.94],[8.34,55.88],[8.24,55.83],[8.17,55.85],[8.14,55.94],[8.14,55.92],[8.17,55.8],[8.16,55.69],[8.11,55.6],[8.13,55.53],[8.21,55.51],[8.27,55.51],[8.29,55.54],[8.39,55.52],[8.54,55.46],[8.64,55.35],[8.67,55.21],[8.64,55.15],[8.55,55.18],[8.49,55.18],[8.47,55.14],[8.47,55.11],[8.49,55.08],[8.54,55.07],[8.63,55.1],[8.64,55.1],[8.65,55.07],[8.62,54.89],[8.6,54.76],[8.74,54.61],[8.95,54.42],[8.85,54.33],[8.55,54.28],[8.58,54.19],[8.88,54.23],[8.96,54.28],[9.06,54.35],[9.14,54.3],[9.17,54.32],[9.22,54.29],[9.26,54.3],[9.3,54.25],[9.44,54.25],[9.45,54.19],[9.67,54.19],[9.74,54.28],[9.83,54.28],[9.88,54.25],[10.14,54.34]],[[9.61,54.88],[9.57,54.9],[9.61,54.91],[9.62,54.88],[9.61,54.88]]],[[[14.85,55.26],[14.73,55.25],[14.7,55.15],[14.77,55.07],[14.96,55.02],[15.07,55.03],[15.12,55.1],[15.04,55.18],[14.85,55.26]]],[[[8.54,56.77],[8.57,56.72],[8.7,56.7],[8.81,56.75],[8.89,56.86],[8.86,56.91],[8.72,56.9],[8.61,56.85],[8.54,56.77]]],[[[11.65,56.72],[11.61,56.72],[11.54,56.71],[11.52,56.7],[11.55,56.68],[11.59,56.68],[11.63,56.71],[11.65,56.72]]],[[[10.59,55.76],[10.62,55.79],[10.63,55.84],[10.6,55.89],[10.55,55.95],[10.52,55.93],[10.53,55.82],[10.55,55.77],[10.59,55.76]]],[[[8.56,56.61],[8.58,56.66],[8.55,56.68],[8.46,56.68],[8.48,56.74],[8.61,56.88],[8.78,56.97],[9,57.03],[9.15,57.04],[9.21,57.01],[9.43,57.02],[9.82,57.07],[10.09,57.07],[10.25,57.02],[10.39,57.05],[10.49,57.17],[10.51,57.32],[10.46,57.5],[10.49,57.63],[10.59,57.7],[10.47,57.7],[10.12,57.62],[9.81,57.48],[9.53,57.26],[9.2,57.14],[8.81,57.13],[8.53,57.05],[8.35,56.9],[8.26,56.8],[8.25,56.74],[8.32,56.68],[8.48,56.61],[8.56,56.61]]],[[[11.15,57.29],[11.15,57.31],[11.07,57.32],[10.98,57.31],[10.9,57.28],[10.89,57.25],[10.96,57.23],[11.05,57.25],[11.15,57.29]]],[[[10.44,54.86],[10.38,54.89],[10.25,54.95],[10.2,54.96],[10.23,54.92],[10.29,54.89],[10.39,54.86],[10.43,54.85],[10.44,54.86]]],[[[11,54.82],[11.11,54.75],[11.34,54.66],[11.56,54.64],[11.76,54.67],[11.85,54.7],[11.85,54.73],[11.9,54.66],[11.97,54.6],[11.97,54.67],[12.02,54.73],[12.12,54.8],[12.14,54.85],[12.07,54.88],[11.96,54.9],[11.79,54.93],[11.77,54.84],[11.8,54.8],[11.71,54.87],[11.62,54.89],[11.55,54.85],[11.43,54.86],[11.25,54.92],[11.13,54.95],[11.07,54.93],[11.02,54.88],[11,54.82]]],[[[10.68,54.87],[10.68,54.79],[10.7,54.76],[10.74,54.77],[10.81,54.87],[10.9,55.07],[10.88,55.1],[10.75,54.97],[10.68,54.87]]],[[[9.83,54.96],[9.82,54.95],[9.78,54.97],[9.77,54.96],[9.78,54.92],[9.86,54.9],[10,54.88],[10.05,54.91],[10,54.98],[9.93,55.03],[9.84,55.06],[9.75,55.07],[9.67,55.06],[9.67,55.04],[9.76,55.02],[9.81,54.99],[9.83,54.96]]],[[[10.63,54.96],[10.66,54.98],[10.67,55],[10.64,55.03],[10.6,55.03],[10.53,55.02],[10.51,54.99],[10.54,54.96],[10.57,54.95],[10.6,54.95],[10.63,54.96]]],[[[12.46,54.94],[12.5,54.98],[12.37,55.02],[12.26,55],[12.16,54.94],[12.13,54.9],[12.17,54.89],[12.28,54.9],[12.46,54.94]]],[[[12.6,55.56],[12.65,55.58],[12.66,55.62],[12.62,55.67],[12.58,55.67],[12.54,55.63],[12.53,55.6],[12.56,55.57],[12.6,55.56]]],[[[10.41,55.04],[10.57,55.05],[10.71,55.1],[10.8,55.17],[10.82,55.25],[10.81,55.34],[10.77,55.44],[10.71,55.52],[10.65,55.58],[10.62,55.59],[10.61,55.52],[10.57,55.47],[10.51,55.45],[10.46,55.44],[10.43,55.45],[10.43,55.47],[10.47,55.51],[10.44,55.55],[10.35,55.6],[10.15,55.59],[9.83,55.53],[9.79,55.4],[10.03,55.19],[10.24,55.07],[10.41,55.04]]],[[[8.43,55.43],[8.38,55.45],[8.37,55.44],[8.39,55.4],[8.42,55.37],[8.45,55.35],[8.46,55.36],[8.46,55.4],[8.43,55.43]]],[[[-23.59,72.44],[-23.26,72.37],[-22.83,72.27],[-22.15,72.03],[-21.91,72.05],[-21.81,72.15],[-21.88,72.36],[-22.25,72.5],[-22.73,72.62],[-23.13,72.68],[-23.8,72.66],[-23.66,72.47],[-23.59,72.44]]]]},"properties":{"NAME":"Denmark-Norway","SUBJECTO":"","BORDERPRECISION":1}},
{"type":"Feature","geometry":{"type":"Polygon","coordinates":[[[80.46,15.77],[80.74,15.84],[80.96,15.72],[81.09,15.83],[81.25,16.23],[81.37,16.35],[81.6,16.3],[81.79,16.33],[82.08,16.46],[82.23,16.65],[82.27,16.86],[82.35,17.09],[82.55,17.23],[82.75,17.33],[82.85,17.38],[83.08,17.5],[83.38,17.71],[83.68,18.08],[83.69,18.08],[82.91,20.67],[81.27,19.83],[81.37,19.48],[78.74,17.83],[77.65,16.5],[77.72,14.33],[78.2,14.81],[80.46,15.77]]]},"properties":{"NAME":"Kalinga","SUBJECTO":"Kalinga","BORDERPRECISION":1}},
{"type":"Feature","geometry":{"type":"Polygon","coordinates":[[[79.81,33.06],[72.21,33.37],[72.18,33.34],[71.4,32.53],[71.16,28.88],[70.29,27.58],[69.22,25.25],[68.86,24.48],[68.07,23.68],[68.37,23.33],[68.79,23.03],[68.88,23],[69.11,22.9],[69.39,22.84],[69.66,22.79],[70.05,22.78],[70.31,22.83],[70.38,22.86],[70.41,22.75],[70.18,22.48],[69.97,22.35],[69.77,22.29],[69.49,22.25],[69.01,22.3],[68.89,22.29],[69.13,21.97],[69.75,21.4],[70.21,20.95],[70.47,20.78],[70.86,20.65],[71.02,20.66],[71.3,20.77],[71.53,20.82],[71.89,20.99],[72.12,21.16],[72.26,21.35],[72.29,21.55],[72.26,21.63],[72.13,21.75],[72.13,21.83],[72.23,22.02],[72.32,22.12],[72.7,22.13],[72.67,21.85],[72.71,21.5],[75.41,21.87],[78.47,21.51],[80.98,20.86],[81.27,19.83],[82.91,20.67],[84.73,21.59],[84.73,21.91],[84.91,22.74],[84.82,23.85],[83.98,24.78],[84.71,25.45],[85.1,25.8],[85.93,25.24],[87.19,25.11],[87.87,27.02],[88.07,27.03],[88.15,27.31],[86.41,27.33],[84.43,27.87],[83.74,28.2],[80.05,29.98],[79.81,30.71],[79.81,31.16],[80.08,31.88],[79.81,33.06]],[[77.06,29.42],[79.85,27.97],[78.55,27.63],[76.31,27.05],[74.12,26.54],[72.63,28.37],[77.06,29.42]]]},"properties":{"NAME":"Rajput kingdoms","SUBJECTO":"Rajput kingdoms","BORDERPRECISION":1}},
{"type":"Feature","geometry":{"type":"Polygon","coordinates":[[[83.69,18.08],[83.99,18.21],[84.26,18.46],[84.32,18.53],[84.66,18.93],[84.91,19.18],[85.11,19.44],[85.38,19.61],[84.73,20.89],[84.73,21.59],[82.91,20.67],[83.69,18.08]]]},"properties":{"NAME":"Orissa","SUBJECTO":"Orissa","BORDERPRECISION":1}},
{"type":"Feature","geometry":{"type":"Polygon","coordinates":[[[91.44,27.28],[91.43,27.16],[91.3,23.95],[91.37,22.7],[91.41,22.72],[91.57,22.54],[91.65,22.36],[91.62,22.42],[91.85,21.91],[91.95,21.36],[92.07,21.12],[92.12,21],[92.18,20.89],[92.4,20.61],[92.45,20.57],[93.81,22.52],[94.68,26.53],[94.49,26.51],[94.15,27.67],[91.83,27.28],[91.44,27.28]]]},"properties":{"NAME":"Senas","SUBJECTO":"Senas","BORDERPRECISION":1}},
{"type":"Feature","geometry":{"type":"Polygon","coordinates":[[[88.15,27.31],[88.07,27.03],[87.87,27.02],[87.19,25.11],[85.93,25.24],[85.1,25.8],[84.71,25.45],[83.98,24.78],[84.82,23.85],[84.91,22.74],[84.73,21.91],[84.73,21.59],[84.73,20.89],[85.38,19.61],[85.71,19.7],[85.91,19.72],[86.12,19.81],[86.39,20.02],[86.63,20.2],[86.64,20.32],[86.78,20.47],[86.93,20.69],[86.84,20.88],[86.8,21.14],[86.82,21.19],[86.94,21.29],[87.19,21.38],[87.64,21.56],[87.87,21.7],[88.05,21.94],[88.12,21.86],[88.25,21.6],[88.3,21.55],[88.38,21.58],[88.45,21.74],[88.57,21.9],[88.66,21.86],[88.72,21.54],[88.88,21.51],[89.03,21.55],[88.99,21.63],[89.07,21.77],[89.23,21.66],[89.46,21.94],[89.58,21.7],[89.67,21.72],[89.8,21.83],[89.87,22.13],[89.9,22.11],[90,21.93],[90,22.02],[90,22.06],[90,22.13],[90,22.33],[90,22.56],[91.08,22.56],[91.37,22.7],[91.3,23.95],[91.43,27.16],[91.44,27.28],[89.23,27.3],[88.15,27.31]]]},"properties":{"NAME":"Palas","SUBJECTO":"Palas","BORDERPRECISION":1}},
{"type":"Feature","geometry":{"type":"Polygon","coordinates":[[[77.06,29.42],[72.63,28.37],[74.12,26.54],[76.31,27.05],[78.55,27.63],[79.85,27.97],[77.06,29.42]]]},"properties":{"NAME":"Chauhans","SUBJECTO":"Chauhans","BORDERPRECISION":1}},
{"type":"Feature","geometry":{"type":"Polygon","coordinates":[[[115.96,-3.2],[116.2,-2.9],[116.25,-2.8],[116.24,-2.7],[116.04,-2.44],[116.35,-2.42],[116.27,-2.28],[116.25,-2.11],[116.05,-1.93],[116.38,-1.66],[116.58,-1.37],[117.05,-0.93],[117.26,-1],[117.37,-1],[117.43,-0.62],[117.38,-0.43],[117.32,-0.14],[117.34,-0.02],[117.37,0.2],[117.53,0.61],[117.71,0.82],[117.86,0.87],[118.22,0.76],[118.56,0.75],[118.77,0.82],[118.52,1.17],[118.25,1.39],[117.91,1.59],[117.73,1.8],[117.7,1.9],[117.85,2.23],[117.83,2.31],[117.59,2.65],[117.34,3.02],[117.24,3.08],[117.14,3.17],[117.22,3.27],[117.16,3.41],[117.07,3.51],[117.33,3.55],[117.58,3.57],[117.68,3.63],[117.54,3.94],[117.56,3.98],[117.59,4.05],[117.82,4.1],[118.11,4.14],[118.32,4.23],[118.39,4.37],[117.99,4.68],[117.95,4.8],[118.11,4.94],[118.42,4.9],[118.68,4.91],[118.88,4.98],[118.97,5.05],[119.04,5.17],[119,5.28],[118.84,5.34],[118.38,5.64],[118.26,5.66],[118.1,5.63],[117.76,5.58],[117.92,5.8],[117.87,5.9],[117.65,5.85],[117.37,5.79],[117.35,5.88],[117.46,6.08],[117.54,6.24],[117.51,6.39],[117.33,6.49],[117.17,6.61],[117.03,6.84],[116.89,6.65],[116.74,6.69],[116.6,6.9],[116.56,6.82],[116.34,6.36],[116.1,6.1],[115.97,5.88],[115.79,5.74],[115.72,5.47],[115.49,5.49],[115.29,5.45],[115.2,5.28],[115.42,5.11],[115.43,5],[115.36,4.88],[115.16,4.84],[115.12,4.83],[115.04,4.9],[114.96,4.88],[114.88,4.86],[114.82,4.9],[114.85,5.02],[114.75,4.98],[114.45,4.56],[114.17,4.51],[114.07,4.46],[114.02,4.42],[113.91,4.36],[113.81,4.26],[113.42,3.76],[113.19,3.61],[112.95,3.16],[112.76,3.01],[112.3,2.87],[111.63,2.72],[111.37,2.6],[111.13,2.03],[110.97,1.76],[110.89,1.51],[111.12,1.27],[110.97,1.23],[111.26,0.79],[112.5,2.26],[113.74,3.09],[114.57,3.5],[115.33,3.09],[116.23,2.05],[116.43,1.36],[116.02,0.19],[114.63,-1.66],[115.96,-3.2]]]},"properties":{"NAME":"minor Hindu and Buddhist states","SUBJECTO":"minor Hindu and Buddhist states","BORDERPRECISION":1}},
{"type":"Feature","geometry":{"type":"Polygon","coordinates":[[[97.65,18.59],[97.73,18.38],[97.58,17.45],[98.61,16.22],[98.63,14.66],[98.69,14.47],[101.36,15.48],[101.61,15.57],[102.37,16.85],[101.16,17.57],[101.24,19.42],[100.2,20.25],[98.1,19.8],[97.78,18.66],[97.65,18.59]]]},"properties":{"NAME":"Haripunjaya","SUBJECTO":"Haripunjaya","BORDERPRECISION":1}},
{"type":"Feature","geometry":{"type":"Polygon","coordinates":[[[106.77,10.64],[106.86,11.28],[106.93,11.84],[107.9,12.57],[107.9,13.68],[107.46,14.99],[106.45,16.19],[106.27,16.09],[106.2,16.05],[105.4,16.33],[105.18,16.86],[104.93,17.45],[104.11,18],[103.06,18],[102.37,16.85],[101.61,15.57],[101.36,15.48],[100.89,14.08],[100.94,14.05],[100.91,13.45],[100.96,13.36],[100.87,12.81],[100.87,12.68],[101.02,12.67],[101.15,12.61],[101.33,12.56],[101.59,12.66],[101.72,12.65],[101.92,12.59],[102.32,12.19],[102.53,12.15],[102.66,12.07],[102.67,12.04],[102.96,11.37],[103.04,10.9],[103.19,10.9],[103.4,11.04],[103.52,11.06],[103.65,10.88],[103.67,10.77],[103.59,10.66],[103.52,10.52],[103.61,10.47],[103.74,10.49],[103.83,10.47],[104,10.54],[104.16,10.52],[104.27,10.4],[104.39,10.31],[104.43,10.28],[104.76,10.18],[104.98,9.98],[104.99,9.82],[104.89,9.69],[104.82,9.47],[104.78,8.88],[104.74,8.49],[104.91,8.47],[105.03,8.52],[105.21,8.65],[105.3,8.77],[105.5,9.03],[105.69,9.12],[105.93,9.19],[106.12,9.34],[106.23,9.55],[106.34,9.52],[106.48,9.55],[106.66,9.74],[106.75,10.07],[106.73,10.23],[106.7,10.45],[106.77,10.64]]]},"properties":{"NAME":"Khmer Empire","SUBJECTO":"Khmer Empire","BORDERPRECISION":1}},
{"type":"Feature","geometry":{"type":"Polygon","coordinates":[[[98.69,14.47],[99.17,12.96],[99.17,12.94],[99.22,11.33],[98.81,9.69],[98.4,9.39],[98.25,8.94],[98.18,8.6],[98.2,8.33],[98.19,8.37],[98.8,8.74],[99.44,8.88],[99.88,8.79],[99.9,8.92],[99.9,9.07],[99.84,9.23],[99.72,9.26],[99.55,9.19],[99.3,9.16],[99.2,9.24],[99.12,9.37],[99.07,9.9],[99.19,10.49],[99.5,11.25],[99.76,11.78],[99.9,12.08],[99.87,12.26],[99.83,12.52],[99.98,12.84],[100.02,12.99],[99.93,13.26],[100.04,13.39],[100.24,13.49],[100.47,13.51],[100.59,13.47],[100.91,13.45],[100.94,14.05],[100.89,14.08],[101.36,15.48],[98.69,14.47]]]},"properties":{"NAME":"Dvaravati","SUBJECTO":"Dvaravati","BORDERPRECISION":1}},
{"type":"Feature","geometry":{"type":"Polygon","coordinates":[[[97.65,18.59],[97.44,19.1],[97.01,19.2],[96.7,19.12],[96.48,21.76],[95.9,22.64],[95.46,22.73],[95.41,22.73],[94.88,22.68],[94.3,22.3],[93.97,19.19],[94.05,19.06],[94.24,18.59],[94.25,18.58],[94.42,18.14],[94.47,17.66],[94.47,17.64],[94.46,17.26],[94.39,16.91],[94.14,16.22],[94.14,16.01],[94.3,15.95],[94.42,16.08],[94.54,16.13],[94.82,16.21],[94.82,16.16],[94.75,15.94],[94.83,15.84],[94.97,15.84],[95.12,16],[95.22,16],[95.22,15.8],[95.33,15.68],[95.42,15.74],[95.55,15.88],[95.71,16.16],[96.2,16.38],[96.47,16.51],[96.66,16.7],[96.73,16.89],[96.77,17.33],[96.88,17.35],[96.98,17.24],[97.21,16.94],[97.35,16.53],[97.42,16.48],[97.57,16.45],[97.6,16.35],[97.61,16.1],[97.66,15.79],[97.74,15.01],[97.82,14.62],[97.98,14.24],[97.99,14.21],[98.2,13.64],[98.4,13.27],[98.49,13.11],[98.6,12.74],[98.68,12.05],[98.59,11.82],[98.59,11.7],[98.64,11.66],[98.87,11.65],[98.74,11.44],[98.68,11.09],[98.61,10.86],[98.4,10.56],[98.43,10.2],[98.59,10.12],[98.63,10.1],[98.5,9.72],[98.4,9.39],[98.81,9.69],[99.22,11.33],[99.17,12.94],[99.17,12.96],[98.69,14.47],[98.63,14.66],[98.61,16.22],[97.58,17.45],[97.73,18.38],[97.65,18.59]]]},"properties":{"NAME":"Kingdom of Pagan","SUBJECTO":"Kingdom of Pagan","BORDERPRECISION":1}},
{"type":"Feature","geometry":{"type":"MultiPolygon","coordinates":[[[[110.1,-3.08],[111.33,-1.37],[110.71,-0.6],[110.64,0.16],[111.26,0.79],[110.97,1.23],[110.82,1.24],[110.48,1.44],[110.29,1.52],[109.9,1.55],[109.72,1.62],[109.55,1.8],[109.52,1.82],[109.43,1.87],[109.28,1.88],[109.15,1.52],[108.96,1.26],[108.9,1.1],[108.81,0.81],[108.87,0.54],[108.84,0.33],[109,0.2],[109.12,-0.02],[109.16,-0.07],[109.07,-0.41],[109.19,-0.54],[109.43,-0.71],[109.18,-0.87],[109.24,-0.93],[109.6,-1.12],[109.78,-1.31],[109.94,-1.64],[109.95,-1.86],[110.07,-2.49],[110.08,-2.79],[110.1,-3.08]]],[[[97.6,2.25],[97.74,2.21],[97.98,2.11],[98.3,1.94],[98.6,1.71],[98.67,1.62],[98.72,1.48],[98.69,1.37],[99,0.56],[99.11,0.22],[99.4,0.09],[99.53,-0.02],[99.7,-0.15],[99.97,-0.5],[100.27,-0.97],[100.65,-1.63],[100.8,-2.02],[100.78,-2.18],[100.81,-2.34],[101.35,-3.01],[101.66,-3.32],[102.11,-3.6],[102.2,-3.76],[102.29,-3.98],[102.46,-4.18],[103.07,-4.61],[103.52,-5],[103.87,-5.34],[104.48,-5.98],[104.57,-6.07],[104.64,-5.98],[104.46,-5.64],[104.56,-5.6],[105.03,-5.88],[105.07,-5.76],[105.19,-5.54],[105.3,-5.58],[105.48,-5.81],[105.64,-5.93],[105.69,-5.9],[105.73,-5.83],[105.8,-5.35],[105.8,-5.23],[105.79,-4.93],[105.8,-4.73],[105.69,-4.31],[105.71,-4.1],[105.94,-3.21],[105.63,-2.91],[105.56,-2.71],[105.44,-2.6],[105.37,-2.58],[104.99,-2.47],[104.68,-2.67],[104.61,-2.58],[104.81,-2.16],[104.57,-2.14],[104.47,-2.08],[104.35,-1.89],[104.36,-1.71],[104.3,-1.36],[104.23,-1.19],[104.12,-1.14],[103.75,-1.12],[103.38,-0.89],[103.31,-0.82],[103.24,-0.66],[103.41,-0.5],[103.5,-0.32],[103.69,-0.12],[103.71,-0.02],[103.72,0.02],[103.46,0.29],[103.24,0.46],[103.05,0.53],[102.7,0.57],[102.47,0.62],[102.28,0.74],[102.14,0.94],[102.01,1.27],[101.87,1.43],[101.68,1.52],[101.47,1.55],[101.28,1.72],[101.06,2.08],[100.83,2.18],[100.8,2.07],[100.86,1.97],[100.85,1.88],[100.73,1.87],[100.46,2.12],[100.12,2.54],[99.86,2.57],[99.87,2.64],[99.86,2.9],[99.8,2.98],[99.49,3.13],[98.96,3.44],[98.63,3.66],[98.15,4.07],[98.2,4.31],[98.17,4.38],[97.94,4.52],[97.53,5.04],[97.38,5.18],[97.2,5.17],[97,5.11],[96.75,5.06],[96.6,5.08],[96.19,5.15],[96.02,5.22],[95.74,5.47],[95.63,5.53],[95.46,5.57],[95.28,5.55],[95.22,5.5],[95.19,5.41],[95.21,5.25],[95.31,4.96],[95.56,4.53],[95.65,4.43],[96.42,4.42],[97.15,4.42],[98.21,3.41],[98.79,2.86],[98.71,2.85],[97.6,2.25]]],[[[98.2,8.33],[98.29,8.16],[98.39,8.22],[98.54,8.26],[98.75,8.09],[98.89,8.02],[99.02,7.87],[99.12,7.64],[99.29,7.32],[99.47,7.34],[99.57,7.26],[99.64,7.07],[99.61,6.94],[99.66,6.71],[99.83,6.54],[99.97,6.51],[100.15,6.6],[100.22,6.52],[100.16,6.39],[100.16,6.34],[100.14,6.18],[100.22,5.85],[100.38,5.02],[100.56,4.74],[100.61,4.55],[100.59,4.42],[100.58,4.2],[100.66,3.9],[100.75,3.82],[101.07,3.54],[101.26,3.23],[101.34,2.78],[101.43,2.67],[101.89,2.34],[102.45,2.03],[102.72,1.88],[103.11,1.61],[103.35,1.41],[103.43,1.38],[103.61,1.44],[104.01,1.42],[104.18,1.39],[104.15,1.45],[103.83,2.17],[103.68,2.41],[103.44,2.63],[103.35,2.8],[103.31,3.03],[103.34,3.31],[103.33,3.39],[103.31,3.8],[103.37,4.18],[103.38,4.55],[103.34,4.81],[103.11,5.15],[103.06,5.22],[102.8,5.56],[102.33,6.1],[102.09,6.14],[102.07,6.15],[101.98,6.22],[101.68,6.46],[101.56,6.74],[101.43,6.83],[101.22,6.8],[100.98,6.85],[100.61,6.98],[100.54,7.05],[100.34,7.44],[100.29,7.77],[100.3,7.89],[100.21,8.33],[100.13,8.53],[100.01,8.49],[99.93,8.58],[99.87,8.71],[99.88,8.79],[99.44,8.88],[98.8,8.74],[98.19,8.37],[98.2,8.33]]],[[[109.12,-7.74],[109.22,-7.01],[109.16,-7.02],[108.95,-6.94],[108.56,-6.92],[108.48,-6.69],[108.31,-6.45],[108.17,-6.36],[107.97,-6.44],[107.77,-6.45],[107.68,-6.33],[107.52,-6.35],[107.34,-6.15],[107.06,-6.08],[106.95,-6.03],[106.94,-6.14],[106.86,-6.27],[106.63,-6.31],[106.52,-6.11],[106.31,-6.13],[106.02,-6.08],[105.93,-6.03],[105.89,-6.15],[105.79,-6.26],[105.81,-6.48],[105.67,-6.46],[105.66,-6.52],[105.63,-6.76],[105.47,-6.81],[105.29,-6.77],[105.14,-6.78],[105.18,-6.87],[105.75,-6.92],[105.89,-6.93],[106.12,-7],[106.37,-7.04],[106.55,-7.16],[106.34,-7.37],[106.32,-7.43],[106.48,-7.5],[107.21,-7.53],[107.37,-7.56],[107.73,-7.79],[108.16,-7.86],[108.36,-7.84],[108.61,-7.7],[109.04,-7.72],[109.12,-7.74]]],[[[100.21,-2.69],[100.19,-2.67],[100.16,-2.63],[100.01,-2.5],[100,-2.49],[99.99,-2.49],[99.98,-2.49],[99.97,-2.5],[99.97,-2.51],[99.96,-2.55],[99.99,-2.75],[100.01,-2.83],[100.01,-2.84],[100.02,-2.84],[100.03,-2.84],[100.14,-2.82],[100.14,-2.8],[100.15,-2.79],[100.16,-2.78],[100.18,-2.77],[100.2,-2.76],[100.21,-2.76],[100.22,-2.75],[100.21,-2.72],[100.21,-2.7],[100.21,-2.69]]],[[[106.36,-2.47],[106.34,-2.46],[106.32,-2.44],[106.31,-2.43],[106.28,-2.38],[106.27,-2.37],[106.25,-2.34],[106.24,-2.32],[106.24,-2.3],[106.19,-2.15],[106.19,-2.14],[106.17,-2.04],[106.17,-2.03],[106.16,-1.99],[106.16,-1.96],[106.17,-1.93],[106.14,-1.85],[106.09,-1.77],[106.04,-1.68],[106.03,-1.68],[106.03,-1.65],[106.03,-1.63],[106.03,-1.62],[106.03,-1.61],[106.04,-1.61],[106.05,-1.6],[106.04,-1.59],[106.03,-1.58],[106.02,-1.57],[105.92,-1.5],[105.91,-1.49],[105.89,-1.49],[105.88,-1.49],[105.74,-1.53],[105.71,-1.55],[105.75,-1.64],[105.81,-1.78],[105.81,-1.79],[105.81,-1.8],[105.78,-1.79],[105.71,-1.78],[105.69,-1.77],[105.68,-1.76],[105.66,-1.74],[105.65,-1.73],[105.65,-1.72],[105.65,-1.71],[105.65,-1.64],[105.61,-1.55],[105.61,-1.53],[105.6,-1.53],[105.58,-1.53],[105.57,-1.53],[105.46,-1.56],[105.45,-1.57],[105.39,-1.61],[105.35,-1.65],[105.34,-1.66],[105.33,-1.7],[105.33,-1.71],[105.34,-1.71],[105.34,-1.72],[105.36,-1.72],[105.37,-1.73],[105.38,-1.73],[105.39,-1.74],[105.4,-1.75],[105.4,-1.76],[105.4,-1.77],[105.4,-1.79],[105.4,-1.8],[105.39,-1.81],[105.38,-1.82],[105.29,-1.88],[105.28,-1.89],[105.26,-1.9],[105.21,-1.91],[105.18,-1.92],[105.17,-1.93],[105.14,-1.95],[105.12,-2.01],[105.12,-2.02],[105.12,-2.03],[105.13,-2.07],[105.14,-2.08],[105.34,-2.13],[105.42,-2.12],[105.48,-2.1],[105.74,-2.13],[105.75,-2.13],[105.79,-2.16],[105.8,-2.17],[105.8,-2.18],[105.81,-2.27],[105.82,-2.37],[105.82,-2.38],[105.82,-2.39],[105.83,-2.4],[105.85,-2.43],[105.86,-2.43],[105.89,-2.44],[105.9,-2.44],[105.91,-2.45],[105.92,-2.46],[105.93,-2.47],[105.94,-2.48],[105.94,-2.5],[105.94,-2.52],[105.94,-2.53],[105.93,-2.54],[105.93,-2.55],[105.92,-2.55],[105.92,-2.56],[105.9,-2.6],[105.9,-2.61],[105.9,-2.62],[105.9,-2.64],[105.9,-2.65],[105.92,-2.72],[105.93,-2.75],[105.97,-2.81],[105.98,-2.82],[105.99,-2.83],[106,-2.83],[106.01,-2.83],[106.03,-2.83],[106.09,-2.84],[106.1,-2.84],[106.12,-2.85],[106.15,-2.87],[106.21,-2.88],[106.27,-2.9],[106.28,-2.91],[106.29,-2.91],[106.31,-2.92],[106.32,-2.92],[106.41,-2.97],[106.44,-2.98],[106.46,-3.01],[106.51,-3.09],[106.52,-3.1],[106.52,-3.11],[106.53,-3.11],[106.72,-3.1],[106.74,-3.08],[106.74,-3.07],[106.75,-3.01],[106.74,-3],[106.68,-2.97],[106.67,-2.97],[106.66,-2.97],[106.65,-2.97],[106.62,-2.96],[106.61,-2.95],[106.6,-2.94],[106.6,-2.93],[106.6,-2.91],[106.61,-2.88],[106.61,-2.87],[106.64,-2.78],[106.65,-2.77],[106.66,-2.74],[106.67,-2.71],[106.68,-2.69],[106.69,-2.68],[106.71,-2.65],[106.73,-2.63],[106.74,-2.62],[106.75,-2.61],[106.78,-2.59],[106.62,-2.53],[106.39,-2.49],[106.38,-2.48],[106.37,-2.48],[106.36,-2.48],[106.36,-2.47]]],[[[108.08,-3.23],[108.08,-3.22],[108.1,-3.16],[108.2,-3.12],[108.21,-3.01],[108.21,-3],[108.22,-2.98],[108.26,-2.91],[108.29,-2.85],[108.29,-2.84],[108.29,-2.83],[108.27,-2.76],[108.26,-2.75],[108.09,-2.61],[108.08,-2.6],[108,-2.58],[107.83,-2.53],[107.78,-2.56],[107.77,-2.56],[107.76,-2.56],[107.71,-2.56],[107.68,-2.56],[107.67,-2.56],[107.66,-2.56],[107.66,-2.58],[107.65,-2.59],[107.63,-2.69],[107.64,-2.71],[107.64,-2.74],[107.64,-2.75],[107.63,-2.76],[107.62,-2.78],[107.61,-2.91],[107.59,-2.98],[107.58,-2.99],[107.58,-3],[107.58,-3.01],[107.61,-3.2],[107.61,-3.21],[107.61,-3.22],[107.62,-3.22],[107.63,-3.23],[107.64,-3.23],[107.65,-3.23],[107.81,-3.17],[107.82,-3.17],[107.83,-3.16],[107.84,-3.16],[107.84,-3.15],[107.84,-3.12],[107.84,-3.11],[107.84,-3.1],[107.83,-3.1],[107.82,-3.09],[107.82,-3.08],[107.85,-3.06],[107.87,-3.05],[107.89,-3.07],[107.9,-3.08],[107.97,-3.16],[107.97,-3.17],[107.97,-3.18],[107.97,-3.2],[107.97,-3.22],[107.97,-3.23],[107.98,-3.23],[107.98,-3.24],[107.98,-3.25],[107.99,-3.25],[108.07,-3.24],[108.07,-3.23],[108.08,-3.23]]],[[[97.94,0.98],[97.92,1.03],[97.91,1.03],[97.91,1.04],[97.9,1.05],[97.79,1.15],[97.74,1.16],[97.73,1.17],[97.69,1.18],[97.68,1.19],[97.54,1.38],[97.53,1.4],[97.53,1.42],[97.52,1.43],[97.48,1.47],[97.4,1.5],[97.34,1.5],[97.33,1.49],[97.33,1.48],[97.32,1.47],[97.26,1.42],[97.25,1.42],[97.25,1.41],[97.22,1.41],[97.17,1.41],[97.16,1.41],[97.15,1.41],[97.15,1.42],[97.12,1.39],[97.17,1.33],[97.25,1.26],[97.31,1.17],[97.35,1.1],[97.37,1.06],[97.39,1.01],[97.58,0.85],[97.59,0.84],[97.61,0.82],[97.62,0.8],[97.66,0.72],[97.69,0.63],[97.69,0.62],[97.69,0.61],[97.68,0.61],[97.68,0.6],[97.69,0.59],[97.7,0.58],[97.7,0.57],[97.71,0.57],[97.81,0.55],[97.82,0.55],[97.82,0.56],[97.86,0.61],[97.88,0.62],[97.88,0.63],[97.89,0.64],[97.89,0.65],[97.89,0.69],[97.89,0.73],[97.89,0.76],[97.89,0.78],[97.9,0.87],[97.9,0.88],[97.9,0.9],[97.91,0.91],[97.91,0.93],[97.92,0.93],[97.93,0.95],[97.94,0.96],[97.94,0.97],[97.94,0.98]]],[[[99.28,-1.62],[99.28,-1.61],[99.25,-1.58],[99.23,-1.59],[99.22,-1.59],[99.22,-1.58],[99.11,-1.37],[99.06,-1.28],[99.06,-1.27],[99.06,-1.26],[99.05,-1.22],[98.99,-1.11],[98.93,-0.95],[98.9,-0.92],[98.89,-0.91],[98.88,-0.91],[98.83,-0.93],[98.79,-0.96],[98.78,-0.96],[98.77,-0.96],[98.76,-0.96],[98.75,-0.95],[98.71,-0.95],[98.7,-0.95],[98.69,-0.95],[98.68,-0.95],[98.66,-0.96],[98.65,-0.98],[98.65,-0.99],[98.65,-1.01],[98.65,-1.03],[98.65,-1.04],[98.65,-1.05],[98.65,-1.09],[98.64,-1.1],[98.63,-1.13],[98.61,-1.15],[98.6,-1.18],[98.59,-1.18],[98.59,-1.19],[98.6,-1.22],[98.63,-1.29],[98.69,-1.37],[98.69,-1.38],[98.71,-1.4],[98.72,-1.41],[98.73,-1.43],[98.79,-1.5],[98.8,-1.51],[98.8,-1.52],[98.82,-1.56],[98.83,-1.58],[98.83,-1.59],[98.82,-1.61],[98.83,-1.62],[98.87,-1.67],[98.88,-1.68],[99.04,-1.77],[99.05,-1.78],[99.08,-1.8],[99.09,-1.8],[99.11,-1.8],[99.12,-1.8],[99.24,-1.78],[99.25,-1.78],[99.26,-1.77],[99.26,-1.76],[99.25,-1.73],[99.24,-1.7],[99.22,-1.66],[99.2,-1.63],[99.22,-1.62],[99.23,-1.62],[99.24,-1.64],[99.25,-1.66],[99.28,-1.74],[99.29,-1.74],[99.3,-1.72],[99.3,-1.71],[99.3,-1.7],[99.28,-1.62]]],[[[100.45,-3.27],[100.44,-3.26],[100.42,-3.23],[100.4,-3.19],[100.38,-3.15],[100.4,-3.13],[100.41,-3.13],[100.42,-3.14],[100.43,-3.14],[100.46,-3.13],[100.47,-3.13],[100.47,-3.12],[100.48,-3.12],[100.48,-3.11],[100.47,-3.03],[100.47,-3.02],[100.47,-3.01],[100.37,-2.91],[100.35,-2.89],[100.26,-2.79],[100.24,-2.78],[100.23,-2.78],[100.22,-2.78],[100.21,-2.78],[100.2,-2.79],[100.18,-2.79],[100.18,-2.8],[100.17,-2.8],[100.17,-2.81],[100.19,-2.96],[100.19,-2.97],[100.19,-2.98],[100.2,-2.99],[100.25,-3.05],[100.3,-3.08],[100.3,-3.09],[100.32,-3.11],[100.34,-3.12],[100.34,-3.13],[100.34,-3.14],[100.34,-3.18],[100.34,-3.2],[100.37,-3.24],[100.43,-3.31],[100.44,-3.32],[100.45,-3.33],[100.46,-3.33],[100.47,-3.33],[100.48,-3.32],[100.48,-3.31],[100.47,-3.3],[100.47,-3.29],[100.45,-3.27]]]]},"properties":{"NAME":"Srivijaya Empire","SUBJECTO":"Srivijaya Empire","BORDERPRECISION":1}},
{"type":"Feature","geometry":{"type":"Polygon","coordinates":[[[55.06,51.15],[50.87,51.55],[46.38,51.97],[45.4,52.07],[44.83,52.12],[40.03,52.48],[39.77,52.5],[39.64,52.29],[39.3,51.71],[37.15,50.91],[32.92,49.36],[33.02,49.28],[33.1,49.2],[33.19,49.12],[33.19,49.09],[33.17,49.02],[33.16,48.99],[33.08,49],[33.07,49.02],[33.04,49.06],[32.98,49.08],[32.86,49.09],[32.77,49.12],[32.72,49.14],[32.62,49.2],[32.57,49.22],[30.45,48.44],[30.46,48.4],[29.88,48.32],[29.65,47.34],[29.64,47.3],[29.49,47.27],[28.93,47.16],[29.58,46.61],[29.94,46.54],[30.31,46.32],[30.44,46.19],[30.52,46.25],[30.83,46.58],[31.09,46.64],[31.17,46.65],[31.54,46.7],[31.78,46.7],[31.95,46.86],[32.01,46.64],[32.19,46.59],[31.93,46.41],[32.11,46.22],[32.2,46.17],[32.52,46.13],[32.97,46.15],[33.33,46.17],[33.53,46.13],[33.64,45.93],[33.54,45.87],[33.18,45.74],[32.9,45.67],[32.5,45.45],[32.58,45.36],[32.64,45.38],[32.94,45.34],[33.01,45.3],[33.28,45.15],[33.38,45.19],[33.52,45.12],[33.56,44.94],[33.53,44.87],[34.06,45.05],[35.04,45.37],[34.99,45.45],[35.03,45.53],[35.01,45.61],[34.65,45.79],[34.47,45.77],[34.5,45.8],[34.52,45.82],[34.62,45.93],[34.5,45.88],[34.45,45.91],[34.41,45.89],[34.39,45.89],[34.38,45.9],[34.39,45.95],[34.27,46.03],[34.23,46.02],[34.19,46.03],[34.18,46.02],[34.19,45.98],[34.19,45.96],[34.16,45.94],[34.14,45.96],[34.13,46.01],[34.12,46.03],[34.07,46.06],[34,46.07],[33.98,46.05],[33.96,46.04],[33.92,46.04],[33.89,46.06],[33.83,46.14],[33.82,46.14],[33.77,46.13],[33.71,46.18],[33.7,46.2],[33.7,46.21],[33.73,46.23],[33.78,46.23],[33.85,46.23],[33.91,46.22],[34.06,46.26],[34.16,46.24],[34.16,46.25],[34.16,46.27],[34.17,46.27],[34.22,46.23],[34.49,46.17],[34.81,46.18],[35.04,46.25],[35.12,46.3],[35.22,46.4],[35.2,46.44],[35.35,46.36],[35.35,46.33],[35.51,46.45],[35.65,46.5],[35.73,46.57],[35.81,46.62],[35.91,46.65],[36.07,46.67],[36.21,46.66],[36.24,46.63],[36.86,46.81],[37.19,46.89],[37.42,47.08],[37.86,47.1],[38.21,47.15],[38.8,47.23],[39.16,47.27],[39.19,47.24],[39.2,47.23],[41.85,48.48],[42.79,48.37],[45.09,48.12],[46.77,46.76],[48.05,45.72],[48.3,45.77],[48.48,45.89],[48.64,45.98],[48.77,45.89],[48.83,45.92],[48.83,46.02],[48.83,46.08],[48.89,46.08],[49.06,46.14],[49.24,46.26],[49.31,46.35],[49.41,46.43],[49.53,46.54],[49.72,46.53],[49.95,46.56],[50.27,46.69],[50.63,46.91],[50.82,46.92],[51.12,47.06],[51.37,47.09],[51.67,47.04],[51.79,47.01],[51.94,46.89],[52.14,46.84],[52.38,46.87],[52.47,46.91],[52.56,46.98],[52.86,46.94],[53.02,46.92],[53.19,46.87],[53.23,46.73],[53.28,46.68],[53.17,46.59],[53.12,46.5],[53.19,46.42],[53.26,46.32],[53.2,46.19],[53.15,45.96],[53.05,45.83],[52.92,45.73],[52.83,45.64],[52.84,45.51],[53.06,45.45],[53.21,45.36],[53.28,45.33],[53.06,45.34],[52.61,45.4],[52.11,45.38],[52,45.38],[51.85,45.44],[51.77,45.39],[51.63,45.35],[51.51,45.37],[51.46,45.31],[51.38,45.17],[51.34,45.06],[51.22,45.04],[51.1,44.88],[51.19,44.77],[51.37,44.68],[51.49,44.63],[51.58,44.55],[51.41,44.52],[51.33,44.48],[51.09,44.56],[50.87,44.63],[50.72,44.64],[50.54,44.64],[50.41,44.62],[50.33,44.56],[50.33,44.37],[50.39,44.29],[50.7,44.26],[50.96,44.2],[50.99,44.08],[51.17,43.72],[51.26,43.61],[51.37,43.56],[51.46,43.39],[51.42,43.26],[51.42,43.17],[51.58,43.18],[51.74,43.18],[51.88,43.05],[51.98,42.91],[52.07,42.83],[52.16,42.85],[52.3,42.87],[52.38,42.8],[52.58,42.83],[52.76,42.76],[52.83,42.65],[52.75,42.56],[52.74,42.42],[52.67,42.28],[52.58,42.19],[52.52,42.07],[52.57,42.02],[52.6,41.94],[52.56,41.76],[52.68,41.69],[52.71,41.61],[52.69,41.53],[52.86,41.39],[52.97,41.14],[52.96,41.27],[52.93,41.38],[52.97,41.56],[53,41.68],[52.94,41.77],[52.98,41.9],[53.07,42.03],[53.27,42.09],[53.46,42.1],[53.74,42.13],[53.99,42.11],[54.02,42.05],[54.02,41.95],[54.02,41.86],[54.12,41.78],[54.14,41.63],[54.17,41.48],[54.21,41.46],[58.11,42.47],[60.85,43.17],[61.15,44.73],[61.11,44.72],[60.94,44.44],[60.08,43.61],[59.72,43.67],[59.51,43.91],[59.25,43.85],[59.13,44],[59.01,43.98],[59.02,43.86],[58.91,43.85],[58.83,43.84],[58.78,43.75],[58.6,43.76],[58.37,43.74],[58.34,43.87],[58.38,44.04],[58.4,44.17],[58.24,44.36],[58.23,44.45],[58.2,44.52],[58.26,44.58],[58.3,44.64],[58.29,44.71],[58.25,44.79],[58.23,44.85],[58.24,44.9],[58.27,44.98],[58.38,45.18],[58.4,45.25],[58.45,45.32],[58.51,45.39],[58.56,45.46],[58.59,45.54],[58.61,45.58],[58.63,45.6],[58.66,45.72],[58.68,45.78],[58.72,45.85],[58.77,45.9],[58.82,45.93],[58.88,45.96],[58.96,45.97],[58.98,45.97],[59.07,46],[59.14,46.01],[59.2,46.02],[59.26,46.03],[59.33,46.03],[59.37,45.99],[59.36,45.93],[59.3,45.88],[59.29,45.84],[59.43,45.8],[59.55,45.99],[59.55,46.24],[59.48,46.32],[59.53,46.34],[59.55,46.34],[59.58,46.33],[59.7,46.33],[59.75,46.32],[59.78,46.3],[59.8,46.25],[59.82,46.18],[60.02,46.21],[60.3,46.16],[60.48,46.2],[60.55,46.15],[60.61,46.13],[60.72,46.17],[60.79,46.15],[60.82,46.21],[60.82,46.24],[60.57,46.27],[60.46,46.27],[60.21,46.29],[60.08,46.4],[60.02,46.45],[60,46.5],[60.01,46.56],[60.07,46.62],[60.19,46.68],[60.27,46.7],[60.32,46.69],[60.36,46.64],[60.4,46.54],[60.43,46.53],[60.46,46.59],[60.5,46.61],[60.55,46.59],[60.6,46.58],[60.65,46.59],[60.73,46.63],[60.73,46.68],[60.64,46.72],[60.52,46.73],[60.5,46.81],[60.66,46.82],[60.84,46.77],[60.86,46.7],[60.78,46.63],[60.8,46.57],[60.85,46.52],[60.94,46.49],[61.12,46.57],[61.25,46.61],[61.31,46.68],[61.47,46.77],[61.55,46.77],[61.63,47.21],[61.86,48.36],[61.96,48.88],[59.23,49.85],[55.75,51.08],[55.06,51.15]],[[34.49,47.59],[34.73,47.58],[35,47.59],[35.09,47.68],[35.09,47.82],[35.11,47.84],[35.13,47.84],[35.24,47.65],[35.3,47.49],[35.27,47.45],[35.21,47.45],[35.05,47.43],[34.96,47.41],[34.81,47.46],[34.59,47.52],[34.42,47.49],[34.19,47.42],[34.18,47.39],[34.18,47.35],[34.17,47.32],[34.1,47.32],[33.9,47.16],[33.72,46.94],[33.7,46.9],[33.69,46.86],[33.56,46.82],[33.54,46.83],[33.58,46.88],[33.63,47.03],[33.66,47.05],[33.67,47.04],[33.7,47.06],[33.76,47.12],[33.78,47.16],[33.83,47.21],[33.93,47.28],[33.96,47.33],[33.96,47.36],[33.95,47.45],[33.94,47.54],[33.98,47.56],[34.07,47.56],[34.15,47.54],[34.21,47.54],[34.24,47.57],[34.27,47.59],[34.32,47.57],[34.38,47.56],[34.44,47.57],[34.49,47.59]]]},"properties":{"NAME":"Peshemegs","SUBJECTO":"Peshemegs","BORDERPRECISION":1}},
{"type":"Feature","geometry":{"type":"MultiPolygon","coordinates":[[[[-170.55,-14.3],[-170.54,-14.3],[-170.54,-14.29],[-170.54,-14.28],[-170.55,-14.28],[-170.56,-14.29],[-170.55,-14.3]]],[[[-170.66,-14.26],[-170.67,-14.26],[-170.68,-14.26],[-170.8,-14.3],[-170.81,-14.31],[-170.82,-14.32],[-170.83,-14.32],[-170.82,-14.33],[-170.77,-14.36],[-170.75,-14.37],[-170.74,-14.38],[-170.64,-14.29],[-170.58,-14.28],[-170.56,-14.27],[-170.57,-14.26],[-170.57,-14.25],[-170.66,-14.26]]],[[[-169.51,-14.28],[-169.44,-14.26],[-169.44,-14.23],[-169.45,-14.23],[-169.52,-14.23],[-169.53,-14.23],[-169.54,-14.23],[-169.54,-14.24],[-169.52,-14.27],[-169.51,-14.28]]],[[[-169.62,-14.18],[-169.62,-14.17],[-169.63,-14.17],[-169.64,-14.17],[-169.64,-14.18],[-169.64,-14.19],[-169.63,-14.19],[-169.62,-14.18]]],[[[-169.68,-14.17],[-169.69,-14.17],[-169.69,-14.19],[-169.68,-14.19],[-169.66,-14.18],[-169.66,-14.17],[-169.67,-14.17],[-169.68,-14.17]]],[[[-178.72,-20.65],[-178.72,-20.64],[-178.73,-20.65],[-178.74,-20.66],[-178.74,-20.67],[-178.73,-20.67],[-178.72,-20.67],[-178.71,-20.67],[-178.72,-20.65]]],[[[-178.21,-19.85],[-178.2,-19.84],[-178.2,-19.83],[-178.21,-19.83],[-178.22,-19.84],[-178.22,-19.85],[-178.21,-19.85]]],[[[-178.39,-19.18],[-178.39,-19.16],[-178.39,-19.14],[-178.39,-19.13],[-178.4,-19.13],[-178.41,-19.14],[-178.42,-19.17],[-178.43,-19.18],[-178.42,-19.18],[-178.4,-19.18],[-178.39,-19.18]]],[[[179.77,-19.12],[179.76,-19.13],[179.75,-19.13],[179.74,-19.18],[179.74,-19.19],[179.75,-19.2],[179.77,-19.2],[179.78,-19.2],[179.79,-19.19],[179.8,-19.18],[179.79,-19.14],[179.78,-19.12],[179.77,-19.12]]],[[[-178.59,-19.12],[-178.6,-19.13],[-178.6,-19.14],[-178.6,-19.15],[-178.6,-19.16],[-178.59,-19.16],[-178.58,-19.17],[-178.56,-19.18],[-178.55,-19.18],[-178.54,-19.18],[-178.55,-19.12],[-178.55,-19.11],[-178.56,-19.11],[-178.57,-19.11],[-178.58,-19.11],[-178.59,-19.11],[-178.59,-19.12]]],[[[178.37,-18.93],[178.34,-18.93],[178.31,-18.94],[178.18,-18.98],[178.18,-18.99],[178.17,-19],[178.07,-19.07],[177.97,-19.1],[177.97,-19.11],[177.95,-19.13],[177.95,-19.14],[177.96,-19.14],[178,-19.16],[178.02,-19.16],[178.03,-19.15],[178.04,-19.15],[178.09,-19.16],[178.14,-19.14],[178.17,-19.09],[178.17,-19.08],[178.17,-19.07],[178.19,-19.05],[178.3,-19],[178.31,-19],[178.33,-19],[178.33,-19.01],[178.33,-19.03],[178.34,-19.05],[178.37,-19.05],[178.38,-19.05],[178.42,-19.05],[178.47,-19.03],[178.49,-19.02],[178.5,-19.01],[178.5,-18.99],[178.5,-18.98],[178.49,-18.97],[178.47,-18.96],[178.37,-18.93]]],[[[-178.94,-18.93],[-178.95,-18.93],[-178.96,-18.93],[-178.97,-18.94],[-178.97,-18.95],[-178.97,-18.98],[-178.96,-18.99],[-178.95,-18.99],[-178.94,-18.99],[-178.93,-18.99],[-178.93,-18.97],[-178.93,-18.96],[-178.93,-18.95],[-178.93,-18.94],[-178.94,-18.93]]],[[[-179.85,-18.97],[-179.85,-18.96],[-179.84,-18.95],[-179.83,-18.95],[-179.82,-18.95],[-179.81,-18.96],[-179.81,-18.97],[-179.8,-18.98],[-179.8,-18.99],[-179.8,-18.98],[-179.79,-18.97],[-179.78,-18.96],[-179.78,-18.95],[-179.79,-18.94],[-179.82,-18.93],[-179.84,-18.92],[-179.85,-18.93],[-179.86,-18.94],[-179.87,-18.98],[-179.87,-19],[-179.87,-19.01],[-179.86,-19.01],[-179.85,-19.01],[-179.85,-18.97]]],[[[178.53,-18.87],[178.53,-18.86],[178.52,-18.86],[178.51,-18.86],[178.5,-18.86],[178.48,-18.88],[178.47,-18.9],[178.47,-18.91],[178.5,-18.93],[178.53,-18.91],[178.53,-18.9],[178.54,-18.9],[178.54,-18.89],[178.53,-18.87]]],[[[-178.48,-18.65],[-178.5,-18.64],[-178.51,-18.64],[-178.52,-18.64],[-178.52,-18.65],[-178.52,-18.66],[-178.52,-18.67],[-178.51,-18.67],[-178.5,-18.67],[-178.49,-18.67],[-178.48,-18.67],[-178.47,-18.66],[-178.47,-18.65],[-178.48,-18.65]]],[[[179.84,-18.58],[179.84,-18.59],[179.89,-18.64],[179.9,-18.64],[179.91,-18.64],[179.97,-18.56],[179.97,-18.55],[179.97,-18.54],[179.96,-18.54],[179.95,-18.54],[179.93,-18.54],[179.91,-18.55],[179.88,-18.55],[179.85,-18.57],[179.84,-18.57],[179.84,-18.58]]],[[[177.64,-18.49],[177.63,-18.49],[177.62,-18.5],[177.61,-18.51],[177.61,-18.52],[177.62,-18.54],[177.64,-18.57],[177.65,-18.59],[177.66,-18.59],[177.66,-18.58],[177.65,-18.51],[177.65,-18.5],[177.64,-18.5],[177.64,-18.49]]],[[[178.13,-18.35],[178.12,-18.36],[178.11,-18.41],[178.12,-18.41],[178.13,-18.42],[178.14,-18.42],[178.15,-18.41],[178.16,-18.38],[178.16,-18.37],[178.15,-18.36],[178.15,-18.35],[178.14,-18.35],[178.13,-18.35]]],[[[-178.75,-18.2],[-178.76,-18.19],[-178.77,-18.18],[-178.79,-18.18],[-178.81,-18.18],[-178.82,-18.19],[-178.83,-18.19],[-178.84,-18.21],[-178.84,-18.22],[-178.81,-18.24],[-178.8,-18.25],[-178.79,-18.25],[-178.78,-18.25],[-178.77,-18.25],[-178.76,-18.25],[-178.75,-18.24],[-178.74,-18.23],[-178.74,-18.22],[-178.74,-18.21],[-178.75,-18.2]]],[[[179.25,-18.04],[179.34,-18.12],[179.35,-18.12],[179.36,-18.11],[179.37,-18.09],[179.37,-18.08],[179.36,-18.01],[179.35,-18.01],[179.31,-17.95],[179.3,-17.94],[179.29,-17.94],[179.27,-17.94],[179.24,-17.95],[179.24,-17.97],[179.24,-18.03],[179.25,-18.04]]],[[[-178.99,-17.95],[-179,-17.94],[-179.02,-17.93],[-179.02,-17.92],[-179.03,-17.92],[-179.05,-17.92],[-179.06,-17.93],[-179.07,-17.93],[-179.08,-17.94],[-179.08,-17.95],[-179.07,-17.96],[-179.06,-17.97],[-179.03,-17.99],[-179.02,-17.99],[-179.02,-18],[-179.01,-18],[-179,-17.99],[-178.99,-17.99],[-178.99,-17.98],[-178.99,-17.97],[-178.99,-17.96],[-178.99,-17.95]]],[[[-178.32,-17.88],[-178.33,-17.89],[-178.35,-17.89],[-178.35,-17.9],[-178.35,-17.91],[-178.36,-17.93],[-178.36,-17.94],[-178.34,-17.96],[-178.33,-17.96],[-178.32,-17.96],[-178.3,-17.97],[-178.29,-17.97],[-178.26,-17.96],[-178.25,-17.96],[-178.24,-17.95],[-178.24,-17.94],[-178.24,-17.93],[-178.24,-17.92],[-178.26,-17.91],[-178.27,-17.9],[-178.3,-17.89],[-178.31,-17.88],[-178.32,-17.88]]],[[[179.42,-17.85],[179.43,-17.84],[179.43,-17.83],[179.42,-17.8],[179.42,-17.79],[179.4,-17.78],[179.39,-17.79],[179.4,-17.82],[179.41,-17.84],[179.41,-17.85],[179.42,-17.85]]],[[[-179.29,-17.78],[-179.28,-17.77],[-179.28,-17.76],[-179.28,-17.74],[-179.29,-17.74],[-179.29,-17.73],[-179.3,-17.73],[-179.31,-17.73],[-179.32,-17.73],[-179.33,-17.73],[-179.33,-17.75],[-179.33,-17.76],[-179.33,-17.77],[-179.3,-17.79],[-179.29,-17.78]]],[[[178.83,-17.63],[178.83,-17.62],[178.82,-17.62],[178.81,-17.62],[178.79,-17.62],[178.78,-17.63],[178.76,-17.64],[178.75,-17.65],[178.75,-17.66],[178.74,-17.67],[178.75,-17.72],[178.77,-17.75],[178.82,-17.74],[178.84,-17.73],[178.85,-17.72],[178.85,-17.7],[178.85,-17.69],[178.85,-17.67],[178.85,-17.66],[178.84,-17.63],[178.83,-17.63]]],[[[-179.15,-17.48],[-179.14,-17.48],[-179.13,-17.47],[-179.13,-17.46],[-179.13,-17.45],[-179.14,-17.43],[-179.15,-17.43],[-179.17,-17.43],[-179.18,-17.43],[-179.18,-17.44],[-179.18,-17.45],[-179.17,-17.47],[-179.16,-17.48],[-179.15,-17.48]]],[[[178.18,-18.24],[178.18,-18.23],[178.19,-18.22],[178.22,-18.19],[178.23,-18.19],[178.24,-18.19],[178.27,-18.15],[178.34,-18.12],[178.35,-18.12],[178.4,-18.1],[178.53,-18.09],[178.55,-18.1],[178.56,-18.1],[178.56,-18.12],[178.59,-18.14],[178.66,-18.09],[178.68,-18.08],[178.68,-18.07],[178.69,-18.06],[178.7,-18.05],[178.69,-18.02],[178.62,-17.89],[178.6,-17.78],[178.6,-17.69],[178.6,-17.68],[178.6,-17.67],[178.6,-17.66],[178.6,-17.64],[178.59,-17.64],[178.37,-17.48],[178.3,-17.43],[178.28,-17.4],[178.28,-17.39],[178.28,-17.38],[178.27,-17.35],[178.27,-17.34],[178.24,-17.33],[178.24,-17.32],[178.22,-17.31],[178.19,-17.3],[178.19,-17.32],[178.17,-17.34],[178.12,-17.36],[177.96,-17.41],[177.95,-17.41],[177.9,-17.41],[177.83,-17.4],[177.83,-17.39],[177.84,-17.38],[177.83,-17.37],[177.83,-17.36],[177.82,-17.36],[177.62,-17.44],[177.52,-17.5],[177.51,-17.51],[177.39,-17.63],[177.39,-17.65],[177.39,-17.66],[177.39,-17.67],[177.42,-17.68],[177.42,-17.69],[177.43,-17.74],[177.43,-17.76],[177.37,-17.81],[177.29,-17.85],[177.28,-17.85],[177.27,-17.86],[177.26,-17.87],[177.25,-17.96],[177.26,-18],[177.3,-18.08],[177.33,-18.12],[177.47,-18.16],[177.52,-18.15],[177.61,-18.17],[177.61,-18.18],[177.62,-18.18],[177.86,-18.26],[177.96,-18.27],[178.02,-18.27],[178.15,-18.26],[178.16,-18.25],[178.18,-18.24]]],[[[177.1,-17.31],[177.11,-17.31],[177.12,-17.31],[177.14,-17.3],[177.16,-17.27],[177.15,-17.25],[177.14,-17.25],[177.11,-17.26],[177.1,-17.27],[177.1,-17.31]]],[[[-179.12,-17.27],[-179.12,-17.26],[-179.15,-17.25],[-179.16,-17.25],[-179.16,-17.26],[-179.16,-17.27],[-179.16,-17.28],[-179.15,-17.28],[-179.14,-17.28],[-179.13,-17.28],[-179.12,-17.28],[-179.12,-17.27]]],[[[179.44,-17.25],[179.43,-17.24],[179.42,-17.24],[179.36,-17.26],[179.37,-17.3],[179.38,-17.32],[179.38,-17.35],[179.38,-17.37],[179.38,-17.4],[179.4,-17.39],[179.42,-17.38],[179.43,-17.37],[179.44,-17.34],[179.44,-17.33],[179.45,-17.32],[179.45,-17.3],[179.45,-17.26],[179.45,-17.25],[179.44,-17.25]]],[[[-178.91,-17.22],[-178.91,-17.21],[-178.92,-17.2],[-179.01,-17.15],[-179.02,-17.15],[-179.01,-17.18],[-178.99,-17.32],[-178.98,-17.3],[-178.97,-17.29],[-178.94,-17.26],[-178.93,-17.26],[-178.92,-17.25],[-178.91,-17.22]]],[[[177.21,-17.09],[177.19,-17.12],[177.18,-17.14],[177.18,-17.16],[177.19,-17.17],[177.2,-17.17],[177.26,-17.12],[177.27,-17.12],[177.28,-17.11],[177.28,-17.1],[177.29,-17.08],[177.29,-17.07],[177.29,-17.06],[177.29,-17.05],[177.28,-17.05],[177.25,-17.06],[177.24,-17.06],[177.21,-17.09]]],[[[178.34,-16.83],[178.34,-16.82],[178.33,-16.8],[178.32,-16.79],[178.28,-16.79],[178.27,-16.79],[178.28,-16.83],[178.29,-16.84],[178.33,-16.84],[178.34,-16.84],[178.34,-16.83]]],[[[179.89,-16.95],[179.88,-16.96],[179.88,-16.97],[179.89,-16.97],[179.92,-17],[179.93,-17.01],[179.95,-17],[179.96,-17],[179.98,-16.98],[180,-16.97],[180,-16.79],[179.97,-16.85],[179.96,-16.87],[179.95,-16.88],[179.95,-16.89],[179.93,-16.9],[179.9,-16.93],[179.89,-16.95]]],[[[-179.82,-16.78],[-179.85,-16.69],[-179.86,-16.68],[-179.87,-16.68],[-179.89,-16.69],[-179.9,-16.69],[-179.93,-16.71],[-179.94,-16.72],[-180,-16.79],[-180,-16.97],[-179.99,-16.96],[-179.99,-16.95],[-179.94,-16.9],[-179.9,-16.88],[-179.82,-16.78]]],[[[177.57,-16.7],[177.57,-16.71],[177.56,-16.72],[177.48,-16.8],[177.43,-16.84],[177.44,-16.84],[177.52,-16.79],[177.57,-16.74],[177.58,-16.72],[177.59,-16.7],[177.59,-16.69],[177.58,-16.68],[177.57,-16.68],[177.56,-16.68],[177.57,-16.69],[177.57,-16.7]]],[[[179.94,-16.65],[179.95,-16.64],[179.95,-16.62],[179.95,-16.61],[179.92,-16.63],[179.88,-16.66],[179.89,-16.66],[179.91,-16.66],[179.93,-16.66],[179.94,-16.65]]],[[[180,-16.49],[180,-16.5],[179.99,-16.5],[179.98,-16.51],[179.98,-16.52],[179.98,-16.53],[179.99,-16.54],[180,-16.54],[180,-16.49]]],[[[-179.97,-16.46],[-179.99,-16.48],[-180,-16.49],[-180,-16.54],[-179.98,-16.54],[-179.97,-16.53],[-179.93,-16.52],[-179.89,-16.44],[-179.9,-16.43],[-179.91,-16.43],[-179.94,-16.44],[-179.95,-16.45],[-179.97,-16.46]]],[[[179.57,-16.76],[179.56,-16.76],[179.55,-16.76],[179.54,-16.76],[179.49,-16.76],[179.48,-16.7],[179.48,-16.69],[179.59,-16.54],[179.65,-16.5],[179.67,-16.49],[179.69,-16.49],[179.74,-16.46],[179.75,-16.45],[179.76,-16.44],[179.81,-16.36],[179.85,-16.29],[179.89,-16.24],[179.9,-16.24],[179.96,-16.2],[179.98,-16.18],[179.99,-16.18],[180,-16.17],[180,-16.15],[179.97,-16.15],[179.96,-16.15],[179.96,-16.16],[179.92,-16.18],[179.87,-16.21],[179.84,-16.21],[179.77,-16.2],[179.67,-16.23],[179.5,-16.27],[179.46,-16.29],[179.4,-16.35],[179.39,-16.38],[179.4,-16.4],[179.4,-16.41],[179.33,-16.41],[179.3,-16.41],[179.23,-16.41],[179.23,-16.4],[179.22,-16.4],[178.98,-16.47],[178.93,-16.5],[178.93,-16.51],[178.93,-16.52],[178.9,-16.55],[178.89,-16.55],[178.86,-16.57],[178.83,-16.57],[178.78,-16.6],[178.77,-16.6],[178.75,-16.62],[178.74,-16.63],[178.73,-16.65],[178.71,-16.68],[178.7,-16.67],[178.68,-16.67],[178.6,-16.64],[178.53,-16.71],[178.48,-16.76],[178.48,-16.78],[178.49,-16.8],[178.49,-16.81],[178.5,-16.81],[178.52,-16.82],[178.53,-16.82],[178.54,-16.81],[178.55,-16.81],[178.62,-16.84],[178.67,-16.92],[178.68,-16.96],[178.68,-16.97],[178.69,-16.99],[178.7,-17],[178.71,-17.01],[178.73,-17.01],[178.75,-17.01],[178.76,-17.01],[178.79,-16.99],[178.8,-16.98],[178.81,-16.95],[178.81,-16.93],[178.81,-16.91],[178.87,-16.86],[178.91,-16.85],[178.94,-16.88],[178.95,-16.89],[178.95,-16.9],[178.96,-16.91],[179.02,-16.93],[179.07,-16.89],[179.07,-16.88],[179.04,-16.87],[179.04,-16.88],[179.03,-16.89],[179.03,-16.9],[179.02,-16.9],[179.02,-16.89],[179.05,-16.81],[179.05,-16.8],[179.17,-16.72],[179.21,-16.71],[179.27,-16.69],[179.28,-16.69],[179.35,-16.73],[179.36,-16.74],[179.36,-16.75],[179.35,-16.76],[179.34,-16.77],[179.33,-16.77],[179.33,-16.8],[179.41,-16.81],[179.57,-16.8],[179.66,-16.74],[179.71,-16.73],[179.75,-16.73],[179.78,-16.73],[179.81,-16.73],[179.84,-16.74],[179.85,-16.76],[179.86,-16.76],[179.87,-16.77],[179.9,-16.77],[179.94,-16.75],[179.95,-16.75],[179.95,-16.74],[179.89,-16.67],[179.88,-16.67],[179.87,-16.66],[179.87,-16.64],[179.9,-16.58],[179.92,-16.54],[179.93,-16.53],[179.95,-16.52],[179.95,-16.51],[179.95,-16.48],[179.94,-16.47],[179.94,-16.46],[179.93,-16.46],[179.92,-16.47],[179.85,-16.51],[179.81,-16.54],[179.75,-16.59],[179.71,-16.62],[179.64,-16.69],[179.62,-16.72],[179.57,-16.76]]],[[[-169.89,-19.15],[-169.89,-19.14],[-169.86,-19.13],[-169.85,-19.13],[-169.82,-19.11],[-169.8,-19.09],[-169.78,-19.07],[-169.78,-19.06],[-169.81,-18.97],[-169.82,-18.97],[-169.87,-18.96],[-169.88,-18.96],[-169.89,-18.97],[-169.93,-19.01],[-169.93,-19.02],[-169.95,-19.07],[-169.95,-19.08],[-169.93,-19.12],[-169.89,-19.15]]],[[[-174.97,-21.37],[-174.97,-21.39],[-174.97,-21.42],[-174.93,-21.45],[-174.92,-21.45],[-174.91,-21.43],[-174.91,-21.31],[-174.94,-21.32],[-174.97,-21.35],[-174.97,-21.36],[-174.97,-21.37]]],[[[-175.05,-21.16],[-175.05,-21.15],[-175.05,-21.14],[-175.05,-21.13],[-175.06,-21.13],[-175.07,-21.12],[-175.09,-21.12],[-175.11,-21.13],[-175.12,-21.13],[-175.13,-21.14],[-175.13,-21.16],[-175.14,-21.17],[-175.14,-21.18],[-175.15,-21.18],[-175.28,-21.12],[-175.3,-21.07],[-175.31,-21.06],[-175.32,-21.06],[-175.34,-21.07],[-175.34,-21.08],[-175.35,-21.09],[-175.36,-21.1],[-175.36,-21.13],[-175.35,-21.14],[-175.34,-21.16],[-175.32,-21.17],[-175.31,-21.18],[-175.19,-21.25],[-175.15,-21.27],[-175.14,-21.27],[-175.12,-21.26],[-175.05,-21.16]]],[[[-174.77,-20.28],[-174.76,-20.28],[-174.76,-20.27],[-174.76,-20.26],[-174.76,-20.24],[-174.77,-20.23],[-174.78,-20.23],[-174.79,-20.23],[-174.8,-20.24],[-174.8,-20.25],[-174.79,-20.27],[-174.78,-20.28],[-174.77,-20.28]]],[[[-174.42,-19.93],[-174.41,-19.93],[-174.39,-19.9],[-174.39,-19.89],[-174.39,-19.88],[-174.4,-19.88],[-174.41,-19.89],[-174.42,-19.91],[-174.42,-19.93]]],[[[-174.32,-19.82],[-174.31,-19.82],[-174.31,-19.81],[-174.31,-19.77],[-174.32,-19.76],[-174.33,-19.77],[-174.35,-19.81],[-174.35,-19.82],[-174.33,-19.82],[-174.33,-19.83],[-174.32,-19.82]]],[[[-175.08,-19.71],[-175.09,-19.71],[-175.1,-19.74],[-175.1,-19.75],[-175.09,-19.77],[-175.09,-19.78],[-175.08,-19.79],[-175.07,-19.8],[-175.06,-19.8],[-175.05,-19.8],[-175.04,-19.79],[-175.04,-19.78],[-175.04,-19.76],[-175.05,-19.73],[-175.05,-19.72],[-175.06,-19.72],[-175.08,-19.71]]],[[[-174.26,-19.74],[-174.25,-19.71],[-174.25,-19.7],[-174.25,-19.69],[-174.26,-19.69],[-174.31,-19.74],[-174.3,-19.74],[-174.3,-19.75],[-174.29,-19.75],[-174.28,-19.75],[-174.27,-19.75],[-174.26,-19.74]]],[[[-175.02,-19.65],[-175.03,-19.66],[-175.03,-19.67],[-175.04,-19.68],[-175.03,-19.68],[-175.03,-19.69],[-175.02,-19.69],[-175.01,-19.69],[-175,-19.66],[-175.01,-19.65],[-175.02,-19.65]]],[[[-174.28,-19.59],[-174.29,-19.59],[-174.29,-19.6],[-174.29,-19.61],[-174.29,-19.62],[-174.28,-19.63],[-174.27,-19.64],[-174.26,-19.65],[-174.25,-19.66],[-174.24,-19.66],[-174.24,-19.65],[-174.24,-19.64],[-174.28,-19.59]]],[[[-174.65,-18.78],[-174.66,-18.78],[-174.67,-18.79],[-174.68,-18.8],[-174.67,-18.81],[-174.67,-18.83],[-174.65,-18.83],[-174.64,-18.83],[-174.63,-18.82],[-174.62,-18.81],[-174.65,-18.79],[-174.65,-18.78]]],[[[-174.07,-18.68],[-174.08,-18.68],[-174.09,-18.68],[-174.09,-18.69],[-174.1,-18.7],[-174.09,-18.7],[-174.07,-18.71],[-174.06,-18.7],[-174.07,-18.69],[-174.07,-18.68]]],[[[-174.04,-18.68],[-174.05,-18.68],[-174.04,-18.69],[-174.03,-18.71],[-174.03,-18.72],[-174.02,-18.72],[-174.02,-18.71],[-174.02,-18.69],[-174.03,-18.68],[-174.04,-18.68]]],[[[-174.12,-18.68],[-174.13,-18.68],[-174.13,-18.69],[-174.13,-18.7],[-174.12,-18.7],[-174.09,-18.67],[-174.09,-18.66],[-174.11,-18.67],[-174.12,-18.67],[-174.12,-18.68]]],[[[-174.07,-18.64],[-174.06,-18.66],[-174.05,-18.67],[-173.99,-18.68],[-173.91,-18.64],[-173.91,-18.63],[-173.91,-18.62],[-173.92,-18.6],[-173.93,-18.58],[-173.94,-18.57],[-173.97,-18.57],[-173.99,-18.57],[-174,-18.57],[-174,-18.58],[-174.01,-18.58],[-174.01,-18.59],[-174.02,-18.6],[-174.02,-18.61],[-174.03,-18.62],[-174.04,-18.62],[-174.05,-18.62],[-174.06,-18.62],[-174.07,-18.63],[-174.07,-18.64]]],[[[-175.68,-15.61],[-175.67,-15.62],[-175.67,-15.63],[-175.65,-15.63],[-175.64,-15.63],[-175.64,-15.62],[-175.61,-15.6],[-175.61,-15.58],[-175.61,-15.57],[-175.62,-15.56],[-175.63,-15.56],[-175.67,-15.57],[-175.68,-15.58],[-175.68,-15.59],[-175.68,-15.61]]],[[[-178.14,-14.32],[-178.13,-14.32],[-178.06,-14.32],[-178.04,-14.32],[-178.04,-14.31],[-178.12,-14.25],[-178.13,-14.25],[-178.18,-14.23],[-178.19,-14.23],[-178.19,-14.24],[-178.19,-14.26],[-178.18,-14.27],[-178.18,-14.28],[-178.17,-14.29],[-178.15,-14.31],[-178.14,-14.32]]],[[[-176.17,-13.35],[-176.16,-13.35],[-176.14,-13.35],[-176.14,-13.34],[-176.12,-13.26],[-176.12,-13.25],[-176.15,-13.22],[-176.15,-13.21],[-176.16,-13.21],[-176.16,-13.22],[-176.18,-13.23],[-176.18,-13.24],[-176.19,-13.26],[-176.19,-13.29],[-176.19,-13.31],[-176.18,-13.34],[-176.17,-13.35]]],[[[-171.47,-14.05],[-171.44,-14.06],[-171.43,-14.02],[-171.43,-14.01],[-171.43,-14],[-171.44,-13.99],[-171.45,-13.98],[-171.62,-13.88],[-171.75,-13.83],[-171.82,-13.81],[-171.88,-13.81],[-171.91,-13.81],[-172.03,-13.84],[-172.06,-13.86],[-172.06,-13.87],[-172.06,-13.88],[-172.06,-13.9],[-172.06,-13.91],[-172.05,-13.91],[-171.91,-14.01],[-171.77,-14.04],[-171.65,-14.05],[-171.59,-14.05],[-171.55,-14.05],[-171.52,-14.05],[-171.48,-14.05],[-171.47,-14.05]]],[[[-172.22,-13.56],[-172.29,-13.49],[-172.29,-13.48],[-172.3,-13.47],[-172.31,-13.47],[-172.35,-13.46],[-172.36,-13.46],[-172.39,-13.46],[-172.48,-13.48],[-172.55,-13.5],[-172.6,-13.51],[-172.66,-13.52],[-172.73,-13.51],[-172.74,-13.51],[-172.75,-13.51],[-172.76,-13.51],[-172.77,-13.52],[-172.78,-13.52],[-172.78,-13.53],[-172.78,-13.54],[-172.77,-13.55],[-172.75,-13.57],[-172.75,-13.58],[-172.69,-13.63],[-172.59,-13.74],[-172.57,-13.77],[-172.53,-13.8],[-172.52,-13.81],[-172.51,-13.81],[-172.49,-13.81],[-172.48,-13.81],[-172.39,-13.79],[-172.26,-13.8],[-172.26,-13.81],[-172.25,-13.81],[-172.23,-13.81],[-172.21,-13.81],[-172.17,-13.69],[-172.17,-13.68],[-172.19,-13.61],[-172.2,-13.59],[-172.22,-13.56]]]]},"properties":{"NAME":"Tuʻi Tonga Empire","SUBJECTO":"Tuʻi Tonga Empire","BORDERPRECISION":1}}
]}