{"type":"FeatureCollection", "features": [
{"type":"Feature","geometry":{"type":"Polygon","coordinates":[[[5.82,49.51],[6.43,49.45],[6.11,50.12],[5.82,49.51]]]},"properties":{"NAME":"Luxembourg","SUBJECTO":"Luxembourg","BORDERPRECISION":3}},
{"type":"Feature","geometry":{"type":"MultiPolygon","coordinates":[[[[18.51,42.36],[19.61,41.76],[19.37,40.26],[21.23,37.9],[22.64,37.49],[23.56,38.35],[22.6,40.4],[23.89,40.73],[28.83,40.91],[27.5,42.52],[28.69,44.49],[30.43,46.18],[28.91,47.82],[26.16,48.94],[26.19,46.81],[24.94,45.96],[22.48,45.73],[22.13,44.51],[19.01,45.46],[15.76,44.79],[17.55,42.92],[17.65,42.86],[18.51,42.36]]],[[[50.97,24.44],[49.94,25.96],[50.12,26.74],[48.86,27.52],[48.55,29.99],[47.79,31.8],[45.51,33.8],[46.18,35.06],[44.21,37.87],[43.85,40.75],[42.88,41.55],[41.48,41.44],[40.36,40.96],[36.38,41.24],[33.56,41.98],[30.74,41.04],[26.13,39.88],[27.16,37.36],[30.47,36.19],[31.37,36.71],[33.17,35.97],[34.49,36.63],[35.71,36.21],[35.87,34.42],[34.15,31.21],[34.94,29.42],[34.89,28.36],[37.22,25.17],[39.1,22.4],[39.17,21.22],[40.82,19.68],[41.92,20.77],[41.81,21.71],[41.07,22.26],[40.65,24.15],[38.81,24.84],[36.59,29.79],[36.52,31.16],[37.21,33.57],[38.04,34.6],[40.03,34.39],[44.08,30.34],[46.91,29.44],[48.47,26.7],[49.4,26.08],[49.7,24.41],[50.57,23.85],[50.97,24.44]]]]},"properties":{"NAME":"Ottoman Empire","SUBJECTO":"Ottoman Empire","BORDERPRECISION":3}},
{"type":"Feature","geometry":{"type":"Polygon","coordinates":[[[91.61,27.64],[89.37,27.88],[88.8,27.18],[88.87,26.91],[91.16,26.75],[91.61,27.64]]]},"properties":{"NAME":"Bhutan","SUBJECTO":"Bhutan","BORDERPRECISION":3}},
{"type":"Feature","geometry":{"type":"MultiPolygon","coordinates":[[[[-71.68,18],[-68.66,18.87],[-70.88,19.93],[-71.78,19.77],[-71.68,18]]],[[[-82.18,22.37],[-77.29,20.7],[-77.46,19.87],[-75.52,19.91],[-75.6,21.01],[-77.34,21.51],[-79.76,22.76],[-81.43,23.14],[-82.18,22.37]]]]},"properties":{"NAME":"Spain","SUBJECTO":"Spain","BORDERPRECISION":3}},
{"type":"Feature","geometry":{"type":"Polygon","coordinates":[[[-71.78,19.77],[-72.75,18.51],[-71.68,18],[-71.78,19.77]]]},"properties":{"NAME":"Haiti","SUBJECTO":"Haiti","BORDERPRECISION":3}},
{"type":"Feature","geometry":{"type":"MultiPolygon","coordinates":[[[[-88.32,18.49],[-89.15,17.83],[-88.94,15.9],[-88.44,16.44],[-88.32,18.49]]],[[[-83.3,14.61],[-83.86,14.18],[-83.9,11.89],[-83.3,14.61]]]]},"properties":{"NAME":"United Kingdom","SUBJECTO":"United Kingdom","BORDERPRECISION":3}},
{"type":"Feature","geometry":{"type":"MultiPolygon","coordinates":[[[[120.36,14.53],[122.4,17.11],[122.03,18.01],[120.39,18.04],[119.77,15.47],[120.36,14.53]]],[[[126.05,6.61],[125.93,9.17],[123.46,7.79],[124.22,6.09],[126.05,6.61]]]]},"properties":{"NAME":"Philippines","SUBJECTO":"Philippines","BORDERPRECISION":3}},
{"type":"Feature","geometry":{"type":"Polygon","coordinates":[[[80.56,5.93],[81.87,7.08],[80.66,9.3],[79.67,8.8],[79.85,7.06],[80.56,5.93]]]},"properties":{"NAME":"Ceylon","SUBJECTO":"Ceylon","BORDERPRECISION":3}},
{"type":"Feature","geometry":{"type":"MultiPolygon","coordinates":[[[[175.31,-37.32],[174.65,-38.98],[176.01,-41.26],[178.41,-38.77],[175.31,-37.32]]],[[[172.06,-43.92],[174.23,-42.01],[173.26,-41.54],[171.46,-41.99],[171.02,-42.89],[168.42,-44.22],[166.52,-46.23],[169.4,-46.71],[170.61,-45.95],[172.06,-43.92]]]]},"properties":{"NAME":"Maori","SUBJECTO":"Maori","BORDERPRECISION":3}},
{"type":"Feature","geometry":{"type":"MultiPolygon","coordinates":[[[[-6.34,53.94],[-6.02,55.09],[-8.35,55.1],[-9.89,52.19],[-6.41,52.21],[-6.34,53.94]]],[[[0.08,53.39],[-2.74,55.96],[-2.15,57.57],[-5.76,57.62],[-5.63,55.94],[-3.58,54.92],[-2.91,53.27],[-4.32,53.09],[-3.52,50.62],[0.19,50.73],[1.69,52.31],[0.08,53.39]]]]},"properties":{"NAME":"United Kingdom of Great Britain and Ireland","SUBJECTO":"United Kingdom of Great Britain and Ireland","BORDERPRECISION":3}},
{"type":"Feature","geometry":{"type":"Polygon","coordinates":[[[-8.81,41.89],[-6.71,41.96],[-6.93,38.96],[-7.49,37.21],[-5.66,36.01],[-4.45,36.72],[-2.24,36.73],[0.17,38.74],[-0.39,39.43],[0.88,41.02],[3.09,42.37],[-0.61,42.73],[-1.91,43.31],[-7.64,43.72],[-9.27,43.05],[-8.81,41.89]]]},"properties":{"NAME":"Spain","SUBJECTO":"Spain","BORDERPRECISION":3}},
{"type":"Feature","geometry":{"type":"Polygon","coordinates":[[[-8.81,41.89],[-8.69,40.99],[-9.55,38.77],[-8.67,37.12],[-7.49,37.21],[-6.93,38.96],[-6.71,41.96],[-8.81,41.89]]]},"properties":{"NAME":"Portugal","SUBJECTO":"Portugal","BORDERPRECISION":3}},
{"type":"Feature","geometry":{"type":"Polygon","coordinates":[[[61.22,35.58],[60.54,32.99],[60.79,31.58],[61.78,30.91],[60.82,29.83],[62.37,29.38],[66.09,29.74],[66.47,30.84],[68.24,31.77],[69.05,31.63],[71.66,35.13],[72.37,36.72],[74.52,37],[74.73,37.21],[71.44,37.83],[67.86,36.85],[65.72,37.49],[64.54,36.34],[62.68,35.27],[61.22,35.58]]]},"properties":{"NAME":"Afghanistan","SUBJECTO":"Afghanistan","BORDERPRECISION":3}},
{"type":"Feature","geometry":{"type":"MultiPolygon","coordinates":[[[[100.16,6.34],[100.66,3.9],[101.34,2.78],[103.43,1.38],[103.34,4.81],[102.07,6.15],[100.16,6.34]]],[[[114.07,4.46],[112.76,3.01],[111.37,2.6],[110.82,1.24],[109.52,1.82],[110.55,0.73],[112.4,1.43],[113.68,1.15],[114.66,1.6],[115.71,4.16],[117.56,3.98],[119.04,5.17],[116.6,6.9],[114.96,4.88],[115.16,4.31],[114.43,4],[114.07,4.46]]]]},"properties":{"NAME":"Malaya","SUBJECTO":"Malaya","BORDERPRECISION":3}},
{"type":"Feature","geometry":{"type":"Polygon","coordinates":[[[81.02,30.25],[80.1,28.95],[80.91,28.49],[83.87,27.38],[86.78,26.47],[88.23,26.76],[88.2,27.88],[85.14,28.34],[81.66,30.45],[81.02,30.25]]]},"properties":{"NAME":"Nepal","SUBJECTO":"Nepal","BORDERPRECISION":3}},
{"type":"Feature","geometry":{"type":"Polygon","coordinates":[[[-61.11,10.82],[-61.81,10.72],[-61.21,10.12],[-61.11,10.82]]]},"properties":{"NAME":"Trinidad","SUBJECTO":"Trinidad","BORDERPRECISION":3}},
{"type":"Feature","geometry":{"type":"Polygon","coordinates":[[[114.96,4.88],[114.07,4.46],[114.43,4],[115.16,4.31],[114.96,4.88]]]},"properties":{"NAME":"Brunei","SUBJECTO":"Brunei","BORDERPRECISION":3}},
{"type":"Feature","geometry":{"type":"MultiPolygon","coordinates":[[[[-76.13,44.33],[-74.78,45.01],[-71.53,44.96],[-70.59,45.29],[-69.05,47.46],[-67.7,47.04],[-67.19,45.25],[-65.71,43.56],[-61.03,45.38],[-64.53,46.27],[-65.21,48.12],[-64.95,49.21],[-68.34,48.55],[-66.37,50.31],[-60.14,50.41],[-58.52,51.38],[-55.66,52.19],[-55.88,53.35],[-57.52,54.47],[-61.93,56.27],[-62.89,58.66],[-64.67,60.18],[-65.86,58.8],[-69.21,58.75],[-70.03,60.88],[-73.39,62.35],[-77.36,62.52],[-77.51,60.41],[-78.34,58.55],[-76.44,56.81],[-77.23,55.61],[-79.55,54.69],[-78.49,52.26],[-79.59,51.27],[-82.34,52.98],[-82.2,54.97],[-87.47,55.91],[-90,57.18],[-92.48,56.98],[-93.07,58.55],[-94.75,59.95],[-93.42,61.86],[-87.44,64.57],[-85.99,66.16],[-83.14,66.37],[-81.29,67.5],[-84.31,69.83],[-86.49,67.38],[-88.32,67.81],[-88.91,69.23],[-93.27,71.56],[-96.7,70.84],[-96.13,69.94],[-92.96,69.08],[-96.21,68.07],[-101.91,67.71],[-105.64,68.35],[-112.5,67.69],[-115.29,68.89],[-122.33,69.88],[-125.97,69.43],[-127.35,70.38],[-131.67,69.28],[-136.2,68.88],[-141.06,69.6],[-140.97,66.03],[-140.89,60.39],[-139.01,60.26],[-137.22,58.88],[-135.85,59.65],[-133.5,58.42],[-130,55.29],[-130,53.94],[-127.56,52.17],[-127.25,50.97],[-124.94,50.6],[-122.9,49.07],[-115.16,49.06],[-110.67,49.05],[-104.26,49.06],[-100.46,49.04],[-94.82,49.05],[-91.68,48.04],[-89.62,47.97],[-88.09,49],[-85.03,47.94],[-84.74,46.47],[-83.82,46.15],[-80.81,45.95],[-82.3,43.03],[-83.06,42.03],[-79.05,42.85],[-79.14,43.22],[-79.15,43.77],[-76.13,44.33]]],[[[-111.73,72.33],[-114.65,73.35],[-118.99,72.03],[-117.57,69.99],[-113.15,68.6],[-106.85,69.45],[-104.19,68.9],[-101.06,70.03],[-103.86,70.7],[-105.31,72.65],[-111.73,72.33]]],[[[-125.19,71.93],[-123.47,71.2],[-115.65,73.63],[-121.24,74.58],[-125.34,72.97],[-125.19,71.93]]],[[[-57.81,49.2],[-59.16,47.67],[-56.08,47.87],[-52.73,47.45],[-54.13,48.84],[-56.66,50.06],[-57.81,49.2]]],[[[-87.05,63.75],[-84.65,63.31],[-82.11,64.64],[-85.56,65.86],[-87.05,63.75]]],[[[-71.26,63.57],[-69.16,62.42],[-64.47,63.74],[-67.61,65.91],[-62.84,65.61],[-61.21,66.64],[-68.67,68.72],[-71.25,71.35],[-75.32,72.55],[-80.49,73.04],[-81.53,73.69],[-88.1,73.64],[-90,71.54],[-87.95,70.38],[-82.27,69.86],[-78.71,70.01],[-73.18,68.3],[-72.3,67.26],[-75.79,65.2],[-71.26,63.57]]],[[[-89.8,75.92],[-89.7,74.61],[-80.35,74.62],[-81.7,75.87],[-86.62,75.43],[-89.8,75.92]]],[[[-88.64,82.07],[-89.19,81.1],[-85.81,78.91],[-87.27,76.5],[-78.21,76.55],[-78.37,78.03],[-71.45,79.85],[-62.43,82.63],[-76.38,83.15],[-88.64,82.07]]],[[[-88.37,80.23],[-96.43,79.93],[-92.7,78.43],[-87,79.45],[-88.37,80.23]]]]},"properties":{"NAME":"Canada","SUBJECTO":"Canada","BORDERPRECISION":3}},
{"type":"Feature","geometry":{"type":"Polygon","coordinates":[[[5.82,49.51],[2.52,51.09],[0.03,49.33],[-1.89,49.53],[-3.95,47.9],[-1.08,46.01],[-1.91,43.31],[-0.61,42.73],[3.09,42.37],[4.08,43.49],[5.83,43.02],[7.4,43.76],[5.94,46.18],[7.51,47.6],[8.16,48.98],[6.95,49.2],[6.43,49.45],[5.82,49.51]]]},"properties":{"NAME":"France","SUBJECTO":"France","BORDERPRECISION":3}},
{"type":"Feature","geometry":{"type":"MultiPolygon","coordinates":[[[[14.08,42.63],[13.76,41.21],[15.67,40.09],[17.08,40.53],[14.08,42.63]]],[[[14.94,36.74],[15.39,38.21],[12.45,37.77],[14.94,36.74]]]]},"properties":{"NAME":"Kingdom of the Two Sicilies","SUBJECTO":"Kingdom of the Two Sicilies","BORDERPRECISION":3}},
{"type":"Feature","geometry":{"type":"Polygon","coordinates":[[[8.16,48.98],[8.31,49.55],[7.64,49.98],[6.95,49.2],[8.16,48.98]]]},"properties":{"NAME":"Palatinate","SUBJECTO":"Palatinate","BORDERPRECISION":3}},
{"type":"Feature","geometry":{"type":"Polygon","coordinates":[[[8.59,47.89],[8.68,47.97],[8.51,48.11],[8.59,47.89]]]},"properties":{"NAME":"Hohenzollern","SUBJECTO":"Hohenzollern","BORDERPRECISION":3}},
{"type":"Feature","geometry":{"type":"Polygon","coordinates":[[[7.51,47.6],[8.64,47.78],[8.59,47.89],[8.51,48.11],[9.64,49.29],[9.08,49.38],[8.31,49.55],[8.16,48.98],[7.51,47.6]]]},"properties":{"NAME":"Baden","SUBJECTO":"Baden","BORDERPRECISION":3}},
{"type":"Feature","geometry":{"type":"Polygon","coordinates":[[[15.01,51.06],[12.06,51.02],[11.84,50.33],[12.25,50.22],[15.01,51.06]]]},"properties":{"NAME":"Saxony","SUBJECTO":"Saxony","BORDERPRECISION":3}},
{"type":"Feature","geometry":{"type":"Polygon","coordinates":[[[9.91,50.5],[10.13,50.33],[10.23,50.49],[9.91,50.5]]]},"properties":{"NAME":"Prussia","SUBJECTO":"Prussia","BORDERPRECISION":3}},
{"type":"Feature","geometry":{"type":"Polygon","coordinates":[[[11.26,50.7],[11.34,50.51],[11.45,50.5],[11.43,50.65],[11.26,50.7]]]},"properties":{"NAME":"Prussia","SUBJECTO":"Prussia","BORDERPRECISION":3}},
{"type":"Feature","geometry":{"type":"MultiPolygon","coordinates":[[[[10.89,53.88],[10.72,53.61],[10.91,53.43],[10.96,53.9],[10.89,53.88]]],[[[12.84,52.94],[13.72,53.28],[13.26,53.57],[12.84,52.94]]]]},"properties":{"NAME":"Mecklenburg-Strelitz","SUBJECTO":"Mecklenburg-Strelitz","BORDERPRECISION":3}},
{"type":"Feature","geometry":{"type":"Polygon","coordinates":[[[8.31,49.55],[9.08,49.38],[8.82,50.23],[8.42,50.08],[7.74,50.14],[7.64,49.98],[8.31,49.55]]]},"properties":{"NAME":"Grand Duchy of Hesse","SUBJECTO":"Grand Duchy of Hesse","BORDERPRECISION":3}},
{"type":"Feature","geometry":{"type":"Polygon","coordinates":[[[8.42,50.08],[8.36,50.15],[8.4,50.27],[8.37,50.64],[8.17,50.8],[7.74,50.14],[8.42,50.08]]]},"properties":{"NAME":"Nassau","SUBJECTO":"Nassau","BORDERPRECISION":3}},
{"type":"Feature","geometry":{"type":"Polygon","coordinates":[[[8.4,50.27],[8.41,50.61],[8.37,50.64],[8.4,50.27]]]},"properties":{"NAME":"Wetzlar","SUBJECTO":"Wetzlar","BORDERPRECISION":3}},
{"type":"Feature","geometry":{"type":"Polygon","coordinates":[[[8.53,51.08],[8.71,50.95],[8.86,51.26],[8.53,51.08]]]},"properties":{"NAME":"Waldeck","SUBJECTO":"Waldeck","BORDERPRECISION":3}},
{"type":"Feature","geometry":{"type":"Polygon","coordinates":[[[8.83,52.16],[9.17,51.63],[9.19,51.8],[8.83,52.16]]]},"properties":{"NAME":"Lippe-Detmold","SUBJECTO":"Lippe-Detmold","BORDERPRECISION":3}},
{"type":"Feature","geometry":{"type":"Polygon","coordinates":[[[9.17,51.63],[9.16,51.54],[9.35,51.6],[10.15,51.64],[10.21,51.66],[9.19,51.8],[9.17,51.63]]]},"properties":{"NAME":"Brunswick","SUBJECTO":"Brunswick","BORDERPRECISION":3}},
{"type":"Feature","geometry":{"type":"Polygon","coordinates":[[[10.16,51.47],[10.47,51.49],[10.55,51.57],[10.18,51.6],[10.16,51.47]]]},"properties":{"NAME":"Brunswick","SUBJECTO":"Brunswick","BORDERPRECISION":3}},
{"type":"Feature","geometry":{"type":"Polygon","coordinates":[[[10.47,51.49],[10.77,51.44],[10.97,51.58],[10.55,51.57],[10.47,51.49]]]},"properties":{"NAME":"Anhalt","SUBJECTO":"Anhalt","BORDERPRECISION":3}},
{"type":"Feature","geometry":{"type":"Polygon","coordinates":[[[10.91,53.43],[11.08,52.97],[12.84,52.94],[13.26,53.57],[12.46,54.25],[10.96,53.9],[10.91,53.43]]]},"properties":{"NAME":"Mecklenburg-Schwerin","SUBJECTO":"Mecklenburg-Schwerin","BORDERPRECISION":3}},
{"type":"Feature","geometry":{"type":"Polygon","coordinates":[[[12.06,51.02],[9.93,51.1],[9.69,50.5],[10.87,49.96],[11.84,50.33],[12.06,51.02]],[[9.91,50.5],[10.23,50.49],[10.13,50.33],[9.91,50.5]],[[11.26,50.7],[11.43,50.65],[11.45,50.5],[11.34,50.51],[11.26,50.7]]]},"properties":{"NAME":"Thuringia","SUBJECTO":"Thuringia","BORDERPRECISION":3}},
{"type":"Feature","geometry":{"type":"Polygon","coordinates":[[[10.89,53.88],[10.88,53.88],[10.66,53.69],[10.72,53.61],[10.89,53.88]]]},"properties":{"NAME":"Lübeck","SUBJECTO":"Lübeck","BORDERPRECISION":3}},
{"type":"Feature","geometry":{"type":"Polygon","coordinates":[[[10.88,53.88],[10.77,53.93],[10.58,53.89],[10.66,53.69],[10.88,53.88]]]},"properties":{"NAME":"Oldenburg","SUBJECTO":"Oldenburg","BORDERPRECISION":3}},
{"type":"Feature","geometry":{"type":"Polygon","coordinates":[[[9.35,51.6],[9.65,51.31],[10.16,51.47],[10.18,51.6],[10.15,51.64],[9.35,51.6]]]},"properties":{"NAME":"Hanover","SUBJECTO":"Hanover","BORDERPRECISION":3}},
{"type":"Feature","geometry":{"type":"Polygon","coordinates":[[[8.36,50.15],[8.86,50.28],[8.41,50.61],[8.4,50.27],[8.36,50.15]]]},"properties":{"NAME":"Grand Duchy of Hesse","SUBJECTO":"Grand Duchy of Hesse","BORDERPRECISION":3}},
{"type":"Feature","geometry":{"type":"Polygon","coordinates":[[[8.82,50.23],[9.69,50.5],[9.93,51.1],[9.65,51.31],[9.35,51.6],[9.16,51.54],[8.86,51.26],[8.71,50.95],[8.53,51.08],[8.17,50.8],[8.37,50.64],[8.41,50.61],[8.86,50.28],[8.36,50.15],[8.42,50.08],[8.82,50.23]]]},"properties":{"NAME":"Electoral Hesse","SUBJECTO":"Electoral Hesse","BORDERPRECISION":3}},
{"type":"Feature","geometry":{"type":"Polygon","coordinates":[[[7.88,53.63],[8.66,53.03],[8.56,53.16],[8.5,53.45],[7.88,53.63]]]},"properties":{"NAME":"Oldenburg","SUBJECTO":"Oldenburg","BORDERPRECISION":3}},
{"type":"Feature","geometry":{"type":"Polygon","coordinates":[[[8.66,53.03],[8.74,53.09],[8.56,53.16],[8.66,53.03]]]},"properties":{"NAME":"Bremen","SUBJECTO":"Bremen","BORDERPRECISION":3}},
{"type":"Feature","geometry":{"type":"Polygon","coordinates":[[[8.52,53.76],[8.56,53.75],[8.59,53.79],[8.52,53.76]]]},"properties":{"NAME":"Cuxhaven","SUBJECTO":"Cuxhaven","BORDERPRECISION":3}},
{"type":"Feature","geometry":{"type":"Polygon","coordinates":[[[8.88,54.23],[10.14,54.34],[9.5,54.94],[8.62,54.89],[8.88,54.23]]]},"properties":{"NAME":"Schleswig","SUBJECTO":"Schleswig","BORDERPRECISION":3}},
{"type":"Feature","geometry":{"type":"Polygon","coordinates":[[[10.72,53.61],[10.66,53.69],[10.58,53.89],[9.94,53.6],[10.02,53.45],[9.75,53.5],[9.13,53.79],[8.59,53.79],[8.56,53.75],[8.52,53.76],[8.5,53.45],[8.56,53.16],[8.74,53.09],[8.66,53.03],[7.88,53.63],[7.16,53.16],[7.07,52.27],[8.79,52.37],[8.85,52.19],[8.83,52.16],[9.19,51.8],[10.21,51.66],[11.08,52.97],[10.91,53.43],[10.72,53.61]]]},"properties":{"NAME":"Hanover","SUBJECTO":"Hanover","BORDERPRECISION":3}},
{"type":"Feature","geometry":{"type":"Polygon","coordinates":[[[10.77,53.93],[10.14,54.34],[8.88,54.23],[9.13,53.79],[9.75,53.5],[9.94,53.6],[10.58,53.89],[10.77,53.93]]]},"properties":{"NAME":"Holstein","SUBJECTO":"Holstein","BORDERPRECISION":3}},
{"type":"Feature","geometry":{"type":"Polygon","coordinates":[[[9.94,53.6],[9.75,53.5],[10.02,53.45],[9.94,53.6]]]},"properties":{"NAME":"Hamburg","SUBJECTO":"Hamburg","BORDERPRECISION":3}},
{"type":"Feature","geometry":{"type":"Polygon","coordinates":[[[11.06,51.56],[11.8,51.56],[12.16,51.84],[11.93,52.09],[11.06,51.56]]]},"properties":{"NAME":"Anhalt","SUBJECTO":"Anhalt","BORDERPRECISION":3}},
{"type":"Feature","geometry":{"type":"Polygon","coordinates":[[[8.79,52.37],[8.77,52.24],[8.85,52.19],[8.79,52.37]]]},"properties":{"NAME":"Schaumburg-Lippe","SUBJECTO":"Schaumburg-Lippe","BORDERPRECISION":3}},
{"type":"Feature","geometry":{"type":"Polygon","coordinates":[[[6.43,49.45],[6.95,49.2],[7.64,49.98],[7.74,50.14],[8.17,50.8],[8.53,51.08],[8.86,51.26],[9.16,51.54],[9.17,51.63],[8.83,52.16],[8.85,52.19],[8.77,52.24],[8.79,52.37],[7.07,52.27],[6.01,50.76],[6.11,50.12],[6.43,49.45]]]},"properties":{"NAME":"Prussia","SUBJECTO":"Prussia","BORDERPRECISION":3}},
{"type":"Feature","geometry":{"type":"Polygon","coordinates":[[[-1.08,32.45],[0.87,31.99],[6.27,31.87],[8.02,33.02],[8.64,36.89],[1.06,36.46],[-2.19,35.05],[-1.08,32.45]]]},"properties":{"NAME":"Algiers","SUBJECTO":"Algiers","BORDERPRECISION":3}},
{"type":"Feature","geometry":{"type":"Polygon","coordinates":[[[8.02,33.02],[10.41,33.63],[11.13,35.24],[10.13,37.1],[8.64,36.89],[8.02,33.02]]]},"properties":{"NAME":"Tunis","SUBJECTO":"Tunis","BORDERPRECISION":3}},
{"type":"Feature","geometry":{"type":"Polygon","coordinates":[[[34.46,9.75],[38.94,9.72],[39.46,10.37],[39,14.43],[37.72,14.8],[36.48,14.27],[35.1,11.79],[34.46,9.75]]]},"properties":{"NAME":"Ethiopia","SUBJECTO":"Ethiopia","BORDERPRECISION":3}},
{"type":"Feature","geometry":{"type":"Polygon","coordinates":[[[23.16,-9.95],[24.91,-9.72],[25.42,-8.52],[23.9,-7.74],[23.16,-8.57],[23.16,-9.95]]]},"properties":{"NAME":"Lunda","SUBJECTO":"Lunda","BORDERPRECISION":3}},
{"type":"Feature","geometry":{"type":"Polygon","coordinates":[[[18.9,-9.94],[19.36,-10.9],[20.06,-10.42],[19.84,-9.71],[18.9,-9.94]]]},"properties":{"NAME":"Imbangala","SUBJECTO":"Imbangala","BORDERPRECISION":3}},
{"type":"Feature","geometry":{"type":"Polygon","coordinates":[[[16.84,14.37],[15.15,14.4],[14.53,13.78],[12.73,14.49],[11.6,14.06],[12.5,12.22],[15.81,11.98],[16.84,14.33],[16.84,14.37]]]},"properties":{"NAME":"Bornu-Kanem","SUBJECTO":"Bornu-Kanem","BORDERPRECISION":3}},
{"type":"Feature","geometry":{"type":"Polygon","coordinates":[[[11.6,14.06],[7.16,16.04],[2.5,15.45],[1.46,13.67],[2.72,9.6],[4.72,7.68],[8.86,8.2],[12.19,7.31],[13.67,8.27],[13,9.83],[12.5,12.22],[11.6,14.06]]]},"properties":{"NAME":"Fulani Empire","SUBJECTO":"Fulani Empire","BORDERPRECISION":3}},
{"type":"Feature","geometry":{"type":"Polygon","coordinates":[[[-13.16,8.85],[-13.21,8.35],[-11.47,6.84],[-11.46,8.63],[-13.16,8.85]]]},"properties":{"NAME":"Sierra Leone","SUBJECTO":"Sierra Leone","BORDERPRECISION":3}},
{"type":"Feature","geometry":{"type":"Polygon","coordinates":[[[34.15,31.21],[32.08,31.01],[31,31.47],[29.25,30.75],[25.26,31.44],[26,30.71],[29.43,22.66],[31.64,21.28],[32.66,21],[35.25,21.37],[36.8,21.91],[35.75,22.91],[33.93,26.56],[34.94,29.42],[34.15,31.21]]]},"properties":{"NAME":"Egypt","SUBJECTO":"Egypt","BORDERPRECISION":3}},
{"type":"Feature","geometry":{"type":"Polygon","coordinates":[[[12.12,32.88],[14.72,30.25],[15.65,30.52],[18.89,30.22],[15.84,31.29],[15.01,32.36],[12.12,32.88]]]},"properties":{"NAME":"Tripolitania","SUBJECTO":"Tripolitania","BORDERPRECISION":3}},
{"type":"Feature","geometry":{"type":"Polygon","coordinates":[[[19.32,30.26],[20.36,30.34],[23.74,32.06],[21.67,32.82],[20.37,32.3],[19.32,30.26]]]},"properties":{"NAME":"Cyrenaica","SUBJECTO":"Cyrenaica","BORDERPRECISION":3}},
{"type":"Feature","geometry":{"type":"Polygon","coordinates":[[[56.28,25.46],[56.11,24.3],[57.62,22.16],[57.24,20.81],[57.84,19.03],[59.84,22.28],[58.63,23.46],[57.15,23.98],[56.28,25.46]]]},"properties":{"NAME":"Oman","SUBJECTO":"Oman","BORDERPRECISION":3}},
{"type":"Feature","geometry":{"type":"Polygon","coordinates":[[[49.7,24.41],[46.99,25.58],[43.9,25.95],[42.42,25.09],[41.8,23.11],[41.81,21.71],[41.92,20.77],[43.6,20.06],[45.37,18.61],[51.76,19.95],[53.37,20.76],[53.05,22.16],[51.65,22.59],[50.57,23.85],[49.7,24.41]]]},"properties":{"NAME":"Nejd","SUBJECTO":"Nejd","BORDERPRECISION":3}},
{"type":"Feature","geometry":{"type":"Polygon","coordinates":[[[46.88,13.47],[46.34,14.1],[44.51,14.1],[43.49,16.62],[42.76,16.65],[42.8,15.47],[43.84,12.66],[46.88,13.47]]]},"properties":{"NAME":"Yemen","SUBJECTO":"Yemen","BORDERPRECISION":3}},
{"type":"Feature","geometry":{"type":"Polygon","coordinates":[[[48.55,29.99],[50.13,30.07],[51.35,28.04],[54.65,26.39],[56.79,26.97],[57.25,25.79],[61.34,25.03],[66.62,25.32],[66.7,24.75],[67.77,25.81],[67.66,27.85],[69.27,28.39],[69.05,31.63],[68.24,31.77],[66.47,30.84],[66.09,29.74],[62.37,29.38],[60.82,29.83],[61.78,30.91],[60.79,31.58],[60.54,32.99],[61.22,35.58],[59.24,37.45],[57.23,38.19],[55.36,38.04],[54.02,37.35],[53.8,36.68],[51.8,36.43],[48.84,37.51],[49.81,40.58],[47.57,43.01],[47.49,43.58],[47.35,41.44],[44.98,42.77],[42.88,41.55],[43.85,40.75],[44.21,37.87],[46.18,35.06],[45.51,33.8],[47.79,31.8],[48.55,29.99]]]},"properties":{"NAME":"Persia","SUBJECTO":"Persia","BORDERPRECISION":3}},
{"type":"Feature","geometry":{"type":"Polygon","coordinates":[[[103.62,14.41],[102.94,14.15],[102.36,13.51],[102.75,12.4],[102.61,12.1],[102.53,12.15],[103.04,10.9],[104.39,10.31],[106.09,11.01],[107.38,12.35],[107.39,14.56],[106.84,14.32],[106.51,14.54],[106.05,14.39],[106.14,14.09],[106.13,13.96],[105.86,13.97],[105.13,14.22],[104.36,14.33],[103.62,14.41]]]},"properties":{"NAME":"Cambodia","SUBJECTO":"Cambodia","BORDERPRECISION":3}},
{"type":"Feature","geometry":{"type":"Polygon","coordinates":[[[104.39,10.31],[104.74,8.49],[106.48,9.55],[106.7,10.45],[106.09,11.01],[104.39,10.31]]]},"properties":{"NAME":"Cochin China","SUBJECTO":"Cochin China","BORDERPRECISION":3}},
{"type":"Feature","geometry":{"type":"Polygon","coordinates":[[[106.09,11.01],[106.7,10.45],[107.41,10.37],[109.07,11.64],[109.31,12.91],[108.24,16.08],[106.43,17.55],[105.53,18.84],[106.81,20.91],[107.88,21.46],[107.1,21.65],[105.31,23.3],[104.48,22.78],[101.97,22.53],[102.99,20.94],[104.72,20.2],[104.81,18.72],[107.11,16.17],[107.39,14.56],[107.38,12.35],[106.09,11.01]]]},"properties":{"NAME":"Annam","SUBJECTO":"Annam","BORDERPRECISION":3}},
{"type":"Feature","geometry":{"type":"Polygon","coordinates":[[[47.39,11.16],[46.72,8.43],[45.36,6.85],[45.25,5.8],[45.94,3.5],[46.23,2.55],[48.47,5.2],[50.78,9.37],[51.18,11.78],[49.3,11.25],[47.39,11.16]]]},"properties":{"NAME":"Somalia","SUBJECTO":"Somalia","BORDERPRECISION":3}},
{"type":"Feature","geometry":{"type":"Polygon","coordinates":[[[45.94,3.5],[43.89,2.03],[41.05,-0.6],[38.75,-3.95],[38.22,-6.16],[38.9,-10.77],[40.52,-10.55],[39.66,-9.8],[38.92,-6.34],[39.27,-4.78],[40.23,-3.19],[43.72,0.8],[46.23,2.55],[45.94,3.5]]]},"properties":{"NAME":"Zanzibar","SUBJECTO":"Zanzibar","BORDERPRECISION":3}},
{"type":"Feature","geometry":{"type":"Polygon","coordinates":[[[38.9,-10.77],[39.53,-12.24],[39.64,-15.29],[35.55,-16.97],[34.29,-15.92],[33.34,-15.71],[34.81,-17.6],[33.97,-18.96],[34.5,-23.26],[35.3,-23.83],[34.73,-19.86],[37.28,-17.71],[39.47,-16.72],[40.39,-15.74],[40.6,-14.4],[40.31,-11.34],[40.52,-10.55],[38.9,-10.77]]]},"properties":{"NAME":"Portuguese East Africa","SUBJECTO":"Portuguese East Africa","BORDERPRECISION":3}},
{"type":"Feature","geometry":{"type":"Polygon","coordinates":[[[77.49,41.06],[80.11,42],[80.77,43.38],[80.24,45.12],[82.44,45.74],[83.25,47.29],[85.48,47.09],[86.78,48.99],[90,50.31],[94.21,51.32],[93.57,52.35],[91.12,52.48],[84.44,50.55],[81.48,50.29],[78.65,50.81],[77.06,52.23],[75.46,51.66],[71.88,51.74],[66.53,50.64],[72.95,45.03],[76.74,43.36],[74.89,42.69],[77.49,41.06]]]},"properties":{"NAME":"central Asian khanates","SUBJECTO":"central Asian khanates","BORDERPRECISION":3}},
{"type":"Feature","geometry":{"type":"Polygon","coordinates":[[[91.61,27.64],[94.57,29.2],[97.34,28.18],[98.64,27.48],[98.73,26.34],[97.52,24.8],[97.7,23.88],[98.77,24.09],[99.16,22.31],[100.32,21.46],[101.75,21.47],[101.97,22.53],[104.48,22.78],[105.31,23.3],[107.1,21.65],[107.88,21.46],[110.08,20.87],[112.75,21.76],[113.72,22.48],[116.34,22.91],[118.81,24.85],[119.43,26.59],[121.36,28.39],[121.77,29.83],[121.61,31.83],[120.66,32.54],[119.97,34.14],[119.02,34.69],[120.14,36.19],[121.85,36.86],[120.66,37.74],[119.6,37.12],[117.59,38.28],[121.01,40.85],[124.13,39.84],[126.47,41.65],[128.1,41.45],[130.23,42.65],[131.14,43.23],[130.99,44.82],[132.78,44.99],[134.17,47.33],[134.11,48.25],[130.92,47.73],[130.48,48.9],[127.71,49.7],[125.51,53.16],[121.19,53.32],[119.18,50.7],[117.49,49.59],[114.1,50.27],[112.52,49.46],[109.42,49.3],[106.32,50.42],[103.68,50.17],[102.12,51.36],[97.61,52.15],[95.19,53.8],[93.57,52.35],[94.21,51.32],[90,50.31],[86.78,48.99],[85.48,47.09],[83.25,47.29],[82.44,45.74],[80.24,45.12],[80.77,43.38],[80.11,42],[77.49,41.06],[73.83,39.78],[74.73,37.21],[74.52,37],[77.85,35.24],[78.62,33.5],[79.57,32.7],[79.11,31.46],[81.02,30.25],[81.66,30.45],[85.14,28.34],[88.2,27.88],[88.8,27.18],[89.37,27.88],[91.61,27.64]]]},"properties":{"NAME":"Manchu Empire","SUBJECTO":"Manchu Empire","BORDERPRECISION":3}},
{"type":"Feature","geometry":{"type":"Polygon","coordinates":[[[-2.19,35.05],[-4.59,35.15],[-5.93,35.73],[-7,33.87],[-9.22,32.58],[-9.81,31.29],[-9.66,29.95],[-10.34,29.15],[-8.28,28.78],[-4.95,28.86],[-1.71,28.39],[-1.71,30.06],[-1.08,32.45],[-2.19,35.05]]]},"properties":{"NAME":"Morocco","SUBJECTO":"Morocco","BORDERPRECISION":3}},
{"type":"Feature","geometry":{"type":"MultiPolygon","coordinates":[[[[-50.48,-1.68],[-48.89,-1.42],[-48.4,-0.39],[-50.5,-0.26],[-50.48,-1.68]]],[[[-58.58,6.98],[-59.83,8.44],[-61.29,8.77],[-61.53,9.85],[-64.07,10.63],[-64.88,10.14],[-66.48,10.68],[-67.98,10.54],[-69.75,11.53],[-71.69,10.77],[-72.38,11.81],[-74.22,11.37],[-75.45,10.63],[-75.7,9.43],[-76.76,8.69],[-79.5,9.64],[-80.96,8.86],[-82.56,9.58],[-82.96,8.05],[-82.38,8.32],[-80.81,7.27],[-79.72,8.88],[-79.07,9.03],[-77.4,6.67],[-77.11,3.79],[-78.98,1.3],[-80.09,0.82],[-80.97,-1.03],[-80.23,-3.47],[-79.29,-5.01],[-77.34,-4.79],[-75.69,-5.06],[-73.59,-4.44],[-72.88,-3.39],[-69.9,-4.38],[-69.23,-3.48],[-66.66,-2.82],[-67.06,0.94],[-65.36,0.56],[-63.88,1.88],[-60.52,2.19],[-58.85,1.15],[-57.9,1.59],[-57.88,2.85],[-58.58,5],[-58.58,6.98]],[[-77.25,-2.76],[-78.39,-2.91],[-78.56,-2.13],[-77.85,-1.67],[-77.25,-2.76]]]]},"properties":{"NAME":"Vice-Royalty of New Granada","SUBJECTO":"Spain","BORDERPRECISION":3}},
{"type":"Feature","geometry":{"type":"Polygon","coordinates":[[[-57.9,1.59],[-54.86,2.48],[-53.98,3.36],[-54.37,4.69],[-53.84,5.69],[-56.75,6],[-58.58,6.98],[-58.58,5],[-57.88,2.85],[-57.9,1.59]]]},"properties":{"NAME":"Guiana","SUBJECTO":"Netherlands","BORDERPRECISION":3}},
{"type":"Feature","geometry":{"type":"Polygon","coordinates":[[[-69.9,-4.38],[-70.55,-4.27],[-72.77,-5.14],[-73.84,-7.58],[-72.92,-9.04],[-66.47,-9.91],[-65.31,-9.82],[-65.27,-11.37],[-64.26,-12.47],[-60.36,-13.9],[-60.03,-16.33],[-58.33,-16.37],[-57.6,-18.04],[-58.14,-19.81],[-55.13,-24.06],[-54.58,-25.74],[-53.62,-26.27],[-57.1,-29.89],[-55.87,-31.17],[-53.89,-32.05],[-53.41,-33.88],[-52.04,-31.56],[-48.94,-28.7],[-48.56,-27.68],[-48.72,-25.43],[-44.56,-22.99],[-41.96,-22.92],[-39.69,-19.41],[-38.95,-16],[-39.13,-14.32],[-37.19,-10.84],[-35.6,-9.63],[-34.89,-7.61],[-35.46,-5.27],[-37.18,-4.95],[-38.79,-3.6],[-40.23,-2.85],[-44.22,-2.78],[-44.8,-1.74],[-47.24,-0.68],[-48.04,-0.82],[-49.22,-2.11],[-50.64,-1.88],[-51.53,-0.43],[-49.88,1.21],[-50.69,2.22],[-51.21,4.07],[-53.84,5.69],[-54.37,4.69],[-53.98,3.36],[-54.86,2.48],[-57.9,1.59],[-58.85,1.15],[-60.52,2.19],[-63.88,1.88],[-65.36,0.56],[-67.06,0.94],[-66.66,-2.82],[-69.23,-3.48],[-69.9,-4.38]]]},"properties":{"NAME":"Viceroyalty of Brazil","SUBJECTO":"Portugal","BORDERPRECISION":3}},
{"type":"Feature","geometry":{"type":"Polygon","coordinates":[[[-58.14,-19.81],[-62.61,-22.16],[-61.24,-23.62],[-57.71,-25.34],[-58.07,-27.19],[-55.73,-27.45],[-54.58,-25.74],[-55.13,-24.06],[-58.14,-19.81]]]},"properties":{"NAME":"Paraguay","SUBJECTO":"Paraguay","BORDERPRECISION":3}},
{"type":"Feature","geometry":{"type":"Polygon","coordinates":[[[-80.23,-3.47],[-81.42,-4.68],[-80.61,-6.37],[-79.06,-8.22],[-76.24,-13.5],[-76.24,-14.11],[-74.05,-16.04],[-71.61,-17.22],[-70.21,-19.07],[-70.11,-21.75],[-70.57,-23.17],[-70.4,-25.25],[-71.43,-29.1],[-71.7,-30.85],[-71.62,-33.71],[-73.67,-37.5],[-73.19,-39.57],[-73.91,-40.84],[-72.59,-41.62],[-71.8,-41.57],[-71.1,-36.81],[-69.84,-33.76],[-70.5,-31.69],[-69.95,-29.36],[-68.25,-26.98],[-68.39,-24.6],[-67.26,-24.08],[-67.19,-22.98],[-66.15,-21.92],[-62.61,-22.16],[-58.14,-19.81],[-57.6,-18.04],[-58.33,-16.37],[-60.03,-16.33],[-60.36,-13.9],[-64.26,-12.47],[-65.27,-11.37],[-65.31,-9.82],[-66.47,-9.91],[-72.92,-9.04],[-73.84,-7.58],[-72.77,-5.14],[-70.55,-4.27],[-69.9,-4.38],[-72.88,-3.39],[-73.59,-4.44],[-75.69,-5.06],[-77.34,-4.79],[-79.29,-5.01],[-80.23,-3.47]]]},"properties":{"NAME":"Vice-Royalty of Peru","SUBJECTO":"Spain","BORDERPRECISION":3}},
{"type":"Feature","geometry":{"type":"Polygon","coordinates":[[[-54.58,-25.74],[-55.73,-27.45],[-58.07,-27.19],[-57.71,-25.34],[-61.24,-23.62],[-62.61,-22.16],[-66.15,-21.92],[-67.19,-22.98],[-67.26,-24.08],[-68.39,-24.6],[-68.25,-26.98],[-69.95,-29.36],[-70.5,-31.69],[-69.84,-33.76],[-71.1,-36.81],[-71.8,-41.57],[-70.75,-41],[-68.83,-39.73],[-64.21,-40.56],[-62.73,-41.05],[-62.29,-40.67],[-62.47,-40.37],[-62.07,-39.56],[-62.35,-39.33],[-57.81,-38.39],[-56.8,-36.54],[-57.29,-36.27],[-57.37,-36.15],[-57.23,-35.44],[-58.52,-34.59],[-54.62,-34.92],[-53.41,-33.88],[-53.89,-32.05],[-55.87,-31.17],[-57.1,-29.89],[-53.62,-26.27],[-54.58,-25.74]]]},"properties":{"NAME":"United Provinces of La Plata","SUBJECTO":"Spain","BORDERPRECISION":3}},
{"type":"Feature","geometry":{"type":"Polygon","coordinates":[[[92.51,22.11],[92.12,21],[94.05,19.06],[94.47,17.64],[95.36,18.04],[94.7,20.02],[93.32,21.73],[92.51,22.11]]]},"properties":{"NAME":"Arakan","SUBJECTO":"Arakan","BORDERPRECISION":3}},
{"type":"Feature","geometry":{"type":"Polygon","coordinates":[[[10.86,45.05],[10.66,45.81],[10.4,46.89],[8.64,46.12],[9.13,45.12],[10.39,45.03],[10.86,45.05]]]},"properties":{"NAME":"Lombardy","SUBJECTO":"Austrian Empire","BORDERPRECISION":3}},
{"type":"Feature","geometry":{"type":"Polygon","coordinates":[[[10.86,45.05],[11.17,45.07],[12.38,44.73],[13.8,45.57],[13.57,46.51],[10.66,45.81],[10.86,45.05]]]},"properties":{"NAME":"Venetia","SUBJECTO":"Austrian Empire","BORDERPRECISION":3}},
{"type":"Feature","geometry":{"type":"Polygon","coordinates":[[[9.13,45.12],[9.57,44.44],[9.98,44.41],[10.06,44.38],[10.13,44.36],[10.39,45.03],[9.13,45.12]]]},"properties":{"NAME":"Parma","SUBJECTO":"Austrian Empire","BORDERPRECISION":3}},
{"type":"Feature","geometry":{"type":"Polygon","coordinates":[[[7.4,43.76],[9.83,44.15],[9.88,44.29],[9.57,44.44],[9.13,45.12],[8.64,46.12],[6.81,46.39],[6.38,46.34],[5.94,46.18],[7.4,43.76]]]},"properties":{"NAME":"Kingdom of Sardinia","SUBJECTO":"Kingdom of Sardinia","BORDERPRECISION":3}},
{"type":"Feature","geometry":{"type":"Polygon","coordinates":[[[14.08,42.63],[12.38,44.73],[11.17,45.07],[11.2,44.14],[12.3,43.28],[11.96,42.01],[13.76,41.21],[14.08,42.63]],[[12.4,43.96],[12.5,43.99],[12.49,43.9],[12.4,43.96]]]},"properties":{"NAME":"Papal States","SUBJECTO":"Papal States","BORDERPRECISION":3}},
{"type":"Feature","geometry":{"type":"Polygon","coordinates":[[[9.57,44.44],[9.88,44.29],[9.98,44.41],[9.57,44.44]]]},"properties":{"NAME":"Pontremoli","SUBJECTO":"Pontremoli","BORDERPRECISION":3}},
{"type":"Feature","geometry":{"type":"Polygon","coordinates":[[[10.06,44.38],[10.04,44.29],[10.14,44.22],[10.17,44.31],[10.13,44.36],[10.06,44.38]]]},"properties":{"NAME":"Fivizzano","SUBJECTO":"Fivizzano","BORDERPRECISION":3}},
{"type":"Feature","geometry":{"type":"Polygon","coordinates":[[[10.34,43.6],[10.69,44.09],[10.41,43.94],[10.26,43.75],[10.34,43.6]]]},"properties":{"NAME":"Lucca","SUBJECTO":"Lucca","BORDERPRECISION":3}},
{"type":"Feature","geometry":{"type":"Polygon","coordinates":[[[11.2,44.14],[10.69,44.09],[10.34,43.6],[11.96,42.01],[12.3,43.28],[11.2,44.14]]]},"properties":{"NAME":"Tuscany","SUBJECTO":"Tuscany","BORDERPRECISION":3}},
{"type":"Feature","geometry":{"type":"Polygon","coordinates":[[[10.39,45.03],[10.13,44.36],[10.17,44.31],[10.14,44.22],[10.04,44.29],[10.06,44.38],[9.98,44.41],[9.88,44.29],[9.83,44.15],[10.16,43.88],[10.41,43.94],[10.69,44.09],[11.2,44.14],[11.17,45.07],[10.86,45.05],[10.39,45.03]]]},"properties":{"NAME":"Modena","SUBJECTO":"Austrian Empire","BORDERPRECISION":3}},
{"type":"Feature","geometry":{"type":"Polygon","coordinates":[[[10.41,43.94],[10.16,43.88],[10.26,43.75],[10.41,43.94]]]},"properties":{"NAME":"Massa","SUBJECTO":"Massa","BORDERPRECISION":3}},
{"type":"Feature","geometry":{"type":"Polygon","coordinates":[[[9.64,49.29],[9.46,47.65],[9.67,47.56],[12.7,47.69],[13.95,48.66],[12.25,50.22],[11.84,50.33],[10.87,49.96],[9.69,50.5],[8.82,50.23],[9.08,49.38],[9.64,49.29]]]},"properties":{"NAME":"Bavaria","SUBJECTO":"Bavaria","BORDERPRECISION":3}},
{"type":"Feature","geometry":{"type":"Polygon","coordinates":[[[8.59,47.89],[8.64,47.78],[8.98,47.68],[9.12,47.68],[9.22,47.67],[9.46,47.65],[9.64,49.29],[8.51,48.11],[8.68,47.97],[8.59,47.89]]]},"properties":{"NAME":"Württemberg","SUBJECTO":"Württemberg","BORDERPRECISION":3}},
{"type":"Feature","geometry":{"type":"Polygon","coordinates":[[[91.16,26.75],[91.57,24.35],[92.05,23.69],[94.18,23.94],[95.18,26.56],[97.34,28.18],[94.57,29.2],[91.61,27.64],[91.16,26.75]]]},"properties":{"NAME":"Assam","SUBJECTO":"Assam","BORDERPRECISION":3}},
{"type":"Feature","geometry":{"type":"Polygon","coordinates":[[[97.34,28.18],[95.18,26.56],[94.18,23.94],[92.05,23.69],[92.51,22.11],[93.32,21.73],[94.7,20.02],[95.36,18.04],[94.47,17.64],[94.14,16.01],[95.33,15.68],[96.47,16.51],[97.57,16.45],[97.82,14.62],[98.49,13.11],[98.59,10.12],[99.58,11.89],[99,13.89],[98.14,15.19],[98.82,16.32],[97.27,18.5],[97.37,20.78],[98.2,21.61],[97.7,23.88],[97.52,24.8],[98.73,26.34],[98.64,27.48],[97.34,28.18]]]},"properties":{"NAME":"Burma","SUBJECTO":"Burma","BORDERPRECISION":3}},
{"type":"Feature","geometry":{"type":"Polygon","coordinates":[[[88.8,27.18],[88.2,27.88],[88.23,26.76],[88.87,26.91],[88.8,27.18]]]},"properties":{"NAME":"Sikkim (Indian princely state)","SUBJECTO":"Sikkim (Indian princely state)","BORDERPRECISION":3}},
{"type":"Feature","geometry":{"type":"Polygon","coordinates":[[[80.91,28.49],[80.18,27.2],[80.52,26.11],[81.96,25.29],[83.33,25.9],[83.87,27.38],[80.91,28.49]]]},"properties":{"NAME":"Oudh","SUBJECTO":"Oudh","BORDERPRECISION":3}},
{"type":"Feature","geometry":{"type":"Polygon","coordinates":[[[75.24,14.15],[75,14.05],[75.56,12.51],[77.17,11.45],[78.79,12.77],[76.79,13.19],[75.24,14.15]]]},"properties":{"NAME":"Mysore (Indian princely state)","SUBJECTO":"Mysore (Indian princely state)","BORDERPRECISION":3}},
{"type":"Feature","geometry":{"type":"Polygon","coordinates":[[[76.29,9.98],[76.7,8.71],[77.85,8.23],[77.32,10.07],[76.29,9.98]]]},"properties":{"NAME":"Travancore","SUBJECTO":"Travancore","BORDERPRECISION":3}},
{"type":"Feature","geometry":{"type":"Polygon","coordinates":[[[88.87,26.91],[88.23,26.76],[86.78,26.47],[83.87,27.38],[83.33,25.9],[81.96,25.29],[80.52,26.11],[80.18,27.2],[80.91,28.49],[80.1,28.95],[77.68,30.37],[77.59,29.96],[77.07,28.45],[78.97,26.47],[82.34,24.18],[83.46,23.79],[84.76,22.15],[85.36,20.21],[84.15,19.51],[83.38,20.34],[82,20.25],[80.37,16.58],[76.94,15.43],[75.24,14.15],[76.79,13.19],[78.79,12.77],[77.17,11.45],[75.56,12.51],[75,14.05],[74.6,14.68],[74.42,14.38],[75.21,12.1],[76.29,9.98],[77.32,10.07],[77.85,8.23],[79.83,10.36],[80.22,12.83],[80.09,15.18],[81.37,16.35],[86.12,19.81],[87.64,21.56],[90,21.93],[91.41,22.72],[92.12,21],[92.51,22.11],[92.05,23.69],[91.57,24.35],[91.16,26.75],[88.87,26.91]]]},"properties":{"NAME":"British East India Company","SUBJECTO":"British East India Company","BORDERPRECISION":3}},
{"type":"Feature","geometry":{"type":"Polygon","coordinates":[[[74.6,14.68],[74.15,14.85],[74.42,14.38],[74.6,14.68]]]},"properties":{"NAME":"Goa","SUBJECTO":"Goa","BORDERPRECISION":3}},
{"type":"Feature","geometry":{"type":"Polygon","coordinates":[[[32,-1.28],[33.51,0.1],[33.19,1.75],[31.38,2.14],[30.64,1.21],[30.3,-0.76],[32,-1.28]]]},"properties":{"NAME":"Buganda","SUBJECTO":"Buganda","BORDERPRECISION":3}},
{"type":"Feature","geometry":{"type":"Polygon","coordinates":[[[31.38,2.14],[31.47,3.16],[29.73,3.74],[28.45,3.5],[27.74,2.13],[27.93,-0.81],[30.3,-0.76],[30.64,1.21],[31.38,2.14]]]},"properties":{"NAME":"Bunyoro","SUBJECTO":"Bunyoro","BORDERPRECISION":3}},
{"type":"Feature","geometry":{"type":"Polygon","coordinates":[[[30.3,-0.76],[27.93,-0.81],[26.98,-1.8],[27.88,-2.75],[31.91,-2.46],[32,-1.28],[30.3,-0.76]]]},"properties":{"NAME":"Nkore","SUBJECTO":"Nkore","BORDERPRECISION":3}},
{"type":"Feature","geometry":{"type":"Polygon","coordinates":[[[27.88,-2.75],[26.93,-3.55],[26.89,-5.92],[30.58,-6.01],[32.24,-5.35],[32.52,-4.12],[31.91,-2.46],[27.88,-2.75]]]},"properties":{"NAME":"Rwanda","SUBJECTO":"Rwanda","BORDERPRECISION":3}},
{"type":"Feature","geometry":{"type":"Polygon","coordinates":[[[26.89,-5.92],[26.74,-8.38],[27.31,-8.76],[32.24,-8.62],[32.66,-6.96],[32.24,-5.35],[30.58,-6.01],[26.89,-5.92]]]},"properties":{"NAME":"Burundi","SUBJECTO":"Burundi","BORDERPRECISION":3}},
{"type":"Feature","geometry":{"type":"Polygon","coordinates":[[[34.29,-15.92],[35.17,-15.58],[34.46,-11.6],[33.14,-11.32],[32.27,-13.89],[31.15,-14.3],[31.03,-15.72],[33.34,-15.71],[34.29,-15.92]]]},"properties":{"NAME":"Kazembe","SUBJECTO":"Kazembe","BORDERPRECISION":3}},
{"type":"Feature","geometry":{"type":"Polygon","coordinates":[[[29.55,-15.37],[28.78,-14.18],[26.65,-14.12],[24.58,-13.24],[23.22,-14.06],[23.39,-16.43],[22.8,-17.79],[23.57,-18.44],[25.76,-18.38],[27.83,-18.68],[29.19,-17.2],[29.55,-15.37]]]},"properties":{"NAME":"Lozi","SUBJECTO":"Lozi","BORDERPRECISION":3}},
{"type":"Feature","geometry":{"type":"Polygon","coordinates":[[[12.3,-14.56],[14.44,-12.64],[14.68,-11.76],[14.09,-7.71],[13.02,-7.61],[13.2,-9.64],[13.82,-10.98],[13.65,-12.2],[12.59,-13.46],[12.3,-14.56]]]},"properties":{"NAME":"Angola","SUBJECTO":"Angola","BORDERPRECISION":3}},
{"type":"Feature","geometry":{"type":"Polygon","coordinates":[[[14.09,-7.71],[14.99,-7.2],[14.58,-4.77],[12.37,-6.26],[13.02,-7.61],[14.09,-7.71]]]},"properties":{"NAME":"Congo","SUBJECTO":"Congo","BORDERPRECISION":3}},
{"type":"Feature","geometry":{"type":"Polygon","coordinates":[[[22.59,-34.13],[22.09,-33.36],[20.49,-33.12],[19.96,-31.88],[18.34,-32.34],[17.87,-32.99],[19.88,-34.99],[22.59,-34.13]]]},"properties":{"NAME":"Cape Colony","SUBJECTO":"Cape Colony","BORDERPRECISION":3}},
{"type":"Feature","geometry":{"type":"Polygon","coordinates":[[[22.59,-34.13],[24.43,-34.33],[25.62,-33.92],[25.63,-32.38],[24.52,-32.53],[21.44,-30.99],[20.08,-31.23],[17.43,-30.57],[18.34,-32.34],[19.96,-31.88],[20.49,-33.12],[22.09,-33.36],[22.59,-34.13]]]},"properties":{"NAME":"Dutch East Indies","SUBJECTO":"Netherlands","BORDERPRECISION":3}},
{"type":"Feature","geometry":{"type":"Polygon","coordinates":[[[25.62,-33.92],[26.66,-33.85],[29.09,-32.13],[28.43,-31.17],[25.63,-32.38],[25.62,-33.92]]]},"properties":{"NAME":"Xhosa","SUBJECTO":"Xhosa","BORDERPRECISION":3}},
{"type":"Feature","geometry":{"type":"Polygon","coordinates":[[[30.29,-30.92],[32.23,-28.74],[32.89,-26.72],[32.09,-26.26],[28.72,-28.45],[28.6,-29.27],[30.29,-30.92]]]},"properties":{"NAME":"Zulu","SUBJECTO":"Zulu","BORDERPRECISION":3}},
{"type":"Feature","geometry":{"type":"Polygon","coordinates":[[[32.89,-26.72],[32.94,-25.54],[32.09,-26.26],[32.89,-26.72]]]},"properties":{"NAME":"Delagoa Bay","SUBJECTO":"Delagoa Bay","BORDERPRECISION":3}},
{"type":"Feature","geometry":{"type":"Polygon","coordinates":[[[48.02,-18],[46.65,-17.73],[46.13,-20.66],[44.94,-22.38],[46.66,-23.27],[47.37,-21.02],[48.32,-20.07],[48.91,-18],[48.02,-18]]]},"properties":{"NAME":"Expansionist Kingdom of Merina","SUBJECTO":"Expansionist Kingdom of Merina","BORDERPRECISION":3}},
{"type":"Feature","geometry":{"type":"Polygon","coordinates":[[[-0.52,6.15],[-0.59,7.52],[-0.38,8.08],[-0.74,9],[-3.44,9],[-4.29,9.15],[-4.95,8.04],[-4.58,5.25],[-2.75,5.1],[-0.53,6.15],[-0.52,6.15]]]},"properties":{"NAME":"Asante","SUBJECTO":"Asante","BORDERPRECISION":3}},
{"type":"Feature","geometry":{"type":"Polygon","coordinates":[[[-0.52,6.15],[0.17,6.38],[1.76,6.25],[2.62,6.34],[2.15,8.12],[-0.38,8.08],[-0.59,7.52],[-0.52,6.15]]]},"properties":{"NAME":"Oyo","SUBJECTO":"Oyo","BORDERPRECISION":3}},
{"type":"Feature","geometry":{"type":"Polygon","coordinates":[[[-2.75,5.1],[-2.03,4.7],[1.76,6.25],[0.17,6.38],[-0.52,6.15],[-0.53,6.15],[-2.75,5.1]]]},"properties":{"NAME":"Fante","SUBJECTO":"Fante","BORDERPRECISION":3}},
{"type":"Feature","geometry":{"type":"Polygon","coordinates":[[[-0.74,9],[-0.15,12.85],[-0.66,15.22],[-1.18,15.74],[-3.33,15.51],[-3.99,13.66],[-3.99,11.44],[-3.44,9],[-0.74,9]]]},"properties":{"NAME":"Mossi States","SUBJECTO":"Mossi States","BORDERPRECISION":3}},
{"type":"Feature","geometry":{"type":"Polygon","coordinates":[[[7.18,4.53],[6.36,6.93],[5.38,5.61],[6.09,4.33],[7.18,4.53]]]},"properties":{"NAME":"Sotho","SUBJECTO":"Sotho","BORDERPRECISION":3}},
{"type":"Feature","geometry":{"type":"Polygon","coordinates":[[[-4.58,17.07],[-5.55,17.21],[-7.32,16.18],[-11.39,16.11],[-12.57,15.22],[-12.28,11.67],[-11.46,11.22],[-8.73,11.22],[-5.25,10.19],[-4.21,15.88],[-4.58,17.07]]]},"properties":{"NAME":"Kaarta","SUBJECTO":"Kaarta","BORDERPRECISION":3}},
{"type":"Feature","geometry":{"type":"Polygon","coordinates":[[[-16.87,14.36],[-16.05,15.07],[-16.45,16.12],[-16.87,14.36]]]},"properties":{"NAME":"Senegal","SUBJECTO":"Senegal","BORDERPRECISION":3}},
{"type":"Feature","geometry":{"type":"Polygon","coordinates":[[[-16.57,12.31],[-15.16,11.88],[-15.46,12.48],[-16.57,12.31]]]},"properties":{"NAME":"Portuguese Guinea","SUBJECTO":"Portuguese Guinea","BORDERPRECISION":3}},
{"type":"Feature","geometry":{"type":"Polygon","coordinates":[[[-61.69,17.02],[-61.79,17.16],[-61.89,17.03],[-61.69,17.02]]]},"properties":{"NAME":"Antigua and Barbuda","SUBJECTO":"Antigua and Barbuda","BORDERPRECISION":3}},
{"type":"Feature","geometry":{"type":"Polygon","coordinates":[[[-14.51,28.05],[-13.88,28.2],[-14.15,28.39],[-14.51,28.05]]]},"properties":{"NAME":"Guanches","SUBJECTO":"Guanches","BORDERPRECISION":3}},
{"type":"Feature","geometry":{"type":"Polygon","coordinates":[[[134.46,-33.29],[135.53,-35.05],[137.46,-33.31],[139.37,-35.61],[140.01,-37.64],[143.36,-38.97],[144.97,-38.07],[145.93,-38.88],[149.5,-37.93],[150.22,-35.69],[151.36,-33.52],[152.97,-31.42],[153.49,-28.84],[153.07,-26.23],[150.75,-22.81],[149.56,-22.43],[149.1,-21.06],[146.32,-19.08],[145.18,-15.05],[143.74,-14.47],[143.17,-12.12],[141.68,-12.47],[141.71,-15.23],[140.8,-17.56],[139.25,-17.43],[135.39,-14.9],[135.83,-13.48],[136.66,-12.62],[134.64,-12.06],[134.64,-12.11],[134.64,-12.44],[134.64,-12.48],[134.63,-13.24],[134.63,-13.93],[134.62,-14.51],[134.62,-15.03],[134.62,-15.14],[134.6,-17.13],[134.59,-17.96],[134.57,-20.25],[134.57,-20.48],[134.56,-21.94],[134.55,-22.55],[134.55,-23.02],[134.55,-23.24],[134.52,-26.28],[134.52,-26.55],[134.5,-28.92],[134.5,-29],[134.48,-30.83],[134.48,-30.94],[134.47,-32.74],[134.46,-33.29]]]},"properties":{"NAME":"New South Wales","SUBJECTO":"United Kingdom of Great Britain and Ireland","BORDERPRECISION":3}},
{"type":"Feature","geometry":{"type":"Polygon","coordinates":[[[-59.53,13.05],[-59.43,13.16],[-59.66,13.29],[-59.64,13.15],[-59.53,13.05]]]},"properties":{"NAME":"Barbados","SUBJECTO":"Barbados","BORDERPRECISION":3}},
{"type":"Feature","geometry":{"type":"Polygon","coordinates":[[[-61.36,15.2],[-61.26,15.29],[-61.3,15.57],[-61.47,15.49],[-61.36,15.2]]]},"properties":{"NAME":"Dominica","SUBJECTO":"Dominica","BORDERPRECISION":3}},
{"type":"Feature","geometry":{"type":"Polygon","coordinates":[[[-61.75,12],[-61.6,12.13],[-61.72,12.17],[-61.75,12]]]},"properties":{"NAME":"Grenada","SUBJECTO":"Grenada","BORDERPRECISION":3}},
{"type":"Feature","geometry":{"type":"Polygon","coordinates":[[[-60.86,14.4],[-60.83,14.57],[-61.03,14.83],[-61.23,14.81],[-61.03,14.47],[-60.86,14.4]]]},"properties":{"NAME":"Martinique","SUBJECTO":"Martinique","BORDERPRECISION":3}},
{"type":"Feature","geometry":{"type":"Polygon","coordinates":[[[-62.17,16.67],[-62.14,16.69],[-62.18,16.81],[-62.24,16.71],[-62.17,16.67]]]},"properties":{"NAME":"Montserrat","SUBJECTO":"Montserrat","BORDERPRECISION":3}},
{"type":"Feature","geometry":{"type":"Polygon","coordinates":[[[-63.17,18.16],[-62.99,18.23],[-63.06,18.26],[-63.17,18.16]]]},"properties":{"NAME":"Anguilla","SUBJECTO":"Anguilla","BORDERPRECISION":3}},
{"type":"Feature","geometry":{"type":"Polygon","coordinates":[[[-62.7,17.34],[-62.81,17.41],[-62.86,17.37],[-62.78,17.29],[-62.7,17.34]]]},"properties":{"NAME":"Saint Kitts and Nevis","SUBJECTO":"Saint Kitts and Nevis","BORDERPRECISION":3}},
{"type":"Feature","geometry":{"type":"Polygon","coordinates":[[[-60.95,13.71],[-60.88,13.96],[-61.08,13.9],[-60.95,13.71]]]},"properties":{"NAME":"Saint Lucia","SUBJECTO":"Saint Lucia","BORDERPRECISION":3}},
{"type":"Feature","geometry":{"type":"Polygon","coordinates":[[[-61.17,13.13],[-61.12,13.25],[-61.21,13.37],[-61.28,13.25],[-61.17,13.13]]]},"properties":{"NAME":"Saint Vincent and the Grenadines","SUBJECTO":"Saint Vincent and the Grenadines","BORDERPRECISION":3}},
{"type":"Feature","geometry":{"type":"Polygon","coordinates":[[[-61.35,16.33],[-61.5,16.35],[-61.79,16.24],[-61.7,15.95],[-61.55,16.05],[-61.58,16.2],[-61.35,16.33]]]},"properties":{"NAME":"Guadeloupe","SUBJECTO":"Guadeloupe","BORDERPRECISION":3}},
{"type":"Feature","geometry":{"type":"Polygon","coordinates":[[[-68.97,12.2],[-69.08,12.35],[-69.16,12.31],[-69.06,12.19],[-68.83,12.05],[-68.82,12.16],[-68.97,12.2]]]},"properties":{"NAME":"Netherlands Antilles","SUBJECTO":"Netherlands Antilles","BORDERPRECISION":3}},
{"type":"Feature","geometry":{"type":"Polygon","coordinates":[[[-63.01,18.07],[-63.05,18.12],[-63.14,18.06],[-63.01,18.07]]]},"properties":{"NAME":"Saint Martin","SUBJECTO":"Saint Martin","BORDERPRECISION":3}},
{"type":"Feature","geometry":{"type":"Polygon","coordinates":[[[-63.14,18.06],[-63.03,18.02],[-63.01,18.07],[-63.14,18.06]]]},"properties":{"NAME":"Saint Barthelemy","SUBJECTO":"Saint Barthelemy","BORDERPRECISION":3}},
{"type":"Feature","geometry":{"type":"Polygon","coordinates":[[[-88.32,18.49],[-87.2,21.53],[-90,21.16],[-90,19.38],[-94.24,18.24],[-96.01,18.93],[-97.5,21.19],[-97.82,24.21],[-97.26,25.81],[-97.63,27.23],[-96.83,28.16],[-94.06,29.7],[-93.75,31.17],[-94.25,33.54],[-97.33,33.7],[-100.2,34.54],[-100.24,37.71],[-104.1,37.55],[-107.48,38.19],[-110.21,38.35],[-110.21,42.05],[-118.92,42.05],[-124.31,42.05],[-124.36,40.33],[-123.8,39.03],[-121.93,37.01],[-120.53,34.51],[-118.6,34.1],[-117.5,33.33],[-115.6,29.69],[-114.07,28.42],[-114.48,27.24],[-112.41,26.19],[-112.17,25.01],[-110.8,24.88],[-112.87,28.33],[-114.68,30.14],[-114.84,31.82],[-113.05,31.14],[-111.69,28.5],[-109.13,26.29],[-105.54,22.28],[-104.95,19.44],[-103.49,18.35],[-97.88,16.05],[-96.33,15.75],[-94.08,16.11],[-91.52,14.06],[-87.95,13.17],[-86.01,11.37],[-85.78,10.14],[-83.61,9.15],[-82.96,8.05],[-82.56,9.58],[-83.91,11.25],[-83.9,11.89],[-83.86,14.18],[-83.3,14.61],[-84.65,15.93],[-88.94,15.9],[-89.15,17.83],[-88.32,18.49]]]},"properties":{"NAME":"Vice-Royalty of New Spain","SUBJECTO":"Spain","BORDERPRECISION":3}},
{"type":"Feature","geometry":{"type":"Polygon","coordinates":[[[-156.16,19.81],[-156.03,19.11],[-154.95,19.48],[-155.93,20.28],[-156.16,19.81]]]},"properties":{"NAME":"Kongldom of Hawaii","SUBJECTO":"Kongldom of Hawaii","BORDERPRECISION":3}},
{"type":"Feature","geometry":{"type":"Polygon","coordinates":[[[-77.25,-2.76],[-77.85,-1.67],[-78.56,-2.13],[-78.39,-2.91],[-77.25,-2.76]]]},"properties":{"NAME":"Shuar","SUBJECTO":"Shuar","BORDERPRECISION":3}},
{"type":"Feature","geometry":{"type":"Polygon","coordinates":[[[106.55,-3.18],[106.33,-2.57],[105.43,-1.71],[105.2,-2.11],[105.81,-2.38],[105.99,-2.89],[106.55,-3.18]]]},"properties":{"NAME":"Dutch East Indies","SUBJECTO":"Dutch East Indies","BORDERPRECISION":3}},
{"type":"Feature","geometry":{"type":"Polygon","coordinates":[[[142.41,-3.31],[137.85,-1.61],[136.27,-2.42],[135.25,-3.54],[134.28,-2.85],[133.91,-1.01],[132.25,-0.53],[131.21,-1.02],[132.72,-2.93],[132.71,-3.89],[134.04,-3.95],[137.82,-5.43],[139.16,-7.73],[140.95,-9.27],[142.61,-9.38],[144.38,-7.76],[145.82,-8.1],[147.87,-10.18],[148.59,-9.16],[146.91,-6.89],[147.38,-6.12],[143.45,-3.61],[142.41,-3.31]]]},"properties":{"NAME":"Papou","SUBJECTO":"Papu","BORDERPRECISION":3}},
{"type":"Feature","geometry":{"type":"Polygon","coordinates":[[[69.05,31.63],[69.27,28.39],[67.66,27.85],[67.77,25.81],[66.7,24.75],[68.79,23.03],[69.13,21.97],[71.02,20.66],[72.12,21.16],[72.76,20.06],[73.41,16.56],[74.15,14.85],[74.6,14.68],[75,14.05],[75.24,14.15],[76.94,15.43],[80.37,16.58],[82,20.25],[83.38,20.34],[84.15,19.51],[85.36,20.21],[84.76,22.15],[83.46,23.79],[82.34,24.18],[78.97,26.47],[77.07,28.45],[77.59,29.96],[77.68,30.37],[80.1,28.95],[81.02,30.25],[79.11,31.46],[79.57,32.7],[78.62,33.5],[77.85,35.24],[74.52,37],[72.37,36.72],[71.66,35.13],[69.05,31.63]]]},"properties":{"NAME":"Maratha Confederacy","SUBJECTO":"Maratha Confederacy","BORDERPRECISION":3}},
{"type":"Feature","geometry":{"type":"MultiPolygon","coordinates":[[[[-72.59,-41.62],[-72.61,-42],[-72.47,-42.03],[-72.53,-43.06],[-72.76,-44.37],[-72.58,-44.44],[-73.14,-45.34],[-73.05,-45.38],[-73.97,-46.71],[-74,-46.49],[-74.43,-46.53],[-74.04,-46.09],[-75.44,-46.63],[-75.02,-46.55],[-74.86,-46.82],[-73.98,-47.03],[-74.38,-47.42],[-74.3,-47.76],[-73.36,-47.97],[-73.96,-49.24],[-73.93,-49.99],[-73.93,-50.51],[-73.53,-50.43],[-74.21,-51.02],[-73.68,-51.23],[-73.78,-51.61],[-73.26,-51.71],[-73.11,-52.1],[-72.45,-52.16],[-72.21,-52.57],[-71.68,-52.64],[-72.75,-53.14],[-71.15,-52.96],[-71.44,-53.88],[-70.42,-52.67],[-69.9,-52.63],[-68.46,-52.42],[-69.08,-51.5],[-69.11,-51.35],[-71.17,-51.56],[-72.04,-48.77],[-72.19,-45.99],[-71.63,-43.2],[-70.75,-41],[-71.8,-41.57],[-72.59,-41.62]]],[[[-65.26,-54.82],[-68.71,-53.23],[-68.31,-52.94],[-70.33,-53.47],[-69.44,-53.41],[-70.04,-53.99],[-69.06,-54.6],[-70.5,-54.92],[-65.26,-54.82]]],[[[-73.7,-43.39],[-73.83,-42.56],[-73.46,-42.26],[-74.17,-42.35],[-74.24,-43.37],[-73.7,-43.39]]],[[[-72.84,-52.65],[-73.24,-52.57],[-73.08,-53.03],[-72.84,-52.65]]]]},"properties":{"NAME":"Patagonian shellfish and marine mammal hunters","SUBJECTO":"Patagonian shellfish and marine mammal hunters","BORDERPRECISION":3}},
{"type":"Feature","geometry":{"type":"Polygon","coordinates":[[[-70.75,-41],[-71.63,-43.2],[-72.19,-45.99],[-72.04,-48.77],[-71.17,-51.56],[-69.11,-51.35],[-69.04,-50.56],[-67.83,-49.97],[-67.58,-49.06],[-65.78,-47.71],[-67.47,-46.27],[-65.66,-44.94],[-65.63,-44.72],[-64.7,-43.2],[-65.09,-42.78],[-64.17,-42.65],[-64,-42.85],[-63.62,-42.57],[-64.12,-42.38],[-64.99,-42.19],[-64.92,-41.73],[-65.13,-41.24],[-62.73,-41.05],[-64.21,-40.56],[-68.83,-39.73],[-70.75,-41]]]},"properties":{"NAME":"Pampas cultures","SUBJECTO":"Pampas cultures","BORDERPRECISION":3}},
{"type":"Feature","geometry":{"type":"Polygon","coordinates":[[[8.7,39],[9.79,40.56],[8.24,40.86],[8.7,39]]]},"properties":{"NAME":"Kingdom of Sardinia","SUBJECTO":"Kingdom of Sardinia","BORDERPRECISION":3}},
{"type":"Feature","geometry":{"type":"Polygon","coordinates":[[[5.94,46.18],[6.38,46.34],[6.81,46.39],[8.64,46.12],[10.4,46.89],[9.54,47.49],[8.98,47.68],[8.64,47.78],[7.51,47.6],[5.94,46.18]]]},"properties":{"NAME":"Switzerland","SUBJECTO":"Switzerland","BORDERPRECISION":3}},
{"type":"Feature","geometry":{"type":"Polygon","coordinates":[[[119.92,-32.18],[120.41,-32.78],[120.46,-32.88],[120.53,-32.96],[120.54,-32.97],[120.58,-33.05],[120.71,-33.17],[121.4,-33.12],[122.75,-33.39],[122.8,-33.16],[122.83,-33.06],[122.83,-33.04],[122.91,-32.76],[122.93,-32.49],[122.92,-32.37],[123,-32.1],[123.11,-31.75],[123.19,-31.46],[123.38,-30.99],[123.25,-30.95],[121.22,-31.11],[120.96,-31.25],[120.7,-31.41],[120.42,-31.64],[120.17,-31.89],[119.92,-32.18]]]},"properties":{"NAME":"Kalaako/Malpa","SUBJECTO":"Kalaako/Malpa","BORDERPRECISION":3}},
{"type":"Feature","geometry":{"type":"Polygon","coordinates":[[[128.18,-15.25],[128.09,-15.36],[128.08,-15.36],[128.07,-15.42],[128.06,-15.44],[128.05,-15.45],[128.12,-15.52],[128.12,-15.56],[128.14,-15.56],[128.44,-15.49],[128.45,-15.33],[128.46,-15.25],[128.46,-15.24],[128.47,-15.17],[128.78,-15.08],[129.28,-15.29],[129.72,-15.29],[129.76,-15.27],[129.73,-15.23],[129.67,-15.15],[129.63,-15.28],[129.2,-14.99],[128.46,-14.89],[128.18,-15.25]]]},"properties":{"NAME":"Kadjerong","SUBJECTO":"Kadjerong","BORDERPRECISION":3}},
{"type":"Feature","geometry":{"type":"Polygon","coordinates":[[[125.94,-18.05],[125.93,-18.05],[125.74,-18.05],[125.68,-18.09],[125.74,-18.12],[125.73,-18.14],[125.66,-18.24],[125.56,-18.35],[125.5,-18.41],[125.5,-18.42],[125.55,-18.43],[125.88,-18.85],[126.06,-18.93],[126.22,-18.93],[126.29,-18.94],[126.3,-18.94],[126.3,-18.89],[126.72,-18.67],[126.77,-18.56],[126.78,-18.48],[126.74,-18.48],[126.49,-18.14],[125.94,-18.06],[125.95,-18.05],[125.94,-18.05]]]},"properties":{"NAME":"Gooniyandi","SUBJECTO":"Gooniyandi","BORDERPRECISION":3}},
{"type":"Feature","geometry":{"type":"Polygon","coordinates":[[[115.89,-22.57],[115.93,-22.63],[115.96,-22.64],[116.09,-22.8],[116.46,-22.97],[116.54,-23.02],[116.61,-23],[116.65,-22.92],[116.84,-22.78],[116.86,-22.77],[116.75,-22.66],[116.42,-22.43],[116.17,-22.42],[116,-22.45],[115.94,-22.51],[115.89,-22.57]]]},"properties":{"NAME":"Pinikura","SUBJECTO":"Pinikura","BORDERPRECISION":3}},
{"type":"Feature","geometry":{"type":"Polygon","coordinates":[[[128.08,-15.36],[128.07,-15.38],[127.98,-15.29],[128.02,-15.02],[127.99,-14.86],[127.86,-15.02],[127.67,-15.23],[127.66,-15.24],[127.72,-15.29],[127.72,-15.46],[127.83,-15.56],[128.02,-15.42],[128.05,-15.45],[128.06,-15.44],[128.07,-15.42],[128.08,-15.36]]]},"properties":{"NAME":"Yiiji","SUBJECTO":"Yiiji","BORDERPRECISION":3}},
{"type":"Feature","geometry":{"type":"Polygon","coordinates":[[[117.07,-21.03],[116.99,-20.98],[116.92,-20.9],[116.78,-20.83],[116.81,-20.78],[116.77,-20.79],[116.42,-20.84],[116.25,-20.92],[116.44,-21.21],[116.45,-21.29],[116.52,-21.34],[116.69,-21.38],[116.84,-21.4],[116.88,-21.39],[116.89,-21.34],[116.91,-21.28],[117.03,-21.04],[117.07,-21.04],[117.07,-21.03]]]},"properties":{"NAME":"Martuthunira","SUBJECTO":"Martuthunira","BORDERPRECISION":3}},
{"type":"Feature","geometry":{"type":"Polygon","coordinates":[[[118.5,-23.63],[118.56,-23.53],[118.42,-23.46],[118.2,-23.34],[117.49,-22.91],[117.43,-22.82],[117.45,-22.77],[117.3,-22.81],[116.99,-22.88],[116.98,-22.87],[116.98,-22.88],[116.98,-22.93],[117.2,-23.21],[117.19,-23.33],[117.19,-23.35],[117.19,-23.37],[117.18,-23.51],[117.15,-23.62],[117.28,-23.68],[117.5,-23.73],[117.64,-23.83],[117.68,-23.84],[117.73,-23.86],[117.73,-23.99],[117.72,-23.99],[117.88,-24.03],[118.5,-23.63]]]},"properties":{"NAME":"Yinhawangka","SUBJECTO":"Yinhawangka","BORDERPRECISION":3}},
{"type":"Feature","geometry":{"type":"Polygon","coordinates":[[[122.89,-17.04],[122.86,-17.03],[122.64,-16.99],[122.56,-16.94],[122.55,-16.94],[122.55,-16.93],[122.54,-16.92],[122.16,-17.32],[122.6,-17.32],[122.76,-17.32],[122.8,-17.32],[122.81,-17.26],[122.84,-17.1],[122.89,-17.04]]]},"properties":{"NAME":"Jabirrjabirr","SUBJECTO":"Jabirrjabirr","BORDERPRECISION":3}},
{"type":"Feature","geometry":{"type":"Polygon","coordinates":[[[118.47,-28.4],[119.2,-28.64],[119.44,-28.76],[119.52,-28.81],[119.69,-29.01],[119.76,-28.99],[119.73,-28.97],[119.87,-28.85],[121.85,-28.84],[122.1,-28.77],[122.14,-28.75],[122.3,-28.7],[122.32,-28.7],[122.27,-28.58],[121.96,-28.16],[121.81,-27.98],[121.76,-27.92],[121.76,-27.91],[121.69,-27.86],[121.61,-27.79],[121.49,-27.65],[121.32,-27.53],[121.31,-27.53],[121.29,-27.53],[121.18,-27.53],[120.98,-27.53],[120.87,-27.54],[120.22,-27.35],[119.32,-27.28],[118.83,-28.04],[118.73,-28.1],[118.65,-28.14],[118.53,-28.3],[118.47,-28.4]]]},"properties":{"NAME":"Kuwarra","SUBJECTO":"Kuwarra","BORDERPRECISION":3}},
{"type":"Feature","geometry":{"type":"Polygon","coordinates":[[[113.67,-23.78],[114.44,-24.02],[114.76,-22.77],[113.77,-22.86],[113.74,-23.25],[113.67,-23.78]]]},"properties":{"NAME":"Payungu","SUBJECTO":"Payungu","BORDERPRECISION":3}},
{"type":"Feature","geometry":{"type":"Polygon","coordinates":[[[113.67,-23.78],[113.37,-24.26],[113.57,-24.79],[113.67,-23.78]]]},"properties":{"NAME":"Maya","SUBJECTO":"Maya","BORDERPRECISION":3}},
{"type":"Feature","geometry":{"type":"Polygon","coordinates":[[[133.64,-13.41],[132.98,-13.3],[132.26,-13.08],[132.18,-13.19],[132.2,-13.22],[132.21,-13.24],[132.26,-13.27],[132.68,-13.38],[132.62,-13.58],[132.2,-13.68],[132.1,-13.72],[132.08,-13.75],[132.04,-13.8],[132.11,-14.6],[132.93,-14.74],[133.63,-13.56],[133.64,-13.41]]]},"properties":{"NAME":"Jawoyn","SUBJECTO":"Jawoyn","BORDERPRECISION":3}},
{"type":"Feature","geometry":{"type":"Polygon","coordinates":[[[134.59,-17.96],[134.35,-17.94],[134.23,-17.94],[133.49,-18.03],[133.43,-18.25],[133.43,-18.26],[133.37,-18.45],[133.75,-18.85],[133.48,-19.12],[132.98,-19.27],[132.47,-19.31],[132.39,-19.33],[132.32,-19.34],[132.45,-19.56],[132.53,-19.82],[132.82,-20.21],[132.96,-20.73],[132.99,-20.77],[133,-20.78],[133.1,-20.95],[133.82,-20.93],[134.33,-20.65],[134.57,-20.48],[134.57,-20.25],[134.59,-17.96]]]},"properties":{"NAME":"Warumungu","SUBJECTO":"Warumungu","BORDERPRECISION":3}},
{"type":"Feature","geometry":{"type":"Polygon","coordinates":[[[131.04,-25.47],[131.03,-25.51],[131.06,-25.52],[131.21,-25.6],[131.5,-25.7],[131.93,-25.88],[132.63,-26.19],[132.92,-26.47],[132.97,-26.46],[133.01,-26.46],[133.12,-26.44],[133.32,-26.31],[133.81,-26.12],[133.87,-26.08],[133.79,-26.03],[133.77,-26.02],[133.24,-25.44],[132.03,-23.66],[132.03,-23.18],[132.27,-23.04],[132.28,-23.04],[132.3,-23.01],[132.29,-22.98],[132.2,-22.98],[132.23,-23.03],[132.12,-23.03],[131.78,-23.01],[131.46,-23.01],[131.29,-22.97],[131.26,-23.15],[131.19,-23.46],[130.91,-24.39],[130.67,-24.71],[130.6,-24.77],[130.58,-24.79],[130.7,-24.84],[130.85,-24.88],[131.06,-25.21],[131.05,-25.4],[131.04,-25.47]]]},"properties":{"NAME":"Luritja","SUBJECTO":"Luritja","BORDERPRECISION":3}},
{"type":"Feature","geometry":{"type":"Polygon","coordinates":[[[134.57,-20.48],[134.33,-20.65],[133.82,-20.93],[133.1,-20.95],[133,-20.78],[132.97,-20.78],[133,-20.88],[133.1,-21.21],[133.08,-21.68],[132.95,-21.89],[132.92,-21.93],[133.02,-22.13],[133.68,-22.21],[134.02,-22.35],[134.1,-22.39],[134.13,-22.4],[134.54,-22.57],[134.55,-22.55],[134.56,-21.94],[134.57,-20.48]]]},"properties":{"NAME":"Kaytej","SUBJECTO":"Kaytej","BORDERPRECISION":3}},
{"type":"Feature","geometry":{"type":"Polygon","coordinates":[[[117.74,-35.22],[118.21,-35.09],[118.67,-34.61],[119.01,-34.61],[119.03,-34.49],[118.65,-34.25],[116.57,-34.83],[116.41,-35.08],[117.74,-35.22]]]},"properties":{"NAME":"Minang","SUBJECTO":"Minang","BORDERPRECISION":3}},
{"type":"Feature","geometry":{"type":"Polygon","coordinates":[[[113.9,-25.59],[113.06,-26.12],[113.6,-26.76],[113.9,-25.59]]]},"properties":{"NAME":"Malkana","SUBJECTO":"Malkana","BORDERPRECISION":3}},
{"type":"Feature","geometry":{"type":"Polygon","coordinates":[[[122.23,-18.14],[122.22,-18.18],[122.31,-18.07],[122.23,-18.14]]]},"properties":{"NAME":"Yawuru","SUBJECTO":"Yawuru","BORDERPRECISION":3}},
{"type":"Feature","geometry":{"type":"Polygon","coordinates":[[[117.56,-33.77],[116.21,-33.95],[117.56,-34.21],[117.56,-33.77]]]},"properties":{"NAME":"Kaniyang","SUBJECTO":"Kaniyang","BORDERPRECISION":3}},
{"type":"Feature","geometry":{"type":"Polygon","coordinates":[[[129.51,-15.98],[129.35,-16.18],[129.28,-16.29],[129.27,-16.32],[129.29,-16.34],[129.34,-16.46],[129.27,-16.63],[129.25,-16.63],[129.25,-16.79],[130.14,-17.07],[130.25,-17.15],[130.29,-17.12],[130.33,-17.09],[130.68,-16.69],[130.96,-16.44],[130.96,-16.4],[130.97,-16.36],[130.9,-16.26],[130.87,-16.1],[130.76,-16.07],[130.71,-16.05],[130.48,-15.96],[130.45,-15.81],[130.45,-15.71],[130.45,-15.69],[130.45,-15.66],[130.42,-15.53],[130.39,-15.49],[130.38,-15.48],[130.36,-15.45],[130.29,-15.4],[130.15,-15.49],[130.11,-15.52],[130.03,-15.57],[129.79,-15.74],[129.51,-15.98]]]},"properties":{"NAME":"Ngarinman","SUBJECTO":"Ngarinman","BORDERPRECISION":3}},
{"type":"Feature","geometry":{"type":"Polygon","coordinates":[[[122.18,-17.92],[122.21,-18.05],[122.25,-18.06],[122.69,-17.92],[122.7,-17.82],[122.74,-17.75],[122.68,-17.76],[122.19,-17.78],[122.18,-17.77],[122.16,-17.79],[122.18,-17.92]]]},"properties":{"NAME":"Jukun","SUBJECTO":"Jukun","BORDERPRECISION":3}},
{"type":"Feature","geometry":{"type":"Polygon","coordinates":[[[130.09,-13.59],[130.06,-13.61],[130.13,-13.66],[130.1,-13.78],[130.14,-13.86],[130.2,-13.89],[130.23,-13.88],[130.22,-13.88],[130.24,-13.71],[130.27,-13.63],[130.21,-13.6],[130.19,-13.5],[130.18,-13.51],[130.09,-13.59]]]},"properties":{"NAME":"Maranunggu","SUBJECTO":"Maranunggu","BORDERPRECISION":3}},
{"type":"Feature","geometry":{"type":"Polygon","coordinates":[[[116.43,-23.98],[116.35,-24.46],[116.37,-24.56],[116.37,-24.59],[116.5,-24.51],[116.83,-24.48],[116.99,-24.06],[117.36,-23.97],[117.42,-24.01],[117.58,-24.03],[117.59,-24.03],[117.72,-23.99],[117.73,-23.99],[117.73,-23.86],[117.68,-23.84],[117.64,-23.83],[117.5,-23.73],[117.28,-23.68],[117.15,-23.62],[117.03,-23.56],[116.69,-23.4],[116.28,-23.21],[115.98,-23.01],[115.78,-22.92],[115.74,-22.9],[115.73,-22.93],[115.7,-23.25],[115.82,-23.7],[115.8,-23.75],[115.79,-23.78],[115.77,-23.84],[115.81,-23.84],[115.84,-23.85],[115.89,-23.86],[116.27,-23.88],[116.43,-23.98]]]},"properties":{"NAME":"Thiin","SUBJECTO":"Thiin","BORDERPRECISION":3}},
{"type":"Feature","geometry":{"type":"Polygon","coordinates":[[[130.15,-15.49],[130.13,-15.44],[129.91,-15.41],[129.89,-15.34],[129.85,-15.3],[129.81,-15.25],[129.76,-15.27],[129.72,-15.29],[129.28,-15.29],[128.78,-15.08],[128.47,-15.17],[128.46,-15.24],[128.46,-15.25],[128.45,-15.33],[128.44,-15.49],[128.14,-15.56],[128.12,-15.58],[128.11,-15.65],[128.02,-15.82],[127.94,-15.87],[128.08,-15.88],[129.01,-16.14],[129.17,-16.23],[129.17,-16.24],[129.28,-16.29],[129.35,-16.18],[129.51,-15.98],[129.79,-15.74],[130.03,-15.57],[130.11,-15.52],[130.15,-15.49]]]},"properties":{"NAME":"Doolboong/Miriwoong","SUBJECTO":"Doolboong/Miriwoong","BORDERPRECISION":3}},
{"type":"Feature","geometry":{"type":"Polygon","coordinates":[[[129.03,-18.01],[129.14,-18.92],[128.86,-19.17],[128.77,-19.25],[128.76,-19.26],[128.72,-19.3],[130.5,-20.55],[130.4,-21],[130.25,-21.11],[130.32,-21.12],[130.44,-21.14],[131.32,-22.76],[131.31,-22.89],[131.3,-22.95],[131.29,-22.97],[131.46,-23.01],[131.78,-23.01],[132.12,-23.03],[132.23,-23.03],[132.2,-22.98],[132.03,-22.75],[131.88,-22.55],[132.07,-22],[132.9,-21.96],[132.92,-21.93],[132.95,-21.89],[133.08,-21.68],[133.1,-21.21],[133,-20.88],[132.97,-20.78],[132.96,-20.73],[132.82,-20.21],[132.53,-19.82],[132.45,-19.56],[132.32,-19.34],[132.27,-19.28],[132.2,-19.16],[132.06,-18.95],[131.59,-18.56],[131.23,-18.3],[131.03,-18.16],[130.97,-18.12],[130.95,-18.1],[129.89,-18.31],[129.27,-18.32],[129.15,-18.17],[129.03,-18.01]]]},"properties":{"NAME":"Warlpiri","SUBJECTO":"Warlpiri","BORDERPRECISION":3}},
{"type":"Feature","geometry":{"type":"Polygon","coordinates":[[[124.88,-18.48],[124.81,-18.58],[124.86,-18.59],[124.86,-18.61],[124.86,-18.7],[124.8,-18.78],[124.8,-18.96],[125.11,-19.88],[125,-20.15],[124.96,-20.2],[125.11,-20.18],[126.08,-20.28],[126.34,-20.34],[126.36,-20.28],[126.8,-19.2],[126.83,-19.18],[126.83,-19.16],[126.69,-19.08],[126.44,-19.1],[126.31,-19.02],[126.3,-18.95],[126.3,-18.94],[126.29,-18.94],[126.22,-18.93],[126.06,-18.93],[125.88,-18.85],[125.55,-18.43],[125.5,-18.42],[125.49,-18.42],[125.45,-18.42],[125.31,-18.48],[124.88,-18.48]]]},"properties":{"NAME":"Walmatjarri","SUBJECTO":"Walmatjarri","BORDERPRECISION":3}},
{"type":"Feature","geometry":{"type":"Polygon","coordinates":[[[120.39,-32.77],[118.47,-31.1],[117.53,-31.96],[118.04,-32.98],[120.33,-32.95],[120.39,-32.77]]]},"properties":{"NAME":"Nyaki-nyaki","SUBJECTO":"Nyaki-nyaki","BORDERPRECISION":3}},
{"type":"Feature","geometry":{"type":"Polygon","coordinates":[[[116.82,-20.78],[116.81,-20.78],[116.78,-20.83],[116.92,-20.9],[116.99,-20.98],[117.07,-21.03],[117.09,-21.04],[117.18,-21.03],[117.42,-21.1],[117.91,-21.27],[117.96,-21.32],[117.98,-21.31],[117.92,-21.16],[117.8,-20.69],[117.79,-20.64],[117.76,-20.68],[117.6,-20.76],[117.09,-20.78],[116.82,-20.78]]]},"properties":{"NAME":"Ngarluma","SUBJECTO":"Ngarluma","BORDERPRECISION":3}},
{"type":"Feature","geometry":{"type":"Polygon","coordinates":[[[130.19,-14.03],[130.18,-14.04],[130.16,-14.05],[130.08,-14.08],[130.05,-14.09],[130.11,-14.12],[130.11,-14.13],[130.21,-14.09],[130.29,-14],[130.3,-13.91],[130.24,-13.89],[130.23,-13.9],[130.23,-13.93],[130.22,-13.98],[130.21,-13.99],[130.21,-14.01],[130.19,-14.03]]]},"properties":{"NAME":"Marramaninjsji","SUBJECTO":"Marramaninjsji","BORDERPRECISION":3}},
{"type":"Feature","geometry":{"type":"Polygon","coordinates":[[[125.94,-18.05],[125.95,-18.05],[125.96,-18.04],[126.06,-17.93],[126.22,-17.73],[126.27,-17.72],[126.19,-17.59],[126.04,-17.48],[125.8,-17.43],[125.79,-17.42],[125.78,-17.45],[125.48,-17.67],[125.34,-17.65],[125.35,-17.67],[125.4,-17.77],[125.48,-17.91],[125.65,-18.07],[125.68,-18.09],[125.74,-18.05],[125.93,-18.05],[125.94,-18.05]]]},"properties":{"NAME":"Punuba","SUBJECTO":"Punuba","BORDERPRECISION":3}},
{"type":"Feature","geometry":{"type":"Polygon","coordinates":[[[132.27,-19.28],[132.39,-19.33],[132.47,-19.31],[132.98,-19.27],[133.48,-19.12],[133.75,-18.85],[133.37,-18.45],[133.43,-18.26],[133.42,-18.25],[133.34,-18.17],[133.35,-17.75],[133.28,-17.74],[133.02,-17.73],[132.28,-17.69],[132.01,-17.8],[131.64,-17.91],[131.51,-17.97],[131.49,-17.98],[131.11,-18.06],[130.97,-18.12],[131.03,-18.16],[131.23,-18.3],[131.59,-18.56],[132.06,-18.95],[132.2,-19.16],[132.27,-19.28]]]},"properties":{"NAME":"Warlmanpa","SUBJECTO":"Warlmanpa","BORDERPRECISION":3}},
{"type":"Feature","geometry":{"type":"Polygon","coordinates":[[[125.79,-17.41],[125.79,-17.42],[125.8,-17.43],[126.04,-17.48],[126.19,-17.59],[126.27,-17.72],[126.31,-17.71],[126.45,-17.69],[127.34,-17.33],[127.5,-17.2],[127.32,-16.67],[127.41,-16.08],[127.46,-16.04],[127.46,-16],[127.3,-16],[127.08,-16],[126.53,-16.9],[125.94,-16.84],[125.86,-16.93],[125.77,-17],[125.68,-17.07],[125.67,-17.08],[125.68,-17.21],[125.73,-17.31],[125.79,-17.41]]]},"properties":{"NAME":"Worla","SUBJECTO":"Worla","BORDERPRECISION":3}},
{"type":"Feature","geometry":{"type":"Polygon","coordinates":[[[121.31,-27.53],[121.28,-27.4],[121.15,-27.28],[120.93,-26.91],[120.85,-26.59],[120.84,-26.47],[120.83,-26.43],[120.79,-26.42],[120.78,-26.41],[120.61,-26.31],[119.64,-26],[119.23,-25.81],[118.91,-25.81],[118.88,-25.99],[118.23,-27.04],[118.04,-27.16],[118.03,-27.19],[118.02,-27.21],[118.33,-27.71],[118.65,-28.03],[118.73,-28.1],[118.83,-28.04],[119.32,-27.28],[120.22,-27.35],[120.87,-27.54],[120.98,-27.53],[121.18,-27.53],[121.29,-27.53],[121.31,-27.53]]]},"properties":{"NAME":"Tjupany","SUBJECTO":"Tjupany","BORDERPRECISION":3}},
{"type":"Feature","geometry":{"type":"Polygon","coordinates":[[[131.04,-25.47],[130.95,-25.75],[130.78,-26.08],[130.87,-26.74],[130.7,-27.33],[130.7,-27.46],[130.7,-27.48],[130.78,-27.54],[130.98,-27.77],[131.28,-28.04],[131.72,-28.25],[132.12,-28.4],[132.6,-28.4],[132.92,-28.34],[133.25,-28.32],[133.26,-28.31],[133.46,-28.39],[133.51,-28.21],[133.34,-27.8],[133.24,-27.25],[133.11,-26.89],[133.07,-26.72],[133.01,-26.46],[132.97,-26.46],[132.92,-26.47],[132.63,-26.19],[131.93,-25.88],[131.5,-25.7],[131.21,-25.6],[131.06,-25.52],[131.03,-25.51],[131.04,-25.47]]]},"properties":{"NAME":"Yankuntjatjara","SUBJECTO":"Yankuntjatjara","BORDERPRECISION":3}},
{"type":"Feature","geometry":{"type":"Polygon","coordinates":[[[129.84,-28.37],[129.85,-28.3],[129.85,-28.26],[130.22,-27.85],[130.44,-27.64],[130.58,-27.53],[130.58,-27.52],[130.54,-27.52],[130.21,-27.5],[129.29,-27.13],[129.08,-26.82],[129.02,-26.4],[129.02,-26.1],[129.02,-25.96],[129.02,-25.9],[128.92,-26.01],[128.85,-26.01],[128.57,-26],[128.21,-26],[127.68,-26.48],[127.36,-26.54],[127.34,-26.53],[127.43,-26.58],[127.31,-26.59],[127.07,-26.58],[127.01,-26.61],[127.14,-26.86],[127.32,-27.79],[127.28,-28.15],[127.37,-28.52],[127.38,-28.52],[127.42,-28.56],[127.45,-28.59],[127.56,-28.56],[127.99,-28.44],[129.19,-28.36],[129.59,-28.36],[129.84,-28.37]]]},"properties":{"NAME":"Nakako","SUBJECTO":"Nakako","BORDERPRECISION":3}},
{"type":"Feature","geometry":{"type":"Polygon","coordinates":[[[124.37,-27.52],[124.39,-27.51],[124.42,-27.52],[124.61,-27.61],[125.07,-28.03],[125.93,-28.56],[126.65,-28.88],[126.94,-28.83],[127.13,-28.63],[127.28,-28.56],[127.37,-28.52],[127.28,-28.15],[127.32,-27.79],[127.14,-26.86],[127.01,-26.61],[126.95,-26.58],[126.84,-26.58],[126.38,-26.44],[125.49,-25.91],[124.88,-26.14],[124.53,-26.85],[124.49,-27.16],[124.39,-27.4],[124.37,-27.47],[124.36,-27.46],[124.37,-27.52]]]},"properties":{"NAME":"Mandjindja","SUBJECTO":"Mandjindja","BORDERPRECISION":3}},
{"type":"Feature","geometry":{"type":"Polygon","coordinates":[[[127.45,-28.59],[127.64,-28.79],[127.86,-29.06],[128.34,-29.5],[128.47,-29.78],[128.45,-30.11],[128.45,-30.13],[128.46,-30.13],[129.34,-30.09],[130.16,-30.12],[131.25,-30.21],[131.35,-30.22],[131.02,-30.12],[130.66,-29.95],[130.56,-29.89],[130.51,-29.86],[130.3,-29.75],[129.99,-29.47],[129.83,-28.63],[129.84,-28.37],[129.59,-28.36],[129.19,-28.36],[127.99,-28.44],[127.56,-28.56],[127.45,-28.59]]]},"properties":{"NAME":"Ngalea","SUBJECTO":"Ngalea","BORDERPRECISION":3}},
{"type":"Feature","geometry":{"type":"Polygon","coordinates":[[[117.81,-20.62],[117.79,-20.64],[117.8,-20.69],[117.92,-21.16],[117.98,-21.31],[117.98,-21.33],[118.11,-21.43],[118.39,-21.55],[118.62,-21.63],[118.64,-21.6],[118.64,-21.54],[118.8,-20.99],[118.81,-20.62],[118.62,-20.37],[118.69,-20.34],[117.97,-20.47],[117.81,-20.62]]]},"properties":{"NAME":"Kariyarra","SUBJECTO":"Kariyarra","BORDERPRECISION":3}},
{"type":"Feature","geometry":{"type":"Polygon","coordinates":[[[122.89,-17.04],[122.93,-16.99],[123.06,-16.94],[123.02,-16.86],[122.95,-16.76],[122.93,-16.73],[122.86,-16.73],[122.79,-16.74],[122.76,-16.74],[122.73,-16.74],[122.65,-16.74],[122.54,-16.92],[122.55,-16.93],[122.55,-16.94],[122.56,-16.94],[122.64,-16.99],[122.86,-17.03],[122.89,-17.04]]]},"properties":{"NAME":"Nyul Nyul","SUBJECTO":"Nyul Nyul","BORDERPRECISION":3}},
{"type":"Feature","geometry":{"type":"Polygon","coordinates":[[[134.52,-26.55],[134.17,-26.25],[133.87,-26.08],[133.81,-26.12],[133.32,-26.31],[133.12,-26.44],[133.01,-26.46],[133.07,-26.72],[133.11,-26.89],[133.24,-27.25],[133.34,-27.8],[133.51,-28.21],[133.46,-28.39],[133.56,-28.43],[133.63,-28.55],[134.5,-28.92],[134.52,-26.55]]]},"properties":{"NAME":"Antakarinja","SUBJECTO":"Antakarinja","BORDERPRECISION":3}},
{"type":"Feature","geometry":{"type":"Polygon","coordinates":[[[132.14,-16],[131.56,-16.6],[131.94,-16.31],[132.14,-16]]]},"properties":{"NAME":"Karangpurru","SUBJECTO":"Karangpurru","BORDERPRECISION":3}},
{"type":"Feature","geometry":{"type":"Polygon","coordinates":[[[116.27,-21.39],[115.64,-22.12],[115.39,-22.34],[115.32,-22.4],[115.19,-22.5],[115.81,-22.57],[115.95,-22.46],[116,-22.45],[116.17,-22.42],[116.42,-22.43],[116.75,-22.66],[116.86,-22.77],[116.88,-22.79],[116.96,-22.87],[116.98,-22.87],[116.99,-22.88],[117.3,-22.81],[117.45,-22.77],[117.46,-22.74],[117.49,-22.68],[117.54,-22.61],[117.6,-22.45],[117.77,-22.12],[117.82,-22.09],[117.82,-22.07],[117.81,-22.06],[117.67,-21.94],[117.48,-21.82],[117.26,-21.73],[116.94,-21.42],[116.88,-21.41],[116.84,-21.4],[116.69,-21.38],[116.52,-21.34],[116.45,-21.33],[116.37,-21.31],[116.27,-21.39]]]},"properties":{"NAME":"Kurrama","SUBJECTO":"Kurrama","BORDERPRECISION":3}},
{"type":"Feature","geometry":{"type":"Polygon","coordinates":[[[121.69,-27.86],[121.94,-27.69],[122.1,-27.56],[122.5,-27.29],[122.82,-26.78],[122.96,-26.56],[122.89,-26.49],[122.78,-26.16],[122.78,-26.03],[122.62,-26.01],[122.5,-26.01],[121.94,-26.1],[121.03,-26.49],[120.83,-26.43],[120.84,-26.47],[120.85,-26.59],[120.93,-26.91],[121.15,-27.28],[121.28,-27.4],[121.31,-27.53],[121.32,-27.53],[121.49,-27.65],[121.61,-27.79],[121.69,-27.86]]]},"properties":{"NAME":"Nana","SUBJECTO":"Nana","BORDERPRECISION":3}},
{"type":"Feature","geometry":{"type":"Polygon","coordinates":[[[134.14,-12.08],[134.04,-12.06],[134.04,-12.26],[134.07,-12.26],[134.12,-12.26],[134.12,-12.24],[134.14,-12.18],[134.17,-12.12],[134.23,-12.1],[134.14,-12.08]]]},"properties":{"NAME":"Gunibidji","SUBJECTO":"Gunibidji","BORDERPRECISION":3}},
{"type":"Feature","geometry":{"type":"Polygon","coordinates":[[[133.15,-14.88],[133.58,-15.07],[133.69,-15.07],[133.76,-15.02],[133.82,-14.94],[133.84,-14.9],[133.86,-14.89],[133.9,-14.84],[133.93,-14.77],[134.07,-14.74],[134.03,-14.72],[133.56,-14.39],[133.46,-14.3],[133.46,-14.28],[133.43,-14.28],[133.41,-14.46],[133.15,-14.88]]]},"properties":{"NAME":"Mangarayi","SUBJECTO":"Mangarayi","BORDERPRECISION":3}},
{"type":"Feature","geometry":{"type":"Polygon","coordinates":[[[114.97,-30.34],[115.43,-31.39],[115.92,-31.37],[116.39,-31.39],[116.83,-30.05],[116.72,-30],[114.97,-30.34]]]},"properties":{"NAME":"Yuat","SUBJECTO":"Yuat","BORDERPRECISION":3}},
{"type":"Feature","geometry":{"type":"Polygon","coordinates":[[[115.49,-31.55],[115.76,-32.49],[116.03,-32.44],[116.14,-32.39],[116.2,-32.36],[116.6,-32.15],[116.67,-31.99],[116.39,-31.47],[115.98,-31.42],[115.49,-31.55]]]},"properties":{"NAME":"Wajuk","SUBJECTO":"Wajuk","BORDERPRECISION":3}},
{"type":"Feature","geometry":{"type":"Polygon","coordinates":[[[134.35,-17.94],[134.44,-17.81],[134.51,-17.24],[134.48,-17.2],[134.45,-17.21],[134.31,-16.97],[133.87,-16.56],[133.66,-16.38],[133.51,-16.24],[133.42,-16.2],[133.34,-16.53],[133.35,-17.43],[133.31,-17.57],[133.28,-17.74],[133.35,-17.75],[133.34,-18.17],[133.42,-18.25],[133.43,-18.25],[133.49,-18.03],[134.23,-17.94],[134.35,-17.94]]]},"properties":{"NAME":"Jingili","SUBJECTO":"Jingili","BORDERPRECISION":3}},
{"type":"Feature","geometry":{"type":"Polygon","coordinates":[[[116.45,-21.29],[116.44,-21.21],[116.25,-20.92],[116.2,-20.95],[116.13,-20.98],[115.35,-21.6],[114.69,-21.95],[115.13,-22.4],[115.32,-22.4],[115.39,-22.34],[115.64,-22.12],[116.27,-21.39],[116.37,-21.31],[116.45,-21.33],[116.45,-21.29]]]},"properties":{"NAME":"Nhuwala","SUBJECTO":"Nhuwala","BORDERPRECISION":3}},
{"type":"Feature","geometry":{"type":"Polygon","coordinates":[[[126.3,-18.94],[126.3,-18.95],[126.31,-19.02],[126.44,-19.1],[126.69,-19.08],[126.83,-19.16],[126.85,-19.17],[127.06,-19.27],[127.73,-19.43],[127.78,-19.42],[127.8,-19.42],[127.96,-19.31],[128.74,-19.24],[128.75,-19.25],[128.77,-19.25],[128.86,-19.17],[129.14,-18.92],[129.03,-18.01],[129.15,-18.17],[129.27,-18.32],[129.28,-18.22],[129.2,-17.93],[129.05,-17.83],[129.06,-17.85],[129,-17.82],[128.98,-17.81],[128.88,-17.78],[128.78,-17.66],[128.43,-17.56],[128.33,-17.55],[128.29,-17.56],[128.23,-17.72],[128.06,-17.94],[127.55,-18.26],[127.03,-18.47],[126.89,-18.48],[126.81,-18.48],[126.77,-18.56],[126.72,-18.67],[126.3,-18.89],[126.3,-18.94]]]},"properties":{"NAME":"Jaru","SUBJECTO":"Jaru","BORDERPRECISION":3}},
{"type":"Feature","geometry":{"type":"MultiPolygon","coordinates":[[[[130.1,-14.13],[130.11,-14.13],[130.11,-14.12],[130.05,-14.09],[130.04,-14.09],[129.99,-14.11],[129.92,-14.1],[129.89,-14.1],[129.87,-14.13],[129.86,-14.2],[129.87,-14.33],[129.9,-14.37],[129.93,-14.36],[129.98,-14.38],[130.02,-14.41],[130.01,-14.39],[129.99,-14.34],[130.01,-14.28],[130.03,-14.2],[130.09,-14.13],[130.1,-14.13]]],[[[130,-14.43],[130.03,-14.44],[130.03,-14.43],[130.02,-14.41],[130,-14.43]]]]},"properties":{"NAME":"Ngan’gikurunggurr","SUBJECTO":"Ngan’gikurunggurr","BORDERPRECISION":3}},
{"type":"Feature","geometry":{"type":"Polygon","coordinates":[[[132.21,-12.8],[132.22,-12.77],[132.24,-12.58],[132.22,-12.34],[132.18,-12.34],[131.82,-12.37],[131.68,-12.38],[131.63,-12.39],[131.61,-12.91],[131.66,-12.93],[131.66,-12.94],[131.72,-12.95],[132.21,-12.8]]]},"properties":{"NAME":"Limilngan","SUBJECTO":"Limilngan","BORDERPRECISION":3}},
{"type":"Feature","geometry":{"type":"Polygon","coordinates":[[[121.22,-31.11],[120.74,-30.63],[120,-29.32],[118.69,-28.56],[118.37,-28.38],[118.22,-28.3],[117.89,-28.35],[116.31,-29.21],[116.33,-29.25],[116.52,-29.6],[116.95,-30.12],[117.92,-30.67],[118.09,-30.74],[119.92,-32.18],[120.17,-31.89],[120.42,-31.64],[120.7,-31.41],[120.96,-31.25],[121.22,-31.11]]]},"properties":{"NAME":"Kalaamaya","SUBJECTO":"Kalaamaya","BORDERPRECISION":3}},
{"type":"Feature","geometry":{"type":"Polygon","coordinates":[[[116.54,-23.02],[116.46,-22.97],[116.09,-22.8],[115.96,-22.64],[115.93,-22.63],[115.89,-22.62],[115.75,-22.81],[115.73,-22.85],[115.77,-22.87],[115.78,-22.92],[115.98,-23.01],[116.28,-23.21],[116.69,-23.4],[117.03,-23.56],[117.15,-23.62],[117.18,-23.51],[117.19,-23.37],[117.19,-23.35],[117.19,-23.33],[117.1,-23.31],[116.86,-23.21],[116.67,-23.09],[116.59,-23.04],[116.54,-23.02]]]},"properties":{"NAME":"Jiwarli","SUBJECTO":"Jiwarli","BORDERPRECISION":3}},
{"type":"Feature","geometry":{"type":"Polygon","coordinates":[[[125.11,-15.21],[125.1,-15.26],[125.36,-15.22],[125.41,-15.46],[125.61,-15.59],[125.75,-15.73],[125.85,-15.51],[125.9,-15.31],[125.95,-14.87],[126,-14.74],[126,-14.69],[126,-14.65],[126,-14.54],[125.97,-14.48],[125.92,-14.57],[125.86,-14.69],[125.5,-14.68],[125.16,-14.8],[125.11,-15.21]]]},"properties":{"NAME":"Wunambul","SUBJECTO":"Wunambul","BORDERPRECISION":3}},
{"type":"Feature","geometry":{"type":"Polygon","coordinates":[[[133.02,-17.73],[133.03,-17.73],[133.26,-17.72],[133.19,-16.49],[132.23,-16.31],[131.93,-16.44],[130.98,-17.55],[130.98,-17.83],[130.98,-17.87],[130.99,-17.88],[131.09,-17.9],[131.29,-17.9],[131.49,-17.96],[131.51,-17.97],[131.64,-17.91],[132.01,-17.8],[132.28,-17.69],[133.02,-17.73]]]},"properties":{"NAME":"Mudburra","SUBJECTO":"Mudburra","BORDERPRECISION":3}},
{"type":"Feature","geometry":{"type":"Polygon","coordinates":[[[134.33,-13.42],[134.37,-13.78],[134.63,-13.93],[134.33,-13.42]]]},"properties":{"NAME":"Ngalkbun","SUBJECTO":"Ngalkbun","BORDERPRECISION":3}},
{"type":"Feature","geometry":{"type":"Polygon","coordinates":[[[118.57,-24.34],[118.58,-24.45],[119.4,-24.84],[119.65,-25.02],[119.72,-24.93],[119.83,-24.71],[119.88,-24.43],[119.81,-23.94],[119.7,-23.66],[119.63,-23.53],[119.62,-23.53],[119.47,-23.54],[119.14,-23.55],[118.85,-23.54],[118.79,-23.58],[118.57,-24.34]]]},"properties":{"NAME":"Ngalawangka","SUBJECTO":"Ngalawangka","BORDERPRECISION":3}},
{"type":"Feature","geometry":{"type":"Polygon","coordinates":[[[122.84,-18.54],[122.74,-19],[122.75,-19.02],[122.76,-19.03],[123.15,-19.13],[123.8,-20.04],[123.84,-20.42],[123.84,-20.53],[124.26,-20.53],[124.72,-20.22],[124.9,-20.2],[124.96,-20.2],[125,-20.15],[125.11,-19.88],[124.8,-18.96],[124.8,-18.78],[124.86,-18.7],[124.86,-18.61],[124.86,-18.59],[124.81,-18.58],[124.7,-18.56],[124.59,-18.35],[124.35,-18.21],[124.15,-18.34],[123.88,-18.8],[123.32,-18.44],[123.26,-18.44],[123.22,-18.44],[123.14,-18.44],[122.93,-18.45],[122.91,-18.47],[122.9,-18.48],[122.84,-18.54]]]},"properties":{"NAME":"Mangala","SUBJECTO":"Mangala","BORDERPRECISION":3}},
{"type":"Feature","geometry":{"type":"Polygon","coordinates":[[[132.89,-12.77],[132.84,-12.66],[132.77,-12.65],[132.69,-12.66],[132.71,-12.74],[132.67,-12.76],[132.69,-12.8],[132.89,-12.77]]]},"properties":{"NAME":"Bukurnidja","SUBJECTO":"Bukurnidja","BORDERPRECISION":3}},
{"type":"Feature","geometry":{"type":"Polygon","coordinates":[[[122.63,-28.73],[122.63,-28.7],[122.54,-28.65],[122.32,-28.7],[122.3,-28.7],[122.14,-28.75],[122.1,-28.77],[121.85,-28.84],[119.87,-28.85],[119.73,-28.97],[119.76,-28.99],[120.22,-29.4],[120.99,-30.73],[123.35,-30.92],[123.55,-30.95],[123.56,-30.92],[123.56,-30.9],[123.52,-30.73],[123.51,-30.47],[123.41,-30.11],[122.73,-28.94],[122.64,-28.85],[122.63,-28.73]]]},"properties":{"NAME":"Wangkathaa","SUBJECTO":"Wangkathaa","BORDERPRECISION":3}},
{"type":"Feature","geometry":{"type":"Polygon","coordinates":[[[115.8,-23.75],[115.72,-23.72],[115.44,-23.67],[115.05,-23.42],[114.92,-23.4],[114.79,-23.35],[114.74,-23.34],[114.68,-23.32],[114.7,-24.06],[115.09,-24.46],[115.09,-24.7],[115.08,-24.8],[115.03,-24.94],[115.26,-24.97],[115.37,-24.99],[115.38,-25],[115.42,-24.89],[115.48,-24.7],[115.52,-24.62],[115.64,-24.22],[115.77,-24],[115.8,-23.87],[115.81,-23.84],[115.77,-23.84],[115.79,-23.78],[115.8,-23.75]]]},"properties":{"NAME":"Tharrgari","SUBJECTO":"Tharrgari","BORDERPRECISION":3}},
{"type":"Feature","geometry":{"type":"Polygon","coordinates":[[[125.7,-15.78],[125.73,-15.77],[125.75,-15.73],[125.61,-15.59],[125.41,-15.46],[125.36,-15.22],[125.1,-15.26],[124.42,-15.66],[124.53,-16.33],[124.62,-16.37],[124.79,-16.37],[124.78,-16.24],[124.82,-15.94],[125,-15.79],[125.56,-15.85],[125.7,-15.78]]]},"properties":{"NAME":"Worora","SUBJECTO":"Worora","BORDERPRECISION":3}},
{"type":"Feature","geometry":{"type":"Polygon","coordinates":[[[125.5,-18.42],[125.5,-18.41],[125.56,-18.35],[125.66,-18.24],[125.73,-18.14],[125.74,-18.12],[125.68,-18.09],[125.65,-18.07],[125.48,-17.91],[125.4,-17.77],[125.35,-17.67],[125.34,-17.65],[125.33,-17.64],[125.28,-17.54],[125.21,-17.44],[125.05,-17.4],[124.7,-17.42],[124.55,-17.42],[124.49,-17.41],[124.46,-17.41],[124.4,-17.4],[123.86,-17.32],[123.67,-17.24],[123.63,-17.21],[123.57,-17.17],[123.56,-17.21],[123.53,-17.38],[123.53,-17.39],[123.52,-17.5],[123.43,-17.69],[123.17,-17.86],[123.06,-18.04],[123.05,-18.06],[123,-18.27],[122.89,-18.45],[122.91,-18.47],[122.93,-18.45],[123.14,-18.44],[123.22,-18.44],[123.23,-18.43],[123.26,-18.44],[123.32,-18.44],[123.88,-18.8],[124.15,-18.34],[124.35,-18.21],[124.59,-18.35],[124.7,-18.56],[124.81,-18.58],[124.88,-18.48],[125.31,-18.48],[125.45,-18.42],[125.49,-18.42],[125.5,-18.42]]]},"properties":{"NAME":"Nyikina","SUBJECTO":"Nyikina","BORDERPRECISION":3}},
{"type":"Feature","geometry":{"type":"Polygon","coordinates":[[[123.58,-16.39],[123.55,-16.7],[123.99,-16.82],[123.58,-16.39]]]},"properties":{"NAME":"Unggarangi","SUBJECTO":"Unggarangi","BORDERPRECISION":3}},
{"type":"Feature","geometry":{"type":"Polygon","coordinates":[[[122.89,-17.04],[122.84,-17.1],[122.81,-17.26],[122.8,-17.32],[122.8,-17.37],[122.8,-17.41],[122.81,-17.62],[122.82,-17.72],[122.84,-17.84],[122.92,-18],[123.05,-18.06],[123.06,-18.04],[123.17,-17.86],[123.43,-17.69],[123.52,-17.5],[123.53,-17.39],[123.53,-17.38],[123.5,-17.32],[123.06,-16.94],[122.93,-16.99],[122.89,-17.04]]]},"properties":{"NAME":"Nimanburu","SUBJECTO":"Nimanburu","BORDERPRECISION":3}},
{"type":"Feature","geometry":{"type":"Polygon","coordinates":[[[134.5,-28.92],[133.63,-28.55],[133.56,-28.43],[133.46,-28.39],[133.26,-28.31],[133.25,-28.32],[132.92,-28.34],[132.6,-28.4],[132.12,-28.4],[131.72,-28.25],[131.28,-28.04],[130.98,-27.77],[130.78,-27.54],[130.7,-27.48],[130.69,-27.47],[130.67,-27.46],[130.64,-27.48],[130.58,-27.53],[130.44,-27.64],[130.22,-27.85],[129.85,-28.26],[129.85,-28.3],[129.84,-28.37],[129.83,-28.63],[129.99,-29.47],[130.3,-29.75],[130.51,-29.86],[130.56,-29.89],[130.66,-29.95],[131.02,-30.12],[131.35,-30.22],[131.36,-30.22],[131.37,-30.23],[131.41,-30.24],[131.44,-30.25],[131.85,-30.37],[133.23,-30.5],[134.32,-30.88],[134.48,-30.94],[134.48,-30.83],[134.5,-29],[134.5,-28.92]]]},"properties":{"NAME":"Kokatha","SUBJECTO":"Kokatha","BORDERPRECISION":3}},
{"type":"Feature","geometry":{"type":"Polygon","coordinates":[[[134.02,-12.06],[133.73,-11.99],[133.85,-12.19],[133.9,-12.21],[134,-12.27],[134.02,-12.27],[134.04,-12.26],[134.04,-12.06],[134.02,-12.06]]]},"properties":{"NAME":"Gunbalang","SUBJECTO":"Gunbalang","BORDERPRECISION":3}},
{"type":"Feature","geometry":{"type":"Polygon","coordinates":[[[118.73,-28.1],[118.65,-28.03],[118.33,-27.71],[118.02,-27.21],[118.03,-27.19],[118.01,-27.18],[117.98,-27.21],[117.75,-27.25],[117.57,-27.46],[116.76,-27.95],[116.24,-28.3],[115.88,-28.57],[115.86,-28.59],[115.82,-28.57],[115.82,-28.61],[116.27,-29.27],[116.31,-29.25],[116.33,-29.25],[116.31,-29.21],[117.89,-28.35],[118.22,-28.3],[118.37,-28.38],[118.42,-28.37],[118.53,-28.3],[118.65,-28.14],[118.73,-28.1]]]},"properties":{"NAME":"Badimaya","SUBJECTO":"Badimaya","BORDERPRECISION":3}},
{"type":"Feature","geometry":{"type":"Polygon","coordinates":[[[130.98,-12.98],[130.47,-13.37],[131.17,-13.45],[131.52,-13.23],[130.98,-12.98]]]},"properties":{"NAME":"Kungarakany","SUBJECTO":"Kungarakany","BORDERPRECISION":3}},
{"type":"Feature","geometry":{"type":"Polygon","coordinates":[[[134.62,-14.51],[133.8,-13.93],[133.45,-14.15],[133.46,-14.28],[133.46,-14.3],[133.56,-14.39],[134.03,-14.72],[134.07,-14.74],[134.14,-14.72],[134.15,-14.72],[134.3,-14.8],[134.62,-15.03],[134.62,-14.51]]]},"properties":{"NAME":"Ngalakan","SUBJECTO":"Ngalakan","BORDERPRECISION":3}},
{"type":"Feature","geometry":{"type":"Polygon","coordinates":[[[124.22,-31.03],[124.43,-32.94],[126.01,-32.27],[128.9,-31.71],[131.02,-31.55],[131.11,-31.46],[131.24,-30.81],[131.03,-30.77],[128.69,-30.34],[127.13,-30.37],[126.36,-30.38],[125.19,-30.65],[124.42,-30.96],[124.22,-31.03]]]},"properties":{"NAME":"Mirning","SUBJECTO":"Mirning","BORDERPRECISION":3}},
{"type":"Feature","geometry":{"type":"Polygon","coordinates":[[[130.45,-15.69],[130.62,-15.7],[130.92,-15.65],[131.15,-15.65],[131.42,-15.66],[131.43,-15.6],[131.39,-15.5],[131.25,-15.36],[131.12,-15.32],[131.09,-15.31],[130.98,-15.42],[130.55,-15.49],[130.39,-15.49],[130.42,-15.53],[130.45,-15.66],[130.45,-15.69]]]},"properties":{"NAME":"Nungali","SUBJECTO":"Nungali","BORDERPRECISION":3}},
{"type":"Feature","geometry":{"type":"Polygon","coordinates":[[[117.09,-21.04],[117.07,-21.04],[117.03,-21.04],[116.91,-21.28],[116.89,-21.34],[116.88,-21.39],[116.88,-21.41],[116.94,-21.42],[117.26,-21.73],[117.48,-21.82],[117.67,-21.94],[117.81,-22.06],[117.84,-22.07],[117.89,-22.04],[118.2,-22.08],[118.91,-22.33],[118.92,-22.34],[118.93,-22.33],[118.91,-22.28],[118.98,-22.06],[119.03,-22.01],[118.96,-21.98],[118.89,-21.84],[118.65,-21.71],[118.65,-21.64],[118.62,-21.63],[118.39,-21.55],[118.11,-21.43],[117.98,-21.33],[117.96,-21.32],[117.91,-21.27],[117.42,-21.1],[117.18,-21.03],[117.09,-21.04]]]},"properties":{"NAME":"Yindjibarndi","SUBJECTO":"Yindjibarndi","BORDERPRECISION":3}},
{"type":"Feature","geometry":{"type":"Polygon","coordinates":[[[122.9,-18.48],[122.88,-18.45],[122.22,-18.19],[121.55,-18.77],[121.54,-18.79],[121.84,-18.84],[122.49,-18.96],[122.74,-19.03],[122.75,-19.02],[122.74,-19],[122.84,-18.54],[122.9,-18.48]]]},"properties":{"NAME":"Karajarri","SUBJECTO":"Karajarri","BORDERPRECISION":3}},
{"type":"Feature","geometry":{"type":"Polygon","coordinates":[[[120.53,-32.96],[120.38,-33.01],[120.2,-33.08],[118.58,-33.28],[119.51,-34.34],[123.19,-34.04],[123.46,-33.99],[123.62,-33.92],[123.92,-33.52],[123.95,-33.48],[123.65,-33.14],[122.83,-33.06],[122.8,-33.16],[122.75,-33.39],[121.4,-33.12],[120.71,-33.17],[120.58,-33.05],[120.54,-32.97],[120.53,-32.96]]]},"properties":{"NAME":"Wudjari","SUBJECTO":"Wudjari","BORDERPRECISION":3}},
{"type":"Feature","geometry":{"type":"Polygon","coordinates":[[[130.29,-17.12],[130.28,-17.18],[130.29,-17.18],[130.29,-17.29],[130.73,-17.38],[130.94,-17.37],[130.94,-17.39],[130.97,-17.39],[131.39,-16.77],[130.98,-16.39],[130.96,-16.4],[130.96,-16.44],[130.68,-16.69],[130.33,-17.09],[130.29,-17.12]]]},"properties":{"NAME":"Bilinara","SUBJECTO":"Bilinara","BORDERPRECISION":3}},
{"type":"Feature","geometry":{"type":"Polygon","coordinates":[[[130.37,-13.37],[130.31,-13.39],[130.3,-13.43],[130.32,-13.44],[130.33,-13.45],[130.37,-13.38],[130.4,-13.39],[130.39,-13.38],[130.37,-13.37]]]},"properties":{"NAME":"Tjerratj","SUBJECTO":"Tjerratj","BORDERPRECISION":3}},
{"type":"Feature","geometry":{"type":"Polygon","coordinates":[[[121.33,-21.99],[121.22,-22.01],[121.19,-22.02],[121.15,-22.02],[121.12,-22.06],[121.08,-22.11],[121.1,-22.2],[121.12,-22.28],[121.12,-23.05],[121,-23.3],[120.95,-23.36],[120.96,-23.39],[120.97,-23.44],[121.95,-24.53],[122.26,-24.8],[122.84,-25.3],[122.87,-25.33],[122.91,-25.37],[122.95,-25.4],[122.98,-25.42],[124.27,-24.26],[125.26,-24.47],[125.47,-24.57],[125.53,-24.6],[125.61,-24.64],[126.16,-24.23],[128.01,-24.11],[127.97,-24.06],[127.89,-23.99],[127.83,-23.92],[127.43,-23.65],[127.05,-23.3],[126.56,-22.35],[126.31,-22.04],[126.2,-21.96],[126.16,-21.93],[125.99,-21.81],[125.84,-21.81],[125.52,-21.81],[125.39,-21.81],[125.21,-21.96],[124.09,-22.35],[123.61,-21.42],[123.41,-21.36],[123.29,-21.37],[123.27,-21.37],[123.17,-21.38],[122.54,-22.41],[121.33,-21.99]]]},"properties":{"NAME":"Mardu","SUBJECTO":"Mardu","BORDERPRECISION":3}},
{"type":"Feature","geometry":{"type":"Polygon","coordinates":[[[119.35,-34.55],[119.46,-34.4],[119.16,-34.1],[118.67,-33.52],[118.44,-33.17],[117.86,-33.39],[117.45,-33.65],[117.65,-33.81],[117.67,-34.05],[118.57,-34.23],[118.92,-34.29],[119.35,-34.55]]]},"properties":{"NAME":"Goreng","SUBJECTO":"Goreng","BORDERPRECISION":3}},
{"type":"Feature","geometry":{"type":"Polygon","coordinates":[[[133.41,-12.85],[133.01,-12.08],[133.32,-12.81],[133.41,-12.85]]]},"properties":{"NAME":"Gunwinggu","SUBJECTO":"Gunwinggu","BORDERPRECISION":3}},
{"type":"Feature","geometry":{"type":"Polygon","coordinates":[[[115.82,-25.2],[115.77,-25.17],[115.75,-25.18],[115.44,-25.01],[115.38,-25],[115.37,-24.99],[115.26,-24.97],[115.03,-24.94],[114.87,-24.92],[114.14,-24.67],[113.55,-24.88],[113.75,-25.32],[114.21,-25.77],[114.57,-25.77],[114.73,-25.75],[114.73,-25.71],[115.82,-25.55],[115.81,-25.29],[115.84,-25.23],[115.83,-25.21],[115.82,-25.2]]]},"properties":{"NAME":"Yinggarda","SUBJECTO":"Yinggarda","BORDERPRECISION":3}},
{"type":"Feature","geometry":{"type":"Polygon","coordinates":[[[134.55,-23.02],[134.32,-23.02],[133.98,-22.98],[133.84,-22.96],[133.22,-22.92],[133.19,-22.91],[132.63,-22.78],[132.54,-22.8],[132.3,-23.01],[132.28,-23.04],[132.27,-23.04],[132.03,-23.18],[132.03,-23.66],[133.24,-25.44],[133.77,-26.02],[133.79,-26.03],[133.87,-26.08],[134.17,-26.25],[134.52,-26.55],[134.52,-26.28],[134.55,-23.24],[134.55,-23.02]]]},"properties":{"NAME":"Arrernte","SUBJECTO":"Arrernte","BORDERPRECISION":3}},
{"type":"Feature","geometry":{"type":"Polygon","coordinates":[[[132.22,-12.77],[132.3,-12.79],[132.43,-12.75],[132.43,-12.74],[132.41,-12.72],[132.4,-12.33],[132.43,-12.32],[132.18,-12.34],[132.22,-12.34],[132.24,-12.58],[132.22,-12.77]]]},"properties":{"NAME":"Konbudj","SUBJECTO":"Konbudj","BORDERPRECISION":3}},
{"type":"Feature","geometry":{"type":"Polygon","coordinates":[[[127.07,-26.58],[127.31,-26.59],[127.43,-26.58],[127.34,-26.53],[127.25,-26.5],[127.05,-26.42],[126.68,-26.24],[125.84,-25.68],[125.52,-25.05],[125.51,-24.62],[125.51,-24.61],[125.51,-24.6],[125.47,-24.57],[125.26,-24.47],[124.27,-24.26],[122.98,-25.42],[122.95,-25.4],[122.97,-25.53],[122.95,-26.03],[122.79,-26.01],[122.78,-26.01],[122.78,-26.03],[122.78,-26.16],[122.89,-26.49],[122.96,-26.56],[123.06,-26.67],[123.16,-26.78],[123.73,-27.16],[124.17,-27.35],[124.36,-27.46],[124.37,-27.47],[124.39,-27.4],[124.49,-27.16],[124.53,-26.85],[124.88,-26.14],[125.49,-25.91],[126.38,-26.44],[126.84,-26.58],[126.95,-26.58],[127.07,-26.58]]]},"properties":{"NAME":"Ngaanyatjarra","SUBJECTO":"Ngaanyatjarra","BORDERPRECISION":3}},
{"type":"Feature","geometry":{"type":"Polygon","coordinates":[[[125.67,-17.08],[125.68,-17.07],[125.77,-17],[125.86,-16.93],[125.94,-16.84],[126.53,-16.9],[127.08,-16],[127.3,-16],[127.46,-16],[127.51,-16],[127.52,-16],[127.74,-15.98],[127.85,-15.92],[127.94,-15.87],[128.02,-15.82],[128.11,-15.65],[128.12,-15.58],[128.12,-15.56],[128.12,-15.52],[128.05,-15.45],[128.02,-15.42],[127.83,-15.56],[127.72,-15.46],[127.72,-15.29],[127.66,-15.24],[127.65,-15.23],[127.62,-15.2],[127.44,-15.18],[127.38,-14.7],[127.29,-14.48],[127.28,-14.45],[127.24,-14.44],[126.99,-14.38],[126.75,-14.38],[126.69,-14.38],[126.05,-14.64],[126.03,-14.68],[126,-14.74],[125.95,-14.87],[125.9,-15.31],[125.85,-15.51],[125.75,-15.73],[125.73,-15.77],[125.7,-15.78],[125.56,-15.85],[125,-15.79],[124.82,-15.94],[124.78,-16.24],[124.79,-16.37],[124.8,-16.5],[124.85,-16.53],[125.62,-17.12],[125.67,-17.08]]]},"properties":{"NAME":"Ngarinyin","SUBJECTO":"Ngarinyin","BORDERPRECISION":3}},
{"type":"Feature","geometry":{"type":"Polygon","coordinates":[[[126.27,-17.72],[126.22,-17.73],[126.06,-17.93],[125.96,-18.04],[125.95,-18.05],[125.94,-18.06],[126.49,-18.14],[126.74,-18.48],[126.78,-18.48],[126.81,-18.48],[126.89,-18.48],[127.03,-18.47],[127.55,-18.26],[128.06,-17.94],[128.23,-17.72],[128.29,-17.56],[128.3,-17.55],[128.33,-17.55],[128.43,-17.56],[128.78,-17.66],[128.88,-17.78],[128.98,-17.81],[129,-17.82],[129.06,-17.85],[129.05,-17.83],[129.02,-17.62],[128.89,-17.17],[128.8,-16.7],[128.9,-16.65],[129.11,-16.63],[129.21,-16.63],[129.25,-16.63],[129.27,-16.63],[129.34,-16.46],[129.29,-16.34],[129.27,-16.32],[129.22,-16.27],[129.17,-16.23],[129.01,-16.14],[128.08,-15.88],[127.94,-15.87],[127.85,-15.92],[127.74,-15.98],[127.52,-16],[127.51,-16],[127.46,-16.04],[127.41,-16.08],[127.32,-16.67],[127.5,-17.2],[127.34,-17.33],[126.45,-17.69],[126.31,-17.71],[126.27,-17.72]]]},"properties":{"NAME":"Kija","SUBJECTO":"Kija","BORDERPRECISION":3}},
{"type":"Feature","geometry":{"type":"Polygon","coordinates":[[[131.34,-13.63],[131.01,-14.84],[131.97,-14.65],[131.34,-13.63]]]},"properties":{"NAME":"Wagiman","SUBJECTO":"Wagiman","BORDERPRECISION":3}},
{"type":"Feature","geometry":{"type":"Polygon","coordinates":[[[132.34,-12.98],[132.35,-12.96],[132.41,-12.99],[132.67,-13.02],[132.71,-12.91],[132.71,-12.81],[132.72,-12.81],[132.71,-12.8],[132.41,-12.8],[132.34,-12.98]]]},"properties":{"NAME":"Ngombur","SUBJECTO":"Ngombur","BORDERPRECISION":3}},
{"type":"Feature","geometry":{"type":"Polygon","coordinates":[[[134.55,-22.55],[134.54,-22.57],[134.13,-22.4],[134.01,-22.65],[133.98,-22.89],[133.96,-22.89],[133.98,-22.98],[134.32,-23.02],[134.55,-23.02],[134.55,-22.55]]]},"properties":{"NAME":"Alyawarre","SUBJECTO":"Alyawarre","BORDERPRECISION":3}},
{"type":"Feature","geometry":{"type":"Polygon","coordinates":[[[132.63,-11.75],[132.78,-11.58],[132.38,-11.3],[132.3,-11.5],[132.63,-11.75]]]},"properties":{"NAME":"Iwaidja","SUBJECTO":"Iwaidja","BORDERPRECISION":3}},
{"type":"Feature","geometry":{"type":"Polygon","coordinates":[[[132.72,-12.81],[132.71,-12.81],[132.71,-12.91],[132.67,-13.02],[132.41,-12.99],[132.35,-12.96],[132.34,-12.98],[132.32,-13.05],[132.29,-13.07],[132.66,-13.2],[132.85,-13.03],[132.83,-12.82],[132.76,-12.8],[132.72,-12.81]]]},"properties":{"NAME":"Mbukarla","SUBJECTO":"Mbukarla","BORDERPRECISION":3}},
{"type":"Feature","geometry":{"type":"Polygon","coordinates":[[[115.84,-23.85],[115.8,-23.87],[115.77,-24],[115.64,-24.22],[115.52,-24.62],[115.48,-24.7],[115.42,-24.89],[115.38,-25],[115.44,-25.01],[115.75,-25.18],[115.77,-25.17],[115.82,-25.2],[115.85,-25.2],[115.89,-25.11],[116.06,-24.97],[116.14,-24.76],[116.29,-24.65],[116.34,-24.62],[116.37,-24.56],[116.35,-24.46],[116.43,-23.98],[116.27,-23.88],[115.89,-23.86],[115.84,-23.85]]]},"properties":{"NAME":"Warriyangga","SUBJECTO":"Warriyangga","BORDERPRECISION":3}},
{"type":"Feature","geometry":{"type":"Polygon","coordinates":[[[132.67,-12.76],[132.71,-12.74],[132.69,-12.66],[132.67,-12.58],[132.73,-12.22],[132.63,-12.27],[132.43,-12.32],[132.4,-12.33],[132.41,-12.72],[132.43,-12.74],[132.48,-12.79],[132.63,-12.79],[132.67,-12.76]]]},"properties":{"NAME":"Gagudju","SUBJECTO":"Gagudju","BORDERPRECISION":3}},
{"type":"Feature","geometry":{"type":"Polygon","coordinates":[[[122.93,-16.73],[122.87,-16.66],[122.76,-16.6],[122.73,-16.72],[122.76,-16.74],[122.79,-16.74],[122.86,-16.73],[122.93,-16.73]]]},"properties":{"NAME":"Bardi","SUBJECTO":"Bardi","BORDERPRECISION":3}},
{"type":"Feature","geometry":{"type":"Polygon","coordinates":[[[133.4,-11.88],[133.14,-11.7],[133.08,-11.86],[133.4,-11.88]]]},"properties":{"NAME":"Maung","SUBJECTO":"Maung","BORDERPRECISION":3}},
{"type":"Feature","geometry":{"type":"Polygon","coordinates":[[[118.69,-20.34],[118.62,-20.37],[118.81,-20.62],[118.8,-20.99],[118.64,-21.54],[118.64,-21.6],[118.65,-21.64],[118.65,-21.71],[118.89,-21.84],[118.96,-21.98],[119.03,-22.01],[119.12,-22.04],[120.4,-22.09],[120.95,-22.16],[121.07,-22.23],[121.1,-22.2],[121.08,-22.11],[121.12,-22.06],[121.15,-22.02],[121.19,-22.02],[121.14,-21.95],[120.9,-20.98],[120.22,-20.52],[120.03,-20.28],[119.96,-20.14],[119.94,-20.12],[119.93,-20.11],[119.83,-20.26],[119.64,-20.39],[118.83,-20.14],[118.81,-20.17],[118.73,-20.32],[118.69,-20.34]]]},"properties":{"NAME":"Nyamal","SUBJECTO":"Nyamal","BORDERPRECISION":3}},
{"type":"Feature","geometry":{"type":"Polygon","coordinates":[[[129.99,-14.43],[130,-14.43],[130.02,-14.41],[129.98,-14.38],[129.93,-14.36],[129.9,-14.37],[129.87,-14.33],[129.86,-14.2],[129.87,-14.13],[129.89,-14.1],[129.88,-14.1],[129.88,-14.09],[129.87,-14.05],[129.9,-13.99],[129.87,-13.98],[129.76,-14.01],[129.76,-14.02],[129.6,-14.17],[129.65,-14.34],[129.81,-14.45],[129.92,-14.43],[129.99,-14.43]]]},"properties":{"NAME":"Marringarr","SUBJECTO":"Marringarr","BORDERPRECISION":3}},
{"type":"Feature","geometry":{"type":"Polygon","coordinates":[[[115.14,-34.4],[115.65,-34.6],[116,-34.94],[116.43,-35.05],[116.56,-34.84],[116.18,-34.17],[115.96,-33.67],[115.37,-34.08],[115.14,-34.4]]]},"properties":{"NAME":"Bibbulman","SUBJECTO":"Bibbulman","BORDERPRECISION":3}},
{"type":"Feature","geometry":{"type":"Polygon","coordinates":[[[126,-14.69],[126.03,-14.68],[126.05,-14.64],[126.69,-14.38],[126.75,-14.38],[126.69,-14.35],[126.62,-14.2],[126.64,-14.15],[126.1,-14.2],[125.97,-14.48],[126,-14.54],[126,-14.65],[126,-14.69]]]},"properties":{"NAME":"Gamberre","SUBJECTO":"Gamberre","BORDERPRECISION":3}},
{"type":"Feature","geometry":{"type":"Polygon","coordinates":[[[125.51,-24.61],[125.51,-24.62],[125.52,-25.05],[125.84,-25.68],[126.68,-26.24],[127.05,-26.42],[127.25,-26.5],[127.34,-26.53],[127.36,-26.54],[127.68,-26.48],[128.21,-26],[128.57,-26],[128.85,-26.01],[128.92,-26.01],[129.02,-25.9],[129.07,-25.85],[129.03,-24.8],[128.89,-24.43],[128.88,-24.42],[128.87,-24.4],[128.5,-24.27],[128.14,-24.13],[127.97,-24.06],[128.01,-24.11],[126.16,-24.23],[125.61,-24.64],[125.53,-24.6],[125.51,-24.61]]]},"properties":{"NAME":"Ngatatjara","SUBJECTO":"Ngatatjara","BORDERPRECISION":3}},
{"type":"Feature","geometry":{"type":"Polygon","coordinates":[[[121,-23.3],[120.98,-23.28],[119.81,-23.37],[119.67,-23.4],[119.64,-23.4],[119.62,-23.4],[119.62,-23.46],[119.62,-23.51],[119.63,-23.53],[119.7,-23.66],[119.81,-23.94],[119.88,-24.43],[119.83,-24.71],[119.72,-24.93],[119.65,-25.02],[119.58,-25.13],[119.32,-25.33],[119.13,-25.43],[119.01,-25.55],[118.95,-25.65],[118.93,-25.74],[118.92,-25.79],[118.91,-25.81],[119.23,-25.81],[119.64,-26],[120.61,-26.31],[120.78,-26.41],[120.79,-26.42],[120.83,-26.43],[121.03,-26.49],[121.94,-26.1],[122.5,-26.01],[122.62,-26.01],[122.78,-26.01],[122.79,-26.01],[122.95,-26.03],[122.97,-25.53],[122.95,-25.4],[122.91,-25.37],[122.87,-25.33],[122.84,-25.3],[122.26,-24.8],[121.95,-24.53],[120.97,-23.44],[120.96,-23.39],[120.95,-23.36],[121,-23.3]]]},"properties":{"NAME":"Wawula","SUBJECTO":"Wawula","BORDERPRECISION":3}},
{"type":"Feature","geometry":{"type":"Polygon","coordinates":[[[123.29,-21.36],[123.56,-21.05],[123.71,-20.9],[123.84,-20.75],[123.84,-20.68],[123.84,-20.53],[123.84,-20.42],[123.8,-20.04],[123.15,-19.13],[122.76,-19.03],[122.74,-19.03],[122.49,-18.96],[121.84,-18.84],[121.54,-18.79],[119.93,-20.08],[119.94,-20.12],[119.96,-20.14],[120.03,-20.28],[120.22,-20.52],[120.9,-20.98],[121.14,-21.95],[121.19,-22.02],[121.22,-22.01],[121.33,-21.99],[122.54,-22.41],[123.17,-21.38],[123.27,-21.37],[123.29,-21.36]]]},"properties":{"NAME":"Nyangumarda","SUBJECTO":"Nyangumarda","BORDERPRECISION":3}},
{"type":"Feature","geometry":{"type":"Polygon","coordinates":[[[134.48,-17.2],[134.6,-17.13],[134.62,-15.14],[134.62,-15.03],[134.3,-14.8],[134.15,-14.72],[134.14,-14.72],[134.07,-14.74],[133.93,-14.77],[133.9,-14.84],[133.86,-14.89],[133.82,-14.94],[133.76,-15.02],[133.69,-15.07],[133.63,-15.11],[133.48,-16.21],[133.51,-16.24],[133.66,-16.38],[133.87,-16.56],[134.31,-16.97],[134.45,-17.21],[134.48,-17.2]]]},"properties":{"NAME":"Alawa","SUBJECTO":"Alawa","BORDERPRECISION":3}},
{"type":"Feature","geometry":{"type":"Polygon","coordinates":[[[132.33,-16.11],[133.1,-14.96],[132.46,-14.98],[132.32,-15.96],[132.33,-16.11]]]},"properties":{"NAME":"Yangman","SUBJECTO":"Yangman","BORDERPRECISION":3}},
{"type":"Feature","geometry":{"type":"Polygon","coordinates":[[[134.48,-30.94],[134.32,-30.88],[133.23,-30.5],[131.85,-30.37],[131.44,-30.25],[131.41,-30.24],[131.37,-30.23],[131.29,-30.28],[131.04,-30.64],[131.24,-30.81],[131.11,-31.46],[131.36,-31.67],[133.84,-32.34],[134.47,-32.74],[134.48,-30.94]]]},"properties":{"NAME":"Wirangu","SUBJECTO":"Wirangu","BORDERPRECISION":3}},
{"type":"Feature","geometry":{"type":"Polygon","coordinates":[[[127.66,-15.24],[127.67,-15.23],[127.86,-15.02],[127.99,-14.86],[127.97,-14.74],[127.96,-14.7],[127.4,-14.1],[127.24,-14.28],[127.24,-14.44],[127.28,-14.45],[127.29,-14.48],[127.38,-14.7],[127.44,-15.18],[127.62,-15.2],[127.65,-15.23],[127.66,-15.24]]]},"properties":{"NAME":"Kwini","SUBJECTO":"Kwini","BORDERPRECISION":3}},
{"type":"Feature","geometry":{"type":"Polygon","coordinates":[[[131.2,-12.92],[131.12,-12.26],[130.84,-12.71],[131.1,-12.96],[131.2,-12.92]]]},"properties":{"NAME":"Larrakia","SUBJECTO":"Larrakia","BORDERPRECISION":3}},
{"type":"Feature","geometry":{"type":"Polygon","coordinates":[[[115.82,-28.57],[115.73,-28.51],[115.39,-28.57],[115.31,-28.53],[115.3,-28.54],[115.23,-28.57],[114.7,-28.72],[114.6,-28.72],[114.59,-28.72],[114.54,-28.78],[114.9,-30.13],[114.95,-30.31],[116.67,-29.95],[116.38,-29.38],[116.31,-29.25],[116.27,-29.27],[115.82,-28.61],[115.82,-28.57]]]},"properties":{"NAME":"Amangu","SUBJECTO":"Amangu","BORDERPRECISION":3}},
{"type":"Feature","geometry":{"type":"Polygon","coordinates":[[[134.23,-12.1],[134.17,-12.12],[134.14,-12.18],[134.12,-12.24],[134.12,-12.26],[134.13,-12.26],[134.19,-12.26],[134.36,-12.25],[134.37,-12.17],[134.4,-12.16],[134.4,-12.15],[134.39,-12.12],[134.23,-12.1]]]},"properties":{"NAME":"Gungurugoni","SUBJECTO":"Gungurugoni","BORDERPRECISION":3}},
{"type":"Feature","geometry":{"type":"Polygon","coordinates":[[[122.83,-33.06],[123.65,-33.14],[123.95,-33.48],[123.92,-33.52],[124,-33.42],[124.43,-32.94],[124.22,-31.03],[123.38,-30.99],[123.19,-31.46],[123.11,-31.75],[123,-32.1],[122.92,-32.37],[122.93,-32.49],[122.91,-32.76],[122.83,-33.04],[122.83,-33.06]]]},"properties":{"NAME":"Ngatjumay","SUBJECTO":"Ngatjumay","BORDERPRECISION":3}},
{"type":"Feature","geometry":{"type":"Polygon","coordinates":[[[130.76,-16.07],[130.78,-16.07],[130.9,-16.09],[131.43,-15.99],[131.43,-15.66],[131.42,-15.66],[131.15,-15.65],[130.92,-15.65],[130.62,-15.7],[130.45,-15.69],[130.45,-15.71],[130.45,-15.81],[130.48,-15.96],[130.71,-16.05],[130.76,-16.07]]]},"properties":{"NAME":"Ngaliwuru","SUBJECTO":"Ngaliwuru","BORDERPRECISION":3}},
{"type":"Feature","geometry":{"type":"Polygon","coordinates":[[[114.64,-21.98],[113.62,-22.66],[113.72,-22.82],[115.26,-22.43],[114.92,-22.42],[114.64,-21.98]]]},"properties":{"NAME":"Thalanyji","SUBJECTO":"Thalanyji","BORDERPRECISION":3}},
{"type":"Feature","geometry":{"type":"Polygon","coordinates":[[[131.68,-12.38],[131.18,-12.24],[131.21,-12.92],[131.66,-12.94],[131.66,-12.93],[131.61,-12.91],[131.63,-12.39],[131.68,-12.38]]]},"properties":{"NAME":"Woolna","SUBJECTO":"Woolna","BORDERPRECISION":3}},
{"type":"Feature","geometry":{"type":"Polygon","coordinates":[[[134.64,-12.48],[134.31,-12.69],[133.96,-13.03],[133.95,-13.1],[134.32,-13.43],[134.63,-13.24],[134.64,-12.48]]]},"properties":{"NAME":"Rembarnga","SUBJECTO":"Rembarnga","BORDERPRECISION":3}},
{"type":"Feature","geometry":{"type":"Polygon","coordinates":[[[130.04,-14.45],[130.03,-14.44],[130,-14.43],[129.99,-14.43],[129.92,-14.43],[129.81,-14.45],[129.65,-14.34],[129.6,-14.17],[129.43,-14.31],[129.46,-14.5],[129.73,-14.67],[130.32,-14.8],[130.37,-14.53],[130.34,-14.51],[130.32,-14.51],[130.28,-14.49],[130.16,-14.47],[130.07,-14.47],[130.04,-14.45]]]},"properties":{"NAME":"Murrinh-patha","SUBJECTO":"Murrinh-patha","BORDERPRECISION":3}},
{"type":"Feature","geometry":{"type":"Polygon","coordinates":[[[130.58,-24.79],[130.5,-24.87],[129.33,-24.49],[129.07,-24.45],[128.89,-24.43],[129.03,-24.8],[129.07,-25.85],[129.02,-25.9],[129.02,-25.96],[129.02,-26.1],[129.02,-26.4],[129.08,-26.82],[129.29,-27.13],[130.21,-27.5],[130.54,-27.52],[130.64,-27.48],[130.67,-27.46],[130.69,-27.47],[130.7,-27.46],[130.7,-27.33],[130.87,-26.74],[130.78,-26.08],[130.95,-25.75],[131.04,-25.47],[131.05,-25.4],[131.06,-25.21],[130.85,-24.88],[130.7,-24.84],[130.58,-24.79]]]},"properties":{"NAME":"Pitjantjatjara","SUBJECTO":"Pitjantjatjara","BORDERPRECISION":3}},
{"type":"Feature","geometry":{"type":"Polygon","coordinates":[[[115.05,-34.38],[115.37,-34.07],[115.41,-33.77],[114.96,-33.87],[115.02,-34.26],[115.05,-34.38]]]},"properties":{"NAME":"Wardandi","SUBJECTO":"Wardandi","BORDERPRECISION":3}},
{"type":"Feature","geometry":{"type":"Polygon","coordinates":[[[132.63,-11.75],[132.75,-12.17],[132.88,-12.17],[132.93,-12.09],[132.78,-11.58],[132.63,-11.75]]]},"properties":{"NAME":"Amarak","SUBJECTO":"Amarak","BORDERPRECISION":3}},
{"type":"Feature","geometry":{"type":"Polygon","coordinates":[[[123.58,-16.39],[123.91,-16.57],[123.97,-16.64],[123.96,-16.74],[123.99,-16.82],[124.05,-16.82],[124.19,-16.83],[124.34,-16.83],[124.45,-16.84],[124.45,-16.77],[124.45,-16.65],[124.4,-16.52],[124.28,-16.52],[123.98,-16.41],[123.58,-16.39]]]},"properties":{"NAME":"Umida","SUBJECTO":"Umida","BORDERPRECISION":3}},
{"type":"Feature","geometry":{"type":"Polygon","coordinates":[[[132.75,-12.17],[132.92,-12.68],[132.87,-12.24],[132.75,-12.17]]]},"properties":{"NAME":"Kundjey’mi","SUBJECTO":"Kundjey’mi","BORDERPRECISION":3}},
{"type":"Feature","geometry":{"type":"Polygon","coordinates":[[[118.92,-22.34],[118.93,-22.34],[118.95,-22.4],[119.36,-22.71],[119.61,-23.38],[119.64,-23.4],[119.67,-23.4],[119.81,-23.37],[120.98,-23.28],[121,-23.3],[121.12,-23.05],[121.12,-22.28],[121.1,-22.2],[121.07,-22.23],[120.95,-22.16],[120.4,-22.09],[119.12,-22.04],[119.03,-22.01],[118.98,-22.06],[118.91,-22.28],[118.93,-22.33],[118.92,-22.34]]]},"properties":{"NAME":"Palyku","SUBJECTO":"Palyku","BORDERPRECISION":3}},
{"type":"Feature","geometry":{"type":"Polygon","coordinates":[[[117.59,-24.03],[117.58,-24.03],[117.42,-24.01],[117.36,-23.97],[116.99,-24.06],[116.83,-24.48],[116.5,-24.51],[116.37,-24.59],[116.34,-24.62],[116.29,-24.65],[116.14,-24.76],[116.06,-24.97],[115.89,-25.11],[115.85,-25.2],[115.84,-25.23],[115.81,-25.29],[115.82,-25.55],[114.73,-25.71],[114.73,-25.75],[114.72,-25.87],[114.77,-26.08],[114.74,-26.39],[114.68,-26.44],[114.64,-26.47],[114.87,-27.16],[114.91,-27.95],[115.2,-28.47],[115.27,-28.51],[115.31,-28.53],[115.39,-28.57],[115.73,-28.51],[115.82,-28.57],[115.86,-28.59],[115.88,-28.57],[116.24,-28.3],[116.76,-27.95],[117.57,-27.46],[117.75,-27.25],[117.98,-27.21],[118.01,-27.18],[118.04,-27.16],[118.23,-27.04],[118.88,-25.99],[118.91,-25.81],[118.92,-25.79],[118.93,-25.74],[118.95,-25.65],[119.01,-25.55],[119.13,-25.43],[119.17,-25.38],[118.44,-24.37],[117.67,-24.03],[117.59,-24.03]]]},"properties":{"NAME":"Watjarri","SUBJECTO":"Watjarri","BORDERPRECISION":3}},
{"type":"Feature","geometry":{"type":"Polygon","coordinates":[[[127.74,-19.46],[127.72,-19.81],[127.74,-20.6],[127.87,-20.73],[128.42,-20.89],[128.72,-20.91],[129.14,-21.06],[129.79,-20.96],[130.09,-21.09],[130.25,-21.11],[130.4,-21],[130.5,-20.55],[128.72,-19.3],[128.76,-19.26],[128.75,-19.25],[128.74,-19.24],[127.96,-19.31],[127.8,-19.42],[127.78,-19.42],[127.78,-19.43],[127.74,-19.46]]]},"properties":{"NAME":"Ngarti","SUBJECTO":"Ngarti","BORDERPRECISION":3}},
{"type":"Feature","geometry":{"type":"Polygon","coordinates":[[[124.46,-17.41],[124.46,-17.35],[124.45,-17.07],[124.45,-16.89],[124.45,-16.84],[124.34,-16.83],[124.19,-16.83],[124.05,-16.82],[123.99,-16.82],[123.96,-16.82],[123.6,-17.16],[123.63,-17.21],[123.67,-17.24],[123.86,-17.32],[124.4,-17.4],[124.46,-17.41]]]},"properties":{"NAME":"Warwa","SUBJECTO":"Warwa","BORDERPRECISION":3}},
{"type":"Feature","geometry":{"type":"Polygon","coordinates":[[[134.64,-12.11],[134.56,-12.1],[134.4,-12.16],[134.37,-12.17],[134.36,-12.25],[134.19,-12.26],[134.13,-12.26],[134.12,-12.26],[134.07,-12.26],[134.04,-12.26],[134.02,-12.27],[134,-12.27],[133.98,-12.27],[133.75,-13.02],[133.96,-13.03],[134.31,-12.69],[134.64,-12.48],[134.64,-12.44],[134.64,-12.11]]]},"properties":{"NAME":"Dangbon","SUBJECTO":"Dangbon","BORDERPRECISION":3}},
{"type":"Feature","geometry":{"type":"Polygon","coordinates":[[[132.21,-14.77],[132.18,-15.98],[132.3,-15.98],[132.21,-14.77]]]},"properties":{"NAME":"Wardaman","SUBJECTO":"Wardaman","BORDERPRECISION":3}},
{"type":"Feature","geometry":{"type":"Polygon","coordinates":[[[116.63,-32.14],[117.96,-33.32],[117.96,-32.98],[117.8,-32.77],[117.51,-32.38],[116.63,-32.14]]]},"properties":{"NAME":"Wiilman","SUBJECTO":"Wiilman","BORDERPRECISION":3}},
{"type":"Feature","geometry":{"type":"Polygon","coordinates":[[[132.2,-13.22],[131.92,-13.1],[131.6,-13.21],[132.07,-13.75],[132.08,-13.75],[132.1,-13.72],[132.2,-13.68],[132.62,-13.58],[132.68,-13.38],[132.26,-13.27],[132.21,-13.24],[132.2,-13.22]]]},"properties":{"NAME":"Warray","SUBJECTO":"Warray","BORDERPRECISION":3}},
{"type":"Feature","geometry":{"type":"Polygon","coordinates":[[[126.45,-20.37],[126.45,-20.63],[126.04,-21.58],[125.84,-21.81],[125.99,-21.81],[126.16,-21.93],[126.21,-21.91],[126.21,-21.88],[126.63,-21.62],[127.02,-21.04],[127.62,-20.65],[127.71,-20.68],[127.74,-20.6],[127.72,-19.81],[127.74,-19.46],[127.78,-19.43],[127.78,-19.42],[127.73,-19.43],[127.06,-19.27],[126.85,-19.17],[126.83,-19.18],[126.8,-19.2],[126.36,-20.28],[126.34,-20.34],[126.45,-20.37]]]},"properties":{"NAME":"Kukatja","SUBJECTO":"Kukatja","BORDERPRECISION":3}},
{"type":"Feature","geometry":{"type":"Polygon","coordinates":[[[116.61,-23],[116.59,-23.04],[116.67,-23.09],[116.86,-23.21],[117.1,-23.31],[117.19,-23.33],[117.2,-23.21],[116.98,-22.93],[116.98,-22.88],[116.98,-22.87],[116.96,-22.87],[116.88,-22.79],[116.86,-22.77],[116.84,-22.78],[116.65,-22.92],[116.61,-23]]]},"properties":{"NAME":"Jurruru","SUBJECTO":"Jurruru","BORDERPRECISION":3}},
{"type":"Feature","geometry":{"type":"Polygon","coordinates":[[[115.78,-22.92],[115.77,-22.87],[115.73,-22.85],[115.63,-22.81],[114.75,-22.83],[114.69,-23.26],[114.74,-23.34],[114.79,-23.35],[114.92,-23.4],[115.05,-23.42],[115.44,-23.67],[115.72,-23.72],[115.8,-23.75],[115.82,-23.7],[115.7,-23.25],[115.73,-22.93],[115.74,-22.9],[115.78,-22.92]]]},"properties":{"NAME":"Purduna","SUBJECTO":"Purduna","BORDERPRECISION":3}},
{"type":"Feature","geometry":{"type":"Polygon","coordinates":[[[126.21,-21.91],[126.2,-21.96],[126.31,-22.04],[126.56,-22.35],[127.05,-23.3],[127.43,-23.65],[127.83,-23.92],[127.89,-23.99],[127.97,-24.06],[128.14,-24.13],[128.5,-24.27],[128.87,-24.4],[128.96,-24.43],[129.07,-24.45],[129.33,-24.49],[130.5,-24.87],[130.58,-24.79],[130.6,-24.77],[130.67,-24.71],[130.91,-24.39],[131.19,-23.46],[131.26,-23.15],[131.29,-22.97],[131.3,-22.95],[131.31,-22.89],[131.32,-22.76],[130.44,-21.14],[130.32,-21.12],[130.25,-21.11],[130.09,-21.09],[129.79,-20.96],[129.14,-21.06],[128.72,-20.91],[128.42,-20.89],[127.87,-20.73],[127.71,-20.68],[127.62,-20.65],[127.02,-21.04],[126.63,-21.62],[126.21,-21.88],[126.21,-21.91]]]},"properties":{"NAME":"Pintupi","SUBJECTO":"Pintupi","BORDERPRECISION":3}},
{"type":"Feature","geometry":{"type":"Polygon","coordinates":[[[127.24,-14.44],[127.24,-14.28],[127.4,-14.1],[126.85,-13.78],[126.76,-14],[126.67,-14.1],[126.64,-14.15],[126.62,-14.2],[126.69,-14.35],[126.75,-14.38],[126.99,-14.38],[127.24,-14.44]]]},"properties":{"NAME":"Miwa","SUBJECTO":"Miwa","BORDERPRECISION":3}},
{"type":"Feature","geometry":{"type":"Polygon","coordinates":[[[117.82,-22.09],[117.77,-22.12],[117.6,-22.45],[117.54,-22.61],[117.49,-22.68],[117.46,-22.74],[117.45,-22.77],[117.43,-22.82],[117.49,-22.91],[118.2,-23.34],[118.42,-23.46],[118.56,-23.53],[118.58,-23.53],[118.8,-23.54],[118.85,-23.54],[119.14,-23.55],[119.47,-23.54],[119.62,-23.53],[119.63,-23.53],[119.62,-23.51],[119.62,-23.46],[119.62,-23.4],[119.64,-23.4],[119.61,-23.38],[119.36,-22.71],[118.95,-22.4],[118.93,-22.34],[118.92,-22.34],[118.91,-22.33],[118.2,-22.08],[117.89,-22.04],[117.84,-22.07],[117.82,-22.09]]]},"properties":{"NAME":"Banjima","SUBJECTO":"Banjima","BORDERPRECISION":3}},
{"type":"Feature","geometry":{"type":"Polygon","coordinates":[[[130.27,-13.63],[130.3,-13.55],[130.32,-13.47],[130.33,-13.46],[130.33,-13.45],[130.32,-13.44],[130.3,-13.43],[130.29,-13.43],[130.21,-13.48],[130.19,-13.5],[130.21,-13.6],[130.27,-13.63]]]},"properties":{"NAME":"Kuwema","SUBJECTO":"Kuwema","BORDERPRECISION":3}},
{"type":"Feature","geometry":{"type":"Polygon","coordinates":[[[130.25,-17.15],[130.14,-17.07],[129.25,-16.79],[129.25,-16.63],[129.21,-16.63],[129.11,-16.63],[128.9,-16.65],[128.8,-16.7],[128.89,-17.17],[129.02,-17.62],[129.05,-17.83],[129.2,-17.93],[129.28,-18.22],[129.27,-18.32],[129.89,-18.31],[130.95,-18.1],[130.97,-18.12],[131.11,-18.06],[131.49,-17.98],[131.51,-17.97],[131.49,-17.96],[131.29,-17.9],[131.09,-17.9],[130.99,-17.88],[130.98,-17.87],[130.96,-17.48],[130.94,-17.39],[130.94,-17.37],[130.73,-17.38],[130.29,-17.29],[130.29,-17.18],[130.28,-17.18],[130.25,-17.15]]]},"properties":{"NAME":"Gurindji","SUBJECTO":"Gurindji","BORDERPRECISION":3}},
{"type":"Feature","geometry":{"type":"Polygon","coordinates":[[[132.92,-21.93],[132.9,-21.96],[132.07,-22],[131.88,-22.55],[132.03,-22.75],[132.2,-22.98],[132.29,-22.98],[132.3,-23.01],[132.54,-22.8],[132.63,-22.78],[133.19,-22.91],[133.44,-22.9],[133.96,-22.89],[133.98,-22.89],[134.01,-22.65],[134.13,-22.4],[134.1,-22.39],[134.02,-22.35],[133.68,-22.21],[133.02,-22.13],[132.92,-21.93]]]},"properties":{"NAME":"Anmatyerre","SUBJECTO":"Anmatyerre","BORDERPRECISION":3}},
{"type":"Feature","geometry":{"type":"Polygon","coordinates":[[[130.2,-13.89],[130.14,-13.86],[130.1,-13.78],[130.13,-13.66],[130.06,-13.61],[129.86,-13.72],[129.85,-13.72],[129.77,-13.82],[129.76,-13.99],[129.76,-14.01],[129.87,-13.98],[129.9,-13.99],[129.87,-14.05],[129.88,-14.09],[129.88,-14.1],[129.89,-14.1],[129.92,-14.1],[129.99,-14.11],[130.04,-14.09],[130.05,-14.09],[130.08,-14.08],[130.16,-14.05],[130.18,-14.04],[130.19,-14.03],[130.21,-14.01],[130.21,-13.99],[130.22,-13.98],[130.23,-13.93],[130.23,-13.9],[130.2,-13.89]]]},"properties":{"NAME":"Marrithiyel","SUBJECTO":"Marrithiyel","BORDERPRECISION":3}},
{"type":"Feature","geometry":{"type":"Polygon","coordinates":[[[130.4,-13.39],[130.37,-13.38],[130.33,-13.45],[130.33,-13.46],[130.32,-13.47],[130.3,-13.55],[130.27,-13.63],[130.24,-13.71],[130.22,-13.88],[130.23,-13.88],[130.24,-13.89],[130.3,-13.91],[130.3,-13.89],[130.31,-13.89],[130.42,-13.89],[130.59,-13.85],[130.73,-13.8],[130.87,-13.8],[130.88,-13.81],[130.89,-13.81],[131.08,-13.8],[131.22,-13.8],[131.33,-13.62],[130.48,-13.42],[130.4,-13.39]]]},"properties":{"NAME":"Malak malak","SUBJECTO":"Malak malak","BORDERPRECISION":3}},
{"type":"Feature","geometry":{"type":"Polygon","coordinates":[[[125.34,-17.65],[125.48,-17.67],[125.78,-17.45],[125.79,-17.42],[125.79,-17.41],[125.73,-17.31],[125.68,-17.21],[125.67,-17.08],[125.62,-17.12],[124.85,-16.53],[124.72,-16.5],[124.4,-16.52],[124.45,-16.65],[124.45,-16.77],[124.45,-16.84],[124.45,-16.89],[124.45,-17.07],[124.46,-17.35],[124.46,-17.41],[124.49,-17.41],[124.55,-17.42],[124.7,-17.42],[125.05,-17.4],[125.21,-17.44],[125.28,-17.54],[125.33,-17.64],[125.34,-17.65]]]},"properties":{"NAME":"Unggumi","SUBJECTO":"Unggumi","BORDERPRECISION":3}},
{"type":"Feature","geometry":{"type":"Polygon","coordinates":[[[122.32,-28.7],[122.54,-28.65],[122.63,-28.7],[122.63,-28.66],[123.28,-28.29],[123.88,-27.88],[124.17,-27.63],[124.37,-27.52],[124.36,-27.46],[124.17,-27.35],[123.73,-27.16],[123.16,-26.78],[123.06,-26.67],[122.96,-26.56],[122.82,-26.78],[122.5,-27.29],[122.1,-27.56],[121.94,-27.69],[121.69,-27.86],[121.76,-27.91],[121.76,-27.92],[121.81,-27.98],[121.96,-28.16],[122.27,-28.58],[122.32,-28.7]]]},"properties":{"NAME":"Tjalkanti","SUBJECTO":"Tjalkanti","BORDERPRECISION":3}},
{"type":"Feature","geometry":{"type":"Polygon","coordinates":[[[122.8,-17.32],[122.76,-17.32],[122.6,-17.32],[122.16,-17.32],[122.13,-17.35],[122.1,-17.38],[122.15,-17.73],[122.18,-17.77],[122.19,-17.78],[122.68,-17.76],[122.74,-17.75],[122.81,-17.72],[122.82,-17.72],[122.81,-17.62],[122.8,-17.41],[122.8,-17.37],[122.8,-17.32]]]},"properties":{"NAME":"Ngumbarl","SUBJECTO":"Ngumbarl","BORDERPRECISION":3}},
{"type":"Feature","geometry":{"type":"Polygon","coordinates":[[[115.3,-28.54],[115.27,-28.51],[115.2,-28.47],[114.91,-27.95],[114.87,-27.16],[114.64,-26.47],[114.68,-26.44],[114.63,-26.4],[114.53,-26.4],[114.02,-26.59],[113.7,-26.81],[114.34,-28.49],[114.45,-28.65],[114.59,-28.72],[114.6,-28.72],[114.7,-28.72],[115.23,-28.57],[115.3,-28.54]]]},"properties":{"NAME":"Nhanta","SUBJECTO":"Nhanta","BORDERPRECISION":3}},
{"type":"Feature","geometry":{"type":"Polygon","coordinates":[[[119.94,-20.12],[119.93,-20.08],[119.81,-20.12],[119.53,-20.14],[118.87,-20.07],[118.83,-20.14],[119.64,-20.39],[119.83,-20.26],[119.93,-20.11],[119.94,-20.12]]]},"properties":{"NAME":"Ngarla","SUBJECTO":"Ngarla","BORDERPRECISION":3}},
{"type":"Feature","geometry":{"type":"Polygon","coordinates":[[[129.69,-15.09],[129.67,-15.15],[129.73,-15.23],[129.76,-15.27],[129.81,-15.25],[129.85,-15.3],[129.89,-15.34],[129.91,-15.41],[130.13,-15.44],[130.15,-15.49],[130.29,-15.4],[130.36,-15.45],[130.38,-15.48],[130.39,-15.49],[130.55,-15.49],[130.98,-15.42],[131.09,-15.31],[131.12,-15.28],[131.1,-14.89],[129.7,-15.06],[129.69,-15.09]]]},"properties":{"NAME":"Jaminjung","SUBJECTO":"Jaminjung","BORDERPRECISION":3}},
{"type":"Feature","geometry":{"type":"Polygon","coordinates":[[[117.59,-30.6],[116.43,-31.47],[116.73,-31.6],[116.73,-32.12],[117.59,-30.6]]]},"properties":{"NAME":"Ballardong","SUBJECTO":"Ballardong","BORDERPRECISION":3}},
{"type":"Feature","geometry":{"type":"Polygon","coordinates":[[[123.29,-21.36],[123.29,-21.37],[123.41,-21.36],[123.61,-21.42],[124.09,-22.35],[125.21,-21.96],[125.39,-21.81],[125.52,-21.81],[125.84,-21.81],[126.04,-21.58],[126.45,-20.63],[126.45,-20.37],[126.34,-20.34],[126.08,-20.28],[125.11,-20.18],[124.96,-20.2],[124.9,-20.2],[124.72,-20.22],[124.26,-20.53],[123.84,-20.53],[123.84,-20.68],[123.84,-20.75],[123.71,-20.9],[123.56,-21.05],[123.29,-21.36]]]},"properties":{"NAME":"Yulparitja","SUBJECTO":"Yulparitja","BORDERPRECISION":3}},
{"type":"Feature","geometry":{"type":"Polygon","coordinates":[[[132.85,-12.84],[133.61,-13.32],[133.65,-13.04],[133.51,-12.91],[133.44,-12.88],[133.32,-12.83],[132.91,-12.78],[132.85,-12.84]]]},"properties":{"NAME":"Wuningangk","SUBJECTO":"Wuningangk","BORDERPRECISION":3}},
{"type":"Feature","geometry":{"type":"Polygon","coordinates":[[[130.03,-14.44],[130.04,-14.45],[130.07,-14.47],[130.16,-14.47],[130.28,-14.49],[130.32,-14.51],[130.34,-14.51],[130.45,-14.54],[130.89,-14.41],[130.94,-14.25],[130.91,-14.01],[130.89,-13.86],[130.88,-13.81],[130.87,-13.8],[130.73,-13.8],[130.59,-13.85],[130.42,-13.89],[130.31,-13.89],[130.3,-13.89],[130.3,-13.91],[130.29,-14],[130.21,-14.09],[130.11,-14.13],[130.1,-14.13],[130.09,-14.13],[130.03,-14.2],[130.01,-14.28],[129.99,-14.34],[130.01,-14.39],[130.02,-14.41],[130.03,-14.43],[130.03,-14.44]]]},"properties":{"NAME":"Ngan’giwumirri","SUBJECTO":"Ngan’giwumirri","BORDERPRECISION":3}},
{"type":"Feature","geometry":{"type":"Polygon","coordinates":[[[115.76,-32.49],[115.77,-32.75],[115.97,-32.99],[116.02,-32.76],[116.11,-32.52],[116.14,-32.39],[116.03,-32.44],[115.76,-32.49]]]},"properties":{"NAME":"Pinjarup","SUBJECTO":"Pinjarup","BORDERPRECISION":3}},
{"type":"Feature","geometry":{"type":"Polygon","coordinates":[[[127.45,-28.59],[127.42,-28.56],[127.38,-28.52],[127.37,-28.52],[127.28,-28.56],[127.13,-28.63],[126.94,-28.83],[126.65,-28.88],[125.93,-28.56],[125.07,-28.03],[124.61,-27.61],[124.42,-27.52],[124.39,-27.51],[124.37,-27.52],[124.17,-27.63],[123.88,-27.88],[123.28,-28.29],[122.63,-28.66],[122.63,-28.7],[122.63,-28.73],[122.64,-28.85],[122.73,-28.94],[123.41,-30.11],[123.51,-30.47],[123.52,-30.73],[123.56,-30.9],[123.56,-30.92],[124.42,-30.96],[125.19,-30.65],[126.36,-30.38],[127.13,-30.37],[128.17,-30.13],[128.45,-30.13],[128.45,-30.11],[128.47,-29.78],[128.34,-29.5],[127.86,-29.06],[127.64,-28.79],[127.45,-28.59]]]},"properties":{"NAME":"Nyanganyatjara","SUBJECTO":"Nyanganyatjara","BORDERPRECISION":3}},
{"type":"Feature","geometry":{"type":"MultiPolygon","coordinates":[[[[134.63,-13.93],[134.37,-13.78],[134.33,-13.42],[134.32,-13.43],[133.95,-13.1],[133.75,-13.02],[133.65,-13.04],[133.61,-13.32],[133.64,-13.41],[133.63,-13.56],[133.8,-13.93],[134.62,-14.51],[134.63,-13.93]]],[[[123.38,-30.99],[124.22,-31.03],[124.42,-30.96],[123.56,-30.92],[123.55,-30.95],[123.35,-30.92],[123.25,-30.95],[123.38,-30.99]]],[[[120.41,-32.78],[120.39,-32.77],[120.33,-32.95],[120.2,-33.08],[120.38,-33.01],[120.46,-32.88],[120.41,-32.78]]],[[[117.88,-24.03],[117.67,-24.03],[118.44,-24.37],[118.57,-24.34],[118.79,-23.58],[118.8,-23.54],[118.58,-23.53],[118.5,-23.63],[117.88,-24.03]]],[[[119.44,-28.76],[120,-29.32],[120.74,-30.63],[120.99,-30.73],[120.22,-29.4],[119.69,-29.01],[119.52,-28.81],[119.44,-28.76]]],[[[118.47,-28.4],[118.42,-28.37],[118.69,-28.56],[119.2,-28.64],[118.47,-28.4]]],[[[113.77,-22.86],[113.72,-22.82],[113.62,-22.66],[113.74,-23.25],[113.77,-22.86]]],[[[113.37,-24.26],[113.43,-24.87],[113.9,-25.59],[113.75,-25.32],[113.55,-24.88],[113.57,-24.79],[113.37,-24.26]]],[[[132.11,-14.6],[132.21,-14.77],[132.46,-14.98],[133.1,-14.96],[132.93,-14.74],[132.11,-14.6]]],[[[132.26,-13.08],[132.29,-13.07],[132.32,-13.05],[132.34,-12.98],[132.41,-12.8],[132.43,-12.75],[132.3,-12.79],[132.21,-12.8],[131.72,-12.95],[131.66,-12.94],[131.21,-12.92],[131.2,-12.92],[131.1,-12.96],[130.98,-12.98],[131.52,-13.23],[131.6,-13.21],[131.92,-13.1],[132.18,-13.19],[132.26,-13.08]]],[[[116.41,-35.08],[116.43,-35.05],[116,-34.94],[115.65,-34.6],[115.14,-34.4],[115.05,-34.38],[115.02,-34.26],[115.05,-34.42],[115.62,-34.63],[115.97,-34.94],[116.56,-35.19],[117.74,-35.22],[116.41,-35.08]]],[[[118.65,-34.25],[118.57,-34.23],[117.67,-34.05],[117.56,-34.21],[116.21,-33.95],[116.18,-34.17],[116.56,-34.84],[116.57,-34.83],[118.65,-34.25]]],[[[119.01,-34.61],[119.35,-34.55],[118.92,-34.29],[119.03,-34.49],[119.01,-34.61]]],[[[113.06,-26.12],[114.34,-28.49],[113.7,-26.81],[113.6,-26.76],[113.06,-26.12]]],[[[122.31,-18.07],[122.25,-18.06],[122.21,-18.05],[122.23,-18.14],[122.31,-18.07]]],[[[122.16,-17.79],[122.15,-17.73],[122.1,-17.38],[122.09,-17.62],[122.18,-17.92],[122.16,-17.79]]],[[[128.45,-30.13],[128.17,-30.13],[127.13,-30.37],[128.69,-30.34],[131.04,-30.64],[131.29,-30.28],[131.37,-30.23],[131.36,-30.22],[131.35,-30.22],[131.25,-30.21],[130.16,-30.12],[129.34,-30.09],[128.46,-30.13],[128.45,-30.13]]],[[[122.73,-16.74],[122.73,-16.72],[122.76,-16.6],[122.65,-16.74],[122.73,-16.74]]],[[[131.94,-16.31],[131.93,-16.44],[132.23,-16.31],[132.33,-16.11],[132.32,-15.96],[132.3,-15.98],[132.18,-15.98],[132.14,-16],[131.94,-16.31]]],[[[116.39,-31.39],[116.39,-31.47],[116.67,-31.99],[116.63,-32.14],[117.51,-32.38],[116.73,-32.12],[116.73,-31.6],[116.43,-31.47],[117.59,-30.6],[117.92,-30.67],[116.95,-30.12],[116.83,-30.05],[116.39,-31.39]]],[[[114.97,-30.34],[114.95,-30.31],[114.9,-30.13],[115.06,-30.8],[115.49,-31.55],[115.98,-31.42],[115.92,-31.37],[115.43,-31.39],[114.97,-30.34]]],[[[114.69,-21.95],[114.64,-21.98],[114.92,-22.42],[115.26,-22.43],[115.13,-22.4],[114.69,-21.95]]],[[[130.98,-17.55],[131.56,-16.6],[131.39,-16.77],[130.97,-17.39],[130.96,-17.48],[130.98,-17.87],[130.98,-17.83],[130.98,-17.55]]],[[[123.57,-17.17],[123.6,-17.16],[123.51,-17.11],[123.5,-17.32],[123.53,-17.38],[123.56,-17.21],[123.57,-17.17]]],[[[130.47,-13.37],[130.48,-13.42],[131.33,-13.62],[131.34,-13.63],[131.17,-13.45],[130.47,-13.37]]],[[[124.43,-32.94],[124,-33.42],[126.06,-32.43],[129.19,-31.8],[131.36,-31.67],[131.02,-31.55],[128.9,-31.71],[126.01,-32.27],[124.43,-32.94]]],[[[117.45,-33.65],[117.56,-33.77],[117.65,-33.81],[117.45,-33.65]]],[[[118.67,-33.52],[118.58,-33.28],[118.44,-33.17],[118.67,-33.52]]],[[[119.46,-34.4],[119.51,-34.34],[119.16,-34.1],[119.46,-34.4]]],[[[133.01,-12.08],[132.93,-12.09],[132.88,-12.17],[132.87,-12.24],[132.92,-12.68],[132.89,-12.77],[132.91,-12.78],[133.32,-12.83],[133.32,-12.81],[133.01,-12.08]]],[[[114.59,-28.72],[114.45,-28.65],[114.54,-28.78],[114.59,-28.72]]],[[[116.67,-29.95],[116.72,-30],[116.52,-29.6],[116.38,-29.38],[116.67,-29.95]]],[[[117.96,-32.98],[118.04,-32.98],[117.8,-32.77],[117.96,-32.98]]]]},"properties":{"NAME":"Australian aboriginal hunter-gatherers","SUBJECTO":"Australian aboriginal hunter-gatherers","BORDERPRECISION":1}},
{"type":"Feature","geometry":{"type":"Polygon","coordinates":[[[7.16,53.16],[4.64,52.76],[3.77,51.38],[6.01,50.76],[7.07,52.27],[7.16,53.16]]]},"properties":{"NAME":"       ","SUBJECTO":"United Kingdom of Netherlands","BORDERPRECISION":3}},
{"type":"Feature","geometry":{"type":"MultiPolygon","coordinates":[[[[6.11,50.12],[6.01,50.76],[3.77,51.38],[2.52,51.09],[5.82,49.51],[6.11,50.12]]],[[[26.16,48.94],[24.26,50.16],[20.26,49.89],[18.79,49.89],[16.73,50.15],[15.01,51.06],[12.25,50.22],[13.95,48.66],[12.7,47.69],[9.67,47.56],[9.54,47.49],[10.4,46.89],[10.66,45.81],[13.57,46.51],[13.8,45.57],[15.41,43.93],[17.55,42.92],[15.76,44.79],[19.01,45.46],[22.13,44.51],[22.48,45.73],[24.94,45.96],[26.19,46.81],[26.16,48.94]]]]},"properties":{"NAME":"Austrian Empire","SUBJECTO":"Austrian Empire","BORDERPRECISION":3}},
{"type":"Feature","geometry":{"type":"Polygon","coordinates":[[[155.48,50.12],[156.15,50.52],[155.9,50.7],[155.48,50.12]]]},"properties":{"NAME":"Kuril Islands","SUBJECTO":"(Russian and Japanese claim)","BORDERPRECISION":3}},
{"type":"Feature","geometry":{"type":"MultiPolygon","coordinates":[[[[136.81,37.31],[135.98,35.97],[132.66,35.38],[130.9,33.9],[134.43,34.63],[135.76,33.34],[136.73,34.87],[138.15,34.53],[140.32,35.03],[140.87,37.92],[142,39.67],[141.15,40.87],[139.2,37.92],[136.81,37.31]]],[[[130.58,30.91],[131.32,31.51],[131.67,33.31],[129.34,33.15],[130.58,30.91]]],[[[140.01,41.38],[140.25,42.23],[141.93,42.5],[143.21,41.93],[145.06,43.79],[143.51,44.16],[141.88,45.44],[141.3,43.19],[139.71,42.48],[140.01,41.38]]]]},"properties":{"NAME":"Japan","SUBJECTO":"Japan","BORDERPRECISION":3}},
{"type":"Feature","geometry":{"type":"MultiPolygon","coordinates":[[[[-141.06,69.6],[-149.29,70.54],[-156.9,71.35],[-160.24,70.86],[-164.07,69.06],[-166.84,68.41],[-163.74,67.22],[-168.18,65.69],[-166.59,64.73],[-163.03,64.44],[-161.13,63.56],[-165.43,62.43],[-165.9,61.27],[-162,58.83],[-158.29,58.73],[-156.68,57.4],[-154.65,58.08],[-154.28,59.25],[-151.78,59.99],[-149.33,60.03],[-148.49,61.06],[-144.41,60.09],[-139.57,59.9],[-137.58,58.6],[-134.12,58.24],[-131.77,56.01],[-130,55.29],[-133.5,58.42],[-135.85,59.65],[-137.22,58.88],[-139.01,60.26],[-140.89,60.39],[-140.97,66.03],[-141.06,69.6]]],[[[-179.5,68.95],[-180,68.98],[-180,68.07],[-180,67.07],[-180,66.07],[-180,65.07],[-178.56,65.52],[-173.19,64.25],[-172.42,65.58],[-170.14,66.16],[-178.74,68.54],[-179.5,68.95]]]]},"properties":{"NAME":"Russian Empire","SUBJECTO":"Russian Empire","BORDERPRECISION":3}},
{"type":"Feature","geometry":{"type":"Polygon","coordinates":[[[-79.05,42.85],[-80.07,42.15],[-82.57,41.4],[-83.06,42.03],[-82.3,43.03],[-83.39,44.31],[-83.82,46.15],[-84.74,46.47],[-87.76,46.86],[-90.28,46.62],[-89.62,47.97],[-91.68,48.04],[-94.82,49.05],[-100.46,49.04],[-104.26,49.06],[-110.67,49.05],[-115.16,49.06],[-122.9,49.07],[-124.68,48.39],[-123.99,45.76],[-124.63,43.01],[-124.31,42.05],[-118.92,42.05],[-110.21,42.05],[-110.21,38.35],[-107.48,38.19],[-104.1,37.55],[-100.24,37.71],[-100.2,34.54],[-97.33,33.7],[-94.25,33.54],[-93.75,31.17],[-94.06,29.7],[-90,29.11],[-89.23,30.41],[-86.39,30.47],[-85.3,29.66],[-83.89,30.05],[-82.65,28.91],[-82.84,27.84],[-81.1,25.13],[-80.05,26.55],[-81.51,30.73],[-80.58,32.5],[-76.62,34.76],[-75.73,35.88],[-75.67,37.9],[-74.15,39.77],[-73.74,40.98],[-70.3,41.76],[-70.87,42.87],[-70.22,43.8],[-67.19,45.25],[-67.7,47.04],[-69.05,47.46],[-70.59,45.29],[-71.53,44.96],[-74.78,45.01],[-76.13,44.33],[-76.94,43.24],[-79.14,43.22],[-79.05,42.85]],[[-87.68,42.02],[-87.91,43.19],[-86.72,45.87],[-85.38,46.07],[-86.51,43.68],[-86.23,42.62],[-87.68,42.02]]]},"properties":{"NAME":"United States","SUBJECTO":"United States","BORDERPRECISION":3}},
{"type":"Feature","geometry":{"type":"Polygon","coordinates":[[[124.13,39.84],[125.3,39.36],[124.74,38.28],[126.63,37.59],[126.37,34.79],[128.45,34.85],[129.44,35.48],[129.34,37.26],[127.28,39.22],[129.48,40.68],[130.44,42.28],[130.23,42.65],[128.1,41.45],[126.47,41.65],[124.13,39.84]]]},"properties":{"NAME":"Korea","SUBJECTO":"Korea","BORDERPRECISION":3}},
{"type":"Feature","geometry":{"type":"MultiPolygon","coordinates":[[[[-22.47,66],[-22.37,63.77],[-18.64,63.32],[-14.82,64.2],[-13.65,65.5],[-16.39,66.45],[-21.08,65.21],[-22.47,66]]],[[[-27.91,70.28],[-25.29,71.57],[-24.08,73.76],[-20.33,73.42],[-19.19,75.44],[-21.18,76.7],[-18.25,77.3],[-20.88,78.82],[-14.2,81.21],[-22.05,81.54],[-22.43,82.74],[-32.51,83.58],[-49.65,82.48],[-61.12,81.8],[-67.14,80.56],[-65.48,79.16],[-72.38,78.53],[-71.18,77.26],[-67.04,75.94],[-63.65,76.38],[-58.64,75.79],[-54.73,73.04],[-55.63,71.73],[-51.72,71.59],[-50.57,69.87],[-50.48,67.48],[-52.3,66.91],[-51.37,63.73],[-48.92,61.42],[-43.14,59.82],[-42.27,62.19],[-40.52,63.78],[-39.99,65.53],[-35.97,65.85],[-32.96,67.64],[-26.96,68.5],[-22.73,69.77],[-27.91,70.28]]]]},"properties":{"NAME":"Denmark","SUBJECTO":"Denmark","BORDERPRECISION":3}},
{"type":"Feature","geometry":{"type":"MultiPolygon","coordinates":[[[[31.05,69.64],[28.31,70.95],[24.57,70.74],[20.16,69.75],[13.17,66.46],[9.83,63.68],[5.15,61.74],[5.62,58.46],[8.15,58.09],[10.55,59.38],[13.3,55.3],[15.77,56.03],[16.74,58.31],[19.04,59.86],[17.15,60.95],[18.49,62.98],[20.7,63.82],[22.65,65.93],[23.95,65.8],[23.49,67.83],[26.51,69.81],[31.05,69.64]]],[[[13.4,79.43],[11.76,78.88],[15.1,77.12],[19.12,78.45],[13.4,79.43]]]]},"properties":{"NAME":"Sweden–Norway","SUBJECTO":"","BORDERPRECISION":3}},
{"type":"Feature","geometry":{"type":"Polygon","coordinates":[[[15.01,51.06],[16.73,50.15],[18.79,49.89],[18.77,50.18],[17.9,52.18],[22.81,53.81],[22.79,54.9],[20.95,56.07],[21.14,54.85],[18.28,54.72],[14.47,53.88],[13.78,53.78],[12.46,54.25],[13.26,53.57],[13.72,53.28],[12.84,52.94],[11.08,52.97],[10.21,51.66],[10.15,51.64],[10.18,51.6],[10.55,51.57],[10.97,51.58],[10.77,51.44],[10.47,51.49],[10.16,51.47],[9.65,51.31],[9.93,51.1],[12.06,51.02],[15.01,51.06]],[[11.06,51.56],[11.93,52.09],[12.16,51.84],[11.8,51.56],[11.06,51.56]]]},"properties":{"NAME":"Prussia","SUBJECTO":"Prussia","BORDERPRECISION":3}},
{"type":"Feature","geometry":{"type":"Polygon","coordinates":[[[14.07,53.92],[13.78,54.04],[13.83,53.83],[14.07,53.92]]]},"properties":{"NAME":"Prussia","SUBJECTO":"Prussia","BORDERPRECISION":3}},
{"type":"Feature","geometry":{"type":"Polygon","coordinates":[[[20.26,49.89],[18.77,50.18],[18.79,49.89],[20.26,49.89]]]},"properties":{"NAME":"Republic of Kraków","SUBJECTO":"Republic of Kraków","BORDERPRECISION":3}},
{"type":"Feature","geometry":{"type":"Polygon","coordinates":[[[30.43,46.18],[33.64,45.93],[37.42,47.08],[37.97,46.44],[37.47,44.69],[41.41,42.79],[41.48,41.44],[42.88,41.55],[44.98,42.77],[47.35,41.44],[47.49,43.58],[47.56,45.45],[51.37,47.09],[53.19,46.87],[53.27,45.34],[58.61,46.79],[65.33,50.39],[66.53,50.64],[71.88,51.74],[75.46,51.66],[77.06,52.23],[78.65,50.81],[81.48,50.29],[84.44,50.55],[91.12,52.48],[93.57,52.35],[95.19,53.8],[97.61,52.15],[102.12,51.36],[103.68,50.17],[106.32,50.42],[109.42,49.3],[112.52,49.46],[114.1,50.27],[117.49,49.59],[119.18,50.7],[121.19,53.32],[125.51,53.16],[127.71,49.7],[130.48,48.9],[130.92,47.73],[134.11,48.25],[134.17,47.33],[132.78,44.99],[130.99,44.82],[131.14,43.23],[130.23,42.65],[130.44,42.28],[132.18,43.19],[134.14,42.99],[137.72,46],[140.08,48.5],[141.12,53.05],[140.1,53.8],[134.99,54.85],[137.23,55.98],[142.85,59.27],[148.42,59.1],[151.14,59.44],[153.92,58.92],[154.32,59.98],[157.1,61.63],[158.84,61.78],[160.64,60.72],[163.33,60.69],[158.33,58.03],[156.78,57.58],[155.47,54.92],[156.7,50.96],[161.5,55.29],[162.51,57.03],[161.8,58.1],[163.39,59.81],[165.78,60.35],[170.34,60.28],[173.48,61.6],[179.29,62.82],[178.15,64.16],[180,64.95],[180,65.05],[180,65.31],[180,65.38],[180,65.96],[180,66.96],[180,67.96],[180,68.92],[175.61,69.78],[170.45,70.02],[167.32,69.66],[159.44,69.76],[158.41,70.81],[152.13,70.66],[146.92,72.2],[141.29,72.79],[137.63,71.08],[132.28,71.66],[130.78,70.68],[126.22,72.38],[125.72,73.4],[120.58,72.84],[118.46,73.52],[108.34,73.69],[113.63,75.27],[113.53,76.09],[103.39,77.56],[99.47,75.97],[90,75.6],[87.69,73.9],[80.46,73.31],[79.22,72.27],[73.22,71.46],[74.74,67.69],[72.84,67.65],[72.71,72.77],[69.34,72.83],[66.82,71.11],[66.58,68.89],[62.28,69.71],[57.02,68.45],[53.89,68.79],[48.08,67.56],[43.82,68.33],[44.38,66.61],[39.95,65.58],[37.41,63.75],[35.08,64.29],[34.29,65.4],[35.77,66.26],[39.19,66.04],[40.83,67.66],[37.25,68.79],[31.05,69.64],[26.51,69.81],[23.49,67.83],[23.95,65.8],[24.47,64.64],[21.03,62.48],[21.56,60.51],[23.66,59.84],[28.44,60.34],[27.7,59.3],[23.42,59.12],[24.35,57.16],[21.68,57.46],[20.95,56.07],[22.79,54.9],[22.81,53.81],[17.9,52.18],[18.77,50.18],[20.26,49.89],[24.26,50.16],[26.16,48.94],[28.91,47.82],[30.43,46.18]]]},"properties":{"NAME":"Russian Empire","SUBJECTO":"Russian Empire","BORDERPRECISION":3}},
{"type":"Feature","geometry":{"type":"Polygon","coordinates":[[[12.4,43.96],[12.49,43.9],[12.5,43.99],[12.4,43.96]]]},"properties":{"NAME":"San Marino","SUBJECTO":"San Marino","BORDERPRECISION":3}},
{"type":"Feature","geometry":{"type":"Polygon","coordinates":[[[102.07,6.15],[100.61,6.98],[100.13,8.53],[99.07,9.9],[99.9,12.08],[100.87,12.68],[102.53,12.15],[102.61,12.1],[102.75,12.4],[102.36,13.51],[102.94,14.15],[103.62,14.41],[104.36,14.33],[105.13,14.22],[105.86,13.97],[106.13,13.96],[106.14,14.09],[106.05,14.39],[106.51,14.54],[106.84,14.32],[107.39,14.56],[107.11,16.17],[104.81,18.72],[104.72,20.2],[102.99,20.94],[101.97,22.53],[101.75,21.47],[100.32,21.46],[99.16,22.31],[98.77,24.09],[97.7,23.88],[98.2,21.61],[97.37,20.78],[97.27,18.5],[98.82,16.32],[98.14,15.19],[99,13.89],[99.58,11.89],[98.59,10.12],[98.18,8.6],[100.16,6.34],[102.07,6.15]]]},"properties":{"NAME":"Rattanakosin Kingdom","SUBJECTO":"Rattanakosin Kingdom","BORDERPRECISION":3}},
{"type":"Feature","geometry":{"type":"Polygon","coordinates":[[[74.73,37.21],[73.83,39.78],[77.49,41.06],[74.89,42.69],[76.74,43.36],[72.95,45.03],[66.53,50.64],[65.33,50.39],[58.61,46.79],[53.27,45.34],[51.51,45.37],[51.17,43.72],[52.52,42.07],[53.99,42.11],[54.82,40.88],[52.85,40.18],[54.07,38.9],[54.02,37.35],[55.36,38.04],[57.23,38.19],[59.24,37.45],[61.22,35.58],[62.68,35.27],[64.54,36.34],[65.72,37.49],[67.86,36.85],[71.44,37.83],[74.73,37.21]],[[61.25,46.61],[60.94,44.44],[60.08,43.61],[58.37,43.74],[58.82,45.93],[61.25,46.61]]]},"properties":{"NAME":"Turan","SUBJECTO":"Turan","BORDERPRECISION":3}},
{"type":"Feature","geometry":{"type":"Polygon","coordinates":[[[178.18,-18.24],[178.17,-17.34],[177.51,-17.51],[177.33,-18.12],[178.18,-18.24]]]},"properties":{"NAME":"Tuʻi Tonga Empire","SUBJECTO":"Tuʻi Tonga Empire","BORDERPRECISION":3}},
{"type":"Feature","geometry":{"type":"Polygon","coordinates":[[[-109.24,-27.13],[-109.37,-27.06],[-109.43,-27.2],[-109.24,-27.13]]]},"properties":{"NAME":"Polynesians","SUBJECTO":"Polynesians","BORDERPRECISION":3}},
{"type":"Feature","geometry":{"type":"Polygon","coordinates":[[[114.03,22.51],[114.33,22.27],[114.31,22.55],[114.03,22.51]]]},"properties":{"NAME":"Hong Kong","SUBJECTO":"Hong Kong","BORDERPRECISION":3}},
{"type":"Feature","geometry":{"type":"Polygon","coordinates":[[[108.56,19.06],[109.43,18.1],[110.26,18.63],[109.55,19.91],[108.56,19.06]]]},"properties":{"NAME":"Manchu Empire","SUBJECTO":"Manchu Empire","BORDERPRECISION":3}}
]}