{"type":"FeatureCollection", "features": [
{"type":"Feature","geometry":{"type":"Polygon","coordinates":[[[5.82,49.51],[6.43,49.45],[6.11,50.12],[5.82,49.51]]]},"properties":{"NAME":"Luxembourg","SUBJECTO":"Luxembourg","BORDERPRECISION":3}},
{"type":"Feature","geometry":{"type":"MultiPolygon","coordinates":[[[[40.39,14.91],[38.96,17.19],[38.04,16.23],[38.04,15.01],[39.64,14.15],[40.39,14.91]]],[[[38.53,18.16],[37.4,18.92],[37.17,20.76],[35.96,19.42],[36.45,18.07],[38.53,18.16]]],[[[18.51,42.36],[19.37,40.26],[21.23,37.9],[23.56,38.35],[22.6,40.4],[28.83,40.91],[27.5,42.52],[30.43,46.18],[29.01,47.55],[26.16,48.94],[26.19,46.81],[24.94,45.96],[20.64,44.81],[20.57,44.85],[15.83,45.2],[17.55,42.92],[17.65,42.86],[18.51,42.36]]],[[[36.8,21.91],[35.75,22.91],[33.93,26.56],[34.89,28.36],[39.1,22.4],[39.17,21.22],[40.82,19.68],[41.92,20.77],[41.81,21.71],[40.65,24.15],[38.81,24.84],[36.59,29.79],[37.21,33.57],[38.04,34.6],[40.03,34.39],[44.08,30.34],[46.91,29.44],[49.7,24.41],[50.57,23.85],[50.97,24.44],[48.86,27.52],[48.55,29.99],[47.79,31.8],[45.51,33.8],[46.18,35.06],[44.21,37.87],[44.64,39.66],[42.88,41.55],[41.48,41.44],[40.36,40.96],[36.38,41.24],[33.56,41.98],[30.74,41.04],[26.13,39.88],[27.16,37.36],[30.47,36.19],[35.71,36.21],[35.87,34.42],[34.5,31.62],[33.56,30.97],[31,31.47],[29.25,30.75],[25.26,31.44],[26,30.71],[29.43,22.66],[30.35,22.11],[31.62,21.3],[32.66,21],[36.8,21.91]]]]},"properties":{"NAME":"Ottoman Empire","SUBJECTO":"Ottoman Empire","BORDERPRECISION":3}},
{"type":"Feature","geometry":{"type":"MultiPolygon","coordinates":[[[[136.72,37.27],[134.43,34.63],[135.76,33.34],[136.73,34.87],[140.32,35.03],[140.87,37.92],[142,39.67],[141.15,40.87],[139.2,37.92],[136.72,37.27]]],[[[130.74,30.89],[131.83,32.69],[129.34,33.15],[130.74,30.89]]],[[[140.11,41.27],[141.93,42.5],[143.21,41.93],[145.06,43.79],[141.88,45.44],[141.3,43.19],[140.11,41.27]]]]},"properties":{"NAME":"Japan","SUBJECTO":"Japan","BORDERPRECISION":3}},
{"type":"Feature","geometry":{"type":"Polygon","coordinates":[[[-88.32,18.49],[-89.15,17.83],[-88.94,15.9],[-88.32,18.49]]]},"properties":{"NAME":"United Kingdom","SUBJECTO":"UK","BORDERPRECISION":3}},
{"type":"Feature","geometry":{"type":"MultiPolygon","coordinates":[[[[120.36,14.53],[122.4,17.11],[120.39,18.04],[119.77,15.47],[120.36,14.53]]],[[[126.05,6.61],[125.93,9.17],[123.46,7.79],[124.22,6.09],[126.05,6.61]]]]},"properties":{"NAME":"Philippines","SUBJECTO":"Philippines","BORDERPRECISION":3}},
{"type":"Feature","geometry":{"type":"MultiPolygon","coordinates":[[[[-1.91,43.31],[-7.64,43.72],[-8.81,41.89],[-6.71,41.96],[-7.49,37.21],[-5.66,36.01],[-2.24,36.73],[0.17,38.74],[0.88,41.02],[3.09,42.37],[-0.61,42.73],[-1.91,43.31]]],[[[-82.04,22.39],[-77.29,20.7],[-77.34,21.51],[-81.43,23.14],[-82.04,22.39]]]]},"properties":{"NAME":"Spain","SUBJECTO":"Spain","BORDERPRECISION":3}},
{"type":"Feature","geometry":{"type":"Polygon","coordinates":[[[44.67,-16.24],[43.97,-17.55],[44.47,-20.17],[43.5,-21.49],[43.67,-24.23],[45.58,-25.62],[47.26,-24.77],[49.34,-18.23],[50.5,-15.31],[49.82,-12.83],[46.92,-15.36],[44.67,-16.24]],[[48.01,-17.02],[48.49,-20.04],[47.19,-23.12],[45.29,-22.65],[46.65,-17.73],[48.01,-17.02]]]},"properties":{"NAME":"Madagascar","SUBJECTO":"Madagascar","BORDERPRECISION":3}},
{"type":"Feature","geometry":{"type":"MultiPolygon","coordinates":[[[[175.31,-37.32],[174.65,-38.98],[176.01,-41.26],[178.41,-38.77],[175.31,-37.32]]],[[[172.06,-43.92],[174.23,-42.01],[171.46,-41.99],[168.42,-44.22],[166.52,-46.23],[169.4,-46.71],[172.06,-43.92]]]]},"properties":{"NAME":"M?ori","SUBJECTO":"M?ori","BORDERPRECISION":3}},
{"type":"Feature","geometry":{"type":"Polygon","coordinates":[[[6.11,50.12],[6,50.74],[3.78,51.39],[2.52,51.09],[5.82,49.51],[6.11,50.12]]]},"properties":{"NAME":"Austrian Netherlands","SUBJECTO":"Austria","BORDERPRECISION":3}},
{"type":"Feature","geometry":{"type":"Polygon","coordinates":[[[-8.81,41.89],[-9.55,38.77],[-7.49,37.21],[-6.71,41.96],[-8.81,41.89]]]},"properties":{"NAME":"Portugal","SUBJECTO":"Portugal","BORDERPRECISION":3}},
{"type":"Feature","geometry":{"type":"MultiPolygon","coordinates":[[[[102.07,6.15],[100.16,6.34],[101.34,2.78],[103.43,1.38],[103.34,4.81],[102.07,6.15]]],[[[109.52,1.82],[110.55,0.73],[112.4,1.43],[114.66,1.6],[115.71,4.16],[117.56,3.98],[119.04,5.17],[116.6,6.9],[114.96,4.88],[115.16,4.31],[114.43,4],[114.07,4.46],[112.76,3.01],[111.37,2.6],[110.82,1.24],[109.52,1.82]]]]},"properties":{"NAME":"Malaya","SUBJECTO":"Malaya","BORDERPRECISION":3}},
{"type":"Feature","geometry":{"type":"Polygon","coordinates":[[[140.95,-9.27],[142.61,-9.38],[144.38,-7.76],[145.82,-8.1],[147.87,-10.18],[148.59,-9.16],[146.91,-6.89],[147.38,-6.12],[143.45,-3.61],[140.87,-2.79],[140.95,-9.27]]]},"properties":{"NAME":"Papua New Guinea","SUBJECTO":"Papua New Guinea","BORDERPRECISION":3}},
{"type":"Feature","geometry":{"type":"Polygon","coordinates":[[[146.71,-43.72],[148.27,-41.09],[144.78,-40.84],[145.72,-43.24],[146.71,-43.72]]]},"properties":{"NAME":"Aboriginal Tasmanians","SUBJECTO":"Aboriginal Tasmanians","BORDERPRECISION":3}},
{"type":"Feature","geometry":{"type":"Polygon","coordinates":[[[6,50.74],[7.07,52.27],[7.16,53.16],[4.64,52.76],[3.78,51.39],[6,50.74]]]},"properties":{"NAME":"Netherlands","SUBJECTO":"Netherlands","BORDERPRECISION":3}},
{"type":"Feature","geometry":{"type":"Polygon","coordinates":[[[-58.58,6.98],[-61.53,9.85],[-64.07,10.63],[-64.88,10.14],[-67.98,10.54],[-69.75,11.53],[-71.69,10.77],[-72.38,11.81],[-75.45,10.63],[-76.76,8.69],[-79.5,9.64],[-80.96,8.86],[-82.56,9.58],[-82.96,8.05],[-80.81,7.27],[-79.07,9.03],[-77.4,6.67],[-77.11,3.79],[-78.98,1.3],[-80.09,0.82],[-80.97,-1.03],[-80.23,-3.47],[-79.29,-5.01],[-75.69,-5.06],[-73.59,-4.44],[-72.88,-3.39],[-69.9,-4.38],[-69.5,-4.2],[-69.36,-4.14],[-69.26,-3.64],[-69.23,-3.48],[-66.66,-2.82],[-67.06,0.94],[-65.36,0.56],[-63.88,1.88],[-60.52,2.19],[-58.85,1.15],[-57.9,1.59],[-57.88,2.85],[-58.13,3.61],[-58.58,5],[-58.58,6.98]],[[-78.56,-2.13],[-77.85,-1.67],[-77.25,-2.76],[-78.39,-2.91],[-78.56,-2.13]]]},"properties":{"NAME":"Vice-Royalty of New Granada","SUBJECTO":"Spain","BORDERPRECISION":3}},
{"type":"Feature","geometry":{"type":"Polygon","coordinates":[[[114.96,4.88],[114.07,4.46],[114.43,4],[115.16,4.31],[114.96,4.88]]]},"properties":{"NAME":"Brunei","SUBJECTO":"Brunei","BORDERPRECISION":3}},
{"type":"Feature","geometry":{"type":"MultiPolygon","coordinates":[[[[109.52,1.82],[108.81,0.81],[110.1,-3.08],[112.8,-2.97],[114.71,-4.21],[115.57,-3.8],[117.53,0.61],[118.52,1.17],[117.07,3.51],[117.56,3.98],[115.71,4.16],[114.66,1.6],[112.4,1.43],[110.55,0.73],[109.52,1.82]]],[[[140.87,-2.79],[137.85,-1.61],[135.25,-3.54],[134.28,-2.85],[133.91,-1.01],[132.25,-0.53],[131.21,-1.02],[134.04,-3.95],[137.82,-5.43],[139.16,-7.73],[140.95,-9.27],[140.87,-2.79]]],[[[103.71,-0.02],[98.15,4.07],[96.72,3.7],[98.6,1.71],[100.81,-2.34],[104.57,-6.07],[105.73,-5.83],[105.94,-3.21],[103.24,-0.66],[103.71,-0.02]]],[[[105.18,-6.87],[106.48,-7.5],[110.78,-8.32],[112.27,-7.03],[108.56,-6.92],[106.95,-6.03],[105.18,-6.87]]],[[[119.69,-0.02],[118.68,-2.9],[120.14,-3.08],[121.87,-4.96],[122.26,-3.21],[119.69,-0.02]]]]},"properties":{"NAME":"Dutch East Indies","SUBJECTO":"Dutch East Indies","BORDERPRECISION":3}},
{"type":"Feature","geometry":{"type":"Polygon","coordinates":[[[14.08,42.63],[13.76,41.21],[15.67,40.09],[17.08,40.53],[14.08,42.63]]]},"properties":{"NAME":"Kingdom of the Two Sicilies","SUBJECTO":"Kingdom of the Two Sicilies","BORDERPRECISION":3}},
{"type":"Feature","geometry":{"type":"Polygon","coordinates":[[[8.59,47.89],[8.68,47.97],[8.51,48.11],[8.59,47.89]]]},"properties":{"NAME":"Hohenzollern","SUBJECTO":"Hohenzollern","BORDERPRECISION":3}},
{"type":"Feature","geometry":{"type":"Polygon","coordinates":[[[8.53,51.08],[8.71,50.95],[8.86,51.26],[8.53,51.08]]]},"properties":{"NAME":"Waldeck","SUBJECTO":"Waldeck","BORDERPRECISION":3}},
{"type":"Feature","geometry":{"type":"Polygon","coordinates":[[[8.83,52.16],[9.17,51.63],[9.19,51.8],[8.83,52.16]]]},"properties":{"NAME":"Lippe-Detmold","SUBJECTO":"Lippe-Detmold","BORDERPRECISION":3}},
{"type":"Feature","geometry":{"type":"Polygon","coordinates":[[[9.17,51.63],[9.16,51.54],[9.35,51.6],[10.15,51.64],[10.21,51.66],[9.19,51.8],[9.17,51.63]]]},"properties":{"NAME":"Brunswick","SUBJECTO":"Brunswick","BORDERPRECISION":3}},
{"type":"Feature","geometry":{"type":"Polygon","coordinates":[[[10.16,51.47],[10.26,51.43],[10.47,51.49],[10.55,51.57],[10.52,51.68],[10.18,51.6],[10.16,51.47]]]},"properties":{"NAME":"Brunswick","SUBJECTO":"Brunswick","BORDERPRECISION":3}},
{"type":"Feature","geometry":{"type":"Polygon","coordinates":[[[10.47,51.49],[10.51,51.48],[10.68,51.47],[10.97,51.58],[10.55,51.57],[10.47,51.49]]]},"properties":{"NAME":"Anhalt","SUBJECTO":"Anhalt","BORDERPRECISION":3}},
{"type":"Feature","geometry":{"type":"Polygon","coordinates":[[[10.88,53.88],[10.66,53.69],[10.89,53.88],[10.88,53.88]]]},"properties":{"NAME":"Lübeck","SUBJECTO":"Lübeck","BORDERPRECISION":3}},
{"type":"Feature","geometry":{"type":"Polygon","coordinates":[[[10.88,53.88],[10.77,53.93],[10.58,53.89],[10.66,53.69],[10.88,53.88]]]},"properties":{"NAME":"Oldenburg","SUBJECTO":"Oldenburg","BORDERPRECISION":3}},
{"type":"Feature","geometry":{"type":"Polygon","coordinates":[[[9.35,51.6],[10.16,51.47],[10.18,51.6],[10.15,51.64],[9.35,51.6]]]},"properties":{"NAME":"Hanover","SUBJECTO":"Hanover","BORDERPRECISION":3}},
{"type":"Feature","geometry":{"type":"Polygon","coordinates":[[[8.56,53.16],[8.66,53.03],[8.74,53.09],[8.56,53.16]]]},"properties":{"NAME":"Bremen","SUBJECTO":"Bremen","BORDERPRECISION":3}},
{"type":"Feature","geometry":{"type":"Polygon","coordinates":[[[8.52,53.76],[8.56,53.75],[8.59,53.79],[8.52,53.76]]]},"properties":{"NAME":"Cuxhaven","SUBJECTO":"Cuxhaven","BORDERPRECISION":3}},
{"type":"Feature","geometry":{"type":"Polygon","coordinates":[[[10.77,53.93],[10.14,54.34],[8.88,54.23],[9.13,53.79],[9.75,53.5],[9.94,53.6],[10.58,53.89],[10.77,53.93]]]},"properties":{"NAME":"Holstein","SUBJECTO":"Holstein","BORDERPRECISION":3}},
{"type":"Feature","geometry":{"type":"Polygon","coordinates":[[[9.75,53.5],[10.02,53.45],[9.94,53.6],[9.75,53.5]]]},"properties":{"NAME":"Hamburg","SUBJECTO":"Hamburg","BORDERPRECISION":3}},
{"type":"Feature","geometry":{"type":"Polygon","coordinates":[[[11.06,51.56],[11.13,51.52],[11.44,51.61],[11.83,52.07],[11.06,51.56]]]},"properties":{"NAME":"Anhalt","SUBJECTO":"Anhalt","BORDERPRECISION":3}},
{"type":"Feature","geometry":{"type":"Polygon","coordinates":[[[8.79,52.37],[8.77,52.24],[8.85,52.19],[8.79,52.37]]]},"properties":{"NAME":"Schaumburg-Lippe","SUBJECTO":"Schaumburg-Lippe","BORDERPRECISION":3}},
{"type":"Feature","geometry":{"type":"Polygon","coordinates":[[[6.43,49.45],[6.95,49.2],[8.53,51.08],[8.86,51.26],[9.16,51.54],[9.17,51.63],[8.83,52.16],[8.85,52.19],[8.77,52.24],[8.79,52.37],[7.07,52.27],[6,50.74],[6.11,50.12],[6.43,49.45]]]},"properties":{"NAME":"Prussia","SUBJECTO":"Prussia","BORDERPRECISION":3}},
{"type":"Feature","geometry":{"type":"Polygon","coordinates":[[[-1.08,32.45],[0.87,31.99],[6.27,31.87],[8.02,33.02],[8.64,36.89],[1.06,36.46],[-2.19,35.05],[-1.08,32.45]]]},"properties":{"NAME":"Algiers","SUBJECTO":"Algiers","BORDERPRECISION":3}},
{"type":"Feature","geometry":{"type":"Polygon","coordinates":[[[8.02,33.02],[10.41,33.63],[11.13,35.24],[10.13,37.1],[8.64,36.89],[8.02,33.02]]]},"properties":{"NAME":"Tunis","SUBJECTO":"Tunis","BORDERPRECISION":3}},
{"type":"Feature","geometry":{"type":"Polygon","coordinates":[[[11.08,14.35],[7.16,16.04],[5.18,15.65],[4.82,12.58],[5.77,11.17],[7.18,11.05],[8.72,9.04],[10.37,9.52],[10.84,10.58],[10.25,12.7],[11.08,14.35]]]},"properties":{"NAME":"Hausa States","SUBJECTO":"Hausa States","BORDERPRECISION":3}},
{"type":"Feature","geometry":{"type":"Polygon","coordinates":[[[12.12,32.88],[14.72,30.25],[18.89,30.22],[15.84,31.29],[15.01,32.36],[12.12,32.88]]]},"properties":{"NAME":"Tripolitania","SUBJECTO":"Tripolitania","BORDERPRECISION":3}},
{"type":"Feature","geometry":{"type":"Polygon","coordinates":[[[19.32,30.26],[20.36,30.34],[23.74,32.06],[21.67,32.82],[20.37,32.3],[19.32,30.26]]]},"properties":{"NAME":"Cyrenaica","SUBJECTO":"Cyrenaica","BORDERPRECISION":3}},
{"type":"Feature","geometry":{"type":"Polygon","coordinates":[[[56.28,25.46],[56.11,24.3],[57.62,22.16],[57.24,20.81],[57.84,19.03],[59.84,22.28],[57.15,23.98],[56.28,25.46]]]},"properties":{"NAME":"Oman","SUBJECTO":"Oman","BORDERPRECISION":3}},
{"type":"Feature","geometry":{"type":"Polygon","coordinates":[[[49.7,24.41],[46.99,25.58],[43.9,25.95],[42.42,25.09],[41.81,21.71],[41.92,20.77],[45.37,18.61],[51.76,19.95],[53.37,20.76],[53.05,22.16],[50.57,23.85],[49.7,24.41]]]},"properties":{"NAME":"Nejd","SUBJECTO":"Nejd","BORDERPRECISION":3}},
{"type":"Feature","geometry":{"type":"Polygon","coordinates":[[[46.88,13.47],[44.51,14.1],[43.49,16.62],[42.76,16.65],[43.84,12.66],[46.88,13.47]]]},"properties":{"NAME":"Yemen","SUBJECTO":"Yemen","BORDERPRECISION":3}},
{"type":"Feature","geometry":{"type":"Polygon","coordinates":[[[106.7,10.45],[106.09,11.01],[104.39,10.31],[104.74,8.49],[106.7,10.45]]]},"properties":{"NAME":"Cochin China","SUBJECTO":"Cochin China","BORDERPRECISION":3}},
{"type":"Feature","geometry":{"type":"Polygon","coordinates":[[[106.7,10.45],[109.07,11.64],[109.31,12.91],[108.24,16.08],[105.53,18.84],[106.81,20.91],[107.88,21.46],[105.31,23.3],[101.97,22.53],[102.99,20.94],[104.72,20.2],[104.81,18.72],[107.11,16.17],[107.39,14.56],[107.38,12.35],[106.09,11.01],[106.7,10.45]]]},"properties":{"NAME":"Đại Việt","SUBJECTO":"Đại Việt","BORDERPRECISION":3}},
{"type":"Feature","geometry":{"type":"Polygon","coordinates":[[[-2.19,35.05],[-5.93,35.73],[-7,33.87],[-9.22,32.58],[-10.34,29.15],[-8.28,28.78],[-4.95,28.86],[-1.71,28.39],[-1.08,32.45],[-2.19,35.05]]]},"properties":{"NAME":"Morocco","SUBJECTO":"Morocco","BORDERPRECISION":3}},
{"type":"Feature","geometry":{"type":"Polygon","coordinates":[[[-57.9,1.59],[-56.03,1.75],[-55.91,1.74],[-55.79,1.73],[-54.22,3.93],[-53.84,5.69],[-56.75,6],[-58.58,6.98],[-58.58,5],[-58.13,3.61],[-57.88,2.85],[-57.9,1.59]]]},"properties":{"NAME":"British Guiana","SUBJECTO":"UK","BORDERPRECISION":3}},
{"type":"Feature","geometry":{"type":"Polygon","coordinates":[[[-69.9,-4.38],[-72.77,-5.14],[-73.84,-7.58],[-72.92,-9.04],[-66.47,-9.91],[-64.26,-12.47],[-60.36,-13.9],[-60.03,-16.33],[-58.33,-16.37],[-57.6,-18.04],[-58.14,-19.81],[-55.13,-24.06],[-54.58,-25.74],[-53.62,-26.27],[-57.1,-29.89],[-55.87,-31.17],[-53.89,-32.05],[-53.41,-33.88],[-51.23,-30.27],[-50.61,-30.3],[-50.85,-30.94],[-51.33,-31.46],[-50.81,-31.19],[-49.94,-29.63],[-48.94,-28.7],[-48.72,-25.43],[-44.56,-22.99],[-41.96,-22.92],[-39.69,-19.41],[-38.95,-16],[-39.13,-14.32],[-37.19,-10.84],[-35.6,-9.63],[-34.89,-7.61],[-35.46,-5.27],[-37.18,-4.95],[-40.23,-2.85],[-44.22,-2.78],[-44.8,-1.74],[-47.24,-0.68],[-49.22,-2.11],[-50.64,-1.88],[-51.53,-0.43],[-49.88,1.21],[-51.21,4.07],[-53.84,5.69],[-54.22,3.93],[-55.79,1.73],[-55.91,1.74],[-56.03,1.75],[-57.9,1.59],[-58.85,1.15],[-60.52,2.19],[-63.88,1.88],[-65.36,0.56],[-67.06,0.94],[-66.66,-2.82],[-69.23,-3.48],[-69.26,-3.64],[-69.36,-4.14],[-69.5,-4.2],[-69.9,-4.38]]]},"properties":{"NAME":"Vice-Royalty of Brazil","SUBJECTO":"Portugal","BORDERPRECISION":3}},
{"type":"Feature","geometry":{"type":"Polygon","coordinates":[[[-58.14,-19.81],[-62.61,-22.16],[-61.24,-23.62],[-57.71,-25.34],[-58.07,-27.19],[-55.73,-27.45],[-54.58,-25.74],[-55.13,-24.06],[-58.14,-19.81]]]},"properties":{"NAME":"Paraguay","SUBJECTO":"Spain","BORDERPRECISION":3}},
{"type":"Feature","geometry":{"type":"Polygon","coordinates":[[[-80.23,-3.47],[-81.42,-4.68],[-79.06,-8.22],[-76.24,-13.5],[-74.05,-16.04],[-71.61,-17.22],[-70.21,-19.07],[-70.4,-25.25],[-71.68,-30.6],[-71.4,-32.64],[-71.75,-33.19],[-71.61,-33.57],[-73.14,-37.16],[-73.69,-37.37],[-73.4,-38.1],[-73.44,-38.63],[-73.2,-39.42],[-73.91,-40.84],[-72.59,-41.62],[-71.8,-41.57],[-71.1,-36.81],[-69.84,-33.76],[-70.5,-31.69],[-69.95,-29.36],[-68.25,-26.98],[-68.39,-24.6],[-67.19,-22.98],[-66.29,-22.06],[-66.28,-22.04],[-62.61,-22.16],[-58.14,-19.81],[-57.6,-18.04],[-58.33,-16.37],[-60.03,-16.33],[-60.36,-13.9],[-64.26,-12.47],[-66.47,-9.91],[-72.92,-9.04],[-73.84,-7.58],[-72.77,-5.14],[-69.9,-4.38],[-72.88,-3.39],[-73.59,-4.44],[-75.69,-5.06],[-79.29,-5.01],[-80.23,-3.47]]]},"properties":{"NAME":"Vice-Royalty of Peru","SUBJECTO":"Spain","BORDERPRECISION":3}},
{"type":"Feature","geometry":{"type":"Polygon","coordinates":[[[-54.58,-25.74],[-55.73,-27.45],[-58.07,-27.19],[-57.71,-25.34],[-61.24,-23.62],[-62.61,-22.16],[-66.28,-22.04],[-66.29,-22.06],[-67.19,-22.98],[-68.39,-24.6],[-68.25,-26.98],[-69.95,-29.36],[-70.5,-31.69],[-69.84,-33.76],[-71.1,-36.81],[-71.8,-41.57],[-70.75,-41],[-68.83,-39.73],[-64.21,-40.56],[-62.73,-41.05],[-62.29,-40.67],[-62.47,-40.37],[-62.07,-39.56],[-62.35,-39.33],[-57.81,-38.39],[-56.8,-36.54],[-57.29,-36.27],[-57.37,-36.15],[-57.23,-35.44],[-58.52,-34.59],[-54.62,-34.92],[-53.41,-33.88],[-53.89,-32.05],[-55.87,-31.17],[-57.1,-29.89],[-53.62,-26.27],[-54.58,-25.74]]]},"properties":{"NAME":"Viceroyalty of the Río de la Plata","SUBJECTO":"Spain","BORDERPRECISION":3}},
{"type":"Feature","geometry":{"type":"Polygon","coordinates":[[[92.51,22.11],[92.12,21],[94.05,19.06],[94.47,17.64],[95.36,18.04],[94.7,20.02],[92.51,22.11]]]},"properties":{"NAME":"Arakan","SUBJECTO":"Arakan","BORDERPRECISION":3}},
{"type":"Feature","geometry":{"type":"Polygon","coordinates":[[[13.8,45.57],[10.66,45.81],[10.67,45.37],[10.86,45.05],[11.17,45.07],[12.38,44.73],[13.8,45.57]]]},"properties":{"NAME":"Venetia","SUBJECTO":"Venetia","BORDERPRECISION":3}},
{"type":"Feature","geometry":{"type":"Polygon","coordinates":[[[9.57,44.44],[9.98,44.41],[10.06,44.38],[10.13,44.36],[10.39,45.03],[9.13,45.12],[9.57,44.44]]]},"properties":{"NAME":"Parma","SUBJECTO":"Parma","BORDERPRECISION":3}},
{"type":"Feature","geometry":{"type":"Polygon","coordinates":[[[14.08,42.63],[12.38,44.73],[11.17,45.07],[11.2,44.14],[11.96,42.01],[13.76,41.21],[14.08,42.63]]]},"properties":{"NAME":"Papal States","SUBJECTO":"Papal States","BORDERPRECISION":3}},
{"type":"Feature","geometry":{"type":"Polygon","coordinates":[[[9.57,44.44],[9.88,44.29],[9.98,44.41],[9.57,44.44]]]},"properties":{"NAME":"Pontremoli","SUBJECTO":"Pontremoli","BORDERPRECISION":3}},
{"type":"Feature","geometry":{"type":"Polygon","coordinates":[[[10.06,44.38],[10.04,44.29],[10.14,44.22],[10.17,44.31],[10.13,44.36],[10.06,44.38]]]},"properties":{"NAME":"Fivizzano","SUBJECTO":"Fivizzano","BORDERPRECISION":3}},
{"type":"Feature","geometry":{"type":"Polygon","coordinates":[[[10.34,43.6],[10.69,44.09],[10.41,43.94],[10.26,43.75],[10.34,43.6]]]},"properties":{"NAME":"Lucca","SUBJECTO":"Lucca","BORDERPRECISION":3}},
{"type":"Feature","geometry":{"type":"Polygon","coordinates":[[[11.2,44.14],[10.69,44.09],[10.34,43.6],[11.96,42.01],[11.2,44.14]]]},"properties":{"NAME":"Tuscany","SUBJECTO":"Tuscany","BORDERPRECISION":3}},
{"type":"Feature","geometry":{"type":"Polygon","coordinates":[[[10.86,45.05],[10.39,45.03],[10.13,44.36],[10.17,44.31],[10.14,44.22],[10.04,44.29],[10.06,44.38],[9.98,44.41],[9.88,44.29],[9.83,44.15],[10.16,43.88],[10.41,43.94],[10.69,44.09],[11.2,44.14],[11.17,45.07],[10.86,45.05]]]},"properties":{"NAME":"Modena","SUBJECTO":"Modena","BORDERPRECISION":3}},
{"type":"Feature","geometry":{"type":"Polygon","coordinates":[[[10.41,43.94],[10.16,43.88],[10.26,43.75],[10.41,43.94]]]},"properties":{"NAME":"Massa","SUBJECTO":"Massa","BORDERPRECISION":3}},
{"type":"Feature","geometry":{"type":"Polygon","coordinates":[[[74.42,14.38],[74.53,14.83],[74.15,14.85],[74.42,14.38]]]},"properties":{"NAME":"Goa","SUBJECTO":"Goa","BORDERPRECISION":3}},
{"type":"Feature","geometry":{"type":"Polygon","coordinates":[[[22.59,-34.13],[18.34,-32.34],[17.87,-32.99],[19.88,-34.99],[22.59,-34.13]]]},"properties":{"NAME":"Cape Colony","SUBJECTO":"Netherlands","BORDERPRECISION":3}},
{"type":"Feature","geometry":{"type":"Polygon","coordinates":[[[22.59,-34.13],[25.62,-33.92],[25.63,-32.38],[24.52,-32.53],[21.44,-30.99],[20.08,-31.23],[17.43,-30.57],[18.34,-32.34],[22.59,-34.13]]]},"properties":{"NAME":"Dutch settlements","SUBJECTO":"Dutch settlements","BORDERPRECISION":3}},
{"type":"Feature","geometry":{"type":"Polygon","coordinates":[[[25.62,-33.92],[26.66,-33.85],[29.09,-32.13],[28.43,-31.17],[25.63,-32.38],[25.62,-33.92]]]},"properties":{"NAME":"Xhosa","SUBJECTO":"Xhosa","BORDERPRECISION":3}},
{"type":"Feature","geometry":{"type":"Polygon","coordinates":[[[30.29,-30.92],[32.23,-28.74],[32.89,-26.72],[32.09,-26.26],[28.72,-28.45],[28.6,-29.27],[30.29,-30.92]]]},"properties":{"NAME":"Zulu","SUBJECTO":"Zulu","BORDERPRECISION":3}},
{"type":"Feature","geometry":{"type":"Polygon","coordinates":[[[32.89,-26.72],[32.94,-25.54],[32.09,-26.26],[32.89,-26.72]]]},"properties":{"NAME":"Delagoa Bay","SUBJECTO":"Delagoa Bay","BORDERPRECISION":3}},
{"type":"Feature","geometry":{"type":"Polygon","coordinates":[[[48.01,-17.02],[46.65,-17.73],[45.29,-22.65],[47.19,-23.12],[48.49,-20.04],[48.01,-17.02]]]},"properties":{"NAME":"Expansionist Kingdom of Merina","SUBJECTO":"Expansionist Kingdom of Merina","BORDERPRECISION":3}},
{"type":"Feature","geometry":{"type":"Polygon","coordinates":[[[-16.87,14.36],[-16.05,15.07],[-16.45,16.12],[-16.87,14.36]]]},"properties":{"NAME":"Senegal","SUBJECTO":"Senegal","BORDERPRECISION":3}},
{"type":"Feature","geometry":{"type":"Polygon","coordinates":[[[-15.16,11.88],[-15.46,12.48],[-16.57,12.31],[-15.16,11.88]]]},"properties":{"NAME":"Portuguese Guinea","SUBJECTO":"Portuguese Guinea","BORDERPRECISION":3}},
{"type":"Feature","geometry":{"type":"Polygon","coordinates":[[[57.31,36.83],[60.47,33.72],[60.82,29.83],[64.04,28.33],[66.93,28.11],[67.98,29.46],[69.66,32.43],[70.94,33.73],[74.43,37.47],[70.96,38.35],[64.86,38.87],[61.23,39.83],[57.31,36.83]]]},"properties":{"NAME":"Afghanistan","SUBJECTO":"Afghanistan","BORDERPRECISION":3}},
{"type":"Feature","geometry":{"type":"Polygon","coordinates":[[[88.2,27.82],[88.23,26.76],[90,26.36],[92.16,26.5],[92.17,27.15],[89.3,27.85],[88.2,27.82]]]},"properties":{"NAME":"Assam","SUBJECTO":"Assam","BORDERPRECISION":3}},
{"type":"Feature","geometry":{"type":"Polygon","coordinates":[[[-64.08,46.05],[-64.28,45.9],[-65.71,43.56],[-61.03,45.38],[-64.08,46.05]]]},"properties":{"NAME":"Acadian Peninsula (UK)","SUBJECTO":"Acadian Peninsula (UK)","BORDERPRECISION":3}},
{"type":"Feature","geometry":{"type":"Polygon","coordinates":[[[-83.3,14.61],[-84.65,15.93],[-88.94,15.9],[-89.15,17.83],[-88.32,18.49],[-87.2,21.53],[-90,21.16],[-90,19.38],[-94.24,18.24],[-96.01,18.93],[-97.5,21.19],[-97.82,24.21],[-97.26,25.81],[-97.63,27.23],[-94.14,29.69],[-92.1,29.55],[-104.98,32.86],[-112.12,42.64],[-113.23,41.84],[-117.23,42.32],[-118.99,43.68],[-120.83,43.76],[-123.93,39.82],[-120.53,34.51],[-117.5,33.33],[-115.6,29.69],[-113.05,31.14],[-111.69,28.5],[-109.13,26.29],[-105.54,22.28],[-104.95,19.44],[-103.49,18.35],[-97.88,16.05],[-96.33,15.75],[-94.08,16.11],[-91.52,14.06],[-87.95,13.17],[-86.01,11.37],[-85.78,10.14],[-83.61,9.15],[-82.96,8.05],[-82.56,9.58],[-83.9,11.89],[-83.3,14.61]]]},"properties":{"NAME":"Vice-Royalty of New Spain","SUBJECTO":"Spain","BORDERPRECISION":3}},
{"type":"Feature","geometry":{"type":"Polygon","coordinates":[[[10.84,10.58],[12.02,9.87],[14.97,9.99],[16.62,11.05],[16.84,14.33],[16.84,14.37],[16.26,16.12],[13.55,16.12],[11.08,14.35],[10.25,12.7],[10.84,10.58]]]},"properties":{"NAME":"Bornu-Kanem","SUBJECTO":"Bornu-Kanem","BORDERPRECISION":3}},
{"type":"Feature","geometry":{"type":"Polygon","coordinates":[[[7.18,17.3],[10.84,18.24],[11.08,22.37],[10.72,23.55],[8.36,24.49],[4.82,23.08],[4.82,19.3],[7.18,17.3]]]},"properties":{"NAME":"Air","SUBJECTO":"Air","BORDERPRECISION":3}},
{"type":"Feature","geometry":{"type":"Polygon","coordinates":[[[0.7,15.41],[0.65,13.16],[3.18,12.91],[2.16,15.09],[0.7,15.41]]]},"properties":{"NAME":"Songhai","SUBJECTO":"Songhai","BORDERPRECISION":3}},
{"type":"Feature","geometry":{"type":"Polygon","coordinates":[[[-12.28,11.67],[-8.5,14.47],[-8.27,16.36],[-6.97,16.36],[-6.73,18.24],[-7.91,19.07],[-12.51,17.18],[-12.28,11.67]]]},"properties":{"NAME":"Kaarta","SUBJECTO":"Kaarta","BORDERPRECISION":3}},
{"type":"Feature","geometry":{"type":"Polygon","coordinates":[[[-12.28,11.67],[-11.46,11.22],[-5.91,12.23],[-4.96,11.76],[-4.64,12.33],[-2.25,16.59],[-4.02,18.83],[-5.79,19.07],[-6.73,18.24],[-6.97,16.36],[-8.27,16.36],[-8.5,14.47],[-12.28,11.67]]]},"properties":{"NAME":"Segu","SUBJECTO":"Segu","BORDERPRECISION":3}},
{"type":"Feature","geometry":{"type":"Polygon","coordinates":[[[-3.43,13.17],[-2.37,10.32],[-0.08,10.08],[0.77,12.31],[-0.84,13.41],[-3.43,13.17]]]},"properties":{"NAME":"Mossi States","SUBJECTO":"Mossi States","BORDERPRECISION":3}},
{"type":"Feature","geometry":{"type":"Polygon","coordinates":[[[-4.3,7.48],[-4.37,5.25],[-2.03,4.7],[-0.61,5.32],[-0.84,9.04],[-3.34,8.81],[-4.3,7.48]]]},"properties":{"NAME":"Asante","SUBJECTO":"Asante","BORDERPRECISION":3}},
{"type":"Feature","geometry":{"type":"Polygon","coordinates":[[[-4.96,11.76],[-5.55,10.81],[-5.08,7.63],[-4.3,7.48],[-3.34,8.81],[-3.4,11.52],[-4.64,12.33],[-4.96,11.76]]]},"properties":{"NAME":"Kong Empire","SUBJECTO":"Kong Empire","BORDERPRECISION":3}},
{"type":"Feature","geometry":{"type":"Polygon","coordinates":[[[3.95,6.58],[4.21,7.78],[3.31,8.2],[0.71,7.06],[-0.12,5.57],[3.95,6.58]]]},"properties":{"NAME":"Dahomey","SUBJECTO":"Dahomey","BORDERPRECISION":3}},
{"type":"Feature","geometry":{"type":"Polygon","coordinates":[[[4.21,7.78],[5.06,7.3],[6.45,7.12],[7.65,8.2],[5.72,9.53],[3.67,8.99],[3.31,8.2],[4.21,7.78]]]},"properties":{"NAME":"Oyo","SUBJECTO":"Oyo","BORDERPRECISION":3}},
{"type":"Feature","geometry":{"type":"Polygon","coordinates":[[[3.95,6.58],[4.89,6],[5.06,7.3],[4.21,7.78],[3.95,6.58]]]},"properties":{"NAME":"Africa","SUBJECTO":"Africa","BORDERPRECISION":3}},
{"type":"Feature","geometry":{"type":"Polygon","coordinates":[[[5.06,7.3],[4.89,6],[5.61,4.63],[7.18,4.53],[6.45,7.12],[5.06,7.3]]]},"properties":{"NAME":"Sotho","SUBJECTO":"Sotho","BORDERPRECISION":3}},
{"type":"Feature","geometry":{"type":"Polygon","coordinates":[[[14.97,9.99],[15.14,8.93],[18.04,7.36],[20.39,8.02],[20.52,9.59],[16.62,11.05],[14.97,9.99]]]},"properties":{"NAME":"Bagirmi","SUBJECTO":"Bagirmi","BORDERPRECISION":3}},
{"type":"Feature","geometry":{"type":"Polygon","coordinates":[[[20.52,16.48],[19.37,13.4],[19.91,12.61],[22.63,13.22],[22.33,15.33],[20.52,16.48]]]},"properties":{"NAME":"Wadai","SUBJECTO":"Wadai","BORDERPRECISION":3}},
{"type":"Feature","geometry":{"type":"Polygon","coordinates":[[[22.69,15.33],[23.17,13.58],[24.32,12.79],[29.09,13.16],[30,14.24],[29.15,17.93],[27.46,18.17],[23.11,16.6],[22.69,15.33]]]},"properties":{"NAME":"Darfur","SUBJECTO":"Darfur","BORDERPRECISION":3}},
{"type":"Feature","geometry":{"type":"Polygon","coordinates":[[[23.5,-10.33],[23.63,-6.77],[21.33,-6.71],[17.89,-7.38],[17.47,-8.16],[18.25,-11.12],[23.02,-10.82],[23.5,-10.33]]]},"properties":{"NAME":"Lunda","SUBJECTO":"Lunda","BORDERPRECISION":3}},
{"type":"Feature","geometry":{"type":"Polygon","coordinates":[[[23.5,-10.33],[26.37,-10.27],[31.08,-8.7],[29.33,-5.32],[25.98,-5.14],[25.32,-6.53],[23.63,-6.77],[23.5,-10.33]]]},"properties":{"NAME":"Luba","SUBJECTO":"Luba","BORDERPRECISION":3}},
{"type":"Feature","geometry":{"type":"Polygon","coordinates":[[[12.37,-6.26],[13.39,-8.16],[13.08,-9.29],[14.33,-9.37],[14.4,-7.2],[15.05,-6.01],[14.58,-4.77],[12.37,-6.26]]]},"properties":{"NAME":"Congo","SUBJECTO":"Congo","BORDERPRECISION":3}},
{"type":"Feature","geometry":{"type":"Polygon","coordinates":[[[22.9,-16.98],[23.56,-16.19],[23.22,-14.06],[22.72,-14.02],[22.9,-16.98]]]},"properties":{"NAME":"Lozi","SUBJECTO":"Lozi","BORDERPRECISION":3}},
{"type":"Feature","geometry":{"type":"Polygon","coordinates":[[[18.79,-3.93],[19.82,-5.75],[22.06,-5.14],[21.69,-3.81],[18.79,-3.93]]]},"properties":{"NAME":"Lozi","SUBJECTO":"Lozi","BORDERPRECISION":3}},
{"type":"Feature","geometry":{"type":"Polygon","coordinates":[[[26.95,-18.67],[26.28,-20.66],[26.89,-21.93],[29.91,-22.05],[30.69,-20.06],[30.15,-18.55],[27.67,-18],[26.95,-18.67]]]},"properties":{"NAME":"Rozwi","SUBJECTO":"Rozwi","BORDERPRECISION":3}},
{"type":"Feature","geometry":{"type":"Polygon","coordinates":[[[30.6,1.38],[29.63,-0.13],[29.15,-3.69],[31.2,-4.42],[31.57,-1.34],[32.59,0.72],[30.6,1.38]]]},"properties":{"NAME":"Rift Valley States","SUBJECTO":"Rift Valley States","BORDERPRECISION":3}},
{"type":"Feature","geometry":{"type":"Polygon","coordinates":[[[80.46,15.77],[84.26,18.46],[85.11,19.44],[84.44,21.08],[82.39,20.23],[81,17.94],[79.82,16.35],[80.46,15.77]]]},"properties":{"NAME":"India","SUBJECTO":"British East India Company","BORDERPRECISION":3}},
{"type":"Feature","geometry":{"type":"Polygon","coordinates":[[[78.62,12.26],[78.93,13.06],[78.49,13.62],[78.62,12.26]]]},"properties":{"NAME":"Ambur","SUBJECTO":"Ambur","BORDERPRECISION":3}},
{"type":"Feature","geometry":{"type":"Polygon","coordinates":[[[76.25,10.1],[77.05,10.5],[75.59,11.52],[76.25,10.1]]]},"properties":{"NAME":"Malabar","SUBJECTO":"Netherlands","BORDERPRECISION":3}},
{"type":"Feature","geometry":{"type":"Polygon","coordinates":[[[76.25,10.1],[76.47,9.41],[77.28,9.43],[77.05,10.5],[76.25,10.1]]]},"properties":{"NAME":"Cochin","SUBJECTO":"Netherlands","BORDERPRECISION":3}},
{"type":"Feature","geometry":{"type":"Polygon","coordinates":[[[76.47,9.41],[77.73,8.18],[77.64,9.38],[77.28,9.43],[76.47,9.41]]]},"properties":{"NAME":"Travancore","SUBJECTO":"Netherlands","BORDERPRECISION":3}},
{"type":"Feature","geometry":{"type":"Polygon","coordinates":[[[78.49,13.62],[77.6,14.5],[76.96,14.7],[76.14,14.81],[74.42,14.38],[75.59,11.52],[77.05,10.5],[77.28,9.43],[77.64,9.38],[78.47,10.08],[78.62,12.26],[78.49,13.62]]]},"properties":{"NAME":"Mysore","SUBJECTO":"Mysore","BORDERPRECISION":3}},
{"type":"Feature","geometry":{"type":"Polygon","coordinates":[[[81.35,6.61],[81.14,8.18],[80.08,7.74],[80.79,6.57],[81.06,6.47],[81.35,6.61]]]},"properties":{"NAME":"Kandy","SUBJECTO":"Kandy","BORDERPRECISION":3}},
{"type":"Feature","geometry":{"type":"Polygon","coordinates":[[[79.82,16.35],[79.03,15.27],[78.93,13.06],[78.62,12.26],[78.47,10.08],[77.64,9.38],[77.73,8.18],[79.83,10.36],[79.87,11.97],[79.78,12.54],[80.2,13.49],[80.46,15.77],[79.82,16.35]]]},"properties":{"NAME":"Carnatic","SUBJECTO":"Carnatic","BORDERPRECISION":3}},
{"type":"Feature","geometry":{"type":"Polygon","coordinates":[[[79.87,11.97],[80.2,13.49],[79.78,12.54],[79.87,11.97]]]},"properties":{"NAME":"Madras","SUBJECTO":"British East India Company","BORDERPRECISION":3}},
{"type":"Feature","geometry":{"type":"Polygon","coordinates":[[[77.6,14.5],[77.59,15.09],[76.96,14.7],[77.6,14.5]]]},"properties":{"NAME":"Gooty","SUBJECTO":"Gooty","BORDERPRECISION":3}},
{"type":"Feature","geometry":{"type":"Polygon","coordinates":[[[81,17.94],[80.33,19.46],[78.81,19.87],[77.89,17.99],[76.71,17.2],[76.14,14.81],[76.96,14.7],[77.59,15.09],[77.6,14.5],[78.49,13.62],[78.93,13.06],[79.03,15.27],[79.82,16.35],[81,17.94]]]},"properties":{"NAME":"Golconda","SUBJECTO":"Golconda","BORDERPRECISION":3}},
{"type":"Feature","geometry":{"type":"Polygon","coordinates":[[[37.28,-17.71],[35.55,-16.97],[35.38,-19.43],[37.28,-17.71]]]},"properties":{"NAME":"Portuguese East Africa","SUBJECTO":"Portuguese East Africa","BORDERPRECISION":3}},
{"type":"Feature","geometry":{"type":"Polygon","coordinates":[[[40.52,-10.55],[39.66,-9.8],[38.92,-6.34],[40.23,-3.19],[43.72,0.8],[46.36,2.67],[49.05,6.42],[47.48,5.57],[45.94,3.5],[43.89,2.03],[41.05,-0.6],[38.75,-3.95],[38.22,-6.16],[38.9,-10.77],[40.52,-10.55]]]},"properties":{"NAME":"Zanzibar","SUBJECTO":"Zanzibar","BORDERPRECISION":3}},
{"type":"Feature","geometry":{"type":"Polygon","coordinates":[[[30.35,22.11],[29.47,20.77],[29.47,19.17],[31.67,15.86],[31.67,11.58],[33.14,11.58],[34,13.66],[33.63,15.74],[34.61,18.07],[33.88,19.66],[31.62,21.3],[30.35,22.11]]]},"properties":{"NAME":"Funj","SUBJECTO":"Funj","BORDERPRECISION":3}},
{"type":"Feature","geometry":{"type":"Polygon","coordinates":[[[39.64,14.15],[39.39,10.6],[40.49,9.86],[42.67,11.51],[43.47,12.1],[42.08,13.86],[40.39,14.91],[39.64,14.15]]]},"properties":{"NAME":"Awsa","SUBJECTO":"Awsa","BORDERPRECISION":3}},
{"type":"Feature","geometry":{"type":"Polygon","coordinates":[[[38.04,16.23],[36.08,16.11],[35.96,14.76],[36.46,8.55],[37.31,7.9],[39.22,8.43],[39.39,10.6],[39.64,14.15],[38.04,15.01],[38.04,16.23]]]},"properties":{"NAME":"Ethiopia","SUBJECTO":"Ethiopia","BORDERPRECISION":3}},
{"type":"Feature","geometry":{"type":"Polygon","coordinates":[[[39.39,10.6],[39.22,8.43],[37.31,7.9],[36.46,8.55],[34.98,7.29],[38.04,6.8],[38.04,5.69],[36.08,5.69],[36.45,2.63],[38.41,1.04],[42.33,1.77],[43.8,2.88],[42.82,4.59],[42.94,6.92],[41.84,8.76],[40.49,9.86],[39.39,10.6]]]},"properties":{"NAME":"Oromo","SUBJECTO":"Oromo","BORDERPRECISION":3}},
{"type":"Feature","geometry":{"type":"Polygon","coordinates":[[[8.56,53.16],[8.5,53.45],[7.88,53.63],[8.66,53.03],[8.56,53.16]]]},"properties":{"NAME":"Oldenburg","SUBJECTO":"Oldenburg","BORDERPRECISION":3}},
{"type":"Feature","geometry":{"type":"Polygon","coordinates":[[[7.07,52.27],[8.79,52.37],[8.85,52.19],[8.83,52.16],[9.19,51.8],[10.21,51.66],[10.58,52.09],[11.08,52.97],[10.96,53.9],[10.89,53.88],[10.66,53.69],[10.58,53.89],[9.94,53.6],[10.02,53.45],[9.75,53.5],[9.13,53.79],[8.59,53.79],[8.56,53.75],[8.52,53.76],[8.5,53.45],[8.56,53.16],[8.74,53.09],[8.66,53.03],[7.88,53.63],[7.16,53.16],[7.07,52.27]]]},"properties":{"NAME":"Mecklenburg-Strelitz","SUBJECTO":"Mecklenburg-Strelitz","BORDERPRECISION":3}},
{"type":"Feature","geometry":{"type":"Polygon","coordinates":[[[12.21,50.01],[10.83,47.54],[13.95,48.66],[12.21,50.01]]]},"properties":{"NAME":"Bavaria","SUBJECTO":"Bavaria","BORDERPRECISION":3}},
{"type":"Feature","geometry":{"type":"Polygon","coordinates":[[[11.08,52.97],[12.9,53.93],[12.46,54.25],[10.96,53.9],[11.08,52.97]]]},"properties":{"NAME":"Mecklenburg-Schwerin","SUBJECTO":"Mecklenburg-Schwerin","BORDERPRECISION":3}},
{"type":"Feature","geometry":{"type":"Polygon","coordinates":[[[10.55,51.57],[10.97,51.58],[11.06,51.56],[11.83,52.07],[15.2,51.99],[15.76,52.27],[18.72,52.51],[22.81,53.81],[20.95,56.07],[21.14,54.85],[14.47,53.88],[13.67,54.08],[12.9,53.93],[11.08,52.97],[10.58,52.09],[10.52,51.68],[10.55,51.57]]]},"properties":{"NAME":"Prussia","SUBJECTO":"Prussia","BORDERPRECISION":3}},
{"type":"Feature","geometry":{"type":"Polygon","coordinates":[[[11.13,51.52],[11.14,51.41],[11.54,51.31],[11.44,51.61],[11.13,51.52]]]},"properties":{"NAME":"Thuringia","SUBJECTO":"Thuringia","BORDERPRECISION":3}},
{"type":"Feature","geometry":{"type":"MultiPolygon","coordinates":[[[[10.15,51.64],[10.18,51.6],[10.52,51.68],[10.58,52.09],[10.21,51.66],[10.15,51.64]]],[[[10.26,51.43],[10.43,51.24],[10.51,51.48],[10.47,51.49],[10.26,51.43]]]]},"properties":{"NAME":"Thuringia","SUBJECTO":"Thuringia","BORDERPRECISION":3}},
{"type":"Feature","geometry":{"type":"Polygon","coordinates":[[[10.68,51.47],[10.45,51.21],[12.08,50.26],[15.27,51.02],[15.2,51.99],[11.83,52.07],[11.44,51.61],[11.54,51.31],[11.14,51.41],[11.13,51.52],[11.06,51.56],[10.97,51.58],[10.68,51.47]]]},"properties":{"NAME":"Saxony","SUBJECTO":"Saxony","BORDERPRECISION":3}},
{"type":"Feature","geometry":{"type":"Polygon","coordinates":[[[10.51,51.48],[10.43,51.24],[10.45,51.21],[10.68,51.47],[10.51,51.48]]]},"properties":{"NAME":"Thuringia","SUBJECTO":"Thuringia","BORDERPRECISION":3}},
{"type":"Feature","geometry":{"type":"Polygon","coordinates":[[[8.53,51.08],[6.95,49.2],[8.16,48.98],[9.64,49.29],[9.46,47.65],[9.67,47.56],[10.83,47.54],[12.21,50.01],[12.08,50.26],[10.45,51.21],[10.43,51.24],[10.26,51.43],[10.16,51.47],[9.35,51.6],[9.16,51.54],[8.86,51.26],[8.71,50.95],[8.53,51.08]]]},"properties":{"NAME":"Bavaria","SUBJECTO":"Bavaria","BORDERPRECISION":3}},
{"type":"Feature","geometry":{"type":"Polygon","coordinates":[[[48.55,29.99],[50.13,30.07],[51.35,28.04],[54.65,26.39],[56.79,26.97],[57.25,25.79],[61.34,25.03],[66.3,25.49],[66.93,28.11],[64.04,28.33],[60.82,29.83],[60.47,33.72],[57.31,36.83],[54.07,36.94],[51.8,36.43],[48.84,37.51],[49.04,39.14],[46.65,38.96],[44.64,39.66],[44.21,37.87],[46.18,35.06],[45.51,33.8],[47.79,31.8],[48.55,29.99]]]},"properties":{"NAME":"Persia","SUBJECTO":"Persia","BORDERPRECISION":3}},
{"type":"Feature","geometry":{"type":"Polygon","coordinates":[[[74.43,37.47],[76.49,36.65],[78.42,37.73],[76.48,38.28],[74.1,44.99],[73.44,45.66],[74.63,46.75],[79.15,46.6],[81.22,46.56],[85.38,48.15],[84.27,49.2],[78.65,50.81],[72.99,55.31],[64.69,54.27],[64.46,53.58],[59.1,53.63],[58.33,50.93],[55.25,51.71],[51.39,51.06],[51.9,49.39],[51.37,47.09],[52.61,45.4],[50.87,44.63],[52.52,42.07],[52.85,40.18],[54.07,38.9],[54.07,36.94],[57.31,36.83],[61.23,39.83],[64.86,38.87],[70.96,38.35],[74.43,37.47]],[[60.85,46.52],[61.17,45.19],[60.08,43.61],[58.37,43.74],[58.82,45.93],[60.85,46.52]]]},"properties":{"NAME":"central Asian khanates","SUBJECTO":"central Asian khanates","BORDERPRECISION":3}},
{"type":"Feature","geometry":{"type":"Polygon","coordinates":[[[29.01,47.55],[30,48.59],[29.41,50.02],[30.83,51.33],[30.36,53.59],[30.83,55.73],[24.32,57.34],[21.68,57.46],[20.95,56.07],[22.81,53.81],[18.72,52.51],[15.76,52.27],[18.75,50.27],[21.1,50.48],[23.3,51.48],[26.11,50.64],[26.16,48.94],[29.01,47.55]]]},"properties":{"NAME":"Poland","SUBJECTO":"Poland","BORDERPRECISION":3}},
{"type":"Feature","geometry":{"type":"Polygon","coordinates":[[[74.42,14.38],[76.14,14.81],[76.71,17.2],[77.89,17.99],[78.81,19.87],[80.33,19.46],[81,17.94],[82.39,20.23],[84.44,21.08],[85.11,19.44],[86.82,21.19],[86.75,22.85],[85.34,24.89],[82.97,24.99],[80.85,26.36],[75.39,22.7],[72.75,23.72],[70.31,22.83],[69.13,21.97],[72.76,20.06],[73.41,16.56],[74.15,14.85],[74.53,14.83],[74.42,14.38]]]},"properties":{"NAME":"Maratha Confederacy","SUBJECTO":"Maratha Confederacy","BORDERPRECISION":3}},
{"type":"Feature","geometry":{"type":"Polygon","coordinates":[[[92.51,22.11],[91.57,24.35],[91.43,26.1],[90,26.36],[88.23,26.76],[86.78,26.47],[83.87,27.38],[82.91,26.52],[82.97,24.99],[85.34,24.89],[86.75,22.85],[86.82,21.19],[90,21.93],[91.41,22.72],[92.12,21],[92.51,22.11]]]},"properties":{"NAME":"Bengal","SUBJECTO":"British East India Company","BORDERPRECISION":3}},
{"type":"Feature","geometry":{"type":"Polygon","coordinates":[[[-6.96,55.24],[-8.35,55.1],[-9.89,52.19],[-6.41,52.21],[-6.96,55.24]]]},"properties":{"NAME":"Kingdom of Ireland","SUBJECTO":"Kingdom of Ireland","BORDERPRECISION":3}},
{"type":"Feature","geometry":{"type":"Polygon","coordinates":[[[-14.51,28.05],[-13.88,28.2],[-14.15,28.39],[-14.51,28.05]]]},"properties":{"NAME":"Guanches","SUBJECTO":"Guanches","BORDERPRECISION":3}},
{"type":"Feature","geometry":{"type":"MultiPolygon","coordinates":[[[[-64.08,46.05],[-64.89,46.91],[-64.95,49.21],[-66.37,50.31],[-60.14,50.41],[-56.96,51.49],[-56.11,52.61],[-62.78,51.91],[-69.5,52.47],[-71.57,51.12],[-72.77,49.12],[-74.61,47.6],[-77.89,47.2],[-82.45,47.52],[-88.37,50.56],[-90,49.2],[-89.56,47.99],[-88.09,49],[-85.03,47.94],[-84.56,46.74],[-84.53,46.72],[-84.44,46.7],[-83.78,46.26],[-80.81,45.95],[-82.43,43.15],[-82.82,42],[-79.05,42.85],[-79.14,43.22],[-76.13,44.33],[-74.78,45.01],[-70.59,45.29],[-69.05,47.46],[-67.7,47.04],[-67.19,45.25],[-64.28,45.9],[-64.08,46.05]]],[[[-58.11,49.08],[-56.08,47.87],[-54.13,48.84],[-56.66,50.06],[-58.11,49.08]]]]},"properties":{"NAME":"Quebec","SUBJECTO":"France","BORDERPRECISION":3}},
{"type":"Feature","geometry":{"type":"Polygon","coordinates":[[[-61.36,15.2],[-61.26,15.29],[-61.3,15.57],[-61.47,15.49],[-61.36,15.2]]]},"properties":{"NAME":"Dominica","SUBJECTO":"Dominica","BORDERPRECISION":3}},
{"type":"Feature","geometry":{"type":"Polygon","coordinates":[[[-63.17,18.16],[-62.99,18.23],[-63.06,18.26],[-63.17,18.16]]]},"properties":{"NAME":"Anguilla","SUBJECTO":"Anguilla","BORDERPRECISION":3}},
{"type":"Feature","geometry":{"type":"Polygon","coordinates":[[[-68.97,12.2],[-69.08,12.35],[-69.16,12.31],[-69.06,12.19],[-68.83,12.05],[-68.82,12.16],[-68.97,12.2]]]},"properties":{"NAME":"Netherlands Antilles","SUBJECTO":"Netherlands Antilles","BORDERPRECISION":3}},
{"type":"Feature","geometry":{"type":"Polygon","coordinates":[[[-63.01,18.07],[-63.05,18.12],[-63.14,18.06],[-63.01,18.07]]]},"properties":{"NAME":"Saint Martin","SUBJECTO":"Saint Martin","BORDERPRECISION":3}},
{"type":"Feature","geometry":{"type":"Polygon","coordinates":[[[-63.14,18.06],[-63.03,18.02],[-63.01,18.07],[-63.14,18.06]]]},"properties":{"NAME":"Saint Barthelemy","SUBJECTO":"Saint Barthelemy","BORDERPRECISION":3}},
{"type":"Feature","geometry":{"type":"Polygon","coordinates":[[[-155.78,18.95],[-154.95,19.48],[-155.93,20.28],[-156.16,19.81],[-155.78,18.95]]]},"properties":{"NAME":"Polynesians","SUBJECTO":"Polynesians","BORDERPRECISION":3}},
{"type":"Feature","geometry":{"type":"Polygon","coordinates":[[[-78.56,-2.13],[-78.39,-2.91],[-77.25,-2.76],[-77.85,-1.67],[-78.56,-2.13]]]},"properties":{"NAME":"Shuar","SUBJECTO":"Shuar","BORDERPRECISION":3}},
{"type":"Feature","geometry":{"type":"MultiPolygon","coordinates":[[[[-154.1,59.41],[-157.15,58.69],[-154.28,59.25],[-154.1,59.41]]],[[[-148.84,60.55],[-148.76,60.68],[-151.78,59.96],[-148.84,60.55]]]]},"properties":{"NAME":"Suspiaq","SUBJECTO":"Suspiaq","BORDERPRECISION":3}},
{"type":"Feature","geometry":{"type":"Polygon","coordinates":[[[-153.98,59.52],[-153.17,59.74],[-161,63.63],[-165.43,62.43],[-165.9,61.27],[-162,58.83],[-157.15,58.69],[-154.1,59.41],[-153.98,59.52]]]},"properties":{"NAME":"Yup'ik & Cup'ik","SUBJECTO":"Yup'ik & Cup'ik","BORDERPRECISION":3}},
{"type":"Feature","geometry":{"type":"Polygon","coordinates":[[[-141.01,68.41],[-138.3,69.14],[-156.9,71.35],[-164.07,69.06],[-163.74,67.22],[-168.18,65.69],[-166.59,64.73],[-161.01,64.16],[-160.93,63.95],[-157.18,64.01],[-141.01,68.41]]]},"properties":{"NAME":"Inupiaq","SUBJECTO":"Inupiaq","BORDERPRECISION":3}},
{"type":"Feature","geometry":{"type":"Polygon","coordinates":[[[-141.09,59.83],[-137.58,58.6],[-134.12,58.24],[-131.77,56.01],[-130,55.29],[-133.5,58.42],[-135.85,59.65],[-140.71,60.25],[-141.09,59.83]]]},"properties":{"NAME":"Eyaq","SUBJECTO":"Eyaq","BORDERPRECISION":3}},
{"type":"Feature","geometry":{"type":"Polygon","coordinates":[[[-112.12,42.64],[-111.79,42.88],[-112.11,44.48],[-115.31,49.06],[-110.67,49.05],[-104.26,49.06],[-94.82,49.05],[-91.68,48.04],[-89.62,47.97],[-89.56,47.99],[-90,49.2],[-88.37,50.56],[-82.45,47.52],[-77.89,47.2],[-74.61,47.6],[-72.77,49.12],[-71.57,51.12],[-69.5,52.47],[-62.78,51.91],[-56.11,52.61],[-57.52,54.47],[-61.93,56.27],[-62.89,58.66],[-69.21,58.75],[-70.03,60.88],[-73.39,62.35],[-77.36,62.52],[-78.34,58.55],[-76.44,56.81],[-79.55,54.69],[-78.49,52.26],[-79.59,51.27],[-82.34,52.98],[-82.2,54.97],[-87.47,55.91],[-90,57.18],[-92.48,56.98],[-94.75,59.95],[-93.42,61.86],[-87.44,64.57],[-85.99,66.16],[-81.29,67.5],[-84.31,69.83],[-86.49,67.38],[-93.27,71.56],[-96.7,70.84],[-92.96,69.08],[-96.21,68.07],[-101.91,67.71],[-105.64,68.35],[-112.5,67.69],[-115.29,68.89],[-127.35,70.38],[-131.67,69.28],[-138.3,69.14],[-141.01,68.41],[-140.93,63.79],[-140.71,60.25],[-135.85,59.65],[-133.5,58.42],[-130,55.29],[-130,53.94],[-127.56,52.17],[-127.25,50.97],[-122.61,48.83],[-124.68,48.39],[-123.99,45.76],[-124.63,43.01],[-123.93,39.82],[-120.83,43.76],[-118.99,43.68],[-117.23,42.32],[-113.23,41.84],[-112.12,42.64]]]},"properties":{"NAME":"Rupert's Land","SUBJECTO":"Rupert's Land","BORDERPRECISION":3}},
{"type":"Feature","geometry":{"type":"Polygon","coordinates":[[[-71.66,21.82],[-71.85,21.85],[-71.83,21.78],[-71.66,21.82]]]},"properties":{"NAME":"Turks and Caicos Islands","SUBJECTO":"Turks and Caicos Islands","BORDERPRECISION":3}},
{"type":"Feature","geometry":{"type":"Polygon","coordinates":[[[-77.74,26.91],[-77.53,26.86],[-77.15,26.26],[-77.04,26.5],[-77.5,26.86],[-77.74,26.91]]]},"properties":{"NAME":"Bahamas","SUBJECTO":"Bahamas","BORDERPRECISION":3}},
{"type":"Feature","geometry":{"type":"Polygon","coordinates":[[[80.08,9.28],[79.72,8.42],[80.22,6.06],[81.2,6.08],[81.87,7.08],[80.66,9.3],[80.08,9.28]],[[81.35,6.61],[81.06,6.47],[80.79,6.57],[80.08,7.74],[81.14,8.18],[81.35,6.61]]]},"properties":{"NAME":"Ceylon (Dutch)","SUBJECTO":"Netherlands","BORDERPRECISION":3}},
{"type":"Feature","geometry":{"type":"Polygon","coordinates":[[[-76.13,44.33],[-76.94,43.24],[-79.14,43.22],[-79.05,42.85],[-81.81,41.49],[-82.82,42],[-82.43,43.15],[-83.78,46.26],[-84.44,46.7],[-90.28,46.62],[-89.62,47.97],[-91.68,48.04],[-94.82,49.05],[-93.35,47.15],[-94.13,45.51],[-90,42.65],[-90,39.33],[-89.24,37.08],[-90,35.81],[-90,32.42],[-91.63,31.5],[-90,30.04],[-86.39,30.47],[-83.89,30.05],[-81.1,25.13],[-80.05,26.55],[-81.51,30.73],[-80.58,32.5],[-76.62,34.76],[-75.73,35.88],[-75.67,37.9],[-73.74,40.98],[-70.3,41.76],[-70.22,43.8],[-67.19,45.25],[-67.7,47.04],[-69.05,47.46],[-70.59,45.29],[-74.78,45.01],[-76.13,44.33]]]},"properties":{"NAME":"United States of America","SUBJECTO":"United States of America","BORDERPRECISION":3}},
{"type":"Feature","geometry":{"type":"Polygon","coordinates":[[[0.08,53.39],[-2.74,55.96],[-2.15,57.57],[-5.76,57.62],[-5.63,55.94],[-3.58,54.92],[-4.32,53.09],[-3.52,50.62],[0.19,50.73],[1.69,52.31],[0.08,53.39]]]},"properties":{"NAME":"United Kingdom","SUBJECTO":"UK","BORDERPRECISION":3}},
{"type":"Feature","geometry":{"type":"Polygon","coordinates":[[[88.2,27.82],[85.14,28.34],[81.45,30.4],[79.11,31.46],[76.29,31.14],[78.13,30.78],[81.3,28.29],[83.87,27.38],[86.78,26.47],[88.23,26.76],[88.2,27.82]]]},"properties":{"NAME":"Nepal","SUBJECTO":"Nepal","BORDERPRECISION":3}},
{"type":"Feature","geometry":{"type":"Polygon","coordinates":[[[-92.1,29.55],[-90,30.04],[-91.63,31.5],[-90,32.42],[-90,35.81],[-89.24,37.08],[-90,39.33],[-90,42.65],[-94.13,45.51],[-93.35,47.15],[-94.82,49.05],[-104.26,49.06],[-110.67,49.05],[-115.31,49.06],[-112.11,44.48],[-111.79,42.88],[-112.12,42.64],[-104.98,32.86],[-92.1,29.55]]]},"properties":{"NAME":"Luisiana","SUBJECTO":"France","BORDERPRECISION":3}},
{"type":"Feature","geometry":{"type":"Polygon","coordinates":[[[6.16,46.27],[6.12,46.26],[5.94,46.18],[6.28,46.26],[6.16,46.27]]]},"properties":{"NAME":"Geneva","SUBJECTO":"Geneva","BORDERPRECISION":3}},
{"type":"Feature","geometry":{"type":"Polygon","coordinates":[[[5.82,49.51],[2.52,51.09],[0.03,49.33],[-1.89,49.53],[-3.95,47.9],[-1.08,46.01],[-1.91,43.31],[-0.61,42.73],[3.09,42.37],[4.08,43.49],[5.83,43.02],[7.4,43.76],[5.94,46.18],[6.12,46.26],[7.43,47.46],[7.58,47.58],[8.16,48.98],[6.95,49.2],[6.43,49.45],[5.82,49.51]]]},"properties":{"NAME":"France","SUBJECTO":"France","BORDERPRECISION":3}},
{"type":"Feature","geometry":{"type":"Polygon","coordinates":[[[10.67,45.37],[9.59,46.31],[9.55,46.31],[9.46,46.38],[9.46,46.51],[9.28,46.5],[9.25,46.24],[9.01,46.04],[8.99,45.98],[9.09,45.91],[8.91,45.84],[8.9,45.96],[8.85,46.08],[8.62,46.12],[9.13,45.12],[10.39,45.03],[10.86,45.05],[10.67,45.37]]]},"properties":{"NAME":"Milano (Austria)","SUBJECTO":"Austria","BORDERPRECISION":3}},
{"type":"Feature","geometry":{"type":"Polygon","coordinates":[[[26.16,48.94],[26.11,50.64],[23.3,51.48],[21.1,50.48],[18.75,50.27],[15.27,51.02],[12.08,50.26],[12.21,50.01],[13.95,48.66],[10.83,47.54],[9.67,47.56],[9.56,47.5],[9.53,47.27],[9.47,47.06],[9.6,47.06],[9.88,47.02],[9.88,46.94],[10.1,46.84],[10.39,47],[10.47,46.86],[10.45,46.83],[10.66,45.81],[13.8,45.57],[15.41,43.93],[17.55,42.92],[15.83,45.2],[20.57,44.85],[20.64,44.81],[24.94,45.96],[26.19,46.81],[26.16,48.94]]]},"properties":{"NAME":"Austrian Empire","SUBJECTO":"Austrian Empire","BORDERPRECISION":3}},
{"type":"Feature","geometry":{"type":"Polygon","coordinates":[[[9.13,45.12],[8.62,46.12],[8.61,46.12],[8.44,46.25],[8.44,46.47],[8.31,46.4],[7.87,45.92],[7.58,45.99],[7.2,45.86],[7.05,45.92],[6.88,46.05],[6.8,46.14],[6.86,46.29],[6.78,46.36],[6.81,46.38],[6.28,46.26],[5.94,46.18],[7.4,43.76],[9.83,44.15],[9.88,44.29],[9.57,44.44],[9.13,45.12]]]},"properties":{"NAME":"Kingdom of Sardinia","SUBJECTO":"Kingdom of Sardinia","BORDERPRECISION":3}},
{"type":"Feature","geometry":{"type":"Polygon","coordinates":[[[8.31,46.4],[6.88,46.39],[6.81,46.38],[6.78,46.36],[6.86,46.29],[6.8,46.14],[6.88,46.05],[7.05,45.92],[7.2,45.86],[7.58,45.99],[7.87,45.92],[8.31,46.4]]]},"properties":{"NAME":"Republic of the Seven Zenden","SUBJECTO":"Republic of the Seven Zenden","BORDERPRECISION":3}},
{"type":"Feature","geometry":{"type":"Polygon","coordinates":[[[6.16,46.27],[6.88,46.39],[8.31,46.4],[8.44,46.47],[8.44,46.25],[8.61,46.12],[8.62,46.12],[8.85,46.08],[8.9,45.96],[8.91,45.84],[9.09,45.91],[8.99,45.98],[9.01,46.04],[9.25,46.24],[9.28,46.5],[9.46,46.51],[9.46,46.38],[9.55,46.31],[9.59,46.31],[9.95,46.38],[10.04,46.23],[10.17,46.41],[10.04,46.45],[10.04,46.55],[10.24,46.64],[10.29,46.55],[10.38,46.69],[10.45,46.83],[10.47,46.86],[10.39,47],[10.1,46.84],[9.88,46.94],[9.88,47.02],[9.6,47.06],[9.47,47.06],[9.53,47.27],[9.56,47.5],[8.98,47.68],[8.83,47.68],[8.64,47.78],[8.57,47.81],[8.41,47.67],[8.58,47.6],[8.22,47.62],[7.69,47.53],[7.64,47.56],[7.7,47.6],[7.6,47.59],[7.58,47.58],[7.43,47.46],[6.12,46.26],[6.16,46.27]]]},"properties":{"NAME":"Swiss Confederation","SUBJECTO":"Swiss Confederation","BORDERPRECISION":3}},
{"type":"Feature","geometry":{"type":"Polygon","coordinates":[[[8.51,48.11],[9.64,49.29],[8.16,48.98],[7.58,47.58],[7.6,47.59],[7.7,47.6],[7.64,47.56],[7.69,47.53],[8.22,47.62],[8.58,47.6],[8.41,47.67],[8.57,47.81],[8.64,47.78],[8.59,47.89],[8.51,48.11]]]},"properties":{"NAME":"Baden","SUBJECTO":"Baden","BORDERPRECISION":3}},
{"type":"Feature","geometry":{"type":"Polygon","coordinates":[[[8.59,47.89],[8.64,47.78],[8.98,47.68],[9.46,47.65],[9.64,49.29],[8.51,48.11],[8.68,47.97],[8.59,47.89]]]},"properties":{"NAME":"Württemberg","SUBJECTO":"Württemberg","BORDERPRECISION":3}},
{"type":"Feature","geometry":{"type":"Polygon","coordinates":[[[-148.76,60.68],[-148.73,60.73],[-147.64,61.05],[-147.27,60.94],[-145.51,62.58],[-140.95,61.89],[-140.93,63.79],[-141.01,68.41],[-157.18,64.01],[-160.93,63.95],[-160.89,63.86],[-161,63.63],[-153.17,59.74],[-151.78,59.96],[-148.76,60.68]]]},"properties":{"NAME":"Athabascan","SUBJECTO":"Athabascan","BORDERPRECISION":3}},
{"type":"Feature","geometry":{"type":"Polygon","coordinates":[[[-71.26,63.57],[-69.16,62.42],[-64.47,63.74],[-67.61,65.91],[-62.84,65.61],[-61.21,66.64],[-68.67,68.72],[-71.25,71.35],[-81.53,73.69],[-88.1,73.64],[-90,71.54],[-87.95,70.38],[-78.71,70.01],[-73.18,68.3],[-72.3,67.26],[-75.79,65.2],[-71.26,63.57]]]},"properties":{"NAME":"T'atsaot'ine","SUBJECTO":"T'atsaot'ine","BORDERPRECISION":3}},
{"type":"Feature","geometry":{"type":"Polygon","coordinates":[[[-71.61,-33.57],[-73.69,-37.37],[-73.14,-37.16],[-71.61,-33.57]]]},"properties":{"NAME":"Andean hunter-gatherers","SUBJECTO":"Andean hunter-gatherers","BORDERPRECISION":3}},
{"type":"Feature","geometry":{"type":"MultiPolygon","coordinates":[[[[-72.59,-41.62],[-72.61,-42],[-72.47,-42.03],[-72.53,-43.06],[-72.76,-44.37],[-72.58,-44.44],[-73.14,-45.34],[-73.05,-45.38],[-73.97,-46.71],[-74,-46.49],[-74.43,-46.53],[-74.04,-46.09],[-75.44,-46.63],[-75.02,-46.55],[-74.86,-46.82],[-73.98,-47.03],[-74.38,-47.42],[-74.3,-47.76],[-73.36,-47.97],[-73.96,-49.24],[-73.93,-49.99],[-73.93,-50.51],[-73.53,-50.43],[-74.21,-51.02],[-73.68,-51.23],[-73.78,-51.61],[-73.26,-51.71],[-73.11,-52.1],[-72.45,-52.16],[-72.21,-52.57],[-71.68,-52.64],[-72.75,-53.14],[-71.15,-52.96],[-71.44,-53.88],[-70.42,-52.67],[-69.9,-52.63],[-68.46,-52.42],[-69.08,-51.5],[-69.11,-51.35],[-71.17,-51.56],[-72.04,-48.77],[-72.19,-45.99],[-70.75,-41],[-71.8,-41.57],[-72.59,-41.62]]],[[[-65.26,-54.82],[-68.71,-53.23],[-68.31,-52.94],[-70.33,-53.47],[-69.44,-53.41],[-70.04,-53.99],[-69.06,-54.6],[-70.5,-54.92],[-65.26,-54.82]]],[[[-73.7,-43.39],[-73.83,-42.56],[-73.46,-42.26],[-74.17,-42.35],[-74.24,-43.37],[-73.7,-43.39]]],[[[-72.84,-52.65],[-73.24,-52.57],[-73.08,-53.03],[-72.84,-52.65]]]]},"properties":{"NAME":"Patagonian shellfish and marine mammal hunters","SUBJECTO":"Patagonian shellfish and marine mammal hunters","BORDERPRECISION":3}},
{"type":"Feature","geometry":{"type":"Polygon","coordinates":[[[-70.75,-41],[-72.19,-45.99],[-72.04,-48.77],[-71.17,-51.56],[-69.11,-51.35],[-69.04,-50.56],[-67.83,-49.97],[-67.58,-49.06],[-65.78,-47.71],[-67.47,-46.27],[-65.66,-44.94],[-65.63,-44.72],[-64.7,-43.2],[-65.09,-42.78],[-64.17,-42.65],[-64,-42.85],[-63.62,-42.57],[-64.12,-42.38],[-64.99,-42.19],[-64.92,-41.73],[-65.13,-41.24],[-62.73,-41.05],[-64.21,-40.56],[-68.83,-39.73],[-70.75,-41]]]},"properties":{"NAME":"Pampas cultures","SUBJECTO":"Pampas cultures","BORDERPRECISION":3}},
{"type":"Feature","geometry":{"type":"Polygon","coordinates":[[[-50.61,-30.3],[-51.33,-31.46],[-50.85,-30.94],[-50.61,-30.3]]]},"properties":{"NAME":"Savanna hunter-gatherers","SUBJECTO":"Savanna hunter-gatherers","BORDERPRECISION":3}},
{"type":"Feature","geometry":{"type":"Polygon","coordinates":[[[119.92,-32.18],[120.41,-32.78],[120.46,-32.88],[120.53,-32.96],[120.54,-32.97],[120.58,-33.05],[120.71,-33.17],[121.4,-33.12],[122.75,-33.39],[122.8,-33.16],[122.83,-33.06],[122.83,-33.04],[122.91,-32.76],[122.93,-32.49],[122.92,-32.37],[123,-32.1],[123.11,-31.75],[123.19,-31.46],[123.38,-30.99],[123.25,-30.95],[121.22,-31.11],[120.96,-31.25],[120.7,-31.41],[120.42,-31.64],[120.17,-31.89],[119.92,-32.18]]]},"properties":{"NAME":"Kalaako/Malpa","SUBJECTO":"Kalaako/Malpa","BORDERPRECISION":3}},
{"type":"Feature","geometry":{"type":"Polygon","coordinates":[[[128.18,-15.25],[128.09,-15.36],[128.08,-15.36],[128.07,-15.42],[128.06,-15.44],[128.05,-15.45],[128.12,-15.52],[128.12,-15.56],[128.14,-15.56],[128.44,-15.49],[128.45,-15.33],[128.46,-15.25],[128.46,-15.24],[128.47,-15.17],[128.78,-15.08],[129.28,-15.29],[129.72,-15.29],[129.76,-15.27],[129.73,-15.23],[129.67,-15.15],[129.63,-15.28],[129.2,-14.99],[128.46,-14.89],[128.18,-15.25]]]},"properties":{"NAME":"Kadjerong","SUBJECTO":"Kadjerong","BORDERPRECISION":3}},
{"type":"Feature","geometry":{"type":"Polygon","coordinates":[[[151.31,-33.77],[151.19,-33.78],[151.1,-33.77],[151.03,-33.74],[151.02,-33.74],[151.01,-33.76],[150.98,-33.84],[150.93,-33.94],[151.09,-33.93],[151.26,-33.99],[151.31,-33.77]]]},"properties":{"NAME":"Eora","SUBJECTO":"Eora","BORDERPRECISION":3}},
{"type":"Feature","geometry":{"type":"Polygon","coordinates":[[[125.94,-18.05],[125.93,-18.05],[125.74,-18.05],[125.68,-18.09],[125.74,-18.12],[125.73,-18.14],[125.66,-18.24],[125.56,-18.35],[125.5,-18.41],[125.5,-18.42],[125.55,-18.43],[125.88,-18.85],[126.06,-18.93],[126.22,-18.93],[126.29,-18.94],[126.3,-18.94],[126.3,-18.89],[126.72,-18.67],[126.77,-18.56],[126.78,-18.48],[126.74,-18.48],[126.49,-18.14],[125.94,-18.06],[125.95,-18.05],[125.94,-18.05]]]},"properties":{"NAME":"Gooniyandi","SUBJECTO":"Gooniyandi","BORDERPRECISION":3}},
{"type":"Feature","geometry":{"type":"Polygon","coordinates":[[[115.89,-22.57],[115.93,-22.63],[115.96,-22.64],[116.09,-22.8],[116.46,-22.97],[116.54,-23.02],[116.61,-23],[116.65,-22.92],[116.84,-22.78],[116.86,-22.77],[116.75,-22.66],[116.42,-22.43],[116.17,-22.42],[116,-22.45],[115.94,-22.51],[115.89,-22.57]]]},"properties":{"NAME":"Pinikura","SUBJECTO":"Pinikura","BORDERPRECISION":3}},
{"type":"Feature","geometry":{"type":"Polygon","coordinates":[[[128.08,-15.36],[128.07,-15.38],[127.98,-15.29],[128.02,-15.02],[127.99,-14.86],[127.86,-15.02],[127.67,-15.23],[127.66,-15.24],[127.72,-15.29],[127.72,-15.46],[127.83,-15.56],[128.02,-15.42],[128.05,-15.45],[128.06,-15.44],[128.07,-15.42],[128.08,-15.36]]]},"properties":{"NAME":"Yiiji","SUBJECTO":"Yiiji","BORDERPRECISION":3}},
{"type":"Feature","geometry":{"type":"Polygon","coordinates":[[[139.05,-17.06],[138.96,-16.99],[138.28,-16.85],[138.32,-16.86],[138.29,-16.93],[138.11,-17.56],[138.08,-17.57],[138.19,-17.6],[138.32,-17.76],[138.38,-17.93],[138.42,-17.88],[138.79,-17.96],[139.31,-17.88],[139.33,-17.87],[139.38,-17.78],[139.51,-17.59],[139.17,-17.36],[139.08,-17.08],[139.05,-17.06]]]},"properties":{"NAME":"Ganggalida","SUBJECTO":"Ganggalida","BORDERPRECISION":3}},
{"type":"Feature","geometry":{"type":"Polygon","coordinates":[[[143.47,-13.67],[143.46,-13.39],[143.42,-13.39],[143.42,-13.48],[143.4,-13.77],[143.4,-13.81],[143.43,-13.8],[143.5,-13.77],[143.47,-13.67]]]},"properties":{"NAME":"Umpila","SUBJECTO":"Umpila","BORDERPRECISION":3}},
{"type":"Feature","geometry":{"type":"Polygon","coordinates":[[[117.07,-21.03],[116.99,-20.98],[116.92,-20.9],[116.78,-20.83],[116.81,-20.78],[116.77,-20.79],[116.42,-20.84],[116.25,-20.92],[116.44,-21.21],[116.45,-21.29],[116.52,-21.34],[116.69,-21.38],[116.84,-21.4],[116.88,-21.39],[116.89,-21.34],[116.91,-21.28],[117.03,-21.04],[117.07,-21.04],[117.07,-21.03]]]},"properties":{"NAME":"Martuthunira","SUBJECTO":"Martuthunira","BORDERPRECISION":3}},
{"type":"Feature","geometry":{"type":"Polygon","coordinates":[[[141.85,-12.84],[142.02,-12.91],[142.04,-12.9],[142.05,-12.88],[142.09,-12.83],[142.13,-12.82],[142.13,-12.78],[142.12,-12.77],[142.08,-12.65],[142.05,-12.54],[142.01,-12.54],[141.83,-12.62],[141.82,-12.6],[141.85,-12.84]]]},"properties":{"NAME":"Awngthim","SUBJECTO":"Awngthim","BORDERPRECISION":3}},
{"type":"Feature","geometry":{"type":"Polygon","coordinates":[[[138.53,-31.68],[138.56,-31.69],[138.53,-31.57],[138.47,-31.48],[138.43,-31.11],[138.51,-30.58],[139.43,-29.57],[139.49,-29.55],[139.48,-29.54],[138.93,-29.54],[138.46,-29.57],[138.45,-29.6],[137.54,-29.57],[137.19,-29.66],[136.92,-29.74],[136.73,-29.8],[136.79,-29.88],[137.47,-30.37],[137.72,-31.11],[137.6,-31.21],[137.6,-31.22],[137.61,-31.23],[137.79,-31.28],[138.37,-31.58],[138.46,-31.65],[138.47,-31.65],[138.53,-31.68]]]},"properties":{"NAME":"Kuyani","SUBJECTO":"Kuyani","BORDERPRECISION":3}},
{"type":"Feature","geometry":{"type":"Polygon","coordinates":[[[118.5,-23.63],[118.56,-23.53],[118.42,-23.46],[118.2,-23.34],[117.49,-22.91],[117.43,-22.82],[117.45,-22.77],[117.3,-22.81],[116.99,-22.88],[116.98,-22.87],[116.98,-22.88],[116.98,-22.93],[117.2,-23.21],[117.19,-23.33],[117.19,-23.35],[117.19,-23.37],[117.18,-23.51],[117.15,-23.62],[117.28,-23.68],[117.5,-23.73],[117.64,-23.83],[117.68,-23.84],[117.73,-23.86],[117.73,-23.99],[117.72,-23.99],[117.88,-24.03],[118.5,-23.63]]]},"properties":{"NAME":"Yinhawangka","SUBJECTO":"Yinhawangka","BORDERPRECISION":3}},
{"type":"Feature","geometry":{"type":"Polygon","coordinates":[[[141.48,-27.4],[141.49,-27.42],[141.56,-27.51],[141.62,-27.76],[141.9,-28.16],[142.05,-28.36],[142.07,-28.38],[142.09,-28.4],[142.12,-28.42],[142.27,-28.51],[142.31,-28.54],[142.32,-28.53],[142.42,-28.42],[142.51,-28.27],[143.03,-28.05],[143.55,-27.97],[143.7,-27.9],[143.72,-27.89],[143.73,-27.89],[143.66,-27.77],[143.56,-27.48],[143.54,-26.7],[143.56,-26.65],[143.52,-26.64],[143.43,-26.63],[143.65,-25.81],[143.66,-25.56],[143.68,-25.47],[143.53,-25.6],[142.71,-26.51],[141.95,-26.96],[141.94,-26.95],[141.93,-26.94],[141.9,-27.03],[141.44,-27.35],[141.48,-27.4]]]},"properties":{"NAME":"Wangkumara","SUBJECTO":"Wangkumara","BORDERPRECISION":3}},
{"type":"Feature","geometry":{"type":"Polygon","coordinates":[[[143.99,-34.82],[144.04,-34.83],[144.1,-34.82],[144.1,-34.81],[144.55,-34.66],[144.7,-34.66],[144.76,-34.68],[144.79,-34.68],[144.78,-34.67],[144.76,-34.63],[144.65,-34.2],[144.65,-34.07],[144.61,-34.1],[144.56,-34.15],[144.29,-34.19],[144.18,-34.15],[144.18,-34.18],[143.94,-34.33],[143.84,-34.52],[143.92,-34.71],[143.99,-34.82]]]},"properties":{"NAME":"Nari Nari","SUBJECTO":"Nari Nari","BORDERPRECISION":3}},
{"type":"Feature","geometry":{"type":"Polygon","coordinates":[[[134.44,-17.8],[134.44,-17.81],[134.4,-17.87],[134.54,-17.95],[134.78,-17.97],[135.26,-18.03],[136.16,-18.62],[136.3,-18.73],[136.52,-18.54],[137.2,-18.44],[137.24,-18.43],[137.34,-18.42],[137.35,-18.41],[137.18,-18.32],[136.87,-18.11],[136.73,-18.08],[136.7,-18.07],[136.64,-18.05],[136.36,-17.96],[135.8,-17.69],[135.7,-17.67],[135.53,-17.64],[135.45,-17.64],[135.19,-17.64],[134.97,-17.64],[134.69,-17.69],[134.65,-17.69],[134.62,-17.7],[134.57,-17.72],[134.44,-17.8]]]},"properties":{"NAME":"Wambaya","SUBJECTO":"Wambaya","BORDERPRECISION":3}},
{"type":"Feature","geometry":{"type":"Polygon","coordinates":[[[146.21,-29.95],[146.25,-30],[146.26,-30.02],[146.31,-30.13],[146.99,-30.57],[147.19,-31.18],[147.21,-31.6],[147.25,-31.68],[147.3,-31.67],[148.75,-31.67],[149.04,-31.78],[149.14,-31.51],[149.19,-31.39],[149.18,-31.26],[148.64,-30.61],[148.45,-30.64],[148.04,-30.04],[147.07,-30.07],[146.93,-30],[146.89,-29.98],[146.85,-29.94],[146.68,-29.93],[146.21,-29.95]]]},"properties":{"NAME":"Wailwan","SUBJECTO":"Wailwan","BORDERPRECISION":3}},
{"type":"Feature","geometry":{"type":"Polygon","coordinates":[[[152.94,-30.7],[152.95,-30.67],[152.74,-30.62],[152.4,-30.54],[152.13,-30.48],[152.11,-30.57],[152,-30.76],[151.81,-30.92],[151.67,-31.04],[151.65,-31.06],[151.66,-31.06],[152,-31.09],[152.58,-31.26],[152.95,-31.25],[152.98,-31.27],[153,-31.06],[152.94,-30.7]]]},"properties":{"NAME":"Dainggatti","SUBJECTO":"Dainggatti","BORDERPRECISION":3}},
{"type":"Feature","geometry":{"type":"Polygon","coordinates":[[[138.33,-23.67],[138.36,-23.67],[138.36,-23.64],[138.26,-23.29],[138.25,-22.65],[138.45,-22.11],[138.58,-22.11],[138.49,-22.04],[138.38,-21.95],[138.07,-21.84],[137.96,-21.74],[137.94,-21.73],[137.69,-21.64],[137.3,-21.64],[137.01,-21.65],[137.02,-21.71],[137.04,-21.84],[137.07,-22.39],[136.91,-22.58],[136.97,-22.89],[137.19,-23.34],[137.98,-23.65],[138.33,-23.67]]]},"properties":{"NAME":"Andegerebenha","SUBJECTO":"Andegerebenha","BORDERPRECISION":3}},
{"type":"Feature","geometry":{"type":"Polygon","coordinates":[[[122.54,-16.92],[122.16,-17.32],[122.6,-17.32],[122.76,-17.32],[122.8,-17.32],[122.81,-17.26],[122.84,-17.1],[122.89,-17.04],[122.86,-17.03],[122.64,-16.99],[122.56,-16.94],[122.55,-16.94],[122.54,-16.92]]]},"properties":{"NAME":"Jabirrjabirr","SUBJECTO":"Jabirrjabirr","BORDERPRECISION":3}},
{"type":"Feature","geometry":{"type":"Polygon","coordinates":[[[118.47,-28.4],[119.2,-28.64],[119.44,-28.76],[119.52,-28.81],[119.69,-29.01],[119.76,-28.99],[119.73,-28.97],[119.87,-28.85],[121.85,-28.84],[122.1,-28.77],[122.14,-28.75],[122.3,-28.7],[122.32,-28.7],[122.27,-28.58],[121.96,-28.16],[121.81,-27.98],[121.76,-27.92],[121.76,-27.91],[121.69,-27.86],[121.61,-27.79],[121.49,-27.65],[121.32,-27.53],[121.31,-27.53],[121.29,-27.53],[121.18,-27.53],[120.98,-27.53],[120.87,-27.54],[120.22,-27.35],[119.32,-27.28],[118.83,-28.04],[118.73,-28.1],[118.65,-28.14],[118.53,-28.3],[118.47,-28.4]]]},"properties":{"NAME":"Kuwarra","SUBJECTO":"Kuwarra","BORDERPRECISION":3}},
{"type":"Feature","geometry":{"type":"Polygon","coordinates":[[[113.67,-23.78],[114.44,-24.02],[114.76,-22.77],[113.77,-22.86],[113.74,-23.25],[113.67,-23.78]]]},"properties":{"NAME":"Payungu","SUBJECTO":"Payungu","BORDERPRECISION":3}},
{"type":"Feature","geometry":{"type":"Polygon","coordinates":[[[136.3,-18.73],[136.41,-18.82],[135.78,-19.95],[135.86,-19.95],[136.03,-20.57],[136.21,-20.74],[136.29,-20.76],[136.38,-20.72],[136.56,-20.74],[136.68,-20.85],[136.75,-20.86],[137.24,-20.95],[138.41,-20.49],[138.83,-20.45],[138.93,-20.44],[138.91,-20.37],[138.9,-20.36],[138.88,-20.31],[138.8,-20.1],[138.54,-19.87],[137.54,-19.61],[137.7,-19.1],[137.85,-18.78],[137.91,-18.51],[137.91,-18.5],[137.8,-18.44],[137.68,-18.38],[137.35,-18.41],[137.34,-18.42],[137.24,-18.43],[137.2,-18.44],[136.52,-18.54],[136.3,-18.73]]]},"properties":{"NAME":"Wakaya","SUBJECTO":"Wakaya","BORDERPRECISION":3}},
{"type":"Feature","geometry":{"type":"Polygon","coordinates":[[[143.3,-34.46],[143.31,-34.46],[143.33,-34.49],[143.39,-34.57],[143.39,-34.62],[143.39,-34.65],[143.39,-34.67],[143.46,-34.73],[143.71,-34.75],[143.89,-34.83],[144.01,-34.85],[144,-34.83],[143.99,-34.82],[143.92,-34.71],[143.84,-34.52],[143.94,-34.33],[144.18,-34.18],[144.18,-34.15],[144.17,-34.14],[144.09,-34.11],[143.87,-33.93],[143.47,-33.7],[143.48,-33.69],[143.29,-33.79],[143.21,-33.77],[142.9,-33.97],[142.9,-33.99],[142.86,-34],[142.85,-34],[142.83,-34.01],[142.81,-34.03],[142.9,-34.15],[143.04,-34.22],[143.17,-34.35],[143.27,-34.43],[143.3,-34.46]]]},"properties":{"NAME":"Madi Madi","SUBJECTO":"Madi Madi","BORDERPRECISION":3}},
{"type":"Feature","geometry":{"type":"Polygon","coordinates":[[[145.62,-28.99],[145.61,-28.97],[145.6,-28.98],[145.45,-28.97],[145.38,-29.12],[145.1,-29.48],[145.03,-29.76],[144.99,-30.17],[145,-30.28],[145.21,-30.31],[145.51,-30.23],[145.57,-30.19],[145.6,-30.16],[145.68,-29.95],[145.79,-29.75],[145.8,-29.67],[145.79,-29.67],[145.73,-29.71],[145.75,-29.33],[145.74,-29.29],[145.71,-29.17],[145.67,-29.06],[145.62,-28.99]]]},"properties":{"NAME":"Gunu","SUBJECTO":"Gunu","BORDERPRECISION":3}},
{"type":"Feature","geometry":{"type":"Polygon","coordinates":[[[113.67,-23.78],[113.37,-24.26],[113.57,-24.79],[113.67,-23.78]]]},"properties":{"NAME":"Maya","SUBJECTO":"Maya","BORDERPRECISION":3}},
{"type":"Feature","geometry":{"type":"Polygon","coordinates":[[[153.06,-27.1],[153.07,-26.23],[152.99,-25.94],[152.97,-25.87],[152.69,-26.02],[152.63,-25.59],[152.72,-25.41],[152.49,-25.31],[152.4,-24.97],[152.4,-25.05],[152.15,-25.14],[151.86,-25.17],[151.79,-25.15],[151.78,-25.24],[151.85,-25.56],[151.85,-25.79],[152.03,-26.26],[153,-27.08],[153.06,-27.1]]]},"properties":{"NAME":"Dyungungoo (Gubbi Gubbi)","SUBJECTO":"Dyungungoo (Gubbi Gubbi)","BORDERPRECISION":3}},
{"type":"Feature","geometry":{"type":"Polygon","coordinates":[[[133.64,-13.41],[132.98,-13.3],[132.26,-13.08],[132.18,-13.19],[132.2,-13.22],[132.21,-13.24],[132.26,-13.27],[132.68,-13.38],[132.62,-13.58],[132.2,-13.68],[132.1,-13.72],[132.08,-13.75],[132.04,-13.8],[132.11,-14.6],[132.93,-14.74],[133.63,-13.56],[133.64,-13.41]]]},"properties":{"NAME":"Jawoyn","SUBJECTO":"Jawoyn","BORDERPRECISION":3}},
{"type":"Feature","geometry":{"type":"Polygon","coordinates":[[[139.33,-17.93],[139.36,-17.92],[139.34,-17.87],[139.33,-17.87],[139.31,-17.88],[138.79,-17.96],[138.42,-17.88],[138.38,-17.93],[138.4,-17.99],[138.41,-18],[138.41,-18.24],[138.14,-18.52],[138.11,-18.52],[138.1,-18.53],[138.16,-18.55],[139.14,-19.09],[139.17,-19.12],[139.33,-18.82],[139.33,-17.93]]]},"properties":{"NAME":"Nguburinji","SUBJECTO":"Nguburinji","BORDERPRECISION":3}},
{"type":"Feature","geometry":{"type":"Polygon","coordinates":[[[134.54,-17.95],[134.35,-17.94],[134.23,-17.94],[133.49,-18.03],[133.43,-18.25],[133.43,-18.26],[133.37,-18.45],[133.75,-18.85],[133.48,-19.12],[132.98,-19.27],[132.47,-19.31],[132.39,-19.33],[132.32,-19.34],[132.45,-19.56],[132.53,-19.82],[132.82,-20.21],[132.96,-20.73],[132.99,-20.77],[133,-20.78],[133.1,-20.95],[134.03,-20.85],[135.07,-20.12],[135.44,-20.06],[135.69,-20.02],[135.75,-20.01],[135.78,-19.95],[136.41,-18.82],[136.3,-18.73],[136.16,-18.62],[135.26,-18.03],[134.78,-17.97],[134.54,-17.95]]]},"properties":{"NAME":"Warumungu","SUBJECTO":"Warumungu","BORDERPRECISION":3}},
{"type":"Feature","geometry":{"type":"Polygon","coordinates":[[[131.04,-25.47],[131.03,-25.51],[131.06,-25.52],[131.21,-25.6],[131.5,-25.7],[131.93,-25.88],[132.63,-26.19],[132.92,-26.47],[132.97,-26.46],[133.01,-26.46],[133.12,-26.44],[133.32,-26.31],[133.81,-26.12],[133.87,-26.08],[133.79,-26.03],[133.77,-26.02],[133.24,-25.44],[132.03,-23.66],[132.03,-23.18],[132.27,-23.04],[132.28,-23.04],[132.3,-23.01],[132.29,-22.98],[132.2,-22.98],[132.23,-23.03],[132.12,-23.03],[131.78,-23.01],[131.46,-23.01],[131.29,-22.97],[131.26,-23.15],[131.19,-23.46],[130.91,-24.39],[130.67,-24.71],[130.6,-24.77],[130.58,-24.79],[130.7,-24.84],[130.85,-24.88],[131.06,-25.21],[131.05,-25.4],[131.04,-25.47]]]},"properties":{"NAME":"Luritja","SUBJECTO":"Luritja","BORDERPRECISION":3}},
{"type":"Feature","geometry":{"type":"Polygon","coordinates":[[[143.24,-36.91],[143.23,-36.92],[143.25,-36.92],[143.38,-36.93],[143.44,-36.94],[143.44,-37.02],[143.4,-37.05],[143.32,-37.09],[143.35,-37.13],[143.3,-37.17],[143.31,-37.21],[143.3,-37.23],[143.3,-37.24],[143.32,-37.25],[143.31,-37.3],[143.96,-37.48],[144.2,-37.45],[144.25,-37.43],[144.3,-37.41],[144.41,-37.43],[144.42,-37.21],[144.43,-37.19],[144.47,-37.16],[144.47,-37.15],[144.37,-37.16],[144.34,-37.14],[144.32,-37.13],[144.25,-37.01],[144.18,-36.64],[144.27,-36.58],[144.28,-36.57],[144.38,-36.55],[144.48,-36.56],[144.54,-36.57],[144.57,-36.57],[144.58,-36.58],[144.61,-36.54],[144.62,-36.53],[144.64,-36.46],[144.72,-36.36],[144.7,-36.33],[144.57,-36.2],[144.19,-36.19],[144.13,-36.14],[144.07,-36.13],[144.03,-36.13],[144.01,-36.13],[144,-36.11],[143.93,-36.11],[143.91,-36.11],[143.87,-36.15],[143.7,-36.23],[143.02,-36.37],[142.98,-36.36],[142.98,-36.37],[142.91,-36.48],[142.85,-36.58],[143.24,-36.91]]]},"properties":{"NAME":"Dja Dja Wurrung","SUBJECTO":"Dja Dja Wurrung","BORDERPRECISION":3}},
{"type":"Feature","geometry":{"type":"Polygon","coordinates":[[[133,-20.78],[132.97,-20.78],[133,-20.88],[133.1,-21.21],[133.08,-21.68],[132.95,-21.89],[132.92,-21.93],[133.02,-22.13],[133.68,-22.21],[134.02,-22.35],[134.1,-22.31],[134.41,-22.13],[134.67,-21.8],[135.88,-20.94],[136.25,-20.77],[136.21,-20.74],[136.03,-20.57],[135.86,-19.95],[135.78,-19.95],[135.75,-20.01],[135.69,-20.02],[135.44,-20.06],[135.07,-20.12],[134.03,-20.85],[133.1,-20.95],[133,-20.78]]]},"properties":{"NAME":"Kaytej","SUBJECTO":"Kaytej","BORDERPRECISION":3}},
{"type":"Feature","geometry":{"type":"Polygon","coordinates":[[[117.74,-35.22],[118.21,-35.09],[118.67,-34.61],[119.01,-34.61],[119.03,-34.49],[118.65,-34.25],[116.57,-34.83],[116.41,-35.08],[117.74,-35.22]]]},"properties":{"NAME":"Minang","SUBJECTO":"Minang","BORDERPRECISION":3}},
{"type":"Feature","geometry":{"type":"Polygon","coordinates":[[[113.9,-25.59],[113.06,-26.12],[113.6,-26.76],[113.9,-25.59]]]},"properties":{"NAME":"Malkana","SUBJECTO":"Malkana","BORDERPRECISION":3}},
{"type":"Feature","geometry":{"type":"Polygon","coordinates":[[[141.71,-15.23],[141.65,-15.32],[141.7,-15.33],[141.73,-15.21],[141.73,-15.22],[141.71,-15.22],[141.71,-15.23]]]},"properties":{"NAME":"Yir Yoront","SUBJECTO":"Yir Yoront","BORDERPRECISION":3}},
{"type":"Feature","geometry":{"type":"Polygon","coordinates":[[[122.23,-18.14],[122.22,-18.18],[122.31,-18.07],[122.23,-18.14]]]},"properties":{"NAME":"Yawuru","SUBJECTO":"Yawuru","BORDERPRECISION":3}},
{"type":"Feature","geometry":{"type":"Polygon","coordinates":[[[138.93,-26.15],[138.86,-26.1],[138.85,-25.99],[138.83,-25.97],[138.64,-26],[138.19,-26.02],[138.03,-26.06],[138.04,-26.24],[138.13,-26.4],[138.22,-26.36],[138.74,-26.37],[138.89,-26.19],[138.94,-26.19],[138.93,-26.15]]]},"properties":{"NAME":"Karangura","SUBJECTO":"Karangura","BORDERPRECISION":3}},
{"type":"Feature","geometry":{"type":"Polygon","coordinates":[[[117.56,-33.77],[116.21,-33.95],[117.56,-34.21],[117.56,-33.77]]]},"properties":{"NAME":"Kaniyang","SUBJECTO":"Kaniyang","BORDERPRECISION":3}},
{"type":"Feature","geometry":{"type":"Polygon","coordinates":[[[139.16,-34.73],[139.14,-35],[139.1,-35.08],[139.06,-35.14],[139.1,-35.14],[139.31,-35.17],[139.41,-35.19],[139.54,-35.22],[139.82,-34.67],[141.11,-34.6],[141.25,-34.64],[141.33,-34.78],[141.41,-34.82],[141.44,-34.77],[141.45,-34.76],[141.53,-34.7],[141.57,-34.66],[141.7,-34.61],[141.81,-34.45],[141.94,-34.19],[142,-34.09],[142.03,-34.03],[142.03,-34.02],[142.09,-33.91],[142.05,-33.88],[142.01,-33.85],[141.51,-33.69],[141.02,-33.46],[140.97,-33.44],[140.89,-33.42],[140.8,-33.39],[140.32,-33.29],[139.52,-33.47],[139.21,-33.63],[139.13,-33.66],[139.09,-33.67],[139.08,-33.67],[139.1,-34.34],[139.12,-34.44],[139.13,-34.53],[139.16,-34.73]]]},"properties":{"NAME":"Meru","SUBJECTO":"Meru","BORDERPRECISION":3}},
{"type":"Feature","geometry":{"type":"Polygon","coordinates":[[[146.92,-20.55],[146.6,-20.45],[146.34,-20.34],[145.84,-20.4],[145.59,-20.52],[145.61,-20.56],[145.47,-21.28],[145.55,-21.55],[145.59,-21.69],[145.61,-21.69],[145.95,-21.64],[146.35,-21.59],[146.55,-21.6],[146.61,-21.6],[146.59,-21.53],[146.59,-21.52],[146.57,-21.36],[146.54,-20.93],[146.57,-20.69],[146.85,-20.64],[146.92,-20.55]]]},"properties":{"NAME":"Yilba","SUBJECTO":"Yilba","BORDERPRECISION":3}},
{"type":"Feature","geometry":{"type":"Polygon","coordinates":[[[129.51,-15.98],[129.35,-16.18],[129.28,-16.29],[129.27,-16.32],[129.29,-16.34],[129.34,-16.46],[129.27,-16.63],[129.25,-16.63],[129.25,-16.79],[130.14,-17.07],[130.25,-17.15],[130.29,-17.12],[130.33,-17.09],[130.68,-16.69],[130.96,-16.44],[130.96,-16.4],[130.97,-16.36],[130.9,-16.26],[130.87,-16.1],[130.76,-16.07],[130.71,-16.05],[130.48,-15.96],[130.45,-15.81],[130.45,-15.71],[130.45,-15.69],[130.45,-15.66],[130.42,-15.53],[130.39,-15.49],[130.38,-15.48],[130.36,-15.45],[130.29,-15.4],[130.15,-15.49],[130.11,-15.52],[130.03,-15.57],[129.79,-15.74],[129.51,-15.98]]]},"properties":{"NAME":"Ngarinman","SUBJECTO":"Ngarinman","BORDERPRECISION":3}},
{"type":"Feature","geometry":{"type":"Polygon","coordinates":[[[140.36,-26.23],[140.34,-26.26],[140.34,-26.27],[140.22,-26.46],[140.09,-26.81],[139.99,-27.16],[139.98,-27.23],[140.03,-27.24],[140.02,-27.27],[139.99,-27.43],[139.99,-27.49],[140.3,-27.53],[140.53,-27.65],[140.93,-27.65],[141.37,-27.48],[141.48,-27.4],[141.44,-27.35],[141.9,-27.03],[141.93,-26.94],[141.68,-26.69],[141.2,-26.39],[141.09,-26.26],[140.94,-26.15],[140.82,-26.07],[140.57,-25.97],[140.5,-25.95],[140.43,-26.08],[140.36,-26.23]]]},"properties":{"NAME":"Yawarawarka","SUBJECTO":"Yawarawarka","BORDERPRECISION":3}},
{"type":"Feature","geometry":{"type":"Polygon","coordinates":[[[122.18,-17.92],[122.21,-18.05],[122.25,-18.06],[122.69,-17.92],[122.7,-17.82],[122.74,-17.75],[122.68,-17.76],[122.19,-17.78],[122.18,-17.77],[122.16,-17.79],[122.18,-17.92]]]},"properties":{"NAME":"Jukun","SUBJECTO":"Jukun","BORDERPRECISION":3}},
{"type":"Feature","geometry":{"type":"Polygon","coordinates":[[[134.41,-12.12],[134.4,-12.13],[134.46,-12.13],[134.47,-12.13],[134.56,-12.1],[134.6,-12.11],[134.6,-12.09],[134.6,-12.06],[134.59,-12.06],[134.41,-12.12]]]},"properties":{"NAME":"Nakara","SUBJECTO":"Nakara","BORDERPRECISION":3}},
{"type":"Feature","geometry":{"type":"Polygon","coordinates":[[[134.87,-14.61],[134.84,-14.65],[134.93,-14.73],[134.99,-14.93],[134.97,-15.06],[134.91,-15.16],[134.96,-15.18],[135.23,-15.28],[135.38,-15.4],[135.43,-15.57],[135.44,-15.77],[135.49,-15.76],[135.67,-15.7],[135.73,-15.54],[135.79,-15.53],[135.79,-15.51],[135.82,-15.45],[135.94,-15.36],[135.03,-14.45],[134.87,-14.61]]]},"properties":{"NAME":"Mara","SUBJECTO":"Mara","BORDERPRECISION":3}},
{"type":"Feature","geometry":{"type":"Polygon","coordinates":[[[130.09,-13.59],[130.06,-13.61],[130.13,-13.66],[130.1,-13.78],[130.14,-13.86],[130.2,-13.89],[130.23,-13.88],[130.22,-13.88],[130.24,-13.71],[130.27,-13.63],[130.21,-13.6],[130.19,-13.5],[130.18,-13.51],[130.09,-13.59]]]},"properties":{"NAME":"Maranunggu","SUBJECTO":"Maranunggu","BORDERPRECISION":3}},
{"type":"Feature","geometry":{"type":"Polygon","coordinates":[[[145.04,-24.86],[145.05,-24.8],[144.92,-24.68],[144.57,-24.57],[144.47,-24.75],[144.11,-25.04],[143.75,-25.28],[143.71,-25.31],[143.71,-25.33],[143.69,-25.43],[143.68,-25.47],[143.66,-25.56],[143.65,-25.81],[143.43,-26.63],[143.52,-26.64],[143.56,-26.65],[143.64,-26.67],[144.37,-26.65],[144.91,-26.54],[145.11,-26.48],[145.32,-26.42],[145.52,-26.37],[145.5,-26.33],[145.47,-26.26],[145.33,-26.14],[144.88,-26.2],[144.61,-25.91],[144.88,-25.05],[145.04,-24.86]]]},"properties":{"NAME":"Dharawala","SUBJECTO":"Dharawala","BORDERPRECISION":3}},
{"type":"Feature","geometry":{"type":"Polygon","coordinates":[[[116.43,-23.98],[116.35,-24.46],[116.37,-24.56],[116.37,-24.59],[116.5,-24.51],[116.83,-24.48],[116.99,-24.06],[117.36,-23.97],[117.42,-24.01],[117.58,-24.03],[117.59,-24.03],[117.72,-23.99],[117.73,-23.99],[117.73,-23.86],[117.68,-23.84],[117.64,-23.83],[117.5,-23.73],[117.28,-23.68],[117.15,-23.62],[117.03,-23.56],[116.69,-23.4],[116.28,-23.21],[115.98,-23.01],[115.78,-22.92],[115.74,-22.9],[115.73,-22.93],[115.7,-23.25],[115.82,-23.7],[115.8,-23.75],[115.79,-23.78],[115.77,-23.84],[115.81,-23.84],[115.84,-23.85],[115.89,-23.86],[116.27,-23.88],[116.43,-23.98]]]},"properties":{"NAME":"Thiin","SUBJECTO":"Thiin","BORDERPRECISION":3}},
{"type":"Feature","geometry":{"type":"Polygon","coordinates":[[[130.15,-15.49],[130.13,-15.44],[129.91,-15.41],[129.89,-15.34],[129.85,-15.3],[129.81,-15.25],[129.76,-15.27],[129.72,-15.29],[129.28,-15.29],[128.78,-15.08],[128.47,-15.17],[128.46,-15.24],[128.46,-15.25],[128.45,-15.33],[128.44,-15.49],[128.14,-15.56],[128.12,-15.58],[128.11,-15.65],[128.02,-15.82],[127.94,-15.87],[128.08,-15.88],[129.01,-16.14],[129.17,-16.23],[129.17,-16.24],[129.28,-16.29],[129.35,-16.18],[129.51,-15.98],[129.79,-15.74],[130.03,-15.57],[130.11,-15.52],[130.15,-15.49]]]},"properties":{"NAME":"Doolboong/Miriwoong","SUBJECTO":"Doolboong/Miriwoong","BORDERPRECISION":3}},
{"type":"Feature","geometry":{"type":"Polygon","coordinates":[[[129.03,-18.01],[129.14,-18.92],[128.86,-19.17],[128.77,-19.25],[128.76,-19.26],[128.72,-19.3],[130.5,-20.55],[130.4,-21],[130.25,-21.11],[130.32,-21.12],[130.44,-21.14],[131.32,-22.76],[131.31,-22.89],[131.3,-22.95],[131.29,-22.97],[131.46,-23.01],[131.78,-23.01],[132.12,-23.03],[132.23,-23.03],[132.2,-22.98],[132.03,-22.75],[131.88,-22.55],[132.07,-22],[132.9,-21.96],[132.92,-21.93],[132.95,-21.89],[133.08,-21.68],[133.1,-21.21],[133,-20.88],[132.97,-20.78],[132.96,-20.73],[132.82,-20.21],[132.53,-19.82],[132.45,-19.56],[132.32,-19.34],[132.27,-19.28],[132.2,-19.16],[132.06,-18.95],[131.59,-18.56],[131.23,-18.3],[131.03,-18.16],[130.97,-18.12],[130.95,-18.1],[129.89,-18.31],[129.27,-18.32],[129.15,-18.17],[129.03,-18.01]]]},"properties":{"NAME":"Warlpiri","SUBJECTO":"Warlpiri","BORDERPRECISION":3}},
{"type":"Feature","geometry":{"type":"Polygon","coordinates":[[[145.05,-24.8],[145.06,-24.77],[145.08,-24.64],[145.09,-24.52],[145.13,-24.35],[145.21,-24.18],[144.92,-23.96],[144.75,-23.84],[143.45,-23.84],[143.44,-23.82],[143.32,-23.99],[143.15,-24.39],[143.06,-24.47],[143.28,-24.75],[143.76,-25.26],[143.75,-25.28],[144.11,-25.04],[144.47,-24.75],[144.57,-24.57],[144.92,-24.68],[145.05,-24.8]]]},"properties":{"NAME":"Kuungkari","SUBJECTO":"Kuungkari","BORDERPRECISION":3}},
{"type":"Feature","geometry":{"type":"Polygon","coordinates":[[[141.94,-34.19],[142.14,-34.23],[142.32,-34.61],[142.49,-34.71],[142.68,-34.71],[142.73,-34.7],[142.9,-34.64],[142.92,-34.64],[142.92,-34.63],[143.11,-34.56],[143.31,-34.46],[143.3,-34.46],[143.27,-34.43],[143.17,-34.35],[143.04,-34.22],[142.9,-34.15],[142.81,-34.03],[142.83,-34.01],[142.79,-34.03],[142.79,-33.94],[142.58,-33.74],[142.45,-33.71],[142.37,-33.83],[142.35,-33.95],[142.12,-33.93],[142.03,-34.02],[142.03,-34.03],[142,-34.09],[141.94,-34.19]]]},"properties":{"NAME":"Kureinji","SUBJECTO":"Kureinji","BORDERPRECISION":3}},
{"type":"Feature","geometry":{"type":"Polygon","coordinates":[[[143.31,-34.46],[143.11,-34.56],[142.92,-34.63],[142.97,-34.67],[142.97,-34.69],[142.98,-34.71],[142.97,-34.76],[142.97,-34.83],[142.96,-34.84],[143.02,-34.86],[143.04,-34.85],[143.01,-34.8],[143.29,-34.67],[143.38,-34.67],[143.39,-34.65],[143.39,-34.62],[143.39,-34.57],[143.33,-34.49],[143.31,-34.46]]]},"properties":{"NAME":"Dadi Dadi","SUBJECTO":"Dadi Dadi","BORDERPRECISION":3}},
{"type":"Feature","geometry":{"type":"Polygon","coordinates":[[[138.27,-34.58],[138.57,-34.93],[138.53,-35.3],[138.49,-35.4],[138.56,-35.35],[138.58,-35.34],[138.65,-35.17],[138.71,-34.99],[138.79,-34.86],[138.79,-34.69],[138.77,-34.66],[138.72,-34.67],[138.67,-34.69],[138.32,-33.43],[138.33,-33.32],[138.33,-33.31],[138.32,-33.3],[138.17,-33.32],[137.99,-33.47],[138.11,-34.25],[138.27,-34.58]]]},"properties":{"NAME":"Kaurna Pangkarra","SUBJECTO":"Kaurna Pangkarra","BORDERPRECISION":3}},
{"type":"Feature","geometry":{"type":"Polygon","coordinates":[[[124.88,-18.48],[124.81,-18.58],[124.86,-18.59],[124.86,-18.61],[124.86,-18.7],[124.8,-18.78],[124.8,-18.96],[125.11,-19.88],[125,-20.15],[124.96,-20.2],[125.11,-20.18],[126.08,-20.28],[126.34,-20.34],[126.36,-20.28],[126.8,-19.2],[126.83,-19.18],[126.83,-19.16],[126.69,-19.08],[126.44,-19.1],[126.31,-19.02],[126.3,-18.95],[126.29,-18.94],[126.22,-18.93],[126.06,-18.93],[125.88,-18.85],[125.55,-18.43],[125.5,-18.42],[125.49,-18.42],[125.45,-18.42],[125.31,-18.48],[124.88,-18.48]]]},"properties":{"NAME":"Walmatjarri","SUBJECTO":"Walmatjarri","BORDERPRECISION":3}},
{"type":"Feature","geometry":{"type":"Polygon","coordinates":[[[152.93,-27.06],[152.74,-27.33],[152.8,-27.3],[152.84,-27.19],[152.93,-27.06]]]},"properties":{"NAME":"Waka Waka","SUBJECTO":"Waka Waka","BORDERPRECISION":3}},
{"type":"Feature","geometry":{"type":"Polygon","coordinates":[[[141.71,-15.21],[141.71,-15.22],[141.73,-15.22],[141.73,-15.21],[141.75,-15.14],[141.83,-14.94],[141.9,-14.93],[141.91,-14.92],[141.9,-14.92],[141.98,-14.8],[142.01,-14.64],[142,-14.5],[141.52,-14.49],[141.49,-14.57],[141.55,-14.89],[141.65,-15.04],[141.71,-15.21]]]},"properties":{"NAME":"Thaayorre","SUBJECTO":"Thaayorre","BORDERPRECISION":3}},
{"type":"Feature","geometry":{"type":"Polygon","coordinates":[[[120.39,-32.77],[118.47,-31.1],[118.04,-32.98],[120.33,-32.95],[120.39,-32.77]]]},"properties":{"NAME":"Nyaki-nyaki","SUBJECTO":"Nyaki-nyaki","BORDERPRECISION":3}},
{"type":"Feature","geometry":{"type":"Polygon","coordinates":[[[145.59,-36.2],[145.6,-36.19],[145.63,-36.15],[145.67,-36.11],[145.76,-36.08],[145.79,-36.09],[145.77,-36.05],[145.77,-36],[145.8,-35.99],[145.55,-35.92],[145.2,-35.73],[145.13,-35.3],[145.11,-35.32],[144.67,-35.58],[144.53,-35.85],[144.87,-36.08],[144.86,-36.11],[144.85,-36.14],[145,-36.19],[145.5,-36.21],[145.59,-36.2]]]},"properties":{"NAME":"Yorta Yorta","SUBJECTO":"Yorta Yorta","BORDERPRECISION":3}},
{"type":"Feature","geometry":{"type":"Polygon","coordinates":[[[149.59,-35.38],[149.51,-35.37],[149.49,-35.37],[149.44,-35.37],[149.26,-35.35],[148.84,-35.24],[148.57,-35.18],[148.38,-35.15],[148.14,-35.15],[148.14,-35.21],[148.14,-35.34],[148.1,-35.64],[148.01,-36.01],[147.99,-36.08],[147.81,-36.08],[147.81,-36.28],[147.81,-36.74],[147.84,-36.97],[148,-37.1],[148.04,-37.18],[148.08,-37.25],[148.08,-37.27],[148.25,-37.38],[148.26,-37.38],[148.36,-37.39],[148.39,-37.37],[148.54,-37.26],[149.03,-37.08],[149.34,-37.07],[149.5,-37.04],[149.5,-36.98],[149.5,-36.7],[149.49,-36.32],[149.49,-35.84],[149.59,-35.38]]]},"properties":{"NAME":"Ngarigo","SUBJECTO":"Ngarigo","BORDERPRECISION":3}},
{"type":"Feature","geometry":{"type":"Polygon","coordinates":[[[145.95,-28.06],[145.91,-28.25],[145.77,-28.58],[145.57,-28.92],[145.56,-28.93],[145.61,-28.97],[145.62,-28.99],[145.66,-29.02],[145.67,-29.06],[145.71,-29.17],[145.76,-29.31],[145.75,-29.33],[145.73,-29.71],[145.79,-29.67],[145.8,-29.67],[145.85,-29.64],[146.66,-29.74],[146.78,-29.83],[146.84,-29.86],[146.84,-29.85],[147,-29.55],[147.28,-29.34],[147.44,-29.13],[147.44,-29.04],[147.4,-29.04],[146.72,-28.77],[146.2,-28.34],[146,-28.11],[145.96,-28.04],[145.95,-28.06]]]},"properties":{"NAME":"Muruwari","SUBJECTO":"Muruwari","BORDERPRECISION":3}},
{"type":"Feature","geometry":{"type":"Polygon","coordinates":[[[116.82,-20.78],[116.81,-20.78],[116.78,-20.83],[116.92,-20.9],[116.99,-20.98],[117.07,-21.03],[117.09,-21.04],[117.18,-21.03],[117.42,-21.1],[117.91,-21.27],[117.96,-21.32],[117.98,-21.31],[117.92,-21.16],[117.8,-20.69],[117.79,-20.64],[117.76,-20.68],[117.6,-20.76],[117.09,-20.78],[116.82,-20.78]]]},"properties":{"NAME":"Ngarluma","SUBJECTO":"Ngarluma","BORDERPRECISION":3}},
{"type":"Feature","geometry":{"type":"Polygon","coordinates":[[[142.91,-19.46],[142.9,-19.46],[142.92,-19.47],[142.98,-19.51],[142.48,-20.12],[142.6,-20.25],[142.93,-20.58],[143.09,-20.54],[143.1,-20.47],[143.67,-20.49],[144.1,-20.45],[144.12,-20.42],[144.12,-20.24],[144.15,-19.95],[144.16,-19.65],[144.06,-19.61],[144.01,-19.63],[143.99,-19.61],[143.97,-19.59],[143.95,-19.58],[143.56,-19.57],[142.91,-19.46]]]},"properties":{"NAME":"Mbara","SUBJECTO":"Mbara","BORDERPRECISION":3}},
{"type":"Feature","geometry":{"type":"Polygon","coordinates":[[[151.39,-29.81],[151.39,-29.82],[151.39,-29.89],[151.68,-30.18],[151.85,-30.31],[152.09,-30.47],[152.11,-30.48],[152.13,-30.48],[152.4,-30.54],[152.74,-30.62],[152.95,-30.67],[152.96,-30.62],[153.2,-29.91],[153.33,-29.31],[152.87,-29.6],[152.09,-29.53],[152.06,-29.48],[152.07,-29.46],[151.85,-29.45],[151.79,-29.45],[151.75,-29.51],[151.51,-29.69],[151.39,-29.81]]]},"properties":{"NAME":"Gumbainggir","SUBJECTO":"Gumbainggir","BORDERPRECISION":3}},
{"type":"Feature","geometry":{"type":"Polygon","coordinates":[[[142.62,-13.07],[142.86,-13.07],[142.94,-13.01],[142.97,-12.99],[142.98,-12.99],[142.98,-12.98],[142.97,-12.68],[142.94,-12.62],[142.92,-12.62],[142.86,-12.62],[142.64,-12.5],[142.64,-12.65],[142.61,-13.02],[142.6,-13.05],[142.62,-13.07]]]},"properties":{"NAME":"Yinwum","SUBJECTO":"Yinwum","BORDERPRECISION":3}},
{"type":"Feature","geometry":{"type":"Polygon","coordinates":[[[130.19,-14.03],[130.18,-14.04],[130.16,-14.05],[130.08,-14.08],[130.05,-14.09],[130.11,-14.12],[130.11,-14.13],[130.21,-14.09],[130.29,-14],[130.3,-13.91],[130.24,-13.89],[130.23,-13.9],[130.23,-13.93],[130.22,-13.98],[130.21,-13.99],[130.21,-14.01],[130.19,-14.03]]]},"properties":{"NAME":"Marramaninjsji","SUBJECTO":"Marramaninjsji","BORDERPRECISION":3}},
{"type":"Feature","geometry":{"type":"Polygon","coordinates":[[[148.61,-21.66],[148.59,-21.66],[148.4,-21.66],[147.99,-21.66],[147.84,-21.6],[147.78,-21.59],[147.79,-21.76],[147.78,-21.82],[147.73,-21.82],[147.73,-21.9],[147.73,-22.03],[147.76,-22.27],[147.7,-22.43],[147.7,-22.44],[147.71,-22.48],[147.73,-22.54],[147.78,-22.65],[147.87,-22.75],[147.9,-22.73],[147.9,-22.68],[147.92,-22.67],[148.08,-22.6],[148.5,-22.34],[148.51,-22.34],[148.58,-22.33],[148.58,-22.19],[148.58,-21.77],[148.61,-21.66]]]},"properties":{"NAME":"Barna","SUBJECTO":"Barna","BORDERPRECISION":3}},
{"type":"Feature","geometry":{"type":"Polygon","coordinates":[[[143.41,-13.34],[143.42,-13.38],[143.42,-13.39],[143.46,-13.39],[143.45,-13.34],[143.44,-13.08],[143.38,-12.84],[143.36,-12.87],[143.22,-12.93],[143.16,-12.96],[143.19,-12.98],[143.34,-13.2],[143.41,-13.34]]]},"properties":{"NAME":"Uutaalnganu","SUBJECTO":"Uutaalnganu","BORDERPRECISION":3}},
{"type":"Feature","geometry":{"type":"Polygon","coordinates":[[[141.01,-36.9],[141.47,-36.8],[141.91,-36.8],[142.46,-36.32],[142.75,-36.32],[142.94,-36.35],[142.98,-36.36],[143.02,-36.37],[143.7,-36.23],[143.87,-36.15],[143.91,-36.11],[143.95,-36.08],[143.97,-36.04],[144,-35.99],[143.95,-35.86],[143.78,-35.84],[143.71,-35.81],[143.68,-35.8],[143.56,-35.75],[143.43,-35.56],[143.36,-35.36],[143.35,-35.34],[143.34,-35.31],[143.32,-35.24],[143.24,-35.01],[143.04,-34.86],[143.02,-34.86],[142.96,-34.84],[142.8,-34.8],[142.42,-34.71],[141.76,-34.59],[141.7,-34.61],[141.57,-34.66],[141.53,-34.7],[141.45,-34.76],[141.44,-34.77],[141.41,-34.82],[141.39,-34.86],[141.28,-35.21],[141.14,-35.53],[141,-35.96],[141,-36.25],[141,-36.26],[141,-36.31],[141,-36.52],[140.99,-36.75],[140.99,-36.76],[141.01,-36.89],[141.01,-36.9]]]},"properties":{"NAME":"Wergaia","SUBJECTO":"Wergaia","BORDERPRECISION":3}},
{"type":"Feature","geometry":{"type":"Polygon","coordinates":[[[125.94,-18.05],[125.96,-18.04],[126.06,-17.93],[126.22,-17.73],[126.27,-17.72],[126.19,-17.59],[126.04,-17.48],[125.8,-17.43],[125.79,-17.42],[125.78,-17.45],[125.48,-17.67],[125.34,-17.65],[125.35,-17.67],[125.4,-17.77],[125.48,-17.91],[125.65,-18.07],[125.68,-18.09],[125.74,-18.05],[125.93,-18.05],[125.94,-18.05]]]},"properties":{"NAME":"Punuba","SUBJECTO":"Punuba","BORDERPRECISION":3}},
{"type":"Feature","geometry":{"type":"Polygon","coordinates":[[[132.27,-19.28],[132.39,-19.33],[132.47,-19.31],[132.98,-19.27],[133.48,-19.12],[133.75,-18.85],[133.37,-18.45],[133.43,-18.26],[133.42,-18.25],[133.34,-18.17],[133.35,-17.75],[133.28,-17.74],[133.02,-17.73],[132.28,-17.69],[132.01,-17.8],[131.64,-17.91],[131.51,-17.97],[131.49,-17.98],[131.11,-18.06],[130.97,-18.12],[131.03,-18.16],[131.23,-18.3],[131.59,-18.56],[132.06,-18.95],[132.2,-19.16],[132.27,-19.28]]]},"properties":{"NAME":"Warlmanpa","SUBJECTO":"Warlmanpa","BORDERPRECISION":3}},
{"type":"Feature","geometry":{"type":"Polygon","coordinates":[[[148.37,-26.6],[148.37,-26.53],[148.36,-26.52],[148.36,-26.51],[148.4,-26.12],[148.38,-26.09],[148.37,-26.08],[148.33,-26.07],[148.33,-26.1],[148.33,-26.14],[148.37,-26.21],[148.31,-26.33],[148.22,-26.52],[148.14,-26.74],[146.93,-26.78],[146.63,-26.9],[146.5,-26.96],[146.43,-27.01],[147.68,-27.7],[148.54,-27.81],[148.55,-27.43],[148.37,-26.6]]]},"properties":{"NAME":"Gunggari","SUBJECTO":"Gunggari","BORDERPRECISION":3}},
{"type":"Feature","geometry":{"type":"Polygon","coordinates":[[[151.67,-31.04],[151.81,-30.92],[152,-30.76],[152.11,-30.57],[152.13,-30.48],[152.11,-30.48],[152.09,-30.47],[151.85,-30.31],[151.68,-30.18],[151.39,-29.89],[151.39,-29.82],[151.39,-29.81],[151.38,-29.82],[151.33,-29.87],[151.14,-29.89],[151.08,-29.88],[151,-29.84],[151,-29.89],[150.96,-30.34],[150.97,-30.65],[151.06,-30.81],[151.22,-30.98],[151.31,-31.11],[151.42,-31.05],[151.61,-31.06],[151.66,-31.04],[151.67,-31.04]]]},"properties":{"NAME":"Nganyaywana","SUBJECTO":"Nganyaywana","BORDERPRECISION":3}},
{"type":"Feature","geometry":{"type":"Polygon","coordinates":[[[125.79,-17.41],[125.79,-17.42],[125.8,-17.43],[126.04,-17.48],[126.19,-17.59],[126.27,-17.72],[126.31,-17.71],[126.45,-17.69],[127.34,-17.33],[127.5,-17.2],[127.32,-16.67],[127.41,-16.08],[127.46,-16.04],[127.46,-16],[127.3,-16],[127.08,-16],[126.53,-16.9],[125.94,-16.84],[125.86,-16.93],[125.77,-17],[125.68,-17.07],[125.67,-17.08],[125.68,-17.21],[125.73,-17.31],[125.79,-17.41]]]},"properties":{"NAME":"Worla","SUBJECTO":"Worla","BORDERPRECISION":3}},
{"type":"Feature","geometry":{"type":"Polygon","coordinates":[[[140.09,-20.18],[140.08,-20.15],[140.06,-20.11],[140.02,-20.11],[140.06,-20.16],[139.98,-20.2],[139.9,-20.23],[139.55,-20.24],[139.06,-20.4],[138.9,-20.36],[138.91,-20.37],[139.04,-20.61],[139.08,-20.91],[139.09,-20.97],[139.14,-21.19],[139.15,-21.58],[139.21,-21.54],[139.26,-21.51],[139.26,-21.52],[139.61,-21.6],[140.06,-21.72],[140.24,-21.81],[140.32,-21.79],[140.37,-21.78],[140.42,-21.76],[140.73,-21.74],[140.77,-21.72],[140.74,-21.66],[140.66,-21.49],[140.52,-21.21],[140.38,-20.88],[140.37,-20.87],[140.4,-20.8],[140.37,-20.76],[140.2,-20.51],[140.14,-20.35],[140.09,-20.19],[140.09,-20.18]]]},"properties":{"NAME":"Kalkadoon","SUBJECTO":"Kalkadoon","BORDERPRECISION":3}},
{"type":"Feature","geometry":{"type":"Polygon","coordinates":[[[121.31,-27.53],[121.28,-27.4],[121.15,-27.28],[120.93,-26.91],[120.85,-26.59],[120.84,-26.47],[120.83,-26.43],[120.79,-26.42],[120.78,-26.41],[120.61,-26.31],[119.64,-26],[119.23,-25.81],[118.91,-25.81],[118.88,-25.99],[118.23,-27.04],[118.04,-27.16],[118.03,-27.19],[118.02,-27.21],[118.33,-27.71],[118.65,-28.03],[118.73,-28.1],[118.83,-28.04],[119.32,-27.28],[120.22,-27.35],[120.87,-27.54],[120.98,-27.53],[121.18,-27.53],[121.29,-27.53],[121.31,-27.53]]]},"properties":{"NAME":"Tjupany","SUBJECTO":"Tjupany","BORDERPRECISION":3}},
{"type":"Feature","geometry":{"type":"Polygon","coordinates":[[[143.08,-20.61],[143.09,-20.54],[142.93,-20.58],[142.88,-20.6],[142.66,-20.66],[142.65,-20.66],[142.61,-20.66],[142.28,-20.61],[141.82,-20.59],[141.35,-20.04],[141.32,-20.04],[141.28,-20.06],[141.12,-20.11],[140.78,-20.25],[140.5,-20.54],[140.4,-20.8],[140.37,-20.87],[140.38,-20.88],[140.52,-21.21],[140.66,-21.49],[140.74,-21.66],[140.77,-21.72],[140.79,-21.77],[140.86,-21.96],[140.95,-21.94],[141.03,-21.92],[141.12,-21.89],[141.37,-21.75],[141.66,-21.71],[142.54,-21.88],[142.98,-21.73],[143.24,-21.7],[143.32,-21.68],[143.32,-21.62],[143.32,-21.49],[143.12,-21.05],[143.06,-20.74],[143.08,-20.61]]]},"properties":{"NAME":"Wunumara","SUBJECTO":"Wunumara","BORDERPRECISION":3}},
{"type":"Feature","geometry":{"type":"Polygon","coordinates":[[[131.04,-25.47],[130.95,-25.75],[130.78,-26.08],[130.87,-26.74],[130.7,-27.33],[130.7,-27.46],[130.7,-27.48],[130.78,-27.54],[130.98,-27.77],[131.28,-28.04],[131.72,-28.25],[132.12,-28.4],[132.6,-28.4],[132.92,-28.34],[133.25,-28.32],[133.26,-28.31],[133.46,-28.39],[133.51,-28.21],[133.34,-27.8],[133.24,-27.25],[133.11,-26.89],[133.07,-26.72],[133.01,-26.46],[132.97,-26.46],[132.92,-26.47],[132.63,-26.19],[131.93,-25.88],[131.5,-25.7],[131.21,-25.6],[131.06,-25.52],[131.03,-25.51],[131.04,-25.47]]]},"properties":{"NAME":"Yankuntjatjara","SUBJECTO":"Yankuntjatjara","BORDERPRECISION":3}},
{"type":"Feature","geometry":{"type":"Polygon","coordinates":[[[129.84,-28.37],[129.85,-28.3],[129.85,-28.26],[130.22,-27.85],[130.44,-27.64],[130.58,-27.53],[130.58,-27.52],[130.54,-27.52],[130.21,-27.5],[129.29,-27.13],[129.08,-26.82],[129.02,-26.4],[129.02,-26.1],[129.02,-25.96],[129.02,-25.9],[128.92,-26.01],[128.85,-26.01],[128.57,-26],[128.21,-26],[127.68,-26.48],[127.36,-26.54],[127.34,-26.53],[127.43,-26.58],[127.31,-26.59],[127.07,-26.58],[127.01,-26.61],[127.14,-26.86],[127.32,-27.79],[127.28,-28.15],[127.37,-28.52],[127.38,-28.52],[127.42,-28.56],[127.45,-28.59],[127.56,-28.56],[127.99,-28.44],[129.19,-28.36],[129.59,-28.36],[129.84,-28.37]]]},"properties":{"NAME":"Nakako","SUBJECTO":"Nakako","BORDERPRECISION":3}},
{"type":"Feature","geometry":{"type":"Polygon","coordinates":[[[147.81,-36.08],[147.44,-36.08],[147.23,-36.1],[147.21,-36.1],[147.23,-36.13],[147.27,-36.36],[147.29,-36.53],[147.29,-36.57],[147.29,-36.77],[147.23,-36.95],[147.19,-37.01],[147.2,-37.02],[147.29,-37.1],[147.55,-37.48],[147.71,-37.41],[147.88,-37.28],[148.04,-37.18],[148,-37.1],[147.84,-36.97],[147.81,-36.74],[147.81,-36.28],[147.81,-36.08]]]},"properties":{"NAME":"Jaitmatang","SUBJECTO":"Jaitmatang","BORDERPRECISION":3}},
{"type":"Feature","geometry":{"type":"Polygon","coordinates":[[[124.37,-27.52],[124.39,-27.51],[124.42,-27.52],[124.61,-27.61],[125.07,-28.03],[125.93,-28.56],[126.65,-28.88],[126.94,-28.83],[127.13,-28.63],[127.28,-28.56],[127.37,-28.52],[127.28,-28.15],[127.32,-27.79],[127.14,-26.86],[127.01,-26.61],[126.95,-26.58],[126.84,-26.58],[126.38,-26.44],[125.49,-25.91],[124.88,-26.14],[124.53,-26.85],[124.49,-27.16],[124.39,-27.4],[124.37,-27.47],[124.36,-27.46],[124.37,-27.52]]]},"properties":{"NAME":"Mandjindja","SUBJECTO":"Mandjindja","BORDERPRECISION":3}},
{"type":"Feature","geometry":{"type":"Polygon","coordinates":[[[127.45,-28.59],[127.64,-28.79],[127.86,-29.06],[128.34,-29.5],[128.47,-29.78],[128.45,-30.11],[128.46,-30.13],[129.34,-30.09],[130.16,-30.12],[131.25,-30.21],[131.35,-30.22],[131.02,-30.12],[130.66,-29.95],[130.56,-29.89],[130.51,-29.86],[130.3,-29.75],[129.99,-29.47],[129.83,-28.63],[129.84,-28.37],[129.59,-28.36],[129.19,-28.36],[127.99,-28.44],[127.56,-28.56],[127.45,-28.59]]]},"properties":{"NAME":"Ngalea","SUBJECTO":"Ngalea","BORDERPRECISION":3}},
{"type":"Feature","geometry":{"type":"Polygon","coordinates":[[[144.25,-37.43],[144.28,-37.58],[144.4,-37.88],[144.53,-37.95],[144.57,-37.95],[144.73,-37.92],[144.99,-37.86],[146.05,-38.36],[146.31,-38.38],[146.32,-38.32],[146.32,-38.22],[146.32,-38.13],[146.41,-37.97],[146.39,-37.83],[146.18,-37.52],[146.17,-37.49],[146.16,-37.49],[145.88,-37.49],[144.94,-37.16],[144.59,-37.14],[144.47,-37.15],[144.47,-37.16],[144.43,-37.19],[144.42,-37.21],[144.41,-37.43],[144.3,-37.41],[144.25,-37.43]]]},"properties":{"NAME":"Wurundjeri","SUBJECTO":"Wurundjeri","BORDERPRECISION":3}},
{"type":"Feature","geometry":{"type":"Polygon","coordinates":[[[117.81,-20.62],[117.79,-20.64],[117.8,-20.69],[117.92,-21.16],[117.98,-21.31],[117.98,-21.33],[118.11,-21.43],[118.39,-21.55],[118.62,-21.63],[118.64,-21.6],[118.64,-21.54],[118.8,-20.99],[118.81,-20.62],[118.62,-20.37],[118.69,-20.34],[117.97,-20.47],[117.81,-20.62]]]},"properties":{"NAME":"Kariyarra","SUBJECTO":"Kariyarra","BORDERPRECISION":3}},
{"type":"Feature","geometry":{"type":"Polygon","coordinates":[[[144.17,-38.49],[143.11,-38.77],[143.52,-38.91],[143.73,-38.83],[144.17,-38.49]]]},"properties":{"NAME":"Gadubanud","SUBJECTO":"Gadubanud","BORDERPRECISION":3}},
{"type":"Feature","geometry":{"type":"Polygon","coordinates":[[[144.58,-36.58],[144.84,-36.6],[145.34,-36.57],[145.42,-36.51],[145.55,-36.29],[145.59,-36.2],[145.5,-36.21],[145,-36.19],[144.85,-36.14],[144.8,-36.28],[144.77,-36.37],[144.68,-36.47],[144.62,-36.53],[144.61,-36.54],[144.58,-36.58]]]},"properties":{"NAME":"Ngurraiillam","SUBJECTO":"Ngurraiillam","BORDERPRECISION":3}},
{"type":"Feature","geometry":{"type":"Polygon","coordinates":[[[122.89,-17.04],[122.93,-16.99],[123.06,-16.94],[123.02,-16.86],[122.95,-16.76],[122.93,-16.73],[122.86,-16.73],[122.79,-16.74],[122.76,-16.74],[122.73,-16.74],[122.65,-16.74],[122.54,-16.92],[122.55,-16.93],[122.55,-16.94],[122.56,-16.94],[122.64,-16.99],[122.86,-17.03],[122.89,-17.04]]]},"properties":{"NAME":"Nyul Nyul","SUBJECTO":"Nyul Nyul","BORDERPRECISION":3}},
{"type":"Feature","geometry":{"type":"Polygon","coordinates":[[[146.09,-36.49],[145.82,-36.11],[145.79,-36.09],[145.76,-36.08],[145.67,-36.11],[145.63,-36.15],[145.6,-36.19],[145.59,-36.2],[145.55,-36.29],[145.42,-36.51],[145.34,-36.57],[144.84,-36.6],[144.58,-36.58],[144.57,-36.57],[144.54,-36.57],[144.48,-36.56],[144.38,-36.55],[144.28,-36.57],[144.27,-36.58],[144.18,-36.64],[144.25,-37.01],[144.32,-37.13],[144.34,-37.14],[144.37,-37.16],[144.47,-37.15],[144.59,-37.14],[144.94,-37.16],[145.88,-37.49],[146.16,-37.49],[146.17,-37.49],[146.16,-37.44],[146.16,-37.43],[146.68,-37.23],[146.9,-37.08],[146.95,-37.06],[146.95,-37.02],[146.66,-36.99],[146.53,-36.92],[146.09,-36.49]]]},"properties":{"NAME":"Taungurung","SUBJECTO":"Taungurung","BORDERPRECISION":3}},
{"type":"Feature","geometry":{"type":"Polygon","coordinates":[[[133.01,-26.46],[133.07,-26.72],[133.11,-26.89],[133.24,-27.25],[133.34,-27.8],[133.51,-28.21],[133.46,-28.39],[133.56,-28.43],[133.63,-28.55],[134.11,-28.69],[134.35,-28.85],[134.53,-28.94],[134.63,-28.82],[135.01,-27.44],[135.21,-27.18],[135.07,-27.02],[134.17,-26.25],[133.87,-26.08],[133.81,-26.12],[133.32,-26.31],[133.12,-26.44],[133.01,-26.46]]]},"properties":{"NAME":"Antakarinja","SUBJECTO":"Antakarinja","BORDERPRECISION":3}},
{"type":"Feature","geometry":{"type":"Polygon","coordinates":[[[132.14,-16],[131.56,-16.6],[131.94,-16.31],[132.14,-16]]]},"properties":{"NAME":"Karangpurru","SUBJECTO":"Karangpurru","BORDERPRECISION":3}},
{"type":"Feature","geometry":{"type":"Polygon","coordinates":[[[116.27,-21.39],[115.64,-22.12],[115.39,-22.34],[115.32,-22.4],[115.19,-22.5],[115.81,-22.57],[115.95,-22.46],[116,-22.45],[116.17,-22.42],[116.42,-22.43],[116.75,-22.66],[116.86,-22.77],[116.88,-22.79],[116.96,-22.87],[116.98,-22.87],[116.99,-22.88],[117.3,-22.81],[117.45,-22.77],[117.46,-22.74],[117.49,-22.68],[117.54,-22.61],[117.6,-22.45],[117.77,-22.12],[117.82,-22.09],[117.82,-22.07],[117.81,-22.06],[117.67,-21.94],[117.48,-21.82],[117.26,-21.73],[116.94,-21.42],[116.88,-21.41],[116.84,-21.4],[116.69,-21.38],[116.52,-21.34],[116.45,-21.33],[116.37,-21.31],[116.27,-21.39]]]},"properties":{"NAME":"Kurrama","SUBJECTO":"Kurrama","BORDERPRECISION":3}},
{"type":"Feature","geometry":{"type":"Polygon","coordinates":[[[140.6,-25.49],[140.58,-25.53],[140.48,-25.72],[140.42,-25.92],[140.5,-25.95],[140.57,-25.97],[140.82,-26.07],[140.94,-26.15],[141.09,-26.26],[141.06,-26.22],[141.09,-26.19],[141.26,-25.92],[141.38,-25.56],[142.04,-24.86],[142.24,-24.43],[142.42,-24.21],[142.36,-24.17],[142.21,-24.08],[141.37,-24.13],[140.83,-23.99],[140.58,-23.93],[140.57,-24.09],[140.6,-24.38],[140.6,-24.43],[140.52,-24.45],[140.53,-24.5],[140.73,-24.97],[140.7,-25.24],[140.61,-25.46],[140.6,-25.49]]]},"properties":{"NAME":"Karuwali","SUBJECTO":"Karuwali","BORDERPRECISION":3}},
{"type":"Feature","geometry":{"type":"Polygon","coordinates":[[[141.73,-15.21],[141.7,-15.33],[141.7,-15.34],[141.69,-15.54],[141.66,-15.87],[141.66,-15.89],[141.66,-15.92],[141.66,-16.15],[141.76,-16.49],[141.77,-16.7],[141.78,-16.81],[141.79,-16.91],[141.79,-16.92],[142.86,-17.38],[142.94,-17.25],[142.95,-17.24],[142.97,-17.2],[143.37,-16.86],[143.45,-16.73],[143.5,-16.69],[143.54,-16.64],[143.51,-16.61],[143.49,-16.59],[143.31,-16.51],[142.73,-16.3],[142.83,-16.16],[143.22,-16],[143.56,-16],[143.58,-16.01],[143.66,-16.04],[143.66,-16.03],[143.7,-15.74],[143.7,-15.22],[143.7,-14.99],[143.7,-14.97],[143.7,-14.94],[143.49,-14.84],[143.4,-14.83],[143.22,-14.81],[142.54,-14.82],[142.15,-14.87],[141.95,-14.92],[141.9,-14.93],[141.83,-14.94],[141.75,-15.14],[141.73,-15.21]]]},"properties":{"NAME":"Kunjen","SUBJECTO":"Kunjen","BORDERPRECISION":3}},
{"type":"Feature","geometry":{"type":"Polygon","coordinates":[[[148.58,-22.33],[148.51,-22.34],[148.5,-22.34],[148.08,-22.6],[147.92,-22.67],[147.9,-22.68],[147.9,-22.73],[147.9,-22.75],[148,-22.87],[148.01,-22.85],[148.05,-22.87],[148.08,-22.89],[148.21,-23.04],[148.53,-23.48],[148.54,-23.52],[148.61,-23.45],[148.96,-23.31],[149.21,-23.21],[149.19,-23.18],[149.03,-22.95],[148.8,-22.45],[148.85,-22.39],[148.87,-22.36],[148.85,-22.33],[148.66,-22.31],[148.58,-22.33]]]},"properties":{"NAME":"Gabalbara","SUBJECTO":"Gabalbara","BORDERPRECISION":3}},
{"type":"Feature","geometry":{"type":"Polygon","coordinates":[[[137.72,-35.21],[137.92,-34.63],[138.05,-34.19],[136.99,-35.4],[137.72,-35.21]]]},"properties":{"NAME":"Narangga","SUBJECTO":"Narangga","BORDERPRECISION":3}},
{"type":"Feature","geometry":{"type":"Polygon","coordinates":[[[121.69,-27.86],[121.94,-27.69],[122.1,-27.56],[122.5,-27.29],[122.82,-26.78],[122.96,-26.56],[122.89,-26.49],[122.78,-26.16],[122.78,-26.03],[122.62,-26.01],[122.5,-26.01],[121.94,-26.1],[121.03,-26.49],[120.83,-26.43],[120.84,-26.47],[120.85,-26.59],[120.93,-26.91],[121.15,-27.28],[121.28,-27.4],[121.31,-27.53],[121.32,-27.53],[121.49,-27.65],[121.61,-27.79],[121.69,-27.86]]]},"properties":{"NAME":"Nana","SUBJECTO":"Nana","BORDERPRECISION":3}},
{"type":"Feature","geometry":{"type":"Polygon","coordinates":[[[152.69,-27.75],[152.85,-27.49],[152.72,-27.44],[152.57,-27.75],[152.69,-27.75]]]},"properties":{"NAME":"Yuggera","SUBJECTO":"Yuggera","BORDERPRECISION":3}},
{"type":"Feature","geometry":{"type":"Polygon","coordinates":[[[142.78,-33.92],[142.79,-33.94],[142.79,-34.03],[142.83,-34.01],[142.85,-34],[142.85,-33.99],[142.9,-33.97],[143.21,-33.77],[143.29,-33.79],[143.48,-33.69],[143.54,-33.65],[143.56,-33.64],[144.17,-33.08],[144.27,-32.96],[144.24,-32.95],[144.24,-32.94],[144.23,-32.86],[144.22,-32.75],[144.28,-32.36],[144.49,-31.78],[144.71,-31.56],[144.38,-31.63],[144.07,-31.61],[143.99,-31.61],[143.59,-31.89],[143.28,-32.24],[142.72,-32.64],[142.59,-33.36],[142.76,-33.63],[142.78,-33.92]]]},"properties":{"NAME":"Barindji","SUBJECTO":"Barindji","BORDERPRECISION":3}},
{"type":"Feature","geometry":{"type":"Polygon","coordinates":[[[134.14,-12.08],[134.04,-12.06],[134.04,-12.26],[134.07,-12.26],[134.12,-12.26],[134.12,-12.24],[134.14,-12.18],[134.17,-12.12],[134.23,-12.1],[134.14,-12.08]]]},"properties":{"NAME":"Gunibidji","SUBJECTO":"Gunibidji","BORDERPRECISION":3}},
{"type":"Feature","geometry":{"type":"Polygon","coordinates":[[[133.15,-14.88],[133.58,-15.07],[133.69,-15.07],[133.76,-15.02],[133.82,-14.94],[133.84,-14.9],[133.86,-14.89],[133.9,-14.84],[133.93,-14.77],[134.07,-14.74],[134.03,-14.72],[133.56,-14.39],[133.46,-14.3],[133.46,-14.28],[133.43,-14.28],[133.41,-14.46],[133.15,-14.88]]]},"properties":{"NAME":"Mangarayi","SUBJECTO":"Mangarayi","BORDERPRECISION":3}},
{"type":"Feature","geometry":{"type":"Polygon","coordinates":[[[153.3,-27.91],[153.15,-27.68],[152.96,-27.8],[152.8,-27.85],[152.7,-27.9],[152.62,-27.95],[152.54,-27.99],[151.68,-28.25],[151.69,-28.32],[151.69,-28.34],[151.82,-28.49],[151.96,-28.76],[151.96,-28.92],[151.98,-28.96],[152.02,-28.98],[152.04,-29],[152.09,-29.16],[152.1,-29.32],[152.08,-29.42],[152.07,-29.46],[152.06,-29.48],[152.09,-29.53],[152.87,-29.6],[153.33,-29.31],[153.49,-28.84],[153.48,-28.5],[153.3,-27.91]]]},"properties":{"NAME":"Bundjalung","SUBJECTO":"Bundjalung","BORDERPRECISION":3}},
{"type":"Feature","geometry":{"type":"Polygon","coordinates":[[[114.97,-30.34],[115.43,-31.39],[115.92,-31.37],[116.39,-31.39],[116.83,-30.05],[116.72,-30],[114.97,-30.34]]]},"properties":{"NAME":"Yuat","SUBJECTO":"Yuat","BORDERPRECISION":3}},
{"type":"Feature","geometry":{"type":"Polygon","coordinates":[[[149.44,-35.37],[149.44,-35.33],[149.48,-35.31],[149.62,-35.23],[149.47,-35.15],[149.38,-35.09],[149.13,-34.92],[149.06,-34.88],[148.79,-34.72],[148.56,-34.54],[148.4,-34.38],[148.27,-34.45],[148.14,-34.69],[148.14,-34.98],[148.14,-35.15],[148.38,-35.15],[148.57,-35.18],[148.84,-35.24],[149.26,-35.35],[149.44,-35.37]]]},"properties":{"NAME":"Ngunawal","SUBJECTO":"Ngunawal","BORDERPRECISION":3}},
{"type":"Feature","geometry":{"type":"Polygon","coordinates":[[[140.4,-20.8],[140.5,-20.54],[140.78,-20.25],[141.12,-20.11],[141.28,-20.06],[141.25,-20],[141.17,-19.79],[141.14,-19.6],[141.12,-19.4],[141.11,-19.4],[140.9,-19.46],[140.21,-20.15],[140.09,-20.19],[140.14,-20.35],[140.2,-20.51],[140.37,-20.76],[140.4,-20.8]]]},"properties":{"NAME":"Mayi-Thakurti","SUBJECTO":"Mayi-Thakurti","BORDERPRECISION":3}},
{"type":"Feature","geometry":{"type":"Polygon","coordinates":[[[141.93,-12],[141.92,-12.01],[141.91,-12.09],[141.91,-12.11],[141.92,-12.12],[141.92,-12.13],[141.93,-12.15],[141.93,-12.18],[141.94,-12.18],[141.99,-12.18],[142.09,-12.14],[142.16,-12.09],[142.15,-12.06],[142.15,-12.03],[142.15,-12],[142.12,-12],[142.02,-11.99],[141.97,-11.99],[141.94,-11.98],[141.93,-12]]]},"properties":{"NAME":"Teppathiggi","SUBJECTO":"Teppathiggi","BORDERPRECISION":3}},
{"type":"Feature","geometry":{"type":"Polygon","coordinates":[[[135.43,-15.84],[135.42,-16.05],[135.4,-16.33],[135.46,-16.37],[135.67,-16.46],[136.03,-16.77],[136.03,-16.81],[136.03,-16.86],[136.53,-17.14],[136.58,-17.16],[136.56,-17.14],[136.56,-17.06],[136.56,-16.97],[136.54,-16.78],[136.55,-16.35],[136.61,-16.1],[136.61,-16.09],[136.64,-16.09],[136.65,-16.05],[136.14,-15.63],[135.91,-15.51],[135.81,-15.52],[135.79,-15.53],[135.73,-15.54],[135.67,-15.7],[135.49,-15.76],[135.44,-15.77],[135.43,-15.84]]]},"properties":{"NAME":"Binbinga","SUBJECTO":"Binbinga","BORDERPRECISION":3}},
{"type":"Feature","geometry":{"type":"Polygon","coordinates":[[[136.7,-18.07],[136.73,-18.07],[136.71,-17.9],[136.72,-17.61],[136.74,-17.26],[136.68,-17.24],[136.58,-17.16],[136.53,-17.14],[136.03,-16.86],[136.03,-16.95],[135.97,-17.16],[135.62,-17.54],[135.58,-17.56],[135.7,-17.67],[135.8,-17.69],[136.36,-17.96],[136.64,-18.05],[136.7,-18.07]]]},"properties":{"NAME":"Gunindiri","SUBJECTO":"Gunindiri","BORDERPRECISION":3}},
{"type":"Feature","geometry":{"type":"Polygon","coordinates":[[[145.52,-20.52],[145.28,-20.45],[144.9,-20.41],[144.31,-20.47],[144.09,-20.49],[144.1,-20.45],[143.67,-20.49],[143.1,-20.47],[143.09,-20.54],[143.08,-20.61],[143.06,-20.74],[143.12,-21.05],[143.32,-21.49],[143.32,-21.62],[143.32,-21.68],[143.33,-21.78],[143.33,-22.09],[143.22,-22.4],[143.36,-22.19],[143.41,-22.13],[143.84,-22.01],[144.89,-21.97],[145.3,-22.13],[145.75,-22.33],[145.84,-22.37],[145.88,-22.39],[145.89,-22.37],[145.87,-22.16],[145.61,-21.76],[145.6,-21.71],[145.59,-21.69],[145.55,-21.55],[145.47,-21.28],[145.61,-20.56],[145.59,-20.52],[145.56,-20.53],[145.52,-20.52]]]},"properties":{"NAME":"Yirandali","SUBJECTO":"Yirandali","BORDERPRECISION":3}},
{"type":"Feature","geometry":{"type":"Polygon","coordinates":[[[145.4,-18.12],[145.4,-18.15],[145.52,-18.35],[145.68,-18.48],[145.69,-18.45],[145.75,-18.44],[145.85,-18.51],[146.11,-18.55],[145.92,-18.26],[145.98,-18.01],[145.56,-18.14],[145.44,-18.14],[145.4,-18.12]]]},"properties":{"NAME":"Wargamaygan","SUBJECTO":"Wargamaygan","BORDERPRECISION":3}},
{"type":"Feature","geometry":{"type":"Polygon","coordinates":[[[142.38,-31.41],[142.37,-31.39],[142.34,-31.32],[142.34,-31.21],[142.49,-31],[142.78,-30.92],[143.26,-30.87],[143.26,-30.85],[143.26,-30.76],[143.26,-30.43],[143.29,-29.95],[143.35,-29.79],[143.36,-29.74],[143.06,-29.72],[142.38,-29.63],[142.17,-29.63],[142.14,-29.63],[142.06,-29.63],[142.06,-29.65],[142.14,-29.65],[142.14,-29.73],[142.14,-29.76],[142.14,-29.9],[141.99,-30.28],[141.15,-31.28],[141.09,-31.32],[141.04,-31.35],[141.12,-31.4],[141.8,-31.43],[142.33,-31.43],[142.33,-31.42],[142.38,-31.41]]]},"properties":{"NAME":"Bandjigali","SUBJECTO":"Bandjigali","BORDERPRECISION":3}},
{"type":"Feature","geometry":{"type":"Polygon","coordinates":[[[148.75,-24.26],[149.02,-24.38],[149.05,-24.39],[149.07,-24.4],[149.17,-23.99],[149.27,-23.84],[149.61,-24.11],[149.68,-24.21],[149.84,-24.94],[149.94,-24.93],[149.99,-24.93],[150,-24.92],[150.12,-24.92],[150.58,-24.8],[150.61,-24.79],[150.65,-24.78],[150.71,-24.77],[150.84,-24.33],[150.78,-24.22],[150.75,-24.16],[150.75,-24.14],[150.74,-24.12],[150.6,-23.75],[150.57,-23.7],[150.54,-23.67],[150.51,-23.61],[150.34,-23.57],[150.32,-23.56],[150.08,-23.5],[149.71,-23.55],[149.29,-23.17],[149.28,-23.18],[149.21,-23.21],[148.96,-23.31],[148.61,-23.45],[148.54,-23.52],[148.51,-23.55],[148.51,-23.56],[148.6,-24.11],[148.69,-24.19],[148.73,-24.23],[148.75,-24.26]]]},"properties":{"NAME":"Gangulu","SUBJECTO":"Gangulu","BORDERPRECISION":3}},
{"type":"Feature","geometry":{"type":"Polygon","coordinates":[[[115.49,-31.55],[115.76,-32.49],[116.03,-32.44],[116.14,-32.39],[116.2,-32.36],[116.6,-32.15],[116.67,-31.99],[116.39,-31.47],[115.98,-31.42],[115.49,-31.55]]]},"properties":{"NAME":"Wajuk","SUBJECTO":"Wajuk","BORDERPRECISION":3}},
{"type":"Feature","geometry":{"type":"Polygon","coordinates":[[[140.8,-17.73],[140.8,-17.75],[140.81,-17.93],[140.82,-18.17],[140.83,-18.17],[140.86,-18.24],[140.9,-18.31],[141,-18.63],[141.11,-19.23],[141.11,-19.36],[141.11,-19.4],[141.12,-19.4],[141.14,-19.39],[141.47,-19.29],[142.26,-19.31],[142.82,-19.51],[142.85,-19.45],[142.85,-19.43],[142.94,-19.21],[142.95,-18.95],[142.94,-18.81],[142.93,-18.78],[142.89,-18.77],[142.71,-18.74],[142.34,-18.66],[141.38,-18.16],[141.31,-17.95],[141.31,-17.63],[141.26,-17.53],[141.26,-17.52],[141.23,-17.46],[141.17,-17.49],[141.16,-17.49],[140.97,-17.6],[140.84,-17.7],[140.8,-17.73]]]},"properties":{"NAME":"Mayi-Kulan","SUBJECTO":"Mayi-Kulan","BORDERPRECISION":3}},
{"type":"Feature","geometry":{"type":"Polygon","coordinates":[[[134.4,-17.87],[134.44,-17.81],[134.44,-17.8],[134.45,-17.78],[134.51,-17.54],[134.51,-17.24],[134.49,-17.2],[134.48,-17.2],[134.45,-17.21],[134.31,-16.97],[133.87,-16.56],[133.66,-16.38],[133.51,-16.24],[133.42,-16.2],[133.34,-16.53],[133.35,-17.43],[133.31,-17.57],[133.28,-17.74],[133.35,-17.75],[133.34,-18.17],[133.42,-18.25],[133.43,-18.25],[133.49,-18.03],[134.23,-17.94],[134.35,-17.94],[134.4,-17.87]]]},"properties":{"NAME":"Jingili","SUBJECTO":"Jingili","BORDERPRECISION":3}},
{"type":"Feature","geometry":{"type":"Polygon","coordinates":[[[144.8,-15.91],[144.77,-15.93],[144.63,-15.99],[144.27,-16.1],[143.87,-16.12],[143.87,-16.14],[143.87,-16.25],[143.89,-16.31],[143.88,-16.49],[143.89,-16.49],[143.94,-16.49],[144.37,-17.12],[144.59,-17.32],[144.72,-17.41],[144.76,-17.43],[144.83,-17.41],[145.28,-17.36],[145.31,-17.36],[145.38,-17.35],[145.36,-17.31],[145.34,-17.26],[145.32,-17.24],[145.27,-17.11],[145.22,-15.66],[144.87,-15.89],[144.8,-15.91]]]},"properties":{"NAME":"Kuku-yalanji","SUBJECTO":"Kuku-yalanji","BORDERPRECISION":3}},
{"type":"Feature","geometry":{"type":"Polygon","coordinates":[[[142.18,-12.09],[142.28,-12.13],[142.41,-12.27],[142.59,-12.39],[142.62,-12.45],[142.64,-12.49],[142.64,-12.5],[142.86,-12.62],[142.92,-12.62],[142.94,-12.62],[142.88,-12.34],[142.86,-12.31],[142.85,-12.28],[142.81,-12.21],[142.74,-12.07],[142.71,-12],[142.71,-12.02],[142.69,-12.02],[142.63,-12.02],[142.35,-12.02],[142.2,-12.01],[142.16,-12],[142.15,-12],[142.15,-12.03],[142.15,-12.06],[142.16,-12.09],[142.17,-12.08],[142.18,-12.09]]]},"properties":{"NAME":"Mpalitjanh","SUBJECTO":"Mpalitjanh","BORDERPRECISION":3}},
{"type":"Feature","geometry":{"type":"Polygon","coordinates":[[[116.45,-21.29],[116.44,-21.21],[116.25,-20.92],[116.2,-20.95],[116.13,-20.98],[115.35,-21.6],[114.69,-21.95],[115.13,-22.4],[115.32,-22.4],[115.39,-22.34],[115.64,-22.12],[116.27,-21.39],[116.37,-21.31],[116.45,-21.33],[116.45,-21.29]]]},"properties":{"NAME":"Nhuwala","SUBJECTO":"Nhuwala","BORDERPRECISION":3}},
{"type":"Feature","geometry":{"type":"Polygon","coordinates":[[[149.42,-26.19],[149.49,-26.18],[149.53,-26.13],[149.85,-26.1],[149.97,-25.99],[149.98,-25.91],[149.98,-25.89],[149.99,-25.85],[150,-25.69],[150,-25.68],[150.04,-25.69],[150.05,-25.62],[150.01,-25.38],[150.01,-24.96],[150,-24.92],[149.99,-24.93],[149.94,-24.94],[149.9,-24.96],[149.15,-25.14],[149.04,-25.18],[149.03,-25.18],[149.02,-25.18],[149.02,-25.19],[149.02,-25.29],[149.02,-25.54],[148.97,-25.96],[148.92,-26.09],[148.91,-26.12],[149.42,-26.19]]]},"properties":{"NAME":"Yiman","SUBJECTO":"Yiman","BORDERPRECISION":3}},
{"type":"Feature","geometry":{"type":"Polygon","coordinates":[[[126.3,-18.94],[126.3,-18.95],[126.31,-19.02],[126.44,-19.1],[126.69,-19.08],[126.83,-19.16],[126.85,-19.17],[127.06,-19.27],[127.73,-19.43],[127.78,-19.42],[127.8,-19.42],[127.96,-19.31],[128.74,-19.24],[128.75,-19.25],[128.77,-19.25],[128.86,-19.17],[129.14,-18.92],[129.03,-18.01],[129.15,-18.17],[129.27,-18.32],[129.28,-18.22],[129.2,-17.93],[129.05,-17.83],[129.06,-17.85],[129,-17.82],[128.98,-17.81],[128.88,-17.78],[128.78,-17.66],[128.43,-17.56],[128.33,-17.55],[128.29,-17.56],[128.23,-17.72],[128.06,-17.94],[127.55,-18.26],[127.03,-18.47],[126.89,-18.48],[126.81,-18.48],[126.77,-18.56],[126.72,-18.67],[126.3,-18.89],[126.3,-18.94]]]},"properties":{"NAME":"Jaru","SUBJECTO":"Jaru","BORDERPRECISION":3}},
{"type":"Feature","geometry":{"type":"MultiPolygon","coordinates":[[[[130.1,-14.13],[130.11,-14.13],[130.11,-14.12],[130.05,-14.09],[130.04,-14.09],[129.99,-14.11],[129.92,-14.1],[129.89,-14.1],[129.87,-14.13],[129.86,-14.2],[129.87,-14.33],[129.9,-14.37],[129.93,-14.36],[129.98,-14.38],[130.02,-14.41],[130.01,-14.39],[129.99,-14.34],[130.01,-14.28],[130.03,-14.2],[130.09,-14.13],[130.1,-14.13]]],[[[130,-14.43],[130.03,-14.44],[130.03,-14.43],[130.02,-14.41],[130,-14.43]]]]},"properties":{"NAME":"Ngan’gikurunggurr","SUBJECTO":"Ngan’gikurunggurr","BORDERPRECISION":3}},
{"type":"Feature","geometry":{"type":"Polygon","coordinates":[[[143.48,-33.69],[143.47,-33.7],[143.87,-33.93],[144.09,-34.11],[144.17,-34.14],[144.18,-34.15],[144.29,-34.19],[144.56,-34.15],[144.61,-34.1],[144.65,-34.07],[144.66,-34.02],[144.67,-33.89],[145.06,-33.56],[144.51,-33.19],[144.31,-32.96],[144.27,-32.96],[144.17,-33.08],[143.56,-33.64],[143.54,-33.65],[143.48,-33.69]]]},"properties":{"NAME":"Yitha Yitha","SUBJECTO":"Yitha Yitha","BORDERPRECISION":3}},
{"type":"Feature","geometry":{"type":"MultiPolygon","coordinates":[[[[142.6,-13.07],[142.59,-13.08],[142.61,-13.07],[142.6,-13.07]]],[[[142.13,-12.82],[142.09,-12.83],[142.05,-12.88],[142.04,-12.9],[142.04,-12.91],[141.99,-12.98],[141.99,-13.07],[141.99,-13.09],[141.98,-13.15],[141.98,-13.2],[141.98,-13.19],[142.26,-13.11],[142.35,-13.1],[142.29,-13.04],[142.16,-12.86],[142.14,-12.81],[142.13,-12.82]]]]},"properties":{"NAME":"Mbeiwum","SUBJECTO":"Mbeiwum","BORDERPRECISION":3}},
{"type":"Feature","geometry":{"type":"Polygon","coordinates":[[[132.21,-12.8],[132.22,-12.77],[132.24,-12.58],[132.22,-12.34],[132.18,-12.34],[131.82,-12.37],[131.68,-12.38],[131.63,-12.39],[131.61,-12.91],[131.66,-12.93],[131.72,-12.95],[132.21,-12.8]]]},"properties":{"NAME":"Limilngan","SUBJECTO":"Limilngan","BORDERPRECISION":3}},
{"type":"Feature","geometry":{"type":"Polygon","coordinates":[[[121.22,-31.11],[120.74,-30.63],[120,-29.32],[118.69,-28.56],[116.52,-29.6],[116.95,-30.12],[117.92,-30.67],[118.09,-30.74],[119.92,-32.18],[120.17,-31.89],[120.42,-31.64],[120.7,-31.41],[120.96,-31.25],[121.22,-31.11]]]},"properties":{"NAME":"Kalaamaya","SUBJECTO":"Kalaamaya","BORDERPRECISION":3}},
{"type":"Feature","geometry":{"type":"Polygon","coordinates":[[[116.54,-23.02],[116.46,-22.97],[116.09,-22.8],[115.96,-22.64],[115.93,-22.63],[115.89,-22.62],[115.75,-22.81],[115.73,-22.85],[115.77,-22.87],[115.78,-22.92],[115.98,-23.01],[116.28,-23.21],[116.69,-23.4],[117.03,-23.56],[117.15,-23.62],[117.18,-23.51],[117.19,-23.37],[117.19,-23.35],[117.19,-23.33],[117.1,-23.31],[116.86,-23.21],[116.67,-23.09],[116.59,-23.04],[116.54,-23.02]]]},"properties":{"NAME":"Jiwarli","SUBJECTO":"Jiwarli","BORDERPRECISION":3}},
{"type":"Feature","geometry":{"type":"Polygon","coordinates":[[[125.11,-15.21],[125.1,-15.26],[125.36,-15.22],[125.41,-15.46],[125.61,-15.59],[125.75,-15.73],[125.85,-15.51],[125.9,-15.31],[125.95,-14.87],[126,-14.74],[126,-14.69],[126,-14.65],[126,-14.54],[125.97,-14.48],[125.92,-14.57],[125.86,-14.69],[125.5,-14.68],[125.16,-14.8],[125.11,-15.21]]]},"properties":{"NAME":"Wunambul","SUBJECTO":"Wunambul","BORDERPRECISION":3}},
{"type":"Feature","geometry":{"type":"Polygon","coordinates":[[[139.26,-21.52],[139.26,-22.08],[139.31,-22],[139.49,-22],[140.01,-22.09],[140.22,-22.11],[140.24,-22.12],[140.29,-22.16],[140.31,-22.04],[140.3,-21.92],[140.37,-21.78],[140.32,-21.79],[140.24,-21.81],[140.06,-21.72],[139.61,-21.6],[139.26,-21.52]]]},"properties":{"NAME":"Yalarrnga","SUBJECTO":"Yalarrnga","BORDERPRECISION":3}},
{"type":"Feature","geometry":{"type":"Polygon","coordinates":[[[133.02,-17.73],[133.03,-17.73],[133.26,-17.72],[132.23,-16.31],[131.93,-16.44],[130.98,-17.55],[130.98,-17.83],[130.99,-17.88],[131.09,-17.9],[131.29,-17.9],[131.49,-17.96],[131.51,-17.97],[131.64,-17.91],[132.01,-17.8],[132.28,-17.69],[133.02,-17.73]]]},"properties":{"NAME":"Mudburra","SUBJECTO":"Mudburra","BORDERPRECISION":3}},
{"type":"Feature","geometry":{"type":"Polygon","coordinates":[[[135.78,-35.11],[136.65,-34.12],[136.8,-33.95],[136.79,-33.95],[136.7,-33.96],[136.49,-33.96],[136.01,-33.51],[135.94,-33.31],[135.79,-33.14],[135.52,-32.89],[135.49,-32.87],[135.47,-32.85],[135.46,-32.84],[135.37,-32.75],[135.01,-32.48],[134.93,-32.38],[134.84,-32.44],[134.26,-32.88],[134.24,-33.27],[134.42,-33.29],[135.6,-35.11],[135.78,-35.11]]]},"properties":{"NAME":"Nawu","SUBJECTO":"Nawu","BORDERPRECISION":3}},
{"type":"Feature","geometry":{"type":"Polygon","coordinates":[[[134.68,-13.94],[134.79,-13.9],[134.92,-13.86],[135.14,-13.8],[135.26,-13.67],[135.27,-13.65],[135.3,-13.62],[135.34,-13.56],[135.31,-13.54],[135.22,-13.49],[135.05,-13.27],[135.05,-13.11],[135.03,-13.12],[134.87,-13.12],[134.47,-13.33],[134.33,-13.42],[134.68,-13.94]]]},"properties":{"NAME":"Ngalkbun","SUBJECTO":"Ngalkbun","BORDERPRECISION":3}},
{"type":"Feature","geometry":{"type":"Polygon","coordinates":[[[140.52,-24.45],[140.24,-24.51],[139.64,-24.71],[139.6,-24.65],[139.6,-24.67],[139.46,-25.07],[139.37,-25.22],[139.48,-25.2],[139.86,-25.19],[140.5,-25.42],[140.6,-25.49],[140.61,-25.46],[140.7,-25.24],[140.73,-24.97],[140.53,-24.5],[140.52,-24.45]]]},"properties":{"NAME":"Mithaka","SUBJECTO":"Mithaka","BORDERPRECISION":3}},
{"type":"Feature","geometry":{"type":"Polygon","coordinates":[[[149.02,-24.38],[148.99,-24.59],[148.99,-25.12],[149.03,-25.17],[149.03,-25.18],[149.04,-25.18],[149.15,-25.14],[149.9,-24.96],[149.94,-24.94],[149.94,-24.93],[149.84,-24.94],[149.68,-24.21],[149.61,-24.11],[149.27,-23.84],[149.17,-23.99],[149.07,-24.4],[149.05,-24.39],[149.02,-24.38]]]},"properties":{"NAME":"Wadjigu","SUBJECTO":"Wadjigu","BORDERPRECISION":3}},
{"type":"Feature","geometry":{"type":"Polygon","coordinates":[[[138.33,-33.31],[138.37,-33.19],[138.36,-33.01],[138.12,-32.32],[138.16,-32.27],[138.14,-32.28],[137.65,-32.5],[137.66,-32.79],[137.77,-32.94],[137.76,-32.99],[137.8,-33.01],[137.83,-33.02],[137.87,-32.75],[138.17,-33.19],[138.19,-33.29],[138.17,-33.32],[138.32,-33.3],[138.33,-33.31]]]},"properties":{"NAME":"Nukunu","SUBJECTO":"Nukunu","BORDERPRECISION":3}},
{"type":"Feature","geometry":{"type":"Polygon","coordinates":[[[143.36,-29.74],[143.35,-29.79],[143.29,-29.95],[143.26,-30.43],[143.26,-30.76],[143.26,-30.85],[143.26,-30.87],[143.27,-31.22],[143.41,-31.38],[143.43,-31.4],[143.49,-31.47],[143.53,-31.51],[143.55,-31.53],[143.87,-31.61],[143.99,-31.61],[144.07,-31.61],[144.38,-31.63],[144.71,-31.56],[144.73,-31.53],[144.8,-31.46],[144.85,-31.41],[145.12,-30.78],[144.91,-30.47],[144.95,-30.27],[144.99,-30.27],[144.99,-30.18],[144.99,-30.17],[145.03,-29.76],[145.1,-29.48],[145.38,-29.12],[145.45,-28.97],[145.48,-28.9],[145.43,-28.9],[145.04,-28.85],[144.69,-28.79],[144.57,-28.77],[144.48,-28.75],[143.92,-28.75],[143.69,-28.74],[143.64,-28.74],[143.5,-28.73],[143.37,-28.77],[143.29,-28.8],[143.39,-29.66],[143.36,-29.74]]]},"properties":{"NAME":"Barundji","SUBJECTO":"Barundji","BORDERPRECISION":3}},
{"type":"Feature","geometry":{"type":"Polygon","coordinates":[[[152.97,-25.87],[152.9,-25.63],[152.76,-25.42],[152.72,-25.41],[152.63,-25.59],[152.69,-26.02],[152.97,-25.87]]]},"properties":{"NAME":"Badtjala","SUBJECTO":"Badtjala","BORDERPRECISION":3}},
{"type":"Feature","geometry":{"type":"Polygon","coordinates":[[[118.57,-24.34],[118.58,-24.45],[119.4,-24.84],[119.65,-25.02],[119.72,-24.93],[119.83,-24.71],[119.88,-24.43],[119.81,-23.94],[119.7,-23.66],[119.63,-23.53],[119.62,-23.53],[119.47,-23.54],[119.14,-23.55],[118.85,-23.54],[118.79,-23.58],[118.57,-24.34]]]},"properties":{"NAME":"Ngalawangka","SUBJECTO":"Ngalawangka","BORDERPRECISION":3}},
{"type":"Feature","geometry":{"type":"Polygon","coordinates":[[[141.09,-26.26],[141.2,-26.39],[141.68,-26.69],[141.93,-26.94],[141.94,-26.95],[141.95,-26.96],[142.71,-26.51],[143.53,-25.6],[143.68,-25.47],[143.69,-25.43],[143.71,-25.33],[143.71,-25.31],[143.75,-25.28],[143.76,-25.26],[143.28,-24.75],[143.06,-24.47],[142.95,-24.56],[142.94,-24.57],[142.56,-24.31],[142.5,-24.26],[142.42,-24.21],[142.24,-24.43],[142.04,-24.86],[141.38,-25.56],[141.26,-25.92],[141.09,-26.19],[141.06,-26.22],[141.09,-26.26]]]},"properties":{"NAME":"Birria","SUBJECTO":"Birria","BORDERPRECISION":3}},
{"type":"Feature","geometry":{"type":"Polygon","coordinates":[[[122.84,-18.54],[122.74,-19],[122.75,-19.02],[122.76,-19.03],[123.15,-19.13],[123.8,-20.04],[123.84,-20.42],[123.84,-20.53],[124.26,-20.53],[124.72,-20.22],[124.9,-20.2],[124.96,-20.2],[125,-20.15],[125.11,-19.88],[124.8,-18.96],[124.8,-18.78],[124.86,-18.7],[124.86,-18.61],[124.86,-18.59],[124.81,-18.58],[124.7,-18.56],[124.59,-18.35],[124.35,-18.21],[124.15,-18.34],[123.88,-18.8],[123.32,-18.44],[123.26,-18.44],[123.22,-18.44],[123.14,-18.44],[122.93,-18.45],[122.91,-18.47],[122.9,-18.48],[122.84,-18.54]]]},"properties":{"NAME":"Mangala","SUBJECTO":"Mangala","BORDERPRECISION":3}},
{"type":"Feature","geometry":{"type":"Polygon","coordinates":[[[132.89,-12.77],[132.84,-12.66],[132.77,-12.65],[132.69,-12.66],[132.71,-12.74],[132.67,-12.76],[132.69,-12.8],[132.89,-12.77]]]},"properties":{"NAME":"Bukurnidja","SUBJECTO":"Bukurnidja","BORDERPRECISION":3}},
{"type":"Feature","geometry":{"type":"Polygon","coordinates":[[[122.63,-28.73],[122.63,-28.7],[122.54,-28.65],[122.32,-28.7],[122.3,-28.7],[122.14,-28.75],[122.1,-28.77],[121.85,-28.84],[119.87,-28.85],[119.73,-28.97],[119.76,-28.99],[120.22,-29.4],[120.99,-30.73],[123.35,-30.92],[123.55,-30.95],[123.56,-30.9],[123.52,-30.73],[123.51,-30.47],[123.41,-30.11],[122.73,-28.94],[122.64,-28.85],[122.63,-28.73]]]},"properties":{"NAME":"Wangkathaa","SUBJECTO":"Wangkathaa","BORDERPRECISION":3}},
{"type":"Feature","geometry":{"type":"Polygon","coordinates":[[[137.76,-32.99],[137.77,-32.94],[137.66,-32.79],[137.65,-32.5],[138.14,-32.28],[138.16,-32.27],[138.17,-32.27],[138.4,-32.19],[138.49,-32.15],[138.65,-32.12],[138.77,-32.06],[138.79,-32.06],[138.84,-32.03],[138.65,-31.73],[138.63,-31.72],[138.56,-31.69],[138.53,-31.68],[138.48,-31.66],[138.46,-31.65],[138.37,-31.58],[137.79,-31.28],[137.61,-31.23],[137.6,-31.23],[137.6,-31.22],[137.6,-31.21],[137.47,-31.31],[137.08,-31.63],[136.19,-31.88],[136.05,-31.81],[135.66,-31.96],[135.36,-32.12],[134.94,-32.37],[134.93,-32.38],[135.01,-32.48],[135.37,-32.75],[135.46,-32.84],[135.49,-32.87],[135.52,-32.89],[135.79,-33.14],[135.94,-33.31],[136.01,-33.51],[136.49,-33.96],[136.7,-33.96],[136.79,-33.95],[136.92,-33.93],[137.76,-33],[137.76,-32.99]]]},"properties":{"NAME":"Banggarla","SUBJECTO":"Banggarla","BORDERPRECISION":3}},
{"type":"Feature","geometry":{"type":"Polygon","coordinates":[[[140.89,-22.43],[140.82,-22.54],[140.68,-22.77],[140.52,-23.28],[140.54,-23.57],[140.53,-23.9],[140.53,-23.92],[140.58,-23.93],[140.83,-23.99],[141.37,-24.13],[142.21,-24.08],[142.36,-24.17],[142.42,-24.21],[142.5,-24.26],[142.56,-24.31],[142.94,-24.57],[142.95,-24.56],[143.06,-24.47],[143.15,-24.39],[143.32,-23.99],[143.44,-23.82],[143.41,-23.78],[143.33,-23.68],[143.18,-23.44],[143.07,-23.12],[143.09,-22.87],[143.17,-22.63],[143.18,-22.58],[143.19,-22.52],[142.95,-22.52],[142.1,-22.82],[141.59,-22.57],[141.27,-22.35],[141.04,-22.28],[141.01,-22.27],[140.98,-22.31],[140.93,-22.38],[140.89,-22.43]]]},"properties":{"NAME":"Maiawali","SUBJECTO":"Maiawali","BORDERPRECISION":3}},
{"type":"Feature","geometry":{"type":"Polygon","coordinates":[[[136.73,-18.07],[136.73,-18.08],[136.87,-18.11],[137.18,-18.32],[137.35,-18.41],[137.68,-18.38],[137.8,-18.44],[138.06,-18.52],[138.11,-18.52],[138.14,-18.52],[138.41,-18.24],[138.41,-18],[138.4,-17.99],[138.38,-17.93],[138.32,-17.76],[138.19,-17.6],[138.08,-17.57],[138.05,-17.57],[137.86,-17.64],[137.74,-17.52],[137.36,-17.48],[136.94,-17.3],[136.85,-17.29],[136.82,-17.29],[136.74,-17.26],[136.72,-17.61],[136.71,-17.9],[136.73,-18.07]]]},"properties":{"NAME":"Waanyi","SUBJECTO":"Waanyi","BORDERPRECISION":3}},
{"type":"Feature","geometry":{"type":"Polygon","coordinates":[[[142.07,-28.38],[141.77,-28.56],[141.15,-28.82],[140.97,-28.87],[140.99,-28.92],[141.03,-29.05],[140.95,-29.47],[140.25,-29.86],[140.19,-30.05],[140.17,-30.09],[140.24,-30.06],[140.27,-30.05],[140.84,-29.86],[141.66,-29.65],[142.05,-29.65],[142.06,-29.65],[142.06,-29.63],[142.14,-29.63],[142.14,-29.52],[142.13,-29.26],[142.1,-28.69],[142.12,-28.42],[142.09,-28.4],[142.07,-28.38]]]},"properties":{"NAME":"Wadigali","SUBJECTO":"Wadigali","BORDERPRECISION":3}},
{"type":"Feature","geometry":{"type":"Polygon","coordinates":[[[151.43,-33.16],[151.41,-33.21],[151.38,-33.26],[151.24,-33.39],[151.2,-33.39],[151.19,-33.41],[151.11,-33.55],[151.07,-33.66],[151.02,-33.74],[151.03,-33.74],[151.1,-33.77],[151.19,-33.78],[151.31,-33.77],[151.57,-33.22],[151.6,-33.19],[151.52,-33.18],[151.43,-33.16]]]},"properties":{"NAME":"Guringai","SUBJECTO":"Guringai","BORDERPRECISION":3}},
{"type":"Feature","geometry":{"type":"Polygon","coordinates":[[[115.8,-23.75],[115.72,-23.72],[115.44,-23.67],[115.05,-23.42],[114.92,-23.4],[114.79,-23.35],[114.74,-23.34],[114.68,-23.32],[114.7,-24.06],[115.09,-24.46],[115.09,-24.7],[115.08,-24.8],[115.03,-24.94],[115.26,-24.97],[115.37,-24.99],[115.38,-25],[115.42,-24.89],[115.48,-24.7],[115.52,-24.62],[115.64,-24.22],[115.77,-24],[115.8,-23.87],[115.81,-23.84],[115.77,-23.84],[115.79,-23.78],[115.8,-23.75]]]},"properties":{"NAME":"Tharrgari","SUBJECTO":"Tharrgari","BORDERPRECISION":3}},
{"type":"Feature","geometry":{"type":"Polygon","coordinates":[[[144.76,-17.43],[144.78,-17.44],[144.81,-17.55],[144.91,-17.55],[145.17,-17.53],[145.2,-17.57],[145.22,-17.56],[145.22,-17.55],[145.29,-17.43],[145.29,-17.42],[145.28,-17.36],[144.83,-17.41],[144.76,-17.43]]]},"properties":{"NAME":"Mbabaram","SUBJECTO":"Mbabaram","BORDERPRECISION":3}},
{"type":"Feature","geometry":{"type":"Polygon","coordinates":[[[125.7,-15.78],[125.73,-15.77],[125.75,-15.73],[125.61,-15.59],[125.41,-15.46],[125.36,-15.22],[125.1,-15.26],[124.42,-15.66],[124.53,-16.33],[124.62,-16.37],[124.79,-16.37],[124.78,-16.24],[124.82,-15.94],[125,-15.79],[125.56,-15.85],[125.7,-15.78]]]},"properties":{"NAME":"Worora","SUBJECTO":"Worora","BORDERPRECISION":3}},
{"type":"Feature","geometry":{"type":"Polygon","coordinates":[[[150.61,-24.79],[150.6,-24.93],[150.61,-25.12],[150.71,-25.6],[150.75,-25.65],[150.83,-25.64],[150.85,-25.64],[150.88,-25.67],[151.02,-25.53],[151.47,-25.07],[151.77,-25.15],[151.79,-25.15],[151.86,-25.17],[152.15,-25.14],[152.4,-25.05],[152.4,-24.97],[152.4,-24.95],[152.32,-24.82],[152.07,-24.74],[151.73,-24.16],[151.2,-23.94],[151.17,-23.92],[150.94,-24.05],[150.75,-24.14],[150.75,-24.16],[150.78,-24.22],[150.84,-24.33],[150.71,-24.77],[150.65,-24.78],[150.61,-24.79]]]},"properties":{"NAME":"Gureng Gureng","SUBJECTO":"Gureng Gureng","BORDERPRECISION":3}},
{"type":"Feature","geometry":{"type":"Polygon","coordinates":[[[137.96,-21.74],[137.97,-21.74],[138.93,-21.27],[139.09,-21],[139.08,-20.96],[139.08,-20.91],[139.04,-20.61],[138.91,-20.37],[138.93,-20.44],[138.83,-20.45],[138.41,-20.49],[137.24,-20.95],[136.75,-20.86],[136.74,-20.88],[136.72,-20.89],[136.89,-21.06],[136.98,-21.41],[137.01,-21.65],[137.3,-21.64],[137.69,-21.64],[137.94,-21.73],[137.96,-21.74]]]},"properties":{"NAME":"Bularnu","SUBJECTO":"Bularnu","BORDERPRECISION":3}},
{"type":"Feature","geometry":{"type":"Polygon","coordinates":[[[125.5,-18.41],[125.56,-18.35],[125.66,-18.24],[125.73,-18.14],[125.74,-18.12],[125.68,-18.09],[125.65,-18.07],[125.48,-17.91],[125.4,-17.77],[125.35,-17.67],[125.34,-17.65],[125.33,-17.64],[125.28,-17.54],[125.21,-17.44],[125.05,-17.4],[124.7,-17.42],[124.55,-17.42],[124.49,-17.41],[124.46,-17.41],[124.4,-17.4],[123.86,-17.32],[123.67,-17.24],[123.63,-17.21],[123.57,-17.17],[123.56,-17.21],[123.53,-17.39],[123.52,-17.5],[123.43,-17.69],[123.17,-17.86],[123.06,-18.04],[123.05,-18.06],[123,-18.27],[122.89,-18.45],[122.91,-18.47],[122.93,-18.45],[123.14,-18.44],[123.22,-18.44],[123.23,-18.43],[123.26,-18.44],[123.32,-18.44],[123.88,-18.8],[124.15,-18.34],[124.35,-18.21],[124.59,-18.35],[124.7,-18.56],[124.81,-18.58],[124.88,-18.48],[125.31,-18.48],[125.45,-18.42],[125.49,-18.42],[125.5,-18.41]]]},"properties":{"NAME":"Nyikina","SUBJECTO":"Nyikina","BORDERPRECISION":3}},
{"type":"Feature","geometry":{"type":"Polygon","coordinates":[[[143.32,-37.09],[143.29,-37.1],[143.02,-37.06],[142.97,-37.06],[142.95,-37.06],[142.73,-37.06],[142.63,-37.06],[142.57,-37.06],[142.53,-37.14],[142.53,-37.56],[142.06,-37.57],[141.97,-37.64],[141.91,-37.76],[141.91,-37.77],[142.37,-37.97],[142.59,-38.02],[142.67,-38.01],[142.76,-37.99],[142.86,-37.8],[142.99,-37.71],[143,-37.69],[143.06,-37.62],[143,-37.53],[143.1,-37.4],[143.23,-37.29],[143.3,-37.23],[143.31,-37.21],[143.3,-37.17],[143.35,-37.13],[143.32,-37.09]]]},"properties":{"NAME":"Djabwurung","SUBJECTO":"Djabwurung","BORDERPRECISION":3}},
{"type":"Feature","geometry":{"type":"Polygon","coordinates":[[[123.58,-16.39],[123.55,-16.7],[123.99,-16.82],[123.58,-16.39]]]},"properties":{"NAME":"Unggarangi","SUBJECTO":"Unggarangi","BORDERPRECISION":3}},
{"type":"Feature","geometry":{"type":"Polygon","coordinates":[[[122.89,-17.04],[122.84,-17.1],[122.81,-17.26],[122.8,-17.32],[122.8,-17.37],[122.8,-17.41],[122.81,-17.62],[122.82,-17.72],[122.84,-17.84],[122.92,-18],[123.05,-18.06],[123.06,-18.04],[123.17,-17.86],[123.43,-17.69],[123.52,-17.5],[123.53,-17.39],[123.53,-17.38],[123.5,-17.32],[123.06,-16.94],[122.93,-16.99],[122.89,-17.04]]]},"properties":{"NAME":"Nimanburu","SUBJECTO":"Nimanburu","BORDERPRECISION":3}},
{"type":"Feature","geometry":{"type":"Polygon","coordinates":[[[136.64,-16.09],[136.61,-16.09],[136.61,-16.1],[136.55,-16.35],[136.54,-16.78],[136.56,-16.97],[136.56,-17.06],[136.56,-17.14],[136.58,-17.16],[136.68,-17.24],[136.74,-17.26],[136.82,-17.29],[136.85,-17.29],[136.94,-17.3],[137.36,-17.48],[137.74,-17.52],[137.86,-17.64],[138.05,-17.57],[138.08,-17.57],[138.11,-17.56],[138.29,-16.93],[138.32,-16.86],[138.28,-16.85],[138.26,-16.84],[137.69,-16.42],[137.06,-16.17],[136.88,-16.12],[136.64,-16.09]]]},"properties":{"NAME":"Garawa","SUBJECTO":"Garawa","BORDERPRECISION":3}},
{"type":"Feature","geometry":{"type":"Polygon","coordinates":[[[142.37,-31.39],[142.38,-31.41],[142.61,-31.37],[143.41,-31.38],[143.27,-31.22],[143.26,-30.87],[142.78,-30.92],[142.49,-31],[142.34,-31.21],[142.34,-31.32],[142.37,-31.39]]]},"properties":{"NAME":"Wandjiwalgu","SUBJECTO":"Wandjiwalgu","BORDERPRECISION":3}},
{"type":"Feature","geometry":{"type":"Polygon","coordinates":[[[138.9,-20.36],[139.06,-20.4],[139.55,-20.24],[139.9,-20.23],[139.98,-20.2],[140.06,-20.16],[140.02,-20.11],[140.01,-20.1],[139.99,-20.08],[139.76,-19.83],[139.46,-19.41],[139.21,-19.16],[139.17,-19.12],[139.14,-19.09],[138.16,-18.55],[138.1,-18.53],[138.06,-18.52],[137.8,-18.44],[137.91,-18.5],[137.91,-18.51],[137.85,-18.78],[137.7,-19.1],[137.54,-19.61],[138.54,-19.87],[138.8,-20.1],[138.88,-20.31],[138.9,-20.36]]]},"properties":{"NAME":"Wakabunga","SUBJECTO":"Wakabunga","BORDERPRECISION":3}},
{"type":"Feature","geometry":{"type":"Polygon","coordinates":[[[130.67,-27.46],[130.64,-27.48],[130.58,-27.53],[130.44,-27.64],[130.22,-27.85],[129.85,-28.26],[129.85,-28.3],[129.84,-28.37],[129.83,-28.63],[129.99,-29.47],[130.3,-29.75],[130.51,-29.86],[130.56,-29.89],[130.66,-29.95],[131.02,-30.12],[131.35,-30.22],[131.36,-30.22],[131.37,-30.23],[131.41,-30.24],[131.44,-30.25],[131.85,-30.37],[133.23,-30.5],[134.95,-31.08],[135.87,-31.6],[136.01,-31.78],[136.03,-31.8],[136.05,-31.81],[136.19,-31.88],[137.08,-31.63],[137.47,-31.31],[137.6,-31.21],[137.72,-31.11],[137.47,-30.37],[136.79,-29.88],[136.73,-29.8],[136.71,-29.77],[136.58,-29.6],[136.42,-29.52],[135.38,-29.59],[134.71,-29.02],[134.58,-28.96],[134.53,-28.94],[134.35,-28.85],[134.11,-28.69],[133.63,-28.55],[133.56,-28.43],[133.46,-28.39],[133.26,-28.31],[133.25,-28.32],[132.92,-28.34],[132.6,-28.4],[132.12,-28.4],[131.72,-28.25],[131.28,-28.04],[130.98,-27.77],[130.78,-27.54],[130.7,-27.48],[130.69,-27.47],[130.67,-27.46]]]},"properties":{"NAME":"Kokatha","SUBJECTO":"Kokatha","BORDERPRECISION":3}},
{"type":"Feature","geometry":{"type":"Polygon","coordinates":[[[141.98,-13.2],[141.98,-13.15],[141.99,-13.09],[141.99,-13.07],[141.59,-13.15],[141.62,-13.35],[141.65,-13.34],[141.69,-13.52],[141.89,-13.49],[141.93,-13.36],[141.97,-13.22],[141.98,-13.2]]]},"properties":{"NAME":"Winda Winda","SUBJECTO":"Winda Winda","BORDERPRECISION":3}},
{"type":"Feature","geometry":{"type":"Polygon","coordinates":[[[143.72,-27.89],[143.74,-27.9],[143.76,-27.91],[143.93,-27.96],[144.15,-27.98],[144.18,-27.98],[144.2,-27.98],[144.52,-28.03],[144.77,-28.06],[144.86,-28.08],[144.9,-28.08],[144.94,-28.09],[145.27,-27.96],[145.34,-27.64],[145.28,-27.49],[145.24,-27.39],[145.13,-26.8],[145.11,-26.48],[144.91,-26.54],[144.37,-26.65],[143.64,-26.67],[143.56,-26.65],[143.54,-26.7],[143.56,-27.48],[143.66,-27.77],[143.73,-27.89],[143.72,-27.89]]]},"properties":{"NAME":"Margany","SUBJECTO":"Margany","BORDERPRECISION":3}},
{"type":"Feature","geometry":{"type":"Polygon","coordinates":[[[134.02,-12.06],[133.73,-11.99],[133.85,-12.19],[133.9,-12.21],[134,-12.27],[134.02,-12.27],[134.04,-12.26],[134.04,-12.06],[134.02,-12.06]]]},"properties":{"NAME":"Gunbalang","SUBJECTO":"Gunbalang","BORDERPRECISION":3}},
{"type":"Feature","geometry":{"type":"Polygon","coordinates":[[[118.73,-28.1],[118.65,-28.03],[118.33,-27.71],[118.02,-27.21],[118.03,-27.19],[118.01,-27.18],[117.98,-27.21],[117.75,-27.25],[117.57,-27.46],[116.76,-27.95],[115.86,-28.59],[115.82,-28.57],[115.82,-28.61],[116.27,-29.27],[118.42,-28.37],[118.53,-28.3],[118.65,-28.14],[118.73,-28.1]]]},"properties":{"NAME":"Badimaya","SUBJECTO":"Badimaya","BORDERPRECISION":3}},
{"type":"Feature","geometry":{"type":"Polygon","coordinates":[[[130.98,-12.98],[130.47,-13.37],[131.17,-13.45],[131.52,-13.23],[130.98,-12.98]]]},"properties":{"NAME":"Kungarakany","SUBJECTO":"Kungarakany","BORDERPRECISION":3}},
{"type":"Feature","geometry":{"type":"Polygon","coordinates":[[[134.9,-15.16],[134.91,-15.16],[134.97,-15.06],[134.99,-14.93],[134.93,-14.73],[134.84,-14.65],[134.81,-14.61],[133.8,-13.93],[133.45,-14.15],[133.46,-14.28],[133.46,-14.3],[133.56,-14.39],[134.03,-14.72],[134.07,-14.74],[134.14,-14.72],[134.15,-14.72],[134.3,-14.8],[134.73,-15.11],[134.9,-15.16]]]},"properties":{"NAME":"Ngalakan","SUBJECTO":"Ngalakan","BORDERPRECISION":3}},
{"type":"Feature","geometry":{"type":"Polygon","coordinates":[[[124.22,-31.03],[124.43,-32.94],[126.01,-32.27],[131.02,-31.55],[131.11,-31.46],[131.24,-30.81],[131.03,-30.77],[128.69,-30.34],[127.13,-30.37],[126.36,-30.38],[125.19,-30.65],[124.42,-30.96],[124.22,-31.03]]]},"properties":{"NAME":"Mirning","SUBJECTO":"Mirning","BORDERPRECISION":3}},
{"type":"Feature","geometry":{"type":"Polygon","coordinates":[[[152.31,-32.7],[152.45,-32.51],[152.54,-32.21],[152.58,-32.14],[152.52,-32.16],[152.2,-32.14],[151.91,-32.14],[151.79,-32.05],[151.71,-32.22],[151.61,-32.52],[151.6,-32.52],[151.61,-32.52],[151.59,-32.75],[151.58,-32.77],[151.69,-32.8],[151.83,-32.85],[151.93,-32.84],[152.01,-32.84],[152.31,-32.7]]]},"properties":{"NAME":"Worimi","SUBJECTO":"Worimi","BORDERPRECISION":3}},
{"type":"Feature","geometry":{"type":"Polygon","coordinates":[[[143.51,-16.61],[143.53,-16.59],[143.7,-16.49],[143.88,-16.49],[143.89,-16.31],[143.87,-16.25],[143.87,-16.14],[143.71,-16.15],[143.58,-16.09],[143.58,-16.01],[143.56,-16],[143.22,-16],[142.83,-16.16],[142.73,-16.3],[143.31,-16.51],[143.49,-16.59],[143.51,-16.61]]]},"properties":{"NAME":"Kokomini","SUBJECTO":"Kokomini","BORDERPRECISION":3}},
{"type":"Feature","geometry":{"type":"Polygon","coordinates":[[[136.73,-29.8],[136.92,-29.74],[137.19,-29.66],[137.27,-29.63],[137.27,-29.57],[137.25,-29.46],[136.9,-28.52],[136.89,-28.31],[136.9,-28.01],[136.9,-27.84],[136.89,-27.84],[136.82,-27.73],[136.8,-27.71],[136.72,-27.54],[136.58,-27.4],[136.25,-27.29],[136.14,-27.24],[135.88,-27.37],[135.37,-27.35],[135.28,-27.25],[135.21,-27.18],[135.01,-27.44],[134.63,-28.82],[134.53,-28.94],[134.58,-28.96],[134.71,-29.02],[135.38,-29.59],[136.42,-29.52],[136.58,-29.6],[136.71,-29.77],[136.73,-29.8]]]},"properties":{"NAME":"Arabana","SUBJECTO":"Arabana","BORDERPRECISION":3}},
{"type":"Feature","geometry":{"type":"Polygon","coordinates":[[[135.27,-13.65],[135.32,-13.69],[135.43,-13.84],[135.59,-14.18],[135.59,-14.35],[135.51,-14.47],[135.49,-14.46],[135.49,-14.47],[135.65,-14.51],[135.74,-14.42],[135.96,-13.89],[135.83,-13.73],[135.71,-13.7],[135.42,-13.61],[135.34,-13.56],[135.3,-13.62],[135.27,-13.65]]]},"properties":{"NAME":"Nunggubuyu","SUBJECTO":"Nunggubuyu","BORDERPRECISION":3}},
{"type":"Feature","geometry":{"type":"Polygon","coordinates":[[[130.45,-15.69],[130.62,-15.7],[130.92,-15.65],[131.15,-15.65],[131.42,-15.66],[131.43,-15.6],[131.39,-15.5],[131.25,-15.36],[131.12,-15.32],[131.09,-15.31],[130.98,-15.42],[130.55,-15.49],[130.39,-15.49],[130.42,-15.53],[130.45,-15.66],[130.45,-15.69]]]},"properties":{"NAME":"Nungali","SUBJECTO":"Nungali","BORDERPRECISION":3}},
{"type":"Feature","geometry":{"type":"Polygon","coordinates":[[[147.71,-22.48],[147.61,-22.48],[147.46,-22.48],[147.26,-22.51],[147.28,-22.53],[147.16,-22.99],[147.16,-23.3],[147.16,-23.33],[147.17,-23.33],[147.37,-23.26],[147.67,-23.18],[147.83,-23.06],[148,-22.87],[147.9,-22.75],[147.9,-22.73],[147.87,-22.75],[147.78,-22.65],[147.73,-22.54],[147.71,-22.48]]]},"properties":{"NAME":"Wangan","SUBJECTO":"Wangan","BORDERPRECISION":3}},
{"type":"Feature","geometry":{"type":"Polygon","coordinates":[[[148.37,-26.53],[148.45,-26.9],[148.51,-26.99],[148.57,-27.46],[148.54,-27.81],[149.41,-27.79],[149.38,-27.73],[149.39,-27.46],[149.42,-27.33],[149.27,-27.38],[149.32,-26.84],[149.42,-26.48],[149.42,-26.32],[149.4,-26.32],[148.72,-26.08],[148.71,-26.07],[148.61,-26.01],[148.4,-26.02],[148.34,-26.04],[148.33,-26.05],[148.33,-26.07],[148.37,-26.08],[148.38,-26.09],[148.4,-26.12],[148.36,-26.51],[148.36,-26.52],[148.37,-26.53]]]},"properties":{"NAME":"Mandandanji","SUBJECTO":"Mandandanji","BORDERPRECISION":3}},
{"type":"Feature","geometry":{"type":"Polygon","coordinates":[[[141,-36.31],[140.8,-36.34],[140.3,-36.34],[140.13,-36.33],[140.17,-36.54],[140.24,-36.84],[140.68,-36.86],[140.72,-36.89],[140.79,-36.86],[140.9,-36.78],[140.99,-36.75],[141,-36.52],[141,-36.31]]]},"properties":{"NAME":"Bindjali","SUBJECTO":"Bindjali","BORDERPRECISION":3}},
{"type":"Feature","geometry":{"type":"Polygon","coordinates":[[[139.99,-20.08],[140.01,-19.85],[140.02,-19.03],[139.93,-18.79],[139.9,-18.49],[139.9,-18.45],[140.04,-18.41],[140,-18.22],[139.81,-17.99],[139.71,-17.96],[139.67,-17.95],[139.49,-17.91],[139.36,-17.92],[139.33,-17.93],[139.33,-18.82],[139.17,-19.12],[139.21,-19.16],[139.46,-19.41],[139.76,-19.83],[139.99,-20.08]]]},"properties":{"NAME":"Mayi-Kutuna","SUBJECTO":"Mayi-Kutuna","BORDERPRECISION":3}},
{"type":"Feature","geometry":{"type":"Polygon","coordinates":[[[117.09,-21.04],[117.07,-21.04],[117.03,-21.04],[116.91,-21.28],[116.89,-21.34],[116.88,-21.39],[116.88,-21.41],[116.94,-21.42],[117.26,-21.73],[117.48,-21.82],[117.67,-21.94],[117.81,-22.06],[117.84,-22.07],[117.89,-22.04],[118.2,-22.08],[118.91,-22.33],[118.92,-22.34],[118.93,-22.33],[118.91,-22.28],[118.98,-22.06],[119.03,-22.01],[118.96,-21.98],[118.89,-21.84],[118.65,-21.71],[118.65,-21.64],[118.62,-21.63],[118.39,-21.55],[118.11,-21.43],[117.98,-21.33],[117.96,-21.32],[117.91,-21.27],[117.42,-21.1],[117.18,-21.03],[117.09,-21.04]]]},"properties":{"NAME":"Yindjibarndi","SUBJECTO":"Yindjibarndi","BORDERPRECISION":3}},
{"type":"Feature","geometry":{"type":"Polygon","coordinates":[[[122.9,-18.48],[122.88,-18.45],[122.22,-18.19],[121.55,-18.77],[121.54,-18.79],[121.84,-18.84],[122.49,-18.96],[122.74,-19.03],[122.75,-19.02],[122.74,-19],[122.84,-18.54],[122.9,-18.48]]]},"properties":{"NAME":"Karajarri","SUBJECTO":"Karajarri","BORDERPRECISION":3}},
{"type":"Feature","geometry":{"type":"Polygon","coordinates":[[[150.23,-22.48],[150.13,-22.42],[150.2,-22.59],[150.19,-22.79],[150,-22.86],[149.58,-22.85],[149.4,-22.68],[149.34,-22.46],[149.3,-22.37],[149.29,-22.35],[149.28,-22.35],[149.11,-22.36],[148.88,-22.36],[148.87,-22.36],[148.85,-22.39],[148.8,-22.45],[149.03,-22.95],[149.19,-23.18],[149.21,-23.21],[149.28,-23.18],[149.29,-23.17],[149.71,-23.55],[150.08,-23.5],[150.32,-23.56],[150.34,-23.57],[150.51,-23.61],[150.54,-23.67],[150.57,-23.7],[150.64,-23.66],[150.78,-23.57],[150.8,-23.56],[150.8,-23.5],[150.75,-22.81],[150.36,-22.55],[150.23,-22.48]]]},"properties":{"NAME":"Darumbal","SUBJECTO":"Darumbal","BORDERPRECISION":3}},
{"type":"Feature","geometry":{"type":"Polygon","coordinates":[[[144.57,-37.95],[144.57,-38.01],[144.73,-38.08],[145.93,-38.88],[146.63,-38.88],[146.63,-38.87],[146.63,-38.76],[146.45,-38.75],[146.33,-38.75],[146.22,-38.73],[146.29,-38.44],[146.31,-38.38],[146.05,-38.36],[144.99,-37.86],[144.73,-37.92],[144.57,-37.95]]]},"properties":{"NAME":"Boonwurrung","SUBJECTO":"Boonwurrung","BORDERPRECISION":3}},
{"type":"Feature","geometry":{"type":"Polygon","coordinates":[[[140.37,-21.78],[140.3,-21.92],[140.31,-22.04],[140.29,-22.16],[140.55,-22.37],[140.93,-22.38],[140.98,-22.31],[140.95,-22.3],[140.94,-21.95],[140.95,-21.94],[140.86,-21.96],[140.79,-21.77],[140.77,-21.72],[140.73,-21.74],[140.42,-21.76],[140.37,-21.78]]]},"properties":{"NAME":"Yanda","SUBJECTO":"Yanda","BORDERPRECISION":3}},
{"type":"Feature","geometry":{"type":"Polygon","coordinates":[[[144.49,-18.33],[144.48,-18.5],[144.48,-18.51],[144.49,-19.04],[144.43,-19.26],[144.27,-19.47],[144.22,-19.55],[144.16,-19.63],[144.16,-19.65],[144.15,-19.95],[144.12,-20.24],[144.12,-20.42],[144.1,-20.45],[144.09,-20.49],[144.31,-20.47],[144.9,-20.41],[145.28,-20.45],[145.52,-20.52],[145.56,-20.53],[145.59,-20.52],[145.84,-20.4],[146.34,-20.34],[146.6,-20.45],[146.92,-20.55],[146.93,-20.55],[147.06,-20.62],[147.14,-20.57],[147.16,-20.55],[147.22,-20.51],[147.27,-20.09],[147.22,-19.91],[147.21,-19.85],[146.85,-19.4],[146.71,-19.36],[146.67,-19.35],[146.57,-19.33],[146.5,-19.31],[146.35,-19.24],[145.96,-18.89],[145.85,-18.68],[145.83,-18.65],[145.69,-18.48],[145.68,-18.48],[145.52,-18.35],[145.4,-18.15],[145.4,-18.12],[145.39,-18.12],[145.36,-18.01],[145.34,-17.85],[145.28,-17.68],[145.21,-17.58],[145.2,-17.57],[145.17,-17.53],[144.91,-17.55],[144.81,-17.55],[144.77,-17.55],[144.65,-17.55],[144.49,-18.18],[144.49,-18.33]]]},"properties":{"NAME":"Gugu-Badhun","SUBJECTO":"Gugu-Badhun","BORDERPRECISION":3}},
{"type":"Feature","geometry":{"type":"Polygon","coordinates":[[[120.53,-32.96],[120.38,-33.01],[120.2,-33.08],[118.58,-33.28],[119.51,-34.34],[123.19,-34.04],[123.46,-33.99],[123.62,-33.92],[123.92,-33.52],[123.95,-33.48],[123.65,-33.14],[122.83,-33.06],[122.8,-33.16],[122.75,-33.39],[121.4,-33.12],[120.71,-33.17],[120.58,-33.05],[120.54,-32.97],[120.53,-32.96]]]},"properties":{"NAME":"Wudjari","SUBJECTO":"Wudjari","BORDERPRECISION":3}},
{"type":"Feature","geometry":{"type":"Polygon","coordinates":[[[130.29,-17.12],[130.28,-17.18],[130.29,-17.18],[130.29,-17.29],[130.73,-17.38],[130.94,-17.37],[130.94,-17.39],[130.97,-17.39],[131.39,-16.77],[130.98,-16.39],[130.96,-16.4],[130.96,-16.44],[130.68,-16.69],[130.33,-17.09],[130.29,-17.12]]]},"properties":{"NAME":"Bilinara","SUBJECTO":"Bilinara","BORDERPRECISION":3}},
{"type":"Feature","geometry":{"type":"Polygon","coordinates":[[[130.37,-13.37],[130.31,-13.39],[130.3,-13.43],[130.32,-13.44],[130.33,-13.45],[130.37,-13.38],[130.4,-13.39],[130.39,-13.38],[130.37,-13.37]]]},"properties":{"NAME":"Tjerratj","SUBJECTO":"Tjerratj","BORDERPRECISION":3}},
{"type":"Feature","geometry":{"type":"Polygon","coordinates":[[[152.98,-31.3],[152.98,-31.27],[152.95,-31.25],[152.58,-31.26],[152,-31.09],[151.66,-31.06],[151.65,-31.06],[151.61,-31.06],[151.42,-31.05],[151.31,-31.11],[151.34,-31.16],[151.46,-31.46],[151.43,-31.61],[151.42,-31.63],[151.35,-31.64],[151.44,-31.66],[151.56,-31.74],[151.77,-32.04],[151.79,-32.05],[151.91,-32.14],[152.2,-32.14],[152.52,-32.16],[152.58,-32.14],[152.83,-31.77],[152.97,-31.42],[152.98,-31.3]]]},"properties":{"NAME":"Biripi","SUBJECTO":"Biripi","BORDERPRECISION":3}},
{"type":"Feature","geometry":{"type":"Polygon","coordinates":[[[142.12,-28.42],[142.1,-28.69],[142.13,-29.26],[142.14,-29.52],[142.14,-29.63],[142.17,-29.63],[142.38,-29.63],[143.06,-29.72],[143.36,-29.74],[143.39,-29.66],[143.29,-28.8],[143.37,-28.77],[143.02,-28.74],[142.95,-28.73],[142.4,-28.59],[142.32,-28.53],[142.31,-28.54],[142.27,-28.51],[142.12,-28.42]]]},"properties":{"NAME":"Karenggapa","SUBJECTO":"Karenggapa","BORDERPRECISION":3}},
{"type":"Feature","geometry":{"type":"Polygon","coordinates":[[[149.03,-25.18],[148.86,-25.2],[148.86,-25.23],[148.86,-25.25],[148.87,-25.3],[148.82,-25.48],[148.94,-25.89],[148.64,-25.86],[148.33,-26.03],[148.33,-26.05],[148.34,-26.04],[148.4,-26.02],[148.61,-26.01],[148.71,-26.07],[148.88,-26.09],[148.92,-26.09],[148.97,-25.96],[149.02,-25.54],[149.02,-25.29],[149.02,-25.19],[149.02,-25.18],[149.03,-25.18]]]},"properties":{"NAME":"Gungabula","SUBJECTO":"Gungabula","BORDERPRECISION":3}},
{"type":"Feature","geometry":{"type":"Polygon","coordinates":[[[142.87,-13.09],[142.88,-13.13],[142.92,-13.53],[142.93,-13.97],[142.95,-14.18],[143.18,-14.1],[143.3,-14.09],[143.34,-14.08],[143.36,-14.02],[143.39,-13.82],[143.4,-13.81],[143.4,-13.77],[143.42,-13.48],[143.42,-13.39],[143.42,-13.38],[143.41,-13.34],[143.34,-13.2],[143.19,-12.98],[143.16,-12.96],[143.14,-12.94],[143.11,-12.92],[142.98,-12.99],[142.97,-12.99],[142.94,-13.01],[142.86,-13.07],[142.87,-13.07],[142.87,-13.09]]]},"properties":{"NAME":"Kaantju","SUBJECTO":"Kaantju","BORDERPRECISION":3}},
{"type":"Feature","geometry":{"type":"Polygon","coordinates":[[[144.31,-32.95],[144.31,-32.96],[144.51,-33.19],[145.06,-33.56],[144.67,-33.89],[144.66,-34.02],[144.65,-34.07],[144.65,-34.2],[144.76,-34.63],[144.78,-34.67],[144.8,-34.69],[144.86,-34.77],[144.85,-34.78],[144.88,-34.8],[144.88,-34.81],[145,-34.98],[145.11,-35.22],[145.13,-35.26],[145.13,-35.3],[145.2,-35.73],[145.55,-35.92],[145.8,-35.99],[145.82,-35.99],[146.18,-36.08],[146.95,-36.12],[147.21,-36.1],[147.23,-36.1],[147.44,-36.08],[147.81,-36.08],[147.99,-36.08],[148.01,-36.01],[148.1,-35.64],[148.14,-35.34],[148.14,-35.21],[148.14,-35.15],[148.14,-34.98],[148.14,-34.69],[148.27,-34.45],[148.4,-34.38],[148.47,-34.34],[148.53,-34.34],[148.75,-34.31],[148.87,-34.29],[149.04,-34.26],[149.11,-34.25],[149.68,-34.09],[149.88,-33.8],[150,-33.23],[150.01,-33.19],[150.05,-32.99],[150.1,-32.82],[150.11,-32.76],[150.12,-32.73],[149.96,-32.44],[149.94,-32.41],[149.85,-32.25],[149.72,-32.1],[149.7,-32.08],[149.66,-32.03],[149.17,-31.84],[149.04,-31.78],[148.75,-31.67],[147.3,-31.67],[147.25,-31.68],[147.13,-31.7],[146.69,-31.78],[146.01,-32.03],[144.95,-32.6],[144.87,-32.88],[144.34,-32.86],[144.23,-32.86],[144.29,-32.93],[144.31,-32.95]]]},"properties":{"NAME":"Wiradjuri","SUBJECTO":"Wiradjuri","BORDERPRECISION":3}},
{"type":"Feature","geometry":{"type":"Polygon","coordinates":[[[146.95,-19.44],[146.63,-19.26],[146.63,-19.27],[146.95,-19.44]]]},"properties":{"NAME":"Wulgurukaba","SUBJECTO":"Wulgurukaba","BORDERPRECISION":3}},
{"type":"Feature","geometry":{"type":"Polygon","coordinates":[[[138.94,-26.19],[138.89,-26.19],[138.74,-26.37],[138.22,-26.36],[138.13,-26.4],[138.15,-26.43],[138.16,-26.46],[138.16,-26.57],[138.31,-26.98],[138.37,-27.26],[138.4,-27.38],[138.42,-27.36],[139.19,-27.38],[139.6,-27.25],[139.78,-27.23],[139.98,-27.23],[139.99,-27.16],[140.09,-26.81],[140.22,-26.46],[140.34,-26.27],[140.34,-26.26],[140.36,-26.23],[140.2,-26.28],[139.78,-26.28],[139.47,-26.2],[139.13,-26.19],[138.99,-26.19],[138.94,-26.19]]]},"properties":{"NAME":"Ngamini","SUBJECTO":"Ngamini","BORDERPRECISION":3}},
{"type":"Feature","geometry":{"type":"Polygon","coordinates":[[[142.67,-38.01],[142.67,-38.04],[142.53,-38.47],[143.13,-38.71],[143.26,-38.73],[143.45,-38.57],[143.44,-38.53],[143.44,-38.5],[143.4,-38.49],[143.39,-38.49],[143.33,-38.47],[143.22,-38.45],[143.04,-38.4],[143.08,-38.05],[143.08,-37.81],[143.08,-37.8],[143.04,-37.69],[143,-37.69],[142.99,-37.71],[142.86,-37.8],[142.76,-37.99],[142.67,-38.01]]]},"properties":{"NAME":"Giraiwurung","SUBJECTO":"Giraiwurung","BORDERPRECISION":3}},
{"type":"Feature","geometry":{"type":"Polygon","coordinates":[[[142.98,-12.99],[143.11,-12.92],[143.14,-12.94],[143.16,-12.96],[143.22,-12.93],[143.36,-12.87],[143.38,-12.84],[143.38,-12.83],[143.37,-12.81],[143.29,-12.69],[142.97,-12.53],[143.11,-12.25],[143.1,-12.24],[142.91,-12.28],[142.85,-12.28],[142.86,-12.31],[142.88,-12.34],[142.94,-12.62],[142.97,-12.68],[142.98,-12.98],[142.98,-12.99]]]},"properties":{"NAME":"Kuuku-ya’u","SUBJECTO":"Kuuku-ya’u","BORDERPRECISION":3}},
{"type":"Feature","geometry":{"type":"Polygon","coordinates":[[[121.33,-21.99],[121.22,-22.01],[121.19,-22.02],[121.15,-22.02],[121.12,-22.06],[121.08,-22.11],[121.1,-22.2],[121.12,-22.28],[121.12,-23.05],[121,-23.3],[120.95,-23.36],[120.96,-23.39],[120.97,-23.44],[121.95,-24.53],[122.26,-24.8],[122.84,-25.3],[122.87,-25.33],[122.91,-25.37],[122.95,-25.4],[122.98,-25.42],[124.27,-24.26],[125.26,-24.47],[125.47,-24.57],[125.53,-24.6],[125.61,-24.64],[126.16,-24.23],[128.01,-24.11],[127.97,-24.06],[127.89,-23.99],[127.83,-23.92],[127.43,-23.65],[127.05,-23.3],[126.56,-22.35],[126.31,-22.04],[126.2,-21.96],[126.16,-21.93],[125.99,-21.81],[125.84,-21.81],[125.52,-21.81],[125.39,-21.81],[125.21,-21.96],[124.09,-22.35],[123.61,-21.42],[123.41,-21.36],[123.29,-21.37],[123.27,-21.37],[123.17,-21.38],[122.54,-22.41],[121.33,-21.99]]]},"properties":{"NAME":"Mardu","SUBJECTO":"Mardu","BORDERPRECISION":3}},
{"type":"Feature","geometry":{"type":"Polygon","coordinates":[[[119.35,-34.55],[119.46,-34.4],[119.16,-34.1],[118.67,-33.52],[118.44,-33.17],[117.86,-33.39],[117.45,-33.65],[117.65,-33.81],[117.67,-34.05],[118.57,-34.23],[118.92,-34.29],[119.35,-34.55]]]},"properties":{"NAME":"Goreng","SUBJECTO":"Goreng","BORDERPRECISION":3}},
{"type":"Feature","geometry":{"type":"Polygon","coordinates":[[[133.41,-12.85],[133.01,-12.08],[133.32,-12.81],[133.41,-12.85]]]},"properties":{"NAME":"Gunwinggu","SUBJECTO":"Gunwinggu","BORDERPRECISION":3}},
{"type":"Feature","geometry":{"type":"Polygon","coordinates":[[[115.82,-25.2],[115.77,-25.17],[115.75,-25.18],[115.44,-25.01],[115.38,-25],[115.37,-24.99],[115.26,-24.97],[115.03,-24.94],[114.87,-24.92],[114.14,-24.67],[113.55,-24.88],[113.75,-25.32],[114.21,-25.77],[114.57,-25.77],[114.73,-25.75],[114.73,-25.71],[115.82,-25.55],[115.81,-25.29],[115.84,-25.23],[115.83,-25.21],[115.82,-25.2]]]},"properties":{"NAME":"Yinggarda","SUBJECTO":"Yinggarda","BORDERPRECISION":3}},
{"type":"Feature","geometry":{"type":"Polygon","coordinates":[[[145.87,-17.19],[145.72,-16.98],[145.59,-17.23],[145.55,-17.24],[145.64,-17.29],[145.82,-17.38],[145.96,-17.43],[145.87,-17.19]]]},"properties":{"NAME":"Yidinjdji","SUBJECTO":"Yidinjdji","BORDERPRECISION":3}},
{"type":"Feature","geometry":{"type":"Polygon","coordinates":[[[133.19,-22.91],[132.63,-22.78],[132.54,-22.8],[132.3,-23.01],[132.28,-23.04],[132.27,-23.04],[132.03,-23.18],[132.03,-23.66],[133.24,-25.44],[133.77,-26.02],[133.79,-26.03],[133.87,-26.08],[134.17,-26.25],[135.07,-27.02],[135.21,-27.18],[135.28,-27.25],[135.37,-27.35],[135.88,-27.37],[136.14,-27.24],[136.19,-27.22],[136.19,-27.2],[136.19,-26.73],[136.27,-26.14],[136.27,-25.09],[136.27,-25.06],[136.16,-24.31],[136.16,-23.3],[136.12,-23.13],[136.1,-23.04],[134.32,-23.02],[133.98,-22.98],[133.84,-22.96],[133.22,-22.92],[133.19,-22.91]]]},"properties":{"NAME":"Arrernte","SUBJECTO":"Arrernte","BORDERPRECISION":3}},
{"type":"Feature","geometry":{"type":"MultiPolygon","coordinates":[[[[142.64,-11.09],[142.34,-10.92],[142.27,-10.99],[142.31,-11.04],[142.41,-11.07],[142.65,-11.1],[142.64,-11.09]]],[[[142.69,-11.18],[142.7,-11.7],[142.69,-11.77],[142.77,-11.74],[142.79,-11.74],[142.8,-11.76],[142.75,-11.32],[142.69,-11.18]]]]},"properties":{"NAME":"Yadhaigana","SUBJECTO":"Yadhaigana","BORDERPRECISION":3}},
{"type":"Feature","geometry":{"type":"Polygon","coordinates":[[[139.13,-34.53],[138.97,-34.6],[138.77,-34.66],[138.79,-34.69],[138.79,-34.86],[138.71,-34.99],[138.65,-35.17],[138.58,-35.34],[139,-35.08],[139.1,-35.08],[139.14,-35],[139.16,-34.73],[139.13,-34.53]]]},"properties":{"NAME":"Peramangk","SUBJECTO":"Peramangk","BORDERPRECISION":3}},
{"type":"Feature","geometry":{"type":"Polygon","coordinates":[[[138.58,-22.11],[138.45,-22.11],[138.25,-22.65],[138.26,-23.29],[138.36,-23.64],[138.36,-23.67],[138.36,-23.92],[138.37,-24.58],[138.37,-24.71],[138.38,-24.71],[138.47,-25.24],[138.59,-25.52],[138.72,-25.74],[138.81,-25.91],[138.85,-25.97],[138.83,-25.97],[138.85,-25.99],[138.86,-26],[138.92,-25.93],[139.11,-25.68],[139.2,-25.55],[139.32,-25.31],[139.35,-25.25],[139.37,-25.22],[139.46,-25.07],[139.6,-24.67],[139.6,-24.65],[139.6,-24.64],[139.49,-24.49],[139.26,-24.27],[138.74,-23.39],[139.06,-22.95],[139.17,-22.63],[139.17,-22.39],[139.2,-22.26],[139.22,-22.16],[139.21,-22.15],[138.74,-22.12],[138.58,-22.11]]]},"properties":{"NAME":"Wangkamana","SUBJECTO":"Wangkamana","BORDERPRECISION":3}},
{"type":"Feature","geometry":{"type":"Polygon","coordinates":[[[132.22,-12.77],[132.3,-12.79],[132.43,-12.75],[132.43,-12.74],[132.41,-12.72],[132.4,-12.33],[132.43,-12.32],[132.18,-12.34],[132.22,-12.34],[132.24,-12.58],[132.22,-12.77]]]},"properties":{"NAME":"Konbudj","SUBJECTO":"Konbudj","BORDERPRECISION":3}},
{"type":"Feature","geometry":{"type":"Polygon","coordinates":[[[147.13,-23.35],[147.19,-23.95],[147.21,-23.99],[147.24,-23.99],[147.43,-24],[147.85,-24.03],[148.21,-24.12],[148.48,-24.37],[148.5,-24.38],[148.54,-24.41],[148.56,-24.42],[148.63,-24.34],[148.73,-24.23],[148.69,-24.19],[148.6,-24.11],[148.51,-23.56],[148.51,-23.55],[148.54,-23.52],[148.53,-23.48],[148.21,-23.04],[148.08,-22.89],[148.05,-22.87],[148.01,-22.85],[148,-22.87],[147.83,-23.06],[147.67,-23.18],[147.37,-23.26],[147.17,-23.33],[147.16,-23.34],[147.13,-23.35]]]},"properties":{"NAME":"Gayiri","SUBJECTO":"Gayiri","BORDERPRECISION":3}},
{"type":"Feature","geometry":{"type":"Polygon","coordinates":[[[137.19,-29.66],[137.54,-29.57],[138.45,-29.6],[138.46,-29.57],[138.48,-29.5],[138.6,-29.17],[138.69,-28.48],[138.43,-28.13],[138.26,-27.86],[138.23,-27.77],[138.18,-27.7],[138.15,-27.66],[138.08,-27.73],[137.43,-27.76],[136.9,-27.84],[136.9,-28.01],[136.89,-28.31],[136.9,-28.52],[137.25,-29.46],[137.27,-29.57],[137.27,-29.63],[137.19,-29.66]]]},"properties":{"NAME":"Dhirari","SUBJECTO":"Dhirari","BORDERPRECISION":3}},
{"type":"Feature","geometry":{"type":"Polygon","coordinates":[[[127.07,-26.58],[127.31,-26.59],[127.43,-26.58],[127.34,-26.53],[127.25,-26.5],[127.05,-26.42],[126.68,-26.24],[125.84,-25.68],[125.52,-25.05],[125.51,-24.62],[125.51,-24.61],[125.51,-24.6],[125.47,-24.57],[125.26,-24.47],[124.27,-24.26],[122.98,-25.42],[122.95,-25.4],[122.97,-25.53],[122.95,-26.03],[122.79,-26.01],[122.78,-26.01],[122.78,-26.03],[122.78,-26.16],[122.89,-26.49],[122.96,-26.56],[123.06,-26.67],[123.16,-26.78],[123.73,-27.16],[124.17,-27.35],[124.36,-27.46],[124.37,-27.47],[124.39,-27.4],[124.49,-27.16],[124.53,-26.85],[124.88,-26.14],[125.49,-25.91],[126.38,-26.44],[126.84,-26.58],[126.95,-26.58],[127.07,-26.58]]]},"properties":{"NAME":"Ngaanyatjarra","SUBJECTO":"Ngaanyatjarra","BORDERPRECISION":3}},
{"type":"Feature","geometry":{"type":"Polygon","coordinates":[[[148.71,-20.85],[148.65,-20.88],[148.69,-20.95],[148.84,-21.16],[149.03,-21.49],[149.07,-21.59],[149.13,-21.59],[149.14,-21.6],[149.18,-21.57],[149.28,-21.54],[149.2,-21.31],[149.1,-21.06],[148.71,-20.85]]]},"properties":{"NAME":"Yuwi","SUBJECTO":"Yuwi","BORDERPRECISION":3}},
{"type":"Feature","geometry":{"type":"Polygon","coordinates":[[[125.67,-17.08],[125.68,-17.07],[125.77,-17],[125.86,-16.93],[125.94,-16.84],[126.53,-16.9],[127.08,-16],[127.3,-16],[127.46,-16],[127.51,-16],[127.52,-16],[127.74,-15.98],[127.85,-15.92],[127.94,-15.87],[128.02,-15.82],[128.11,-15.65],[128.12,-15.58],[128.12,-15.56],[128.12,-15.52],[128.05,-15.45],[128.02,-15.42],[127.83,-15.56],[127.72,-15.46],[127.72,-15.29],[127.66,-15.24],[127.65,-15.23],[127.62,-15.2],[127.44,-15.18],[127.38,-14.7],[127.29,-14.48],[127.28,-14.45],[127.24,-14.44],[126.99,-14.38],[126.75,-14.38],[126.69,-14.38],[126.05,-14.64],[126.03,-14.68],[126,-14.74],[125.95,-14.87],[125.9,-15.31],[125.85,-15.51],[125.75,-15.73],[125.73,-15.77],[125.7,-15.78],[125.56,-15.85],[125,-15.79],[124.82,-15.94],[124.78,-16.24],[124.79,-16.37],[124.8,-16.5],[124.85,-16.53],[125.62,-17.12],[125.67,-17.08]]]},"properties":{"NAME":"Ngarinyin","SUBJECTO":"Ngarinyin","BORDERPRECISION":3}},
{"type":"Feature","geometry":{"type":"Polygon","coordinates":[[[152.89,-27.48],[152.98,-27.28],[152.85,-27.23],[152.81,-27.29],[152.89,-27.48]]]},"properties":{"NAME":"Turrbal","SUBJECTO":"Turrbal","BORDERPRECISION":3}},
{"type":"Feature","geometry":{"type":"Polygon","coordinates":[[[126.27,-17.72],[126.22,-17.73],[126.06,-17.93],[125.96,-18.04],[125.95,-18.05],[125.94,-18.06],[126.49,-18.14],[126.74,-18.48],[126.78,-18.48],[126.81,-18.48],[126.89,-18.48],[127.03,-18.47],[127.55,-18.26],[128.06,-17.94],[128.23,-17.72],[128.29,-17.56],[128.3,-17.55],[128.33,-17.55],[128.43,-17.56],[128.78,-17.66],[128.88,-17.78],[128.98,-17.81],[129,-17.82],[129.06,-17.85],[129.05,-17.83],[129.02,-17.62],[128.89,-17.17],[128.8,-16.7],[128.9,-16.65],[129.11,-16.63],[129.21,-16.63],[129.25,-16.63],[129.27,-16.63],[129.34,-16.46],[129.29,-16.34],[129.27,-16.32],[129.22,-16.27],[129.17,-16.23],[129.01,-16.14],[128.08,-15.88],[127.94,-15.87],[127.85,-15.92],[127.74,-15.98],[127.52,-16],[127.51,-16],[127.46,-16.04],[127.41,-16.08],[127.32,-16.67],[127.5,-17.2],[127.34,-17.33],[126.45,-17.69],[126.31,-17.71],[126.27,-17.72]]]},"properties":{"NAME":"Kija","SUBJECTO":"Kija","BORDERPRECISION":3}},
{"type":"Feature","geometry":{"type":"Polygon","coordinates":[[[131.34,-13.63],[131.01,-14.84],[131.97,-14.65],[131.34,-13.63]]]},"properties":{"NAME":"Wagiman","SUBJECTO":"Wagiman","BORDERPRECISION":3}},
{"type":"Feature","geometry":{"type":"Polygon","coordinates":[[[141.91,-12.11],[141.9,-12.1],[141.86,-12.1],[141.86,-12.11],[141.82,-12.16],[141.84,-12.17],[141.9,-12.18],[141.93,-12.18],[141.93,-12.15],[141.92,-12.13],[141.92,-12.12],[141.91,-12.11]]]},"properties":{"NAME":"Yupangathi","SUBJECTO":"Yupangathi","BORDERPRECISION":3}},
{"type":"Feature","geometry":{"type":"Polygon","coordinates":[[[132.34,-12.98],[132.35,-12.96],[132.41,-12.99],[132.67,-13.02],[132.71,-12.91],[132.71,-12.81],[132.72,-12.81],[132.71,-12.8],[132.41,-12.8],[132.34,-12.98]]]},"properties":{"NAME":"Ngombur","SUBJECTO":"Ngombur","BORDERPRECISION":3}},
{"type":"Feature","geometry":{"type":"Polygon","coordinates":[[[136.91,-22.58],[137.07,-22.39],[137.04,-21.84],[137.02,-21.71],[137.01,-21.65],[136.98,-21.41],[136.89,-21.06],[136.72,-20.89],[136.68,-20.85],[136.56,-20.74],[136.38,-20.72],[136.29,-20.76],[136.25,-20.77],[135.88,-20.94],[134.67,-21.8],[134.41,-22.13],[134.1,-22.31],[134.02,-22.35],[133.99,-22.37],[133.95,-22.84],[133.96,-22.89],[133.98,-22.98],[134.32,-23.02],[136.1,-23.04],[136.12,-23.13],[136.49,-23.06],[136.91,-22.58]]]},"properties":{"NAME":"Alyawarre","SUBJECTO":"Alyawarre","BORDERPRECISION":3}},
{"type":"Feature","geometry":{"type":"Polygon","coordinates":[[[145.34,-17.26],[145.43,-17.18],[145.49,-17.19],[145.53,-17.23],[145.54,-17.24],[145.55,-17.24],[145.59,-17.23],[145.72,-16.98],[145.69,-16.93],[145.45,-16.6],[145.27,-16.82],[145.27,-17.1],[145.27,-17.11],[145.32,-17.24],[145.34,-17.26]]]},"properties":{"NAME":"Djabuganjdji","SUBJECTO":"Djabuganjdji","BORDERPRECISION":3}},
{"type":"Feature","geometry":{"type":"Polygon","coordinates":[[[149.96,-32.44],[150.18,-32.38],[150.56,-32.26],[150.85,-32.26],[151.3,-32.43],[151.56,-32.5],[151.6,-32.52],[151.61,-32.52],[151.71,-32.22],[151.79,-32.05],[151.77,-32.04],[151.56,-31.74],[151.44,-31.66],[151.35,-31.64],[151.29,-31.64],[150.86,-31.78],[150.28,-31.89],[149.96,-32.02],[149.72,-32.1],[149.85,-32.25],[149.94,-32.41],[149.96,-32.44]]]},"properties":{"NAME":"Geawegal","SUBJECTO":"Geawegal","BORDERPRECISION":3}},
{"type":"Feature","geometry":{"type":"Polygon","coordinates":[[[134.65,-17.69],[134.66,-17.69],[134.69,-17.69],[134.97,-17.64],[135.19,-17.64],[135.45,-17.64],[135.47,-17.63],[135.58,-17.56],[135.62,-17.54],[135.97,-17.16],[136.03,-16.95],[136.03,-16.86],[136.03,-16.81],[136.03,-16.77],[135.67,-16.46],[135.46,-16.37],[135.45,-16.36],[135.4,-16.36],[134.91,-16.91],[134.7,-17.08],[134.67,-17.09],[134.66,-17.11],[134.49,-17.2],[134.51,-17.24],[134.51,-17.54],[134.45,-17.78],[134.57,-17.72],[134.62,-17.7],[134.65,-17.69]]]},"properties":{"NAME":"Ngandji","SUBJECTO":"Ngandji","BORDERPRECISION":3}},
{"type":"Feature","geometry":{"type":"MultiPolygon","coordinates":[[[[144.71,-31.56],[144.49,-31.78],[144.28,-32.36],[144.22,-32.75],[144.23,-32.86],[144.34,-32.86],[144.87,-32.88],[144.95,-32.6],[146.01,-32.03],[146.69,-31.78],[147.13,-31.7],[147.25,-31.68],[147.21,-31.6],[147.19,-31.18],[146.99,-30.57],[146.31,-30.13],[146.26,-30.02],[146.25,-30],[146.21,-29.95],[145.97,-29.95],[145.68,-30.09],[145.6,-30.17],[145.54,-30.22],[145.51,-30.23],[145.21,-30.31],[145,-30.28],[144.99,-30.27],[144.95,-30.27],[144.91,-30.47],[145.12,-30.78],[144.85,-31.41],[144.8,-31.46],[144.73,-31.53],[144.71,-31.56]]],[[[144.27,-32.96],[144.31,-32.96],[144.31,-32.95],[144.29,-32.93],[144.23,-32.86],[144.24,-32.94],[144.24,-32.95],[144.27,-32.96]]]]},"properties":{"NAME":"Wongaibon","SUBJECTO":"Wongaibon","BORDERPRECISION":3}},
{"type":"Feature","geometry":{"type":"Polygon","coordinates":[[[145.96,-28.04],[146,-28.11],[146.2,-28.34],[146.72,-28.77],[147.4,-29.04],[147.44,-29.04],[147.44,-29.03],[147.47,-29.03],[147.75,-28.99],[147.81,-28.96],[147.91,-28.85],[148.12,-28.64],[148.27,-28.46],[148.39,-28.29],[148.38,-28.27],[147.59,-27.75],[146.31,-27.17],[145.81,-27.55],[145.81,-27.58],[145.81,-27.64],[145.83,-27.7],[145.86,-27.87],[145.95,-28.02],[145.96,-28.04]]]},"properties":{"NAME":"Kooma","SUBJECTO":"Kooma","BORDERPRECISION":3}},
{"type":"Feature","geometry":{"type":"Polygon","coordinates":[[[141.82,-12.6],[141.83,-12.62],[142.01,-12.54],[142.05,-12.54],[142.04,-12.52],[142.04,-12.5],[142.03,-12.42],[142,-12.34],[141.99,-12.25],[141.99,-12.19],[141.99,-12.18],[141.94,-12.18],[141.93,-12.18],[141.9,-12.18],[141.84,-12.17],[141.82,-12.16],[141.81,-12.18],[141.69,-12.38],[141.68,-12.47],[141.82,-12.6]]]},"properties":{"NAME":"Anguthimri","SUBJECTO":"Anguthimri","BORDERPRECISION":3}},
{"type":"Feature","geometry":{"type":"Polygon","coordinates":[[[145.45,-28.97],[145.6,-28.98],[145.61,-28.97],[145.56,-28.93],[145.57,-28.92],[145.77,-28.58],[145.91,-28.25],[145.95,-28.06],[145.95,-28.02],[145.86,-27.87],[145.83,-27.7],[145.81,-27.64],[145.81,-27.58],[145.69,-27.56],[145.32,-27.48],[145.28,-27.49],[145.34,-27.64],[145.27,-27.96],[144.94,-28.09],[144.9,-28.08],[144.86,-28.08],[144.78,-28.26],[144.71,-28.52],[144.6,-28.73],[144.57,-28.77],[144.69,-28.79],[145.04,-28.85],[145.43,-28.9],[145.48,-28.9],[145.45,-28.97]]]},"properties":{"NAME":"Kunja","SUBJECTO":"Kunja","BORDERPRECISION":3}},
{"type":"Feature","geometry":{"type":"Polygon","coordinates":[[[132.63,-11.75],[132.78,-11.58],[132.38,-11.3],[132.3,-11.5],[132.63,-11.75]]]},"properties":{"NAME":"Iwaidja","SUBJECTO":"Iwaidja","BORDERPRECISION":3}},
{"type":"Feature","geometry":{"type":"Polygon","coordinates":[[[138.77,-32.06],[138.8,-32.15],[139.41,-32.09],[139.71,-32.09],[139.97,-32.07],[139.99,-32.07],[140.06,-32.07],[140.16,-32.07],[140.15,-31.98],[140.14,-31.88],[140.12,-31.75],[140.03,-31.31],[139.88,-30.81],[140.02,-30.33],[140.05,-30.23],[140.06,-30.18],[140.09,-30.12],[140.14,-30.02],[140.14,-29.79],[140.22,-29.56],[139.98,-29.52],[139.72,-29.51],[139.63,-29.5],[139.59,-29.5],[139.57,-29.51],[139.49,-29.54],[139.49,-29.55],[139.43,-29.57],[138.51,-30.58],[138.43,-31.11],[138.47,-31.48],[138.53,-31.57],[138.56,-31.69],[138.63,-31.72],[138.65,-31.73],[138.84,-32.03],[138.79,-32.06],[138.77,-32.06]]]},"properties":{"NAME":"Andyamathanha","SUBJECTO":"Andyamathanha","BORDERPRECISION":3}},
{"type":"Feature","geometry":{"type":"Polygon","coordinates":[[[132.72,-12.81],[132.71,-12.81],[132.71,-12.91],[132.67,-13.02],[132.41,-12.99],[132.35,-12.96],[132.34,-12.98],[132.32,-13.05],[132.29,-13.07],[132.66,-13.2],[132.85,-13.03],[132.83,-12.82],[132.76,-12.8],[132.72,-12.81]]]},"properties":{"NAME":"Mbukarla","SUBJECTO":"Mbukarla","BORDERPRECISION":3}},
{"type":"Feature","geometry":{"type":"Polygon","coordinates":[[[115.84,-23.85],[115.8,-23.87],[115.77,-24],[115.64,-24.22],[115.52,-24.62],[115.48,-24.7],[115.42,-24.89],[115.38,-25],[115.44,-25.01],[115.75,-25.18],[115.77,-25.17],[115.82,-25.2],[115.85,-25.2],[115.89,-25.11],[116.06,-24.97],[116.14,-24.76],[116.29,-24.65],[116.34,-24.62],[116.37,-24.56],[116.35,-24.46],[116.43,-23.98],[116.27,-23.88],[115.89,-23.86],[115.84,-23.85]]]},"properties":{"NAME":"Warriyangga","SUBJECTO":"Warriyangga","BORDERPRECISION":3}},
{"type":"Feature","geometry":{"type":"Polygon","coordinates":[[[143.97,-19.59],[143.89,-19.49],[143.65,-19.11],[143.51,-18.7],[143.49,-18.53],[143.39,-18.59],[143.13,-18.69],[143.03,-18.73],[143.02,-18.82],[142.94,-18.81],[142.95,-18.95],[142.94,-19.21],[142.85,-19.43],[142.9,-19.46],[142.91,-19.46],[143.56,-19.57],[143.95,-19.58],[143.97,-19.59]]]},"properties":{"NAME":"Yanga","SUBJECTO":"Yanga","BORDERPRECISION":3}},
{"type":"Feature","geometry":{"type":"Polygon","coordinates":[[[148.63,-20.86],[148.65,-20.88],[148.71,-20.85],[148.71,-20.84],[148.7,-20.2],[148.19,-20.17],[148.18,-20.17],[148.3,-20.27],[148.59,-20.79],[148.63,-20.86]]]},"properties":{"NAME":"Giya","SUBJECTO":"Giya","BORDERPRECISION":3}},
{"type":"Feature","geometry":{"type":"Polygon","coordinates":[[[132.67,-12.76],[132.71,-12.74],[132.69,-12.66],[132.67,-12.58],[132.73,-12.22],[132.63,-12.27],[132.43,-12.32],[132.4,-12.33],[132.41,-12.72],[132.43,-12.74],[132.48,-12.79],[132.63,-12.79],[132.67,-12.76]]]},"properties":{"NAME":"Gagudju","SUBJECTO":"Gagudju","BORDERPRECISION":3}},
{"type":"Feature","geometry":{"type":"Polygon","coordinates":[[[139.1,-35.08],[139,-35.08],[138.58,-35.34],[138.56,-35.35],[138.49,-35.4],[138.23,-35.73],[138.94,-35.7],[140.22,-37.08],[140.63,-37.07],[140.72,-36.9],[140.72,-36.89],[140.68,-36.86],[140.24,-36.84],[140.17,-36.54],[140.13,-36.33],[140.09,-36.33],[140,-36.32],[139.48,-35.29],[139.38,-35.22],[139.41,-35.19],[139.31,-35.17],[139.1,-35.14],[139.06,-35.14],[139.1,-35.08]]]},"properties":{"NAME":"Ngarrindjeri","SUBJECTO":"Ngarrindjeri","BORDERPRECISION":3}},
{"type":"Feature","geometry":{"type":"Polygon","coordinates":[[[122.93,-16.73],[122.87,-16.66],[122.76,-16.6],[122.73,-16.72],[122.76,-16.74],[122.79,-16.74],[122.86,-16.73],[122.93,-16.73]]]},"properties":{"NAME":"Bardi","SUBJECTO":"Bardi","BORDERPRECISION":3}},
{"type":"Feature","geometry":{"type":"Polygon","coordinates":[[[133.4,-11.88],[133.14,-11.7],[133.08,-11.86],[133.4,-11.88]]]},"properties":{"NAME":"Maung","SUBJECTO":"Maung","BORDERPRECISION":3}},
{"type":"Feature","geometry":{"type":"Polygon","coordinates":[[[118.69,-20.34],[118.62,-20.37],[118.81,-20.62],[118.8,-20.99],[118.64,-21.54],[118.64,-21.6],[118.65,-21.64],[118.65,-21.71],[118.89,-21.84],[118.96,-21.98],[119.03,-22.01],[119.12,-22.04],[120.4,-22.09],[120.95,-22.16],[121.07,-22.23],[121.1,-22.2],[121.08,-22.11],[121.12,-22.06],[121.15,-22.02],[121.19,-22.02],[121.14,-21.95],[120.9,-20.98],[120.22,-20.52],[120.03,-20.28],[119.96,-20.14],[119.94,-20.12],[119.93,-20.11],[119.83,-20.26],[119.64,-20.39],[118.83,-20.14],[118.81,-20.17],[118.73,-20.32],[118.69,-20.34]]]},"properties":{"NAME":"Nyamal","SUBJECTO":"Nyamal","BORDERPRECISION":3}},
{"type":"Feature","geometry":{"type":"Polygon","coordinates":[[[138.93,-26.15],[138.99,-26.19],[139.13,-26.19],[139.47,-26.2],[139.78,-26.28],[140.2,-26.28],[140.36,-26.23],[140.43,-26.08],[140.5,-25.95],[140.42,-25.92],[140.48,-25.72],[140.58,-25.53],[140.6,-25.49],[140.5,-25.42],[139.86,-25.19],[139.48,-25.2],[139.37,-25.22],[139.35,-25.25],[139.32,-25.31],[139.2,-25.55],[139.11,-25.68],[138.92,-25.93],[138.86,-26],[138.85,-25.99],[138.86,-26.1],[138.93,-26.15]]]},"properties":{"NAME":"Yarluyandi","SUBJECTO":"Yarluyandi","BORDERPRECISION":3}},
{"type":"Feature","geometry":{"type":"Polygon","coordinates":[[[147.26,-19.91],[147.35,-19.91],[147.67,-19.93],[147.74,-19.95],[147.97,-20.1],[147.47,-19.65],[147.26,-19.89],[147.26,-19.91]]]},"properties":{"NAME":"Yuru","SUBJECTO":"Yuru","BORDERPRECISION":3}},
{"type":"Feature","geometry":{"type":"Polygon","coordinates":[[[129.99,-14.43],[130,-14.43],[130.02,-14.41],[129.98,-14.38],[129.93,-14.36],[129.9,-14.37],[129.87,-14.33],[129.86,-14.2],[129.87,-14.13],[129.89,-14.1],[129.88,-14.1],[129.88,-14.09],[129.87,-14.05],[129.9,-13.99],[129.87,-13.98],[129.76,-14.01],[129.76,-14.02],[129.6,-14.17],[129.65,-14.34],[129.81,-14.45],[129.92,-14.43],[129.99,-14.43]]]},"properties":{"NAME":"Marringarr","SUBJECTO":"Marringarr","BORDERPRECISION":3}},
{"type":"Feature","geometry":{"type":"MultiPolygon","coordinates":[[[[150,-24.92],[150.01,-24.96],[150.01,-25.38],[150.05,-25.62],[150.04,-25.69],[150.09,-25.7],[150.23,-25.69],[150.56,-25.66],[150.75,-25.65],[150.71,-25.6],[150.61,-25.12],[150.6,-24.93],[150.61,-24.79],[150.58,-24.8],[150.12,-24.92],[150,-24.92]]],[[[149.94,-24.93],[149.94,-24.94],[149.99,-24.93],[149.94,-24.93]]]]},"properties":{"NAME":"Wuli-wuli","SUBJECTO":"Wuli-wuli","BORDERPRECISION":3}},
{"type":"Feature","geometry":{"type":"Polygon","coordinates":[[[143.04,-34.85],[143.04,-34.86],[143.24,-35.01],[143.32,-35.24],[143.34,-35.31],[143.49,-35.31],[143.71,-35.26],[143.94,-35.08],[144.04,-34.94],[144.05,-34.92],[144.01,-34.85],[143.89,-34.83],[143.71,-34.75],[143.46,-34.73],[143.39,-34.67],[143.38,-34.67],[143.29,-34.67],[143.01,-34.8],[143.04,-34.85]]]},"properties":{"NAME":"Wadi Wadi","SUBJECTO":"Wadi Wadi","BORDERPRECISION":3}},
{"type":"Feature","geometry":{"type":"Polygon","coordinates":[[[115.14,-34.4],[115.65,-34.6],[116,-34.94],[116.43,-35.05],[116.56,-34.84],[116.18,-34.17],[115.96,-33.67],[115.37,-34.08],[115.14,-34.4]]]},"properties":{"NAME":"Bibbulman","SUBJECTO":"Bibbulman","BORDERPRECISION":3}},
{"type":"Feature","geometry":{"type":"Polygon","coordinates":[[[147.73,-21.82],[147.54,-21.82],[147.28,-21.82],[146.86,-21.87],[146.79,-21.87],[146.82,-21.92],[146.84,-22.16],[146.78,-22.33],[146.99,-22.34],[147.14,-22.4],[147.24,-22.49],[147.26,-22.51],[147.46,-22.48],[147.61,-22.48],[147.71,-22.48],[147.7,-22.44],[147.7,-22.43],[147.76,-22.27],[147.73,-22.03],[147.73,-21.9],[147.73,-21.82]]]},"properties":{"NAME":"Yambina","SUBJECTO":"Yambina","BORDERPRECISION":3}},
{"type":"Feature","geometry":{"type":"Polygon","coordinates":[[[126,-14.69],[126.03,-14.68],[126.05,-14.64],[126.69,-14.38],[126.75,-14.38],[126.69,-14.35],[126.62,-14.2],[126.64,-14.15],[126.1,-14.2],[125.97,-14.48],[126,-14.54],[126,-14.65],[126,-14.69]]]},"properties":{"NAME":"Gamberre","SUBJECTO":"Gamberre","BORDERPRECISION":3}},
{"type":"Feature","geometry":{"type":"Polygon","coordinates":[[[125.51,-24.61],[125.51,-24.62],[125.52,-25.05],[125.84,-25.68],[126.68,-26.24],[127.05,-26.42],[127.25,-26.5],[127.34,-26.53],[127.36,-26.54],[127.68,-26.48],[128.21,-26],[128.57,-26],[128.85,-26.01],[128.92,-26.01],[129.02,-25.9],[129.07,-25.85],[129.03,-24.8],[128.89,-24.43],[128.88,-24.42],[128.87,-24.4],[128.5,-24.27],[128.14,-24.13],[127.97,-24.06],[128.01,-24.11],[126.16,-24.23],[125.61,-24.64],[125.53,-24.6],[125.51,-24.61]]]},"properties":{"NAME":"Ngatatjara","SUBJECTO":"Ngatatjara","BORDERPRECISION":3}},
{"type":"Feature","geometry":{"type":"Polygon","coordinates":[[[121,-23.3],[120.98,-23.28],[119.81,-23.37],[119.67,-23.4],[119.64,-23.4],[119.62,-23.4],[119.62,-23.46],[119.62,-23.51],[119.63,-23.53],[119.7,-23.66],[119.81,-23.94],[119.88,-24.43],[119.83,-24.71],[119.72,-24.93],[119.65,-25.02],[119.58,-25.13],[119.32,-25.33],[119.13,-25.43],[119.01,-25.55],[118.95,-25.65],[118.93,-25.74],[118.92,-25.79],[118.91,-25.81],[119.23,-25.81],[119.64,-26],[120.61,-26.31],[120.78,-26.41],[120.79,-26.42],[120.83,-26.43],[121.03,-26.49],[121.94,-26.1],[122.5,-26.01],[122.62,-26.01],[122.78,-26.01],[122.79,-26.01],[122.95,-26.03],[122.97,-25.53],[122.95,-25.4],[122.91,-25.37],[122.87,-25.33],[122.84,-25.3],[122.26,-24.8],[121.95,-24.53],[120.97,-23.44],[120.96,-23.39],[120.95,-23.36],[121,-23.3]]]},"properties":{"NAME":"Wawula","SUBJECTO":"Wawula","BORDERPRECISION":3}},
{"type":"Feature","geometry":{"type":"Polygon","coordinates":[[[123.29,-21.36],[123.56,-21.05],[123.71,-20.9],[123.84,-20.75],[123.84,-20.68],[123.84,-20.53],[123.84,-20.42],[123.8,-20.04],[123.15,-19.13],[122.76,-19.03],[122.74,-19.03],[122.49,-18.96],[121.84,-18.84],[121.54,-18.79],[119.93,-20.08],[119.94,-20.12],[119.96,-20.14],[120.03,-20.28],[120.22,-20.52],[120.9,-20.98],[121.14,-21.95],[121.19,-22.02],[121.22,-22.01],[121.33,-21.99],[122.54,-22.41],[123.17,-21.38],[123.27,-21.37],[123.29,-21.36]]]},"properties":{"NAME":"Nyangumarda","SUBJECTO":"Nyangumarda","BORDERPRECISION":3}},
{"type":"Feature","geometry":{"type":"Polygon","coordinates":[[[138.49,-22.04],[138.58,-22.07],[138.74,-22.12],[139.21,-22.15],[139.22,-22.16],[139.22,-22.15],[139.24,-22.13],[139.26,-22.08],[139.26,-21.52],[139.26,-21.51],[139.21,-21.54],[139.15,-21.58],[139.14,-21.19],[139.09,-20.97],[139.08,-20.96],[139.09,-21],[138.93,-21.27],[137.97,-21.74],[137.96,-21.74],[138.07,-21.84],[138.38,-21.95],[138.49,-22.04]]]},"properties":{"NAME":"Warluwarra","SUBJECTO":"Warluwarra","BORDERPRECISION":3}},
{"type":"Feature","geometry":{"type":"Polygon","coordinates":[[[139.99,-20.08],[140.01,-20.1],[140.02,-20.11],[140.06,-20.11],[140.08,-20.15],[140.09,-20.18],[140.09,-20.19],[140.21,-20.15],[140.9,-19.46],[141.11,-19.4],[141.11,-19.36],[141.11,-19.23],[141,-18.63],[140.9,-18.31],[140.86,-18.24],[140.83,-18.17],[140.79,-18.27],[140.63,-18.5],[140.09,-18.4],[140.04,-18.41],[139.9,-18.45],[139.9,-18.49],[139.93,-18.79],[140.02,-19.03],[140.01,-19.85],[139.99,-20.08]]]},"properties":{"NAME":"Mayi-Yapi","SUBJECTO":"Mayi-Yapi","BORDERPRECISION":3}},
{"type":"Feature","geometry":{"type":"Polygon","coordinates":[[[147.26,-19.91],[147.22,-19.91],[147.27,-20.09],[147.22,-20.51],[147.16,-20.55],[147.14,-20.57],[147.21,-20.67],[147.33,-20.85],[147.59,-21.18],[147.78,-21.36],[147.72,-21.57],[147.74,-21.58],[147.78,-21.59],[147.84,-21.6],[147.99,-21.66],[148.4,-21.66],[148.59,-21.66],[148.61,-21.66],[148.85,-21.66],[149.02,-21.64],[149.06,-21.64],[149.09,-21.63],[149.09,-21.62],[149.07,-21.59],[149.03,-21.49],[148.84,-21.16],[148.69,-20.95],[148.65,-20.88],[148.63,-20.86],[148.59,-20.79],[148.3,-20.27],[148.18,-20.17],[148.09,-20.14],[147.97,-20.1],[147.74,-19.95],[147.67,-19.93],[147.35,-19.91],[147.26,-19.91]]]},"properties":{"NAME":"Biri","SUBJECTO":"Biri","BORDERPRECISION":3}},
{"type":"Feature","geometry":{"type":"Polygon","coordinates":[[[150.28,-28.46],[149.63,-28.8],[148.38,-28.88],[147.89,-28.97],[147.78,-28.98],[147.75,-28.99],[147.47,-29.03],[147.44,-29.03],[147.44,-29.04],[147.44,-29.13],[147.28,-29.34],[147,-29.55],[146.84,-29.85],[146.84,-29.86],[146.81,-29.9],[146.85,-29.94],[146.89,-29.98],[146.93,-30],[147.07,-30.07],[148.04,-30.04],[148.45,-30.64],[148.64,-30.61],[149.18,-31.26],[149.19,-31.39],[149.14,-31.51],[149.04,-31.78],[149.17,-31.84],[149.66,-32.03],[149.7,-32.08],[149.72,-32.1],[149.96,-32.02],[150.28,-31.89],[150.86,-31.78],[151.29,-31.64],[151.35,-31.64],[151.42,-31.63],[151.43,-31.61],[151.46,-31.46],[151.34,-31.16],[151.31,-31.11],[151.22,-30.98],[151.06,-30.81],[150.97,-30.65],[150.96,-30.34],[151,-29.89],[151,-29.84],[151,-29.8],[151,-29.72],[150.97,-28.78],[150.93,-28.73],[150.88,-28.66],[150.81,-28.55],[150.68,-28.41],[150.28,-28.46]]]},"properties":{"NAME":"Kamilaroi","SUBJECTO":"Kamilaroi","BORDERPRECISION":3}},
{"type":"Feature","geometry":{"type":"Polygon","coordinates":[[[142.94,-17.25],[143,-17.33],[143.04,-17.38],[143.11,-17.41],[143.13,-17.42],[143.26,-17.48],[143.38,-17.6],[143.45,-17.99],[143.46,-18.35],[143.48,-18.49],[143.48,-18.5],[143.49,-18.53],[143.51,-18.7],[143.65,-19.11],[143.89,-19.49],[143.97,-19.59],[143.99,-19.61],[144.01,-19.63],[144.06,-19.61],[144.22,-19.55],[144.27,-19.47],[144.43,-19.26],[144.49,-19.04],[144.48,-18.51],[144.48,-18.5],[144.47,-18.43],[144.49,-18.33],[144.49,-18.18],[144.65,-17.55],[144.77,-17.55],[144.81,-17.55],[144.78,-17.44],[144.76,-17.43],[144.72,-17.41],[144.59,-17.32],[144.37,-17.12],[143.94,-16.49],[143.89,-16.49],[143.88,-16.49],[143.7,-16.49],[143.53,-16.59],[143.51,-16.61],[143.54,-16.64],[143.5,-16.69],[143.45,-16.73],[143.37,-16.86],[142.97,-17.2],[142.95,-17.24],[142.94,-17.25]]]},"properties":{"NAME":"Agwarmin","SUBJECTO":"Agwarmin","BORDERPRECISION":3}},
{"type":"Feature","geometry":{"type":"Polygon","coordinates":[[[149.5,-37.04],[149.82,-37.1],[149.93,-37.1],[149.95,-37.08],[149.98,-37.05],[150.48,-35.47],[150.8,-35.15],[150.82,-35.11],[150.8,-35.09],[150.7,-35.08],[150.36,-34.94],[150.33,-34.93],[150.26,-34.92],[150.23,-34.92],[150.08,-34.96],[149.85,-35.1],[149.65,-35.21],[149.64,-35.22],[149.62,-35.23],[149.48,-35.31],[149.44,-35.33],[149.44,-35.37],[149.49,-35.37],[149.51,-35.37],[149.59,-35.38],[149.49,-35.84],[149.49,-36.32],[149.5,-36.7],[149.5,-36.98],[149.5,-37.04]]]},"properties":{"NAME":"Yuin","SUBJECTO":"Yuin","BORDERPRECISION":3}},
{"type":"Feature","geometry":{"type":"Polygon","coordinates":[[[146.55,-21.6],[146.55,-21.66],[146.68,-21.88],[146.79,-21.87],[146.86,-21.87],[147.28,-21.82],[147.54,-21.82],[147.73,-21.82],[147.78,-21.82],[147.79,-21.76],[147.78,-21.59],[147.74,-21.58],[147.72,-21.57],[147.78,-21.36],[147.59,-21.18],[147.33,-20.85],[147.21,-20.67],[147.14,-20.57],[147.06,-20.62],[146.93,-20.55],[146.92,-20.55],[146.85,-20.64],[146.57,-20.69],[146.54,-20.93],[146.57,-21.36],[146.59,-21.52],[146.59,-21.53],[146.61,-21.6],[146.55,-21.6]]]},"properties":{"NAME":"Yangga","SUBJECTO":"Yangga","BORDERPRECISION":3}},
{"type":"Feature","geometry":{"type":"Polygon","coordinates":[[[149.63,-27.27],[149.51,-27.3],[149.42,-27.33],[149.39,-27.46],[149.38,-27.73],[149.41,-27.79],[149.51,-27.97],[148.41,-28.26],[148.39,-28.29],[148.27,-28.46],[148.12,-28.64],[147.91,-28.85],[147.81,-28.96],[147.78,-28.98],[147.89,-28.97],[148.38,-28.88],[149.63,-28.8],[150.28,-28.46],[150.68,-28.41],[150.81,-28.55],[150.88,-28.66],[150.93,-28.73],[150.93,-28.72],[150.96,-28.7],[150.91,-28.66],[150.91,-28.51],[150.8,-28.02],[150.83,-27.64],[150.97,-27.54],[150.97,-27.53],[150.89,-27.55],[150.87,-27.5],[150.86,-27.47],[150.85,-27.36],[150.56,-27.21],[150.08,-27.2],[149.79,-27.24],[149.63,-27.27]]]},"properties":{"NAME":"Bigambul","SUBJECTO":"Bigambul","BORDERPRECISION":3}},
{"type":"Feature","geometry":{"type":"Polygon","coordinates":[[[133.86,-14.89],[133.82,-14.94],[133.76,-15.02],[133.69,-15.07],[133.63,-15.11],[133.48,-16.21],[133.51,-16.24],[133.66,-16.38],[133.87,-16.56],[134.31,-16.97],[134.45,-17.21],[134.48,-17.2],[134.67,-17.09],[134.7,-17.08],[134.91,-16.91],[135.4,-16.36],[135.4,-16.33],[135.42,-16.05],[135.43,-15.84],[135.44,-15.77],[135.43,-15.57],[135.38,-15.4],[135.23,-15.28],[134.96,-15.18],[134.91,-15.16],[134.9,-15.16],[134.73,-15.11],[134.3,-14.8],[134.15,-14.72],[134.14,-14.72],[134.07,-14.74],[133.93,-14.77],[133.9,-14.84],[133.86,-14.89]]]},"properties":{"NAME":"Alawa","SUBJECTO":"Alawa","BORDERPRECISION":3}},
{"type":"Feature","geometry":{"type":"Polygon","coordinates":[[[140.98,-38.09],[142.51,-38.41],[141.42,-37.64],[141.23,-37.77],[141.25,-38.06],[141.17,-38.05],[141.1,-38.02],[140.98,-38.09]]]},"properties":{"NAME":"Gunditjmara","SUBJECTO":"Gunditjmara","BORDERPRECISION":3}},
{"type":"Feature","geometry":{"type":"Polygon","coordinates":[[[145.8,-35.99],[145.77,-36],[145.77,-36.05],[145.79,-36.09],[145.82,-36.11],[146.09,-36.49],[146.53,-36.92],[146.66,-36.99],[146.95,-37.02],[146.95,-37.06],[146.99,-37.06],[147.18,-37],[147.19,-37.01],[147.23,-36.95],[147.29,-36.77],[147.29,-36.57],[147.29,-36.53],[147.27,-36.36],[147.23,-36.13],[147.21,-36.1],[146.95,-36.12],[146.18,-36.08],[145.82,-35.99],[145.8,-35.99]]]},"properties":{"NAME":"Waveroo","SUBJECTO":"Waveroo","BORDERPRECISION":3}},
{"type":"Feature","geometry":{"type":"Polygon","coordinates":[[[144.76,-34.68],[144.7,-34.66],[144.55,-34.66],[144.1,-34.81],[144.1,-34.82],[144.05,-34.92],[144.04,-34.94],[143.94,-35.08],[143.71,-35.26],[143.49,-35.31],[143.34,-35.31],[143.35,-35.34],[143.36,-35.36],[143.43,-35.56],[143.56,-35.75],[143.68,-35.8],[143.73,-35.8],[143.82,-35.72],[144.21,-35.43],[144.38,-35.31],[144.4,-35.29],[144.54,-35.16],[144.66,-35.03],[144.76,-34.9],[144.84,-34.76],[144.85,-34.78],[144.86,-34.77],[144.8,-34.69],[144.76,-34.68]]]},"properties":{"NAME":"Wemba Wemba","SUBJECTO":"Wemba Wemba","BORDERPRECISION":3}},
{"type":"Feature","geometry":{"type":"Polygon","coordinates":[[[132.33,-16.11],[133.1,-14.96],[132.46,-14.98],[132.32,-15.96],[132.33,-16.11]]]},"properties":{"NAME":"Yangman","SUBJECTO":"Yangman","BORDERPRECISION":3}},
{"type":"Feature","geometry":{"type":"Polygon","coordinates":[[[150.88,-25.67],[150.85,-25.64],[150.83,-25.64],[150.75,-25.65],[150.56,-25.66],[150.23,-25.69],[150.09,-25.7],[150.04,-25.69],[150,-25.68],[150,-25.69],[149.99,-25.85],[149.98,-25.89],[149.98,-25.91],[149.97,-25.99],[149.85,-26.1],[149.53,-26.13],[149.49,-26.18],[149.42,-26.29],[149.42,-26.32],[149.42,-26.48],[149.32,-26.84],[149.27,-27.38],[149.42,-27.33],[149.51,-27.3],[149.63,-27.27],[149.79,-27.24],[150.08,-27.2],[150.56,-27.21],[150.85,-27.36],[150.86,-27.47],[150.87,-27.5],[150.89,-27.55],[150.97,-27.53],[150.99,-27.52],[151.06,-27.53],[151.18,-27.78],[151.33,-27.84],[151.35,-27.84],[151.51,-27.84],[152.43,-27.77],[151.97,-26.83],[151.58,-26.63],[151.47,-26.24],[151.24,-25.97],[151.03,-25.78],[150.88,-25.67]]]},"properties":{"NAME":"Barunggam","SUBJECTO":"Barunggam","BORDERPRECISION":3}},
{"type":"Feature","geometry":{"type":"Polygon","coordinates":[[[134.26,-32.88],[134.84,-32.44],[134.93,-32.38],[134.94,-32.37],[135.36,-32.12],[135.66,-31.96],[136.05,-31.81],[136.03,-31.8],[136.01,-31.78],[135.87,-31.6],[134.95,-31.08],[133.23,-30.5],[131.85,-30.37],[131.44,-30.25],[131.41,-30.24],[131.37,-30.23],[131.29,-30.28],[131.04,-30.64],[131.24,-30.81],[131.11,-31.46],[131.36,-31.67],[134.26,-32.88]]]},"properties":{"NAME":"Wirangu","SUBJECTO":"Wirangu","BORDERPRECISION":3}},
{"type":"Feature","geometry":{"type":"Polygon","coordinates":[[[150.75,-24.14],[150.94,-24.05],[151.17,-23.92],[150.8,-23.6],[150.8,-23.56],[150.78,-23.57],[150.64,-23.66],[150.57,-23.7],[150.6,-23.75],[150.74,-24.12],[150.75,-24.14]]]},"properties":{"NAME":"Bayali","SUBJECTO":"Bayali","BORDERPRECISION":3}},
{"type":"Feature","geometry":{"type":"Polygon","coordinates":[[[142.61,-20.66],[142.66,-20.66],[142.88,-20.6],[142.93,-20.58],[142.6,-20.25],[142.48,-20.12],[142.98,-19.51],[142.92,-19.47],[142.9,-19.46],[142.85,-19.43],[142.85,-19.45],[142.82,-19.51],[142.26,-19.31],[141.47,-19.29],[141.14,-19.39],[141.12,-19.4],[141.14,-19.6],[141.17,-19.79],[141.25,-20],[141.28,-20.06],[141.32,-20.04],[141.35,-20.04],[141.82,-20.59],[142.28,-20.61],[142.61,-20.66]]]},"properties":{"NAME":"Ngawun","SUBJECTO":"Ngawun","BORDERPRECISION":3}},
{"type":"Feature","geometry":{"type":"Polygon","coordinates":[[[127.65,-15.23],[127.66,-15.23],[127.67,-15.23],[127.86,-15.02],[127.99,-14.86],[127.97,-14.74],[127.96,-14.7],[127.4,-14.1],[127.24,-14.28],[127.24,-14.44],[127.28,-14.45],[127.29,-14.48],[127.38,-14.7],[127.44,-15.18],[127.62,-15.2],[127.65,-15.23]]]},"properties":{"NAME":"Kwini","SUBJECTO":"Kwini","BORDERPRECISION":3}},
{"type":"Feature","geometry":{"type":"Polygon","coordinates":[[[149.3,-22.37],[149.37,-22.35],[149.36,-21.94],[149.27,-21.76],[149.16,-21.63],[149.14,-21.6],[149.13,-21.59],[149.07,-21.59],[149.09,-21.62],[149.09,-21.63],[149.06,-21.64],[149.02,-21.64],[148.85,-21.66],[148.61,-21.66],[148.58,-21.77],[148.58,-22.19],[148.58,-22.33],[148.66,-22.31],[148.85,-22.33],[148.87,-22.36],[148.88,-22.36],[149.11,-22.36],[149.28,-22.35],[149.29,-22.35],[149.3,-22.37]]]},"properties":{"NAME":"Baradha","SUBJECTO":"Baradha","BORDERPRECISION":3}},
{"type":"Feature","geometry":{"type":"Polygon","coordinates":[[[144.57,-28.77],[144.6,-28.73],[144.71,-28.52],[144.78,-28.26],[144.86,-28.08],[144.77,-28.06],[144.52,-28.03],[144.2,-27.98],[144.18,-27.98],[144.11,-28.04],[143.65,-28.4],[143.65,-28.53],[143.69,-28.74],[143.92,-28.75],[144.48,-28.75],[144.57,-28.77]]]},"properties":{"NAME":"Budjari","SUBJECTO":"Budjari","BORDERPRECISION":3}},
{"type":"Feature","geometry":{"type":"Polygon","coordinates":[[[139.63,-29.5],[139.6,-29.3],[139.61,-28.98],[139.62,-28.91],[139.62,-28.89],[139.64,-28.74],[139.84,-28.24],[139.99,-27.64],[139.99,-27.55],[139.99,-27.49],[139.99,-27.43],[140.02,-27.27],[140.03,-27.24],[139.98,-27.23],[139.78,-27.23],[139.6,-27.25],[139.19,-27.38],[138.42,-27.36],[138.4,-27.38],[138.41,-27.39],[138.42,-27.43],[138.3,-27.52],[138.21,-27.6],[138.2,-27.66],[138.18,-27.7],[138.23,-27.77],[138.26,-27.86],[138.43,-28.13],[138.69,-28.48],[138.6,-29.17],[138.48,-29.5],[138.46,-29.57],[138.93,-29.54],[139.48,-29.54],[139.49,-29.55],[139.49,-29.54],[139.57,-29.51],[139.59,-29.5],[139.63,-29.5]]]},"properties":{"NAME":"Dieri","SUBJECTO":"Dieri","BORDERPRECISION":3}},
{"type":"Feature","geometry":{"type":"Polygon","coordinates":[[[141.52,-14.49],[142,-14.5],[142.06,-14.49],[142.18,-14.47],[142.39,-14.47],[142.65,-14.35],[142.84,-14.32],[142.9,-14.29],[142.91,-14.28],[142.96,-14.24],[142.95,-14.18],[142.93,-13.97],[142.92,-13.53],[142.88,-13.13],[142.87,-13.09],[142.87,-13.07],[142.86,-13.07],[142.62,-13.07],[142.61,-13.07],[142.59,-13.08],[142.35,-13.1],[142.26,-13.11],[141.98,-13.19],[141.98,-13.2],[141.97,-13.22],[141.93,-13.36],[141.89,-13.49],[141.69,-13.52],[141.65,-13.34],[141.62,-13.35],[141.58,-13.36],[141.56,-13.39],[141.52,-14.49]]]},"properties":{"NAME":"Wik","SUBJECTO":"Wik","BORDERPRECISION":3}},
{"type":"Feature","geometry":{"type":"Polygon","coordinates":[[[144.2,-14.46],[144.22,-14.65],[144.23,-14.8],[144.48,-14.79],[144.98,-14.97],[145.03,-15.04],[145.09,-15.01],[145.12,-14.98],[144.53,-14.67],[144.39,-14.37],[144.21,-14.45],[144.2,-14.46]]]},"properties":{"NAME":"Mutumui","SUBJECTO":"Mutumui","BORDERPRECISION":3}},
{"type":"Feature","geometry":{"type":"Polygon","coordinates":[[[141.92,-12.01],[141.86,-12.1],[141.9,-12.1],[141.91,-12.11],[141.91,-12.09],[141.92,-12.01]]]},"properties":{"NAME":"Tjungundji","SUBJECTO":"Tjungundji","BORDERPRECISION":3}},
{"type":"Feature","geometry":{"type":"MultiPolygon","coordinates":[[[[140.99,-36.76],[140.98,-36.84],[141.01,-36.89],[140.99,-36.76]]],[[[142.97,-37.06],[143.02,-37.06],[143.29,-37.1],[143.32,-37.09],[143.4,-37.05],[143.44,-37.02],[143.44,-36.94],[143.38,-36.93],[143.25,-36.92],[143.23,-36.92],[143.01,-36.9],[142.84,-36.59],[142.91,-36.4],[142.94,-36.35],[142.75,-36.32],[142.46,-36.32],[141.91,-36.8],[141.47,-36.8],[141.01,-36.9],[141.04,-36.94],[141.38,-37.6],[141.9,-37.78],[141.91,-37.76],[141.97,-37.64],[142.06,-37.57],[142.53,-37.56],[142.53,-37.14],[142.57,-37.06],[142.63,-37.06],[142.72,-37.06],[142.97,-37.06]]]]},"properties":{"NAME":"Jardwadjali","SUBJECTO":"Jardwadjali","BORDERPRECISION":3}},
{"type":"Feature","geometry":{"type":"Polygon","coordinates":[[[141.99,-12.18],[141.99,-12.19],[141.99,-12.25],[142,-12.34],[142.03,-12.42],[142.04,-12.5],[142.04,-12.52],[142.05,-12.54],[142.08,-12.65],[142.12,-12.77],[142.13,-12.78],[142.14,-12.81],[142.16,-12.86],[142.29,-13.04],[142.35,-13.1],[142.59,-13.08],[142.6,-13.07],[142.6,-13.05],[142.61,-13.02],[142.64,-12.65],[142.64,-12.5],[142.64,-12.49],[142.62,-12.45],[142.59,-12.39],[142.41,-12.27],[142.28,-12.13],[142.18,-12.09],[142.17,-12.08],[142.16,-12.09],[142.09,-12.14],[141.99,-12.18]]]},"properties":{"NAME":"Luthigh","SUBJECTO":"Luthigh","BORDERPRECISION":3}},
{"type":"Feature","geometry":{"type":"Polygon","coordinates":[[[145.12,-14.98],[145.09,-15.01],[145.03,-15.04],[145.05,-15.06],[145.11,-15.15],[144.74,-15.47],[144.74,-15.65],[144.81,-15.82],[144.8,-15.91],[144.87,-15.89],[145.22,-15.66],[145.18,-15.05],[145.14,-15],[145.12,-14.98]]]},"properties":{"NAME":"Guugu-Yimidhirr","SUBJECTO":"Guugu-Yimidhirr","BORDERPRECISION":3}},
{"type":"Feature","geometry":{"type":"Polygon","coordinates":[[[142.94,-18.81],[143.02,-18.82],[143.03,-18.73],[143.04,-18.7],[143,-18.65],[142.84,-18.43],[142.68,-18.18],[142.59,-18.04],[142.58,-18.04],[142.57,-18.04],[141.95,-17.79],[141.81,-17.7],[141.26,-17.53],[141.31,-17.63],[141.31,-17.95],[141.38,-18.16],[142.34,-18.66],[142.71,-18.74],[142.89,-18.77],[142.93,-18.78],[142.94,-18.81]]]},"properties":{"NAME":"Walangama","SUBJECTO":"Walangama","BORDERPRECISION":3}},
{"type":"Feature","geometry":{"type":"Polygon","coordinates":[[[142.65,-11.1],[142.41,-11.07],[142.31,-11.04],[142.27,-10.99],[142.26,-11],[142.21,-11.05],[142.13,-11.16],[142.09,-11.53],[141.95,-11.95],[141.95,-11.96],[141.94,-11.98],[141.97,-11.99],[142.02,-11.99],[142.12,-12],[142.15,-12],[142.16,-12],[142.2,-12.01],[142.35,-12.02],[142.63,-12.02],[142.69,-12.02],[142.71,-12.02],[142.71,-12],[142.71,-11.95],[142.68,-11.8],[142.69,-11.78],[142.69,-11.77],[142.7,-11.7],[142.69,-11.18],[142.65,-11.1]]]},"properties":{"NAME":"Anggamudi","SUBJECTO":"Anggamudi","BORDERPRECISION":3}},
{"type":"Feature","geometry":{"type":"Polygon","coordinates":[[[131.2,-12.92],[131.12,-12.26],[130.84,-12.71],[131.1,-12.96],[131.2,-12.92]]]},"properties":{"NAME":"Larrakia","SUBJECTO":"Larrakia","BORDERPRECISION":3}},
{"type":"Feature","geometry":{"type":"Polygon","coordinates":[[[139.22,-22.16],[139.2,-22.26],[139.17,-22.39],[139.17,-22.63],[139.06,-22.95],[138.74,-23.39],[139.26,-24.27],[139.49,-24.49],[139.6,-24.64],[139.6,-24.65],[139.64,-24.71],[140.24,-24.51],[140.52,-24.45],[140.6,-24.43],[140.6,-24.38],[140.57,-24.09],[140.58,-23.93],[140.53,-23.92],[140.53,-23.9],[140.54,-23.57],[140.52,-23.28],[140.68,-22.77],[140.82,-22.54],[140.89,-22.43],[140.93,-22.38],[140.55,-22.37],[140.29,-22.16],[140.24,-22.12],[140.22,-22.11],[140.01,-22.09],[139.49,-22],[139.31,-22],[139.26,-22.08],[139.24,-22.13],[139.22,-22.15],[139.22,-22.16]]]},"properties":{"NAME":"Pitta-Pitta","SUBJECTO":"Pitta-Pitta","BORDERPRECISION":3}},
{"type":"Feature","geometry":{"type":"Polygon","coordinates":[[[151.39,-29.81],[151.51,-29.69],[151.75,-29.51],[151.79,-29.45],[151.91,-29.24],[152.01,-29.09],[152.02,-28.98],[151.98,-28.96],[151.96,-28.92],[151.96,-28.76],[151.82,-28.49],[151.69,-28.34],[151.69,-28.32],[151.5,-28.11],[151.46,-27.95],[151.35,-27.84],[151.33,-27.84],[151.18,-27.78],[151.06,-27.53],[150.99,-27.52],[150.97,-27.53],[150.97,-27.54],[150.83,-27.64],[150.8,-28.02],[150.91,-28.51],[150.91,-28.66],[150.96,-28.7],[150.93,-28.72],[150.93,-28.73],[150.97,-28.78],[151,-29.72],[151,-29.8],[151,-29.84],[151.08,-29.88],[151.14,-29.89],[151.33,-29.87],[151.38,-29.82],[151.39,-29.81]]]},"properties":{"NAME":"Ngarabal","SUBJECTO":"Ngarabal","BORDERPRECISION":3}},
{"type":"Feature","geometry":{"type":"Polygon","coordinates":[[[114.54,-28.78],[114.9,-30.13],[114.95,-30.31],[116.67,-29.95],[116.38,-29.38],[114.59,-28.72],[114.54,-28.78]]]},"properties":{"NAME":"Amangu","SUBJECTO":"Amangu","BORDERPRECISION":3}},
{"type":"Feature","geometry":{"type":"Polygon","coordinates":[[[143.39,-38.49],[143.42,-38.48],[143.39,-38.35],[143.43,-38.17],[143.64,-38.17],[143.67,-38.12],[143.67,-38.07],[143.67,-38.05],[143.67,-38.04],[143.56,-38.03],[143.27,-37.91],[143.12,-37.8],[143.08,-37.8],[143.08,-37.81],[143.08,-38.05],[143.04,-38.4],[143.22,-38.45],[143.33,-38.47],[143.39,-38.49]]]},"properties":{"NAME":"Djargurdwurung","SUBJECTO":"Djargurdwurung","BORDERPRECISION":3}},
{"type":"Feature","geometry":{"type":"Polygon","coordinates":[[[135.79,-15.51],[135.81,-15.52],[135.91,-15.51],[136.14,-15.63],[136.65,-16.05],[136.64,-16.09],[136.88,-16.12],[137.06,-16.17],[137.69,-16.42],[138.26,-16.84],[137.76,-16.4],[137.07,-16.03],[136.69,-16.03],[136.46,-15.75],[136.09,-15.45],[135.94,-15.36],[135.82,-15.45],[135.79,-15.51]]]},"properties":{"NAME":"Yanyuwa","SUBJECTO":"Yanyuwa","BORDERPRECISION":3}},
{"type":"Feature","geometry":{"type":"Polygon","coordinates":[[[134.23,-12.1],[134.17,-12.12],[134.14,-12.18],[134.12,-12.24],[134.12,-12.26],[134.13,-12.26],[134.19,-12.26],[134.36,-12.25],[134.37,-12.17],[134.4,-12.16],[134.4,-12.15],[134.39,-12.12],[134.23,-12.1]]]},"properties":{"NAME":"Gungurugoni","SUBJECTO":"Gungurugoni","BORDERPRECISION":3}},
{"type":"Feature","geometry":{"type":"MultiPolygon","coordinates":[[[[142.03,-34.02],[142.12,-33.93],[142.35,-33.95],[142.37,-33.83],[142.45,-33.71],[142.47,-33.67],[142.55,-33.71],[142.58,-33.74],[142.79,-33.94],[142.78,-33.92],[142.76,-33.63],[142.59,-33.36],[142.72,-32.64],[143.28,-32.24],[143.59,-31.89],[143.99,-31.61],[143.87,-31.61],[143.55,-31.53],[143.53,-31.51],[143.44,-31.56],[143.28,-31.68],[142.94,-32.04],[142.5,-32.33],[141.77,-32.93],[141.09,-33.34],[140.97,-33.44],[141.02,-33.46],[141.51,-33.69],[142.01,-33.85],[142.05,-33.88],[142.09,-33.91],[142.03,-34.02]]],[[[142.9,-33.97],[142.85,-33.99],[142.85,-34],[142.86,-34],[142.9,-33.99],[142.9,-33.97]]]]},"properties":{"NAME":"Barkindji","SUBJECTO":"Barkindji","BORDERPRECISION":3}},
{"type":"Feature","geometry":{"type":"Polygon","coordinates":[[[143.44,-38.53],[143.53,-38.57],[143.72,-38.57],[144.03,-38.38],[143.86,-37.98],[143.75,-38],[143.67,-38.05],[143.67,-38.07],[143.67,-38.12],[143.64,-38.17],[143.43,-38.17],[143.39,-38.35],[143.42,-38.48],[143.39,-38.49],[143.4,-38.49],[143.44,-38.5],[143.44,-38.53]]]},"properties":{"NAME":"Gulidjan","SUBJECTO":"Gulidjan","BORDERPRECISION":3}},
{"type":"Feature","geometry":{"type":"Polygon","coordinates":[[[138.33,-33.31],[138.33,-33.32],[138.32,-33.43],[138.67,-34.69],[138.72,-34.67],[138.77,-34.66],[138.97,-34.6],[139.13,-34.53],[139.12,-34.44],[139.1,-34.34],[139.08,-33.67],[139.09,-33.67],[138.93,-33.48],[138.93,-33.19],[139.3,-32.9],[139.88,-32.78],[139.92,-32.77],[140.01,-32.54],[140.03,-32.28],[140.06,-32.07],[139.99,-32.07],[139.97,-32.07],[139.71,-32.09],[139.41,-32.09],[138.8,-32.15],[138.77,-32.06],[138.65,-32.12],[138.49,-32.15],[138.4,-32.19],[138.17,-32.27],[138.16,-32.27],[138.12,-32.32],[138.36,-33.01],[138.37,-33.19],[138.33,-33.31]]]},"properties":{"NAME":"Ngadjuri","SUBJECTO":"Ngadjuri","BORDERPRECISION":3}},
{"type":"Feature","geometry":{"type":"Polygon","coordinates":[[[122.83,-33.06],[123.65,-33.14],[123.95,-33.48],[123.92,-33.52],[124,-33.42],[124.43,-32.94],[124.22,-31.03],[123.38,-30.99],[123.19,-31.46],[123.11,-31.75],[123,-32.1],[122.92,-32.37],[122.93,-32.49],[122.91,-32.76],[122.83,-33.04],[122.83,-33.06]]]},"properties":{"NAME":"Ngatjumay","SUBJECTO":"Ngatjumay","BORDERPRECISION":3}},
{"type":"Feature","geometry":{"type":"Polygon","coordinates":[[[130.76,-16.07],[130.78,-16.07],[130.9,-16.09],[131.43,-15.99],[131.43,-15.66],[131.42,-15.66],[131.15,-15.65],[130.92,-15.65],[130.62,-15.7],[130.45,-15.69],[130.45,-15.71],[130.45,-15.81],[130.48,-15.96],[130.71,-16.05],[130.76,-16.07]]]},"properties":{"NAME":"Ngaliwuru","SUBJECTO":"Ngaliwuru","BORDERPRECISION":3}},
{"type":"Feature","geometry":{"type":"Polygon","coordinates":[[[114.64,-21.98],[113.62,-22.66],[113.72,-22.82],[115.26,-22.43],[114.92,-22.42],[114.64,-21.98]]]},"properties":{"NAME":"Thalanyji","SUBJECTO":"Thalanyji","BORDERPRECISION":3}},
{"type":"Feature","geometry":{"type":"Polygon","coordinates":[[[131.68,-12.38],[131.18,-12.24],[131.21,-12.92],[131.66,-12.94],[131.66,-12.93],[131.61,-12.91],[131.63,-12.39],[131.68,-12.38]]]},"properties":{"NAME":"Woolna","SUBJECTO":"Woolna","BORDERPRECISION":3}},
{"type":"Feature","geometry":{"type":"Polygon","coordinates":[[[134.32,-13.43],[134.33,-13.42],[134.47,-13.33],[134.87,-13.12],[135.03,-13.12],[135.05,-13.11],[135.05,-13.08],[135.05,-13.06],[135.05,-12.87],[134.69,-12.45],[134.69,-12.44],[134.68,-12.44],[134.66,-12.43],[134.27,-12.66],[133.96,-12.98],[133.96,-13.03],[133.95,-13.1],[134.32,-13.43]]]},"properties":{"NAME":"Rembarnga","SUBJECTO":"Rembarnga","BORDERPRECISION":3}},
{"type":"Feature","geometry":{"type":"Polygon","coordinates":[[[130.04,-14.45],[130.03,-14.44],[130,-14.43],[129.99,-14.43],[129.92,-14.43],[129.81,-14.45],[129.65,-14.34],[129.6,-14.17],[129.43,-14.31],[129.46,-14.5],[129.73,-14.67],[130.32,-14.8],[130.37,-14.53],[130.34,-14.51],[130.32,-14.51],[130.28,-14.49],[130.16,-14.47],[130.07,-14.47],[130.04,-14.45]]]},"properties":{"NAME":"Murrinh-patha","SUBJECTO":"Murrinh-patha","BORDERPRECISION":3}},
{"type":"Feature","geometry":{"type":"Polygon","coordinates":[[[130.58,-24.79],[130.5,-24.87],[129.33,-24.49],[129.07,-24.45],[128.89,-24.43],[129.03,-24.8],[129.07,-25.85],[129.02,-25.9],[129.02,-25.96],[129.02,-26.1],[129.02,-26.4],[129.08,-26.82],[129.29,-27.13],[130.21,-27.5],[130.54,-27.52],[130.64,-27.48],[130.67,-27.46],[130.69,-27.47],[130.7,-27.46],[130.7,-27.33],[130.87,-26.74],[130.78,-26.08],[130.95,-25.75],[131.04,-25.47],[131.05,-25.4],[131.06,-25.21],[130.85,-24.88],[130.7,-24.84],[130.58,-24.79]]]},"properties":{"NAME":"Pitjantjatjara","SUBJECTO":"Pitjantjatjara","BORDERPRECISION":3}},
{"type":"Feature","geometry":{"type":"Polygon","coordinates":[[[141.48,-27.4],[141.37,-27.48],[140.93,-27.65],[140.53,-27.65],[140.3,-27.53],[139.99,-27.49],[139.99,-27.55],[139.99,-27.64],[139.84,-28.24],[139.64,-28.74],[139.62,-28.89],[139.62,-28.91],[139.83,-28.91],[140.75,-28.93],[140.97,-28.87],[141.15,-28.82],[141.77,-28.56],[142.07,-28.38],[142.05,-28.36],[141.9,-28.16],[141.62,-27.76],[141.56,-27.51],[141.49,-27.42],[141.48,-27.4]]]},"properties":{"NAME":"Yandruwandha","SUBJECTO":"Yandruwandha","BORDERPRECISION":3}},
{"type":"Feature","geometry":{"type":"Polygon","coordinates":[[[153.15,-27.68],[153.12,-27.63],[152.69,-27.82],[152.65,-27.88],[152.62,-27.95],[152.7,-27.9],[152.8,-27.85],[152.96,-27.8],[153.15,-27.68]]]},"properties":{"NAME":"Yugambeh","SUBJECTO":"Yugambeh","BORDERPRECISION":3}},
{"type":"Feature","geometry":{"type":"Polygon","coordinates":[[[143.7,-14.97],[143.88,-14.96],[144.17,-14.81],[144.19,-14.81],[144.23,-14.8],[144.22,-14.65],[144.2,-14.46],[144.17,-14.49],[144.06,-14.59],[143.74,-14.47],[143.68,-14.3],[143.67,-14.29],[143.43,-14.32],[143.44,-14.33],[143.44,-14.34],[143.46,-14.46],[143.45,-14.73],[143.42,-14.82],[143.4,-14.83],[143.49,-14.84],[143.7,-14.94],[143.7,-14.97]]]},"properties":{"NAME":"Lamalama","SUBJECTO":"Lamalama","BORDERPRECISION":3}},
{"type":"Feature","geometry":{"type":"Polygon","coordinates":[[[115.05,-34.38],[115.37,-34.07],[115.41,-33.77],[114.96,-33.87],[115.02,-34.26],[115.05,-34.38]]]},"properties":{"NAME":"Wardandi","SUBJECTO":"Wardandi","BORDERPRECISION":3}},
{"type":"Feature","geometry":{"type":"Polygon","coordinates":[[[132.63,-11.75],[132.75,-12.17],[132.88,-12.17],[132.93,-12.09],[132.78,-11.58],[132.63,-11.75]]]},"properties":{"NAME":"Amarak","SUBJECTO":"Amarak","BORDERPRECISION":3}},
{"type":"Feature","geometry":{"type":"Polygon","coordinates":[[[123.58,-16.39],[123.91,-16.57],[123.97,-16.64],[123.96,-16.74],[123.99,-16.82],[124.05,-16.82],[124.19,-16.83],[124.34,-16.83],[124.45,-16.84],[124.45,-16.77],[124.45,-16.65],[124.4,-16.52],[124.28,-16.52],[123.98,-16.41],[123.58,-16.39]]]},"properties":{"NAME":"Umida","SUBJECTO":"Umida","BORDERPRECISION":3}},
{"type":"Feature","geometry":{"type":"Polygon","coordinates":[[[132.75,-12.17],[132.92,-12.68],[132.87,-12.24],[132.75,-12.17]]]},"properties":{"NAME":"Kundjey’mi","SUBJECTO":"Kundjey’mi","BORDERPRECISION":3}},
{"type":"Feature","geometry":{"type":"Polygon","coordinates":[[[148.04,-37.18],[147.88,-37.28],[147.71,-37.41],[147.55,-37.48],[147.29,-37.1],[147.2,-37.02],[147.19,-37.01],[147.18,-37],[146.99,-37.06],[146.95,-37.06],[146.9,-37.08],[146.68,-37.23],[146.16,-37.43],[146.16,-37.44],[146.17,-37.49],[146.18,-37.52],[146.39,-37.83],[146.41,-37.97],[146.32,-38.13],[146.32,-38.22],[146.32,-38.32],[146.31,-38.38],[146.29,-38.44],[146.22,-38.73],[146.33,-38.75],[146.45,-38.75],[146.63,-38.76],[146.65,-38.76],[146.91,-38.72],[146.93,-38.71],[147.74,-38.05],[149.31,-37.83],[149.31,-37.81],[149.32,-37.74],[149.25,-37.62],[148.96,-37.48],[148.45,-37.41],[148.39,-37.37],[148.36,-37.39],[148.26,-37.38],[148.25,-37.38],[148.08,-37.27],[148.08,-37.25],[148.04,-37.18]]]},"properties":{"NAME":"Kurnai","SUBJECTO":"Kurnai","BORDERPRECISION":3}},
{"type":"Feature","geometry":{"type":"Polygon","coordinates":[[[118.93,-22.33],[118.93,-22.34],[118.95,-22.4],[119.36,-22.71],[119.61,-23.38],[119.64,-23.4],[119.67,-23.4],[119.81,-23.37],[120.98,-23.28],[121,-23.3],[121.12,-23.05],[121.12,-22.28],[121.1,-22.2],[121.07,-22.23],[120.95,-22.16],[120.4,-22.09],[119.12,-22.04],[119.03,-22.01],[118.98,-22.06],[118.91,-22.28],[118.93,-22.33]]]},"properties":{"NAME":"Palyku","SUBJECTO":"Palyku","BORDERPRECISION":3}},
{"type":"Feature","geometry":{"type":"Polygon","coordinates":[[[117.59,-24.03],[117.58,-24.03],[117.42,-24.01],[117.36,-23.97],[116.99,-24.06],[116.83,-24.48],[116.5,-24.51],[116.37,-24.59],[116.34,-24.62],[116.29,-24.65],[116.14,-24.76],[116.06,-24.97],[115.89,-25.11],[115.85,-25.2],[115.84,-25.23],[115.81,-25.29],[115.82,-25.55],[114.73,-25.71],[114.73,-25.75],[114.72,-25.87],[114.77,-26.08],[114.74,-26.39],[114.64,-26.47],[114.91,-27.95],[115.2,-28.47],[115.39,-28.57],[115.73,-28.51],[115.82,-28.57],[115.86,-28.59],[116.76,-27.95],[117.57,-27.46],[117.75,-27.25],[117.98,-27.21],[118.01,-27.18],[118.04,-27.16],[118.23,-27.04],[118.88,-25.99],[118.91,-25.81],[118.92,-25.79],[118.93,-25.74],[118.95,-25.65],[119.01,-25.55],[119.13,-25.43],[119.17,-25.38],[118.44,-24.37],[117.67,-24.03],[117.59,-24.03]]]},"properties":{"NAME":"Watjarri","SUBJECTO":"Watjarri","BORDERPRECISION":3}},
{"type":"Feature","geometry":{"type":"Polygon","coordinates":[[[140.15,-31.98],[140.43,-31.73],[140.89,-31.45],[141.04,-31.35],[141.09,-31.32],[141.15,-31.28],[141.99,-30.28],[142.14,-29.9],[142.14,-29.76],[142.14,-29.73],[142.14,-29.65],[142.06,-29.65],[142.05,-29.65],[141.66,-29.65],[140.84,-29.86],[140.27,-30.05],[140.24,-30.06],[140.17,-30.09],[140.09,-30.12],[140.06,-30.18],[140.05,-30.23],[140.02,-30.33],[139.88,-30.81],[140.03,-31.31],[140.12,-31.75],[140.14,-31.88],[140.15,-31.98]]]},"properties":{"NAME":"Malyangaba","SUBJECTO":"Malyangaba","BORDERPRECISION":3}},
{"type":"Feature","geometry":{"type":"Polygon","coordinates":[[[143.58,-16.01],[143.58,-16.09],[143.71,-16.15],[143.87,-16.14],[143.87,-16.12],[144.27,-16.1],[144.63,-15.99],[144.77,-15.93],[144.8,-15.91],[144.81,-15.82],[144.74,-15.65],[144.74,-15.47],[145.11,-15.15],[145.05,-15.06],[145.03,-15.04],[144.98,-14.97],[144.48,-14.79],[144.23,-14.8],[144.19,-14.81],[144.17,-14.81],[143.88,-14.96],[143.7,-14.97],[143.7,-14.99],[143.7,-15.22],[143.7,-15.74],[143.66,-16.03],[143.66,-16.04],[143.58,-16.01]]]},"properties":{"NAME":"Kokowarra","SUBJECTO":"Kokowarra","BORDERPRECISION":3}},
{"type":"Feature","geometry":{"type":"Polygon","coordinates":[[[140.97,-28.87],[140.75,-28.93],[139.83,-28.91],[139.62,-28.91],[139.61,-28.98],[139.6,-29.3],[139.63,-29.5],[139.72,-29.51],[139.98,-29.52],[140.22,-29.56],[140.14,-29.79],[140.14,-30.02],[140.09,-30.12],[140.17,-30.09],[140.19,-30.05],[140.25,-29.86],[140.95,-29.47],[141.03,-29.05],[140.99,-28.92],[140.97,-28.87]]]},"properties":{"NAME":"Pirlatapa","SUBJECTO":"Pirlatapa","BORDERPRECISION":3}},
{"type":"Feature","geometry":{"type":"Polygon","coordinates":[[[127.74,-19.46],[127.72,-19.81],[127.74,-20.6],[127.87,-20.73],[128.42,-20.89],[128.72,-20.91],[129.14,-21.06],[129.79,-20.96],[130.09,-21.09],[130.25,-21.11],[130.4,-21],[130.5,-20.55],[128.72,-19.3],[128.76,-19.26],[128.75,-19.25],[128.74,-19.24],[127.96,-19.31],[127.8,-19.42],[127.78,-19.43],[127.74,-19.46]]]},"properties":{"NAME":"Ngarti","SUBJECTO":"Ngarti","BORDERPRECISION":3}},
{"type":"Feature","geometry":{"type":"Polygon","coordinates":[[[151.2,-33.39],[151.22,-33.32],[151.1,-33.3],[150.93,-33.28],[150.57,-33.24],[150.13,-33.21],[150.01,-33.19],[150,-33.23],[149.88,-33.8],[149.68,-34.09],[149.11,-34.25],[149.04,-34.26],[149.11,-34.28],[149.6,-34.28],[149.98,-34.21],[150.45,-34.18],[150.57,-34.17],[150.61,-34.16],[150.69,-34.16],[150.72,-34.15],[150.74,-34.15],[150.75,-34.16],[150.81,-34.16],[150.9,-33.98],[150.92,-33.95],[150.93,-33.94],[150.98,-33.84],[151.01,-33.76],[151.02,-33.74],[151.07,-33.66],[151.11,-33.55],[151.19,-33.41],[151.2,-33.39]]]},"properties":{"NAME":"Dharug","SUBJECTO":"Dharug","BORDERPRECISION":3}},
{"type":"Feature","geometry":{"type":"Polygon","coordinates":[[[144.4,-38.4],[144.7,-38.09],[144.6,-38.05],[144.26,-38.44],[144.4,-38.4]]]},"properties":{"NAME":"Wathaurong","SUBJECTO":"Wathaurong","BORDERPRECISION":3}},
{"type":"Feature","geometry":{"type":"Polygon","coordinates":[[[124.46,-17.41],[124.46,-17.35],[124.45,-17.07],[124.45,-16.89],[124.45,-16.84],[124.34,-16.83],[124.19,-16.83],[124.05,-16.82],[123.99,-16.82],[123.96,-16.82],[123.6,-17.16],[123.63,-17.21],[123.67,-17.24],[123.86,-17.32],[124.4,-17.4],[124.46,-17.41]]]},"properties":{"NAME":"Warwa","SUBJECTO":"Warwa","BORDERPRECISION":3}},
{"type":"Feature","geometry":{"type":"Polygon","coordinates":[[[141.78,-16.81],[141.6,-16.72],[141.41,-16.58],[141.29,-16.52],[140.88,-17.42],[140.92,-17.43],[141.04,-17.47],[141.14,-17.48],[141.17,-17.49],[141.23,-17.46],[141.26,-17.52],[141.26,-17.53],[141.81,-17.7],[141.95,-17.79],[142.57,-18.04],[142.58,-18.04],[142.59,-18.04],[142.95,-17.77],[143.13,-17.6],[143.13,-17.42],[143.11,-17.41],[143.04,-17.38],[143,-17.33],[142.94,-17.25],[142.86,-17.38],[141.79,-16.92],[141.79,-16.91],[141.78,-16.81]]]},"properties":{"NAME":"Kurtjar","SUBJECTO":"Kurtjar","BORDERPRECISION":3}},
{"type":"Feature","geometry":{"type":"Polygon","coordinates":[[[146.95,-19.44],[147.25,-19.71],[147.47,-19.65],[146.95,-19.44]]]},"properties":{"NAME":"Thul Garrie Waja (Bindal)","SUBJECTO":"Thul Garrie Waja (Bindal)","BORDERPRECISION":3}},
{"type":"Feature","geometry":{"type":"Polygon","coordinates":[[[134.6,-12.11],[134.56,-12.1],[134.47,-12.13],[134.4,-12.16],[134.37,-12.17],[134.36,-12.25],[134.19,-12.26],[134.13,-12.26],[134.12,-12.26],[134.07,-12.26],[134.04,-12.26],[134.02,-12.27],[134,-12.27],[133.98,-12.27],[133.75,-13.02],[133.96,-13.03],[133.96,-12.98],[134.27,-12.66],[134.66,-12.43],[134.68,-12.44],[134.69,-12.44],[134.69,-12.43],[134.69,-12.32],[134.69,-12.18],[134.7,-12.13],[134.7,-12.12],[134.69,-12.11],[134.61,-12.11],[134.6,-12.11]]]},"properties":{"NAME":"Dangbon","SUBJECTO":"Dangbon","BORDERPRECISION":3}},
{"type":"Feature","geometry":{"type":"Polygon","coordinates":[[[132.21,-14.77],[132.18,-15.98],[132.3,-15.98],[132.21,-14.77]]]},"properties":{"NAME":"Wardaman","SUBJECTO":"Wardaman","BORDERPRECISION":3}},
{"type":"Feature","geometry":{"type":"Polygon","coordinates":[[[140.8,-17.73],[140.84,-17.7],[140.76,-17.61],[140.71,-17.63],[140.06,-17.83],[139.72,-17.71],[139.69,-17.92],[139.7,-17.94],[139.71,-17.96],[139.81,-17.99],[140,-18.22],[140.04,-18.41],[140.09,-18.4],[140.63,-18.5],[140.79,-18.27],[140.83,-18.17],[140.82,-18.17],[140.81,-17.93],[140.8,-17.75],[140.8,-17.73]]]},"properties":{"NAME":"Kukatj","SUBJECTO":"Kukatj","BORDERPRECISION":3}},
{"type":"Feature","geometry":{"type":"Polygon","coordinates":[[[116.63,-32.14],[117.96,-33.32],[117.96,-32.98],[117.8,-32.77],[117.51,-32.38],[116.63,-32.14]]]},"properties":{"NAME":"Wiilman","SUBJECTO":"Wiilman","BORDERPRECISION":3}},
{"type":"Feature","geometry":{"type":"Polygon","coordinates":[[[134.69,-12.44],[134.69,-12.45],[135.05,-12.87],[135.05,-13.06],[135.05,-13.08],[135.05,-13.11],[135.05,-13.27],[135.22,-13.49],[135.31,-13.54],[135.34,-13.56],[135.42,-13.61],[135.71,-13.7],[135.83,-13.73],[135.83,-13.68],[135.83,-13.48],[136.24,-13.23],[136.47,-13.22],[136.66,-12.62],[134.73,-12.06],[134.73,-12.07],[134.7,-12.1],[134.7,-12.12],[134.7,-12.13],[134.69,-12.18],[134.69,-12.32],[134.69,-12.43],[134.69,-12.44]]]},"properties":{"NAME":"Yolngu","SUBJECTO":"Yolngu","BORDERPRECISION":3}},
{"type":"Feature","geometry":{"type":"Polygon","coordinates":[[[143.21,-22.43],[143.19,-22.52],[143.18,-22.58],[143.17,-22.63],[143.09,-22.87],[143.07,-23.12],[143.18,-23.44],[143.33,-23.68],[143.41,-23.78],[143.44,-23.82],[143.45,-23.84],[144.75,-23.84],[144.92,-23.96],[145.21,-24.18],[145.23,-24.12],[145.46,-23.66],[145.92,-23.86],[146.59,-23.94],[146.6,-23.94],[146.65,-23.95],[146.59,-23.83],[146.39,-23.58],[146.37,-23.49],[146.41,-23.05],[146.21,-22.64],[146.08,-22.48],[146.06,-22.46],[145.88,-22.39],[145.84,-22.37],[145.75,-22.33],[145.3,-22.13],[144.89,-21.97],[143.84,-22.01],[143.41,-22.13],[143.36,-22.19],[143.22,-22.4],[143.21,-22.41],[143.21,-22.43]]]},"properties":{"NAME":"Iningai","SUBJECTO":"Iningai","BORDERPRECISION":3}},
{"type":"Feature","geometry":{"type":"Polygon","coordinates":[[[132.2,-13.22],[131.92,-13.1],[131.6,-13.21],[132.07,-13.75],[132.08,-13.75],[132.1,-13.72],[132.2,-13.68],[132.62,-13.58],[132.68,-13.38],[132.26,-13.27],[132.21,-13.24],[132.2,-13.22]]]},"properties":{"NAME":"Warray","SUBJECTO":"Warray","BORDERPRECISION":3}},
{"type":"Feature","geometry":{"type":"Polygon","coordinates":[[[142.85,-12.28],[142.91,-12.28],[143.1,-12.24],[143.12,-12.24],[143.13,-12.01],[142.94,-12.01],[142.82,-11.92],[142.8,-11.76],[142.79,-11.74],[142.77,-11.74],[142.69,-11.77],[142.69,-11.78],[142.68,-11.8],[142.71,-11.95],[142.71,-12],[142.74,-12.07],[142.81,-12.21],[142.85,-12.28]]]},"properties":{"NAME":"Wuthathi","SUBJECTO":"Wuthathi","BORDERPRECISION":3}},
{"type":"Feature","geometry":{"type":"Polygon","coordinates":[[[126.45,-20.37],[126.45,-20.63],[126.04,-21.58],[125.84,-21.81],[125.99,-21.81],[126.16,-21.93],[126.21,-21.91],[126.21,-21.88],[126.63,-21.62],[127.02,-21.04],[127.62,-20.65],[127.71,-20.68],[127.74,-20.6],[127.72,-19.81],[127.74,-19.46],[127.78,-19.43],[127.78,-19.42],[127.73,-19.43],[127.06,-19.27],[126.85,-19.17],[126.83,-19.18],[126.8,-19.2],[126.36,-20.28],[126.34,-20.34],[126.45,-20.37]]]},"properties":{"NAME":"Kukatja","SUBJECTO":"Kukatja","BORDERPRECISION":3}},
{"type":"Feature","geometry":{"type":"Polygon","coordinates":[[[139.33,-17.87],[139.34,-17.87],[139.36,-17.92],[139.49,-17.91],[139.67,-17.95],[139.7,-17.94],[139.69,-17.92],[139.72,-17.71],[139.51,-17.59],[139.38,-17.78],[139.33,-17.87]]]},"properties":{"NAME":"Mingin","SUBJECTO":"Mingin","BORDERPRECISION":3}},
{"type":"Feature","geometry":{"type":"Polygon","coordinates":[[[141.04,-31.35],[140.89,-31.45],[140.43,-31.73],[140.15,-31.98],[140.16,-32.07],[140.06,-32.07],[140.03,-32.28],[140.01,-32.54],[139.92,-32.77],[141.22,-32.38],[141.84,-32.05],[142.28,-31.63],[142.33,-31.43],[141.8,-31.43],[141.12,-31.4],[141.04,-31.35]]]},"properties":{"NAME":"Wiljali","SUBJECTO":"Wiljali","BORDERPRECISION":3}},
{"type":"Feature","geometry":{"type":"Polygon","coordinates":[[[116.61,-23],[116.59,-23.04],[116.67,-23.09],[116.86,-23.21],[117.1,-23.31],[117.19,-23.33],[117.2,-23.21],[116.98,-22.93],[116.98,-22.88],[116.98,-22.87],[116.96,-22.87],[116.88,-22.79],[116.86,-22.77],[116.84,-22.78],[116.65,-22.92],[116.61,-23]]]},"properties":{"NAME":"Jurruru","SUBJECTO":"Jurruru","BORDERPRECISION":3}},
{"type":"Feature","geometry":{"type":"Polygon","coordinates":[[[141.7,-34.61],[141.76,-34.59],[142.42,-34.71],[142.8,-34.8],[142.96,-34.84],[142.97,-34.83],[142.97,-34.76],[142.97,-34.69],[142.97,-34.67],[142.92,-34.63],[142.92,-34.64],[142.9,-34.64],[142.73,-34.7],[142.68,-34.71],[142.49,-34.71],[142.32,-34.61],[142.14,-34.23],[141.94,-34.19],[141.81,-34.45],[141.7,-34.61]]]},"properties":{"NAME":"Latje Latje","SUBJECTO":"Latje Latje","BORDERPRECISION":3}},
{"type":"Feature","geometry":{"type":"Polygon","coordinates":[[[150.33,-34.93],[150.43,-34.78],[150.57,-34.55],[150.61,-34.44],[150.79,-34.18],[150.75,-34.16],[150.74,-34.15],[150.72,-34.15],[150.69,-34.16],[150.57,-34.17],[150.45,-34.18],[149.98,-34.21],[149.6,-34.28],[149.11,-34.28],[149.04,-34.26],[148.87,-34.29],[148.75,-34.31],[148.53,-34.34],[148.47,-34.34],[148.4,-34.38],[148.56,-34.54],[148.79,-34.72],[149.06,-34.88],[149.13,-34.92],[149.38,-35.09],[149.47,-35.15],[149.62,-35.23],[149.64,-35.22],[149.65,-35.21],[149.85,-35.1],[150.08,-34.96],[150.23,-34.92],[150.26,-34.92],[150.33,-34.93]]]},"properties":{"NAME":"Gundungurra","SUBJECTO":"Gundungurra","BORDERPRECISION":3}},
{"type":"Feature","geometry":{"type":"Polygon","coordinates":[[[148.39,-37.37],[148.45,-37.41],[148.96,-37.48],[149.25,-37.62],[149.32,-37.74],[149.31,-37.81],[149.43,-37.81],[149.85,-37.64],[149.98,-37.08],[149.95,-37.08],[149.93,-37.1],[149.82,-37.1],[149.5,-37.04],[149.34,-37.07],[149.03,-37.08],[148.54,-37.26],[148.39,-37.37]]]},"properties":{"NAME":"Bidwell","SUBJECTO":"Bidwell","BORDERPRECISION":3}},
{"type":"Feature","geometry":{"type":"Polygon","coordinates":[[[138.21,-27.6],[138.3,-27.52],[138.42,-27.43],[138.41,-27.39],[138.4,-27.38],[138.37,-27.26],[138.31,-26.98],[138.16,-26.57],[138.16,-26.46],[138.15,-26.43],[138.13,-26.4],[138.04,-26.24],[138.03,-26.06],[138.19,-26.02],[138.64,-26],[138.83,-25.97],[138.85,-25.97],[138.81,-25.91],[138.72,-25.74],[138.59,-25.52],[138.47,-25.24],[138.38,-24.71],[138.37,-24.71],[138.08,-24.71],[136.31,-25.06],[136.27,-25.06],[136.27,-25.09],[136.27,-26.14],[136.19,-26.73],[136.19,-27.2],[136.19,-27.22],[136.14,-27.24],[136.25,-27.29],[136.58,-27.4],[136.72,-27.54],[136.8,-27.71],[136.82,-27.73],[136.89,-27.84],[136.9,-27.84],[137.43,-27.76],[138.08,-27.73],[138.15,-27.66],[138.21,-27.6]]]},"properties":{"NAME":"Wangkangurru","SUBJECTO":"Wangkangurru","BORDERPRECISION":3}},
{"type":"Feature","geometry":{"type":"Polygon","coordinates":[[[115.78,-22.92],[115.77,-22.87],[115.73,-22.85],[115.63,-22.81],[114.75,-22.83],[114.69,-23.26],[114.74,-23.34],[114.79,-23.35],[114.92,-23.4],[115.05,-23.42],[115.44,-23.67],[115.72,-23.72],[115.8,-23.75],[115.82,-23.7],[115.7,-23.25],[115.73,-22.93],[115.74,-22.9],[115.78,-22.92]]]},"properties":{"NAME":"Purduna","SUBJECTO":"Purduna","BORDERPRECISION":3}},
{"type":"Feature","geometry":{"type":"Polygon","coordinates":[[[145.4,-18.12],[145.44,-18.14],[145.56,-18.14],[145.98,-18.01],[146,-17.96],[146.02,-17.86],[145.99,-17.51],[145.98,-17.47],[145.96,-17.43],[145.82,-17.38],[145.64,-17.29],[145.55,-17.24],[145.54,-17.24],[145.53,-17.23],[145.49,-17.19],[145.43,-17.18],[145.34,-17.26],[145.36,-17.31],[145.38,-17.35],[145.31,-17.36],[145.29,-17.42],[145.29,-17.43],[145.22,-17.55],[145.22,-17.56],[145.21,-17.58],[145.28,-17.68],[145.34,-17.85],[145.36,-18.01],[145.39,-18.12],[145.4,-18.12]]]},"properties":{"NAME":"Djirbalngan","SUBJECTO":"Djirbalngan","BORDERPRECISION":3}},
{"type":"Feature","geometry":{"type":"Polygon","coordinates":[[[141.7,-15.33],[141.65,-15.32],[141.64,-15.34],[141.52,-15.53],[141.4,-15.86],[141.61,-15.87],[141.66,-15.87],[141.69,-15.54],[141.7,-15.34],[141.7,-15.33]]]},"properties":{"NAME":"Koko-bera","SUBJECTO":"Koko-bera","BORDERPRECISION":3}},
{"type":"Feature","geometry":{"type":"Polygon","coordinates":[[[147.26,-22.51],[147.24,-22.49],[147.14,-22.4],[146.99,-22.34],[146.78,-22.33],[146.77,-22.33],[146.72,-22.33],[146.5,-22.33],[146.06,-22.44],[146.06,-22.46],[146.08,-22.48],[146.21,-22.64],[146.41,-23.05],[146.37,-23.49],[146.39,-23.58],[146.59,-23.83],[146.65,-23.95],[146.85,-23.97],[147.07,-23.98],[147.21,-23.99],[147.19,-23.95],[147.13,-23.35],[147.16,-23.34],[147.16,-23.33],[147.16,-23.3],[147.16,-22.99],[147.28,-22.53],[147.26,-22.51]]]},"properties":{"NAME":"Yagalingu","SUBJECTO":"Yagalingu","BORDERPRECISION":3}},
{"type":"Feature","geometry":{"type":"Polygon","coordinates":[[[139.41,-35.19],[139.38,-35.22],[139.48,-35.29],[140,-36.32],[140.09,-36.33],[140.13,-36.33],[140.3,-36.34],[140.8,-36.34],[141,-36.31],[141,-36.26],[141,-36.25],[141,-35.96],[141.14,-35.53],[141.28,-35.21],[141.39,-34.86],[141.41,-34.82],[141.33,-34.78],[141.25,-34.64],[141.11,-34.6],[139.82,-34.67],[139.54,-35.22],[139.41,-35.19]]]},"properties":{"NAME":"Ngargad","SUBJECTO":"Ngargad","BORDERPRECISION":3}},
{"type":"Feature","geometry":{"type":"Polygon","coordinates":[[[150.13,-22.42],[149.94,-22.32],[150.02,-22.73],[149.56,-22.43],[149.41,-21.92],[149.29,-21.58],[149.28,-21.54],[149.18,-21.57],[149.14,-21.6],[149.16,-21.63],[149.27,-21.76],[149.36,-21.94],[149.37,-22.35],[149.3,-22.37],[149.34,-22.46],[149.4,-22.68],[149.58,-22.85],[150,-22.86],[150.19,-22.79],[150.2,-22.59],[150.13,-22.42]]]},"properties":{"NAME":"Guwinmal","SUBJECTO":"Guwinmal","BORDERPRECISION":3}},
{"type":"Feature","geometry":{"type":"Polygon","coordinates":[[[151.26,-34.01],[151.26,-33.99],[151.09,-33.93],[150.93,-33.94],[150.92,-33.95],[150.9,-33.98],[150.81,-34.16],[150.75,-34.16],[150.79,-34.18],[150.61,-34.44],[150.57,-34.55],[150.43,-34.78],[150.33,-34.93],[150.36,-34.94],[150.7,-35.08],[150.8,-35.09],[150.82,-35.11],[150.85,-34.92],[150.85,-34.88],[150.96,-34.56],[151.25,-34.06],[151.26,-34.01]]]},"properties":{"NAME":"Tharawal","SUBJECTO":"Tharawal","BORDERPRECISION":3}},
{"type":"Feature","geometry":{"type":"Polygon","coordinates":[[[126.21,-21.91],[126.2,-21.96],[126.31,-22.04],[126.56,-22.35],[127.05,-23.3],[127.43,-23.65],[127.83,-23.92],[127.89,-23.99],[127.97,-24.06],[128.14,-24.13],[128.5,-24.27],[128.87,-24.4],[128.96,-24.43],[129.07,-24.45],[129.33,-24.49],[130.5,-24.87],[130.58,-24.79],[130.6,-24.77],[130.67,-24.71],[130.91,-24.39],[131.19,-23.46],[131.26,-23.15],[131.29,-22.97],[131.3,-22.95],[131.31,-22.89],[131.32,-22.76],[130.44,-21.14],[130.32,-21.12],[130.25,-21.11],[130.09,-21.09],[129.79,-20.96],[129.14,-21.06],[128.72,-20.91],[128.42,-20.89],[127.87,-20.73],[127.71,-20.68],[127.62,-20.65],[127.02,-21.04],[126.63,-21.62],[126.21,-21.88],[126.21,-21.91]]]},"properties":{"NAME":"Pintupi","SUBJECTO":"Pintupi","BORDERPRECISION":3}},
{"type":"Feature","geometry":{"type":"Polygon","coordinates":[[[127.24,-14.44],[127.24,-14.28],[127.4,-14.1],[126.85,-13.78],[126.76,-14],[126.67,-14.1],[126.64,-14.15],[126.62,-14.2],[126.69,-14.35],[126.75,-14.38],[126.99,-14.38],[127.24,-14.44]]]},"properties":{"NAME":"Miwa","SUBJECTO":"Miwa","BORDERPRECISION":3}},
{"type":"Feature","geometry":{"type":"Polygon","coordinates":[[[117.82,-22.09],[117.77,-22.12],[117.6,-22.45],[117.54,-22.61],[117.49,-22.68],[117.46,-22.74],[117.45,-22.77],[117.43,-22.82],[117.49,-22.91],[118.2,-23.34],[118.42,-23.46],[118.56,-23.53],[118.58,-23.53],[118.8,-23.54],[118.85,-23.54],[119.14,-23.55],[119.47,-23.54],[119.62,-23.53],[119.63,-23.53],[119.62,-23.51],[119.62,-23.46],[119.62,-23.4],[119.64,-23.4],[119.61,-23.38],[119.36,-22.71],[118.95,-22.4],[118.93,-22.34],[118.92,-22.34],[118.91,-22.33],[118.2,-22.08],[117.89,-22.04],[117.84,-22.07],[117.82,-22.09]]]},"properties":{"NAME":"Banjima","SUBJECTO":"Banjima","BORDERPRECISION":3}},
{"type":"Feature","geometry":{"type":"Polygon","coordinates":[[[130.27,-13.63],[130.3,-13.55],[130.32,-13.47],[130.33,-13.46],[130.33,-13.45],[130.32,-13.44],[130.3,-13.43],[130.29,-13.43],[130.21,-13.48],[130.19,-13.5],[130.21,-13.6],[130.27,-13.63]]]},"properties":{"NAME":"Kuwema","SUBJECTO":"Kuwema","BORDERPRECISION":3}},
{"type":"Feature","geometry":{"type":"Polygon","coordinates":[[[130.25,-17.15],[130.14,-17.07],[129.25,-16.79],[129.25,-16.63],[129.21,-16.63],[129.11,-16.63],[128.9,-16.65],[128.8,-16.7],[128.89,-17.17],[129.02,-17.62],[129.05,-17.83],[129.2,-17.93],[129.28,-18.22],[129.27,-18.32],[129.89,-18.31],[130.95,-18.1],[130.97,-18.12],[131.11,-18.06],[131.49,-17.98],[131.51,-17.97],[131.49,-17.96],[131.29,-17.9],[131.09,-17.9],[130.99,-17.88],[130.98,-17.87],[130.96,-17.48],[130.94,-17.39],[130.94,-17.37],[130.73,-17.38],[130.29,-17.29],[130.29,-17.18],[130.28,-17.18],[130.25,-17.15]]]},"properties":{"NAME":"Gurindji","SUBJECTO":"Gurindji","BORDERPRECISION":3}},
{"type":"Feature","geometry":{"type":"Polygon","coordinates":[[[141.91,-14.92],[141.95,-14.92],[142.15,-14.87],[142.54,-14.82],[143.22,-14.81],[143.4,-14.83],[143.42,-14.82],[143.45,-14.73],[143.46,-14.46],[143.44,-14.34],[143.44,-14.33],[143.43,-14.32],[143.42,-14.24],[143.36,-14.12],[143.35,-14.1],[143.34,-14.08],[143.3,-14.09],[143.18,-14.1],[142.95,-14.18],[142.96,-14.24],[142.91,-14.28],[142.9,-14.29],[142.84,-14.32],[142.65,-14.35],[142.39,-14.47],[142.18,-14.47],[142.06,-14.49],[142,-14.5],[142.01,-14.64],[141.98,-14.8],[141.9,-14.92],[141.91,-14.92]]]},"properties":{"NAME":"Bakanh","SUBJECTO":"Bakanh","BORDERPRECISION":3}},
{"type":"Feature","geometry":{"type":"Polygon","coordinates":[[[143.03,-18.73],[143.13,-18.69],[143.39,-18.59],[143.49,-18.53],[143.48,-18.5],[143.48,-18.49],[143.46,-18.35],[143.45,-17.99],[143.38,-17.6],[143.26,-17.48],[143.13,-17.42],[143.13,-17.6],[142.95,-17.77],[142.59,-18.04],[142.68,-18.18],[142.84,-18.43],[143,-18.65],[143.04,-18.7],[143.03,-18.73]]]},"properties":{"NAME":"Takalak","SUBJECTO":"Takalak","BORDERPRECISION":3}},
{"type":"Feature","geometry":{"type":"Polygon","coordinates":[[[132.3,-23.01],[132.54,-22.8],[132.63,-22.78],[133.19,-22.91],[133.44,-22.9],[133.96,-22.89],[133.95,-22.84],[133.99,-22.37],[134.02,-22.35],[133.68,-22.21],[133.02,-22.13],[132.92,-21.93],[132.9,-21.96],[132.07,-22],[131.88,-22.55],[132.03,-22.75],[132.2,-22.98],[132.29,-22.98],[132.3,-23.01]]]},"properties":{"NAME":"Anmatyerre","SUBJECTO":"Anmatyerre","BORDERPRECISION":3}},
{"type":"Feature","geometry":{"type":"Polygon","coordinates":[[[130.2,-13.89],[130.14,-13.86],[130.1,-13.78],[130.13,-13.66],[130.06,-13.61],[129.86,-13.72],[129.85,-13.72],[129.77,-13.82],[129.76,-13.99],[129.76,-14.01],[129.87,-13.98],[129.9,-13.99],[129.87,-14.05],[129.88,-14.09],[129.88,-14.1],[129.89,-14.1],[129.92,-14.1],[129.99,-14.11],[130.04,-14.09],[130.05,-14.09],[130.08,-14.08],[130.16,-14.05],[130.18,-14.04],[130.19,-14.03],[130.21,-14.01],[130.21,-13.99],[130.22,-13.98],[130.23,-13.93],[130.23,-13.9],[130.2,-13.89]]]},"properties":{"NAME":"Marrithiyel","SUBJECTO":"Marrithiyel","BORDERPRECISION":3}},
{"type":"Feature","geometry":{"type":"Polygon","coordinates":[[[130.4,-13.39],[130.37,-13.38],[130.33,-13.45],[130.33,-13.46],[130.32,-13.47],[130.3,-13.55],[130.27,-13.63],[130.24,-13.71],[130.22,-13.88],[130.23,-13.88],[130.24,-13.89],[130.3,-13.91],[130.3,-13.89],[130.31,-13.89],[130.42,-13.89],[130.59,-13.85],[130.73,-13.8],[130.87,-13.8],[130.88,-13.81],[130.89,-13.81],[131.08,-13.8],[131.22,-13.8],[131.33,-13.62],[130.48,-13.42],[130.4,-13.39]]]},"properties":{"NAME":"Malak malak","SUBJECTO":"Malak malak","BORDERPRECISION":3}},
{"type":"Feature","geometry":{"type":"Polygon","coordinates":[[[146.5,-26.96],[146.63,-26.9],[146.93,-26.78],[148.14,-26.74],[148.22,-26.52],[148.31,-26.33],[148.37,-26.21],[148.33,-26.14],[148.33,-26.1],[148.33,-26.07],[148.33,-26.05],[148.33,-26.03],[148.64,-25.86],[148.94,-25.89],[148.82,-25.48],[148.87,-25.3],[148.86,-25.25],[148.86,-25.23],[148.86,-25.2],[148.85,-25.17],[148.85,-25.13],[148.83,-25.03],[148.86,-24.88],[148.74,-24.53],[148.7,-24.48],[148.62,-24.46],[148.59,-24.44],[148.56,-24.42],[148.54,-24.41],[148.5,-24.38],[148.48,-24.37],[148.21,-24.12],[147.85,-24.03],[147.43,-24],[147.24,-23.99],[147.21,-23.99],[147.07,-23.98],[146.85,-23.97],[146.65,-23.95],[146.6,-23.94],[146.59,-23.94],[145.92,-23.86],[145.46,-23.66],[145.23,-24.12],[145.21,-24.18],[145.13,-24.35],[145.09,-24.52],[145.08,-24.64],[145.06,-24.77],[145.05,-24.8],[145.04,-24.86],[144.88,-25.05],[144.61,-25.91],[144.88,-26.2],[145.33,-26.14],[145.47,-26.26],[145.5,-26.33],[145.52,-26.37],[145.54,-26.39],[145.6,-27.12],[146.47,-26.98],[146.5,-26.96]]]},"properties":{"NAME":"Bidjara","SUBJECTO":"Bidjara","BORDERPRECISION":3}},
{"type":"Feature","geometry":{"type":"Polygon","coordinates":[[[134.61,-12.06],[134.6,-12.06],[134.6,-12.09],[134.6,-12.11],[134.61,-12.11],[134.69,-12.11],[134.7,-12.12],[134.7,-12.1],[134.73,-12.07],[134.73,-12.06],[134.61,-12.06]]]},"properties":{"NAME":"Burarra","SUBJECTO":"Burarra","BORDERPRECISION":3}},
{"type":"Feature","geometry":{"type":"Polygon","coordinates":[[[125.34,-17.65],[125.48,-17.67],[125.78,-17.45],[125.79,-17.42],[125.79,-17.41],[125.73,-17.31],[125.68,-17.21],[125.67,-17.08],[125.62,-17.12],[124.85,-16.53],[124.72,-16.5],[124.4,-16.52],[124.45,-16.65],[124.45,-16.77],[124.45,-16.84],[124.45,-16.89],[124.45,-17.07],[124.46,-17.35],[124.46,-17.41],[124.49,-17.41],[124.55,-17.42],[124.7,-17.42],[125.05,-17.4],[125.21,-17.44],[125.28,-17.54],[125.33,-17.64],[125.34,-17.65]]]},"properties":{"NAME":"Unggumi","SUBJECTO":"Unggumi","BORDERPRECISION":3}},
{"type":"Feature","geometry":{"type":"Polygon","coordinates":[[[122.32,-28.7],[122.54,-28.65],[122.63,-28.7],[122.63,-28.66],[123.28,-28.29],[123.88,-27.88],[124.17,-27.63],[124.37,-27.52],[124.36,-27.46],[124.17,-27.35],[123.73,-27.16],[123.16,-26.78],[123.06,-26.67],[122.96,-26.56],[122.82,-26.78],[122.5,-27.29],[122.1,-27.56],[121.94,-27.69],[121.69,-27.86],[121.76,-27.91],[121.76,-27.92],[121.81,-27.98],[121.96,-28.16],[122.27,-28.58],[122.32,-28.7]]]},"properties":{"NAME":"Tjalkanti","SUBJECTO":"Tjalkanti","BORDERPRECISION":3}},
{"type":"Feature","geometry":{"type":"Polygon","coordinates":[[[122.8,-17.32],[122.76,-17.32],[122.6,-17.32],[122.16,-17.32],[122.13,-17.35],[122.1,-17.38],[122.15,-17.73],[122.18,-17.77],[122.19,-17.78],[122.68,-17.76],[122.74,-17.75],[122.81,-17.72],[122.82,-17.72],[122.81,-17.62],[122.8,-17.41],[122.8,-17.37],[122.8,-17.32]]]},"properties":{"NAME":"Ngumbarl","SUBJECTO":"Ngumbarl","BORDERPRECISION":3}},
{"type":"Feature","geometry":{"type":"Polygon","coordinates":[[[114.34,-28.49],[114.45,-28.65],[113.7,-26.81],[114.34,-28.49]]]},"properties":{"NAME":"Nhanta","SUBJECTO":"Nhanta","BORDERPRECISION":3}},
{"type":"Feature","geometry":{"type":"Polygon","coordinates":[[[151.2,-33.39],[151.24,-33.39],[151.38,-33.26],[151.41,-33.21],[151.43,-33.16],[151.46,-33.08],[151.47,-32.9],[151.45,-32.89],[151.42,-32.9],[151.4,-32.91],[150.61,-32.88],[150.3,-32.83],[150.1,-32.82],[150.05,-32.99],[150.01,-33.19],[150.13,-33.21],[150.57,-33.24],[150.93,-33.28],[151.1,-33.3],[151.22,-33.32],[151.2,-33.39]]]},"properties":{"NAME":"Darkinung","SUBJECTO":"Darkinung","BORDERPRECISION":3}},
{"type":"Feature","geometry":{"type":"Polygon","coordinates":[[[142.32,-28.53],[142.4,-28.59],[142.95,-28.73],[143.02,-28.74],[143.06,-28.74],[143.32,-28.76],[143.37,-28.77],[143.5,-28.73],[143.64,-28.74],[143.69,-28.74],[143.65,-28.53],[143.65,-28.4],[144.11,-28.04],[144.18,-27.98],[144.15,-27.98],[143.93,-27.96],[143.76,-27.91],[143.74,-27.9],[143.7,-27.9],[143.55,-27.97],[143.03,-28.05],[142.51,-28.27],[142.42,-28.42],[142.32,-28.53]]]},"properties":{"NAME":"Kullilla","SUBJECTO":"Kullilla","BORDERPRECISION":3}},
{"type":"Feature","geometry":{"type":"Polygon","coordinates":[[[140.13,-37.72],[140.33,-37.87],[140.95,-38.07],[140.96,-38],[140.98,-37.99],[141.05,-37.75],[140.19,-37.08],[140,-37.62],[140.13,-37.72]]]},"properties":{"NAME":"Buandig","SUBJECTO":"Buandig","BORDERPRECISION":3}},
{"type":"Feature","geometry":{"type":"Polygon","coordinates":[[[141.66,-15.87],[141.61,-15.87],[141.4,-15.86],[141.39,-15.92],[141.31,-16.45],[141.29,-16.52],[141.41,-16.58],[141.6,-16.72],[141.78,-16.81],[141.77,-16.7],[141.76,-16.49],[141.66,-16.15],[141.66,-15.92],[141.66,-15.89],[141.66,-15.87]]]},"properties":{"NAME":"Koknar","SUBJECTO":"Koknar","BORDERPRECISION":3}},
{"type":"Feature","geometry":{"type":"Polygon","coordinates":[[[119.94,-20.12],[119.93,-20.08],[119.81,-20.12],[119.53,-20.14],[118.87,-20.07],[118.83,-20.14],[119.64,-20.39],[119.83,-20.26],[119.93,-20.11],[119.94,-20.12]]]},"properties":{"NAME":"Ngarla","SUBJECTO":"Ngarla","BORDERPRECISION":3}},
{"type":"Feature","geometry":{"type":"Polygon","coordinates":[[[129.69,-15.09],[129.67,-15.15],[129.73,-15.23],[129.76,-15.27],[129.81,-15.25],[129.85,-15.3],[129.89,-15.34],[129.91,-15.41],[130.13,-15.44],[130.15,-15.49],[130.29,-15.4],[130.36,-15.45],[130.38,-15.48],[130.39,-15.49],[130.55,-15.49],[130.98,-15.42],[131.09,-15.31],[131.12,-15.28],[131.1,-14.89],[129.7,-15.06],[129.69,-15.09]]]},"properties":{"NAME":"Jaminjung","SUBJECTO":"Jaminjung","BORDERPRECISION":3}},
{"type":"Feature","geometry":{"type":"Polygon","coordinates":[[[117.59,-30.6],[116.43,-31.47],[116.73,-31.6],[116.73,-32.12],[117.59,-30.6]]]},"properties":{"NAME":"Ballardong","SUBJECTO":"Ballardong","BORDERPRECISION":3}},
{"type":"Feature","geometry":{"type":"Polygon","coordinates":[[[143.67,-14.29],[143.58,-14.06],[143.58,-14.04],[143.44,-14.07],[143.35,-14.1],[143.36,-14.12],[143.42,-14.24],[143.43,-14.32],[143.67,-14.29]]]},"properties":{"NAME":"Umbindhamu","SUBJECTO":"Umbindhamu","BORDERPRECISION":3}},
{"type":"Feature","geometry":{"type":"Polygon","coordinates":[[[134.79,-13.9],[134.79,-13.91],[134.95,-14.32],[135.05,-14.46],[135.41,-14.43],[135.49,-14.46],[135.51,-14.47],[135.59,-14.35],[135.59,-14.18],[135.43,-13.84],[135.32,-13.69],[135.27,-13.65],[135.26,-13.67],[135.14,-13.8],[134.92,-13.86],[134.79,-13.9]]]},"properties":{"NAME":"Ngandi","SUBJECTO":"Ngandi","BORDERPRECISION":3}},
{"type":"Feature","geometry":{"type":"Polygon","coordinates":[[[143.5,-13.78],[143.5,-13.77],[143.43,-13.8],[143.4,-13.81],[143.39,-13.82],[143.36,-14.02],[143.34,-14.08],[143.35,-14.1],[143.44,-14.07],[143.58,-14.04],[143.54,-13.94],[143.5,-13.78]]]},"properties":{"NAME":"Kuuku-yani","SUBJECTO":"Kuuku-yani","BORDERPRECISION":3}},
{"type":"Feature","geometry":{"type":"Polygon","coordinates":[[[146.11,-18.55],[145.85,-18.51],[145.75,-18.44],[145.69,-18.45],[145.68,-18.48],[145.69,-18.48],[145.83,-18.65],[145.85,-18.68],[145.96,-18.89],[146.35,-19.24],[146.5,-19.31],[146.57,-19.33],[146.52,-19.27],[146.35,-19.1],[146.28,-19.01],[146.16,-18.7],[146.13,-18.63],[146.11,-18.55]]]},"properties":{"NAME":"Nyawaygi","SUBJECTO":"Nyawaygi","BORDERPRECISION":3}},
{"type":"Feature","geometry":{"type":"Polygon","coordinates":[[[145.61,-21.69],[145.6,-21.71],[145.61,-21.76],[145.87,-22.16],[145.89,-22.37],[145.88,-22.39],[146.06,-22.46],[146.06,-22.44],[146.5,-22.33],[146.72,-22.33],[146.77,-22.33],[146.78,-22.33],[146.84,-22.16],[146.82,-21.92],[146.79,-21.87],[146.68,-21.88],[146.55,-21.66],[146.55,-21.6],[146.35,-21.59],[145.95,-21.64],[145.61,-21.69]]]},"properties":{"NAME":"Miyan","SUBJECTO":"Miyan","BORDERPRECISION":3}},
{"type":"Feature","geometry":{"type":"Polygon","coordinates":[[[123.29,-21.36],[123.29,-21.37],[123.41,-21.36],[123.61,-21.42],[124.09,-22.35],[125.21,-21.96],[125.39,-21.81],[125.52,-21.81],[125.84,-21.81],[126.04,-21.58],[126.45,-20.63],[126.45,-20.37],[126.34,-20.34],[126.08,-20.28],[125.11,-20.18],[124.96,-20.2],[124.9,-20.2],[124.72,-20.22],[124.26,-20.53],[123.84,-20.53],[123.84,-20.68],[123.84,-20.75],[123.71,-20.9],[123.56,-21.05],[123.29,-21.36]]]},"properties":{"NAME":"Yulparitja","SUBJECTO":"Yulparitja","BORDERPRECISION":3}},
{"type":"Feature","geometry":{"type":"Polygon","coordinates":[[[148.73,-24.23],[148.63,-24.34],[148.56,-24.42],[148.59,-24.44],[148.62,-24.46],[148.7,-24.48],[148.74,-24.53],[148.86,-24.88],[148.83,-25.03],[148.85,-25.13],[148.85,-25.17],[148.86,-25.2],[149.03,-25.18],[149.03,-25.17],[148.99,-25.12],[148.99,-24.59],[149.02,-24.38],[148.75,-24.26],[148.73,-24.23]]]},"properties":{"NAME":"Garingbal","SUBJECTO":"Garingbal","BORDERPRECISION":3}},
{"type":"Feature","geometry":{"type":"Polygon","coordinates":[[[144.62,-36.53],[144.68,-36.47],[144.77,-36.37],[144.8,-36.28],[144.85,-36.14],[144.86,-36.11],[144.87,-36.08],[144.53,-35.85],[144.67,-35.58],[145.11,-35.32],[145.13,-35.3],[145.13,-35.26],[145.11,-35.22],[145,-34.98],[144.88,-34.81],[144.88,-34.8],[144.85,-34.78],[144.84,-34.76],[144.76,-34.9],[144.66,-35.03],[144.54,-35.16],[144.46,-35.25],[144.38,-35.31],[144.21,-35.43],[143.82,-35.72],[143.73,-35.8],[143.71,-35.81],[143.78,-35.84],[143.95,-35.86],[144,-35.99],[143.97,-36.04],[144,-36.07],[144.03,-36.13],[144.07,-36.13],[144.13,-36.14],[144.19,-36.19],[144.57,-36.2],[144.7,-36.33],[144.72,-36.36],[144.64,-36.46],[144.62,-36.53]]]},"properties":{"NAME":"Baraba Baraba","SUBJECTO":"Baraba Baraba","BORDERPRECISION":3}},
{"type":"Feature","geometry":{"type":"Polygon","coordinates":[[[141.16,-17.49],[141.14,-17.48],[141.04,-17.47],[140.92,-17.43],[140.88,-17.42],[140.71,-17.63],[140.76,-17.61],[140.84,-17.7],[140.97,-17.6],[141.16,-17.49]]]},"properties":{"NAME":"Kuthant","SUBJECTO":"Kuthant","BORDERPRECISION":3}},
{"type":"Feature","geometry":{"type":"Polygon","coordinates":[[[149.96,-32.44],[150.12,-32.73],[150.11,-32.76],[150.1,-32.82],[150.3,-32.83],[150.61,-32.88],[151.4,-32.91],[151.42,-32.9],[151.45,-32.89],[151.52,-32.87],[151.58,-32.77],[151.59,-32.75],[151.61,-32.52],[151.6,-32.52],[151.56,-32.5],[151.3,-32.43],[150.85,-32.26],[150.56,-32.26],[150.18,-32.38],[149.96,-32.44]]]},"properties":{"NAME":"Wonnarua","SUBJECTO":"Wonnarua","BORDERPRECISION":3}},
{"type":"Feature","geometry":{"type":"Polygon","coordinates":[[[132.85,-12.84],[133.61,-13.32],[133.65,-13.04],[133.51,-12.91],[133.44,-12.88],[133.32,-12.83],[132.91,-12.78],[132.85,-12.84]]]},"properties":{"NAME":"Wuningangk","SUBJECTO":"Wuningangk","BORDERPRECISION":3}},
{"type":"Feature","geometry":{"type":"Polygon","coordinates":[[[142.38,-31.41],[142.33,-31.42],[142.33,-31.43],[142.28,-31.63],[141.84,-32.05],[141.22,-32.38],[139.92,-32.77],[139.88,-32.78],[139.3,-32.9],[138.93,-33.19],[138.93,-33.48],[139.09,-33.67],[139.13,-33.66],[139.21,-33.63],[139.52,-33.47],[140.32,-33.29],[140.8,-33.39],[140.89,-33.42],[140.97,-33.44],[141.09,-33.34],[141.77,-32.93],[142.5,-32.33],[142.94,-32.04],[143.28,-31.68],[143.44,-31.56],[143.53,-31.51],[143.49,-31.47],[143.43,-31.4],[143.41,-31.38],[142.61,-31.37],[142.38,-31.41]]]},"properties":{"NAME":"Danggali","SUBJECTO":"Danggali","BORDERPRECISION":3}},
{"type":"Feature","geometry":{"type":"Polygon","coordinates":[[[146.85,-29.94],[146.81,-29.9],[146.84,-29.86],[146.78,-29.83],[146.66,-29.74],[145.85,-29.64],[145.8,-29.67],[145.79,-29.75],[145.68,-29.95],[145.6,-30.16],[145.57,-30.19],[145.6,-30.17],[145.68,-30.09],[145.97,-29.95],[146.21,-29.95],[146.68,-29.93],[146.85,-29.94]]]},"properties":{"NAME":"Barranbinya","SUBJECTO":"Barranbinya","BORDERPRECISION":3}},
{"type":"Feature","geometry":{"type":"Polygon","coordinates":[[[130.03,-14.44],[130.04,-14.45],[130.07,-14.47],[130.16,-14.47],[130.28,-14.49],[130.32,-14.51],[130.34,-14.51],[130.45,-14.54],[130.89,-14.41],[130.94,-14.25],[130.91,-14.01],[130.89,-13.86],[130.88,-13.81],[130.87,-13.8],[130.73,-13.8],[130.59,-13.85],[130.42,-13.89],[130.31,-13.89],[130.3,-13.89],[130.3,-13.91],[130.29,-14],[130.21,-14.09],[130.11,-14.13],[130.1,-14.13],[130.09,-14.13],[130.03,-14.2],[130.01,-14.28],[129.99,-14.34],[130.01,-14.39],[130.02,-14.41],[130.03,-14.43],[130.03,-14.44]]]},"properties":{"NAME":"Ngan’giwumirri","SUBJECTO":"Ngan’giwumirri","BORDERPRECISION":3}},
{"type":"Feature","geometry":{"type":"Polygon","coordinates":[[[151.57,-33.22],[151.77,-33],[151.84,-32.89],[151.93,-32.84],[151.83,-32.85],[151.69,-32.8],[151.58,-32.77],[151.52,-32.87],[151.45,-32.89],[151.47,-32.9],[151.46,-33.08],[151.43,-33.16],[151.52,-33.18],[151.6,-33.19],[151.57,-33.22]]]},"properties":{"NAME":"Awabakal","SUBJECTO":"Awabakal","BORDERPRECISION":3}},
{"type":"Feature","geometry":{"type":"Polygon","coordinates":[[[115.76,-32.49],[115.77,-32.75],[115.97,-32.99],[116.02,-32.76],[116.11,-32.52],[116.14,-32.39],[116.03,-32.44],[115.76,-32.49]]]},"properties":{"NAME":"Pinjarup","SUBJECTO":"Pinjarup","BORDERPRECISION":3}},
{"type":"Feature","geometry":{"type":"Polygon","coordinates":[[[140.95,-21.94],[140.94,-21.95],[140.95,-22.3],[140.98,-22.31],[141.01,-22.27],[141.04,-22.28],[141.27,-22.35],[141.59,-22.57],[142.1,-22.82],[142.95,-22.52],[143.19,-22.52],[143.21,-22.43],[143.21,-22.41],[143.22,-22.4],[143.33,-22.09],[143.33,-21.78],[143.32,-21.68],[143.24,-21.7],[142.98,-21.73],[142.54,-21.88],[141.66,-21.71],[141.37,-21.75],[141.12,-21.89],[141.03,-21.92],[140.95,-21.94]]]},"properties":{"NAME":"Guwa","SUBJECTO":"Guwa","BORDERPRECISION":3}},
{"type":"Feature","geometry":{"type":"Polygon","coordinates":[[[128.45,-30.11],[128.47,-29.78],[128.34,-29.5],[127.86,-29.06],[127.64,-28.79],[127.45,-28.59],[127.42,-28.56],[127.38,-28.52],[127.37,-28.52],[127.28,-28.56],[127.13,-28.63],[126.94,-28.83],[126.65,-28.88],[125.93,-28.56],[125.07,-28.03],[124.61,-27.61],[124.42,-27.52],[124.39,-27.51],[124.37,-27.52],[124.17,-27.63],[123.88,-27.88],[123.28,-28.29],[122.63,-28.66],[122.63,-28.7],[122.63,-28.73],[122.64,-28.85],[122.73,-28.94],[123.41,-30.11],[123.51,-30.47],[123.52,-30.73],[123.56,-30.9],[123.56,-30.92],[124.42,-30.96],[125.19,-30.65],[126.36,-30.38],[127.13,-30.37],[128.17,-30.13],[128.45,-30.13],[128.45,-30.11]]]},"properties":{"NAME":"Nyanganyatjara","SUBJECTO":"Nyanganyatjara","BORDERPRECISION":3}},
{"type":"Feature","geometry":{"type":"MultiPolygon","coordinates":[[[[123.38,-30.99],[124.22,-31.03],[124.42,-30.96],[123.56,-30.92],[123.55,-30.95],[123.35,-30.92],[123.25,-30.95],[123.38,-30.99]]],[[[120.41,-32.78],[120.39,-32.77],[120.33,-32.95],[120.2,-33.08],[120.38,-33.01],[120.46,-32.88],[120.41,-32.78]]],[[[117.88,-24.03],[117.67,-24.03],[118.44,-24.37],[118.57,-24.34],[118.79,-23.58],[118.8,-23.54],[118.58,-23.53],[118.5,-23.63],[117.88,-24.03]]],[[[136.97,-22.89],[136.49,-23.06],[136.16,-23.3],[136.16,-24.31],[136.31,-25.06],[138.08,-24.71],[138.37,-24.58],[138.36,-23.92],[138.33,-23.67],[137.98,-23.65],[137.19,-23.34],[136.97,-22.89]]],[[[119.44,-28.76],[120,-29.32],[120.74,-30.63],[120.99,-30.73],[120.22,-29.4],[119.69,-29.01],[119.52,-28.81],[119.44,-28.76]]],[[[118.47,-28.4],[118.42,-28.37],[118.69,-28.56],[119.2,-28.64],[118.47,-28.4]]],[[[113.77,-22.86],[113.72,-22.82],[113.62,-22.66],[113.74,-23.25],[113.77,-22.86]]],[[[113.37,-24.26],[113.43,-24.87],[113.9,-25.59],[113.75,-25.32],[113.55,-24.88],[113.57,-24.79],[113.37,-24.26]]],[[[153,-27.08],[152.93,-27.06],[152.84,-27.19],[152.85,-27.23],[152.98,-27.28],[153.06,-27.1],[153,-27.08]]],[[[133.63,-13.56],[133.8,-13.93],[134.81,-14.61],[134.87,-14.61],[135.03,-14.45],[134.95,-14.32],[134.79,-13.91],[134.68,-13.94],[134.33,-13.42],[134.32,-13.43],[133.95,-13.1],[133.75,-13.02],[133.65,-13.04],[133.61,-13.32],[133.64,-13.41],[133.63,-13.56]]],[[[132.11,-14.6],[132.21,-14.77],[132.46,-14.98],[133.1,-14.96],[132.93,-14.74],[132.11,-14.6]]],[[[132.26,-13.08],[132.29,-13.07],[132.32,-13.05],[132.34,-12.98],[132.41,-12.8],[132.43,-12.75],[132.3,-12.79],[132.21,-12.8],[131.72,-12.95],[131.66,-12.94],[131.21,-12.92],[131.2,-12.92],[131.1,-12.96],[130.98,-12.98],[131.52,-13.23],[131.6,-13.21],[131.92,-13.1],[132.18,-13.19],[132.26,-13.08]]],[[[142.85,-36.58],[142.84,-36.59],[143.01,-36.9],[143.24,-36.91],[142.85,-36.58]]],[[[142.98,-36.37],[142.91,-36.4],[142.91,-36.48],[142.98,-36.37]]],[[[116.41,-35.08],[116.43,-35.05],[116,-34.94],[115.65,-34.6],[115.14,-34.4],[115.05,-34.38],[115.02,-34.26],[115.05,-34.42],[115.62,-34.63],[115.97,-34.94],[116.56,-35.19],[117.74,-35.22],[116.41,-35.08]]],[[[118.65,-34.25],[118.57,-34.23],[117.67,-34.05],[117.56,-34.21],[116.21,-33.95],[116.18,-34.17],[116.56,-34.84],[116.57,-34.83],[118.65,-34.25]]],[[[119.01,-34.61],[119.35,-34.55],[118.92,-34.29],[119.03,-34.49],[119.01,-34.61]]],[[[113.06,-26.12],[114.34,-28.49],[113.7,-26.81],[113.6,-26.76],[113.06,-26.12]]],[[[122.31,-18.07],[122.25,-18.06],[122.21,-18.05],[122.23,-18.14],[122.31,-18.07]]],[[[122.16,-17.79],[122.15,-17.73],[122.1,-17.38],[122.09,-17.62],[122.18,-17.92],[122.16,-17.79]]],[[[138.11,-34.25],[138.05,-34.19],[137.92,-34.63],[138.27,-34.58],[138.11,-34.25]]],[[[152.74,-27.33],[152.72,-27.44],[152.85,-27.49],[152.89,-27.48],[152.81,-27.29],[152.8,-27.3],[152.74,-27.33]]],[[[140.79,-36.86],[140.72,-36.9],[140.63,-37.07],[140.22,-37.08],[140.19,-37.08],[141.05,-37.75],[141.23,-37.77],[141.42,-37.64],[141.38,-37.6],[141.04,-36.94],[141.01,-36.9],[141.01,-36.89],[140.98,-36.84],[140.99,-36.76],[140.9,-36.78],[140.79,-36.86]]],[[[148.55,-27.43],[148.57,-27.46],[148.51,-26.99],[148.45,-26.9],[148.37,-26.53],[148.37,-26.6],[148.55,-27.43]]],[[[147.68,-27.7],[147.59,-27.75],[148.38,-28.27],[148.41,-28.26],[149.51,-27.97],[149.41,-27.79],[148.54,-27.81],[147.68,-27.7]]],[[[128.46,-30.13],[128.45,-30.13],[128.17,-30.13],[127.13,-30.37],[128.69,-30.34],[131.04,-30.64],[131.29,-30.28],[131.37,-30.23],[131.36,-30.22],[131.35,-30.22],[131.25,-30.21],[130.16,-30.12],[129.34,-30.09],[128.46,-30.13]]],[[[143.11,-38.77],[143.13,-38.71],[142.53,-38.47],[142.51,-38.41],[140.98,-38.09],[140.95,-38.07],[140.33,-37.87],[143.36,-38.97],[143.46,-38.96],[144.31,-38.57],[144.58,-38.5],[144.57,-38.41],[144.4,-38.4],[144.26,-38.44],[144.17,-38.49],[143.73,-38.83],[143.52,-38.91],[143.11,-38.77]]],[[[122.73,-16.74],[122.73,-16.72],[122.76,-16.6],[122.65,-16.74],[122.73,-16.74]]],[[[131.94,-16.31],[131.93,-16.44],[132.23,-16.31],[132.33,-16.11],[132.32,-15.96],[132.3,-15.98],[132.18,-15.98],[132.14,-16],[131.94,-16.31]]],[[[152.57,-27.75],[152.43,-27.77],[151.51,-27.84],[151.46,-27.95],[151.5,-28.11],[151.68,-28.25],[152.54,-27.99],[152.65,-27.88],[152.69,-27.82],[152.69,-27.75],[152.57,-27.75]]],[[[116.39,-31.39],[116.39,-31.47],[116.67,-31.99],[116.63,-32.14],[117.51,-32.38],[116.73,-32.12],[116.73,-31.6],[116.43,-31.47],[117.59,-30.6],[117.92,-30.67],[116.95,-30.12],[116.83,-30.05],[116.39,-31.39]]],[[[114.97,-30.34],[114.95,-30.31],[114.9,-30.13],[115.06,-30.8],[115.49,-31.55],[115.98,-31.42],[115.92,-31.37],[115.43,-31.39],[114.97,-30.34]]],[[[114.69,-21.95],[114.64,-21.98],[114.92,-22.42],[115.26,-22.43],[115.13,-22.4],[114.69,-21.95]]],[[[148.91,-26.12],[148.88,-26.09],[148.72,-26.08],[149.4,-26.32],[149.42,-26.29],[149.42,-26.19],[148.91,-26.12]]],[[[130.98,-17.55],[131.56,-16.6],[131.39,-16.77],[130.97,-17.39],[130.96,-17.48],[130.98,-17.87],[130.98,-17.83],[130.98,-17.55]]],[[[136.65,-34.12],[137.07,-33.95],[137.83,-33.02],[137.8,-33.01],[137.76,-33],[136.92,-33.93],[136.8,-33.95],[136.65,-34.12]]],[[[123.57,-17.17],[123.6,-17.16],[123.51,-17.11],[123.5,-17.32],[123.53,-17.38],[123.56,-17.21],[123.57,-17.17]]],[[[141.59,-13.15],[141.56,-13.39],[141.58,-13.36],[141.62,-13.35],[141.59,-13.15]]],[[[145.24,-27.39],[145.32,-27.48],[145.69,-27.56],[145.81,-27.55],[146.31,-27.17],[146.43,-27.01],[146.47,-26.98],[145.6,-27.12],[145.54,-26.39],[145.32,-26.42],[145.13,-26.8],[145.24,-27.39]]],[[[130.47,-13.37],[130.48,-13.42],[131.33,-13.62],[131.34,-13.63],[131.17,-13.45],[130.47,-13.37]]],[[[124.43,-32.94],[124,-33.42],[126.06,-32.43],[131.36,-31.67],[131.02,-31.55],[126.01,-32.27],[124.43,-32.94]]],[[[152.01,-32.84],[151.84,-32.89],[151.77,-33],[152.31,-32.7],[152.01,-32.84]]],[[[146.63,-38.88],[146.91,-38.72],[146.65,-38.76],[146.63,-38.87],[146.63,-38.88]]],[[[146.63,-19.26],[146.35,-19.1],[146.52,-19.27],[146.63,-19.27],[146.63,-19.26]]],[[[117.45,-33.65],[117.56,-33.77],[117.65,-33.81],[117.45,-33.65]]],[[[118.67,-33.52],[118.58,-33.28],[118.44,-33.17],[118.67,-33.52]]],[[[119.46,-34.4],[119.51,-34.34],[119.16,-34.1],[119.46,-34.4]]],[[[133.01,-12.08],[132.93,-12.09],[132.88,-12.17],[132.87,-12.24],[132.92,-12.68],[132.89,-12.77],[132.91,-12.78],[133.32,-12.83],[133.32,-12.81],[133.01,-12.08]]],[[[147.47,-19.65],[147.25,-19.71],[147.26,-19.89],[147.47,-19.65]]],[[[114.59,-28.72],[114.45,-28.65],[114.54,-28.78],[114.59,-28.72]]],[[[116.67,-29.95],[116.72,-30],[116.52,-29.6],[116.38,-29.38],[116.67,-29.95]]],[[[146.93,-38.71],[148.04,-38.1],[149.5,-37.93],[149.85,-37.64],[149.43,-37.81],[149.31,-37.83],[147.74,-38.05],[146.93,-38.71]]],[[[144.7,-38.09],[144.73,-38.08],[144.6,-38.05],[144.7,-38.09]]],[[[117.96,-32.98],[118.04,-32.98],[117.8,-32.77],[117.96,-32.98]]]]},"properties":{"NAME":"Australian aboriginal hunter-gatherers","SUBJECTO":"Australian aboriginal hunter-gatherers","BORDERPRECISION":1}},
{"type":"Feature","geometry":{"type":"MultiPolygon","coordinates":[[[[12.9,53.93],[13.67,54.08],[12.46,54.25],[12.9,53.93]]],[[[11.18,59.07],[13.3,55.3],[15.77,56.03],[16.74,58.31],[19.04,59.86],[17.15,60.95],[18.49,62.98],[20.7,63.82],[22.65,65.93],[25.25,65.42],[21.03,62.48],[21.56,60.51],[23.66,59.84],[26.53,60.39],[27.44,61.25],[27.57,61.27],[27.65,61.29],[28.57,61.44],[31.11,62.76],[30.01,63.76],[29.87,63.79],[29.86,63.85],[29.45,66.13],[30.21,69.4],[25.63,68.81],[20.17,68.96],[16.21,67.31],[11.93,62.55],[12.42,60.04],[11.18,59.07]]]]},"properties":{"NAME":"Sweden","SUBJECTO":"Sweden","BORDERPRECISION":3}},
{"type":"Feature","geometry":{"type":"Polygon","coordinates":[[[30.01,63.76],[29.86,63.85],[29.87,63.79],[30.01,63.76]]]},"properties":{"NAME":"Russian Empire","SUBJECTO":"Russian Empire","BORDERPRECISION":3}},
{"type":"Feature","geometry":{"type":"Polygon","coordinates":[[[10.66,45.81],[10.45,46.83],[10.38,46.69],[10.29,46.55],[10.24,46.64],[10.04,46.55],[10.04,46.45],[10.17,46.41],[10.04,46.23],[9.95,46.38],[9.59,46.31],[10.67,45.37],[10.66,45.81]]]},"properties":{"NAME":"Lombardy","SUBJECTO":"3","BORDERPRECISION":0}},
{"type":"Feature","geometry":{"type":"MultiPolygon","coordinates":[[[[30.21,69.4],[31.05,69.64],[28.31,70.95],[20.16,69.75],[13.17,66.46],[9.83,63.68],[5.15,61.74],[5.62,58.46],[8.15,58.09],[11.18,59.07],[12.42,60.04],[11.93,62.55],[16.21,67.31],[20.17,68.96],[25.63,68.81],[30.21,69.4]]],[[[-23.57,65.68],[-22.37,63.77],[-18.64,63.32],[-14.82,64.2],[-13.65,65.5],[-16.39,66.45],[-21.08,65.21],[-23.57,65.68]]],[[[-26.09,71.19],[-24.08,73.76],[-20.33,73.42],[-18.25,77.3],[-20.88,78.82],[-14.2,81.21],[-32.51,83.58],[-67.14,80.56],[-65.48,79.16],[-72.38,78.53],[-67.04,75.94],[-58.64,75.79],[-54.73,73.04],[-51.72,71.59],[-50.48,67.48],[-52.3,66.91],[-51.37,63.73],[-48.92,61.42],[-43.14,59.82],[-39.99,65.53],[-35.97,65.85],[-32.96,67.64],[-26.96,68.5],[-22.73,69.77],[-26.09,71.19]]]]},"properties":{"NAME":"Denmark-Norway","SUBJECTO":"","BORDERPRECISION":3}},
{"type":"Feature","geometry":{"type":"MultiPolygon","coordinates":[[[[30.43,46.18],[33.64,45.93],[37.42,47.08],[37.47,44.69],[41.41,42.79],[41.48,41.44],[42.88,41.55],[44.98,42.77],[47.35,41.44],[47.49,43.58],[47.56,45.45],[51.37,47.09],[51.9,49.39],[51.39,51.06],[55.25,51.71],[58.33,50.93],[59.1,53.63],[64.46,53.58],[64.69,54.27],[72.99,55.31],[78.65,50.81],[84.27,49.2],[85.38,48.15],[90,51.57],[91.97,51.57],[95.19,53.8],[97.61,52.15],[102.12,51.36],[103.68,50.17],[106.32,50.42],[109.42,49.3],[112.52,49.46],[114.1,50.27],[117.49,49.59],[120.75,52.01],[121.96,55.91],[129.21,56.87],[130.39,56.05],[132.02,52.43],[137.24,53.46],[134.99,54.85],[137.23,55.98],[142.85,59.27],[148.42,59.1],[154.32,59.98],[157.1,61.63],[160.64,60.72],[158.33,58.03],[156.78,57.58],[155.47,54.92],[156.7,50.96],[161.5,55.29],[161.8,58.1],[163.39,59.81],[170.34,60.28],[173.48,61.6],[179.29,62.82],[180,64.95],[180,65.05],[180,65.31],[180,65.38],[180,65.96],[180,66.96],[180,67.96],[180,68.92],[175.61,69.78],[167.32,69.66],[159.44,69.76],[158.41,70.81],[152.13,70.66],[146.92,72.2],[141.29,72.79],[137.63,71.08],[126.22,72.38],[118.46,73.52],[108.34,73.69],[113.53,76.09],[103.39,77.56],[99.47,75.97],[90,75.6],[87.69,73.9],[80.46,73.31],[79.22,72.27],[73.22,71.46],[74.74,67.69],[72.84,67.65],[72.71,72.77],[69.34,72.83],[66.82,71.11],[66.58,68.89],[62.28,69.71],[57.02,68.45],[53.89,68.79],[44.38,66.61],[39.95,65.58],[37.41,63.75],[35.08,64.29],[35.77,66.26],[39.19,66.04],[40.83,67.66],[31.05,69.64],[30.21,69.4],[29.45,66.13],[29.86,63.85],[30.01,63.76],[31.11,62.76],[28.57,61.44],[27.65,61.29],[27.57,61.27],[27.44,61.25],[26.53,60.39],[23.42,59.12],[24.32,57.34],[30.83,55.73],[30.36,53.59],[30.83,51.33],[29.41,50.02],[30,48.59],[29.01,47.55],[30.43,46.18]]],[[[-175.99,67.85],[-180,68.92],[-180,67.96],[-180,66.96],[-180,65.96],[-180,65.38],[-180,65.31],[-180,65.26],[-178.12,65.48],[-173.08,64.38],[-171.96,66.96],[-175.99,67.85]]]]},"properties":{"NAME":"Russian Empire","SUBJECTO":"Russian Empire","BORDERPRECISION":3}},
{"type":"Feature","geometry":{"type":"Polygon","coordinates":[[[92.17,27.15],[91.61,28.02],[89.3,27.85],[92.17,27.15]]]},"properties":{"NAME":"Bhutan","SUBJECTO":"3","BORDERPRECISION":0}},
{"type":"Feature","geometry":{"type":"Polygon","coordinates":[[[107.88,21.46],[110.08,20.87],[113.72,22.48],[116.34,22.91],[118.81,24.85],[119.43,26.59],[121.36,28.39],[121.61,31.83],[119.02,34.69],[120.14,36.19],[117.59,38.28],[121.01,40.85],[124.13,39.84],[126.47,41.65],[128.1,41.45],[130.44,42.28],[132.18,43.19],[134.14,42.99],[137.72,46],[140.08,48.5],[141.12,53.05],[138.42,54.09],[137.24,53.46],[132.02,52.43],[130.39,56.05],[129.21,56.87],[121.96,55.91],[120.75,52.01],[117.49,49.59],[114.1,50.27],[112.52,49.46],[109.42,49.3],[106.32,50.42],[103.68,50.17],[102.12,51.36],[97.61,52.15],[95.19,53.8],[91.97,51.57],[90,51.57],[85.38,48.15],[81.22,46.56],[79.15,46.6],[76.24,46.55],[74.28,46],[74.1,44.99],[76.48,38.28],[78.42,37.73],[79.17,37.17],[80.17,31.57],[81.45,30.4],[85.14,28.34],[88.2,27.82],[89.3,27.85],[91.61,28.02],[92.17,27.15],[92.16,26.5],[94.32,26.88],[95.48,27.91],[97.34,28.18],[98.73,26.34],[97.7,23.88],[100.32,21.46],[101.97,22.53],[105.31,23.3],[107.88,21.46]]]},"properties":{"NAME":"Qing Empire","SUBJECTO":"Qing Empire","BORDERPRECISION":0}},
{"type":"Feature","geometry":{"type":"Polygon","coordinates":[[[44.64,39.66],[46.65,38.96],[49.04,39.14],[49.81,40.58],[47.49,43.58],[47.35,41.44],[44.98,42.77],[42.88,41.55],[44.64,39.66]]]},"properties":{"NAME":"central Asian khanates","SUBJECTO":"central Asian khanates","BORDERPRECISION":3}},
{"type":"Feature","geometry":{"type":"Polygon","coordinates":[[[59.45,45.19],[59.13,45.19],[59.05,44.95],[59.24,44.8],[59.45,45.19]]]},"properties":{"NAME":"central Asian khanates","SUBJECTO":"central Asian khanates","BORDERPRECISION":3}},
{"type":"Feature","geometry":{"type":"Polygon","coordinates":[[[59.9,45.7],[59.78,45.7],[59.79,45.59],[59.91,45.6],[59.9,45.7]]]},"properties":{"NAME":"central Asian khanates","SUBJECTO":"central Asian khanates","BORDERPRECISION":3}},
{"type":"Feature","geometry":{"type":"Polygon","coordinates":[[[124.13,39.84],[124.74,38.28],[126.63,37.59],[126.37,34.79],[129.44,35.48],[129.34,37.26],[127.28,39.22],[129.48,40.68],[130.44,42.28],[128.1,41.45],[126.47,41.65],[124.13,39.84]]]},"properties":{"NAME":"Korea","SUBJECTO":"Korea","BORDERPRECISION":3}},
{"type":"Feature","geometry":{"type":"Polygon","coordinates":[[[66.93,28.11],[66.3,25.49],[68.79,23.03],[70.3,22.83],[71.04,24.65],[70.13,27.72],[67.98,29.46],[66.93,28.11]]]},"properties":{"NAME":"Sind","SUBJECTO":"Sind","BORDERPRECISION":3}},
{"type":"Feature","geometry":{"type":"Polygon","coordinates":[[[82.97,24.99],[82.91,26.52],[83.87,27.38],[81.3,28.29],[80.85,26.36],[82.97,24.99]]]},"properties":{"NAME":"Oudh","SUBJECTO":"Oudh","BORDERPRECISION":3}},
{"type":"Feature","geometry":{"type":"Polygon","coordinates":[[[67.98,29.46],[70.13,27.72],[72.22,28.29],[74.13,30.8],[70.94,33.73],[69.66,32.43],[67.98,29.46]]]},"properties":{"NAME":"Multan","SUBJECTO":"Multan","BORDERPRECISION":3}},
{"type":"Feature","geometry":{"type":"Polygon","coordinates":[[[70.94,33.73],[74.13,30.8],[76.29,31.14],[79.11,31.46],[81.45,30.4],[80.17,31.57],[79.17,37.17],[78.42,37.73],[76.49,36.65],[74.43,37.47],[70.94,33.73]]]},"properties":{"NAME":"Lahore","SUBJECTO":"Lahore","BORDERPRECISION":3}},
{"type":"Feature","geometry":{"type":"Polygon","coordinates":[[[80.85,26.36],[81.3,28.29],[78.13,30.78],[76.29,31.14],[74.13,30.8],[72.22,28.29],[70.13,27.72],[71.04,24.65],[70.3,22.83],[70.31,22.83],[72.75,23.72],[75.39,22.7],[80.85,26.36]]]},"properties":{"NAME":"Mahratta states","SUBJECTO":"Mahratta states","BORDERPRECISION":3}},
{"type":"Feature","geometry":{"type":"Polygon","coordinates":[[[106.09,11.01],[107.38,12.35],[107.39,14.56],[103.62,14.41],[102.36,13.51],[102.61,12.1],[103.04,10.9],[104.39,10.31],[106.09,11.01]]]},"properties":{"NAME":"Cambodia","SUBJECTO":"Cambodia","BORDERPRECISION":3}},
{"type":"Feature","geometry":{"type":"Polygon","coordinates":[[[94.47,17.64],[94.14,16.01],[95.33,15.68],[97.57,16.45],[98.49,13.11],[98.59,10.12],[99.58,11.89],[98.14,15.19],[98.82,16.32],[97.27,18.5],[97.37,20.78],[98.2,21.61],[97.7,23.88],[98.73,26.34],[97.34,28.18],[95.48,27.91],[94.32,26.88],[92.16,26.5],[90,26.36],[91.43,26.1],[91.57,24.35],[92.51,22.11],[94.7,20.02],[95.36,18.04],[94.47,17.64]]]},"properties":{"NAME":"Burma","SUBJECTO":"Burma","BORDERPRECISION":3}},
{"type":"Feature","geometry":{"type":"Polygon","coordinates":[[[102.07,6.15],[100.61,6.98],[99.07,9.9],[99.9,12.08],[100.87,12.68],[102.61,12.1],[102.36,13.51],[103.62,14.41],[107.39,14.56],[107.11,16.17],[104.81,18.72],[104.72,20.2],[102.99,20.94],[101.97,22.53],[100.32,21.46],[97.7,23.88],[98.2,21.61],[97.37,20.78],[97.27,18.5],[98.82,16.32],[98.14,15.19],[99.58,11.89],[98.59,10.12],[98.18,8.6],[100.16,6.34],[102.07,6.15]]]},"properties":{"NAME":"Rattanakosin Kingdom","SUBJECTO":"Rattanakosin Kingdom","BORDERPRECISION":3}},
{"type":"Feature","geometry":{"type":"Polygon","coordinates":[[[178.18,-18.24],[178.17,-17.34],[177.51,-17.51],[177.33,-18.12],[178.18,-18.24]]]},"properties":{"NAME":"Tuʻi Tonga Empire","SUBJECTO":"Tuʻi Tonga Empire","BORDERPRECISION":3}},
{"type":"Feature","geometry":{"type":"Polygon","coordinates":[[[-109.24,-27.13],[-109.37,-27.06],[-109.43,-27.2],[-109.24,-27.13]]]},"properties":{"NAME":"Polynesians","SUBJECTO":"Polynesians","BORDERPRECISION":3}},
{"type":"Feature","geometry":{"type":"Polygon","coordinates":[[[114.03,22.51],[114.33,22.27],[114.31,22.55],[114.03,22.51]]]},"properties":{"NAME":"Hong Kong","SUBJECTO":"Hong Kong","BORDERPRECISION":3}}
]}