{"type":"FeatureCollection", "features": [
{"type":"Feature","geometry":{"type":"Polygon","coordinates":[[[40.39,14.91],[40.22,15.08],[40.04,15.39],[39.9,15.5],[39.86,15.4],[39.89,15.18],[39.8,15.09],[39.52,15.46],[39.21,16.33],[39.01,17.06],[38.96,17.19],[38.04,16.23],[38.04,15.01],[38.78,14.39],[39.64,14.15],[40.39,14.91]]]},"properties":{"NAME":"Ottoman Empire","SUBJECTO":"Ottoman Empire","BORDERPRECISION":3}},
{"type":"Feature","geometry":{"type":"MultiPolygon","coordinates":[[[[136.72,37.27],[136.64,37.17],[136.67,36.67],[136.5,36.46],[136.19,36.2],[135.98,35.97],[135.93,35.76],[135.93,35.6],[135.73,35.45],[135.43,35.36],[135.36,35.32],[135.19,35.44],[135.16,35.65],[134.76,35.53],[134.22,35.45],[133.8,35.43],[133.23,35.31],[133.01,35.25],[132.98,35.44],[132.79,35.39],[132.66,35.38],[131.67,34.5],[131.33,34.29],[131.11,34.24],[130.89,34.25],[130.81,34.12],[130.78,33.97],[130.9,33.9],[131.39,33.94],[131.65,33.91],[131.99,33.8],[132,34.09],[132.18,34.29],[132.39,34.27],[132.48,34.13],[132.85,34.26],[133.59,34.44],[133.7,34.43],[133.83,34.39],[134.02,34.47],[134.21,34.57],[134.43,34.63],[134.78,34.55],[134.94,34.54],[135.21,34.62],[135.29,34.6],[135.32,34.47],[135.24,34.35],[135.01,34.2],[134.97,34.13],[135.06,33.77],[135.06,33.69],[135.19,33.6],[135.45,33.51],[135.76,33.34],[135.99,33.72],[136.2,34],[136.39,34.11],[136.77,34.17],[136.9,34.26],[136.71,34.4],[136.52,34.49],[136.51,34.52],[136.59,34.68],[136.62,34.76],[136.73,34.87],[137.04,34.73],[137.25,34.48],[137.53,34.53],[137.76,34.55],[138.15,34.53],[138.3,34.76],[138.45,34.9],[138.59,34.97],[138.68,34.99],[138.75,34.92],[138.75,34.65],[138.78,34.58],[138.86,34.57],[139.02,34.69],[139.05,35.02],[139.21,35.17],[139.42,35.17],[139.68,35.45],[139.91,35.55],[140,35.5],[139.92,35.26],[139.79,34.96],[139.83,34.84],[140.32,35.03],[140.39,35.41],[140.47,35.49],[140.56,35.54],[140.83,35.68],[140.64,35.84],[140.56,35.97],[140.55,36.29],[140.66,36.62],[140.96,36.96],[140.98,37.27],[140.92,37.62],[140.88,37.74],[140.87,37.92],[140.95,38.12],[141.02,38.21],[141.1,38.26],[141.43,38.39],[141.5,38.42],[141.47,38.59],[141.57,38.79],[141.89,39.13],[142,39.45],[142,39.67],[141.68,40.32],[141.57,40.46],[141.47,40.51],[141.44,40.79],[141.45,41.18],[141.44,41.27],[141.29,41.37],[141.09,41.44],[140.77,41.26],[140.94,41.11],[141.08,41.1],[141.15,40.87],[140.79,40.75],[140.66,40.72],[140.57,40.83],[140.47,40.99],[140.39,40.99],[140.24,40.84],[140.16,40.73],[139.92,40.57],[139.99,40.11],[139.91,39.99],[139.8,39.89],[139.86,39.78],[140.01,39.69],[140.03,39.48],[139.97,39.21],[139.9,39],[139.74,38.74],[139.75,38.68],[139.5,38.42],[139.44,38.19],[139.35,38.07],[139.2,37.92],[138.86,37.74],[138.7,37.45],[138.49,37.3],[138.32,37.21],[137.57,36.89],[137.46,36.85],[137.28,36.69],[137.18,36.64],[137.05,36.67],[136.98,36.83],[137.01,37.04],[137.12,37.15],[137.33,37.27],[137.31,37.43],[136.81,37.31],[136.72,37.27]]],[[[132.7,32.55],[132.9,32.67],[132.97,32.77],[133.04,32.99],[133.15,33.22],[133.24,33.3],[133.52,33.39],[133.73,33.38],[133.92,33.24],[134,33.15],[134.39,33.54],[134.52,33.65],[134.56,33.84],[134.61,33.9],[134.54,34.01],[134.15,34.11],[134.01,34.19],[133.81,34.18],[133.6,34.04],[133.46,33.88],[133.25,33.8],[132.97,33.79],[132.78,33.91],[132.58,33.64],[132.45,33.52],[132.12,33.35],[132.34,33.11],[132.42,32.93],[132.47,32.76],[132.57,32.64],[132.7,32.55]]],[[[130.74,30.89],[130.96,31.19],[131.05,31.28],[131.12,31.31],[131.21,31.35],[131.32,31.51],[131.37,31.8],[131.41,32.08],[131.45,32.25],[131.56,32.43],[131.83,32.69],[131.8,32.81],[131.6,33],[131.41,33.11],[131.67,33.31],[131.57,33.49],[131.29,33.39],[131.09,33.43],[130.97,33.5],[130.86,33.68],[130.64,33.7],[130.43,33.67],[130.32,33.55],[130.18,33.34],[129.86,33.26],[129.53,33.3],[129.34,33.15],[129.46,32.99],[129.63,32.87],[129.73,32.64],[129.85,32.59],[130.03,32.81],[130.11,32.93],[130.26,32.91],[130.5,32.56],[130.48,32.35],[130.44,32.28],[130.13,32.02],[130.06,31.97],[130.22,31.56],[130.21,31.43],[130.06,31.22],[130.09,31.12],[130.23,31.03],[130.4,31.23],[130.47,31.44],[130.58,31.53],[130.73,31.48],[130.67,31.21],[130.55,30.97],[130.58,30.91],[130.74,30.89]]],[[[140.11,41.27],[140.27,41.32],[140.44,41.54],[140.59,41.68],[140.71,41.7],[140.84,41.64],[140.98,41.65],[141.16,41.75],[141.02,41.87],[140.77,42.01],[140.25,42.23],[140.22,42.36],[140.42,42.49],[140.54,42.54],[140.69,42.55],[140.86,42.39],[140.93,42.26],[141.4,42.52],[141.72,42.54],[141.93,42.5],[142.84,42.07],[143.03,41.96],[143.21,41.93],[143.33,42.2],[143.51,42.42],[143.85,42.77],[144,42.88],[144.17,42.94],[144.37,42.95],[144.59,42.86],[144.75,42.87],[144.99,42.94],[145.2,43.05],[145.45,43.17],[145.36,43.33],[145.15,43.6],[145.06,43.79],[145.21,44.04],[145.35,44.2],[145.35,44.24],[145.14,44.18],[144.75,43.88],[144.61,43.84],[144.49,43.86],[144.03,43.95],[143.79,44.03],[143.51,44.16],[143.02,44.46],[142.54,44.84],[142.13,45.21],[141.9,45.4],[141.88,45.44],[141.6,45.28],[141.52,45.18],[141.57,44.97],[141.75,44.63],[141.74,44.25],[141.71,43.91],[141.51,43.8],[141.3,43.72],[141.3,43.19],[141.06,43.1],[140.9,43.13],[140.6,43.33],[140.5,43.32],[140.37,43.19],[140.52,43.06],[140.5,42.9],[140.21,42.73],[139.97,42.65],[139.71,42.48],[139.78,42.11],[139.85,42.04],[140.1,41.95],[140.12,41.79],[139.98,41.5],[140.01,41.38],[140.11,41.27]]]]},"properties":{"NAME":"Tokugawa Shogunate","SUBJECTO":"Tokugawa Shogunate","BORDERPRECISION":3}},
{"type":"Feature","geometry":{"type":"MultiPolygon","coordinates":[[[[-82.18,22.37],[-81.79,22.21],[-81.57,22.16],[-81.05,22.13],[-80.78,22.1],[-80.44,21.99],[-80.01,21.77],[-79.73,21.67],[-79.36,21.61],[-78.91,21.63],[-78.73,21.62],[-78.63,21.55],[-78.51,21.31],[-78.45,20.97],[-78.16,20.82],[-77.89,20.77],[-77.57,20.77],[-77.29,20.7],[-77.21,20.65],[-77.1,20.53],[-77.18,20.36],[-77.5,20.07],[-77.66,19.9],[-77.46,19.87],[-77.24,19.88],[-76.82,19.94],[-76.4,20.02],[-75.99,20],[-75.52,19.91],[-75.24,19.93],[-74.72,20.11],[-74.28,20.15],[-74.17,20.19],[-74.34,20.32],[-74.61,20.45],[-74.84,20.62],[-75.06,20.7],[-75.4,20.66],[-75.65,20.68],[-75.76,20.75],[-75.6,21.01],[-75.75,21.12],[-76.21,21.2],[-76.98,21.43],[-77.19,21.45],[-77.34,21.51],[-77.51,21.76],[-77.71,21.9],[-78.17,22.12],[-78.72,22.28],[-79.07,22.33],[-79.33,22.4],[-79.5,22.52],[-79.76,22.76],[-79.98,22.88],[-80.2,22.88],[-80.45,22.94],[-80.72,23.02],[-81.1,23.06],[-81.43,23.14],[-81.69,23.12],[-82.06,23.14],[-82.44,23.06],[-82.96,23.03],[-83.69,22.81],[-84.26,22.54],[-84.31,22.49],[-84.43,22.32],[-84.38,22.06],[-84.59,21.92],[-84.71,21.77],[-84.35,21.81],[-84.21,21.83],[-84.03,21.96],[-83.95,22.16],[-83.85,22.21],[-83.56,22.21],[-83.39,22.22],[-82.85,22.64],[-82.56,22.71],[-82.34,22.69],[-82.05,22.7],[-81.88,22.67],[-81.74,22.62],[-81.66,22.51],[-82.04,22.39],[-82.18,22.37]]],[[[-77.29,17.81],[-77.15,17.86],[-77.05,17.98],[-76.81,18],[-76.47,17.87],[-76.32,17.9],[-76.3,17.99],[-76.43,18.12],[-76.72,18.24],[-77.16,18.4],[-77.77,18.51],[-78.09,18.48],[-78.32,18.35],[-78.26,18.26],[-78.05,18.22],[-77.84,18.05],[-77.74,17.93],[-77.43,17.83],[-77.29,17.81]]]]},"properties":{"NAME":"Cuba (Spain)","SUBJECTO":"Spanish Habsburg","BORDERPRECISION":3}},
{"type":"Feature","geometry":{"type":"MultiPolygon","coordinates":[[[[-66.91,17.94],[-66.75,18.01],[-66.45,18.05],[-66.12,18.01],[-65.97,18.03],[-65.84,18.13],[-65.81,18.17],[-65.72,18.33],[-65.78,18.4],[-65.95,18.47],[-66.63,18.52],[-66.81,18.51],[-67.06,18.55],[-67.16,18.51],[-67.21,18.44],[-67.16,18.33],[-67.18,18.08],[-67.15,17.99],[-66.91,17.94]]],[[[-71.55,19.9],[-71.78,19.77],[-71.84,19.73],[-72.1,19.76],[-72.59,19.89],[-72.94,19.94],[-73.27,19.92],[-73.42,19.87],[-73.47,19.84],[-73.49,19.75],[-73.36,19.66],[-72.94,19.6],[-72.77,19.53],[-72.68,19.39],[-72.76,19.07],[-72.7,18.94],[-72.39,18.73],[-72.3,18.66],[-72.47,18.59],[-72.75,18.51],[-73.04,18.53],[-73.55,18.6],[-73.83,18.65],[-74.3,18.7],[-74.42,18.61],[-74.44,18.52],[-74.36,18.38],[-73.92,18.13],[-73.86,18.11],[-73.69,18.27],[-73.47,18.32],[-73.22,18.29],[-72.92,18.23],[-72.52,18.22],[-72.18,18.29],[-71.98,18.26],[-71.68,18],[-71.53,17.75],[-71.4,17.7],[-71.22,18],[-71.06,18.35],[-70.77,18.49],[-70.7,18.52],[-70.62,18.51],[-70.48,18.28],[-70.3,18.26],[-69.96,18.5],[-69.81,18.55],[-69.64,18.55],[-69.51,18.5],[-69.16,18.53],[-68.99,18.51],[-68.77,18.24],[-68.66,18.2],[-68.52,18.36],[-68.46,18.5],[-68.37,18.58],[-68.48,18.71],[-68.66,18.87],[-69.07,19.08],[-69.36,19.17],[-69.51,19.21],[-69.75,19.35],[-69.9,19.51],[-69.99,19.68],[-70.29,19.65],[-70.74,19.79],[-70.82,19.84],[-70.88,19.93],[-71.05,19.91],[-71.22,19.83],[-71.37,19.83],[-71.55,19.9]]]]},"properties":{"NAME":"Hispaniola (Spain)","SUBJECTO":"Spanish Habsburg","BORDERPRECISION":3}},
{"type":"Feature","geometry":{"type":"MultiPolygon","coordinates":[[[[120.36,14.53],[120.47,14.8],[120.71,14.73],[120.9,14.55],[121.22,14.42],[121.29,14.34],[121.1,14.25],[120.94,14.29],[120.8,14.39],[120.51,14.11],[120.6,13.92],[120.86,13.76],[121.01,13.66],[121.19,13.68],[121.25,13.71],[121.33,13.83],[121.49,13.89],[121.62,13.9],[122.07,13.65],[122.39,13.3],[122.49,13.43],[122.33,13.78],[122.37,13.88],[122.49,13.88],[122.82,13.62],[123.09,13.38],[123.2,13.24],[123.24,13.03],[123.42,12.98],[123.68,12.89],[123.82,12.98],[123.4,13.53],[123.49,13.62],[123.66,13.69],[123.74,13.76],[123.7,13.82],[123.64,13.83],[123.36,13.95],[123.13,13.69],[122.99,13.73],[122.86,13.89],[122.78,14.17],[122.67,14.27],[122.49,14.32],[122.4,14.31],[122.18,14.06],[122.11,13.92],[121.97,13.95],[121.77,14.1],[121.73,14.11],[121.61,14.39],[121.46,14.88],[121.3,15.21],[121.24,15.31],[121.37,15.5],[121.4,15.75],[121.4,15.87],[121.44,15.92],[121.69,16.06],[122.06,16.33],[122.2,16.54],[122.4,17.11],[122.31,17.26],[122.07,17.44],[122.01,17.79],[122.03,18.01],[122.15,18.21],[122.14,18.38],[122.05,18.45],[121.92,18.37],[121.84,18.28],[121.58,18.29],[121.04,18.53],[120.8,18.55],[120.65,18.49],[120.56,18.43],[120.39,18.04],[120.36,17.76],[120.32,17.37],[120.31,17.07],[120.25,16.87],[120.26,16.61],[120.3,16.42],[120.29,16.23],[120.2,16.04],[119.76,16.36],[119.68,16.19],[119.81,15.98],[119.79,15.66],[119.77,15.47],[119.97,14.9],[120.31,14.58],[120.36,14.53]]],[[[121.09,12.2],[121.18,12.4],[121.27,12.53],[121.32,12.74],[121.3,13.13],[121.18,13.33],[121.04,13.41],[120.65,13.41],[120.34,13.39],[120.55,13.15],[120.71,12.65],[120.73,12.55],[120.89,12.37],[121.09,12.2]]],[[[125.32,11.12],[125.4,11.15],[125.45,11.21],[125.33,11.56],[125.28,11.92],[125.25,12.29],[125.12,12.48],[124.95,12.53],[124.49,12.46],[124.26,12.42],[124.33,12.21],[124.63,11.99],[124.88,11.83],[124.92,11.64],[124.85,11.49],[124.88,11.43],[124.99,11.36],[125.07,11.24],[125.32,11.12]]],[[[121.87,10.47],[122.3,10.65],[122.71,10.94],[122.79,11.03],[122.9,11.15],[122.93,11.33],[122.92,11.53],[122.64,11.44],[122.47,11.45],[122.21,11.58],[121.99,11.76],[121.97,11.23],[121.88,10.63],[121.87,10.47]]],[[[118.86,10.02],[119.03,10.13],[119.22,10.29],[119.52,10.45],[119.56,10.5],[119.47,10.76],[119.34,11],[119.42,11.13],[119.35,11.21],[119.21,11.13],[119.15,10.9],[119.11,10.63],[118.99,10.39],[118.85,10.21],[118.76,10.17],[118.7,10.04],[118.86,10.02]]],[[[122.94,9.05],[123.04,9.07],[123.13,9.25],[123.04,9.46],[122.96,9.59],[123.1,10.23],[123.14,10.33],[123.31,10.74],[123.29,10.87],[123.24,10.92],[123.12,10.93],[122.92,10.85],[122.7,10.03],[122.6,9.91],[122.35,9.82],[122.3,9.65],[122.4,9.48],[122.77,9.21],[122.94,9.05]]],[[[117.27,8.45],[117.44,8.64],[117.71,8.71],[117.86,8.83],[117.97,9.11],[118.04,9.17],[118.28,9.27],[118.38,9.35],[118.5,9.48],[118.56,9.67],[118.51,9.92],[118.09,9.43],[117.8,9.21],[117.54,9.05],[117.38,8.9],[117.22,8.69],[117.13,8.47],[117.27,8.45]]],[[[126.05,6.61],[126.19,6.89],[126.32,7.15],[126.37,7.34],[126.37,7.54],[126.28,7.73],[126.25,8.04],[126.31,8.24],[126.27,8.43],[126.03,8.38],[125.92,8.48],[126.07,8.81],[126.04,8.96],[125.93,9.17],[125.61,9.54],[125.43,9.78],[125.36,9.62],[125.44,9.37],[125.46,9.05],[125.4,8.95],[125.22,9],[125.13,8.93],[124.99,8.72],[124.87,8.92],[124.74,8.92],[124.67,8.43],[124.59,8.47],[124.37,8.56],[124.21,8.45],[124.12,8.19],[124.02,8.11],[123.81,8.08],[123.66,8.01],[123.62,8.34],[123.49,8.5],[123.14,8.45],[122.89,8.34],[122.8,8.27],[122.74,8.06],[122.64,8],[122.38,7.99],[122.21,7.9],[122.09,7.78],[122.01,7.53],[121.85,7.2],[121.82,7.06],[121.84,6.97],[121.89,6.91],[121.99,6.87],[122.23,7.26],[122.46,7.69],[122.64,7.78],[122.71,7.67],[122.73,7.45],[123.02,7.48],[123.25,7.59],[123.31,7.7],[123.33,7.77],[123.46,7.79],[123.82,7.66],[124.02,7.47],[124.07,7.26],[123.86,6.85],[123.88,6.57],[123.97,6.34],[124.22,6.09],[124.73,5.81],[124.8,5.79],[124.97,6.08],[125.13,6.05],[125.16,5.91],[125.07,5.72],[125.15,5.6],[125.29,5.49],[125.46,5.72],[125.53,5.94],[125.47,6.24],[125.39,6.42],[125.28,6.59],[125.44,6.96],[125.61,7.24],[125.75,7.19],[125.91,6.85],[125.95,6.65],[126.05,6.61]]]]},"properties":{"NAME":"Philippines","SUBJECTO":"Philippines","BORDERPRECISION":3}},
{"type":"Feature","geometry":{"type":"Polygon","coordinates":[[[44.67,-16.24],[44.45,-16.24],[44.45,-16.73],[44.38,-16.92],[44.22,-17.19],[43.98,-17.5],[43.97,-17.55],[44.08,-17.88],[44.11,-18.1],[44.16,-18.4],[44.39,-18.79],[44.28,-19.02],[44.25,-19.1],[44.41,-19.27],[44.54,-19.37],[44.59,-19.53],[44.52,-20.02],[44.47,-20.17],[44.16,-20.7],[43.82,-21.32],[43.6,-21.4],[43.5,-21.49],[43.32,-22.11],[43.29,-22.41],[43.38,-22.63],[43.66,-23.05],[43.78,-23.27],[43.83,-23.41],[43.67,-23.9],[43.67,-24.23],[43.73,-24.35],[43.93,-24.52],[43.98,-24.63],[43.99,-24.88],[44.04,-24.99],[44.43,-25.31],[44.55,-25.34],[44.71,-25.31],[44.96,-25.39],[45.05,-25.45],[45.21,-25.66],[45.58,-25.62],[45.79,-25.41],[46.24,-25.26],[46.86,-25.22],[46.95,-25.17],[47.17,-24.88],[47.26,-24.77],[47.49,-24.06],[48.09,-22.04],[48.65,-20.34],[49.02,-19.18],[49.34,-18.23],[49.42,-17.8],[49.4,-17.4],[49.42,-17.2],[49.76,-16.75],[49.9,-16.46],[49.86,-16.28],[49.68,-16.05],[49.6,-15.65],[49.62,-15.46],[49.75,-15.4],[50,-15.73],[50.09,-15.9],[50.19,-15.96],[50.43,-15.59],[50.46,-15.55],[50.49,-15.48],[50.5,-15.31],[50.43,-15.1],[50.25,-14.77],[50.15,-14.42],[50.11,-14.12],[49.98,-13.3],[49.88,-12.92],[49.82,-12.83],[49.54,-12.7],[49.34,-12.41],[49.18,-12.27],[48.93,-12.48],[48.93,-12.58],[48.99,-12.74],[48.92,-13.05],[48.86,-13.25],[48.75,-13.42],[48.44,-13.65],[48.35,-13.84],[48.22,-13.79],[48.11,-13.6],[48.06,-13.57],[47.94,-13.58],[47.92,-13.74],[48.05,-14.13],[47.97,-14.28],[47.85,-14.32],[47.74,-14.31],[47.7,-14.44],[47.81,-14.63],[47.88,-14.72],[47.63,-14.98],[47.53,-14.96],[47.43,-14.83],[47.2,-15.02],[47.11,-15.14],[47.24,-15.37],[47.07,-15.46],[46.92,-15.36],[46.73,-15.45],[46.39,-15.69],[46.46,-15.86],[46.42,-15.94],[46.28,-15.95],[46.14,-15.83],[45.73,-15.89],[45.55,-16.06],[45.43,-16.09],[45.28,-16.05],[45.2,-16.04],[44.92,-16.2],[44.67,-16.24]],[[48.01,-17.02],[48.49,-19.45],[48.49,-20.04],[47.19,-23.12],[46,-23.59],[45.53,-23.59],[45.29,-22.65],[46.65,-17.73],[47.48,-16.9],[48.01,-17.02]]]},"properties":{"NAME":"Madagascar","SUBJECTO":"Madagascar","BORDERPRECISION":3}},
{"type":"Feature","geometry":{"type":"MultiPolygon","coordinates":[[[[175.31,-37.32],[175.25,-37.29],[175.24,-37.23],[175.25,-37.17],[175.3,-37.14],[175.2,-37.07],[175.1,-37.07],[174.98,-37.08],[174.89,-37.06],[174.93,-36.97],[174.78,-36.89],[174.64,-36.83],[174.65,-36.77],[174.74,-36.79],[174.84,-36.79],[174.97,-36.78],[174.86,-36.69],[174.75,-36.54],[174.71,-36.46],[174.82,-36.48],[174.82,-36.39],[174.79,-36.28],[174.63,-36.16],[174.53,-36.05],[174.41,-35.97],[174.35,-35.92],[174.43,-35.94],[174.54,-35.95],[174.49,-35.87],[174.53,-35.8],[174.61,-35.79],[174.5,-35.66],[174.39,-35.58],[174.29,-35.42],[174.3,-35.35],[174.22,-35.34],[174.15,-35.42],[174.07,-35.41],[174.07,-35.35],[174.02,-35.23],[173.89,-35.2],[173.7,-35.15],[173.47,-35.03],[173.35,-35.02],[173.33,-35.08],[173.23,-35.01],[173.15,-34.96],[173.07,-34.86],[172.99,-34.73],[173.06,-34.64],[173.02,-34.52],[172.96,-34.56],[172.8,-34.58],[172.71,-34.54],[172.63,-34.56],[172.79,-34.67],[172.96,-34.86],[173.05,-35.04],[173.07,-35.13],[173.06,-35.19],[173.05,-35.25],[173.17,-35.37],[173.17,-35.42],[173.4,-35.67],[173.68,-36.02],[173.92,-36.3],[174.01,-36.43],[174.09,-36.43],[174.06,-36.37],[173.84,-36.14],[173.79,-36.03],[173.92,-36.1],[174.07,-36.19],[174.2,-36.35],[174.27,-36.48],[174.22,-36.56],[174.48,-36.86],[174.69,-37.16],[174.76,-37.3],[174.73,-37.55],[174.95,-37.93],[174.93,-38.1],[174.75,-38.3],[174.71,-38.44],[174.75,-38.75],[174.65,-38.98],[174.03,-39.29],[173.84,-39.36],[173.8,-39.42],[173.85,-39.5],[173.99,-39.61],[174.43,-39.81],[174.7,-39.9],[174.89,-39.98],[175.23,-40.24],[175.35,-40.3],[175.37,-40.45],[175.19,-40.68],[175.05,-40.98],[174.92,-41.15],[174.9,-41.3],[175,-41.44],[175.21,-41.58],[175.37,-41.66],[175.67,-41.52],[176.01,-41.26],[176.39,-40.78],[176.8,-40.27],[177.09,-40.04],[177.16,-39.95],[177.16,-39.85],[177.04,-39.62],[177.02,-39.45],[177.15,-39.32],[177.34,-39.23],[177.68,-39.22],[177.87,-39.21],[177.92,-39.14],[177.94,-38.83],[178.28,-38.8],[178.41,-38.77],[178.59,-38.21],[178.6,-38.13],[178.57,-37.92],[178.42,-37.84],[178.24,-37.83],[177.84,-37.99],[177.53,-38.2],[177.36,-38.24],[177.13,-38.19],[176.35,-37.87],[176.13,-37.8],[176,-37.36],[175.84,-37.03],[175.66,-36.95],[175.56,-36.94],[175.53,-37.07],[175.64,-37.31],[175.64,-37.41],[175.31,-37.32]]],[[[172.06,-43.92],[172.22,-43.85],[172.44,-43.79],[172.67,-43.93],[172.89,-43.89],[173.01,-43.84],[172.82,-43.71],[172.63,-43.69],[172.44,-43.51],[172.56,-43.39],[172.74,-43.32],[172.84,-43.21],[172.98,-43.15],[173.24,-42.99],[173.63,-42.65],[173.84,-42.49],[173.96,-42.31],[174.23,-42.01],[174.2,-41.89],[174.07,-41.7],[174.16,-41.52],[174.06,-41.29],[173.89,-41.24],[173.7,-41.25],[173.26,-41.54],[173.12,-41.43],[173.02,-41.08],[172.94,-40.99],[172.78,-40.96],[172.77,-40.85],[172.6,-40.77],[172.44,-40.75],[172.21,-41.04],[172.15,-41.58],[172.09,-41.71],[171.89,-41.83],[171.63,-41.95],[171.6,-42.01],[171.46,-41.99],[171.38,-42.19],[171.35,-42.29],[171.4,-42.51],[171.2,-42.65],[171.08,-42.71],[171.08,-42.79],[171.02,-42.89],[170.72,-43.07],[170.37,-43.22],[170.2,-43.22],[169.99,-43.36],[169.96,-43.48],[169.65,-43.74],[169.48,-43.79],[169.23,-43.95],[168.91,-44.1],[168.42,-44.22],[167.97,-44.48],[167.92,-44.62],[167.67,-44.78],[167.52,-44.95],[167.26,-45.06],[167.14,-45.2],[167.16,-45.33],[167.25,-45.43],[167.32,-45.5],[167.28,-45.56],[166.86,-45.49],[166.8,-45.56],[167.01,-45.82],[166.64,-45.7],[166.84,-45.91],[166.7,-45.91],[166.55,-45.97],[166.65,-46.06],[166.46,-46.1],[166.52,-46.23],[166.75,-46.28],[166.85,-46.35],[167.2,-46.31],[167.23,-46.23],[167.34,-46.17],[167.55,-46.21],[167.62,-46.35],[167.79,-46.38],[168.15,-46.45],[168.42,-46.65],[168.7,-46.6],[169.22,-46.72],[169.4,-46.71],[169.67,-46.53],[169.93,-46.42],[170.04,-46.36],[170.12,-46.25],[170.42,-46.09],[170.61,-45.95],[170.71,-45.7],[170.9,-45.3],[171.02,-45.08],[170.82,-44.97],[170.63,-44.86],[171.07,-44.91],[171.17,-44.94],[171.2,-44.75],[171.19,-44.63],[171.25,-44.55],[171.06,-44.36],[170.99,-44.27],[171.07,-44.23],[171.38,-44.34],[171.49,-44.23],[171.63,-44.18],[171.77,-44.05],[172.02,-43.99],[172.06,-43.92]]]]},"properties":{"NAME":"Maori","SUBJECTO":"Maori","BORDERPRECISION":3}},
{"type":"Feature","geometry":{"type":"Polygon","coordinates":[[[3.04,42.87],[2.95,42.88],[2.82,42.85],[2.7,42.73],[2.49,42.72],[2.48,42.69],[2.27,42.69],[2.1,42.61],[1.73,42.5],[1.73,42.55],[1.79,42.58],[1.76,42.6],[1.58,42.65],[1.46,42.62],[1.32,42.61],[1.31,42.64],[0.74,42.77],[0.58,42.77],[0.59,42.63],[0.35,42.64],[0.2,42.61],[0.18,42.66],[-0.17,42.65],[-0.2,42.7],[-0.22,42.72],[-0.41,42.79],[-0.47,42.75],[-0.59,42.77],[-0.61,42.73],[-0.84,42.91],[-0.91,42.88],[-1.4,43.03],[-1.45,42.98],[-1.52,43],[-1.56,43.05],[-1.47,43.15],[-1.49,43.21],[-1.7,43.2],[-1.91,43.31],[-2.07,43.33],[-2.37,43.33],[-2.77,43.54],[-3.01,43.55],[-3.2,43.45],[-3.42,43.38],[-3.85,43.44],[-4.11,43.45],[-4.8,43.47],[-5.22,43.51],[-5.54,43.58],[-5.82,43.71],[-5.98,43.71],[-6.21,43.64],[-6.47,43.56],[-6.81,43.52],[-7.15,43.55],[-7.64,43.72],[-7.98,43.74],[-8.22,43.62],[-8.25,43.43],[-8.31,43.35],[-8.6,43.34],[-8.85,43.33],[-9.01,43.28],[-9.2,43.16],[-9.27,43.05],[-9.25,42.9],[-9.17,42.86],[-8.94,42.82],[-8.81,42.63],[-8.64,42.42],[-8.8,42.19],[-8.86,42.01],[-8.81,41.89],[-8.41,42],[-8.16,42.09],[-7.92,41.89],[-7.1,41.87],[-6.86,41.98],[-6.71,41.96],[-6.59,41.86],[-6.52,41.75],[-6.14,41.53],[-6.11,41.42],[-6.24,41.32],[-6.8,41.09],[-6.83,41.06],[-6.86,40.86],[-6.82,40.66],[-6.88,40.21],[-6.86,39.79],[-6.88,39.7],[-7.08,39.6],[-7.3,39.58],[-7.43,39.52],[-7.21,39.3],[-7.01,39.05],[-6.93,38.96],[-7.09,38.79],[-7.32,38.5],[-7.39,38.29],[-7.03,38.24],[-6.84,38.1],[-7.24,37.81],[-7.35,37.64],[-7.49,37.22],[-7.49,37.21],[-7.23,37.23],[-7.01,37.17],[-6.95,37.15],[-6.63,37.02],[-6.42,36.79],[-6.5,36.72],[-6.44,36.62],[-6.29,36.57],[-6.3,36.45],[-6.2,36.28],[-5.85,36.07],[-5.66,36.01],[-5.49,36.07],[-5.49,36.17],[-5.46,36.17],[-5.42,36.07],[-5.39,36.11],[-5.37,36.24],[-5.22,36.41],[-4.76,36.49],[-4.45,36.72],[-2.97,36.74],[-2.92,36.69],[-2.76,36.69],[-2.62,36.81],[-2.36,36.82],[-2.24,36.73],[-1.94,36.95],[-1.82,37.29],[-1.63,37.44],[-1.36,37.55],[-0.92,37.57],[-0.8,37.62],[-0.87,37.76],[-0.66,38.18],[-0.56,38.21],[-0.44,38.43],[-0.2,38.54],[-0.11,38.59],[0.17,38.74],[0.13,38.82],[-0.17,38.95],[-0.2,39.01],[-0.24,39.06],[-0.39,39.43],[-0.28,39.64],[-0.2,39.8],[-0.16,39.89],[0.24,40.24],[0.51,40.59],[0.79,40.66],[0.83,40.73],[0.71,40.79],[0.73,40.87],[0.88,41.02],[1.31,41.16],[1.61,41.21],[2.08,41.3],[2.2,41.45],[2.63,41.62],[3.13,41.86],[3.16,42.08],[3.09,42.12],[3.09,42.33],[3.09,42.37],[3.05,42.54],[3,42.77],[3.04,42.87]]]},"properties":{"NAME":"Spain","SUBJECTO":"Spanish Habsburg","BORDERPRECISION":3}},
{"type":"Feature","geometry":{"type":"Polygon","coordinates":[[[-8.81,41.89],[-8.92,41.77],[-8.85,41.6],[-8.85,41.41],[-8.69,40.99],[-8.97,40.19],[-8.92,40.14],[-9.12,39.64],[-9.3,39.42],[-9.42,39.37],[-9.4,39.23],[-9.46,38.95],[-9.55,38.77],[-9.52,38.69],[-9.36,38.67],[-9.18,38.73],[-9.04,38.92],[-8.96,38.82],[-8.94,38.74],[-9.07,38.64],[-9.29,38.62],[-9.24,38.42],[-9.02,38.46],[-8.85,38.5],[-8.79,38.44],[-8.85,38.38],[-8.82,38.21],[-8.93,37.96],[-8.85,37.91],[-8.84,37.53],[-9.02,37.07],[-8.99,36.99],[-8.67,37.12],[-8.54,37.09],[-8.28,37.09],[-8.03,37.01],[-7.84,37.03],[-7.6,37.16],[-7.49,37.21],[-7.49,37.22],[-7.35,37.64],[-7.24,37.81],[-6.84,38.1],[-7.03,38.24],[-7.39,38.29],[-7.32,38.5],[-7.09,38.79],[-6.93,38.96],[-7.01,39.05],[-7.21,39.3],[-7.43,39.52],[-7.3,39.58],[-7.08,39.6],[-6.88,39.7],[-6.86,39.79],[-6.88,40.21],[-6.82,40.66],[-6.86,40.86],[-6.83,41.06],[-6.8,41.09],[-6.24,41.32],[-6.11,41.42],[-6.14,41.53],[-6.52,41.75],[-6.59,41.86],[-6.71,41.96],[-6.86,41.98],[-7.1,41.87],[-7.92,41.89],[-8.16,42.09],[-8.41,42],[-8.81,41.89]]]},"properties":{"NAME":"Portugal","SUBJECTO":"Portugal","BORDERPRECISION":3}},
{"type":"Feature","geometry":{"type":"Polygon","coordinates":[[[-88.94,15.9],[-88.94,16.03],[-88.77,16.14],[-88.74,16.27],[-88.58,16.28],[-88.44,16.44],[-88.28,16.83],[-88.24,17.01],[-88.33,17.16],[-88.22,17.51],[-88.3,17.64],[-88.11,18.19],[-88.12,18.39],[-88.4,18.31],[-88.32,18.49],[-88.52,18.49],[-88.6,18.29],[-88.87,17.9],[-89.04,18.02],[-89.17,17.98],[-89.15,17.83],[-89.25,15.9],[-88.94,15.9]]]},"properties":{"NAME":"Belize","SUBJECTO":"Belize","BORDERPRECISION":3}},
{"type":"Feature","geometry":{"type":"MultiPolygon","coordinates":[[[[102.07,6.15],[102.03,6],[101.81,5.85],[101.76,5.59],[101.47,5.55],[101.45,5.76],[101.31,5.83],[101.19,5.71],[101.08,5.53],[100.98,5.57],[100.93,5.68],[101.03,5.86],[101.01,5.95],[100.98,6.05],[100.87,6.16],[100.67,6.21],[100.62,6.42],[100.36,6.42],[100.16,6.34],[100.14,6.18],[100.22,5.85],[100.38,5.02],[100.56,4.74],[100.61,4.55],[100.59,4.42],[100.58,4.2],[100.66,3.9],[101.07,3.54],[101.26,3.23],[101.34,2.78],[101.43,2.67],[101.89,2.34],[102.45,2.03],[102.72,1.88],[103.11,1.61],[103.35,1.41],[103.43,1.38],[103.61,1.44],[104.01,1.42],[104.18,1.39],[104.15,1.45],[103.83,2.17],[103.68,2.41],[103.44,2.63],[103.35,2.8],[103.31,3.03],[103.34,3.31],[103.31,3.8],[103.37,4.18],[103.38,4.55],[103.34,4.81],[103.11,5.15],[102.8,5.56],[102.33,6.1],[102.09,6.14],[102.07,6.15]]],[[[109.52,1.82],[109.65,1.46],[109.76,1.33],[110.21,0.89],[110.35,0.85],[110.55,0.73],[110.97,0.91],[111.08,0.91],[111.32,0.81],[111.56,0.76],[111.74,0.84],[111.98,1],[112.16,1.23],[112.4,1.43],[112.62,1.46],[112.81,1.41],[113.06,1.3],[113.3,1.2],[113.55,1.13],[113.68,1.15],[113.89,1.31],[114.1,1.38],[114.48,1.46],[114.66,1.6],[115.08,2.4],[115.04,2.74],[115.14,2.89],[115.43,3],[115.53,3.17],[115.48,3.62],[115.54,3.87],[115.71,4.16],[115.82,4.23],[116.03,4.23],[116.36,4.2],[116.66,4.16],[116.94,4.17],[117.14,4.15],[117.48,4.02],[117.56,3.98],[117.59,4.05],[117.82,4.1],[118.11,4.14],[118.32,4.23],[118.39,4.37],[117.99,4.68],[117.95,4.8],[118.11,4.94],[118.42,4.9],[118.68,4.91],[118.88,4.98],[118.97,5.05],[119.04,5.17],[119,5.28],[118.84,5.34],[118.38,5.64],[118.26,5.66],[118.1,5.63],[117.76,5.58],[117.92,5.8],[117.87,5.9],[117.65,5.85],[117.37,5.79],[117.35,5.88],[117.46,6.08],[117.54,6.24],[117.51,6.39],[117.33,6.49],[117.17,6.61],[117.03,6.84],[116.89,6.65],[116.74,6.69],[116.6,6.9],[116.56,6.82],[116.34,6.36],[116.1,6.1],[115.97,5.88],[115.79,5.74],[115.72,5.47],[115.49,5.49],[115.29,5.45],[115.2,5.28],[115.42,5.11],[115.43,5],[115.36,4.88],[115.16,4.84],[115.12,4.83],[115.04,4.9],[114.96,4.88],[115.01,4.8],[115.08,4.6],[115.07,4.55],[115.06,4.44],[115.15,4.35],[115.16,4.31],[114.61,4.12],[114.43,4],[114.29,4.12],[114.24,4.24],[114.14,4.23],[114.11,4.4],[114.07,4.46],[114.02,4.42],[113.91,4.36],[113.81,4.26],[113.42,3.76],[113.19,3.61],[112.95,3.16],[112.76,3.01],[112.3,2.87],[111.63,2.72],[111.37,2.6],[111.13,2.03],[110.97,1.76],[110.89,1.51],[111.12,1.27],[110.97,1.23],[110.82,1.24],[110.48,1.44],[110.29,1.52],[109.9,1.55],[109.72,1.62],[109.55,1.8],[109.52,1.82]]]]},"properties":{"NAME":"Malaya","SUBJECTO":"Malaya","BORDERPRECISION":3}},
{"type":"Feature","geometry":{"type":"MultiPolygon","coordinates":[[[[149.55,-6.41],[149.92,-6.35],[150.28,-6.34],[150.49,-6.28],[150.93,-6.09],[151.06,-6.02],[151.24,-5.79],[151.28,-5.67],[151.47,-5.67],[151.8,-5.71],[151.92,-5.66],[152.06,-5.5],[151.86,-5.28],[151.83,-5.21],[151.91,-5.1],[152.14,-5.08],[152.18,-5],[152.27,-4.78],[152.23,-4.62],[152.09,-4.36],[151.94,-4.52],[151.76,-4.49],[151.54,-4.41],[151.56,-4.65],[151.59,-4.9],[151.57,-5.03],[151.45,-5.09],[151.16,-5.1],[151.05,-5.2],[150.89,-5.52],[150.72,-5.62],[150.29,-5.71],[150.18,-5.71],[150.05,-5.62],[149.89,-5.45],[149.87,-5.4],[149.76,-5.63],[149.65,-5.71],[149.41,-5.74],[149.08,-5.7],[148.84,-5.64],[148.51,-5.67],[148.38,-5.66],[148.31,-5.77],[148.42,-5.88],[148.71,-5.99],[148.84,-6.07],[149.02,-6.24],[149.21,-6.15],[149.38,-6.21],[149.48,-6.3],[149.55,-6.41]]],[[[140.95,-9.27],[141.5,-9.32],[142.31,-9.33],[142.61,-9.38],[142.81,-9.28],[143.15,-9.09],[143.33,-9],[143.23,-8.82],[143.05,-8.67],[142.75,-8.51],[142.46,-8.44],[142.36,-8.37],[142.25,-8.31],[142.46,-8.3],[142.97,-8.38],[143.44,-8.36],[143.49,-8.31],[143.36,-8.13],[143.5,-8.08],[143.67,-8.14],[143.78,-8.11],[143.79,-8.01],[143.66,-7.67],[144.02,-7.87],[144.19,-7.84],[144.38,-7.76],[144.63,-7.78],[144.93,-7.92],[145.62,-8.07],[145.82,-8.1],[146.1,-8.47],[146.59,-9.19],[146.65,-9.28],[146.86,-9.43],[147.19,-9.57],[147.29,-9.69],[147.39,-9.93],[147.62,-10.08],[147.87,-10.18],[148.22,-10.19],[148.56,-10.18],[148.85,-10.24],[149.33,-10.36],[149.78,-10.41],[149.84,-10.45],[149.91,-10.66],[150,-10.73],[150.49,-10.74],[150.52,-10.64],[150.42,-10.29],[150.18,-10.16],[149.7,-10.04],[149.57,-9.93],[149.86,-9.83],[149.87,-9.77],[149.83,-9.71],[149.55,-9.63],[149.36,-9.62],[149.18,-9.55],[149.08,-9.46],[149.24,-9.21],[149.2,-9.12],[149.05,-9.11],[148.73,-9.15],[148.59,-9.16],[148.46,-9.1],[148.13,-8.63],[148.03,-8.25],[147.38,-7.8],[147.15,-7.56],[146.89,-7.12],[146.86,-6.96],[146.91,-6.89],[147.16,-6.82],[147.66,-6.79],[147.74,-6.74],[147.64,-6.48],[147.46,-6.24],[147.38,-6.12],[147.05,-6.04],[146.89,-6.03],[146.04,-5.68],[145.75,-5.63],[145.61,-5.52],[145.59,-5.42],[145.73,-5],[145.38,-4.67],[145.07,-4.5],[144.78,-4.34],[144.66,-4.22],[144.54,-4],[144.37,-4.02],[144.1,-3.98],[143.83,-3.84],[143.45,-3.61],[142.88,-3.44],[142.41,-3.31],[142.03,-3.16],[140.87,-2.79],[140.95,-6.38],[140.75,-6.75],[140.94,-7.36],[140.96,-7.73],[140.95,-9.27]]]]},"properties":{"NAME":"Papous","SUBJECTO":"Papous","BORDERPRECISION":3}},
{"type":"Feature","geometry":{"type":"Polygon","coordinates":[[[7.16,53.16],[7.04,53.16],[7.01,53.25],[6.86,53.27],[6.75,53.39],[6.26,53.32],[5.97,53.34],[5.65,53.23],[5.39,53.14],[5.33,53.01],[5.34,53],[5.36,52.94],[5.33,52.79],[5.58,52.76],[5.65,52.75],[5.55,52.68],[5.56,52.59],[5.61,52.53],[5.82,52.52],[5.76,52.33],[5.57,52.28],[5.47,52.18],[4.95,52.28],[5.04,52.33],[5.01,52.56],[5.11,52.53],[5.23,52.62],[5.17,52.74],[5.01,52.86],[4.72,52.8],[4.64,52.76],[4.39,52.23],[4.26,52.07],[3.88,51.79],[3.52,51.58],[3.74,51.46],[3.78,51.39],[3.99,51.34],[4.17,51.32],[4.41,51.34],[4.4,51.41],[4.53,51.41],[4.67,51.41],[4.79,51.49],[4.93,51.38],[5.01,51.43],[5.11,51.41],[5.24,51.24],[5.48,51.29],[5.82,51.12],[5.77,50.93],[5.7,50.88],[5.7,50.73],[6,50.74],[6.07,50.87],[6.01,50.96],[5.93,50.98],[5.96,51.02],[6.07,51.08],[6.18,51.14],[6.09,51.2],[6.18,51.32],[6.22,51.39],[6.15,51.52],[6.12,51.64],[5.95,51.72],[5.98,51.8],[6.13,51.84],[6.21,51.88],[6.38,51.82],[6.68,51.89],[6.82,51.96],[6.88,52.13],[7.07,52.22],[7.07,52.27],[7.07,52.37],[7,52.44],[6.91,52.42],[6.71,52.48],[6.73,52.56],[6.78,52.64],[7.03,52.62],[7.07,52.8],[7.23,52.97],[7.16,53.16]]]},"properties":{"NAME":"Dutch Republic","SUBJECTO":"Dutch Republic","BORDERPRECISION":3}},
{"type":"Feature","geometry":{"type":"MultiPolygon","coordinates":[[[[-88.32,18.49],[-88.31,18.74],[-88.14,18.89],[-88.11,18.82],[-88.03,18.62],[-87.88,18.38],[-87.85,18.49],[-87.8,18.74],[-87.68,19.28],[-87.64,19.57],[-87.79,19.51],[-87.86,19.58],[-87.77,19.74],[-87.66,19.88],[-87.65,20.19],[-87.51,20.39],[-87.31,20.58],[-87.07,20.8],[-86.94,20.98],[-86.9,21.17],[-86.92,21.3],[-87.2,21.53],[-87.37,21.57],[-87.6,21.48],[-88.11,21.57],[-88.33,21.59],[-88.6,21.56],[-89.06,21.4],[-89.55,21.3],[-89.86,21.25],[-90,21.16],[-90,21.14],[-90,20.99],[-90,20.68],[-90,20.16],[-90,19.95],[-90,19.75],[-90,19.38],[-91.22,19.1],[-91.7,18.82],[-91.53,18.74],[-91.48,18.63],[-91.61,18.54],[-91.73,18.42],[-92.11,18.52],[-92.1,18.76],[-92.46,18.69],[-93.09,18.55],[-93.78,18.35],[-94.24,18.24],[-94.59,18.27],[-94.82,18.5],[-95.08,18.7],[-95.34,18.77],[-95.54,18.76],[-95.84,18.8],[-96.01,18.93],[-96.34,19.48],[-96.58,19.92],[-96.8,20.15],[-96.88,20.36],[-97.22,20.76],[-97.5,21.19],[-97.63,21.55],[-97.88,22.33],[-97.87,22.84],[-97.81,23.38],[-97.82,24.21],[-97.74,24.73],[-97.66,25.07],[-97.42,25.44],[-97.26,25.81],[-99.14,26.18],[-104.7,29.45],[-105.1,30.34],[-106.39,31.43],[-106.68,32.09],[-106.91,32.42],[-107.1,32.61],[-107.28,32.66],[-107.32,33.16],[-107.21,33.19],[-106.98,34.1],[-106.39,35.88],[-105.93,36.67],[-105.93,37.13],[-106.38,37.18],[-106.45,37.19],[-107.38,36.92],[-107.8,36.72],[-107.88,36.47],[-108.56,33.25],[-108.35,29.04],[-109.62,28.62],[-110.67,31.14],[-113.03,33.09],[-113.81,32.94],[-113.83,32.95],[-114.33,33.19],[-114.26,33.42],[-115.17,33.47],[-117.5,33.33],[-117.35,33.05],[-117.35,32.75],[-117.33,32.71],[-117.32,32.74],[-117.3,32.75],[-117.28,32.72],[-117.19,32.56],[-117.17,32.52],[-117.07,32.3],[-116.96,32.16],[-116.61,31.88],[-116.71,31.71],[-116.7,31.59],[-116.51,31.27],[-116.23,30.94],[-116.14,30.77],[-116.13,30.5],[-116.06,30.34],[-115.86,30.28],[-115.82,30.21],[-115.69,29.92],[-115.6,29.69],[-115.42,29.53],[-114.98,29.31],[-114.48,28.91],[-114.27,28.71],[-114.07,28.42],[-114.06,28.34],[-114.1,28.05],[-114.21,27.91],[-114.48,27.78],[-114.75,27.79],[-115.05,27.85],[-114.94,27.74],[-114.88,27.68],[-114.48,27.24],[-114.15,27.1],[-113.59,26.77],[-113.42,26.74],[-113.29,26.81],[-112.98,26.5],[-112.76,26.36],[-112.56,26.32],[-112.41,26.19],[-112.3,26.02],[-112.08,25.57],[-112.07,25.46],[-112.17,25.01],[-112.09,24.89],[-111.91,24.69],[-111.39,24.24],[-111.02,24.01],[-110.78,23.8],[-110.5,23.66],[-110.22,23.4],[-110.12,23.07],[-110,22.89],[-109.89,22.87],[-109.58,23.13],[-109.52,23.19],[-109.43,23.43],[-109.49,23.57],[-109.62,23.58],[-109.82,23.69],[-109.94,23.95],[-110.2,24.32],[-110.31,24.23],[-110.49,24.15],[-110.66,24.22],[-110.77,24.38],[-110.77,24.61],[-110.8,24.88],[-111.09,25.42],[-111.33,25.9],[-111.48,26.56],[-111.59,26.76],[-111.69,26.7],[-111.91,26.66],[-112.12,27.02],[-112.19,27.31],[-112.28,27.51],[-112.34,27.53],[-112.57,27.56],[-112.68,27.63],[-112.72,27.71],[-112.87,28.33],[-112.98,28.41],[-113.12,28.43],[-113.32,28.56],[-113.59,29.1],[-113.83,29.4],[-114.1,29.64],[-114.39,29.76],[-114.45,29.84],[-114.68,30.14],[-114.72,30.37],[-114.73,30.84],[-114.85,30.98],[-114.97,31.13],[-114.99,31.17],[-114.97,31.36],[-114.84,31.82],[-114.2,31.52],[-114.08,31.54],[-113.95,31.69],[-113.75,31.61],[-113.69,31.54],[-113.66,31.33],[-113.3,31.25],[-113.05,31.14],[-113.07,31],[-113.09,30.77],[-113.02,30.57],[-112.91,30.41],[-112.74,30.11],[-112.65,29.92],[-112.32,29.44],[-112.03,29.06],[-111.91,28.81],[-111.69,28.5],[-111.27,28.11],[-111.06,28],[-110.86,27.95],[-110.6,27.86],[-110.52,27.75],[-110.56,27.63],[-110.58,27.46],[-110.53,27.35],[-110.38,27.21],[-110.11,27.14],[-109.95,27.04],[-109.89,26.88],[-109.72,26.61],[-109.53,26.72],[-109.19,26.44],[-109.13,26.29],[-109.34,25.96],[-109.34,25.81],[-109.26,25.65],[-109.16,25.58],[-108.97,25.63],[-108.85,25.62],[-108.68,25.38],[-108.5,25.24],[-108.23,25.15],[-108.08,25.06],[-108.01,24.98],[-107.99,24.77],[-107.92,24.64],[-107.77,24.56],[-107.4,24.3],[-107.19,24.06],[-106.76,23.59],[-106.51,23.36],[-105.84,22.56],[-105.54,22.28],[-105.51,22.16],[-105.57,22.09],[-105.63,21.95],[-105.29,21.52],[-105.22,21.31],[-105.23,21.14],[-105.44,20.84],[-105.29,20.67],[-105.31,20.59],[-105.39,20.51],[-105.62,20.47],[-105.69,20.4],[-105.67,20.35],[-105.51,20.1],[-105.17,19.66],[-104.95,19.44],[-104.67,19.32],[-104.2,19.06],[-103.97,18.88],[-103.75,18.59],[-103.49,18.35],[-102.67,18.1],[-102.36,18.03],[-102.09,18.06],[-101.99,18.03],[-101.49,17.58],[-101.22,17.42],[-100.74,17.22],[-100.41,17.06],[-99.98,16.89],[-99.21,16.72],[-98.86,16.6],[-98.44,16.36],[-98.15,16.17],[-97.88,16.05],[-97.29,15.96],[-97.08,15.88],[-96.75,15.78],[-96.33,15.75],[-95.99,15.87],[-95.5,16.12],[-95.13,16.3],[-94.83,16.32],[-94.36,16.22],[-94.08,16.11],[-94.05,16.08],[-93.81,15.92],[-93.33,15.53],[-92.9,15.19],[-92.47,14.79],[-92.16,14.54],[-91.92,14.35],[-91.52,14.06],[-91.24,13.95],[-90,13.94],[-90,13.8],[-90,13.77],[-89.99,13.68],[-89.4,13.48],[-88.64,13.26],[-88.25,13.19],[-87.95,13.17],[-87.84,13.32],[-87.85,13.44],[-87.75,13.47],[-87.77,13.5],[-87.56,13.37],[-87.54,13.33],[-87.4,13.03],[-87.69,13.02],[-87.67,12.91],[-87.59,12.83],[-87.26,12.62],[-86.88,12.26],[-86.43,11.77],[-86.01,11.37],[-85.84,11.08],[-85.73,11.09],[-85.71,10.98],[-85.87,10.93],[-85.62,10.83],[-85.62,10.65],[-85.77,10.55],[-85.82,10.36],[-85.78,10.14],[-85.71,10.03],[-85.57,9.92],[-85.31,9.83],[-85.15,9.7],[-85.09,9.58],[-84.84,9.84],[-84.93,9.96],[-85.12,9.98],[-85.15,10.08],[-85.26,10.31],[-85.07,10.19],[-84.81,10.03],[-84.7,9.99],[-84.63,9.87],[-84.63,9.68],[-84.49,9.54],[-84.18,9.49],[-84.15,9.43],[-83.83,9.3],[-83.61,9.15],[-83.53,9],[-83.55,8.83],[-83.66,8.67],[-83.61,8.55],[-83.28,8.41],[-83.23,8.44],[-83.27,8.54],[-83.41,8.73],[-83.36,8.76],[-83.25,8.72],[-83.09,8.65],[-83.09,8.39],[-82.96,8.26],[-82.96,8.05],[-82.87,8.32],[-82.98,8.4],[-82.81,8.57],[-82.86,8.81],[-82.68,8.98],[-82.91,9.11],[-82.91,9.37],[-82.91,9.52],[-82.81,9.61],[-82.59,9.53],[-82.56,9.58],[-82.55,9.59],[-82.75,9.74],[-82.96,10.03],[-83.06,10.06],[-83.2,10.2],[-83.38,10.48],[-83.75,10.88],[-83.83,11.04],[-83.91,11.25],[-83.93,11.5],[-83.9,11.89],[-83.88,12.12],[-83.8,12.45],[-83.69,12.96],[-83.71,13.37],[-83.66,13.71],[-83.42,14.07],[-83.32,14.39],[-83.3,14.61],[-83.31,14.77],[-83.42,15],[-83.53,15.24],[-83.78,15.27],[-84.13,15.38],[-84.23,15.5],[-84.19,15.6],[-84.17,15.76],[-84.43,15.88],[-84.65,15.93],[-84.93,15.93],[-85.28,15.89],[-85.63,15.87],[-85.89,15.99],[-86.06,15.9],[-86.37,15.8],[-87.02,15.82],[-87.24,15.85],[-87.57,15.91],[-87.86,15.88],[-88.13,15.76],[-88.27,15.75],[-88.48,15.91],[-88.63,15.98],[-88.6,15.81],[-88.66,15.73],[-88.8,15.86],[-88.94,15.9],[-89.25,15.9],[-89.15,17.83],[-89.17,17.98],[-89.04,18.02],[-88.87,17.9],[-88.6,18.29],[-88.52,18.49],[-88.32,18.49]]],[[[-71.1,9.33],[-71.18,9.28],[-71.29,9.21],[-71.37,9.14],[-71.6,9.09],[-71.76,9.25],[-71.87,9.57],[-72,9.69],[-72.11,9.9],[-72.05,10.07],[-71.9,10.44],[-71.75,10.6],[-71.69,10.77],[-71.76,11.03],[-71.74,11.09],[-71.84,11.15],[-71.9,11.33],[-71.99,11.61],[-71.92,11.7],[-71.59,11.84],[-71.19,11.91],[-71.06,12.06],[-71.13,12.21],[-71.2,12.27],[-71.44,12.42],[-72.72,10.98],[-73.13,8.83],[-72.72,6.67],[-71.51,6.54],[-68.59,5.2],[-67.8,5.2],[-66.26,7.35],[-65.32,8.02],[-59.83,8.44],[-60.21,8.56],[-60.54,8.6],[-60.96,8.59],[-61.11,8.52],[-61.27,8.51],[-61.54,8.55],[-61.76,8.58],[-61.29,8.77],[-61.19,8.87],[-61.12,9.17],[-60.79,9.39],[-61,9.52],[-61.41,9.7],[-61.53,9.85],[-61.7,9.89],[-61.92,9.91],[-62.1,10.02],[-62.19,9.96],[-62.3,9.72],[-62.38,10.01],[-62.66,10.25],[-62.93,10.37],[-62.95,10.45],[-62.91,10.55],[-62.72,10.55],[-62.34,10.54],[-62.2,10.62],[-62.18,10.68],[-62.29,10.73],[-62.7,10.76],[-63.22,10.72],[-63.65,10.69],[-63.86,10.71],[-64.07,10.63],[-64.54,10.26],[-64.71,10.16],[-64.88,10.14],[-65.38,10.15],[-65.6,10.22],[-65.86,10.33],[-65.98,10.41],[-66.16,10.62],[-66.48,10.68],[-66.84,10.65],[-67.1,10.63],[-67.52,10.6],[-67.98,10.54],[-68.14,10.58],[-68.3,10.73],[-68.37,11.01],[-68.55,11.27],[-68.69,11.38],[-68.96,11.47],[-69.17,11.5],[-69.48,11.55],[-69.63,11.54],[-69.74,11.66],[-69.74,11.75],[-69.78,11.79],[-69.79,11.87],[-69.79,11.94],[-69.87,12.01],[-69.93,12.18],[-69.97,12.23],[-70.14,12.21],[-70.29,12.11],[-70.34,12],[-70.2,11.75],[-70.09,11.75],[-70.02,11.76],[-69.92,11.79],[-69.87,11.76],[-69.85,11.71],[-69.79,11.69],[-69.77,11.6],[-69.75,11.53],[-69.81,11.53],[-70.12,11.49],[-70.16,11.39],[-70.61,11.27],[-71.1,11.12],[-71.55,10.95],[-71.46,10.88],[-71.5,10.77],[-71.61,10.73],[-71.5,10.65],[-71.44,10.47],[-71.38,10.41],[-71.18,10.05],[-71.09,9.92],[-71.01,9.63],[-71.04,9.39],[-71.1,9.33]]],[[[-61.22,10.69],[-61.17,10.72],[-61.11,10.82],[-61.22,10.82],[-61.36,10.79],[-61.41,10.78],[-61.58,10.79],[-61.63,10.75],[-61.74,10.73],[-61.81,10.72],[-61.86,10.68],[-61.74,10.66],[-61.69,10.6],[-61.66,10.54],[-61.67,10.46],[-61.7,10.4],[-61.65,10.28],[-61.71,10.21],[-61.78,10.22],[-61.83,10.23],[-61.84,10.19],[-61.94,10.13],[-62.03,10.11],[-62.05,10.08],[-62.04,10.06],[-61.88,10.06],[-61.84,10.04],[-61.75,10.05],[-61.54,10.04],[-61.47,10.05],[-61.41,10.05],[-61.21,10.12],[-61.19,10.31],[-61.25,10.48],[-61.22,10.52],[-61.24,10.63],[-61.22,10.69]]]]},"properties":{"NAME":"Vice-Royalty of New Spain","SUBJECTO":"Spanish Habsburg","BORDERPRECISION":3}},
{"type":"Feature","geometry":{"type":"Polygon","coordinates":[[[114.96,4.88],[114.88,4.86],[114.82,4.9],[114.85,5.02],[114.75,4.98],[114.45,4.56],[114.17,4.51],[114.07,4.46],[114.11,4.4],[114.14,4.23],[114.24,4.24],[114.29,4.12],[114.43,4],[114.61,4.12],[115.16,4.31],[115.15,4.35],[115.06,4.44],[115.07,4.55],[115.08,4.6],[115.01,4.8],[114.96,4.88]]]},"properties":{"NAME":"Brunei","SUBJECTO":"Brunei","BORDERPRECISION":3}},
{"type":"Feature","geometry":{"type":"MultiPolygon","coordinates":[[[[109.52,1.82],[109.43,1.87],[109.28,1.88],[109.15,1.52],[108.96,1.26],[108.9,1.1],[108.81,0.81],[108.87,0.54],[108.84,0.33],[109,0.2],[109.12,-0.02],[109.16,-0.07],[109.07,-0.41],[109.19,-0.54],[109.43,-0.71],[109.18,-0.87],[109.24,-0.93],[109.6,-1.12],[109.78,-1.31],[109.94,-1.64],[109.95,-1.86],[110.07,-2.49],[110.08,-2.79],[110.1,-3.08],[110.24,-3.07],[110.37,-3],[110.65,-2.99],[110.8,-3.17],[111.44,-2.97],[111.59,-2.8],[111.73,-3.26],[111.71,-3.4],[111.74,-3.65],[111.9,-3.61],[112.05,-3.46],[112.25,-3.4],[112.41,-3.45],[112.58,-3.42],[112.64,-3.33],[112.8,-2.97],[112.95,-3.04],[113.12,-3.24],[113.32,-3.29],[113.46,-3.38],[113.61,-3.61],[113.74,-3.6],[113.97,-3.36],[114.1,-3.35],[114.22,-3.43],[114.36,-3.6],[114.5,-3.97],[114.49,-4.16],[114.58,-4.3],[114.71,-4.21],[114.99,-4.08],[115.57,-3.8],[115.81,-3.54],[115.86,-3.38],[115.96,-3.2],[116.2,-2.9],[116.25,-2.8],[116.24,-2.7],[116.04,-2.44],[116.35,-2.42],[116.27,-2.28],[116.25,-2.11],[116.05,-1.93],[116.38,-1.66],[116.58,-1.37],[117.05,-0.93],[117.26,-1],[117.37,-1],[117.43,-0.62],[117.38,-0.43],[117.32,-0.14],[117.34,-0.02],[117.37,0.2],[117.53,0.61],[117.71,0.82],[117.86,0.87],[118.22,0.76],[118.56,0.75],[118.77,0.82],[118.52,1.17],[118.25,1.39],[117.91,1.59],[117.73,1.8],[117.7,1.9],[117.85,2.23],[117.83,2.31],[117.59,2.65],[117.34,3.02],[117.24,3.08],[117.14,3.17],[117.22,3.27],[117.16,3.41],[117.07,3.51],[117.33,3.55],[117.58,3.57],[117.68,3.63],[117.54,3.94],[117.56,3.98],[117.48,4.02],[117.14,4.15],[116.94,4.17],[116.66,4.16],[116.36,4.2],[116.03,4.23],[115.82,4.23],[115.71,4.16],[115.54,3.87],[115.48,3.62],[115.53,3.17],[115.43,3],[115.14,2.89],[115.04,2.74],[115.08,2.4],[114.66,1.6],[114.48,1.46],[114.1,1.38],[113.89,1.31],[113.68,1.15],[113.55,1.13],[113.3,1.2],[113.06,1.3],[112.81,1.41],[112.62,1.46],[112.4,1.43],[112.16,1.23],[111.98,1],[111.74,0.84],[111.56,0.76],[111.32,0.81],[111.08,0.91],[110.97,0.91],[110.55,0.73],[110.35,0.85],[110.21,0.89],[109.76,1.33],[109.65,1.46],[109.52,1.82]]],[[[140.87,-2.79],[140.29,-2.61],[139.59,-2.38],[138.63,-1.96],[137.85,-1.61],[137.7,-1.63],[137.21,-1.91],[137.11,-1.98],[137.1,-2.21],[137.08,-2.25],[136.91,-2.32],[136.43,-2.41],[136.27,-2.42],[135.73,-3.25],[135.51,-3.45],[135.25,-3.54],[135.09,-3.51],[134.95,-3.46],[134.85,-3.38],[134.77,-3.3],[134.63,-2.82],[134.6,-2.76],[134.56,-2.71],[134.46,-3],[134.37,-2.94],[134.28,-2.85],[134.19,-2.62],[134.13,-2.4],[134.08,-2.18],[133.98,-2.01],[134.01,-1.84],[134.14,-1.5],[134.08,-1.32],[133.91,-1.01],[133.5,-0.94],[133.26,-0.86],[132.59,-0.57],[132.41,-0.54],[132.25,-0.53],[132.05,-0.65],[131.83,-0.83],[131.42,-1.01],[131.21,-1.02],[131.21,-1.29],[131.18,-1.41],[131.06,-1.54],[131.63,-1.6],[131.82,-1.67],[131.91,-1.82],[131.97,-2.12],[132.03,-2.2],[132.22,-2.34],[132.68,-2.38],[133.03,-2.36],[133.32,-2.38],[133.59,-2.35],[133.75,-2.26],[133.86,-2.25],[133.88,-2.43],[133.84,-2.66],[133.78,-2.72],[133.32,-2.74],[133.19,-2.62],[133.12,-2.6],[132.88,-2.78],[132.72,-2.93],[132.65,-2.95],[132.38,-2.84],[132.2,-2.8],[132.02,-2.82],[132,-2.92],[132.02,-3.02],[132.18,-3.04],[132.5,-3.22],[132.75,-3.4],[132.83,-3.51],[132.9,-3.7],[132.72,-3.82],[132.71,-3.89],[132.86,-4.19],[132.93,-4.27],[133.24,-4.11],[133.4,-3.99],[133.51,-3.71],[133.56,-3.42],[133.67,-3.24],[133.75,-3.19],[133.82,-3.29],[133.76,-3.51],[133.86,-3.77],[134.04,-3.95],[134.23,-4.04],[134.4,-4.07],[134.68,-4.02],[134.77,-4.04],[134.81,-4.16],[134.78,-4.31],[135.06,-4.45],[135.38,-4.56],[135.65,-4.59],[136.22,-4.76],[137.11,-5.03],[137.39,-5.12],[137.6,-5.25],[137.82,-5.43],[138.3,-6.19],[138.42,-6.48],[138.55,-6.65],[138.82,-6.84],[139.03,-7.02],[138.97,-7.07],[138.86,-7.09],[138.66,-7.04],[138.65,-7.14],[138.9,-7.49],[139.16,-7.73],[139.15,-7.85],[138.96,-8.15],[138.92,-8.32],[139.11,-8.32],[139.45,-8.26],[139.79,-8.21],[139.98,-8.24],[140.3,-8.64],[140.72,-9.04],[140.95,-9.27],[140.96,-7.73],[140.94,-7.36],[140.75,-6.75],[140.95,-6.38],[140.87,-2.79]]],[[[130.78,-3.88],[130.81,-3.76],[130.73,-3.49],[130.59,-3.31],[130.37,-3.13],[129.98,-3.04],[129.74,-2.98],[129.56,-2.99],[129.31,-3.13],[129.17,-3.14],[128.91,-3],[128.41,-2.98],[128.29,-2.96],[128.15,-2.97],[128.04,-3.06],[128.15,-3.26],[128.29,-3.46],[128.38,-3.55],[128.52,-3.46],[128.65,-3.34],[128.91,-3.25],[129.03,-3.41],[129.49,-3.6],[129.58,-3.58],[129.57,-3.38],[129.59,-3.34],[129.78,-3.32],[129.91,-3.39],[130.3,-3.68],[130.61,-3.85],[130.78,-3.88]]],[[[126.66,-3.88],[127.06,-3.75],[127.11,-3.72],[127.14,-3.62],[127.09,-3.52],[126.95,-3.43],[126.84,-3.29],[126.73,-3.23],[126.38,-3.25],[126.11,-3.3],[126.05,-3.43],[126.15,-3.63],[126.47,-3.85],[126.66,-3.88]]],[[[138.18,-8.55],[138.3,-8.54],[138.58,-8.23],[138.7,-8.15],[138.84,-7.87],[138.89,-7.78],[138.81,-7.68],[138.57,-7.52],[138.38,-7.56],[138.19,-7.68],[137.94,-7.99],[137.68,-8.46],[138.18,-8.55]]],[[[122.95,-8.38],[122.94,-8.24],[122.86,-8.14],[122.76,-8.1],[122.69,-8.09],[122.64,-8.18],[122.72,-8.17],[122.76,-8.22],[122.71,-8.29],[122.53,-8.4],[122.34,-8.48],[122.38,-8.58],[122.17,-8.63],[121.98,-8.55],[121.79,-8.58],[121.58,-8.59],[121.43,-8.72],[121.28,-8.72],[121.08,-8.57],[120.57,-8.39],[120.33,-8.4],[120.03,-8.48],[119.85,-8.57],[119.84,-8.68],[119.94,-8.94],[120.08,-8.92],[120.55,-8.93],[120.81,-9.02],[120.97,-9.05],[121.11,-9.03],[121.28,-8.91],[121.47,-8.96],[121.69,-9],[121.9,-8.85],[122.05,-8.87],[122.31,-8.74],[122.71,-8.6],[122.7,-8.49],[122.95,-8.38]]],[[[117.94,-8.54],[118.06,-8.61],[118.03,-8.69],[117.9,-8.7],[117.82,-8.81],[117.69,-8.79],[117.55,-8.74],[117.51,-8.61],[117.33,-8.57],[117.06,-8.56],[116.96,-8.53],[116.85,-8.6],[116.75,-8.65],[116.66,-8.7],[116.7,-8.82],[116.63,-8.93],[116.66,-9.06],[116.75,-9.11],[116.8,-9.15],[116.98,-9.18],[117.12,-9.12],[117.28,-9.15],[117.56,-9.06],[117.84,-8.95],[117.97,-8.98],[118.08,-8.86],[118.22,-8.74],[118.25,-8.77],[118.21,-8.89],[118.27,-8.93],[118.66,-8.86],[118.63,-8.79],[118.69,-8.76],[118.83,-8.79],[118.97,-8.88],[118.98,-8.7],[118.95,-8.66],[118.87,-8.67],[118.86,-8.48],[118.76,-8.38],[118.62,-8.39],[118.54,-8.53],[118.46,-8.6],[118.47,-8.39],[118.42,-8.32],[118.27,-8.28],[118.13,-8.34],[118.05,-8.3],[118.02,-8.2],[117.95,-8.16],[117.81,-8.18],[117.69,-8.27],[117.68,-8.36],[117.71,-8.44],[117.8,-8.5],[117.94,-8.54]]],[[[115.07,-8.78],[115.24,-8.59],[115.35,-8.55],[115.5,-8.47],[115.08,-8.23],[114.88,-8.25],[114.65,-8.33],[114.46,-8.33],[114.51,-8.45],[114.9,-8.65],[115.07,-8.78]]],[[[103.71,-0.02],[103.72,0.02],[103.46,0.29],[103.24,0.46],[103.05,0.53],[102.7,0.57],[102.47,0.62],[102.28,0.74],[102.14,0.94],[102.01,1.27],[101.87,1.43],[101.68,1.52],[101.47,1.55],[101.28,1.72],[101.06,2.08],[100.83,2.18],[100.8,2.07],[100.86,1.97],[100.85,1.88],[100.73,1.87],[100.46,2.12],[100.12,2.54],[99.86,2.57],[99.87,2.64],[99.86,2.9],[99.8,2.98],[99.49,3.13],[98.96,3.44],[98.63,3.66],[98.15,4.07],[98.2,4.31],[98.17,4.38],[97.94,4.52],[97.53,5.04],[97.38,5.18],[97.2,5.17],[97,5.11],[96.75,5.06],[96.6,5.08],[96.19,5.15],[96.02,5.22],[95.74,5.47],[95.63,5.53],[95.46,5.57],[95.28,5.55],[95.22,5.5],[95.19,5.41],[95.21,5.25],[95.31,4.96],[95.56,4.53],[95.83,4.22],[96.12,3.95],[96.39,3.65],[96.72,3.7],[96.89,3.51],[97.25,3.14],[97.43,2.92],[97.51,2.74],[97.54,2.41],[97.6,2.25],[97.74,2.21],[97.98,2.11],[98.3,1.94],[98.6,1.71],[98.67,1.62],[98.72,1.48],[98.69,1.37],[99,0.56],[99.11,0.22],[99.4,0.09],[99.53,-0.02],[99.7,-0.15],[99.97,-0.5],[100.27,-0.97],[100.65,-1.63],[100.8,-2.02],[100.78,-2.18],[100.81,-2.34],[101.35,-3.01],[101.66,-3.32],[102.11,-3.6],[102.2,-3.76],[102.29,-3.98],[102.46,-4.18],[103.07,-4.61],[103.52,-5],[103.87,-5.34],[104.48,-5.98],[104.57,-6.07],[104.64,-5.98],[104.46,-5.64],[104.56,-5.6],[105.03,-5.88],[105.07,-5.76],[105.19,-5.54],[105.3,-5.58],[105.48,-5.81],[105.64,-5.93],[105.69,-5.9],[105.73,-5.83],[105.8,-5.35],[105.8,-5.23],[105.79,-4.93],[105.8,-4.73],[105.69,-4.31],[105.71,-4.1],[105.94,-3.21],[105.63,-2.91],[105.56,-2.71],[105.44,-2.6],[105.37,-2.58],[104.99,-2.47],[104.68,-2.67],[104.61,-2.58],[104.81,-2.16],[104.57,-2.14],[104.47,-2.08],[104.35,-1.89],[104.36,-1.71],[104.3,-1.36],[104.23,-1.19],[104.12,-1.14],[103.75,-1.12],[103.38,-0.89],[103.31,-0.82],[103.24,-0.66],[103.41,-0.5],[103.5,-0.32],[103.69,-0.12],[103.71,-0.02]]],[[[127.63,-0.02],[127.64,-0.13],[127.64,-0.31],[127.88,-0.64],[128.18,-0.93],[128.3,-1.02],[128.37,-0.93],[128.28,-0.8],[128.1,-0.61],[127.95,-0.33],[127.89,-0.02],[127.86,0.1],[127.9,0.3],[128.04,0.37],[128.2,0.35],[128.4,0.28],[128.71,0.21],[128.63,0.37],[128.64,0.43],[128.46,0.53],[128.26,0.58],[128.19,0.63],[128.26,0.77],[128.47,0.93],[128.63,1.02],[128.59,1.27],[128.61,1.38],[128.55,1.45],[128.18,1.26],[128.1,1.2],[128.04,0.96],[127.85,0.78],[127.8,0.72],[127.72,0.78],[127.69,0.92],[127.85,1.27],[127.96,1.45],[127.99,1.57],[127.92,1.73],[127.8,1.9],[127.57,1.53],[127.44,1.13],[127.42,0.98],[127.49,0.85],[127.52,0.78],[127.44,0.54],[127.63,0.06],[127.63,-0.02]]],[[[106.55,-3.18],[106.47,-2.92],[106.52,-2.79],[106.64,-2.71],[106.33,-2.57],[106.04,-2.2],[105.9,-1.8],[105.86,-1.63],[105.72,-1.75],[105.66,-1.96],[105.43,-1.71],[105.32,-1.82],[105.2,-2.11],[105.25,-2.17],[105.45,-2.16],[105.58,-2.2],[105.81,-2.38],[105.88,-2.56],[105.9,-2.73],[105.99,-2.89],[106.16,-3],[106.55,-3.18]]],[[[105.18,-6.87],[105.75,-6.92],[105.89,-6.93],[106.12,-7],[106.37,-7.04],[106.55,-7.16],[106.34,-7.37],[106.32,-7.43],[106.48,-7.5],[107.21,-7.53],[107.37,-7.56],[107.73,-7.79],[108.16,-7.86],[108.36,-7.84],[108.61,-7.7],[109.04,-7.72],[109.54,-7.84],[110.04,-7.99],[110.42,-8.21],[110.78,-8.32],[111.44,-8.38],[112.09,-8.44],[112.41,-8.49],[112.57,-8.46],[112.84,-8.35],[113.07,-8.35],[113.47,-8.49],[113.74,-8.6],[114.1,-8.69],[114.33,-8.78],[114.07,-8.43],[114.14,-8.21],[114.25,-8.02],[114.23,-7.93],[113.95,-7.82],[113.76,-7.83],[113.56,-7.91],[113.26,-7.91],[113.07,-7.88],[112.68,-7.72],[112.62,-7.67],[112.5,-7.46],[112.54,-7.26],[112.4,-7.13],[112.27,-7.03],[111.92,-6.96],[111.57,-6.92],[111.33,-6.91],[111.04,-6.85],[110.91,-6.63],[110.81,-6.53],[110.61,-6.54],[110.49,-6.66],[110.4,-6.95],[110.24,-7.03],[110.03,-7.04],[109.38,-6.99],[109.16,-7.02],[108.95,-6.94],[108.56,-6.92],[108.48,-6.69],[108.31,-6.45],[108.17,-6.36],[107.97,-6.44],[107.77,-6.45],[107.68,-6.33],[107.52,-6.35],[107.34,-6.15],[107.06,-6.08],[106.95,-6.03],[106.94,-6.14],[106.86,-6.27],[106.63,-6.31],[106.52,-6.11],[106.31,-6.13],[106.02,-6.08],[105.93,-6.03],[105.89,-6.15],[105.79,-6.26],[105.81,-6.48],[105.67,-6.46],[105.66,-6.52],[105.63,-6.76],[105.47,-6.81],[105.29,-6.77],[105.14,-6.78],[105.18,-6.87]]],[[[123.49,-10.35],[123.71,-10.35],[123.96,-10.24],[124.15,-10.2],[124.45,-9.99],[124.94,-9.55],[125.21,-9.4],[125.53,-9.28],[126.15,-9.08],[126.87,-8.81],[127.03,-8.69],[127.14,-8.6],[127.1,-8.51],[127.04,-8.48],[126.65,-8.54],[126.41,-8.56],[126,-8.66],[125.29,-8.7],[125.08,-8.77],[124.92,-9.05],[124.62,-9.25],[123.97,-9.53],[123.67,-9.75],[123.61,-9.89],[123.6,-10.13],[123.49,-10.35]]],[[[120.28,-10.38],[120.41,-10.35],[120.53,-10.24],[120.58,-10.1],[120.46,-9.93],[119.95,-9.59],[119.79,-9.46],[119.56,-9.51],[119.12,-9.52],[118.95,-9.59],[118.9,-9.68],[119.03,-9.77],[119.25,-9.83],[119.41,-9.87],[119.77,-10.07],[120.18,-10.35],[120.28,-10.38]]],[[[119.69,-0.02],[119.58,-0.49],[119.6,-0.88],[119.4,-0.9],[119.24,-1.23],[119.2,-1.43],[119.21,-1.55],[119.25,-1.96],[119.17,-2.18],[118.96,-2.53],[118.74,-2.76],[118.68,-2.9],[118.8,-3.48],[118.79,-3.66],[119.05,-3.65],[119.23,-3.57],[119.37,-3.63],[119.46,-3.81],[119.45,-3.96],[119.5,-4.19],[119.48,-4.67],[119.45,-5.07],[119.36,-5.28],[119.29,-5.42],[119.37,-5.66],[119.48,-5.8],[119.69,-5.77],[119.92,-5.66],[120.25,-5.59],[120.12,-5.33],[120.13,-5.23],[120.3,-4.94],[120.31,-4.8],[120.14,-4.4],[120.25,-3.88],[120.28,-3.65],[120.22,-3.23],[120.14,-3.08],[120.37,-2.9],[120.59,-2.8],[120.92,-2.83],[121,-3.05],[120.95,-3.31],[120.82,-3.49],[120.8,-3.6],[120.88,-3.72],[121.07,-3.86],[121.51,-4.24],[121.42,-4.5],[121.39,-4.79],[121.44,-4.87],[121.65,-4.95],[121.87,-4.96],[121.97,-4.65],[122.16,-4.51],[122.45,-4.49],[122.65,-4.51],[122.67,-4.39],[122.64,-4.28],[122.39,-4.09],[122.19,-3.85],[122.14,-3.66],[122.21,-3.36],[122.26,-3.21],[121.87,-2.65],[121.66,-2.42],[121.36,-2.16],[121.26,-2.1],[121.25,-1.96],[121.27,-1.94],[121.48,-1.99],[121.59,-2.01],[121.65,-2],[121.75,-1.85],[122.22,-1.65],[122.42,-1.46],[122.59,-1.23],[122.76,-1.09],[123,-1.11],[123.21,-1.23],[123.25,-0.9],[123.19,-0.81],[122.98,-0.72],[122.86,-0.74],[122.74,-0.88],[122.46,-0.94],[122.16,-1.01],[122,-1.11],[121.77,-1.1],[121.63,-1.01],[121.46,-0.99],[121.17,-1.43],[121.06,-1.55],[120.69,-1.54],[120.59,-1.52],[120.51,-1.45],[120.41,-1.18],[120.29,-1.09],[120.11,-0.99],[120.02,-0.9],[119.9,-0.68],[119.87,-0.46],[119.96,-0.14],[120.03,-0.02],[120.14,0.19],[120.34,0.36],[120.52,0.4],[120.83,0.41],[121.09,0.38],[121.55,0.4],[121.95,0.38],[122.47,0.41],[122.98,0.37],[123.25,0.18],[123.47,0.15],[124.03,0.26],[124.23,0.3],[124.42,0.48],[124.86,1.05],[124.89,1.1],[124.93,1.16],[124.98,1.3],[125.02,1.54],[124.98,1.65],[124.85,1.62],[124.72,1.44],[124.55,1.33],[124.46,1.2],[124.53,1.08],[124.43,0.96],[124.15,0.8],[123.83,0.74],[122.99,0.77],[122.73,0.67],[122.4,0.79],[122.18,0.87],[121.79,0.85],[121.59,0.86],[121.26,1.1],[120.99,1.16],[120.77,1.14],[120.64,0.92],[120.56,0.78],[120.43,0.64],[120.24,0.79],[120.11,0.72],[119.91,0.54],[119.7,0.01],[119.69,-0.02]]]]},"properties":{"NAME":"Dutch East Indies","SUBJECTO":"Netherlands","BORDERPRECISION":3}},
{"type":"Feature","geometry":{"type":"Polygon","coordinates":[[[11.08,14.35],[7.16,16.04],[5.18,15.65],[4.82,12.58],[5.77,11.17],[7.18,11.05],[8.72,9.04],[9.42,9.04],[10.37,9.52],[10.84,10.58],[10.25,11.64],[10.25,12.7],[11.08,14.35]]]},"properties":{"NAME":"Hausa States","SUBJECTO":"Hausa States","BORDERPRECISION":3}},
{"type":"Feature","geometry":{"type":"Polygon","coordinates":[[[94.47,17.64],[95.16,17.64],[95.36,18.04],[94.7,20.02],[93.32,21.73],[93.13,22.2],[93,22.04],[92.89,21.98],[92.78,22.04],[92.51,22.11],[92.6,21.39],[92.24,21.15],[92.12,21],[92.18,20.89],[92.4,20.61],[92.66,20.4],[92.83,20.42],[92.92,20.37],[92.93,20.31],[92.89,20.11],[93.07,19.99],[93.25,20.04],[93.33,20.03],[93.42,19.94],[93.72,19.59],[93.75,19.47],[93.81,19.26],[93.68,19.25],[93.46,19.17],[93.69,19.01],[93.84,18.95],[93.97,19.19],[94.05,19.06],[94.25,18.58],[94.42,18.14],[94.47,17.66],[94.47,17.64]]]},"properties":{"NAME":"Arakan","SUBJECTO":"Arakan","BORDERPRECISION":3}},
{"type":"Feature","geometry":{"type":"Polygon","coordinates":[[[9.57,44.44],[9.6,44.57],[9.75,44.61],[9.89,44.56],[9.98,44.41],[10.06,44.38],[10.13,44.36],[10.19,44.49],[10.24,44.49],[10.36,44.69],[10.28,44.9],[10.39,45.03],[10.29,45.02],[9.66,45.22],[9.13,45.12],[9.13,44.79],[9.23,44.77],[9.3,44.54],[9.36,44.56],[9.4,44.44],[9.48,44.47],[9.57,44.44]]]},"properties":{"NAME":"Parma","SUBJECTO":"Parma","BORDERPRECISION":3}},
{"type":"Feature","geometry":{"type":"Polygon","coordinates":[[[12.38,44.73],[12.14,45.1],[12.04,45.14],[12.05,45.02],[11.97,45.04],[11.89,45.09],[11.77,45.07],[11.6,44.9],[11.24,45.07],[11.17,45.07],[11.34,44.85],[11.26,44.79],[11.17,44.61],[11.29,44.46],[11.29,44.37],[11.14,44.34],[11.2,44.14],[11.32,44.16],[11.29,44.22],[11.46,44.27],[11.57,44.22],[11.56,44.19],[11.7,44.22],[11.69,44.26],[11.74,44.36],[11.8,44.34],[11.85,44.36],[11.9,44.32],[11.89,44.26],[11.94,44.09],[12.02,44.17],[12.09,44.17],[12.05,44.11],[12.05,44.07],[12.04,43.93],[12.09,43.84],[12.17,43.89],[12.22,43.89],[12.12,43.74],[12.1,43.61],[12.12,43.48],[12.22,43.34],[12.3,43.34],[12.3,43.28],[12.22,43.23],[12.15,43.06],[12.17,42.91],[12.19,42.91],[12.15,42.7],[12.17,42.63],[12.13,42.6],[12.05,42.53],[12.07,42.3],[12,42.25],[12.02,42.1],[11.96,42.01],[11.96,42],[12.39,41.73],[12.64,41.53],[12.98,41.37],[13.27,41.31],[13.5,41.3],[13.76,41.21],[13.81,41.32],[13.98,41.33],[14,41.35],[14.03,41.4],[13.96,41.47],[13.96,41.52],[13.93,41.63],[13.88,41.63],[13.88,41.67],[13.93,41.75],[13.86,41.78],[13.86,41.75],[13.65,41.8],[13.65,41.75],[13.6,41.8],[13.56,41.87],[13.63,41.93],[13.63,42.02],[13.58,42.05],[13.58,42.1],[13.41,42.2],[13.46,42.23],[13.41,42.36],[13.55,42.43],[13.63,42.53],[13.71,42.4],[13.76,42.46],[13.83,42.48],[13.83,42.56],[13.93,42.53],[14,42.61],[14.08,42.63],[13.92,42.87],[13.79,43.12],[13.73,43.37],[13.6,43.53],[12.7,43.93],[12.51,44.13],[12.35,44.3],[12.28,44.55],[12.27,44.67],[12.38,44.73]]]},"properties":{"NAME":"Papal States","SUBJECTO":"Papal States","BORDERPRECISION":3}},
{"type":"Feature","geometry":{"type":"Polygon","coordinates":[[[9.57,44.44],[9.78,44.36],[9.83,44.29],[9.88,44.29],[9.89,44.34],[9.95,44.33],[9.98,44.41],[9.89,44.56],[9.75,44.61],[9.6,44.57],[9.57,44.44]]]},"properties":{"NAME":"Pontremoli","SUBJECTO":"Pontremoli","BORDERPRECISION":3}},
{"type":"Feature","geometry":{"type":"Polygon","coordinates":[[[10.06,44.38],[10.04,44.29],[10.14,44.22],[10.17,44.31],[10.13,44.36],[10.06,44.38]]]},"properties":{"NAME":"Fivizzano","SUBJECTO":"Fivizzano","BORDERPRECISION":3}},
{"type":"Feature","geometry":{"type":"Polygon","coordinates":[[[10.34,43.6],[10.5,43.61],[10.6,43.58],[10.75,43.63],[10.69,43.87],[10.73,43.98],[10.69,44.09],[10.59,44.14],[10.54,44.09],[10.51,44.09],[10.41,43.94],[10.36,43.86],[10.33,43.89],[10.26,43.75],[10.29,43.71],[10.34,43.6]]]},"properties":{"NAME":"Lucca","SUBJECTO":"Lucca","BORDERPRECISION":3}},
{"type":"Feature","geometry":{"type":"Polygon","coordinates":[[[11.2,44.14],[11.06,44.12],[11.06,44.16],[10.96,44.16],[10.82,44.21],[10.71,44.17],[10.69,44.09],[10.73,43.98],[10.69,43.87],[10.75,43.63],[10.6,43.58],[10.5,43.61],[10.34,43.6],[10.49,43.24],[10.74,42.85],[11.1,42.55],[11.5,42.38],[11.96,42.01],[12.02,42.1],[12,42.25],[12.07,42.3],[12.05,42.53],[12.13,42.6],[12.17,42.63],[12.15,42.7],[12.19,42.91],[12.17,42.91],[12.15,43.06],[12.22,43.23],[12.3,43.28],[12.3,43.34],[12.22,43.34],[12.12,43.48],[12.1,43.61],[12.12,43.74],[12.22,43.89],[12.17,43.89],[12.09,43.84],[12.04,43.93],[12.05,44.07],[12.05,44.11],[12.09,44.17],[12.02,44.17],[11.94,44.09],[11.89,44.26],[11.9,44.32],[11.85,44.36],[11.8,44.34],[11.74,44.36],[11.69,44.26],[11.7,44.22],[11.56,44.19],[11.57,44.22],[11.46,44.27],[11.29,44.22],[11.32,44.16],[11.2,44.14]]]},"properties":{"NAME":"Tuscany","SUBJECTO":"Tuscany","BORDERPRECISION":3}},
{"type":"Feature","geometry":{"type":"Polygon","coordinates":[[[10.13,44.36],[10.17,44.31],[10.14,44.22],[10.04,44.29],[10.06,44.38],[9.98,44.41],[9.95,44.33],[9.89,44.34],[9.88,44.29],[9.83,44.15],[9.91,44.11],[10.14,43.9],[10.16,43.88],[10.29,43.98],[10.41,43.94],[10.51,44.09],[10.54,44.09],[10.59,44.14],[10.69,44.09],[10.71,44.17],[10.82,44.21],[10.96,44.16],[11.06,44.16],[11.06,44.12],[11.2,44.14],[11.14,44.34],[11.29,44.37],[11.29,44.46],[11.17,44.61],[11.26,44.79],[11.34,44.85],[11.17,45.07],[10.86,45.05],[10.39,45.03],[10.28,44.9],[10.36,44.69],[10.24,44.49],[10.19,44.49],[10.13,44.36]]]},"properties":{"NAME":"Modena","SUBJECTO":"Modena","BORDERPRECISION":3}},
{"type":"Feature","geometry":{"type":"Polygon","coordinates":[[[10.41,43.94],[10.29,43.98],[10.16,43.88],[10.26,43.75],[10.33,43.89],[10.36,43.86],[10.41,43.94]]]},"properties":{"NAME":"Massa","SUBJECTO":"Massa","BORDERPRECISION":3}},
{"type":"Feature","geometry":{"type":"Polygon","coordinates":[[[32.94,-25.54],[32.63,-25.37],[32.09,-25.6],[32.09,-26.26],[32.57,-26.61],[32.89,-26.72],[32.92,-26.52],[32.9,-26.37],[32.63,-26.22],[32.5,-26.07],[32.65,-25.84],[32.94,-25.54]]]},"properties":{"NAME":"Delagoa Bay","SUBJECTO":"Delagoa Bay","BORDERPRECISION":3}},
{"type":"Feature","geometry":{"type":"Polygon","coordinates":[[[48.01,-17.02],[47.48,-16.9],[46.65,-17.73],[45.29,-22.65],[45.53,-23.59],[46,-23.59],[47.19,-23.12],[48.49,-20.04],[48.49,-19.45],[48.01,-17.02]]]},"properties":{"NAME":"Expansionist Kingdom of Merina","SUBJECTO":"Expansionist Kingdom of Merina","BORDERPRECISION":3}},
{"type":"Feature","geometry":{"type":"Polygon","coordinates":[[[-16.87,14.36],[-16.05,15.07],[-15.76,16.25],[-16.45,16.12],[-16.6,15.75],[-16.86,15.3],[-17.19,14.96],[-17.43,14.81],[-17.22,14.73],[-17.05,14.59],[-16.87,14.36]]]},"properties":{"NAME":"Senegal","SUBJECTO":"Senegal","BORDERPRECISION":3}},
{"type":"Feature","geometry":{"type":"Polygon","coordinates":[[[-15.16,11.88],[-15.46,12.48],[-16.57,12.31],[-16.42,12.25],[-16.28,12.21],[-16.25,12.1],[-16.09,11.97],[-15.81,11.84],[-15.74,11.84],[-15.55,11.92],[-15.33,11.93],[-15.16,11.88]]]},"properties":{"NAME":"Portuguese Guinea","SUBJECTO":"Portuguese Guinea","BORDERPRECISION":3}},
{"type":"Feature","geometry":{"type":"Polygon","coordinates":[[[10.84,10.58],[12.02,9.87],[14.97,9.99],[16.62,11.05],[16.63,11.1],[14.99,12.1],[14.6,12.99],[14.62,12.99],[14.66,12.98],[14.69,12.99],[14.69,13.02],[14.72,13.05],[14.74,13.06],[14.74,13.08],[14.73,13.1],[16.91,13.43],[16.84,14.33],[16.85,14.35],[16.84,14.37],[16.71,14.68],[16.26,16.12],[13.55,16.12],[12.25,15.18],[11.08,14.35],[10.25,12.7],[10.25,11.64],[10.84,10.58]]]},"properties":{"NAME":"Bornu-Kanem","SUBJECTO":"Bornu-Kanem","BORDERPRECISION":3}},
{"type":"Feature","geometry":{"type":"Polygon","coordinates":[[[1.2,15.62],[-0.1,15.29],[-0.42,14.16],[0.65,13.16],[0.96,12.54],[2.5,12.7],[3.15,13.27],[3.07,15.05],[1.2,15.62]]]},"properties":{"NAME":"Songhai","SUBJECTO":"Songhai","BORDERPRECISION":3}},
{"type":"Feature","geometry":{"type":"Polygon","coordinates":[[[-2.77,12.54],[-2.69,10.1],[-1.56,9.86],[-0.5,10.27],[-0.1,12.37],[-0.84,13.41],[-2.04,13.43],[-2.77,12.54]]]},"properties":{"NAME":"Mossi States","SUBJECTO":"Mossi States","BORDERPRECISION":3}},
{"type":"Feature","geometry":{"type":"Polygon","coordinates":[[[20.02,12.64],[22.63,13.22],[22.81,13.76],[22.33,15.33],[21.54,16.6],[20.52,16.48],[19.79,14.97],[19.37,13.4],[19.46,13.26],[19.85,13.22],[20.02,12.64]]]},"properties":{"NAME":"Wadai","SUBJECTO":"Wadai","BORDERPRECISION":3}},
{"type":"Feature","geometry":{"type":"Polygon","coordinates":[[[22.69,15.33],[23.17,13.58],[24.32,12.79],[29.09,13.16],[30,14.24],[29.15,17.93],[27.46,18.17],[23.11,16.6],[22.69,15.33]]]},"properties":{"NAME":"Darfur","SUBJECTO":"Darfur","BORDERPRECISION":3}},
{"type":"Feature","geometry":{"type":"Polygon","coordinates":[[[23.5,-10.33],[23.26,-9.67],[23.63,-6.77],[21.33,-6.71],[17.89,-7.38],[17.47,-8.16],[18.25,-11.12],[23.02,-10.82],[23.5,-10.33]]]},"properties":{"NAME":"Lunda","SUBJECTO":"Lunda","BORDERPRECISION":3}},
{"type":"Feature","geometry":{"type":"Polygon","coordinates":[[[23.5,-10.33],[25.47,-10.4],[25.65,-9.97],[26.37,-10.27],[27.34,-9.61],[28,-9.79],[28.73,-9.73],[29.27,-9.19],[30.36,-9.25],[31.08,-8.7],[29.33,-5.32],[25.98,-5.14],[25.32,-6.53],[23.63,-6.77],[23.26,-9.67],[23.5,-10.33]]]},"properties":{"NAME":"Luba","SUBJECTO":"Luba","BORDERPRECISION":3}},
{"type":"Feature","geometry":{"type":"Polygon","coordinates":[[[12.37,-6.26],[12.67,-6.7],[12.8,-6.86],[12.88,-7.05],[12.97,-7.51],[13.02,-7.61],[13.17,-7.84],[13.39,-8.16],[13.48,-8.42],[13.48,-8.63],[13.43,-8.82],[13.36,-8.89],[13.15,-9.06],[13.08,-9.29],[14.33,-9.37],[14.27,-8.94],[14.33,-8.23],[14.09,-7.71],[14.1,-7.38],[14.4,-7.2],[14.87,-7.38],[14.99,-7.2],[15.05,-6.01],[14.58,-4.77],[14.1,-4.95],[13.27,-5.78],[13.21,-6.13],[12.8,-5.96],[12.37,-6.26]]]},"properties":{"NAME":"Congo","SUBJECTO":"Congo","BORDERPRECISION":3}},
{"type":"Feature","geometry":{"type":"Polygon","coordinates":[[[26.95,-18.67],[26.28,-20.66],[26.89,-21.93],[29.91,-22.05],[30.69,-20.06],[30.15,-18.55],[27.67,-18],[26.95,-18.67]]]},"properties":{"NAME":"Rozwi","SUBJECTO":"Rozwi","BORDERPRECISION":3}},
{"type":"Feature","geometry":{"type":"Polygon","coordinates":[[[37.28,-17.71],[36.39,-16.97],[35.55,-16.97],[34.29,-15.92],[33.34,-15.71],[33.97,-16.65],[34.81,-17.6],[34.92,-18.33],[35.38,-19.43],[35.91,-19.03],[36.31,-18.65],[36.89,-18],[37.28,-17.71]]]},"properties":{"NAME":"Portuguese East Africa","SUBJECTO":"Portuguese East Africa","BORDERPRECISION":3}},
{"type":"Feature","geometry":{"type":"Polygon","coordinates":[[[39.64,14.15],[39.39,10.6],[40.37,10.47],[40.49,9.86],[42.67,11.51],[42.56,11.57],[42.81,11.78],[43.06,11.92],[43.26,11.96],[43.42,12.05],[43.47,12.1],[43.46,12.22],[43.33,12.43],[43.05,12.7],[42.64,13.09],[42.41,13.18],[42.35,13.27],[42.37,13.36],[42.36,13.47],[42.08,13.86],[41.76,13.89],[41.71,13.93],[41.34,14.34],[40.74,14.92],[40.63,14.93],[40.39,14.91],[39.64,14.15]]]},"properties":{"NAME":"Awsa","SUBJECTO":"Awsa","BORDERPRECISION":3}},
{"type":"Feature","geometry":{"type":"Polygon","coordinates":[[[38.04,16.23],[36.08,16.11],[35.96,14.76],[36.46,8.55],[37.31,7.9],[38.18,8.32],[39.22,8.43],[39.56,9.12],[39.39,10.6],[39.64,14.15],[38.78,14.39],[38.04,15.01],[38.04,16.23]]]},"properties":{"NAME":"Ethiopia","SUBJECTO":"Ethiopia","BORDERPRECISION":3}},
{"type":"Feature","geometry":{"type":"Polygon","coordinates":[[[39.39,10.6],[39.56,9.12],[39.22,8.43],[38.18,8.32],[37.31,7.9],[36.46,8.55],[35.1,8.39],[34.98,7.29],[38.04,6.8],[38.04,5.69],[36.08,5.69],[36.45,2.63],[38.41,1.04],[42.33,1.77],[43.8,2.88],[43.43,3.86],[42.82,4.59],[41.72,4.71],[42.58,5.82],[42.94,6.92],[41.84,8.76],[40.49,9.86],[40.37,10.47],[39.39,10.6]]]},"properties":{"NAME":"Oromo","SUBJECTO":"Oromo","BORDERPRECISION":3}},
{"type":"Feature","geometry":{"type":"Polygon","coordinates":[[[19.57,54.26],[19.68,53.86],[19.93,53.92],[20.08,53.59],[20.41,53.43],[20.56,53.83],[21.01,54.1],[20.47,54.34],[20.05,54.19],[19.91,54.39],[19.73,54.31],[19.57,54.26]]]},"properties":{"NAME":"Austrian Empire","SUBJECTO":"Austrian Empire","BORDERPRECISION":3}},
{"type":"Feature","geometry":{"type":"Polygon","coordinates":[[[19.57,54.26],[19.46,54.22],[19.33,54.16],[19.23,54.17],[19.23,54.22],[19.32,54.27],[19.76,54.46],[19.73,54.46],[19.26,54.28],[18.96,54.23],[18.99,53.86],[18.81,53.74],[18.93,53.49],[19.8,53.52],[20.01,53.04],[20.1,53.18],[20.48,53.13],[20.7,53.32],[21.12,53.27],[22.81,53.81],[22.74,53.95],[22.7,54.41],[22.67,54.49],[22.66,54.57],[22.72,54.73],[22.82,54.79],[22.79,54.9],[22.63,54.95],[22.58,55.01],[21.68,55.35],[21.28,55.86],[20.95,56.07],[21,56.02],[21.01,55.7],[21.02,55.63],[21.22,55.34],[21.2,55.26],[21.14,55.26],[21.16,55.22],[21.19,55.17],[21.22,55.11],[21.11,55.09],[21.19,54.96],[21.14,54.85],[20.99,54.81],[20.8,54.82],[20.13,54.85],[19.94,54.85],[19.86,54.75],[19.83,54.53],[19.88,54.53],[19.94,54.61],[20.01,54.55],[20.19,54.58],[20.33,54.56],[20.19,54.52],[19.98,54.42],[19.91,54.39],[20.05,54.19],[20.47,54.34],[21.01,54.1],[20.56,53.83],[20.41,53.43],[20.08,53.59],[19.93,53.92],[19.68,53.86],[19.57,54.26]]]},"properties":{"NAME":"Prussia","SUBJECTO":"Prussia","BORDERPRECISION":3}},
{"type":"Feature","geometry":{"type":"Polygon","coordinates":[[[10.86,45.05],[10.82,45.35],[10.67,45.35],[10.38,45.37],[10.39,45.03],[10.86,45.05]]]},"properties":{"NAME":"Lombardy","SUBJECTO":"Lombardy","BORDERPRECISION":3}},
{"type":"Feature","geometry":{"type":"Polygon","coordinates":[[[9.13,44.79],[8.76,44.86],[8.7,44.82],[8.56,44.86],[8.49,44.8],[8.4,44.8],[8.36,44.72],[8.25,44.74],[8.22,44.67],[7.91,44.41],[7.85,44.46],[7.77,44.37],[7.96,44.22],[8.09,44.05],[8.19,44.13],[8.67,44.42],[8.9,44.44],[9.16,44.37],[9.69,44.22],[9.83,44.15],[9.88,44.29],[9.83,44.29],[9.78,44.36],[9.57,44.44],[9.48,44.47],[9.4,44.44],[9.36,44.56],[9.3,44.54],[9.23,44.77],[9.13,44.79]]]},"properties":{"NAME":"Genoa","SUBJECTO":"Genoa","BORDERPRECISION":3}},
{"type":"Feature","geometry":{"type":"Polygon","coordinates":[[[8.82,38.98],[8.93,39.05],[9,39.18],[9.06,39.22],[9.3,39.23],[9.48,39.14],[9.65,39.46],[9.7,39.69],[9.63,40.1],[9.7,40.31],[9.79,40.44],[9.79,40.56],[9.59,40.9],[9.31,41.18],[8.92,40.94],[8.77,40.86],[8.41,40.86],[8.24,40.86],[8.16,40.78],[8.2,40.66],[8.43,40.46],[8.49,40.21],[8.51,39.95],[8.47,39.64],[8.37,39.31],[8.42,39.21],[8.58,39.07],[8.7,39],[8.82,38.98]]]},"properties":{"NAME":"Sardinia","SUBJECTO":"Spanish Habsburg","BORDERPRECISION":3}},
{"type":"Feature","geometry":{"type":"Polygon","coordinates":[[[13.76,41.21],[13.8,41.19],[13.85,41.09],[13.94,41],[14.05,40.77],[14.24,40.85],[14.37,40.85],[14.49,40.73],[14.35,40.64],[14.33,40.59],[14.74,40.7],[14.95,40.55],[14.99,40.37],[14.9,40.24],[15.03,40.21],[15.43,39.99],[15.52,40.07],[15.67,40.09],[15.76,39.93],[15.82,39.66],[15.99,39.43],[16.08,39.01],[16.18,38.93],[16.21,38.78],[16.15,38.7],[15.99,38.73],[15.83,38.62],[15.93,38.54],[15.79,38.3],[15.63,38.23],[15.63,38],[15.71,37.94],[15.79,37.91],[16.05,37.93],[16.33,38.32],[16.57,38.46],[16.52,38.73],[16.61,38.83],[16.8,38.93],[17.09,38.92],[17.18,39.02],[17.12,39.09],[17.11,39.28],[17.15,39.42],[16.87,39.54],[16.53,39.7],[16.54,39.83],[16.62,39.97],[16.6,40.09],[16.73,40.18],[16.84,40.36],[16.95,40.48],[17.08,40.53],[17.24,40.5],[17.2,40.4],[17.4,40.29],[17.62,40.29],[17.85,40.24],[17.97,40.17],[18.02,39.95],[18.16,39.87],[18.36,39.75],[18.43,39.9],[18.52,40.09],[18.38,40.31],[18.06,40.51],[18.03,40.6],[17.32,40.93],[16.95,41.09],[16.42,41.28],[15.99,41.41],[15.87,41.5],[15.99,41.63],[16.2,41.75],[16.19,41.84],[16.01,41.9],[15.45,41.86],[14.92,41.97],[14.74,42.05],[14.72,42.14],[14.52,42.23],[14.4,42.35],[14.09,42.61],[14.08,42.63],[14,42.61],[13.93,42.53],[13.83,42.56],[13.83,42.48],[13.76,42.46],[13.71,42.4],[13.63,42.53],[13.55,42.43],[13.41,42.36],[13.46,42.23],[13.41,42.2],[13.58,42.1],[13.58,42.05],[13.63,42.02],[13.63,41.93],[13.56,41.87],[13.6,41.8],[13.65,41.75],[13.65,41.8],[13.86,41.75],[13.86,41.78],[13.93,41.75],[13.88,41.67],[13.88,41.63],[13.93,41.63],[13.96,41.52],[13.96,41.47],[14.03,41.4],[14,41.35],[13.98,41.33],[13.81,41.32],[13.76,41.21]]]},"properties":{"NAME":"Naples","SUBJECTO":"Spanish Habsburg","BORDERPRECISION":3}},
{"type":"Feature","geometry":{"type":"Polygon","coordinates":[[[14.94,36.74],[15.03,36.75],[15.22,37],[15.3,37.06],[15.12,37.29],[15.11,37.46],[15.18,37.68],[15.42,38.05],[15.47,38.11],[15.45,38.17],[15.39,38.21],[14.77,38.06],[14.13,37.97],[13.81,37.97],[13.63,38.03],[13.32,38.22],[13.07,38.07],[12.78,38.12],[12.66,38.07],[12.52,37.92],[12.45,37.77],[12.53,37.64],[12.64,37.58],[13.01,37.52],[13.87,37.16],[14.22,37.05],[14.62,36.78],[14.94,36.74]]]},"properties":{"NAME":"Sicily","SUBJECTO":"Spanish Habsburg","BORDERPRECISION":3}},
{"type":"Feature","geometry":{"type":"Polygon","coordinates":[[[101.97,22.53],[102.17,22.2],[102.45,21.94],[102.69,21.67],[102.84,21.25],[102.99,20.94],[103.27,20.74],[103.48,20.66],[103.61,20.68],[103.84,20.9],[104.01,20.98],[104.13,20.94],[104.32,20.64],[104.72,20.2],[104.72,19.97],[104.61,19.83],[104.49,19.74],[104.36,19.72],[104.14,19.75],[104,19.7],[103.88,19.54],[103.9,19.31],[103.97,19.27],[104.53,18.94],[104.81,18.72],[105.1,18.43],[105.41,18.08],[106.17,17.13],[106.43,16.72],[106.64,16.48],[106.95,16.31],[107.11,16.17],[107.17,15.99],[107.07,15.79],[107.1,15.67],[107.34,15.45],[107.43,15.26],[107.46,15],[107.39,14.58],[107.3,14.18],[107.31,13.88],[107.51,13.42],[107.48,13.26],[107.46,13.07],[107.48,12.58],[107.38,12.35],[106.85,10.58],[107.04,10.44],[107.27,10.35],[107.41,10.37],[107.67,10.53],[107.94,10.81],[108.16,10.97],[108.35,11.04],[108.58,11.09],[108.7,11.15],[108.9,11.34],[109.06,11.59],[109.07,11.64],[109.05,11.93],[109.09,12.12],[109.07,12.49],[109.17,12.71],[109.31,12.91],[109.07,14.17],[108.92,14.79],[108.79,15.09],[108.5,15.36],[108.36,15.62],[108.24,16.08],[108.1,16.25],[107.81,16.28],[107.69,16.37],[107.11,16.95],[106.62,17.33],[106.43,17.55],[106.39,17.66],[106.38,17.9],[106.36,18.01],[105.86,18.49],[105.65,18.74],[105.53,18.84],[105.71,19.28],[105.84,19.7],[105.96,19.88],[106.04,19.94],[106.28,20.05],[106.38,20.11],[106.64,20.47],[106.77,20.64],[106.75,20.82],[106.81,20.91],[107.37,20.88],[107.47,20.98],[107.42,21.19],[107.79,21.4],[107.88,21.46],[107.79,21.53],[107.38,21.57],[107.1,21.65],[106.67,21.93],[106.55,22.09],[106.51,22.33],[106.72,22.66],[106.69,22.83],[106.59,22.93],[106.24,22.91],[105.94,22.93],[105.59,23.04],[105.31,23.3],[105.18,23.25],[104.94,23.1],[104.63,22.85],[104.48,22.78],[104.12,22.73],[103.4,22.71],[103.25,22.66],[102.99,22.47],[102.84,22.51],[102.57,22.69],[102.42,22.7],[102.19,22.64],[101.97,22.53]]]},"properties":{"NAME":"Đại Việt","SUBJECTO":"Đại Việt","BORDERPRECISION":3}},
{"type":"Feature","geometry":{"type":"Polygon","coordinates":[[[107.48,13.26],[106.06,13.34],[105.02,13.41],[103.66,12.85],[102.74,12.12],[102.67,12.04],[102.96,11.37],[103.04,10.9],[103.19,10.9],[103.4,11.04],[103.52,11.06],[103.65,10.88],[103.67,10.77],[103.59,10.66],[103.52,10.52],[103.61,10.47],[103.74,10.49],[103.83,10.47],[104,10.54],[104.16,10.52],[104.27,10.4],[104.39,10.31],[104.43,10.28],[104.76,10.18],[104.98,9.98],[104.99,9.82],[104.89,9.69],[104.82,9.47],[104.78,8.88],[104.74,8.49],[104.91,8.47],[105.03,8.52],[105.21,8.65],[105.3,8.77],[105.5,9.03],[105.69,9.12],[105.93,9.19],[106.12,9.34],[106.23,9.55],[106.34,9.52],[106.48,9.55],[106.66,9.74],[106.75,10.07],[106.73,10.23],[106.7,10.45],[106.77,10.64],[106.85,10.58],[107.38,12.35],[107.48,12.58],[107.46,13.07],[107.48,13.26]]]},"properties":{"NAME":"Cambodia","SUBJECTO":"Cambodia","BORDERPRECISION":3}},
{"type":"Feature","geometry":{"type":"Polygon","coordinates":[[[101.97,22.53],[101.66,22.39],[101.55,22.28],[101.54,22.14],[101.6,21.87],[101.7,21.71],[101.75,21.47],[101.7,21.32],[101.58,21.22],[101.24,21.26],[101.09,21.35],[101.01,21.44],[100.79,21.28],[100.55,21.01],[100.35,20.75],[100.09,20.54],[100,20.46],[100.24,20.38],[100.38,20.3],[100.43,20.23],[100.44,20.04],[100.39,19.67],[100.42,19.51],[100.5,19.44],[100.69,19.44],[100.91,19.53],[101.1,19.55],[101.12,19.5],[101.23,18.91],[101.19,18.73],[100.95,18.02],[100.9,17.82],[100.89,17.6],[100.91,17.54],[100.95,17.45],[101.17,17.39],[101.34,17.58],[101.86,18.11],[102.02,18.12],[102.4,17.96],[102.66,17.85],[102.76,17.88],[103.01,17.99],[103.1,18.24],[103.22,18.44],[103.41,18.43],[103.81,18.35],[103.93,18.28],[103.95,18.15],[104.08,17.91],[104.39,17.61],[104.58,17.33],[104.61,16.64],[104.66,16.48],[104.77,16.27],[105.21,15.69],[105.4,15.38],[105.47,15.15],[105.97,14.33],[106.02,14.2],[106.1,14.12],[106.15,14.02],[106.1,13.92],[106.06,13.34],[107.48,13.26],[107.51,13.42],[107.31,13.88],[107.3,14.18],[107.39,14.58],[107.46,15],[107.43,15.26],[107.34,15.45],[107.1,15.67],[107.07,15.79],[107.17,15.99],[107.11,16.17],[106.95,16.31],[106.64,16.48],[106.43,16.72],[106.17,17.13],[105.41,18.08],[105.1,18.43],[104.81,18.72],[104.53,18.94],[103.97,19.27],[103.9,19.31],[103.88,19.54],[104,19.7],[104.14,19.75],[104.36,19.72],[104.49,19.74],[104.61,19.83],[104.72,19.97],[104.72,20.2],[104.32,20.64],[104.13,20.94],[104.01,20.98],[103.84,20.9],[103.61,20.68],[103.48,20.66],[103.27,20.74],[102.99,20.94],[102.84,21.25],[102.69,21.67],[102.45,21.94],[102.17,22.2],[101.97,22.53]]]},"properties":{"NAME":"Laotian states","SUBJECTO":"Laotian states","BORDERPRECISION":3}},
{"type":"Feature","geometry":{"type":"Polygon","coordinates":[[[102.07,6.15],[101.98,6.22],[101.68,6.46],[101.56,6.74],[101.43,6.83],[101.22,6.8],[100.98,6.85],[100.61,6.98],[100.54,7.05],[100.34,7.44],[100.29,7.77],[100.3,7.89],[100.21,8.33],[100.13,8.53],[100.01,8.49],[99.93,8.58],[99.87,8.71],[99.9,8.92],[99.9,9.07],[99.84,9.23],[99.72,9.26],[99.55,9.19],[99.3,9.16],[99.2,9.24],[99.12,9.37],[99.07,9.9],[99.19,10.49],[99.5,11.25],[99.76,11.78],[99.9,12.08],[99.87,12.26],[99.83,12.52],[99.98,12.84],[100.02,12.99],[99.93,13.26],[100.04,13.39],[100.24,13.49],[100.47,13.51],[100.59,13.47],[100.91,13.45],[100.96,13.36],[100.87,12.81],[100.87,12.68],[101.02,12.67],[101.15,12.61],[101.33,12.56],[101.59,12.66],[101.72,12.65],[101.92,12.59],[102.32,12.19],[102.53,12.15],[102.66,12.07],[102.67,12.04],[102.74,12.12],[103.66,12.85],[105.02,13.41],[106.06,13.34],[106.1,13.92],[106.15,14.02],[106.1,14.12],[106.02,14.2],[105.97,14.33],[105.47,15.15],[105.4,15.38],[105.21,15.69],[104.77,16.27],[104.66,16.48],[104.61,16.64],[104.58,17.33],[104.39,17.61],[104.08,17.91],[103.95,18.15],[103.93,18.28],[103.81,18.35],[103.41,18.43],[103.22,18.44],[103.1,18.24],[103.01,17.99],[102.76,17.88],[102.66,17.85],[102.4,17.96],[102.02,18.12],[101.86,18.11],[101.34,17.58],[101.17,17.39],[100.95,17.45],[100.91,17.54],[99.72,16.84],[98.64,16.65],[98.75,16.47],[98.82,16.32],[98.74,16.21],[98.53,16.11],[98.48,16],[98.58,15.47],[98.5,15.38],[98.14,15.19],[98.22,15.02],[98.49,14.37],[98.73,14.16],[99,13.89],[99.09,13.67],[99.13,13.37],[99.1,13.09],[99.1,12.97],[99.32,12.44],[99.58,11.89],[99.55,11.76],[99.09,11.05],[98.64,10.29],[98.59,10.12],[98.63,10.1],[98.5,9.72],[98.25,8.94],[98.18,8.6],[98.2,8.33],[98.29,8.16],[98.39,8.22],[98.54,8.26],[98.75,8.09],[98.89,8.02],[99.02,7.87],[99.12,7.64],[99.29,7.32],[99.47,7.34],[99.57,7.26],[99.64,7.07],[99.61,6.94],[99.66,6.71],[99.83,6.54],[99.97,6.51],[100.15,6.6],[100.22,6.52],[100.16,6.39],[100.16,6.34],[100.36,6.42],[100.62,6.42],[100.67,6.21],[100.87,6.16],[100.98,6.05],[101.01,5.95],[101.03,5.86],[100.93,5.68],[100.98,5.57],[101.08,5.53],[101.19,5.71],[101.31,5.83],[101.45,5.76],[101.47,5.55],[101.76,5.59],[101.81,5.85],[102.03,6],[102.07,6.15]]]},"properties":{"NAME":"Ayutthaya","SUBJECTO":"Ayutthaya","BORDERPRECISION":3}},
{"type":"Feature","geometry":{"type":"Polygon","coordinates":[[[98.64,27.48],[98.57,27.54],[98.35,27.53],[98.22,27.55],[98.12,27.69],[98.01,28.09],[97.83,28.29],[97.6,28.41],[97.48,28.39],[97.34,28.24],[97.34,28.18],[95.48,27.91],[94.84,27.57],[94.32,26.88],[92.4,26.58],[91.55,26.29],[90,26.36],[90,25.97],[91.43,26.1],[91.57,26.05],[91.43,25.79],[91.57,25.7],[91.48,25.48],[91.43,25.27],[91.74,25],[91.52,25],[91.57,24.35],[91.3,24.35],[91.26,24.13],[91.48,24.08],[91.83,23.73],[91.83,23.56],[91.92,23.51],[92.05,23.69],[94.38,24.2],[95.34,24.12],[95.74,24.04],[96.62,21.32],[97.26,20.92],[99.1,21.24],[100.04,21.62],[99.89,21.96],[99.76,22.13],[99.54,22.11],[99.31,22.11],[99.21,22.15],[99.16,22.31],[99.48,23.02],[99.47,23.14],[99.23,23.18],[98.98,23.15],[98.89,23.3],[98.77,24.09],[98.7,24.15],[98.48,24.14],[98.14,24.1],[97.77,23.9],[97.63,23.86],[97.53,23.89],[97.53,24.01],[97.63,24.27],[97.56,24.59],[97.52,24.8],[97.8,25.18],[97.89,25.27],[98.11,25.39],[98.38,25.63],[98.58,25.96],[98.73,26.34],[98.73,26.74],[98.64,27.48]]]},"properties":{"NAME":"Shan states","SUBJECTO":"Shan states","BORDERPRECISION":3}},
{"type":"Feature","geometry":{"type":"Polygon","coordinates":[[[94.47,17.64],[94.46,17.26],[94.39,16.91],[94.14,16.22],[94.14,16.01],[94.3,15.95],[94.42,16.08],[94.54,16.13],[94.82,16.21],[94.82,16.16],[94.75,15.94],[94.83,15.84],[94.97,15.84],[95.12,16],[95.22,16],[95.22,15.8],[95.33,15.68],[95.42,15.74],[95.55,15.88],[95.71,16.16],[96.2,16.38],[96.47,16.51],[96.66,16.7],[96.73,16.89],[96.77,17.33],[96.88,17.35],[96.98,17.24],[97.21,16.94],[97.35,16.53],[97.42,16.48],[97.57,16.45],[97.6,16.35],[97.61,16.1],[97.66,15.79],[97.74,15.01],[97.82,14.62],[97.98,14.24],[98.2,13.64],[98.49,13.11],[98.6,12.74],[98.68,12.05],[98.59,11.82],[98.59,11.7],[98.64,11.66],[98.87,11.65],[98.74,11.44],[98.68,11.09],[98.61,10.86],[98.4,10.56],[98.43,10.2],[98.59,10.12],[98.64,10.29],[99.09,11.05],[99.55,11.76],[99.58,11.89],[99.32,12.44],[99.1,12.97],[99.1,13.09],[99.13,13.37],[99.09,13.67],[99,13.89],[98.73,14.16],[98.49,14.37],[98.22,15.02],[98.14,15.19],[98.5,15.38],[98.58,15.47],[98.48,16],[98.53,16.11],[98.74,16.21],[98.82,16.32],[98.75,16.47],[98.64,16.65],[98.46,16.94],[98.39,17.08],[97.9,17.51],[97.79,17.58],[97.74,17.97],[97.71,18.05],[97.37,18.45],[97.64,18.51],[97.71,18.51],[97.75,18.62],[97.72,18.8],[97.77,19.03],[97.79,19.4],[97.85,19.56],[98.02,19.75],[98.23,19.71],[98.51,19.72],[98.99,19.86],[99.17,20.13],[99.41,20.28],[99.6,20.36],[99.89,20.39],[99.97,20.42],[100,20.46],[100.09,20.54],[100.35,20.75],[100.55,21.01],[100.79,21.28],[101.01,21.44],[100.94,21.55],[100.89,21.72],[100.61,21.54],[100.32,21.46],[100.21,21.5],[100.04,21.62],[99.1,21.24],[97.26,20.92],[96.62,21.32],[95.74,24.04],[95.34,24.12],[94.38,24.2],[92.05,23.69],[92.18,23.43],[92.27,22.95],[92.53,22.6],[92.51,22.11],[92.78,22.04],[92.89,21.98],[93,22.04],[93.13,22.2],[93.32,21.73],[94.7,20.02],[95.36,18.04],[95.16,17.64],[94.47,17.64]]]},"properties":{"NAME":"Ava","SUBJECTO":"Ava","BORDERPRECISION":3}},
{"type":"Feature","geometry":{"type":"Polygon","coordinates":[[[57.4,23.84],[57.62,22.7],[58.18,21.85],[58.77,20.94],[58.86,21.11],[59.26,21.48],[59.54,21.8],[59.84,22.28],[59.83,22.37],[59.46,22.54],[59.25,22.73],[59.02,23.02],[58.63,23.46],[58.46,23.51],[58.21,23.5],[58.08,23.5],[57.9,23.57],[57.45,23.81],[57.4,23.84]]]},"properties":{"NAME":"Oman","SUBJECTO":"Oman","BORDERPRECISION":3}},
{"type":"Feature","geometry":{"type":"Polygon","coordinates":[[[-87.38,30.44],[-87.09,30.36],[-86.62,30.41],[-86.39,30.47],[-86.29,30.37],[-86.06,30.23],[-85.72,30.2],[-85.6,30.15],[-85.49,30.04],[-85.43,29.76],[-85.3,29.66],[-84.76,29.8],[-84.56,29.96],[-84.32,30.09],[-84.12,30.12],[-83.89,30.05],[-83.49,29.69],[-83.12,29.24],[-82.89,29.19],[-82.78,29.11],[-82.65,28.91],[-82.72,28.44],[-82.78,28.1],[-82.84,27.84],[-82.72,27.74],[-82.5,27.93],[-82.43,27.83],[-82.45,27.72],[-82.62,27.53],[-82.75,27.53],[-82.58,27.31],[-82.31,26.82],[-82.14,26.87],[-82.08,26.55],[-81.89,26.45],[-81.84,26.08],[-81.74,25.92],[-81.4,25.86],[-81.15,25.38],[-81.15,25.27],[-81.1,25.13],[-80.87,25.19],[-80.74,25.13],[-80.57,25.19],[-80.45,25.21],[-80.44,25.15],[-80.5,25.04],[-80.49,25],[-80.31,25.24],[-80.31,25.36],[-80.35,25.55],[-80.21,25.73],[-80.19,25.86],[-80.05,26.55],[-80.08,26.92],[-80.13,27.07],[-80.26,27.2],[-80.23,27.24],[-80.45,27.78],[-80.61,28.56],[-81.03,29.26],[-81.23,29.66],[-81.41,30.07],[-81.51,30.73],[-81.3,31.29],[-81.2,31.59],[-83.25,31.37],[-85.78,31.45],[-87.53,31.32],[-87.38,30.44]]]},"properties":{"NAME":"Florida","SUBJECTO":"Spanish Habsburg","BORDERPRECISION":3}},
{"type":"Feature","geometry":{"type":"Polygon","coordinates":[[[-78.25,33.89],[-78.35,34.27],[-79.25,34.37],[-79.75,33.87],[-79.31,33.27],[-79.2,33.46],[-78.9,33.7],[-78.62,33.81],[-78.38,33.87],[-78.25,33.89]]]},"properties":{"NAME":"South Carolina","SUBJECTO":"South Carolina","BORDERPRECISION":3}},
{"type":"Feature","geometry":{"type":"MultiPolygon","coordinates":[[[[8.25,44.74],[8.27,44.9],[8.07,44.9],[8.05,45.01],[8.23,45.05],[8.26,45.18],[8.11,45.79],[7.98,45.85],[7.83,45.82],[7.79,45.93],[7.56,45.99],[7.2,45.86],[7.05,45.92],[7.04,45.93],[6.96,45.94],[6.94,46.01],[6.88,46.05],[6.9,46.13],[6.8,46.14],[6.86,46.27],[6.84,46.31],[6.78,46.36],[6.81,46.38],[6.81,46.39],[6.73,46.41],[6.64,46.41],[6.55,46.39],[6.51,46.4],[6.48,46.39],[6.48,46.38],[6.41,46.36],[6.39,46.34],[6.38,46.34],[6.11,46.13],[5.94,46.18],[5.83,46.21],[5.68,46.18],[5.65,46.46],[5.42,46.52],[5.27,46.32],[5.53,46.1],[5.53,46.01],[5.36,46.05],[5.36,45.88],[5.61,45.85],[5.82,45.4],[5.93,45.32],[5.95,45.26],[6.06,45.22],[6.03,45.33],[6.08,45.37],[6.14,45.32],[6.22,45.35],[6.27,45.32],[6.24,45.3],[6.28,45.2],[6.51,45.12],[6.67,44.95],[6.94,44.87],[7,44.72],[6.92,44.72],[6.78,44.55],[6.87,44.35],[6.79,44.3],[6.79,44.2],[6.84,44.11],[6.89,44.15],[6.94,44.14],[6.97,44.06],[7,44.05],[6.92,43.98],[6.96,43.91],[6.89,43.9],[6.92,43.82],[7.36,43.9],[7.4,43.76],[7.47,43.81],[7.47,43.92],[7.63,44.04],[7.67,43.98],[7.7,44.06],[7.69,44.24],[7.9,44.09],[7.98,43.96],[8.09,44.05],[7.96,44.22],[7.77,44.37],[7.85,44.46],[7.91,44.41],[8.22,44.67],[8.25,44.74]]],[[[6.78,46.47],[6.77,46.49],[6.75,46.49],[6.78,46.47]]]]},"properties":{"NAME":"Sardinia-Piedmont","SUBJECTO":"Sardinia-Piedmont","BORDERPRECISION":3}},
{"type":"Feature","geometry":{"type":"MultiPolygon","coordinates":[[[[10.39,45.03],[10.38,45.37],[10,45.4],[9.92,45.67],[9.85,45.7],[9.51,45.51],[9.7,45.78],[9.58,45.89],[9.54,46.31],[9.44,46.38],[9.38,46.53],[9.21,46.5],[9.22,46.35],[9.03,46.18],[9.02,45.93],[8.89,45.87],[8.72,46.01],[8.76,46.09],[8.64,46.12],[8.62,46.12],[8.38,46.28],[8.37,46.47],[8.27,46.42],[8.31,46.4],[8.24,46.36],[8.09,46.27],[8.15,46.15],[7.87,45.92],[7.81,45.94],[7.79,45.93],[7.83,45.82],[7.98,45.85],[8.11,45.79],[8.26,45.18],[8.23,45.05],[8.05,45.01],[8.07,44.9],[8.27,44.9],[8.25,44.74],[8.36,44.72],[8.4,44.8],[8.49,44.8],[8.56,44.86],[8.7,44.82],[8.76,44.86],[9.13,44.79],[9.13,45.12],[9.66,45.22],[10.29,45.02],[10.39,45.03]]],[[[9.41,42.58],[9.43,42.79],[9.41,42.91],[9.37,42.99],[9.3,42.98],[9.27,42.88],[9.28,42.73],[9.24,42.66],[9.15,42.71],[9.02,42.69],[9,42.63],[8.88,42.62],[8.61,42.49],[8.5,42.36],[8.63,42.26],[8.52,42.21],[8.51,42.13],[8.63,42.1],[8.67,42.03],[8.59,41.96],[8.54,41.95],[8.56,41.88],[8.69,41.91],[8.74,41.88],[8.63,41.73],[8.82,41.69],[8.85,41.65],[8.73,41.56],[8.83,41.49],[9.01,41.46],[9.04,41.37],[9.17,41.35],[9.3,41.58],[9.36,41.9],[9.45,42.05],[9.49,42.41],[9.46,42.56],[9.41,42.58]]]]},"properties":{"NAME":"Milan","SUBJECTO":"Spanish Habsburg","BORDERPRECISION":3}},
{"type":"Feature","geometry":{"type":"Polygon","coordinates":[[[5.94,46.18],[6.05,46.28],[6.05,46.42],[6.02,46.48],[6.06,46.62],[6.38,46.8],[6.36,46.95],[6.62,47.05],[6.63,47.09],[6.87,47.31],[6.94,47.33],[6.89,47.37],[6.82,47.38],[6.63,47.51],[6.78,47.68],[6.7,47.76],[6.79,47.86],[6.64,47.99],[6.25,47.96],[6.1,48.03],[6.06,47.96],[5.96,47.99],[5.96,47.8],[5.82,47.73],[5.92,47.6],[5.79,47.51],[5.78,47.36],[5.74,47.23],[5.67,47.11],[5.79,47],[5.76,46.89],[5.65,46.85],[5.63,46.65],[5.74,46.6],[5.72,46.48],[5.65,46.46],[5.68,46.18],[5.83,46.21],[5.94,46.18]]]},"properties":{"NAME":"Franche-Comté","SUBJECTO":"Spanish Habsburg","BORDERPRECISION":3}},
{"type":"Feature","geometry":{"type":"MultiPolygon","coordinates":[[[[6.38,46.34],[6.36,46.35],[6.34,46.37],[6.3,46.37],[6.28,46.35],[6.24,46.29],[6.2,46.26],[6.19,46.24],[6.17,46.21],[6.15,46.21],[6.17,46.3],[6.25,46.39],[6.26,46.39],[6.27,46.39],[6.29,46.42],[6.35,46.46],[6.38,46.46],[6.4,46.46],[6.45,46.47],[6.51,46.52],[6.56,46.51],[6.59,46.52],[6.69,46.5],[6.72,46.49],[6.74,46.49],[6.75,46.49],[6.77,46.49],[6.78,46.47],[6.83,46.47],[6.86,46.45],[6.9,46.44],[6.93,46.41],[6.92,46.4],[6.86,46.4],[6.86,46.39],[6.86,46.4],[6.87,46.4],[6.87,46.39],[6.88,46.39],[7.03,46.18],[7.22,46.33],[7.5,46.37],[7.55,46.39],[7.53,46.41],[7.61,46.44],[7.69,46.43],[7.71,46.38],[7.71,46.36],[7.75,46.36],[7.75,46.32],[7.91,46.3],[8,46.32],[8.06,46.36],[8.18,46.43],[8.18,46.47],[8.27,46.42],[8.37,46.47],[8.38,46.28],[8.62,46.12],[8.64,46.12],[8.76,46.09],[8.72,46.01],[8.89,45.87],[9.02,45.93],[9.03,46.18],[9.22,46.35],[9.21,46.5],[9.38,46.53],[9.44,46.38],[9.54,46.31],[9.64,46.33],[9.67,46.38],[9.88,46.4],[9.99,46.25],[10.1,46.44],[9.99,46.5],[10.02,46.62],[10.15,46.66],[10.23,46.59],[10.37,46.57],[10.39,46.65],[10.34,46.75],[10.4,46.89],[10.41,46.96],[10.31,47.02],[10.05,46.87],[9.8,46.98],[9.8,47.04],[9.52,47.07],[9.56,47.16],[9.46,47.29],[9.58,47.41],[9.54,47.49],[9.53,47.48],[9.48,47.48],[9.47,47.5],[9.44,47.51],[9.44,47.52],[9.39,47.54],[9.38,47.57],[9.3,47.61],[9.19,47.65],[9.18,47.66],[9.1,47.67],[9.09,47.67],[9.07,47.67],[8.98,47.67],[8.96,47.66],[8.91,47.64],[8.86,47.66],[8.89,47.65],[8.94,47.66],[8.98,47.68],[8.82,47.68],[8.75,47.72],[8.66,47.71],[8.64,47.78],[8.33,47.69],[8.41,47.6],[8.25,47.59],[8.13,47.64],[7.87,47.57],[7.75,47.62],[7.63,47.56],[7.51,47.6],[7.33,47.46],[7.12,47.47],[7.12,47.51],[6.92,47.51],[6.88,47.46],[6.82,47.38],[6.89,47.37],[6.94,47.33],[6.87,47.31],[6.63,47.09],[6.62,47.05],[6.36,46.95],[6.38,46.8],[6.06,46.62],[6.02,46.48],[6.05,46.42],[6.05,46.28],[5.94,46.18],[6.11,46.13],[6.38,46.34]]],[[[6.86,46.27],[6.86,46.29],[6.84,46.31],[6.86,46.27]]],[[[7.04,45.93],[6.94,46.01],[6.96,45.94],[7.04,45.93]]],[[[7.79,45.93],[7.81,45.94],[7.58,45.99],[7.56,45.99],[7.79,45.93]]],[[[9.22,47.67],[9.2,47.68],[9.12,47.68],[9.12,47.67],[9.22,47.67]]]]},"properties":{"NAME":"Swiss Confederation","SUBJECTO":"Swiss Confederation","BORDERPRECISION":3}},
{"type":"Feature","geometry":{"type":"Polygon","coordinates":[[[3.78,51.39],[3.68,51.32],[3.47,51.31],[3.21,51.35],[3,51.31],[2.52,51.09],[2.44,51.05],[2.03,51.01],[1.82,50.93],[1.8,50.92],[1.83,50.24],[1.99,50.22],[1.99,50.08],[2.15,50.06],[2.4,50.2],[2.68,50.15],[2.91,49.94],[3.48,49.92],[3.82,50.04],[4.26,49.89],[5.36,49.7],[5.91,49.2],[6.13,49.41],[6.45,49.39],[6.45,49.13],[6.8,49.1],[7.06,49.95],[6.65,49.93],[6.41,50.26],[6.76,51.61],[6.38,51.82],[6.21,51.88],[6.13,51.84],[5.98,51.8],[5.95,51.72],[6.12,51.64],[6.15,51.52],[6.22,51.39],[6.18,51.32],[6.09,51.2],[6.18,51.14],[6.07,51.08],[5.96,51.02],[5.93,50.98],[6.01,50.96],[6.07,50.87],[6,50.74],[5.7,50.73],[5.7,50.88],[5.77,50.93],[5.82,51.12],[5.48,51.29],[5.24,51.24],[5.11,51.41],[5.01,51.43],[4.93,51.38],[4.79,51.49],[4.67,51.41],[4.53,51.41],[4.4,51.41],[4.41,51.34],[4.17,51.32],[3.99,51.34],[3.78,51.39]]]},"properties":{"NAME":"Luxembourg","SUBJECTO":"Luxembourg","BORDERPRECISION":3}},
{"type":"Feature","geometry":{"type":"Polygon","coordinates":[[[12.38,44.73],[12.48,44.79],[12.52,44.88],[12.41,44.99],[12.32,45.04],[12.31,45.18],[12.18,45.21],[12.18,45.27],[12.25,45.29],[12.28,45.4],[12.48,45.46],[12.45,45.39],[12.9,45.56],[13.1,45.58],[13.16,45.73],[13.37,45.69],[13.5,45.94],[13.61,46.13],[13.62,46.42],[13.73,46.65],[13.71,46.84],[13.58,46.84],[13.52,46.99],[13.52,47],[13.29,47.06],[12.7,46.95],[12.41,46.96],[12.33,46.97],[12.22,46.88],[12.07,46.93],[11.74,46.75],[11.91,46.41],[11.57,46.25],[11.57,45.98],[11.33,46.01],[11.23,46.01],[11.17,45.74],[10.93,45.84],[10.79,45.64],[10.66,45.81],[10.52,45.74],[10.46,46.21],[10.56,46.31],[10.56,46.72],[10.4,46.89],[10.34,46.75],[10.39,46.65],[10.37,46.57],[10.23,46.59],[10.15,46.66],[10.02,46.62],[9.99,46.5],[10.1,46.44],[9.99,46.25],[9.88,46.4],[9.67,46.38],[9.64,46.33],[9.54,46.31],[9.58,45.89],[9.7,45.78],[9.51,45.51],[9.85,45.7],[9.92,45.67],[10,45.4],[10.38,45.37],[10.67,45.35],[10.82,45.35],[10.86,45.05],[11.17,45.07],[11.24,45.07],[11.6,44.9],[11.77,45.07],[11.89,45.09],[11.97,45.04],[12.05,45.02],[12.04,45.14],[12.14,45.1],[12.38,44.73]]]},"properties":{"NAME":"Venice","SUBJECTO":"Venice","BORDERPRECISION":3}},
{"type":"Feature","geometry":{"type":"Polygon","coordinates":[[[-48.85,-28.56],[-48.73,-28.37],[-48.64,-28.09],[-48.59,-27.82],[-48.56,-27.68],[-48.59,-27.21],[-48.6,-26.68],[-48.78,-26.39],[-48.74,-26.32],[-48.61,-26.24],[-48.57,-26.12],[-48.52,-25.88],[-48.57,-25.63],[-48.72,-25.53],[-48.72,-25.43],[-48.6,-25.43],[-48.34,-25.4],[-48.13,-25.29],[-47.89,-24.99],[-47.61,-24.79],[-47.28,-24.62],[-47.05,-24.44],[-46.21,-23.88],[-45.95,-23.77],[-45.8,-23.74],[-45.46,-23.86],[-45.36,-23.7],[-45.15,-23.49],[-44.79,-23.35],[-44.66,-23.26],[-44.56,-22.99],[-44.23,-22.99],[-43.82,-22.96],[-43.61,-23.01],[-43.26,-23.03],[-42.97,-23.03],[-42.53,-22.95],[-42.14,-22.97],[-41.96,-22.92],[-41.97,-22.76],[-41.93,-22.55],[-41.77,-22.38],[-41.52,-22.25],[-40.98,-22.09],[-41.05,-21.66],[-41.02,-21.52],[-40.93,-21.28],[-40.48,-20.65],[-40.14,-19.98],[-39.84,-19.7],[-39.74,-19.57],[-39.69,-19.41],[-39.8,-18.75],[-39.78,-18.58],[-39.67,-18.23],[-39.48,-18],[-39.14,-17.77],[-39.16,-17.74],[-39.23,-17.44],[-39.21,-17.15],[-38.95,-16],[-38.98,-15.56],[-39.13,-14.32],[-39.09,-14.05],[-39.07,-13.72],[-38.83,-12.98],[-38.8,-12.63],[-38.63,-12.67],[-38.51,-12.8],[-38.47,-12.99],[-38.39,-12.98],[-38.27,-12.89],[-37.91,-12.39],[-37.64,-11.95],[-37.41,-11.47],[-37.4,-11.31],[-37.36,-11.13],[-37.19,-10.84],[-37.03,-10.83],[-36.83,-10.74],[-36.2,-10.16],[-35.6,-9.63],[-35.37,-9.25],[-35.11,-8.66],[-35.01,-8.28],[-34.92,-7.87],[-34.89,-7.61],[-34.92,-7.17],[-35.04,-6.65],[-35.31,-5.75],[-35.34,-5.48],[-35.46,-5.27],[-35.66,-5.18],[-36.07,-5.16],[-36.64,-5.12],[-36.97,-5.04],[-37.18,-4.95],[-37.37,-4.8],[-37.73,-4.53],[-38.07,-4.23],[-38.79,-3.6],[-39.05,-3.41],[-39.39,-3.19],[-39.72,-3.01],[-40.23,-2.85],[-40.42,-2.86],[-40.68,-2.93],[-40.89,-2.95],[-41.1,-2.97],[-41.61,-2.94],[-42.11,-2.86],[-42.32,-2.82],[-42.72,-2.62],[-43.07,-2.45],[-43.23,-2.42],[-43.33,-2.43],[-43.78,-2.64],[-44.06,-2.71],[-44.22,-2.78],[-44.59,-3.15],[-44.67,-2.97],[-44.71,-2.76],[-44.66,-2.57],[-44.52,-2.38],[-44.46,-2.27],[-44.55,-2.09],[-44.8,-1.74],[-44.93,-1.62],[-45.08,-1.6],[-45.26,-1.76],[-45.34,-1.77],[-45.37,-1.76],[-46.36,-3.19],[-45.11,-4.55],[-44.2,-4.9],[-41.71,-4.33],[-40.01,-4.55],[-38.08,-6.26],[-36.37,-6.94],[-36.15,-7.62],[-37.85,-9.89],[-40.69,-12.61],[-40.57,-15.45],[-41.14,-19.53],[-42.61,-21.46],[-48.74,-23.21],[-48.97,-23.27],[-50.18,-24.64],[-50.05,-27.76],[-48.85,-28.56]]]},"properties":{"NAME":"Portuguese Brazil","SUBJECTO":"Portugal","BORDERPRECISION":3}},
{"type":"Feature","geometry":{"type":"Polygon","coordinates":[[[-71.44,12.42],[-71.7,12.43],[-71.91,12.35],[-72.06,12.24],[-72.18,11.99],[-72.38,11.81],[-72.76,11.69],[-72.98,11.56],[-73.08,11.45],[-73.36,11.32],[-73.62,11.32],[-74,11.34],[-74.12,11.4],[-74.22,11.37],[-74.31,11.12],[-74.32,10.92],[-74.45,10.77],[-74.55,10.97],[-74.72,11.06],[-74.77,11.06],[-75.03,10.95],[-75.23,10.83],[-75.45,10.63],[-75.54,10.41],[-75.57,10.12],[-75.65,9.77],[-75.6,9.6],[-75.7,9.43],[-76.01,9.38],[-76.16,9.31],[-76.38,8.98],[-76.56,8.85],[-76.76,8.69],[-76.84,8.56],[-76.85,8.46],[-76.7,8.11],[-76.77,8.01],[-76.86,7.93],[-76.96,8.02],[-77.06,8.25],[-77.24,8.48],[-77.43,8.63],[-77.49,8.66],[-77.68,8.96],[-77.97,9.21],[-78.27,9.39],[-78.61,9.48],[-78.97,9.47],[-79,9.54],[-79.33,9.57],[-79.5,9.64],[-80.12,9.22],[-80.36,9.2],[-80.96,8.86],[-81.17,8.83],[-81.5,8.86],[-81.67,9.06],[-81.78,8.97],[-82.07,8.98],[-82.23,9.05],[-82.24,9.21],[-82.33,9.44],[-82.56,9.58],[-82.59,9.53],[-82.81,9.61],[-82.91,9.52],[-82.91,9.37],[-82.91,9.11],[-82.68,8.98],[-82.86,8.81],[-82.81,8.57],[-82.98,8.4],[-82.87,8.32],[-82.96,8.05],[-82.8,8.27],[-82.65,8.32],[-82.38,8.32],[-82.19,8.2],[-81.76,8.15],[-81.66,8.16],[-81.56,7.82],[-81.2,7.64],[-81.12,7.94],[-81.01,7.78],[-80.85,7.41],[-80.9,7.34],[-80.81,7.27],[-80.66,7.25],[-80.41,7.3],[-80.21,7.47],[-80.1,7.46],[-79.98,7.49],[-79.97,7.56],[-80.05,7.73],[-80.26,7.93],[-80.4,8.06],[-80.42,8.19],[-80.27,8.38],[-80.12,8.39],[-79.95,8.47],[-79.71,8.62],[-79.75,8.72],[-79.72,8.88],[-79.54,8.93],[-79.32,9.04],[-79.07,9.03],[-78.86,8.95],[-78.8,8.83],[-78.75,8.87],[-78.65,8.74],[-78.59,8.81],[-78.51,8.69],[-78.49,8.57],[-78.38,8.39],[-78.18,8.41],[-78.04,8.55],[-78,8.34],[-77.95,8.27],[-77.79,8.18],[-78.15,8.24],[-78.25,8.2],[-78.33,8.09],[-78.27,7.89],[-78.07,7.54],[-77.9,7.17],[-77.73,6.99],[-77.4,6.67],[-77.32,6.54],[-77.34,6.43],[-77.45,6.28],[-77.49,6.19],[-77.47,6.09],[-77.22,5.88],[-77.18,5.79],[-77.24,5.69],[-77.46,5.63],[-77.5,5.51],[-77.33,5.13],[-77.27,4.74],[-77.31,4.5],[-77.44,4.18],[-77.41,4.1],[-77.16,3.91],[-77.11,3.79],[-77.4,3.31],[-77.6,2.88],[-77.8,2.58],[-77.99,2.47],[-78.07,2.49],[-78.47,2.47],[-78.61,2.37],[-78.65,2.17],[-78.49,1.92],[-78.58,1.77],[-78.78,1.82],[-79.01,1.77],[-79.06,1.68],[-78.98,1.55],[-78.93,1.41],[-78.94,1.38],[-78.98,1.3],[-79.2,1.12],[-79.38,1.02],[-79.78,0.86],[-80.09,0.82],[-80.13,0.72],[-80.1,0.63],[-80.05,0.43],[-80.11,0.05],[-80.18,-0.02],[-80.4,-0.22],[-80.48,-0.38],[-80.48,-0.49],[-80.34,-0.66],[-80.66,-0.87],[-80.88,-0.96],[-80.97,-1.03],[-80.8,-1.33],[-80.75,-1.45],[-80.81,-1.66],[-80.82,-1.86],[-80.74,-2.12],[-80.79,-2.23],[-80.96,-2.35],[-80.78,-2.54],[-80.51,-2.68],[-80.36,-2.73],[-80.03,-2.45],[-79.81,-2.17],[-79.84,-2.35],[-79.74,-2.68],[-79.76,-2.8],[-80.03,-3.27],[-80.14,-3.41],[-80.23,-3.47],[-80.37,-3.57],[-80.58,-3.66],[-81.04,-4.05],[-81.3,-4.33],[-81.41,-4.57],[-81.42,-4.68],[-81.3,-5],[-81.14,-5.2],[-80.88,-5.59],[-80.82,-5.72],[-80.89,-5.9],[-81.16,-5.91],[-81.24,-5.96],[-81.3,-6.04],[-81.02,-6.21],[-80.61,-6.37],[-80.27,-6.57],[-80.07,-6.76],[-79.8,-7.19],[-79.67,-7.35],[-79.06,-8.22],[-78.75,-8.79],[-78.3,-9.67],[-77.76,-10.66],[-77.69,-10.84],[-77.68,-11.01],[-77.71,-11.26],[-77.67,-11.29],[-77.46,-11.39],[-77.34,-11.51],[-76.71,-12.76],[-76.36,-13.23],[-76.24,-13.5],[-76.24,-13.91],[-76.24,-14.11],[-76.05,-14.41],[-75.79,-14.73],[-75.23,-15.22],[-74.62,-15.67],[-74.05,-16.04],[-73.67,-16.2],[-73.28,-16.37],[-72.98,-16.53],[-72.59,-16.74],[-72.31,-16.88],[-72.09,-16.99],[-71.86,-17.12],[-71.61,-17.22],[-71.47,-17.39],[-71.37,-17.7],[-71.22,-17.81],[-70.58,-18.08],[-70.45,-18.22],[-70.36,-18.45],[-70.3,-18.63],[-70.21,-19.07],[-70.19,-19.76],[-70.11,-20.69],[-70.11,-21.75],[-70.19,-22.16],[-70.2,-22.22],[-70.23,-22.43],[-70.23,-22.8],[-70.29,-22.99],[-70.47,-23.08],[-70.57,-23.17],[-70.55,-23.34],[-70.58,-23.49],[-70.42,-23.53],[-70.36,-23.66],[-70.46,-23.93],[-70.45,-24.35],[-70.52,-24.46],[-70.5,-24.83],[-70.4,-25.25],[-70.49,-25.47],[-70.68,-25.77],[-70.65,-26.26],[-70.69,-26.51],[-70.75,-26.88],[-70.85,-27.28],[-70.86,-27.31],[-70.93,-27.73],[-71.14,-27.99],[-71.2,-28.24],[-71.3,-28.67],[-71.43,-29.1],[-71.39,-29.28],[-71.23,-29.52],[-71.24,-29.85],[-71.33,-30.1],[-71.5,-30.35],[-71.68,-30.6],[-71.7,-30.85],[-71.65,-31.24],[-71.52,-32.18],[-71.45,-32.54],[-71.4,-32.64],[-71.42,-32.75],[-71.51,-32.91],[-71.71,-33.11],[-71.75,-33.19],[-71.61,-33.57],[-71.62,-33.71],[-71.74,-33.88],[-71.82,-33.93],[-71.96,-34.25],[-72.08,-34.67],[-72.17,-34.96],[-72.33,-35.28],[-72.63,-35.65],[-72.71,-35.94],[-72.85,-36.36],[-72.96,-36.58],[-73.14,-37.16],[-73.19,-37.22],[-73.28,-37.28],[-73.36,-37.32],[-73.58,-37.28],[-73.69,-37.37],[-73.67,-37.5],[-73.44,-37.9],[-73.4,-38.1],[-73.44,-38.35],[-73.44,-38.63],[-73.2,-39.42],[-73.19,-39.57],[-73.43,-39.91],[-73.76,-40.24],[-73.82,-40.43],[-73.91,-40.84],[-73.85,-41.15],[-73.67,-41.48],[-73.59,-41.7],[-73.46,-41.79],[-73.42,-41.79],[-73.18,-41.76],[-72.96,-41.57],[-72.89,-41.53],[-72.77,-41.54],[-72.59,-41.62],[-71.8,-41.57],[-71.86,-40.75],[-71.82,-40.58],[-71.8,-40.55],[-71.67,-40.34],[-71.55,-39.76],[-71.44,-39.25],[-71.42,-39.11],[-71.36,-39.03],[-70.93,-38.79],[-70.84,-38.73],[-71.04,-38.31],[-71.15,-37.81],[-71.16,-37.29],[-71.15,-37.22],[-71.1,-36.81],[-70.99,-36.66],[-70.39,-36.17],[-70.36,-36.02],[-70.44,-35.54],[-70.48,-35.36],[-70.34,-35.09],[-69.85,-34.26],[-69.82,-34.07],[-69.37,-33.09],[-69.04,-32.38],[-67.79,-31.63],[-67.53,-31.62],[-67.37,-31.61],[-66.44,-31.55],[-61.45,-32.35],[-58.84,-32.35],[-58.61,-31.21],[-59.18,-30.65],[-59.03,-29.78],[-58.72,-27.92],[-53.8,-28.01],[-53.18,-27.51],[-53.68,-26.39],[-53.3,-23.51],[-52.05,-21.89],[-52.05,-19.27],[-53.68,-18.52],[-55.05,-19.52],[-56.18,-19.52],[-58.42,-17.39],[-60.8,-16.27],[-61.67,-17.39],[-60.8,-19.14],[-61.05,-20.14],[-61.05,-26.01],[-65.79,-27.01],[-67.54,-26.39],[-67.92,-26.26],[-67.67,-23.76],[-67.92,-22.01],[-66.54,-19.77],[-66.54,-18.27],[-66.69,-17.21],[-67,-15.79],[-69.27,-15.22],[-69.6,-14.23],[-70.52,-13.74],[-74.29,-12.65],[-77.89,-6.98],[-76.66,-6.98],[-74.32,-7.96],[-73.21,-6.73],[-70.88,-6.36],[-69.96,-6.18],[-69.65,-6.12],[-69.28,-4.52],[-69.53,-4.26],[-69.79,-3.98],[-71,-2.67],[-76.04,-2.8],[-76.42,-1.63],[-76.31,2.14],[-74.94,5.88],[-72.72,6.67],[-73.13,8.83],[-72.72,10.98],[-71.44,12.42]],[[-77.25,-2.76],[-77.9,-3.11],[-78.39,-2.91],[-78.56,-2.13],[-77.85,-1.67],[-77.25,-2.1],[-77.25,-2.76]]]},"properties":{"NAME":"Vice Royalty of Peru","SUBJECTO":"Spanish Habsburg","BORDERPRECISION":3}},
{"type":"Feature","geometry":{"type":"Polygon","coordinates":[[[-57.23,6.13],[-57.41,6.35],[-57.73,6.6],[-57.96,6.73],[-58.01,6.79],[-58.28,6.87],[-58.37,6.83],[-58.51,6.56],[-58.58,6.98],[-58.56,7.31],[-58.62,7.5],[-58.88,7.8],[-59.19,8.03],[-59.4,8.16],[-59.58,8.27],[-59.8,8.42],[-59.83,8.44],[-59.97,6.1],[-59.63,5.43],[-58.84,5.2],[-57.59,5.43],[-57.23,6.13]]]},"properties":{"NAME":"Essequibo","SUBJECTO":"Essequibo","BORDERPRECISION":3}},
{"type":"Feature","geometry":{"type":"Polygon","coordinates":[[[-54.29,5.88],[-54.57,5.96],[-54.89,5.99],[-55.28,5.98],[-55.66,5.99],[-55.81,6],[-55.87,5.96],[-55.91,5.78],[-55.63,5.17],[-55.12,5.03],[-54.57,5.22],[-54.29,5.88]]]},"properties":{"NAME":"Surinam","SUBJECTO":"Surinam","BORDERPRECISION":3}},
{"type":"Feature","geometry":{"type":"Polygon","coordinates":[[[-52.22,4.8],[-52.42,4.97],[-52.67,5.18],[-53.03,5.43],[-53.23,5.5],[-53.2,4.77],[-52.72,4.51],[-52.22,4.8]]]},"properties":{"NAME":"Cayenne","SUBJECTO":"Cayenne","BORDERPRECISION":3}},
{"type":"Feature","geometry":{"type":"Polygon","coordinates":[[[-74.41,39.61],[-74.65,40.21],[-75.07,40.4],[-77.72,39.14],[-76.94,37.29],[-76.85,37.36],[-76.64,37.27],[-76.42,37.03],[-76.28,37.06],[-76.29,37.2],[-76.38,37.29],[-76.46,37.28],[-76.6,37.35],[-76.79,37.56],[-76.78,37.57],[-76.48,37.32],[-76.38,37.33],[-76.43,37.43],[-76.4,37.46],[-76.26,37.37],[-76.24,37.49],[-76.27,37.51],[-76.25,37.55],[-76.4,37.58],[-76.28,37.63],[-76.57,37.7],[-76.89,38.07],[-76.42,37.71],[-76.31,37.73],[-76.22,37.94],[-76.29,38],[-76.54,38.08],[-76.51,38.12],[-76.94,38.25],[-77.03,38.36],[-77.24,38.38],[-77.33,38.49],[-77.25,38.7],[-77.05,38.73],[-77.25,38.59],[-77.25,38.46],[-77.1,38.48],[-76.86,38.33],[-76.89,38.44],[-76.82,38.42],[-76.77,38.29],[-76.61,38.29],[-76.32,38.11],[-76.38,38.34],[-76.57,38.44],[-76.65,38.54],[-76.66,38.63],[-76.62,38.54],[-76.41,38.4],[-76.38,38.46],[-76.51,38.68],[-76.54,38.79],[-76.41,39.09],[-76.59,39.31],[-76.39,39.28],[-76.34,39.46],[-76.3,39.43],[-76.27,39.36],[-76.24,39.4],[-76.26,39.5],[-76.22,39.52],[-76.2,39.42],[-76.06,39.51],[-76.11,39.55],[-76.07,39.6],[-75.94,39.65],[-76.01,39.46],[-75.86,39.44],[-76.15,39.37],[-76.26,39.2],[-76.19,39.17],[-76.06,39.2],[-76.15,39.07],[-76.3,39.08],[-76.34,39.03],[-76.31,38.98],[-76.16,38.95],[-76.11,38.84],[-76.17,38.82],[-76.27,38.89],[-76.31,38.88],[-76.35,38.73],[-76.32,38.73],[-76.28,38.81],[-76.01,38.67],[-76.01,38.64],[-76.17,38.62],[-76.33,38.54],[-76.22,38.36],[-76.15,38.38],[-76.04,38.29],[-75.85,38.43],[-75.81,38.28],[-75.92,38.26],[-75.93,38.17],[-75.85,38.13],[-75.75,38.15],[-75.85,37.98],[-75.68,38.03],[-75.64,38],[-75.67,37.9],[-75.78,37.84],[-75.87,37.71],[-76.02,37.33],[-75.96,37.21],[-75.86,37.22],[-75.87,37.28],[-75.7,37.61],[-75.65,37.55],[-75.59,37.61],[-75.61,37.63],[-75.43,37.99],[-75.21,38.29],[-75.16,38.29],[-75.09,38.39],[-75.04,38.5],[-75.09,38.84],[-75.21,38.87],[-75.39,39.13],[-75.4,39.29],[-75.62,39.67],[-75.46,39.84],[-75.34,39.89],[-75.41,39.78],[-75.55,39.67],[-75.4,39.42],[-75.33,39.4],[-75.13,39.25],[-74.94,39.25],[-74.89,39.17],[-74.97,39.03],[-74.94,38.98],[-74.86,38.99],[-74.73,39.13],[-74.52,39.35],[-74.41,39.42],[-74.39,39.5],[-74.41,39.61]]]},"properties":{"NAME":"Virginia","SUBJECTO":"England","BORDERPRECISION":3}},
{"type":"Feature","geometry":{"type":"Polygon","coordinates":[[[-73.39,41.14],[-72.85,41.29],[-72.09,41.37],[-71.45,41.43],[-71.41,41.72],[-71.37,41.84],[-71.3,41.77],[-71.1,41.83],[-71.19,41.68],[-71.17,41.53],[-71.04,41.54],[-70.97,41.56],[-70.9,41.68],[-70.85,41.63],[-70.83,41.68],[-70.76,41.69],[-70.71,41.8],[-70.66,41.77],[-70.64,41.59],[-69.92,41.72],[-69.94,41.91],[-70.03,42.08],[-70.14,42.14],[-70.23,42.14],[-70.22,42.11],[-70.18,42.09],[-70.06,41.96],[-70,41.95],[-69.99,41.87],[-70.3,41.76],[-70.48,41.81],[-70.51,41.99],[-70.78,42.3],[-70.9,42.35],[-71.05,42.36],[-71.02,42.43],[-70.85,42.56],[-70.87,42.6],[-70.63,42.65],[-70.57,42.72],[-70.65,42.72],[-70.68,42.69],[-70.76,42.71],[-70.79,42.81],[-70.87,42.87],[-70.69,43.1],[-70.54,43.4],[-70.38,43.45],[-70.31,43.62],[-70.19,43.64],[-70.22,43.8],[-69.92,43.91],[-69.97,43.81],[-69.83,43.75],[-69.68,43.88],[-69.75,43.96],[-69.61,44.07],[-69.66,43.93],[-69.51,43.9],[-69.39,44.09],[-69.25,43.99],[-69.09,44.14],[-68.95,44.39],[-68.78,44.63],[-70.07,44.69],[-70.99,44.31],[-71.68,42.46],[-72.13,42.37],[-72.56,42.45],[-73.39,41.14]]]},"properties":{"NAME":"Massachusetts Bay","SUBJECTO":"England","BORDERPRECISION":3}},
{"type":"Feature","geometry":{"type":"Polygon","coordinates":[[[-69.25,48.12],[-69.75,47.77],[-70.22,47.34],[-70.53,47.13],[-70.7,47.07],[-71.04,46.74],[-70.81,47.17],[-70.6,47.43],[-70.41,47.56],[-70.19,47.81],[-69.8,48.19],[-73.45,47.06],[-73.68,45.66],[-71.63,46.01],[-69.52,46.3],[-69.25,48.12]]]},"properties":{"NAME":"New France","SUBJECTO":"France","BORDERPRECISION":3}},
{"type":"Feature","geometry":{"type":"MultiPolygon","coordinates":[[[[-158.47,21.57],[-158.43,21.45],[-158.3,21.28],[-158.15,21.3],[-158.07,21.3],[-158.02,21.24],[-157.9,21.25],[-157.84,21.29],[-157.95,21.42],[-158.05,21.46],[-158.09,21.59],[-158.18,21.69],[-158.31,21.58],[-158.47,21.57]]],[[[-156.78,21.04],[-156.82,20.94],[-156.61,20.8],[-156.58,20.64],[-156.51,20.6],[-156.25,20.63],[-156.12,20.71],[-156.12,20.79],[-156.4,20.95],[-156.55,20.97],[-156.72,21.07],[-156.78,21.04]]],[[[-155.06,19.42],[-154.95,19.48],[-154.92,19.56],[-155.06,19.62],[-155.11,19.75],[-155.22,19.77],[-155.21,19.9],[-155.48,20.09],[-155.77,20.21],[-155.93,20.28],[-156.01,20.26],[-156.03,20.2],[-155.96,20.08],[-155.95,19.99],[-156.16,19.81],[-156.05,19.5],[-156.03,19.11],[-155.78,18.95],[-155.65,19.14],[-155.48,19.24],[-155.14,19.33],[-155.06,19.42]]]]},"properties":{"NAME":"Polynesians","SUBJECTO":"Polynesians","BORDERPRECISION":3}},
{"type":"Feature","geometry":{"type":"Polygon","coordinates":[[[3.95,6.58],[5.34,8.72],[4.64,9.81],[4.04,10.27],[2.82,10.18],[2.42,9.05],[2.62,6.34],[2.77,6.35],[3.06,6.36],[3.41,6.38],[3.46,6.38],[3.61,6.41],[3.72,6.55],[3.95,6.58]]]},"properties":{"NAME":"Oyo","SUBJECTO":"Oyo","BORDERPRECISION":3}},
{"type":"Feature","geometry":{"type":"Polygon","coordinates":[[[3.95,6.58],[4.07,6.44],[4.36,6.33],[4.63,6.21],[4.89,6],[5.1,5.76],[5.15,5.64],[5.38,5.61],[6.9,6.13],[7.37,6.94],[7.37,7.91],[6.88,8.64],[5.34,8.72],[3.95,6.58]]]},"properties":{"NAME":"Benin","SUBJECTO":"Benin","BORDERPRECISION":3}},
{"type":"Feature","geometry":{"type":"Polygon","coordinates":[[[1.18,6.08],[0.55,8.24],[-0.02,8.64],[-0.75,8.48],[-1.88,7.91],[-2.45,7.02],[-2.29,6.21],[-1.72,5.97],[-0.5,5.97],[-0.3,5.48],[-0.2,5.53],[-0.12,5.57],[0.09,5.66],[0.54,5.72],[0.8,5.71],[0.94,5.76],[1.17,6.07],[1.18,6.08]]]},"properties":{"NAME":"Akan","SUBJECTO":"Akan","BORDERPRECISION":3}},
{"type":"Feature","geometry":{"type":"Polygon","coordinates":[[[1.2,15.62],[0.07,20.08],[-1.07,21.78],[-1.15,24.46],[-0.42,25.43],[-0.34,26.41],[-1.34,29.04],[-1.71,30.06],[-1.23,31.99],[-1.08,32.45],[-1.11,32.55],[-1.34,32.69],[-1.61,33.05],[-1.68,33.26],[-1.67,33.83],[-1.66,34.21],[-1.74,34.61],[-1.82,34.7],[-2.08,34.83],[-2.19,35.05],[-2.33,35.05],[-2.36,35.05],[-2.71,35.1],[-2.83,35.14],[-3.01,35.39],[-3.21,35.27],[-3.44,35.17],[-4.03,35.13],[-4.3,35.15],[-4.59,35.15],[-5.11,35.38],[-5.17,35.42],[-5.48,35.81],[-5.57,35.86],[-5.81,35.79],[-5.93,35.73],[-6.3,34.86],[-6.47,34.53],[-6.51,34.45],[-6.75,34.12],[-7,33.87],[-7.33,33.7],[-7.9,33.49],[-8.31,33.34],[-8.64,33.12],[-9.22,32.58],[-9.25,32.42],[-9.22,32.26],[-9.32,31.96],[-9.64,31.58],[-9.81,31.29],[-9.86,31.06],[-9.82,30.76],[-9.63,30.41],[-9.6,30.18],[-9.66,29.95],[-9.87,29.64],[-10.34,29.15],[-8.37,27.7],[-3.5,17.73],[-3.75,15.62],[-3.26,14.97],[-0.75,15.38],[-0.1,15.29],[1.2,15.62]]]},"properties":{"NAME":"Morocco","SUBJECTO":"Morocco","BORDERPRECISION":3}},
{"type":"Feature","geometry":{"type":"Polygon","coordinates":[[[18.96,54.23],[18.67,54.26],[18.51,54.32],[18.45,54.53],[18.34,54.6],[18.36,54.67],[18.76,54.54],[18.28,54.72],[17.66,54.69],[17.75,54.43],[17.11,54.13],[16.99,54.19],[16.69,54.04],[16.81,53.86],[16.81,53.46],[16.66,53.86],[16.2,53.71],[16.42,53.52],[16.2,53.34],[16.05,52.72],[15.84,52.71],[15.82,52.57],[15.76,52.57],[15.76,52.27],[15.89,52.21],[16.1,52.12],[16.51,52],[16.51,52.18],[16.85,51.92],[16.85,51.65],[17.2,51.61],[17.29,51.79],[17.55,51.65],[17.64,51.44],[18.14,50.99],[18.65,50.64],[18.75,50.27],[18.77,50.18],[18.8,49.71],[18.9,49.71],[18.93,49.62],[19.11,49.59],[19.14,49.71],[19.38,49.8],[19.56,49.71],[19.56,49.53],[19.71,49.53],[19.89,49.47],[20.02,49.8],[20.35,49.74],[20.53,49.8],[20.68,49.65],[20.89,49.74],[20.8,49.83],[20.89,49.83],[20.98,49.74],[21.14,49.83],[21.29,49.77],[21.32,49.86],[21.77,49.74],[21.77,49.59],[23.89,49.26],[24.16,48.99],[25.67,48.69],[26.16,48.94],[26.52,48.83],[26.99,48.68],[27.11,48.64],[27.11,48.83],[27.49,48.67],[27.49,48.75],[27.65,48.75],[29.32,48.29],[32.87,48.19],[34.16,47.81],[36.01,49],[36.4,49.04],[36.21,49.91],[35.7,50.42],[33.88,50.21],[33.88,51.13],[33.17,51.43],[31.34,50.92],[31.38,52],[31.3,52.96],[31.38,53.26],[32.47,53.09],[32.21,54.43],[31.56,54.3],[31.43,54.91],[31.73,54.95],[31.51,55.56],[31.25,55.6],[31.21,55.73],[31.86,55.99],[32.08,56.77],[31.56,57.03],[31.17,56.73],[30.39,57.29],[30.47,57.77],[30,58.21],[29.52,58.08],[28.09,56.75],[25.86,56.56],[25.79,56.58],[25.43,56.59],[24.38,56.72],[23.12,56.82],[23.21,56.99],[23.17,57.05],[23.07,57.26],[22.88,57.33],[22.59,57.51],[22.56,57.62],[22.43,57.62],[22.36,57.59],[22.29,57.57],[21.81,57.48],[21.68,57.46],[21.58,57.37],[21.46,57.25],[21.34,57.18],[21.32,56.85],[21.02,56.68],[20.96,56.61],[20.95,56.47],[20.92,56.1],[20.95,56.07],[21.28,55.86],[21.68,55.35],[22.58,55.01],[22.63,54.95],[22.79,54.9],[22.82,54.79],[22.72,54.73],[22.66,54.57],[22.67,54.49],[22.7,54.41],[22.74,53.95],[22.81,53.81],[21.12,53.27],[20.7,53.32],[20.48,53.13],[20.1,53.18],[20.01,53.04],[19.8,53.52],[18.93,53.49],[18.81,53.74],[18.99,53.86],[18.96,54.23]]]},"properties":{"NAME":"Polish–Lithuanian Commonwealth","SUBJECTO":"Polish–Lithuanian Commonwealth","BORDERPRECISION":3}},
{"type":"Feature","geometry":{"type":"MultiPolygon","coordinates":[[[[107.88,21.46],[107.9,21.48],[108.12,21.5],[108.27,21.47],[108.39,21.53],[108.46,21.71],[108.47,21.79],[108.55,21.82],[108.81,21.49],[109.12,21.4],[109.32,21.43],[109.41,21.56],[109.52,21.6],[109.78,21.48],[109.79,21.41],[109.61,21.06],[109.6,20.88],[109.71,20.57],[109.93,20.24],[110.27,20.32],[110.43,20.44],[110.41,20.53],[110.29,20.58],[110.08,20.87],[110.07,20.92],[110.2,21.1],[110.23,21.26],[110.24,21.28],[110.36,21.24],[110.57,21.23],[110.75,21.38],[111.09,21.48],[111.43,21.46],[111.54,21.49],[111.73,21.71],[111.83,21.75],[112.04,21.66],[112.31,21.68],[112.47,21.73],[112.75,21.76],[112.82,21.83],[112.82,21.93],[112.87,22.06],[113.1,21.98],[113.28,22.03],[113.38,22.16],[113.4,22.48],[113.42,22.57],[113.38,22.65],[113.46,22.77],[113.54,22.7],[113.72,22.48],[113.85,22.46],[113.99,22.55],[114.3,22.65],[114.54,22.67],[114.56,22.46],[114.85,22.51],[115.04,22.6],[115.19,22.75],[115.31,22.77],[115.54,22.7],[115.71,22.64],[115.86,22.84],[116.08,22.89],[111.52,24.56],[108.03,28.05],[106.13,28.84],[103.75,28.36],[101.38,26.94],[98.58,25.96],[98.38,25.63],[98.11,25.39],[97.89,25.27],[97.8,25.18],[97.52,24.8],[97.56,24.59],[97.63,24.27],[97.53,24.01],[97.53,23.89],[97.63,23.86],[97.77,23.9],[98.14,24.1],[98.48,24.14],[98.7,24.15],[98.77,24.09],[98.89,23.3],[98.98,23.15],[99.23,23.18],[99.47,23.14],[99.48,23.02],[99.16,22.31],[99.21,22.15],[99.31,22.11],[99.54,22.11],[99.76,22.13],[99.89,21.96],[100.04,21.62],[100.21,21.5],[100.32,21.46],[100.61,21.54],[100.89,21.72],[100.94,21.55],[101.01,21.44],[101.09,21.35],[101.24,21.26],[101.58,21.22],[101.7,21.32],[101.75,21.47],[101.7,21.71],[101.6,21.87],[101.54,22.14],[101.55,22.28],[101.66,22.39],[101.97,22.53],[102.19,22.64],[102.42,22.7],[102.57,22.69],[102.84,22.51],[102.99,22.47],[103.25,22.66],[103.4,22.71],[104.12,22.73],[104.48,22.78],[104.63,22.85],[104.94,23.1],[105.18,23.25],[105.31,23.3],[105.59,23.04],[105.94,22.93],[106.24,22.91],[106.59,22.93],[106.69,22.83],[106.72,22.66],[106.51,22.33],[106.55,22.09],[106.67,21.93],[107.1,21.65],[107.38,21.57],[107.79,21.53],[107.88,21.46]]],[[[109.43,18.1],[109.67,18.41],[110.13,18.59],[110.26,18.63],[110.36,18.77],[110.3,18.9],[110.43,19.23],[110.61,19.47],[110.81,19.63],[110.89,19.71],[110.62,20.02],[110.26,19.94],[110.06,19.94],[109.92,19.8],[109.66,19.9],[109.55,19.91],[109.44,19.74],[109.42,19.66],[109.2,19.68],[108.87,19.4],[108.68,19.3],[108.58,19.19],[108.56,19.06],[108.65,18.48],[108.94,18.33],[109.43,18.1]]]]},"properties":{"NAME":"Post-Ming Warlords","SUBJECTO":"Post-Ming Warlords","BORDERPRECISION":3}},
{"type":"Feature","geometry":{"type":"Polygon","coordinates":[[[98.58,25.96],[101.38,26.94],[103.75,28.36],[106.13,28.84],[108.03,28.05],[111.52,24.56],[116.08,22.89],[116.34,22.91],[116.4,22.98],[116.4,23.2],[116.45,23.25],[116.71,23.35],[116.96,23.56],[117.25,23.63],[117.41,23.69],[117.75,23.98],[117.85,24.05],[117.8,24.42],[117.86,24.51],[117.92,24.56],[118.12,24.53],[118.35,24.47],[118.53,24.69],[118.81,24.85],[118.95,25.14],[119.02,25.31],[119.1,25.44],[119.34,25.53],[119.43,25.65],[119.47,25.77],[119.44,26.04],[119.55,26.27],[119.43,26.59],[119.6,26.69],[119.86,26.71],[119.97,26.79],[120.08,26.99],[120.35,27.18],[120.41,27.31],[120.51,27.59],[120.69,27.87],[120.94,28.21],[121.01,28.28],[121.17,28.12],[121.26,28.18],[121.36,28.39],[121.35,28.54],[121.43,28.84],[121.57,29.17],[121.65,29.32],[121.56,29.36],[121.41,29.34],[121.36,29.41],[121.5,29.52],[121.67,29.62],[121.77,29.76],[121.77,29.83],[121.57,29.85],[121.39,29.92],[121.16,30.19],[121.08,30.21],[120.86,30.19],[120.44,30],[120.27,30.02],[119.94,30.12],[120.23,30.25],[120.61,30.35],[121.04,30.59],[121.33,30.69],[121.57,30.71],[121.63,30.79],[121.64,30.93],[121.5,31.28],[121.31,31.42],[121.27,31.45],[121.62,31.62],[121.65,31.69],[121.61,31.83],[121.48,31.95],[121.23,32.06],[121.05,32.33],[120.74,32.46],[120.66,32.54],[120.72,32.85],[120.64,33.04],[120.34,33.34],[120.15,33.89],[119.97,34.14],[119.62,34.37],[119.3,34.59],[119.02,34.69],[119,34.94],[119.06,35.04],[119.69,35.54],[119.91,35.77],[119.98,35.93],[119.91,36.14],[120.14,36.19],[120.2,36.16],[120.2,36.04],[120.27,35.99],[120.5,36.06],[120.54,36.39],[120.86,36.58],[121.61,36.83],[121.85,36.86],[121.98,36.82],[122.26,36.73],[122.28,36.98],[122.39,37.3],[122.27,37.3],[122.06,37.36],[121.89,37.38],[121.43,37.34],[121.19,37.43],[120.79,37.7],[120.66,37.74],[120.42,37.68],[120.17,37.58],[119.94,37.35],[119.6,37.12],[119.28,37.05],[118.95,37.08],[118.84,37.2],[118.81,37.45],[118.87,37.71],[118.88,37.95],[118.74,38.06],[118.2,38.04],[117.84,38.16],[117.59,38.28],[117.48,38.45],[117.44,38.6],[117.58,38.92],[117.75,39.2],[117.91,39.26],[118.07,39.25],[118.27,39],[118.41,39.05],[118.56,39.17],[118.78,39.17],[118.98,39.22],[119.09,39.34],[119.15,39.45],[119.21,39.64],[119.39,39.84],[119.55,39.93],[119.82,40.04],[120.11,40.08],[120.27,40.15],[120.79,40.68],[121.01,40.85],[121.09,40.86],[121.37,40.87],[121.43,40.86],[121.75,40.74],[122.08,40.49],[122.11,40.35],[122.04,40.26],[121.79,40.08],[121.67,39.91],[121.24,39.55],[121.21,39.48],[121.28,39.35],[121.45,39.38],[121.66,39.33],[121.51,39.17],[121.12,38.87],[121.07,38.75],[121.22,38.76],[121.49,38.88],[121.74,39.09],[122.03,39.26],[123.04,39.67],[123.37,39.75],[123.92,39.81],[124.1,39.88],[124.13,39.84],[124.3,40.08],[124.49,40.28],[124.73,40.43],[125.42,40.7],[125.88,40.95],[126.17,41.19],[126.47,41.65],[126.65,41.71],[126.85,41.72],[126.97,41.54],[127.19,41.43],[127.42,41.36],[127.86,41.38],[128.1,41.45],[128.08,41.5],[127.85,41.84],[127.86,42],[127.98,42.11],[128.16,42.13],[128.31,42.08],[128.51,42.05],[128.76,42.06],[129.03,42.18],[129.46,42.42],[129.57,42.74],[129.74,42.9],[129.85,42.96],[129.97,42.96],[130.23,42.65],[130.36,42.45],[130.44,42.28],[130.47,42.3],[131.06,42.75],[131.36,42.99],[131.58,43.21],[131.87,43.29],[131.67,43.03],[131.88,43.07],[132.18,43.19],[132.33,42.96],[132.48,42.88],[132.59,42.9],[132.83,42.86],[132.95,42.67],[133.31,42.78],[134.14,42.99],[134.57,43.21],[134.96,43.52],[135.16,43.72],[135.41,44.04],[135.69,44.22],[136.03,44.4],[136.18,44.55],[136.29,44.75],[136.49,44.97],[137.3,45.65],[137.72,46],[137.98,46.27],[138.24,46.71],[138.35,46.87],[138.68,47.13],[138.95,47.32],[139.05,47.62],[139.21,47.81],[140.08,48.5],[140.15,48.72],[140.33,49.36],[140.37,49.69],[140.46,50.1],[140.35,50.42],[140.32,50.52],[140.4,50.83],[140.73,51.44],[140.97,51.69],[141.13,51.87],[141.26,52.1],[141.16,52.21],[140.94,52.26],[141.09,52.59],[141.03,52.73],[140.83,52.83],[141.09,52.99],[141.12,53.05],[140.89,53.2],[140.7,53.28],[140.32,53.54],[140.1,53.8],[139.81,53.96],[139.38,54.08],[139.05,54.09],[138.76,54.09],[138.42,54.09],[138.41,53.81],[138.23,53.57],[137.98,53.46],[137.24,53.46],[136.16,53.02],[135.27,53.02],[134.68,52.95],[134.24,53.46],[133.42,52.65],[133.13,52.65],[132.39,52.35],[132.02,52.43],[131.13,53.91],[130.54,53.91],[130.91,55.24],[130.39,56.05],[129.21,56.87],[128.84,56.65],[128.17,56.72],[127.58,56.62],[120.39,46.42],[107.71,43.25],[103.56,39.9],[102.12,39.76],[100.54,40.33],[99.39,39.76],[99.24,38.75],[100.39,37.74],[101.69,36.31],[102.41,33.72],[100.68,28.69],[98.64,27.48],[98.73,26.74],[98.73,26.34],[98.58,25.96]]]},"properties":{"NAME":"Manchu Empire","SUBJECTO":"Manchu Empire","BORDERPRECISION":3}},
{"type":"Feature","geometry":{"type":"Polygon","coordinates":[[[46.34,14.1],[46.71,13.94],[46.88,13.47],[46.94,13.49],[47.37,13.67],[47.66,13.85],[48.04,14.05],[48.27,14.08],[48.54,14.05],[48.76,14.1],[48.96,14.22],[49.17,14.5],[49.33,14.63],[49.71,14.77],[50.29,14.96],[51.31,15.25],[51.6,15.38],[50.51,17.15],[47.84,16.42],[46.66,15.42],[46.34,14.1]]]},"properties":{"NAME":"Hadramaut","SUBJECTO":"Hadramaut","BORDERPRECISION":3}},
{"type":"Feature","geometry":{"type":"Polygon","coordinates":[[[50.51,17.15],[51.6,15.38],[51.95,15.54],[52.14,15.69],[52.16,15.87],[52.24,16.1],[52.36,16.23],[52.65,16.49],[52.89,16.61],[53.02,16.65],[53.21,16.72],[53.34,16.76],[53.68,16.9],[54.08,17.02],[54.41,17.05],[54.76,16.95],[54.91,16.97],[55.19,17.15],[55.24,17.29],[55.23,17.45],[55.29,17.68],[55.39,17.81],[53.96,19.73],[50.51,17.15]]]},"properties":{"NAME":"Mahra","SUBJECTO":"Mahra","BORDERPRECISION":3}},
{"type":"Feature","geometry":{"type":"Polygon","coordinates":[[[58.18,21.85],[56.95,20.64],[53.96,19.73],[55.39,17.81],[55.56,17.94],[55.71,17.95],[55.88,17.93],[56.01,17.93],[56.26,17.98],[56.46,18.09],[56.55,18.22],[56.61,18.47],[56.74,18.69],[56.9,18.82],[57.19,18.94],[57.66,18.97],[57.84,19.03],[57.78,19.31],[57.78,19.67],[57.81,20.17],[57.93,20.4],[58.04,20.43],[58.15,20.4],[58.4,20.36],[58.51,20.42],[58.77,20.94],[58.18,21.85]]]},"properties":{"NAME":"Gharra","SUBJECTO":"Gharra","BORDERPRECISION":3}},
{"type":"Feature","geometry":{"type":"Polygon","coordinates":[[[86.84,20.88],[85.35,21.53],[85.21,22.38],[85.7,23.16],[85.63,23.87],[84.29,24.22],[82.38,23.66],[77.49,23.66],[77.07,22.81],[77.28,22.03],[77,21.11],[77.05,20.81],[78.57,20.44],[78.53,19.12],[78.75,19.19],[79.21,18.85],[78.87,18.27],[79.3,17.29],[79.42,17.29],[79.96,17.6],[80.64,17.43],[81.08,17.6],[83.23,18.42],[84.32,18.53],[84.66,18.93],[84.91,19.18],[85.11,19.44],[85.38,19.61],[85.71,19.7],[85.91,19.72],[86.12,19.81],[86.39,20.02],[86.63,20.2],[86.64,20.32],[86.78,20.47],[86.93,20.69],[86.84,20.88]]]},"properties":{"NAME":"Islamic and Hindu states","SUBJECTO":"Islamic and Hindu states","BORDERPRECISION":3}},
{"type":"Feature","geometry":{"type":"Polygon","coordinates":[[[-11.29,10.58],[-10.95,9.41],[-9.94,8.56],[-7.92,8.56],[-6.91,9.91],[-6.91,11.09],[-8.09,11.76],[-9.94,11.6],[-11.29,10.58]]]},"properties":{"NAME":"Mali","SUBJECTO":"Mali","BORDERPRECISION":3}},
{"type":"Feature","geometry":{"type":"Polygon","coordinates":[[[-2.3,55.82],[-2.54,55.88],[-2.74,55.96],[-2.93,55.95],[-3.16,55.85],[-3.36,55.84],[-3.58,55.88],[-3.71,55.88],[-3.89,55.99],[-3.29,55.97],[-3.17,56.06],[-2.9,56.09],[-2.77,56.17],[-2.72,56.18],[-2.95,56.25],[-3.15,56.34],[-2.98,56.35],[-2.67,56.47],[-2.51,56.67],[-2.41,56.72],[-2.16,57.01],[-2.2,57.06],[-2.11,57.21],[-1.94,57.4],[-2.15,57.57],[-2.85,57.54],[-3.09,57.58],[-3.4,57.58],[-3.8,57.54],[-4.15,57.55],[-4.25,57.64],[-4.15,57.83],[-3.94,57.96],[-3.17,58.28],[-3.03,58.41],[-3.17,58.52],[-3.44,58.53],[-3.83,58.51],[-4.14,58.44],[-4.51,58.4],[-4.93,58.57],[-5.11,58.39],[-4.91,58.17],[-5.35,58.09],[-5.06,57.75],[-5.23,57.71],[-5.57,57.78],[-5.76,57.62],[-5.46,57.39],[-5.56,57.3],[-5.73,57.26],[-5.63,57],[-5.67,56.94],[-5.91,56.73],[-6.04,56.47],[-5.82,56.4],[-5.64,56.52],[-5.55,56.65],[-5.46,56.63],[-5.27,56.54],[-5.3,56.43],[-5.5,56.18],[-5.63,55.94],[-5.57,55.75],[-5.33,55.88],[-5.13,55.89],[-4.85,56.1],[-4.71,56.13],[-4.62,55.91],[-4.76,55.82],[-4.9,55.77],[-4.91,55.66],[-4.77,55.49],[-4.64,55.43],[-4.91,55.11],[-5.07,54.95],[-5.11,54.79],[-4.9,54.73],[-4.6,54.69],[-4.5,54.78],[-4.46,54.86],[-4.12,54.76],[-3.91,54.79],[-3.58,54.92],[-3.31,54.88],[-3.17,54.84],[-2.76,54.92],[-2.45,55.38],[-2.3,55.82]]]},"properties":{"NAME":"Scottalnd","SUBJECTO":"Scottalnd","BORDERPRECISION":3}},
{"type":"Feature","geometry":{"type":"Polygon","coordinates":[[[-92.02,29.82],[-91.98,30.23],[-92.46,30.58],[-93.13,30.5],[-93.47,30.6],[-94.71,30.75],[-95.13,31.01],[-95.47,31.22],[-96.21,31.16],[-95.97,30.84],[-95.78,30],[-95.82,29.64],[-95.54,29.47],[-95.26,29.36],[-95.17,29.11],[-94.84,29.35],[-95.06,29.68],[-95.01,29.76],[-94.86,29.78],[-94.8,29.56],[-94.6,29.55],[-94.43,29.54],[-94.14,29.69],[-94.06,29.7],[-93.45,29.77],[-93.04,29.69],[-92.64,29.58],[-92.46,29.57],[-92.12,29.54],[-91.98,29.63],[-92.23,29.8],[-92.02,29.82]]]},"properties":{"NAME":"Atakapa","SUBJECTO":"Atakapa","BORDERPRECISION":3}},
{"type":"Feature","geometry":{"type":"Polygon","coordinates":[[[-95.82,29.64],[-97.4,28.85],[-97.53,28.68],[-97.54,28.69],[-97.65,28.56],[-98.09,28.3],[-98.17,28.25],[-97.83,28.01],[-97.55,27.92],[-97.45,27.99],[-97.12,28.11],[-96.83,28.16],[-96.71,28.23],[-96.68,28.25],[-96.58,28.43],[-96.77,28.62],[-96.72,28.71],[-96.39,28.66],[-96.2,28.64],[-96.01,28.66],[-95.6,28.8],[-95.24,29.06],[-95.17,29.11],[-95.26,29.36],[-95.54,29.47],[-95.82,29.64]]]},"properties":{"NAME":"Atakapa","SUBJECTO":"Atakapa","BORDERPRECISION":3}},
{"type":"Feature","geometry":{"type":"Polygon","coordinates":[[[-81.88,37.36],[-81.85,37.54],[-82.06,38.33],[-83.1,38.96],[-84.69,39.25],[-86.08,39.2],[-87.55,38.7],[-87.78,38.36],[-88.04,37.53],[-88.43,37.38],[-88.37,37.09],[-88.33,37.01],[-87.96,36.87],[-87.69,35.8],[-86.69,35.11],[-86.67,35.1],[-85.24,35.69],[-84.01,36.3],[-83.25,36.67],[-81.88,37.35],[-81.88,37.36]]]},"properties":{"NAME":"Shawnee","SUBJECTO":"Shawnee","BORDERPRECISION":3}},
{"type":"Feature","geometry":{"type":"Polygon","coordinates":[[[-92.02,29.82],[-91.95,29.83],[-91.43,29.54],[-91.24,29.32],[-90,29.11],[-90,29.12],[-90,29.14],[-90,29.22],[-90,29.24],[-90,29.3],[-90,29.33],[-90,29.37],[-90,29.5],[-89.98,29.41],[-89.62,29.28],[-89.5,29.1],[-89.27,29.06],[-89.03,29.12],[-89.19,29.27],[-89.29,29.37],[-89.56,29.43],[-89.68,29.59],[-89.69,29.71],[-89.38,29.87],[-89.52,29.98],[-90.37,29.86],[-91.18,29.86],[-91.98,30.23],[-92.02,29.82]]]},"properties":{"NAME":"Chtimacha","SUBJECTO":"Chtimacha","BORDERPRECISION":3}},
{"type":"Feature","geometry":{"type":"Polygon","coordinates":[[[-100.11,31.04],[-99.78,30.78],[-98.42,29.69],[-97.75,30.22],[-97.43,30.96],[-97.48,31.1],[-98.4,31.38],[-99.45,32.24],[-99.69,33.94],[-100.55,34.76],[-101.27,35.95],[-101.68,37.62],[-103.3,35.92],[-104.17,35.39],[-104.36,34.89],[-103.83,34.22],[-103.64,32.91],[-103.62,32.79],[-103.37,32.39],[-100.3,31.12],[-100.11,31.04]]]},"properties":{"NAME":"Comanche","SUBJECTO":"Comanche","BORDERPRECISION":3}},
{"type":"Feature","geometry":{"type":"Polygon","coordinates":[[[-98.98,42.48],[-99.84,42.68],[-100.86,42.76],[-100.87,42.76],[-101.06,42.42],[-101.47,42.2],[-101.59,41.99],[-101.39,41.72],[-101.27,41.14],[-100.71,41.02],[-100.2,40.47],[-99.85,39.81],[-99.52,38.77],[-98.64,38.83],[-97.81,38.78],[-97.77,38.92],[-97.61,39.31],[-97.33,39.76],[-97.08,40.11],[-97.04,40.25],[-97.02,40.35],[-96.82,40.81],[-96.72,41.19],[-97.2,41.36],[-97.53,42.01],[-97.93,42.03],[-98.25,42.31],[-98.29,42.32],[-98.98,42.48]]]},"properties":{"NAME":"Pawnee","SUBJECTO":"Pawnee","BORDERPRECISION":3}},
{"type":"Feature","geometry":{"type":"Polygon","coordinates":[[[-103.48,42.61],[-102.95,42.98],[-102.88,43.27],[-102.23,44.17],[-102.31,44.49],[-102.75,44.9],[-103.22,45.19],[-103.7,45.3],[-104.23,45.24],[-104.55,45.07],[-104.9,44.71],[-105.12,44.43],[-105.44,43.75],[-105.98,43.31],[-105.43,42.9],[-104.83,42.24],[-104.16,41.97],[-103.48,42.61]]]},"properties":{"NAME":"Cheyenne","SUBJECTO":"Cheyenne","BORDERPRECISION":3}},
{"type":"Feature","geometry":{"type":"Polygon","coordinates":[[[-87.16,32.95],[-87.2,32.66],[-87.15,32.42],[-87.28,32.11],[-87.32,31.87],[-85.83,31.86],[-85.67,32.11],[-85.64,32.4],[-85.67,32.76],[-86.11,32.91],[-87.16,32.95]]]},"properties":{"NAME":"Alabama","SUBJECTO":"Alabama","BORDERPRECISION":3}},
{"type":"Feature","geometry":{"type":"Polygon","coordinates":[[[-91.63,32.96],[-91.63,31.94],[-91.22,31.98],[-90.41,32.05],[-90.4,32.51],[-89.97,32.57],[-89.97,32.58],[-89.95,32.96],[-89.95,32.98],[-90.76,32.97],[-91.63,32.96]]]},"properties":{"NAME":"Tunica","SUBJECTO":"Tunica","BORDERPRECISION":3}},
{"type":"Feature","geometry":{"type":"Polygon","coordinates":[[[-104.55,45.07],[-104.35,45.21],[-104.7,46.17],[-104.54,47.13],[-103.99,47.64],[-104.6,47.71],[-105.01,47.76],[-105.8,47.86],[-106.19,47.91],[-106.28,47.92],[-107.81,47.19],[-110.16,46.79],[-110.18,46.78],[-111.55,45.51],[-110.96,45.07],[-110.28,44.75],[-109.03,44.49],[-107.75,44.04],[-107.31,43.98],[-107.18,43.96],[-107.04,43.86],[-106.82,43.71],[-105.98,43.31],[-105.44,43.75],[-105.12,44.43],[-104.9,44.71],[-104.55,45.07]]]},"properties":{"NAME":"Crow","SUBJECTO":"Crow","BORDERPRECISION":3}},
{"type":"Feature","geometry":{"type":"Polygon","coordinates":[[[-97.48,31.1],[-97.3,31.46],[-96.95,31.94],[-96.83,32.35],[-96.6,32.72],[-96.15,33.32],[-95.76,33.49],[-95.39,33.61],[-95.35,34.01],[-95.35,34.05],[-95.45,35.13],[-96,35.19],[-96.78,34.87],[-97.51,34.88],[-98.96,35],[-99.45,34.77],[-99.69,33.94],[-99.45,32.24],[-98.4,31.38],[-97.48,31.1]]]},"properties":{"NAME":"Wichita","SUBJECTO":"Wichita","BORDERPRECISION":3}},
{"type":"Feature","geometry":{"type":"Polygon","coordinates":[[[-82.37,43.05],[-82.46,43.2],[-82.56,43.58],[-82.66,43.84],[-82.75,43.96],[-82.84,44.03],[-82.92,44.06],[-83.12,43.99],[-83.4,43.7],[-83.58,43.55],[-83.72,43.63],[-83.74,43.62],[-83.87,43.68],[-83.92,43.78],[-83.87,43.92],[-83.78,44],[-83.65,44.03],[-83.57,44.1],[-83.55,44.2],[-83.49,44.27],[-83.39,44.31],[-83.32,44.43],[-83.29,44.62],[-83.28,44.76],[-83.3,44.84],[-83.35,44.91],[-83.42,44.97],[-83.44,45.02],[-83.4,45.06],[-83.37,45.07],[-83.35,45.05],[-83.32,45.04],[-83.29,45.03],[-83.29,45.04],[-83.27,45.04],[-83.32,45.11],[-83.43,45.27],[-83.64,45.39],[-83.93,45.46],[-84.12,45.53],[-84.18,45.6],[-84.36,45.67],[-84.63,45.75],[-84.69,45.8],[-84.98,45.65],[-84.95,45.45],[-85,45.43],[-84.95,45.41],[-85.03,45.37],[-85.19,45.33],[-85.21,45.32],[-85.36,44.83],[-85.47,44.83],[-85.49,44.8],[-85.54,44.75],[-85.56,44.76],[-85.55,44.82],[-85.5,44.93],[-85.5,44.94],[-85.56,44.82],[-85.61,44.79],[-85.64,44.83],[-85.63,44.9],[-85.59,45],[-85.58,45.07],[-85.59,45.09],[-85.81,44.96],[-86.14,44.66],[-86.36,44.1],[-86.42,43.6],[-86.14,42.99],[-86.16,42.41],[-85.44,41.67],[-83.74,42.63],[-82.37,43.05]]]},"properties":{"NAME":"Potawatomi","SUBJECTO":"Potawatomi","BORDERPRECISION":3}},
{"type":"Feature","geometry":{"type":"Polygon","coordinates":[[[-87.78,38.36],[-87.77,39.36],[-87.74,40.34],[-87.37,41.62],[-87.38,41.64],[-87.48,41.69],[-87.55,41.77],[-87.61,41.88],[-87.68,42.02],[-87.78,42.2],[-87.81,42.42],[-87.78,42.66],[-87.79,42.83],[-88.83,42.94],[-89.1,42.89],[-89.23,42.87],[-89.83,42.68],[-91.04,43.84],[-91.14,43.93],[-91.82,43.12],[-92.45,42.69],[-91.42,42.17],[-91.41,42.13],[-91.37,42.11],[-91.33,41.54],[-91.68,41.2],[-92.04,40.87],[-92.8,40.34],[-92.84,40.31],[-92.22,40.09],[-91.79,39.29],[-91.63,38.47],[-91.62,38.46],[-90.53,37.94],[-90.81,37.18],[-90.81,37.17],[-89.1,36.95],[-89.09,36.95],[-88.86,37.14],[-88.37,37.09],[-88.43,37.38],[-88.04,37.53],[-87.78,38.36]]]},"properties":{"NAME":"Illinnois","SUBJECTO":"Illinnois","BORDERPRECISION":3}},
{"type":"Feature","geometry":{"type":"Polygon","coordinates":[[[-86.16,42.41],[-86.32,42.12],[-86.92,41.6],[-87.37,41.62],[-87.74,40.34],[-87.76,38.91],[-87.65,38.88],[-87.35,39.15],[-87,39.47],[-86.32,40.03],[-85.52,40.4],[-85.17,40.64],[-85.1,40.93],[-85.32,41.29],[-85.44,41.67],[-86.16,42.41]]]},"properties":{"NAME":"Miami","SUBJECTO":"Miami","BORDERPRECISION":3}},
{"type":"Feature","geometry":{"type":"Polygon","coordinates":[[[-85.44,41.67],[-85.32,41.29],[-85.1,40.93],[-85.17,40.64],[-84.28,40.71],[-82.96,40.59],[-80.75,40.68],[-79.92,40.42],[-79.15,38.6],[-79.14,38.6],[-78.29,39.09],[-77.84,39.62],[-77.8,39.94],[-78.79,40.66],[-78.13,42.4],[-79.01,42.61],[-79.61,42.36],[-80.07,42.15],[-80.57,41.97],[-80.63,41.95],[-81.17,41.73],[-81.66,41.41],[-82.28,41.44],[-82.37,41.41],[-82.57,41.4],[-82.73,41.45],[-82.84,41.46],[-82.91,41.43],[-82.97,41.43],[-83.03,41.44],[-82.97,41.47],[-82.88,41.5],[-83.42,41.67],[-83.4,41.7],[-83.44,41.7],[-83.45,41.75],[-83.39,41.86],[-83.34,41.92],[-83.28,41.94],[-83.26,41.96],[-83.28,41.98],[-83.26,42],[-83.2,42.01],[-83.18,42.03],[-83.19,42.06],[-83.13,42.05],[-82.37,43.04],[-82.37,43.05],[-83.74,42.63],[-85.44,41.67]]]},"properties":{"NAME":"Erie","SUBJECTO":"Erie","BORDERPRECISION":3}},
{"type":"Feature","geometry":{"type":"Polygon","coordinates":[[[-87.79,42.83],[-87.79,42.84],[-87.86,42.96],[-87.9,43.08],[-87.91,43.19],[-87.86,43.36],[-87.76,43.58],[-87.71,43.75],[-87.71,43.88],[-87.67,44],[-87.56,44.13],[-87.52,44.23],[-87.54,44.29],[-87.49,44.44],[-87.37,44.68],[-87.34,44.82],[-87.4,44.87],[-87.47,44.88],[-87.7,44.71],[-87.72,44.7],[-87.82,44.62],[-87.85,44.61],[-87.86,44.6],[-87.97,44.37],[-87.92,44.35],[-88.14,44.05],[-88.22,43.89],[-89.17,43.03],[-89.1,42.89],[-88.83,42.94],[-87.79,42.83]]]},"properties":{"NAME":"Winebago","SUBJECTO":"Winebago","BORDERPRECISION":3}},
{"type":"Feature","geometry":{"type":"Polygon","coordinates":[[[-100.71,41.02],[-101.27,41.13],[-103.2,41.61],[-104.16,41.97],[-104.83,42.24],[-105.43,42.9],[-105.98,43.31],[-106.82,43.71],[-106.53,42.12],[-106.25,41.8],[-105.26,41.03],[-105.17,40.93],[-105.09,40.86],[-105.12,40.86],[-104.26,39.82],[-104.16,37.78],[-102.87,37.6],[-102.87,36.38],[-101.68,37.62],[-100.19,38.39],[-99.56,38.54],[-99.52,38.77],[-99.85,39.81],[-100.2,40.47],[-100.71,41.02]]]},"properties":{"NAME":"Arapaho","SUBJECTO":"Arapaho","BORDERPRECISION":3}},
{"type":"Feature","geometry":{"type":"Polygon","coordinates":[[[-99.69,33.94],[-99.45,34.77],[-98.96,35],[-97.51,34.88],[-97.41,35.58],[-96.75,36.69],[-96.59,37.25],[-97.05,38.21],[-97.16,38.29],[-97.81,38.78],[-98.64,38.83],[-99.52,38.77],[-99.56,38.54],[-100.19,38.39],[-101.68,37.62],[-101.27,35.95],[-100.55,34.76],[-99.69,33.94]]]},"properties":{"NAME":"Kiowa","SUBJECTO":"Kiowa","BORDERPRECISION":3}},
{"type":"Feature","geometry":{"type":"Polygon","coordinates":[[[-95.47,31.22],[-95.56,31.67],[-95.53,32.01],[-95.23,32.28],[-94.52,32.51],[-94.6,32.67],[-95,33.42],[-95.23,33.54],[-95.39,33.61],[-96.15,33.32],[-96.83,32.35],[-96.95,31.94],[-97.3,31.46],[-97.48,31.1],[-97.43,30.96],[-97.75,30.22],[-98.42,29.69],[-97.54,28.69],[-97.53,28.68],[-97.4,28.85],[-95.82,29.64],[-95.78,30],[-95.97,30.84],[-96.21,31.16],[-95.47,31.22]]]},"properties":{"NAME":"Tonkawa","SUBJECTO":"Tonkawa","BORDERPRECISION":3}},
{"type":"Feature","geometry":{"type":"Polygon","coordinates":[[[-117.85,46.35],[-117.57,46.02],[-117.71,45.64],[-117.39,44.79],[-117,44.75],[-116.3,44.71],[-116.12,44.71],[-114.21,45.53],[-114.47,46],[-114.47,46.37],[-115.06,46.68],[-116.04,46.66],[-116.43,46.8],[-116.63,46.87],[-117.1,46.78],[-117.13,46.77],[-117.32,46.41],[-117.85,46.35]]]},"properties":{"NAME":"Nez Perce","SUBJECTO":"Nez Perce","BORDERPRECISION":3}},
{"type":"Feature","geometry":{"type":"Polygon","coordinates":[[[-101.27,46.35],[-101,45.55],[-101.14,44.72],[-99.98,44.79],[-100.21,46.35],[-101.27,46.35]]]},"properties":{"NAME":"Arikara","SUBJECTO":"Arikara","BORDERPRECISION":3}},
{"type":"Feature","geometry":{"type":"Polygon","coordinates":[[[-117.32,48.93],[-117.99,48.37],[-117.89,48.28],[-117.41,47.9],[-117.36,47.9],[-116.28,47.89],[-116.15,47.83],[-115.25,47.46],[-115.6,48.29],[-115.63,48.3],[-115.79,48.35],[-115.99,48.4],[-116.98,48.69],[-117.29,48.9],[-117.32,48.93]]]},"properties":{"NAME":"Kalispel","SUBJECTO":"Kalispel","BORDERPRECISION":3}},
{"type":"Feature","geometry":{"type":"Polygon","coordinates":[[[-121.38,47.01],[-121.39,47.02],[-121.51,46.75],[-120.6,45.71],[-120.59,45.72],[-120.17,45.8],[-118.95,46.03],[-119.05,46.75],[-120.07,46.94],[-120.36,47],[-120.41,46.96],[-120.6,46.82],[-121.38,47.01]]]},"properties":{"NAME":"Yakima","SUBJECTO":"Yakima","BORDERPRECISION":3}},
{"type":"Feature","geometry":{"type":"Polygon","coordinates":[[[-87.51,46.69],[-88.67,46.13],[-87.87,44.88],[-87.79,44.94],[-87.68,44.97],[-87.64,45],[-87.62,45.03],[-87.61,45.11],[-87.46,45.29],[-87.19,45.57],[-87.04,45.76],[-87,45.86],[-86.97,45.85],[-86.97,45.73],[-86.96,45.72],[-86.81,45.87],[-85.55,46.06],[-85.53,46.06],[-85.37,46.09],[-85.04,46.1],[-84.69,45.99],[-84.63,46.03],[-84.56,45.99],[-84.44,45.97],[-83.92,46],[-83.93,46.04],[-83.93,46.09],[-83.9,46.13],[-83.86,46.15],[-83.83,46.14],[-83.81,46.17],[-83.79,46.26],[-83.74,46.26],[-84.22,46.5],[-84.56,46.54],[-84.56,46.52],[-84.49,46.48],[-84.6,46.46],[-84.89,46.48],[-85.01,46.56],[-84.98,46.7],[-85.1,46.75],[-85.37,46.7],[-85.67,46.67],[-85.75,46.67],[-86.28,46.6],[-86.52,46.48],[-86.73,46.44],[-86.91,46.5],[-87.09,46.53],[-87.27,46.51],[-87.42,46.57],[-87.51,46.69]]]},"properties":{"NAME":"Menomini","SUBJECTO":"Menomini","BORDERPRECISION":3}},
{"type":"Feature","geometry":{"type":"Polygon","coordinates":[[[-97.97,42.72],[-97.27,42.9],[-96.35,42.47],[-96.1,41.94],[-95.75,41.97],[-95.73,41.97],[-94.66,42.09],[-94.35,42.28],[-94.11,42.43],[-94.03,42.63],[-93.99,43.25],[-94.67,43.78],[-94.59,44.21],[-95.81,44.51],[-95.83,44.51],[-97.28,44.4],[-99.66,44.52],[-99.82,44.52],[-99.86,44.33],[-99.89,44.2],[-99.45,43.99],[-98.01,42.76],[-97.97,42.72]]]},"properties":{"NAME":"Yankton","SUBJECTO":"Yankton","BORDERPRECISION":3}},
{"type":"Feature","geometry":{"type":"MultiPolygon","coordinates":[[[[-14.51,28.05],[-13.88,28.2],[-13.78,28.88],[-13.42,29.09],[-13.52,29.43],[-13.81,29.05],[-14.15,28.39],[-14.51,28.05]]],[[[-15.57,28.18],[-15.91,27.9],[-15.57,27.73],[-15.21,27.9],[-15.4,28.2],[-15.57,28.18]]],[[[-17.29,28.28],[-17.34,28.03],[-16.64,28.05],[-16.23,28.37],[-16.08,28.54],[-16.88,28.33],[-17.29,28.28]]]]},"properties":{"NAME":"Guanches","SUBJECTO":"Guanches","BORDERPRECISION":3}},
{"type":"Feature","geometry":{"type":"MultiPolygon","coordinates":[[[[-61.03,45.67],[-60.81,45.64],[-60.51,45.66],[-60,45.85],[-59.89,45.93],[-59.81,46.08],[-60.03,46.29],[-60.17,46.31],[-60.45,46.17],[-60.64,46.01],[-60.76,45.89],[-60.84,45.88],[-61.07,45.99],[-60.96,46.19],[-60.7,46.33],[-60.58,46.38],[-60.48,46.53],[-60.43,46.74],[-60.26,46.94],[-60.63,47.13],[-61.05,46.66],[-61.38,46.33],[-61.41,46.05],[-61.25,45.79],[-61.03,45.67]]],[[[-53.11,48.52],[-53.12,48.6],[-53.25,48.65],[-53.46,48.59],[-53.65,48.52],[-53.76,48.52],[-53.98,48.69],[-54.13,48.84],[-53.81,49.05],[-53.64,49.15],[-53.51,49.28],[-53.79,49.39],[-54.16,49.48],[-54.48,49.5],[-54.62,49.48],[-54.77,49.29],[-55.11,49.28],[-55.75,49.53],[-55.85,49.57],[-55.97,49.66],[-55.57,49.97],[-56.07,50.1],[-56.27,50.02],[-56.49,49.77],[-56.68,49.69],[-56.73,49.69],[-56.78,49.82],[-56.66,50.06],[-56.11,50.7],[-55.77,51.05],[-55.93,51.25],[-55.82,51.31],[-55.56,51.33],[-55.42,51.43],[-55.47,51.52],[-55.56,51.56],[-56.15,51.47],[-56.38,51.38],[-56.7,51.18],[-57.36,50.6],[-57.86,49.99],[-58.09,49.59],[-58.13,49.5],[-57.81,49.2],[-57.97,49.08],[-58.11,49.08],[-58.23,49.11],[-58.39,49.04],[-58.68,48.7],[-58.14,48.6],[-58.43,48.45],[-58.65,48.38],[-58.98,48.19],[-59.23,48.04],[-59.32,47.96],[-59.22,47.75],[-59.16,47.67],[-58.7,47.74],[-58.09,47.76],[-57.64,47.73],[-57.12,47.64],[-56.8,47.62],[-56.33,47.64],[-56.15,47.73],[-56.08,47.87],[-55.74,47.87],[-55.76,47.65],[-55.7,47.58],[-55.51,47.59],[-55.37,47.79],[-55.1,47.77],[-54.78,47.71],[-55.07,47.55],[-55.28,47.31],[-55.83,47.13],[-55.9,47.06],[-55.8,46.97],[-55.41,46.95],[-55.18,47.1],[-54.94,47.34],[-54.74,47.43],[-54.58,47.5],[-54.39,47.63],[-54.21,47.8],[-54.09,47.77],[-53.9,47.56],[-53.9,47.41],[-54.13,47.11],[-54.08,46.99],[-53.91,47],[-53.64,47.18],[-53.62,46.89],[-53.49,46.82],[-53.17,46.76],[-53.07,46.73],[-52.92,47.02],[-52.8,47.32],[-52.73,47.45],[-52.74,47.55],[-52.77,47.54],[-53.1,47.55],[-53.16,47.68],[-53.12,47.88],[-53.36,47.95],[-53.49,47.83],[-53.58,47.74],[-53.7,47.84],[-53.76,48.03],[-53.88,48.19],[-53.81,48.25],[-53.41,48.29],[-53.23,48.41],[-53.11,48.52]]],[[[-66.44,45.13],[-66.4,45.11],[-66.05,45.29],[-66.15,45.38],[-66.05,45.35],[-65.89,45.26],[-65.76,45.29],[-64.87,45.66],[-64.72,45.67],[-64.56,45.89],[-64.7,46.08],[-64.47,45.86],[-64.52,45.79],[-64.28,45.92],[-64.26,45.84],[-64.37,45.81],[-64.4,45.72],[-64.91,45.46],[-64.92,45.37],[-64.81,45.41],[-64.7,45.45],[-64.56,45.46],[-64.2,45.45],[-64.01,45.43],[-63.74,45.45],[-63.45,45.43],[-63.38,45.38],[-63.47,45.35],[-63.55,45.38],[-63.88,45.32],[-64.17,45.22],[-64.16,45.14],[-64.14,45.05],[-64.26,45.18],[-64.34,45.16],[-64.31,45.35],[-64.46,45.39],[-64.75,45.23],[-65.25,44.98],[-65.75,44.74],[-65.63,44.69],[-65.72,44.65],[-65.78,44.72],[-66.19,44.49],[-66.16,44.44],[-66,44.56],[-65.84,44.62],[-65.86,44.56],[-65.98,44.49],[-66.19,44.14],[-66,43.75],[-65.94,43.86],[-65.78,43.64],[-65.71,43.56],[-65.56,43.62],[-65.47,43.52],[-65.43,43.65],[-65.32,43.75],[-65.25,43.7],[-65.22,43.76],[-65.15,43.76],[-65.09,43.73],[-64.99,43.76],[-65.03,43.87],[-64.97,43.82],[-64.87,43.86],[-64.91,43.94],[-64.84,43.88],[-64.84,43.98],[-64.75,44],[-64.65,44.06],[-64.71,44.13],[-64.36,44.33],[-64.28,44.3],[-64.24,44.36],[-64.25,44.45],[-64.39,44.49],[-64.29,44.51],[-64.31,44.62],[-64.15,44.63],[-64.09,44.51],[-64,44.57],[-63.89,44.73],[-63.9,44.57],[-63.83,44.55],[-63.79,44.51],[-63.56,44.51],[-63.52,44.6],[-63.42,44.63],[-63.39,44.75],[-63.3,44.66],[-63.23,44.78],[-63.11,44.83],[-63.05,44.71],[-62.82,44.77],[-62.79,44.8],[-62.48,44.92],[-62.44,44.87],[-62.27,44.99],[-62.07,45.01],[-62.01,45.07],[-61.81,45.08],[-61.84,45.13],[-61.63,45.14],[-61.68,45.22],[-61.58,45.2],[-61.35,45.2],[-61.4,45.24],[-61.27,45.3],[-61.19,45.25],[-60.96,45.3],[-61.03,45.38],[-61.4,45.39],[-61.44,45.44],[-61.26,45.55],[-61.48,45.74],[-61.72,45.69],[-61.89,45.76],[-61.94,45.92],[-62.08,45.89],[-62.39,45.72],[-62.5,45.72],[-62.62,45.73],[-62.73,45.68],[-62.63,45.77],[-62.74,45.82],[-63.12,45.85],[-63.09,45.8],[-63.28,45.78],[-63.34,45.86],[-63.43,45.86],[-63.49,45.92],[-63.75,45.88],[-63.84,45.99],[-64.08,46.05],[-64.06,46.11],[-63.89,46.11],[-63.75,46.17],[-64.08,46.24],[-64.09,46.21],[-64.16,46.25],[-64.53,46.27],[-64.54,46.34],[-64.7,46.54],[-64.72,46.63],[-64.69,46.69],[-64.8,46.76],[-64.85,46.72],[-64.89,46.91],[-64.81,47.04],[-64.84,47.12],[-65.39,47.13],[-64.98,47.33],[-64.95,47.43],[-64.87,47.44],[-64.92,47.56],[-64.82,47.68],[-64.66,47.78],[-64.83,47.85],[-65.04,47.78],[-65.03,47.88],[-65.61,47.66],[-65.65,47.71],[-65.76,47.91],[-65.84,47.96],[-66.35,48.06],[-66.47,48.1],[-66.18,48.18],[-65.85,48.21],[-65.47,48.1],[-65.21,48.12],[-64.87,48.32],[-64.4,48.46],[-64.25,48.55],[-64.19,48.65],[-64.26,48.86],[-64.32,48.95],[-64.55,49.08],[-64.95,49.21],[-65.37,49.23],[-66.03,49.17],[-66.49,49.06],[-66.97,48.95],[-67.35,48.85],[-66.44,45.13]]]]},"properties":{"NAME":"Mi'kma'ki","SUBJECTO":"Mi'kma'ki","BORDERPRECISION":3}},
{"type":"Feature","geometry":{"type":"Polygon","coordinates":[[[-121.14,39.46],[-121.04,39.59],[-120.96,39.71],[-120.49,39.77],[-120.39,39.66],[-120.36,39.64],[-120.16,39.74],[-120.19,40.1],[-120.2,40.24],[-120.5,40.67],[-120.51,40.68],[-121.18,40.61],[-121.41,40.58],[-121.54,40.57],[-121.39,40.33],[-121.98,40.06],[-122,40.05],[-121.99,39.6],[-121.98,39.35],[-121.73,39.03],[-121.14,39.46]]]},"properties":{"NAME":"Maiou","SUBJECTO":"Maiou","BORDERPRECISION":3}},
{"type":"Feature","geometry":{"type":"Polygon","coordinates":[[[-120.97,38.89],[-121.31,38.7],[-121.51,38.7],[-121.55,38.37],[-121.94,38.18],[-121.82,37.88],[-121.17,38.14],[-120.78,38.22],[-120.27,37.77],[-119.82,37.36],[-119.74,37.39],[-119.72,37.49],[-119.7,37.62],[-119.61,37.64],[-119.37,37.97],[-119.34,38],[-119.48,38.32],[-119.5,38.37],[-120.11,38.87],[-120.12,38.88],[-120.95,38.89],[-120.97,38.89]]]},"properties":{"NAME":"Miwok","SUBJECTO":"Miwok","BORDERPRECISION":3}},
{"type":"Feature","geometry":{"type":"Polygon","coordinates":[[[-123.35,45.54],[-123.36,45.54],[-123.56,44.76],[-123.23,43.51],[-123.14,43.51],[-122.84,43.5],[-122.68,43.5],[-122,43.51],[-121.93,43.51],[-122.01,44.34],[-122.02,44.35],[-122.11,44.35],[-122.59,44.36],[-122.61,44.43],[-122.82,45.08],[-123,45.63],[-123.35,45.54]]]},"properties":{"NAME":"Kalapuya","SUBJECTO":"Kalapuya","BORDERPRECISION":3}},
{"type":"Feature","geometry":{"type":"Polygon","coordinates":[[[-122.2,42.01],[-122.19,42],[-121.99,41.39],[-121.97,41.4],[-121.3,41.58],[-120.5,41.81],[-120.49,41.81],[-120.39,42.09],[-121.38,42.33],[-121.4,42.32],[-121.88,42.13],[-122.17,42.02],[-122.2,42.01]]]},"properties":{"NAME":"Modoc","SUBJECTO":"Modoc","BORDERPRECISION":3}},
{"type":"Feature","geometry":{"type":"Polygon","coordinates":[[[-115.24,34.01],[-115.49,34.59],[-116.21,34.71],[-116.46,35.2],[-116.13,35.46],[-116.58,35.75],[-117.51,35.11],[-118.21,35.39],[-118.4,35.46],[-119.04,35.22],[-118.73,34.59],[-118.6,34.6],[-117.93,34.62],[-117.38,34.38],[-116.88,34.16],[-116.33,34.11],[-115.24,34.01]]]},"properties":{"NAME":"Serano","SUBJECTO":"Serano","BORDERPRECISION":3}},
{"type":"Feature","geometry":{"type":"Polygon","coordinates":[[[-122.72,38.99],[-122.78,39.53],[-122.82,39.53],[-122.98,39.55],[-123.11,39.71],[-123.93,39.82],[-123.82,39.61],[-123.89,39.41],[-123.74,39.08],[-123.8,39.03],[-123.74,38.97],[-123.46,38.7],[-123.25,38.55],[-122.72,38.69],[-122.69,38.7],[-122.91,38.98],[-122.72,38.98],[-122.72,38.99]]]},"properties":{"NAME":"Pomo","SUBJECTO":"Pomo","BORDERPRECISION":3}},
{"type":"Feature","geometry":{"type":"Polygon","coordinates":[[[-111.55,45.51],[-112.04,45.32],[-112.4,45.23],[-113.35,45.34],[-113.43,45.36],[-114.21,45.53],[-116.12,44.71],[-116.16,43.02],[-116.36,42.73],[-116.88,41.98],[-117.12,41.24],[-117.11,40.93],[-117.57,39.47],[-117.74,38.69],[-117.7,37.82],[-118.01,37.39],[-117.9,36.82],[-118.01,36.62],[-118.03,36.57],[-117.98,36.18],[-117.91,35.78],[-117.51,35.95],[-117.47,36.37],[-117.12,36.53],[-117.06,36.71],[-116.88,36.75],[-116.75,36.83],[-116.21,36.47],[-115.96,36.47],[-115.77,36.47],[-115.66,36.73],[-115.68,37.55],[-115.39,38.27],[-114.64,38.69],[-113.73,38.84],[-113.52,38.88],[-113.52,38.89],[-113.41,39.17],[-112.6,39.68],[-112.24,40.31],[-111.87,40.57],[-109.56,40.89],[-107.84,40.91],[-106.49,40.89],[-105.12,40.86],[-105.09,40.86],[-105.17,40.93],[-105.26,41.03],[-106.25,41.8],[-106.53,42.12],[-106.82,43.71],[-107.04,43.86],[-107.18,43.96],[-107.31,43.98],[-107.75,44.04],[-109.03,44.49],[-110.28,44.75],[-110.96,45.07],[-111.55,45.51]]]},"properties":{"NAME":"Shoshoni","SUBJECTO":"Shoshoni","BORDERPRECISION":3}},
{"type":"Feature","geometry":{"type":"Polygon","coordinates":[[[-121.82,37.88],[-121.52,37.6],[-121.43,37.4],[-121.15,37.36],[-121.06,36.93],[-120.93,36.91],[-120.83,36.62],[-120.9,36.58],[-120.92,36.56],[-120.69,36.42],[-120.6,36.24],[-120.34,36.08],[-120.17,35.87],[-119.74,35.57],[-119.68,35.52],[-119.4,35.28],[-119.04,35.22],[-118.4,35.46],[-118.58,35.43],[-118.61,35.63],[-118.57,36.15],[-118.76,36.25],[-118.55,36.44],[-118.64,36.81],[-118.64,36.82],[-119.21,36.95],[-119.53,37.41],[-119.57,37.65],[-119.61,37.64],[-119.7,37.62],[-119.72,37.49],[-119.74,37.39],[-119.82,37.36],[-120.27,37.77],[-120.78,38.22],[-121.17,38.14],[-121.82,37.88]]]},"properties":{"NAME":"Yokuts","SUBJECTO":"Yokuts","BORDERPRECISION":3}},
{"type":"Feature","geometry":{"type":"Polygon","coordinates":[[[-116.58,35.75],[-116.7,35.99],[-116.59,36.19],[-116.79,36.42],[-116.88,36.75],[-117.06,36.71],[-117.12,36.53],[-117.47,36.37],[-117.51,35.95],[-117.91,35.78],[-118.61,35.63],[-118.58,35.43],[-118.4,35.46],[-118.21,35.39],[-117.51,35.11],[-116.58,35.75]]]},"properties":{"NAME":"Kawahsu","SUBJECTO":"Kawahsu","BORDERPRECISION":3}},
{"type":"Feature","geometry":{"type":"Polygon","coordinates":[[[-77.25,-2.76],[-77.25,-2.1],[-77.85,-1.67],[-78.56,-2.13],[-78.39,-2.91],[-77.9,-3.11],[-77.25,-2.76]]]},"properties":{"NAME":"Shuar","SUBJECTO":"Shuar","BORDERPRECISION":3}},
{"type":"Feature","geometry":{"type":"Polygon","coordinates":[[[-97.54,28.69],[-98.42,29.69],[-99.78,30.78],[-100.11,31.04],[-100.3,31.12],[-101.27,29.67],[-100.86,29.35],[-100.82,29.3],[-100.33,28.72],[-98.17,28.25],[-98.09,28.3],[-97.65,28.56],[-97.54,28.69]]]},"properties":{"NAME":"Lipan","SUBJECTO":"Lipan","BORDERPRECISION":3}},
{"type":"Feature","geometry":{"type":"Polygon","coordinates":[[[-92.46,30.58],[-92.47,30.85],[-92.74,31.25],[-92.7,31.61],[-92.29,31.79],[-91.85,31.84],[-91.63,31.94],[-91.63,32.96],[-92.12,33.9],[-92.85,34.66],[-94.2,34.61],[-94.94,34.62],[-95.42,34.74],[-95.35,34.05],[-95.35,34.01],[-95.39,33.61],[-95.23,33.54],[-95,33.42],[-94.6,32.67],[-94.52,32.51],[-95.23,32.28],[-95.53,32.01],[-95.56,31.67],[-95.47,31.22],[-95.13,31.01],[-94.71,30.75],[-93.47,30.6],[-93.13,30.5],[-92.46,30.58]]]},"properties":{"NAME":"Caddo","SUBJECTO":"Caddo","BORDERPRECISION":3}},
{"type":"Feature","geometry":{"type":"Polygon","coordinates":[[[-97.81,38.78],[-97.16,38.29],[-96.73,38.49],[-95.74,38.68],[-94.92,38.79],[-94.47,38.79],[-94.53,39.16],[-94.77,39.16],[-95.06,39.57],[-94.89,39.85],[-95.08,39.83],[-95.26,39.96],[-95.64,39.95],[-96.02,40.02],[-96.32,40.12],[-96.6,40.14],[-97.04,40.25],[-97.08,40.11],[-97.33,39.76],[-97.61,39.31],[-97.77,38.92],[-97.81,38.78]]]},"properties":{"NAME":"Kansa","SUBJECTO":"Kansa","BORDERPRECISION":3}},
{"type":"Feature","geometry":{"type":"Polygon","coordinates":[[[-95.35,34.05],[-95.42,34.74],[-94.94,34.62],[-94.2,34.61],[-92.85,34.66],[-92.62,35.05],[-91.84,35.72],[-91.53,36.29],[-91.34,36.6],[-90.81,37.18],[-90.53,37.94],[-91.62,38.46],[-91.63,38.47],[-94.47,38.79],[-94.92,38.79],[-95.74,38.68],[-96.73,38.49],[-97.16,38.29],[-97.05,38.21],[-96.59,37.25],[-96.75,36.69],[-97.41,35.58],[-97.51,34.88],[-96.78,34.87],[-96,35.19],[-95.45,35.13],[-95.35,34.05]]]},"properties":{"NAME":"Osage","SUBJECTO":"Osage","BORDERPRECISION":3}},
{"type":"Feature","geometry":{"type":"Polygon","coordinates":[[[-90.76,32.97],[-90.71,33.38],[-90.7,33.43],[-90.48,33.88],[-90.46,33.92],[-89.8,35.02],[-89.87,35.59],[-89.67,36.19],[-89.52,36.35],[-89.48,36.51],[-89.1,36.95],[-90.81,37.17],[-90.81,37.18],[-91.34,36.6],[-91.53,36.29],[-91.84,35.72],[-92.62,35.05],[-92.85,34.66],[-92.12,33.9],[-91.63,32.96],[-90.76,32.97]]]},"properties":{"NAME":"Quapaw","SUBJECTO":"Quapaw","BORDERPRECISION":3}},
{"type":"Feature","geometry":{"type":"Polygon","coordinates":[[[-103.99,47.64],[-103.34,47.61],[-101.91,47.16],[-101.38,47.57],[-100.47,47.69],[-99.07,47.93],[-98.72,48.28],[-98.35,48.6],[-98.49,52.35],[-100.09,52.31],[-101.12,52.83],[-102.59,53.56],[-106.28,51.52],[-108.64,50.2],[-106.19,47.91],[-105.8,47.86],[-105.01,47.76],[-104.6,47.71],[-103.99,47.64]]]},"properties":{"NAME":"Assiniboin","SUBJECTO":"Assiniboin","BORDERPRECISION":3}},
{"type":"Feature","geometry":{"type":"Polygon","coordinates":[[[-110.18,46.78],[-110.19,47.99],[-110.53,49.15],[-109.64,49.65],[-110.61,50.34],[-114.08,49.77],[-114.03,49.62],[-113.68,48.5],[-113.43,47.73],[-112.59,46.67],[-113.43,45.36],[-113.35,45.34],[-112.4,45.23],[-112.04,45.32],[-111.55,45.51],[-110.18,46.78]]]},"properties":{"NAME":"Blackfoot","SUBJECTO":"Blackfoot","BORDERPRECISION":3}},
{"type":"Feature","geometry":{"type":"Polygon","coordinates":[[[-106.19,47.91],[-108.64,50.2],[-109.64,49.65],[-110.53,49.15],[-110.19,47.99],[-110.18,46.78],[-110.16,46.79],[-107.81,47.19],[-106.28,47.92],[-106.19,47.91]]]},"properties":{"NAME":"Gros Ventre","SUBJECTO":"Gros Ventre","BORDERPRECISION":3}},
{"type":"Feature","geometry":{"type":"Polygon","coordinates":[[[-97.04,40.25],[-96.6,40.14],[-96.32,40.12],[-96.02,40.02],[-95.64,39.95],[-95.26,39.96],[-95.37,40.04],[-95.4,40.26],[-95.24,40.64],[-95.02,40.68],[-95.49,40.82],[-95.65,40.94],[-96.11,40.95],[-96.49,41.11],[-96.52,41.21],[-96.72,41.19],[-96.82,40.81],[-97.02,40.35],[-97.04,40.25]]]},"properties":{"NAME":"Oto","SUBJECTO":"Oto","BORDERPRECISION":3}},
{"type":"Feature","geometry":{"type":"Polygon","coordinates":[[[-92.45,42.69],[-93.11,42.77],[-94.02,42.64],[-94.03,42.63],[-94.11,42.43],[-94.35,42.28],[-94.66,42.09],[-95.73,41.97],[-95.75,41.97],[-96.1,41.94],[-96.21,41.93],[-96.59,41.44],[-96.52,41.21],[-96.49,41.11],[-96.11,40.95],[-95.65,40.94],[-95.49,40.82],[-95.02,40.68],[-94.32,40.41],[-93.71,40.18],[-93.35,40.24],[-92.8,40.34],[-92.04,40.87],[-91.68,41.2],[-91.33,41.54],[-91.37,42.11],[-91.41,42.13],[-91.42,42.17],[-92.45,42.69]]]},"properties":{"NAME":"Iowa","SUBJECTO":"Iowa","BORDERPRECISION":3}},
{"type":"Feature","geometry":{"type":"Polygon","coordinates":[[[-91.14,43.93],[-91.13,43.93],[-91.78,44.57],[-92.79,45.42],[-93.53,46.1],[-93.48,46.34],[-93.35,47.24],[-93.86,47.65],[-95.07,47.65],[-96.8,47.17],[-96.49,46.86],[-96.51,46.64],[-97.2,45.9],[-97.24,45.34],[-95.91,44.63],[-95.83,44.51],[-95.81,44.51],[-94.59,44.21],[-94.67,43.78],[-93.99,43.25],[-94.03,42.63],[-94.02,42.64],[-93.11,42.77],[-92.45,42.69],[-91.82,43.12],[-91.14,43.93]]]},"properties":{"NAME":"Santee","SUBJECTO":"Santee","BORDERPRECISION":3}},
{"type":"Feature","geometry":{"type":"Polygon","coordinates":[[[-100.21,46.35],[-100.29,46.62],[-100.31,46.9],[-101.58,46.82],[-101.27,46.35],[-100.21,46.35]]]},"properties":{"NAME":"Mandan","SUBJECTO":"Mandan","BORDERPRECISION":3}},
{"type":"Feature","geometry":{"type":"Polygon","coordinates":[[[-99.98,44.79],[-99.82,44.52],[-99.66,44.52],[-97.28,44.4],[-95.83,44.51],[-95.91,44.63],[-97.24,45.34],[-97.2,45.9],[-96.51,46.64],[-96.49,46.86],[-96.8,47.17],[-97.15,47.17],[-98.13,47.6],[-98.72,48.28],[-99.07,47.93],[-100.47,47.69],[-100.31,46.9],[-100.29,46.62],[-100.21,46.35],[-99.98,44.79]]]},"properties":{"NAME":"Yankontai","SUBJECTO":"Yankontai","BORDERPRECISION":3}},
{"type":"Feature","geometry":{"type":"Polygon","coordinates":[[[-98.72,48.28],[-98.13,47.6],[-97.15,47.17],[-96.8,47.17],[-95.07,47.65],[-93.86,47.65],[-93.35,47.24],[-93.48,46.34],[-93.53,46.1],[-92.79,45.42],[-91.78,44.57],[-91.13,43.93],[-91.06,43.96],[-90.7,44.08],[-90.44,44.4],[-90.32,44.89],[-90.02,45.33],[-91.41,46.76],[-91.41,46.8],[-91.56,46.76],[-91.87,46.71],[-92.02,46.73],[-92.11,46.73],[-92.13,46.71],[-92.15,46.7],[-92.16,46.71],[-92.17,46.71],[-92.16,46.7],[-92.14,46.68],[-92.15,46.68],[-92.17,46.69],[-92.19,46.69],[-92.2,46.66],[-92.22,46.65],[-92.24,46.65],[-92.26,46.65],[-92.27,46.65],[-91.9,46.89],[-91.15,47.37],[-91.13,47.38],[-90.46,47.71],[-89.82,47.9],[-89.52,48],[-89.56,48.01],[-89.54,48.02],[-89.5,48.05],[-89.34,48.15],[-89.26,48.25],[-89.24,48.36],[-89.11,48.45],[-88.89,48.53],[-88.82,48.51],[-88.9,48.37],[-88.89,48.31],[-88.84,48.33],[-88.8,48.34],[-88.78,48.36],[-88.68,48.47],[-88.54,48.72],[-88.43,48.82],[-88.34,48.78],[-88.36,48.7],[-88.49,48.59],[-88.55,48.51],[-88.56,48.47],[-88.56,48.44],[-88.53,48.45],[-88.47,48.52],[-88.46,48.53],[-88.4,48.57],[-88.38,48.57],[-88.33,48.57],[-88.31,48.59],[-88.32,48.6],[-88.33,48.63],[-88.3,48.63],[-88.27,48.62],[-88.23,48.6],[-88.17,48.64],[-88.14,48.69],[-88.12,48.73],[-88.13,48.79],[-88.19,48.82],[-88.24,48.87],[-88.25,48.93],[-88.2,48.98],[-88.09,49],[-87.85,48.95],[-87.72,48.91],[-81.51,52.14],[-81.75,52.17],[-81.71,52.33],[-81.73,52.55],[-81.85,52.71],[-81.99,52.8],[-92.14,52.53],[-98.49,52.35],[-98.35,48.6],[-98.72,48.28]]]},"properties":{"NAME":"Obiwa","SUBJECTO":"Obiwa","BORDERPRECISION":3}},
{"type":"Feature","geometry":{"type":"Polygon","coordinates":[[[-111.18,35.48],[-111.19,35.45],[-110.39,35.17],[-109.88,35.58],[-110.46,36.24],[-110.99,36.01],[-111.18,35.48]]]},"properties":{"NAME":"Hopie","SUBJECTO":"Hopie","BORDERPRECISION":3}},
{"type":"Feature","geometry":{"type":"Polygon","coordinates":[[[-113.03,33.09],[-112.77,33.14],[-112.73,33.15],[-112.72,33.38],[-111.77,33.49],[-111.23,33.55],[-111.21,33.56],[-111.29,33.91],[-111.4,34.38],[-111.54,34.4],[-111.81,34.42],[-111.95,34.73],[-111.88,35.11],[-111.87,35.13],[-112.82,35.16],[-113.15,34.72],[-113.59,34.58],[-114.14,34.83],[-114.17,34.84],[-113.94,34.35],[-114.26,33.42],[-114.33,33.19],[-113.83,32.95],[-113.81,32.94],[-113.03,33.09]]]},"properties":{"NAME":"Yavapai","SUBJECTO":"Yavapai","BORDERPRECISION":3}},
{"type":"Feature","geometry":{"type":"Polygon","coordinates":[[[-106.68,32.09],[-106.45,31.76],[-106.18,31.74],[-104.78,30.59],[-104.21,29.62],[-103.74,29.23],[-102.96,29.34],[-102.72,29.75],[-101.73,29.8],[-101.27,29.67],[-100.3,31.12],[-103.37,32.39],[-103.62,32.79],[-103.64,32.91],[-103.83,34.22],[-104.36,34.89],[-104.17,35.39],[-104.23,35.35],[-105.35,35.82],[-105.36,35.83],[-105.43,35.27],[-105.79,34.77],[-106.06,34.48],[-106.59,33.98],[-106.99,33.25],[-107.13,33.22],[-107.21,33.19],[-107.32,33.16],[-107.28,32.66],[-107.1,32.61],[-106.91,32.42],[-106.68,32.09]]]},"properties":{"NAME":"Mescalero","SUBJECTO":"Mescalero","BORDERPRECISION":3}},
{"type":"Feature","geometry":{"type":"Polygon","coordinates":[[[-103.3,35.92],[-102.87,36.38],[-102.87,37.6],[-104.16,37.78],[-104.63,36.97],[-105.27,36.45],[-105.32,36.14],[-105.36,35.83],[-105.35,35.82],[-104.23,35.35],[-104.17,35.39],[-103.3,35.92]]]},"properties":{"NAME":"Jicarilla","SUBJECTO":"Jicarilla","BORDERPRECISION":3}},
{"type":"Feature","geometry":{"type":"Polygon","coordinates":[[[-105.93,37.13],[-104.63,36.97],[-104.16,37.78],[-104.26,39.82],[-105.12,40.86],[-106.49,40.89],[-107.84,40.91],[-109.56,40.89],[-111.87,40.57],[-112.24,40.31],[-112.6,39.68],[-113.41,39.17],[-113.52,38.89],[-113.34,38.78],[-112.46,38.68],[-112.2,38.22],[-111.75,37.87],[-111.12,37.86],[-110.84,37.18],[-110.34,37.17],[-110.32,37.34],[-109.87,37.09],[-109.33,37.19],[-108.8,36.79],[-108.03,36.61],[-107.8,36.72],[-107.38,36.92],[-106.45,37.19],[-106.38,37.18],[-105.93,37.13]]]},"properties":{"NAME":"Ute","SUBJECTO":"Ute","BORDERPRECISION":3}},
{"type":"Feature","geometry":{"type":"Polygon","coordinates":[[[-115.96,36.47],[-114.93,35.56],[-114.73,35.74],[-114.67,35.8],[-114.77,36.19],[-114.22,36.05],[-114.02,36.22],[-113.41,35.8],[-113.37,35.89],[-113.27,36.14],[-112.58,36.38],[-111.79,36.02],[-111.2,35.47],[-111.18,35.48],[-110.99,36.01],[-110.46,36.24],[-110.34,37.17],[-110.84,37.18],[-111.12,37.86],[-111.75,37.87],[-112.2,38.22],[-112.46,38.68],[-113.34,38.78],[-113.52,38.89],[-113.52,38.88],[-113.73,38.84],[-114.64,38.69],[-115.39,38.27],[-115.68,37.55],[-115.66,36.73],[-115.77,36.47],[-115.96,36.47]]]},"properties":{"NAME":"Southern Paiute","SUBJECTO":"Southern Paiute","BORDERPRECISION":3}},
{"type":"Feature","geometry":{"type":"Polygon","coordinates":[[[-117.39,44.79],[-117.99,44.92],[-118.34,44.89],[-119,44.93],[-119.42,44.77],[-119.47,44.77],[-120.75,44.67],[-120.81,44.66],[-122.01,44.34],[-121.93,43.51],[-122,43.51],[-121.9,43.31],[-121.89,43.31],[-121.29,43.17],[-120.79,42.72],[-120.39,42.09],[-120.49,41.81],[-120.5,41.81],[-120.26,41.75],[-120.2,41.17],[-120.43,40.97],[-120.48,40.93],[-120.5,40.67],[-120.2,40.24],[-120.19,40.1],[-119.93,40],[-119.57,39.4],[-119.36,38.86],[-119.48,38.32],[-119.34,38],[-119.37,37.97],[-118.91,37.66],[-118.34,37.24],[-118.33,37.23],[-118.01,36.62],[-117.9,36.82],[-118.01,37.39],[-117.7,37.82],[-117.74,38.69],[-117.57,39.47],[-117.11,40.93],[-117.12,41.24],[-116.88,41.98],[-116.36,42.73],[-116.16,43.02],[-116.12,44.71],[-116.3,44.71],[-117,44.75],[-117.39,44.79]]]},"properties":{"NAME":"Northern Paiute","SUBJECTO":"Northern Paiute","BORDERPRECISION":3}},
{"type":"Feature","geometry":{"type":"Polygon","coordinates":[[[-78.13,42.4],[-77.28,42.24],[-76.02,42.19],[-75.37,42.06],[-75.3,42.18],[-75.09,42.45],[-74.6,42.64],[-73.7,43.25],[-73.66,43.27],[-73.36,43.73],[-73.31,43.81],[-73.2,44.3],[-73.11,44.66],[-73,45.02],[-74.78,45.02],[-75.78,44.42],[-76.02,44.32],[-76.02,44.29],[-76.1,44.22],[-76.28,44.14],[-76.3,44.12],[-76.35,44.07],[-76.3,44],[-76.26,43.99],[-76.24,44.02],[-76.22,44.05],[-76.18,44.07],[-76.13,44.05],[-76.13,44.03],[-76.18,43.99],[-76.19,43.97],[-76.17,43.96],[-76.15,43.97],[-76.14,43.97],[-76.09,44],[-76.06,44.01],[-76.05,44.01],[-76.09,43.97],[-76.1,43.95],[-76.17,43.89],[-76.22,43.86],[-76.25,43.87],[-76.27,43.87],[-76.29,43.85],[-76.26,43.79],[-76.19,43.7],[-76.17,43.63],[-76.21,43.56],[-76.27,43.53],[-76.37,43.52],[-76.52,43.46],[-76.72,43.33],[-76.77,43.31],[-76.86,43.27],[-76.94,43.28],[-76.96,43.26],[-76.94,43.24],[-77.03,43.24],[-77.24,43.27],[-77.27,43.27],[-77.39,43.27],[-77.48,43.25],[-77.49,43.25],[-77.53,43.22],[-77.52,43.19],[-77.58,43.22],[-77.7,43.3],[-77.76,43.32],[-78.03,43.37],[-78.98,43.23],[-78.76,42.75],[-79.01,42.61],[-78.13,42.4]]]},"properties":{"NAME":"Iroquois","SUBJECTO":"Iroquois","BORDERPRECISION":3}},
{"type":"Feature","geometry":{"type":"Polygon","coordinates":[[[-87.97,44.37],[-89.32,44.91],[-90.02,45.33],[-90.32,44.89],[-90.44,44.4],[-90.7,44.08],[-88.14,44.05],[-87.92,44.35],[-87.97,44.37]]]},"properties":{"NAME":"Fox","SUBJECTO":"Fox","BORDERPRECISION":3}},
{"type":"Feature","geometry":{"type":"Polygon","coordinates":[[[-83.25,36.67],[-82.91,36.36],[-83.16,35.96],[-83.93,35.53],[-84.29,35.23],[-85.04,34.97],[-85.09,34.19],[-85.01,33.92],[-84.41,33.88],[-84.21,33.91],[-83.7,34.05],[-82.56,34.9],[-82.49,35],[-82,35.74],[-80.67,36.78],[-80.58,36.87],[-80.31,37.13],[-80.18,37.67],[-80.22,37.64],[-80.75,37.36],[-81.52,37.26],[-81.88,37.36],[-81.88,37.35],[-83.25,36.67]]]},"properties":{"NAME":"Cherokee","SUBJECTO":"Cherokee","BORDERPRECISION":3}},
{"type":"Feature","geometry":{"type":"Polygon","coordinates":[[[-86.67,35.1],[-86.23,34.97],[-85.05,34.97],[-85.04,34.97],[-84.29,35.23],[-83.93,35.53],[-83.16,35.96],[-82.91,36.36],[-83.25,36.67],[-84.01,36.3],[-85.24,35.69],[-86.67,35.1]]]},"properties":{"NAME":"Yuchi","SUBJECTO":"Yuchi","BORDERPRECISION":3}},
{"type":"Feature","geometry":{"type":"Polygon","coordinates":[[[-64.33,56.95],[-66.07,50.33],[-65.58,50.36],[-65.17,50.35],[-64.33,50.3],[-63.85,50.3],[-63.37,50.33],[-63.21,50.35],[-62.29,50.31],[-61.64,50.28],[-60.81,50.33],[-60.14,50.41],[-59.72,50.51],[-59.44,50.64],[-59.13,50.84],[-58.72,51.19],[-58.52,51.38],[-57.83,51.41],[-57.46,51.47],[-56.96,51.49],[-56.67,51.61],[-56.18,51.89],[-55.82,52.02],[-55.66,52.19],[-56.11,52.61],[-55.93,52.81],[-55.9,52.97],[-55.77,53.16],[-55.78,53.24],[-55.88,53.35],[-56.35,53.57],[-56.65,53.66],[-56.85,53.58],[-57.13,53.48],[-57.27,53.62],[-57.29,53.67],[-57.11,53.87],[-57.26,54.02],[-57.56,54.13],[-58.08,54.08],[-58.64,53.87],[-59.18,53.52],[-59.47,53.47],[-59.72,53.43],[-60.25,53.28],[-60.12,53.52],[-60.14,53.68],[-59.99,53.8],[-59.86,53.84],[-59.4,53.87],[-59.11,53.97],[-58.84,54.15],[-58.47,54.26],[-58.17,54.28],[-57.84,54.37],[-57.52,54.47],[-57.43,54.58],[-58.12,54.71],[-58.56,54.77],[-59.08,54.99],[-59.34,55.08],[-59.69,55.15],[-60.05,55.12],[-60.35,55.04],[-60.57,55.07],[-60.37,55.42],[-60.36,55.51],[-60.47,55.66],[-60.87,55.85],[-61.25,56.08],[-61.46,56.16],[-61.74,56.17],[-61.93,56.27],[-62.08,56.5],[-62.16,56.61],[-62.29,56.69],[-62.33,56.77],[-62.18,56.8],[-61.85,56.74],[-61.54,56.73],[-61.36,56.78],[-61.34,56.81],[-61.35,57],[-61.41,57.05],[-64.33,56.95]]]},"properties":{"NAME":"Montagnais Innu","SUBJECTO":"Montagnais Innu","BORDERPRECISION":3}},
{"type":"Feature","geometry":{"type":"Polygon","coordinates":[[[-117.85,46.35],[-118.73,45.9],[-118.95,46.03],[-119,45.81],[-119.31,45.47],[-119.07,45.17],[-119,44.93],[-118.34,44.89],[-117.99,44.92],[-117.39,44.79],[-117.71,45.64],[-117.57,46.02],[-117.85,46.35]]]},"properties":{"NAME":"Cayuse","SUBJECTO":"Cayuse","BORDERPRECISION":3}},
{"type":"Feature","geometry":{"type":"Polygon","coordinates":[[[-92.8,40.34],[-93.35,40.24],[-93.71,40.18],[-94.32,40.41],[-95.02,40.68],[-95.24,40.64],[-95.4,40.26],[-95.37,40.04],[-95.26,39.96],[-95.08,39.83],[-94.89,39.85],[-95.06,39.57],[-94.77,39.16],[-94.53,39.16],[-94.47,38.79],[-91.63,38.47],[-91.79,39.29],[-92.22,40.09],[-92.84,40.31],[-92.8,40.34]]]},"properties":{"NAME":"Missouri","SUBJECTO":"Missouri","BORDERPRECISION":3}},
{"type":"Feature","geometry":{"type":"Polygon","coordinates":[[[-96.72,41.19],[-96.52,41.21],[-96.59,41.44],[-96.21,41.93],[-96.1,41.94],[-96.35,42.47],[-97.27,42.9],[-97.97,42.72],[-98.01,42.76],[-98.29,42.32],[-98.25,42.31],[-97.93,42.03],[-97.53,42.01],[-97.2,41.36],[-96.72,41.19]]]},"properties":{"NAME":"Omaha","SUBJECTO":"Omaha","BORDERPRECISION":3}},
{"type":"Feature","geometry":{"type":"Polygon","coordinates":[[[-98.29,42.32],[-98.01,42.76],[-99.45,43.99],[-99.89,44.2],[-99.86,44.33],[-100.45,44.15],[-100.61,44.06],[-100.93,43.89],[-100.86,42.76],[-99.84,42.68],[-98.98,42.48],[-98.29,42.32]]]},"properties":{"NAME":"Ponca","SUBJECTO":"Ponca","BORDERPRECISION":3}},
{"type":"Feature","geometry":{"type":"Polygon","coordinates":[[[-100.87,42.76],[-100.93,43.89],[-100.61,44.06],[-100.45,44.15],[-99.86,44.33],[-99.82,44.52],[-99.98,44.79],[-101.14,44.72],[-101,45.55],[-101.27,46.35],[-101.58,46.82],[-101.91,47.16],[-103.34,47.61],[-103.99,47.64],[-104.54,47.13],[-104.7,46.17],[-104.35,45.21],[-104.55,45.07],[-104.23,45.24],[-103.7,45.3],[-103.22,45.19],[-102.75,44.9],[-102.31,44.49],[-102.23,44.17],[-102.88,43.27],[-102.95,42.98],[-103.48,42.61],[-104.16,41.97],[-103.2,41.61],[-101.27,41.14],[-101.39,41.72],[-101.59,41.99],[-101.47,42.2],[-101.06,42.42],[-100.87,42.76]]]},"properties":{"NAME":"Teton","SUBJECTO":"Teton","BORDERPRECISION":3}},
{"type":"Feature","geometry":{"type":"Polygon","coordinates":[[[-120.17,45.8],[-119.47,44.77],[-119.42,44.77],[-119,44.93],[-119.07,45.17],[-119.31,45.47],[-119,45.81],[-118.95,46.03],[-120.17,45.8]]]},"properties":{"NAME":"Umatilla","SUBJECTO":"Umatilla","BORDERPRECISION":3}},
{"type":"Feature","geometry":{"type":"Polygon","coordinates":[[[-120.59,45.72],[-120.58,45.66],[-121,45.63],[-121.11,45.31],[-121.24,45.28],[-121.86,45.16],[-121.87,45.1],[-121.99,44.51],[-122.11,44.35],[-122.02,44.35],[-122.01,44.34],[-120.81,44.66],[-120.75,44.67],[-119.47,44.77],[-120.17,45.8],[-120.59,45.72]]]},"properties":{"NAME":"Tenimo","SUBJECTO":"Tenimo","BORDERPRECISION":3}},
{"type":"Feature","geometry":{"type":"Polygon","coordinates":[[[-105.43,35.27],[-106.14,35.54],[-106.27,35.27],[-106.49,35.12],[-105.79,34.77],[-105.43,35.27]]]},"properties":{"NAME":"Tano","SUBJECTO":"Tano","BORDERPRECISION":3}},
{"type":"Feature","geometry":{"type":"MultiPolygon","coordinates":[[[[-160.93,63.95],[-157.18,64.01],[-138.3,69.14],[-139,69.37],[-139.9,69.57],[-140.33,69.62],[-140.74,69.58],[-141.06,69.6],[-141.16,69.6],[-141.7,69.73],[-142.8,70.09],[-143.31,70.2],[-144.36,70.13],[-145.27,70.12],[-145.61,70.19],[-146.18,70.27],[-147.72,70.33],[-148.12,70.38],[-148.74,70.49],[-149.29,70.54],[-149.94,70.5],[-150.64,70.48],[-151.14,70.48],[-151.73,70.53],[-151.92,70.5],[-152.14,70.53],[-152.49,70.7],[-152.65,70.82],[-152.97,70.93],[-153.29,70.95],[-153.77,70.97],[-154.46,70.99],[-155.1,71.08],[-155.23,70.98],[-155.47,70.85],[-155.67,70.87],[-156.14,70.93],[-156.15,71.08],[-155.97,71.15],[-156.04,71.22],[-156.35,71.33],[-156.47,71.35],[-156.9,71.35],[-157.32,71.16],[-157.81,70.97],[-158.42,70.91],[-158.86,70.88],[-159.37,70.9],[-160.24,70.86],[-160.25,70.77],[-159.91,70.6],[-159.84,70.51],[-159.9,70.43],[-160.72,70.46],[-161.19,70.44],[-161.7,70.33],[-162.18,70.28],[-162.51,70.18],[-162.88,70],[-163.16,69.76],[-163.51,69.5],[-163.71,69.22],[-164.07,69.06],[-164.89,68.93],[-165.34,68.9],[-166.3,68.88],[-166.34,68.66],[-166.7,68.48],[-166.84,68.41],[-165.94,68.16],[-164.74,67.86],[-164.51,67.8],[-164.04,67.59],[-163.83,67.45],[-163.74,67.22],[-163.03,67.18],[-162.6,67.16],[-161.94,67.09],[-161.8,66.75],[-161.22,66.73],[-160.34,66.6],[-160.03,66.57],[-160.04,66.49],[-160.13,66.34],[-160.58,66.32],[-160.92,66.37],[-161.26,66.4],[-161.38,66.36],[-161.63,66.23],[-161.98,66.12],[-162.28,66.07],[-162.76,66.06],[-163.37,66.11],[-163.84,66.18],[-163.85,66.3],[-163.78,66.54],[-164.46,66.6],[-165.09,66.47],[-165.52,66.37],[-166,66.2],[-166.43,66.11],[-167.02,65.96],[-167.73,65.86],[-168.08,65.75],[-168.18,65.69],[-167.6,65.6],[-167,65.49],[-166.14,65.35],[-165.66,65.25],[-165.86,65.17],[-166.32,65.17],[-166.6,65.15],[-166.67,65.08],[-166.59,64.73],[-166.35,64.64],[-165.74,64.56],[-165.17,64.55],[-164.6,64.62],[-164.27,64.6],[-163.88,64.59],[-163.03,64.44],[-162.8,64.47],[-162.56,64.6],[-162.14,64.79],[-161.29,64.96],[-161.13,64.93],[-160.9,64.81],[-160.79,64.64],[-160.94,64.52],[-161.36,64.51],[-161.37,64.47],[-161.01,64.16],[-160.93,63.95]]],[[[-171.86,63.5],[-171.73,63.46],[-171.32,63.49],[-170.97,63.46],[-170.63,63.37],[-169.9,63.08],[-169.67,63.24],[-169.38,63.25],[-169.12,63.24],[-169.14,63.29],[-169.33,63.4],[-170.11,63.56],[-170.48,63.69],[-170.72,63.69],[-170.97,63.65],[-171.23,63.65],[-171.74,63.75],[-171.97,63.73],[-172.05,63.6],[-171.86,63.5]]]]},"properties":{"NAME":"Inupiaq","SUBJECTO":"Inupiaq","BORDERPRECISION":3}},
{"type":"Feature","geometry":{"type":"MultiPolygon","coordinates":[[[[-148.76,60.68],[-151.78,59.96],[-151.78,59.95],[-151.49,59.71],[-151.45,59.54],[-151.77,59.36],[-151.8,59.3],[-151.88,59.16],[-151.39,59.21],[-150.92,59.41],[-150.5,59.62],[-150.02,59.71],[-149.58,59.99],[-149.33,60.03],[-149.06,60],[-148.7,59.9],[-148.49,59.9],[-148.3,60.11],[-148.26,60.28],[-148.34,60.41],[-148.84,60.55],[-148.76,60.68]]],[[[-154.1,59.41],[-157.15,58.69],[-157.15,58.67],[-157.24,58.49],[-157.55,58.27],[-157.66,57.93],[-157.67,57.6],[-157.79,57.51],[-158.12,57.34],[-158.45,57.21],[-158.66,57.08],[-158.67,56.84],[-158.62,56.75],[-159.25,56.78],[-159.78,56.58],[-159.98,56.42],[-160.11,56.32],[-160.46,56.2],[-160.61,56.04],[-160.61,55.96],[-160.17,55.81],[-159.61,55.89],[-159.08,55.99],[-158.74,56.19],[-158.61,56.37],[-158.53,56.45],[-157.98,56.65],[-157.75,56.77],[-157.4,56.85],[-156.99,56.91],[-156.5,57.1],[-156.45,57.18],[-156.68,57.4],[-156.37,57.57],[-155.9,57.72],[-155.6,57.9],[-154.95,58.03],[-154.65,58.08],[-154.4,58.25],[-154.21,58.43],[-153.96,58.55],[-153.68,58.64],[-153.49,58.79],[-153.45,58.88],[-153.66,58.98],[-153.96,59.03],[-154.13,59.04],[-154.3,59.12],[-154.28,59.25],[-154.1,59.41]]],[[[-163.09,55.27],[-163.26,55.17],[-163.2,55.04],[-162.97,54.95],[-162.8,55],[-162.75,55.06],[-162.79,55.15],[-163.09,55.27]]],[[[-160.36,55.66],[-160.68,55.76],[-161.32,55.88],[-161.61,55.84],[-161.81,55.78],[-162.08,55.59],[-162.22,55.5],[-162.58,55.39],[-162.59,55.25],[-162.55,55.15],[-162.22,55.13],[-161.7,55.38],[-161.58,55.48],[-161.09,55.56],[-160.87,55.57],[-160.53,55.54],[-160.39,55.56],[-160.36,55.66]]],[[[-166.93,53.46],[-166.74,53.53],[-166.64,53.57],[-166.61,53.71],[-166.49,53.73],[-166.38,53.85],[-166.58,53.96],[-166.77,54],[-167.15,53.94],[-167,53.73],[-166.93,53.46]]],[[[-164.56,54.83],[-164.79,54.69],[-165.01,54.53],[-164.95,54.43],[-164.56,54.33],[-164.43,54.4],[-164.25,54.6],[-164.07,54.66],[-163.57,54.63],[-163.32,54.7],[-163.21,54.74],[-163.36,54.92],[-163.57,55.02],[-163.74,55.06],[-164.13,54.91],[-164.56,54.83]]],[[[-154.34,57.49],[-154.59,57.36],[-154.66,57.23],[-154.59,57.14],[-154.16,56.98],[-153.88,56.94],[-153.67,56.97],[-153.49,57.05],[-153.27,57.26],[-153.23,57.37],[-153.18,57.41],[-152.91,57.49],[-152.72,57.49],[-152.38,57.52],[-152.44,57.61],[-152.68,57.76],[-153.18,57.83],[-153.4,57.8],[-153.42,57.64],[-153.52,57.54],[-153.73,57.43],[-153.87,57.47],[-154.19,57.63],[-154.34,57.49]]],[[[-167.96,53.49],[-168.22,53.59],[-168.36,53.55],[-168.51,53.43],[-168.55,53.38],[-168.51,53.3],[-168.37,53.24],[-168.04,53.31],[-167.87,53.32],[-167.96,53.49]]]]},"properties":{"NAME":"Suspiaq","SUBJECTO":"Suspiaq","BORDERPRECISION":3}},
{"type":"Feature","geometry":{"type":"Polygon","coordinates":[[[-153.98,59.52],[-153.71,59.64],[-153.41,59.71],[-153.17,59.74],[-161,63.63],[-161.13,63.56],[-161.56,63.54],[-161.91,63.53],[-162.47,63.41],[-162.78,63.22],[-162.97,63.1],[-163.31,63.04],[-163.53,63.08],[-163.97,63.2],[-164.29,63.25],[-164.47,63.17],[-164.7,62.96],[-164.88,62.82],[-165.03,62.65],[-165.43,62.43],[-165.53,62.27],[-165.58,62.14],[-165.8,62.04],[-165.83,61.83],[-166.19,61.75],[-165.91,61.31],[-165.9,61.27],[-165.51,61.26],[-165.42,61.26],[-165.14,61.18],[-164.54,60.95],[-164.3,60.94],[-164.06,61.04],[-163.89,61.04],[-163.69,60.92],[-163.52,60.71],[-163.63,60.6],[-163.94,60.61],[-164.53,60.75],[-164.84,60.82],[-165,60.62],[-165.13,60.54],[-165.05,60.42],[-164.59,60.21],[-164.38,60.06],[-164.21,59.9],[-164.03,59.8],[-163.54,59.84],[-163.35,59.93],[-163.02,59.97],[-162.38,60.16],[-161.99,59.71],[-161.93,59.52],[-162.06,59.29],[-162,58.83],[-161.97,58.78],[-161.94,58.72],[-161.65,58.68],[-161.12,58.75],[-160.83,58.9],[-160.84,58.96],[-160.43,59],[-160.07,58.95],[-159.81,58.94],[-159.58,58.81],[-159.37,58.63],[-159.11,58.49],[-158.93,58.43],[-158.86,58.45],[-158.87,58.61],[-158.97,58.77],[-158.91,58.87],[-158.64,58.97],[-158.52,59],[-158.29,58.73],[-157.99,58.72],[-157.42,58.8],[-157.14,58.86],[-157.15,58.69],[-154.1,59.41],[-153.98,59.52]]]},"properties":{"NAME":"Yup'ik & Cup'ik","SUBJECTO":"Yup'ik & Cup'ik","BORDERPRECISION":3}},
{"type":"Feature","geometry":{"type":"MultiPolygon","coordinates":[[[[-130.08,57.57],[-132.05,59.85],[-134.8,60.55],[-138.61,61.53],[-145.51,62.58],[-147.07,60.91],[-146.58,60.84],[-146.19,60.73],[-146,60.66],[-145.89,60.52],[-145.49,60.38],[-145.14,60.45],[-145,60.55],[-144.81,60.32],[-144.52,60.14],[-144.41,60.09],[-144.05,60.05],[-143.08,60.07],[-142.42,60.02],[-141.96,60.04],[-141.75,60.13],[-141.59,60.14],[-141.44,60.09],[-141.37,60.01],[-141.39,59.9],[-140.9,59.79],[-140.43,59.76],[-140.13,59.77],[-139.93,59.83],[-139.57,59.9],[-139.4,59.83],[-139.31,59.71],[-139.37,59.63],[-139.79,59.52],[-139.2,59.28],[-138.78,59.18],[-138.74,59.18],[-138.45,59.16],[-138.2,59.03],[-137.58,58.6],[-137.09,58.45],[-136.36,58.52],[-136.37,58.62],[-136.94,58.94],[-136.39,58.84],[-136.15,58.9],[-135.97,58.7],[-135.74,58.47],[-135.62,58.44],[-135.3,58.37],[-135.28,58.44],[-135.33,58.58],[-135.51,58.97],[-135.47,59.34],[-135.31,59.35],[-135.14,59.17],[-135.05,58.91],[-134.83,58.56],[-134.38,58.38],[-134.12,58.24],[-134.02,58.12],[-133.84,58],[-133.64,57.97],[-133.5,57.9],[-133.47,57.84],[-133.64,57.74],[-133.6,57.64],[-133.34,57.38],[-133.4,57.22],[-133.2,57.16],[-132.87,57.02],[-132.56,56.7],[-132.27,56.51],[-132.1,56.35],[-132.18,56.25],[-132.28,56.13],[-132.26,55.94],[-132.26,55.85],[-132.03,55.89],[-131.96,55.97],[-131.77,56.01],[-131.19,56.03],[-131.1,55.91],[-130.89,55.77],[-130.7,55.47],[-130.73,55.27],[-130.77,55.07],[-130.69,54.97],[-130.55,54.91],[-130.41,55.02],[-130.27,55.07],[-130.07,55.1],[-130,55.29],[-129.84,54.98],[-130.04,54.84],[-130.11,54.73],[-130.3,54.55],[-130.27,54.35],[-130.18,54.17],[-130,53.94],[-129.97,53.91],[-128.43,55.67],[-130.08,57.57]]],[[[-134.95,56.45],[-134.8,56.67],[-134.76,56.79],[-134.82,56.92],[-135,57.33],[-135.26,57.41],[-135.44,57.43],[-135.48,57.33],[-135.47,57.23],[-135.2,56.82],[-134.95,56.45]]],[[[-132.09,53.4],[-132.08,53.54],[-132,53.79],[-131.89,53.89],[-131.96,53.97],[-132.08,54.02],[-132.38,53.99],[-132.73,54.07],[-132.87,54.05],[-133.05,54.07],[-133.1,54.02],[-133.09,53.8],[-133,53.65],[-132.57,53.28],[-132.35,53.36],[-132.09,53.4]]],[[[-132.55,55.45],[-132.69,55.65],[-132.62,55.75],[-132.59,55.81],[-132.63,55.9],[-133.16,56.12],[-133.28,56.23],[-133.49,56.26],[-133.52,56.21],[-133.27,55.83],[-133.27,55.62],[-133.02,55.37],[-132.17,54.85],[-132.18,55.28],[-132.55,55.45]]],[[[-136.3,58.18],[-136.42,58.11],[-136.6,57.9],[-136.24,57.73],[-135.82,57.45],[-135.79,57.56],[-135.82,57.76],[-135.54,57.72],[-135.15,57.6],[-135.11,57.67],[-135.32,58.09],[-135.67,58.04],[-136.02,58.21],[-136.3,58.18]]]]},"properties":{"NAME":"Eyaq","SUBJECTO":"Eyaq","BORDERPRECISION":3}},
{"type":"Feature","geometry":{"type":"MultiPolygon","coordinates":[[[[-107.51,58.9],[-94.74,59.86],[-94.75,59.95],[-94.61,60.25],[-94.48,60.49],[-94.38,60.8],[-94.25,60.93],[-94.01,61.22],[-93.87,61.34],[-93.47,61.44],[-93.32,61.54],[-93.42,61.86],[-93.23,61.97],[-92.58,62.27],[-92.1,62.41],[-91.89,62.6],[-92.46,62.79],[-92.29,62.92],[-92.06,62.89],[-91.42,62.85],[-90,62.95],[-90,63.1],[-90,63.18],[-90,63.3],[-91.03,63.39],[-91.64,63.51],[-92.35,63.58],[-93.32,63.97],[-91.98,63.83],[-91.59,63.79],[-90,63.61],[-90,63.56],[-89.87,63.58],[-89.86,63.65],[-90,63.9],[-89.99,64.03],[-89.97,64.19],[-89.49,64.02],[-89.08,63.96],[-88.7,63.99],[-88.38,64.06],[-87.99,64.25],[-87.44,64.57],[-87.16,65.06],[-87.62,65.07],[-88.17,65.13],[-88.9,65.33],[-89.69,65.67],[-90,65.77],[-90,65.89],[-90,65.97],[-89.78,65.98],[-89.51,65.93],[-89.18,65.81],[-88.64,65.71],[-88.54,65.68],[-88.17,65.46],[-87.79,65.35],[-87.55,65.35],[-87.25,65.43],[-86.33,65.93],[-86.06,66.07],[-85.99,66.16],[-86.58,66.35],[-86.85,66.46],[-86.74,66.57],[-85.9,66.62],[-85.39,66.61],[-85.12,66.33],[-84.95,66.27],[-84.37,66.31],[-84.06,66.28],[-83.74,66.31],[-84.41,66.71],[-85.02,66.94],[-84.71,67.07],[-84.49,67.05],[-84.23,66.93],[-83.48,66.5],[-83.14,66.37],[-82.63,66.6],[-82.33,66.64],[-81.7,66.99],[-81.5,67.07],[-81.28,67.36],[-81.29,67.5],[-81.79,67.76],[-82.18,68],[-82.49,68.32],[-82.63,68.56],[-82.69,68.7],[-82.33,68.82],[-82.21,68.82],[-81.89,68.58],[-81.78,68.56],[-81.58,68.6],[-81.37,68.72],[-81.48,69.19],[-81.68,69.28],[-81.93,69.25],[-82.16,69.25],[-82.76,69.55],[-84.31,69.83],[-84.57,69.83],[-84.76,69.8],[-85.11,69.82],[-85.38,69.7],[-85.42,69.29],[-85.01,69.14],[-84.56,68.99],[-84.62,68.75],[-84.77,68.72],[-85.4,68.76],[-85.51,68.68],[-85.67,68.34],[-85.78,68.04],[-86.05,67.85],[-86.4,67.67],[-86.49,67.38],[-86.65,67.32],[-87.06,67.24],[-87.33,67.17],[-87.53,67.29],[-87.81,67.52],[-88.32,67.81],[-88.48,67.99],[-88.46,68.18],[-88.37,68.31],[-88.01,68.27],[-87.86,68.28],[-87.79,68.48],[-87.88,68.68],[-88.1,68.85],[-88.58,69.1],[-88.91,69.23],[-89.14,69.23],[-89.44,69.05],[-89.74,68.53],[-90,68.37],[-90,68.68],[-90,68.95],[-90,69.16],[-90,69.23],[-90,69.33],[-90,69.49],[-91.17,69.65],[-91.44,69.65],[-91.62,69.59],[-91.98,69.61],[-92.46,69.71],[-92.67,69.74],[-92.48,69.99],[-92.27,70.12],[-91.83,70.13],[-91.66,70.29],[-92.17,70.51],[-92.53,70.73],[-93.1,70.97],[-92.99,71.24],[-93.08,71.41],[-93.27,71.56],[-93.84,71.76],[-94.17,71.85],[-94.42,71.88],[-95.25,71.87],[-95.41,71.86],[-95.66,71.71],[-95.76,71.69],[-95.67,71.57],[-95.35,71.41],[-95.43,71.25],[-95.49,71.24],[-95.96,71.35],[-96.13,71.34],[-96.4,71.2],[-96.66,70.93],[-96.7,70.84],[-96.17,70.67],[-95.95,70.57],[-96.33,70.36],[-96.47,70.3],[-96.46,70.15],[-96.42,70.09],[-96.13,69.94],[-95.7,69.84],[-95.31,69.74],[-94.75,69.66],[-94.42,69.69],[-94.04,69.55],[-93.73,69.5],[-93.33,69.48],[-92.99,69.51],[-92.96,69.08],[-92.99,68.96],[-93.19,69.04],[-93.53,69.22],[-93.78,69.22],[-93.98,69.14],[-94.34,69.11],[-94.58,68.88],[-94.14,68.84],[-93.77,68.92],[-93.64,68.92],[-93.47,68.77],[-93.4,68.6],[-93.41,68.54],[-93.65,68.47],[-93.86,68.47],[-94.08,68.45],[-94.64,68.07],[-95,68.05],[-95.32,68.06],[-95.44,67.94],[-95.5,67.72],[-95.29,67.28],[-95.26,67.03],[-95.69,67.17],[-96.04,67.21],[-96.12,67.24],[-96.26,67.32],[-96.34,67.54],[-96.21,67.93],[-96.17,67.99],[-96.21,68.07],[-96.43,68.16],[-96.82,68.18],[-97.21,68.27],[-97.57,68.37],[-97.83,68.4],[-98.37,68.36],[-98.41,68.16],[-97.79,68.13],[-97.46,68.07],[-97.16,67.97],[-97.15,67.74],[-97.26,67.6],[-97.5,67.59],[-97.92,67.72],[-98.35,67.94],[-98.89,67.82],[-99.37,67.79],[-100.21,67.81],[-101,67.8],[-101.4,67.71],[-101.91,67.71],[-102.22,67.74],[-102.76,67.8],[-103.2,67.9],[-103.31,67.93],[-103.58,68.12],[-104.02,68.07],[-104.45,68.1],[-105.14,68.23],[-105.64,68.35],[-105.91,68.34],[-106.12,68.24],[-106.21,68.11],[-106.63,68.04],[-107.5,67.98],[-107.66,67.96],[-107.72,67.63],[-107.65,67.43],[-107.59,67.34],[-107.16,67.04],[-107.13,66.96],[-107.41,66.9],[-107.61,66.88],[-107.6,66.74],[-107.53,66.56],[-108.35,67],[-108.49,67.07],[-108.33,67.18],[-108.1,67.22],[-108.1,67.36],[-108.65,67.56],[-108.84,67.61],[-109.49,67.69],[-110.13,67.91],[-110.53,67.92],[-110.95,67.87],[-111.36,67.82],[-111.78,67.75],[-112.11,67.72],[-112.5,67.69],[-113.29,67.7],[-114.07,67.73],[-115.56,67.9],[-115.4,68.22],[-115.02,68.28],[-114.77,68.3],[-114.34,68.29],[-114.11,68.35],[-114.19,68.5],[-114.39,68.61],[-114.83,68.77],[-115.29,68.89],[-115.69,68.94],[-116.32,68.9],[-116.81,68.91],[-117.33,68.98],[-117.83,69.01],[-118.54,69.13],[-118.82,69.16],[-119.28,69.26],[-120.22,69.42],[-120.85,69.57],[-121.64,69.76],[-122.33,69.88],[-122.84,69.89],[-123.05,69.86],[-123.08,69.84],[-107.51,58.9]]],[[[-71.26,63.57],[-71.54,63.36],[-71.69,63.33],[-71.62,63.21],[-71.32,63.06],[-70.78,62.96],[-70.67,62.86],[-70.65,62.93],[-70.36,62.86],[-70.08,62.77],[-69.56,62.71],[-69.16,62.42],[-68.66,62.31],[-68.01,62.26],[-67.45,62.13],[-66.77,61.94],[-65.94,61.79],[-66.13,62.1],[-66.33,62.32],[-66.68,62.57],[-67.26,62.86],[-68.09,63.15],[-68.48,63.34],[-68.84,63.65],[-68.88,63.75],[-68.49,63.74],[-68.23,63.67],[-67.68,63.45],[-67.77,63.8],[-67.29,63.5],[-67.14,63.38],[-66.5,63.08],[-66.09,62.99],[-65.76,63.02],[-65.7,63.01],[-65.3,62.7],[-65.02,62.55],[-64.77,62.48],[-64.94,62.71],[-65.13,62.9],[-65.16,62.99],[-64.74,62.93],[-64.73,63.07],[-65.21,63.64],[-65.26,63.76],[-65.25,63.87],[-65,63.76],[-64.42,63.25],[-64.36,63.44],[-64.47,63.74],[-64.62,63.85],[-65.05,64.05],[-65.31,64.18],[-65.42,64.27],[-65.33,64.36],[-65.04,64.41],[-65.66,64.59],[-65.93,64.71],[-66.19,64.89],[-66.32,64.91],[-66.6,64.77],[-66.83,64.96],[-67.1,65.32],[-67.33,65.58],[-67.59,65.62],[-67.87,65.63],[-68.25,66.06],[-68.38,66.28],[-68.09,66.19],[-67.78,66.03],[-67.61,65.91],[-67.31,65.93],[-67.16,65.99],[-67.63,66.29],[-67.76,66.37],[-67.75,66.48],[-67.46,66.51],[-67.26,66.62],[-66.91,66.59],[-66.57,66.46],[-66.04,66.19],[-65.72,66.05],[-65.27,66.02],[-65.17,66.01],[-65.03,65.95],[-65.16,65.78],[-65.18,65.65],[-64.84,65.38],[-64.43,65.5],[-64.28,65.38],[-64.28,65.27],[-64.18,65.19],[-63.85,65.11],[-63.54,65],[-63.35,65.02],[-63.51,65.43],[-63.38,65.93],[-63.01,65.66],[-62.84,65.61],[-62.7,65.75],[-62.54,65.85],[-62.07,65.94],[-62.09,66.06],[-62.22,66.13],[-62.66,66.34],[-62.3,66.43],[-62.19,66.41],[-61.86,66.32],[-61.49,66.34],[-61.45,66.49],[-61.33,66.53],[-61.21,66.64],[-61.3,66.68],[-61.79,66.86],[-62.1,67.02],[-62.52,66.85],[-62.75,66.85],[-63.16,66.93],[-62.99,67.18],[-63.39,67.2],[-63.62,67.14],[-64.26,67.12],[-64.61,67.12],[-64.6,67.32],[-64.24,67.37],[-63.93,67.41],[-64.1,67.57],[-64.49,67.78],[-64.83,67.95],[-65.1,67.97],[-65.4,67.9],[-65.53,67.87],[-66.17,68],[-66.41,68.02],[-66.74,67.93],[-66.9,68.1],[-66.92,68.23],[-67.03,68.31],[-67.62,68.46],[-68.22,68.63],[-68.47,68.64],[-68.67,68.72],[-68.78,68.84],[-68.08,68.9],[-67.98,68.99],[-68.53,69.25],[-68.39,69.33],[-68.02,69.3],[-67.63,69.21],[-67.17,69.17],[-66.83,69.17],[-66.67,69.19],[-66.77,69.32],[-67.02,69.42],[-67.44,69.5],[-68.04,69.53],[-68.21,69.59],[-68.23,69.71],[-68.04,69.77],[-67.5,69.8],[-67.04,69.8],[-67.33,70.03],[-67.58,70.19],[-67.8,70.27],[-68.02,70.3],[-68.18,70.25],[-68.37,70.12],[-68.92,70.07],[-69.26,69.99],[-69.46,69.96],[-69.7,70.07],[-69.59,70.2],[-68.75,70.39],[-68.54,70.49],[-68.47,70.56],[-68.72,70.68],[-69.09,70.78],[-69.68,70.74],[-70.06,70.65],[-70.29,70.62],[-70.65,70.76],[-70.67,71.08],[-71.15,71.03],[-71.36,70.96],[-71.88,70.93],[-71.56,71.16],[-71.28,71.32],[-71.25,71.35],[-71.66,71.51],[-72.53,71.63],[-73.12,71.27],[-73.28,71.16],[-73.51,71.35],[-73.67,71.56],[-73.89,71.66],[-74.11,71.69],[-74.41,71.61],[-74.81,71.42],[-75,71.45],[-75.2,71.57],[-75.14,71.67],[-74.77,71.79],[-74.55,71.91],[-74.31,71.95],[-74.31,72.04],[-74.64,72.2],[-74.9,72.28],[-75.18,72.43],[-75.32,72.55],[-75.63,72.61],[-76.15,72.57],[-76.68,72.63],[-77.12,72.71],[-77.46,72.73],[-77.9,72.7],[-78.36,72.58],[-78.57,72.37],[-78.67,72.31],[-78.57,71.93],[-78.66,71.87],[-79.06,71.96],[-79.13,72.17],[-79.13,72.29],[-79.33,72.37],[-79.69,72.38],[-79.95,72.34],[-80.08,72.14],[-80.57,72],[-80.86,72.01],[-81.03,72.05],[-81.04,72.38],[-80.72,72.66],[-80.46,72.97],[-80.49,73.04],[-81.18,73.47],[-81.53,73.69],[-81.91,73.75],[-82.2,73.78],[-82.7,73.78],[-83.46,73.64],[-83.93,73.58],[-84.51,73.49],[-84.86,73.35],[-84.31,73.2],[-83.88,73.07],[-84.56,73.05],[-85.11,73.08],[-85.51,72.94],[-85.53,72.7],[-85.5,72.61],[-85.15,72.48],[-84.83,72.47],[-84.29,72.26],[-84.67,72.22],[-85.12,72.28],[-85.33,72.19],[-85.56,72.08],[-85.6,72.01],[-85.2,71.77],[-85.01,71.71],[-84.69,71.66],[-84.53,71.54],[-84.49,71.35],[-84.78,71.06],[-85.46,71.11],[-85.89,71.12],[-85.86,71.26],[-85.29,71.41],[-85.24,71.46],[-85.94,71.74],[-86.33,71.99],[-86.45,72.13],[-86.41,72.32],[-86.21,72.45],[-86.78,72.69],[-86.86,72.86],[-86.66,73.1],[-86.03,73.38],[-85.67,73.6],[-85.25,73.78],[-85.64,73.86],[-86.25,73.88],[-86.89,73.83],[-87.21,73.79],[-87.43,73.73],[-87.74,73.73],[-87.91,73.65],[-88.1,73.64],[-88.43,73.47],[-88.85,73.32],[-89.1,73.2],[-89.64,72.78],[-89.84,72.43],[-89.82,72.35],[-89.33,72.17],[-89.37,72.07],[-89.66,72.04],[-89.81,71.98],[-89.95,71.73],[-90,71.54],[-89.44,71.44],[-89.19,71.43],[-88.85,71.45],[-88.36,71.4],[-87.95,71.35],[-87.59,71.23],[-87.17,71.02],[-87.31,70.93],[-87.7,70.92],[-88.25,70.97],[-88.76,71],[-89.15,70.97],[-89.21,70.84],[-89.02,70.68],[-88.43,70.46],[-87.95,70.38],[-87.4,70.36],[-87.12,70.4],[-86.94,70.56],[-86.54,70.53],[-86.37,70.46],[-86.37,70.2],[-85.98,70.11],[-85.47,70.1],[-84.87,70.11],[-83.98,70.04],[-83.31,69.96],[-82.93,70.01],[-82.61,69.96],[-82.27,69.86],[-81.99,69.93],[-81.81,69.98],[-81.6,69.96],[-80.83,69.71],[-80.95,69.91],[-81.14,70.01],[-81.16,70.11],[-81.01,70.18],[-80.71,70.15],[-80.19,70.03],[-79.83,69.92],[-79.49,69.9],[-79.24,69.88],[-78.94,69.91],[-78.71,70.01],[-78.74,70.15],[-78.94,70.27],[-80.22,70.59],[-80.42,70.61],[-80.66,70.75],[-80.49,70.81],[-80.27,70.78],[-79.74,70.67],[-79.38,70.59],[-79.1,70.66],[-78.93,70.6],[-78.62,70.45],[-78.21,70.31],[-78,70.29],[-77.7,70.14],[-77.62,69.89],[-77.37,69.81],[-76.97,69.8],[-76.27,69.5],[-75.55,69.22],[-75.62,69.1],[-76.18,69.06],[-76.64,69.03],[-76.55,68.73],[-75.98,68.81],[-75.7,68.82],[-75.57,68.87],[-75.2,68.86],[-74.95,68.95],[-74.75,69.04],[-74.52,68.87],[-74.41,68.66],[-73.94,68.44],[-73.37,68.3],[-73.18,68.3],[-72.94,68.13],[-72.76,67.91],[-72.35,67.53],[-72.3,67.26],[-72.53,67.09],[-72.87,66.89],[-73.04,66.64],[-73.67,66.38],[-73.99,66.27],[-74.26,66.24],[-74.33,66.16],[-74.28,66.06],[-73.93,65.9],[-73.42,65.53],[-73.49,65.41],[-73.85,65.42],[-74.08,65.45],[-74.37,65.4],[-74.66,65.32],[-75.1,65.28],[-75.37,65.26],[-75.4,65.18],[-75.33,65.09],[-75.36,64.92],[-75.79,65.2],[-76.02,65.26],[-76.66,65.34],[-77.27,65.39],[-77.36,65.38],[-77.3,65.14],[-77.39,65.06],[-77.87,64.99],[-78.04,64.83],[-78.13,64.65],[-78.1,64.51],[-77.74,64.39],[-77.13,64.31],[-76.53,64.23],[-75.94,64.27],[-75.74,64.4],[-75.59,64.53],[-75.45,64.55],[-74.69,64.4],[-74.5,64.39],[-74.43,64.44],[-74.56,64.78],[-74.26,64.77],[-73.67,64.6],[-73.16,64.57],[-73.15,64.34],[-72.73,64.01],[-72.39,63.86],[-71.88,63.8],[-71.26,63.57]]]]},"properties":{"NAME":"T'atsaot'ine","SUBJECTO":"T'atsaot'ine","BORDERPRECISION":3}},
{"type":"Feature","geometry":{"type":"Polygon","coordinates":[[[-98.49,52.35],[-92.14,52.53],[-81.99,52.8],[-82.07,52.86],[-82.34,52.98],[-82.35,53.07],[-82.21,53.34],[-82.16,53.8],[-82.19,53.99],[-82.33,54.14],[-82.4,54.27],[-82.34,54.65],[-82.2,54.97],[-82.38,55.06],[-83.02,55.15],[-83.58,55.22],[-83.95,55.19],[-84.15,55.21],[-84.47,55.17],[-84.72,55.21],[-85.16,55.33],[-85.6,55.51],[-85.89,55.61],[-87.47,55.91],[-87.91,56.33],[-88.77,56.74],[-89.73,56.93],[-90,57.07],[-90,57.14],[-90,57.18],[-91.34,57.16],[-92.18,56.97],[-92.48,56.98],[-92.42,57.39],[-92.52,57.69],[-92.89,58.21],[-93.07,58.55],[-93.24,58.68],[-93.36,58.7],[-93.89,58.66],[-94.19,58.67],[-94.3,58.71],[-94.41,58.71],[-94.68,58.88],[-94.75,59.12],[-94.8,59.51],[-94.73,59.76],[-94.74,59.86],[-107.51,58.9],[-111.37,58.61],[-112.45,58.52],[-111.98,58.29],[-102.59,53.56],[-101.12,52.83],[-100.09,52.31],[-98.49,52.35]]]},"properties":{"NAME":"Cree","SUBJECTO":"Cree","BORDERPRECISION":3}},
{"type":"Feature","geometry":{"type":"Polygon","coordinates":[[[-61.41,57.05],[-61.48,57.1],[-61.82,57.19],[-62,57.29],[-62.19,57.44],[-62,57.51],[-61.83,57.55],[-61.89,57.73],[-62.01,57.84],[-62.35,57.9],[-62.49,57.96],[-62.58,58.04],[-62.74,58.39],[-63,58.37],[-63.04,58.53],[-62.89,58.66],[-63.01,58.81],[-63.48,59.16],[-63.74,59.52],[-64.1,59.74],[-64.37,60.01],[-64.67,60.18],[-64.9,59.88],[-64.99,59.82],[-65.43,59.78],[-65.55,59.71],[-65.56,59.58],[-65.26,59.35],[-65.51,59.18],[-65.72,59.06],[-65.86,58.8],[-65.91,58.45],[-65.93,58.42],[-66.24,58.75],[-66.33,58.8],[-66.47,58.81],[-66.62,58.56],[-66.82,58.39],[-67.11,58.3],[-67.63,58.27],[-67.77,58.25],[-68,58.17],[-68.13,58.31],[-68.09,58.36],[-68.09,58.48],[-68.26,58.64],[-68.57,58.78],[-68.7,58.79],[-69.05,58.77],[-69.21,58.75],[-69.73,58.56],[-69.89,58.68],[-69.83,58.99],[-69.68,58.98],[-69.48,58.97],[-69.36,59.05],[-69.34,59.21],[-69.45,59.4],[-69.51,59.72],[-69.7,60.32],[-69.65,60.52],[-69.39,60.67],[-69.38,60.86],[-69.54,60.99],[-69.7,60.9],[-70.03,60.88],[-70.91,61.04],[-71.67,61.27],[-71.86,61.37],[-71.72,61.55],[-72.08,61.74],[-72.49,61.91],[-72.83,62.12],[-72.95,62.17],[-73.39,62.35],[-73.66,62.39],[-73.74,62.36],[-73.84,62.34],[-74.22,62.24],[-74.71,62.18],[-75.36,62.18],[-75.69,62.22],[-76.19,62.32],[-76.99,62.49],[-77.36,62.52],[-77.62,62.43],[-77.87,62.29],[-78,62.1],[-77.99,61.86],[-77.88,61.74],[-77.6,61.62],[-77.46,61.53],[-77.46,61.47],[-77.69,61.16],[-78.18,60.74],[-77.39,60.69],[-77.39,60.58],[-77.51,60.41],[-77.49,60.32],[-77.34,60.14],[-77.26,59.98],[-77.21,59.75],[-77.35,59.62],[-77.55,59.62],[-77.66,59.57],[-77.79,59.39],[-78.04,58.99],[-78.43,58.76],[-78.47,58.71],[-78.34,58.55],[-78.27,58.53],[-78.06,58.41],[-77.9,58.35],[-77.66,58.24],[-77.4,58.11],[-77.19,57.99],[-76.77,57.66],[-76.66,57.52],[-76.55,57.28],[-76.44,56.81],[-76.46,56.57],[-76.47,56.55],[-64.33,56.95],[-61.41,57.05]]]},"properties":{"NAME":"Naskapi Innu","SUBJECTO":"Naskapi Innu","BORDERPRECISION":3}},
{"type":"Feature","geometry":{"type":"MultiPolygon","coordinates":[[[[142.86,53.34],[142.67,53.54],[142.21,53.3],[141.94,53.29],[141.77,53.27],[141.69,53.17],[141.84,52.96],[141.81,52.63],[141.65,52.3],[141.6,52.22],[141.64,51.81],[142.02,51.43],[142.11,51.22],[142.15,50.89],[142.09,50.3],[142.08,49.71],[142.05,49.35],[141.92,48.94],[141.74,48.81],[141.77,48.7],[141.89,48.45],[141.98,48.28],[142.04,47.96],[141.81,47.68],[141.73,47.47],[141.91,47.07],[141.62,46.56],[141.71,46.14],[141.9,45.91],[142.19,46.32],[142.33,46.56],[142.51,46.7],[142.61,46.71],[143,46.58],[143.3,46.01],[143.44,46.57],[143.24,46.86],[142.99,46.95],[142.7,47.36],[142.61,47.46],[142.49,47.9],[142.53,48.16],[142.65,48.66],[142.85,49.13],[143.03,49.22],[143.15,49.26],[143.6,49.23],[143.97,49.06],[144.54,48.75],[144.04,49.51],[143.63,50.23],[143.34,50.89],[143.07,51.27],[142.94,51.62],[142.94,51.96],[143.03,52.31],[143.14,52.51],[143.14,52.86],[143.06,53.06],[142.86,53.34]]],[[[146.21,43.48],[146.21,43.49],[146.23,43.53],[146.22,43.53],[146.21,43.53],[146.17,43.53],[146.16,43.55],[146.15,43.55],[146.15,43.54],[146.08,43.52],[146.08,43.51],[146.12,43.46],[146.13,43.46],[146.14,43.46],[146.16,43.46],[146.17,43.47],[146.21,43.48]]],[[[146.87,43.87],[146.85,43.87],[146.84,43.87],[146.78,43.86],[146.61,43.81],[146.6,43.8],[146.6,43.79],[146.6,43.74],[146.6,43.73],[146.65,43.71],[146.66,43.7],[146.67,43.7],[146.68,43.71],[146.78,43.75],[146.8,43.76],[146.86,43.8],[146.9,43.84],[146.87,43.86],[146.87,43.87]]],[[[146.34,44.42],[146.33,44.43],[146.3,44.43],[146.27,44.45],[146.26,44.45],[146.24,44.47],[146.23,44.48],[146.2,44.5],[146.19,44.5],[146.19,44.51],[146.18,44.51],[146.17,44.51],[146.16,44.51],[146.15,44.51],[146.13,44.51],[146.1,44.49],[146.09,44.48],[146.08,44.47],[146.08,44.46],[146.05,44.41],[146.01,44.34],[145.97,44.29],[145.96,44.28],[145.95,44.27],[145.94,44.27],[145.93,44.27],[145.92,44.26],[145.91,44.26],[145.89,44.25],[145.88,44.24],[145.79,44.15],[145.76,44.12],[145.76,44.11],[145.75,44.09],[145.75,44.08],[145.76,44.07],[145.75,44.06],[145.74,44.05],[145.66,43.99],[145.64,43.98],[145.55,43.93],[145.49,43.9],[145.48,43.9],[145.41,43.84],[145.41,43.83],[145.43,43.74],[145.44,43.72],[145.54,43.65],[145.55,43.65],[145.56,43.66],[145.58,43.74],[145.57,43.77],[145.57,43.79],[145.58,43.82],[145.58,43.83],[145.59,43.85],[145.6,43.86],[145.66,43.9],[145.67,43.9],[145.69,43.9],[145.7,43.9],[145.71,43.9],[145.76,43.92],[145.77,43.92],[145.78,43.93],[145.79,43.94],[145.79,43.95],[145.8,43.98],[145.81,43.99],[145.82,44],[145.83,44.02],[145.93,44.12],[145.94,44.13],[146.09,44.24],[146.1,44.24],[146.12,44.25],[146.14,44.26],[146.16,44.26],[146.18,44.27],[146.2,44.27],[146.33,44.29],[146.51,44.36],[146.53,44.38],[146.54,44.38],[146.55,44.4],[146.57,44.44],[146.54,44.44],[146.52,44.43],[146.49,44.43],[146.47,44.42],[146.36,44.42],[146.34,44.42]]],[[[148.56,45.31],[148.58,45.32],[148.59,45.32],[148.62,45.32],[148.66,45.32],[148.67,45.31],[148.68,45.31],[148.71,45.31],[148.72,45.31],[148.76,45.31],[148.78,45.31],[148.78,45.32],[148.83,45.33],[148.83,45.34],[148.84,45.35],[148.85,45.37],[148.86,45.47],[148.85,45.48],[148.84,45.49],[148.8,45.51],[148.79,45.52],[148.77,45.52],[148.76,45.52],[148.72,45.52],[148.7,45.52],[148.56,45.46],[148.54,45.45],[148.46,45.39],[148.4,45.34],[148.38,45.32],[148.37,45.3],[148.35,45.29],[148.34,45.28],[148.32,45.27],[148.31,45.27],[148.08,45.25],[148.07,45.25],[148.05,45.25],[148.03,45.26],[148.01,45.27],[148,45.27],[148,45.28],[148,45.31],[148,45.33],[148,45.34],[147.96,45.42],[147.95,45.42],[147.94,45.42],[147.93,45.42],[147.9,45.4],[147.88,45.39],[147.87,45.37],[147.86,45.36],[147.86,45.34],[147.87,45.29],[147.89,45.24],[147.89,45.23],[147.89,45.22],[147.88,45.21],[147.86,45.21],[147.84,45.21],[147.78,45.2],[147.76,45.19],[147.75,45.18],[147.71,45.15],[147.7,45.14],[147.69,45.12],[147.68,45.11],[147.67,45.09],[147.66,45.08],[147.62,45.06],[147.61,45.06],[147.6,45.06],[147.59,45.06],[147.5,45.04],[147.49,44.99],[147.49,44.98],[147.48,44.97],[147.39,44.92],[147.31,44.88],[147.23,44.84],[147.11,44.79],[147.14,44.73],[147.15,44.73],[147.16,44.72],[147.16,44.71],[147.16,44.7],[147.16,44.69],[147.15,44.67],[147.14,44.66],[147.11,44.63],[147.1,44.62],[147.01,44.57],[146.94,44.55],[146.85,44.48],[146.84,44.46],[146.83,44.44],[146.84,44.42],[146.85,44.41],[146.87,44.4],[146.88,44.4],[146.91,44.4],[146.93,44.4],[146.95,44.41],[146.96,44.41],[146.96,44.42],[146.97,44.43],[146.98,44.45],[146.99,44.47],[147,44.49],[147.02,44.51],[147.04,44.52],[147.08,44.53],[147.09,44.53],[147.11,44.53],[147.14,44.53],[147.17,44.54],[147.18,44.54],[147.2,44.54],[147.21,44.55],[147.23,44.56],[147.24,44.58],[147.25,44.61],[147.28,44.65],[147.29,44.67],[147.34,44.7],[147.47,44.77],[147.48,44.78],[147.5,44.78],[147.51,44.78],[147.52,44.79],[147.53,44.79],[147.54,44.8],[147.55,44.81],[147.62,44.9],[147.61,44.9],[147.61,44.91],[147.59,44.91],[147.59,44.92],[147.59,44.93],[147.59,44.94],[147.6,44.96],[147.62,44.97],[147.63,44.97],[147.64,44.97],[147.66,44.97],[147.68,44.97],[147.7,44.97],[147.71,44.97],[147.72,44.96],[147.73,44.95],[147.74,44.94],[147.75,44.94],[147.76,44.94],[147.85,44.97],[147.87,44.97],[147.88,44.97],[147.92,44.99],[147.94,45],[147.95,45],[147.96,45.01],[147.98,45.03],[147.98,45.04],[147.99,45.05],[147.99,45.06],[148,45.06],[148.03,45.08],[148.04,45.09],[148.05,45.1],[148.22,45.19],[148.24,45.2],[148.27,45.21],[148.29,45.22],[148.33,45.23],[148.34,45.23],[148.37,45.23],[148.43,45.24],[148.45,45.25],[148.47,45.25],[148.48,45.26],[148.49,45.27],[148.52,45.29],[148.56,45.31]]],[[[149.67,45.63],[149.68,45.63],[149.69,45.64],[149.78,45.71],[149.81,45.73],[149.87,45.77],[149.88,45.78],[149.98,45.83],[149.99,45.83],[150.02,45.83],[150.03,45.83],[150.07,45.85],[150.16,45.9],[150.19,45.93],[150.2,45.93],[150.2,45.95],[150.2,45.96],[150.21,45.98],[150.22,46],[150.23,46.01],[150.24,46.02],[150.25,46.02],[150.31,46.05],[150.43,46.12],[150.47,46.16],[150.5,46.19],[150.44,46.21],[150.35,46.21],[150.34,46.21],[150.07,46.08],[150.04,46.06],[149.97,46.03],[149.96,46.02],[149.93,46.01],[149.89,45.97],[149.86,45.92],[149.68,45.86],[149.67,45.85],[149.66,45.84],[149.62,45.79],[149.55,45.7],[149.48,45.61],[149.47,45.6],[149.46,45.6],[149.45,45.6],[149.44,45.59],[149.44,45.58],[149.52,45.58],[149.53,45.58],[149.54,45.59],[149.67,45.63]]],[[[150.87,46.44],[150.88,46.45],[150.87,46.45],[150.85,46.47],[150.84,46.47],[150.83,46.47],[150.82,46.47],[150.8,46.45],[150.8,46.44],[150.81,46.44],[150.87,46.44]]],[[[150.77,46.71],[150.77,46.72],[150.76,46.73],[150.75,46.73],[150.74,46.73],[150.73,46.72],[150.74,46.71],[150.75,46.7],[150.76,46.7],[150.77,46.71]]],[[[152.43,47.38],[152.42,47.38],[152.41,47.37],[152.4,47.36],[152.39,47.35],[152.39,47.34],[152.39,47.33],[152.39,47.32],[152.4,47.32],[152.42,47.3],[152.51,47.3],[152.52,47.31],[152.53,47.32],[152.54,47.33],[152.54,47.34],[152.53,47.35],[152.51,47.37],[152.5,47.38],[152.49,47.38],[152.45,47.38],[152.44,47.38],[152.43,47.38]]],[[[153.07,47.81],[153.06,47.81],[153.05,47.81],[153.03,47.8],[153.01,47.78],[153.01,47.77],[152.98,47.72],[152.99,47.71],[152.99,47.7],[153,47.69],[153.01,47.69],[153.02,47.69],[153.05,47.7],[153.07,47.71],[153.08,47.71],[153.1,47.75],[153.1,47.76],[153.1,47.77],[153.1,47.78],[153.09,47.79],[153.08,47.8],[153.07,47.81]]],[[[153.16,48.13],[153.15,48.11],[153.14,48.1],[153.14,48.09],[153.15,48.09],[153.21,48.05],[153.22,48.05],[153.24,48.05],[153.28,48.04],[153.29,48.05],[153.29,48.09],[153.28,48.1],[153.27,48.11],[153.24,48.13],[153.22,48.13],[153.21,48.14],[153.2,48.14],[153.18,48.14],[153.17,48.13],[153.16,48.13]]],[[[154.13,48.91],[154.12,48.9],[154.11,48.89],[153.99,48.78],[153.98,48.76],[153.97,48.75],[153.97,48.74],[153.98,48.73],[154,48.72],[154.01,48.72],[154.02,48.72],[154.03,48.73],[154.05,48.74],[154.06,48.74],[154.19,48.83],[154.22,48.87],[154.23,48.88],[154.23,48.9],[154.22,48.91],[154.21,48.91],[154.18,48.91],[154.16,48.91],[154.14,48.91],[154.13,48.91]]],[[[154,48.96],[153.97,48.97],[153.92,48.98],[153.91,48.98],[153.9,48.97],[153.9,48.96],[153.9,48.95],[153.9,48.94],[153.92,48.93],[153.93,48.92],[153.94,48.92],[153.98,48.93],[154,48.93],[154.01,48.94],[154.01,48.95],[154.01,48.96],[154,48.96]]],[[[154.6,49.11],[154.6,49.12],[154.6,49.13],[154.59,49.14],[154.58,49.15],[154.56,49.15],[154.5,49.17],[154.49,49.17],[154.47,49.17],[154.46,49.17],[154.45,49.17],[154.44,49.16],[154.47,49.1],[154.48,49.08],[154.49,49.08],[154.5,49.07],[154.51,49.07],[154.52,49.08],[154.58,49.1],[154.59,49.11],[154.6,49.11]]],[[[154.75,49.57],[154.7,49.48],[154.64,49.42],[154.61,49.38],[154.6,49.37],[154.6,49.35],[154.59,49.29],[154.63,49.28],[154.7,49.26],[154.71,49.26],[154.72,49.26],[154.79,49.29],[154.8,49.3],[154.81,49.3],[154.81,49.31],[154.83,49.35],[154.83,49.39],[154.82,49.39],[154.8,49.42],[154.79,49.42],[154.79,49.43],[154.79,49.44],[154.79,49.46],[154.82,49.51],[154.83,49.52],[154.84,49.52],[154.85,49.53],[154.87,49.54],[154.88,49.54],[154.88,49.55],[154.9,49.62],[154.9,49.63],[154.86,49.63],[154.81,49.64],[154.75,49.59],[154.74,49.59],[154.75,49.58],[154.75,49.57]]],[[[154.43,49.83],[154.41,49.83],[154.4,49.83],[154.37,49.82],[154.37,49.81],[154.35,49.77],[154.37,49.75],[154.38,49.74],[154.4,49.73],[154.41,49.73],[154.42,49.73],[154.43,49.74],[154.46,49.79],[154.46,49.81],[154.46,49.82],[154.44,49.83],[154.43,49.83]]],[[[152.23,47.1],[152.25,47.11],[152.27,47.12],[152.28,47.13],[152.29,47.14],[152.29,47.15],[152.27,47.16],[152.26,47.16],[152.24,47.15],[152.21,47.13],[152.23,47.17],[152.22,47.17],[152.2,47.16],[152.18,47.14],[152.12,47.09],[152.1,47.07],[152.05,47.02],[152.04,47.01],[152.02,46.99],[151.87,46.87],[151.86,46.86],[151.85,46.86],[151.84,46.86],[151.83,46.85],[151.76,46.86],[151.75,46.86],[151.73,46.86],[151.71,46.85],[151.7,46.84],[151.71,46.8],[151.72,46.79],[151.74,46.79],[151.76,46.77],[151.77,46.77],[151.78,46.77],[151.8,46.77],[151.82,46.78],[151.83,46.78],[152.01,46.89],[152.02,46.89],[152.02,46.91],[152.03,46.91],[152.03,46.92],[152.04,46.93],[152.09,46.98],[152.17,47.06],[152.23,47.1]]],[[[155.5,50.13],[155.52,50.14],[155.53,50.15],[155.6,50.18],[155.62,50.18],[155.69,50.18],[155.7,50.18],[155.73,50.18],[155.74,50.18],[155.76,50.18],[155.79,50.18],[155.8,50.19],[155.89,50.26],[156.15,50.52],[156.12,50.7],[156.12,50.72],[156.12,50.75],[156.11,50.75],[156.1,50.76],[156.08,50.77],[156.07,50.78],[156.05,50.77],[156.03,50.77],[156.02,50.77],[156.01,50.76],[155.98,50.75],[155.9,50.7],[155.89,50.69],[155.88,50.69],[155.86,50.66],[155.86,50.65],[155.86,50.64],[155.86,50.62],[155.86,50.6],[155.85,50.59],[155.77,50.46],[155.76,50.46],[155.75,50.45],[155.67,50.39],[155.66,50.39],[155.65,50.38],[155.64,50.38],[155.63,50.38],[155.55,50.37],[155.45,50.37],[155.44,50.37],[155.43,50.36],[155.39,50.35],[155.25,50.3],[155.22,50.23],[155.21,50.08],[155.21,50.07],[155.22,50.05],[155.23,50.05],[155.24,50.06],[155.26,50.06],[155.3,50.06],[155.32,50.06],[155.34,50.06],[155.36,50.05],[155.47,50.11],[155.48,50.12],[155.5,50.13]]],[[[156.16,50.73],[156.16,50.71],[156.17,50.69],[156.18,50.68],[156.19,50.67],[156.2,50.67],[156.29,50.65],[156.35,50.64],[156.4,50.63],[156.4,50.65],[156.41,50.66],[156.41,50.67],[156.43,50.69],[156.45,50.71],[156.49,50.75],[156.49,50.76],[156.5,50.83],[156.5,50.84],[156.49,50.84],[156.49,50.85],[156.47,50.87],[156.46,50.87],[156.45,50.87],[156.44,50.87],[156.36,50.86],[156.35,50.86],[156.34,50.85],[156.19,50.77],[156.18,50.75],[156.17,50.74],[156.16,50.73]]],[[[155.45,50.88],[155.45,50.87],[155.46,50.85],[155.47,50.84],[155.48,50.83],[155.5,50.82],[155.53,50.81],[155.55,50.81],[155.56,50.8],[155.59,50.8],[155.62,50.81],[155.64,50.81],[155.66,50.82],[155.66,50.83],[155.67,50.86],[155.67,50.87],[155.65,50.91],[155.64,50.92],[155.6,50.93],[155.58,50.93],[155.57,50.93],[155.51,50.93],[155.49,50.93],[155.48,50.93],[155.47,50.92],[155.45,50.9],[155.45,50.88]]]]},"properties":{"NAME":"Ainu","SUBJECTO":"Ainu","BORDERPRECISION":3}},
{"type":"Feature","geometry":{"type":"Polygon","coordinates":[[[80.08,7.74],[80.03,8.12],[80.11,8.33],[80.29,8.3],[80.42,8.43],[80.52,8.87],[80.73,8.79],[80.73,8.18],[81.14,8.18],[81.17,7.58],[81.4,7.28],[81.35,6.61],[81.06,6.47],[81.48,6.32],[81.6,6.45],[81.78,6.75],[81.87,7.08],[81.8,7.31],[81.45,7.93],[81.33,8.26],[81.06,8.41],[81.05,8.47],[81.09,8.63],[81.01,8.77],[80.77,9.12],[80.66,9.3],[80.35,9.47],[80.11,9.69],[80.18,9.45],[80.08,9.28],[80.05,9.11],[79.9,8.92],[79.71,8.93],[79.67,8.8],[79.81,8.65],[79.72,8.42],[79.83,8.1],[79.84,7.82],[79.98,7.91],[80.08,7.74]]]},"properties":{"NAME":"Ceylon","SUBJECTO":"Ceylon","BORDERPRECISION":3}},
{"type":"Feature","geometry":{"type":"Polygon","coordinates":[[[80.08,7.74],[80.79,6.57],[81.06,6.47],[81.35,6.61],[81.4,7.28],[81.17,7.58],[81.14,8.18],[80.73,8.18],[80.73,8.79],[80.52,8.87],[80.42,8.43],[80.29,8.3],[80.11,8.33],[80.03,8.12],[80.08,7.74]]]},"properties":{"NAME":"Kandy","SUBJECTO":"Kandy","BORDERPRECISION":3}},
{"type":"Feature","geometry":{"type":"Polygon","coordinates":[[[79.84,7.82],[79.84,7.7],[79.84,7.35],[79.85,7.06],[80.02,6.5],[80.13,6.22],[80.22,6.06],[80.34,5.97],[80.56,5.93],[80.85,5.95],[81.2,6.08],[81.43,6.27],[81.48,6.32],[81.06,6.47],[80.79,6.57],[80.08,7.74],[79.98,7.91],[79.84,7.82]]]},"properties":{"NAME":"Ceylon (Dutch)","SUBJECTO":"Netherlands","BORDERPRECISION":3}},
{"type":"Feature","geometry":{"type":"Polygon","coordinates":[[[-45.37,-1.76],[-45.49,-1.49],[-45.64,-1.36],[-46.12,-1.16],[-46.49,-1.03],[-46.63,-1.05],[-46.93,-0.93],[-47.24,-0.68],[-47.32,-0.68],[-47.47,-0.77],[-47.93,-0.77],[-48.04,-0.82],[-48.17,-0.99],[-48.39,-1.41],[-48.53,-1.59],[-48.66,-1.66],[-49.22,-2.11],[-49.42,-2.36],[-49.42,-2.1],[-49.29,-1.79],[-49.62,-1.92],[-49.88,-1.95],[-49.89,-1.95],[-50.4,-1.96],[-50.53,-1.93],[-50.64,-1.88],[-50.84,-1.51],[-50.98,-1.11],[-51.03,-1.13],[-51.57,-1.45],[-51.79,-1.54],[-52.02,-1.57],[-52.14,-1.52],[-51.96,-1.31],[-51.77,-0.86],[-51.53,-0.43],[-51.17,-0.08],[-51.06,-0.02],[-50.88,0.09],[-50.65,0.27],[-50.54,0.42],[-50.12,1.05],[-49.88,1.21],[-49.86,1.33],[-49.88,1.58],[-49.97,1.73],[-50.41,1.82],[-50.55,1.97],[-52.68,-0.03],[-58.42,-2.31],[-59.3,-2.65],[-59.67,-3.28],[-58.92,-3.65],[-57.35,-3.35],[-53.05,-2.53],[-50.1,-3.19],[-48.74,-3.42],[-47.15,-2.97],[-46.36,-3.19],[-45.37,-1.76]]]},"properties":{"NAME":"Dutch Brazil","SUBJECTO":"Netherlands","BORDERPRECISION":3}},
{"type":"Feature","geometry":{"type":"MultiPolygon","coordinates":[[[[-72.56,42.45],[-72.28,43.38],[-72.98,43.7],[-73.36,43.73],[-73.66,43.27],[-73.7,43.25],[-74.47,40.91],[-74.29,40.63],[-74.11,40.76],[-74.07,40.73],[-73.89,41.17],[-73.86,41.19],[-73.87,41.14],[-74.01,40.8],[-73.99,40.78],[-73.93,40.86],[-73.78,40.88],[-73.74,40.98],[-73.39,41.14],[-72.56,42.45]]],[[[-72.29,41.12],[-72.28,41.12],[-72.26,41.13],[-72.25,41.13],[-72.24,41.15],[-72.24,41.16],[-72.25,41.16],[-72.29,41.16],[-72.35,41.14],[-72.45,41.09],[-72.53,41.05],[-72.58,41.02],[-72.61,40.99],[-72.62,40.99],[-72.63,40.98],[-72.65,40.98],[-72.75,40.96],[-72.77,40.96],[-72.78,40.97],[-72.89,40.97],[-73.04,40.97],[-73.15,40.96],[-73.14,40.95],[-73.15,40.94],[-73.16,40.93],[-73.19,40.92],[-73.21,40.91],[-73.23,40.91],[-73.35,40.93],[-73.49,40.93],[-73.59,40.92],[-73.61,40.91],[-73.62,40.91],[-73.73,40.85],[-73.84,40.8],[-73.91,40.79],[-73.92,40.79],[-73.94,40.77],[-73.97,40.72],[-73.98,40.71],[-74,40.7],[-74,40.69],[-74.01,40.68],[-74.03,40.66],[-74.03,40.65],[-74.04,40.64],[-74.03,40.63],[-74.01,40.58],[-74,40.58],[-73.95,40.58],[-73.94,40.59],[-73.89,40.6],[-73.88,40.6],[-73.87,40.61],[-73.88,40.61],[-73.89,40.62],[-73.9,40.64],[-73.87,40.65],[-73.85,40.66],[-73.84,40.66],[-73.83,40.66],[-73.81,40.66],[-73.77,40.64],[-73.77,40.63],[-73.77,40.62],[-73.77,40.61],[-73.79,40.61],[-73.83,40.6],[-73.86,40.58],[-73.93,40.57],[-73.93,40.56],[-73.91,40.56],[-73.85,40.58],[-73.8,40.59],[-73.65,40.59],[-73.62,40.59],[-73.58,40.6],[-73.59,40.6],[-73.59,40.61],[-73.65,40.62],[-73.56,40.65],[-73.44,40.67],[-73.14,40.72],[-73.1,40.73],[-73.02,40.75],[-73,40.75],[-72.89,40.77],[-72.87,40.76],[-72.82,40.77],[-72.7,40.79],[-72.67,40.79],[-72.54,40.83],[-72.45,40.86],[-72.35,40.89],[-72.08,40.98],[-71.86,41.06],[-71.86,41.07],[-71.87,41.08],[-71.92,41.08],[-72,41.05],[-72.01,41.04],[-72.02,41.03],[-72.03,41.03],[-72.05,41.02],[-72.1,41],[-72.11,41],[-72.11,41.01],[-72.14,41.04],[-72.26,41.02],[-72.35,41],[-72.4,40.96],[-72.43,40.93],[-72.43,40.92],[-72.44,40.92],[-72.48,40.9],[-72.5,40.9],[-72.58,40.91],[-72.61,40.91],[-72.62,40.91],[-72.62,40.92],[-72.39,41.08],[-72.29,41.12]]],[[[-74.23,40.54],[-74.24,40.52],[-74.24,40.51],[-74.23,40.51],[-74.22,40.51],[-74.21,40.51],[-74.15,40.54],[-74.12,40.55],[-74.11,40.56],[-74.06,40.6],[-74.05,40.6],[-74.05,40.62],[-74.06,40.62],[-74.06,40.64],[-74.07,40.65],[-74.08,40.65],[-74.17,40.64],[-74.18,40.64],[-74.18,40.63],[-74.23,40.54]]]]},"properties":{"NAME":"New Amsterdam","SUBJECTO":"Netherlands","BORDERPRECISION":3}},
{"type":"Feature","geometry":{"type":"Polygon","coordinates":[[[-91.63,31.94],[-91.85,31.84],[-92.29,31.79],[-92.7,31.61],[-92.74,31.25],[-92.47,30.85],[-92.46,30.58],[-91.95,30.58],[-91.58,30.73],[-91.54,30.8],[-91.45,30.97],[-91.25,31.18],[-90.72,31.22],[-90.26,31.32],[-90.17,31.53],[-90.23,32.02],[-90.41,32.05],[-91.22,31.98],[-91.63,31.94]]]},"properties":{"NAME":"Natchez","SUBJECTO":"Natchez","BORDERPRECISION":3}},
{"type":"Feature","geometry":{"type":"Polygon","coordinates":[[[-91.54,30.8],[-91.06,30.76],[-90.37,30.76],[-90.2,31.08],[-90.26,31.32],[-90.72,31.22],[-91.25,31.18],[-91.45,30.97],[-91.54,30.8]]]},"properties":{"NAME":"Houma","SUBJECTO":"Houma","BORDERPRECISION":3}},
{"type":"Feature","geometry":{"type":"Polygon","coordinates":[[[-77.13,35.32],[-77.42,35.19],[-77.47,35.2],[-77.45,35.07],[-77.2,34.68],[-76.62,34.76],[-76.5,34.8],[-76.5,34.83],[-76.31,34.98],[-76.33,35.01],[-76.43,35.03],[-76.44,35.11],[-76.49,35.02],[-76.62,35.03],[-76.76,34.96],[-76.95,35.03],[-77.06,35.21],[-77.12,35.32],[-77.13,35.32]]]},"properties":{"NAME":"Catawba","SUBJECTO":"Catawba","BORDERPRECISION":3}},
{"type":"Feature","geometry":{"type":"Polygon","coordinates":[[[6.84,46.31],[6.86,46.29],[6.86,46.27],[6.8,46.14],[6.9,46.13],[6.88,46.05],[6.94,46.01],[7.04,45.93],[7.05,45.92],[7.2,45.86],[7.56,45.99],[7.58,45.99],[7.81,45.94],[7.87,45.92],[8.15,46.15],[8.09,46.27],[8.24,46.36],[8.31,46.4],[8.27,46.42],[8.18,46.47],[8.18,46.43],[8.06,46.36],[8,46.32],[7.91,46.3],[7.75,46.32],[7.75,46.36],[7.71,46.36],[7.71,46.38],[7.69,46.43],[7.61,46.44],[7.53,46.41],[7.55,46.39],[7.5,46.37],[7.22,46.33],[7.03,46.18],[6.88,46.39],[6.87,46.39],[6.87,46.4],[6.86,46.4],[6.86,46.39],[6.81,46.39],[6.81,46.38],[6.78,46.36],[6.84,46.31]]]},"properties":{"NAME":"Republic of the Seven Zenden","SUBJECTO":"Republic of the Seven Zenden","BORDERPRECISION":3}},
{"type":"Feature","geometry":{"type":"Polygon","coordinates":[[[146.71,-43.72],[146.84,-43.69],[146.92,-43.57],[147.14,-43.26],[147.39,-43.08],[147.82,-42.97],[147.93,-42.82],[147.98,-42.48],[148.32,-41.81],[148.32,-41.5],[148.27,-41.14],[148.27,-41.09],[148.06,-40.92],[147.73,-41.03],[147.6,-41.16],[147.29,-41.15],[147.12,-41.18],[146.95,-41.23],[146.74,-41.29],[146.38,-41.31],[145.89,-41.14],[145.23,-40.98],[144.78,-40.84],[144.7,-40.86],[144.7,-41.16],[144.87,-41.59],[144.94,-41.71],[145.21,-42.03],[145.53,-42.35],[145.62,-42.52],[145.57,-42.58],[145.38,-42.51],[145.3,-42.46],[145.18,-42.48],[145.28,-42.67],[145.49,-42.92],[145.72,-43.24],[145.97,-43.41],[146.5,-43.62],[146.71,-43.72]]]},"properties":{"NAME":"Tasmanian hunter-gatherers","SUBJECTO":"Tasmanian hunter-gatherers","BORDERPRECISION":3}},
{"type":"Feature","geometry":{"type":"Polygon","coordinates":[[[-102.59,53.56],[-111.98,58.29],[-122.49,54.24],[-115.03,52.03],[-114.47,52],[-106.28,51.52],[-102.59,53.56]]]},"properties":{"NAME":"Subarctic forest hunter-gatherers","SUBJECTO":"Subarctic forest hunter-gatherers","BORDERPRECISION":3}},
{"type":"Feature","geometry":{"type":"Polygon","coordinates":[[[-127.87,52.41],[-122.49,54.24],[-111.98,58.29],[-112.45,58.52],[-111.37,58.61],[-118.2,62.71],[-124.94,64.83],[-132.3,62.54],[-133.48,62.93],[-129.76,69.66],[-129.94,69.64],[-130.46,69.47],[-130.9,69.3],[-131.67,69.28],[-132,69.09],[-132.17,68.98],[-132.71,68.87],[-132.79,68.71],[-132.69,68.46],[-133.34,68.8],[-133.72,68.92],[-133.41,69.14],[-132.62,69.25],[-132.3,69.49],[-131.75,69.61],[-131.19,69.69],[-130.7,69.85],[-130.21,69.92],[-130.05,69.97],[-129.85,70.15],[-130.24,70.21],[-130.71,70.21],[-131.06,70.16],[-131.24,70.07],[-131.45,69.97],[-131.78,69.93],[-132.17,69.89],[-132.51,69.86],[-132.8,69.76],[-133,69.76],[-133.14,69.67],[-133.65,69.51],[-133.99,69.51],[-134.78,69.57],[-134.84,69.53],[-135.1,69.5],[-135.44,69.53],[-136.04,69.34],[-136.01,69.15],[-135.86,69.08],[-135.7,68.99],[-135.5,68.72],[-135.61,68.7],[-135.8,68.77],[-136.2,68.88],[-136.93,68.95],[-137.26,68.96],[-137.73,69.02],[-138.28,69.14],[-138.3,69.14],[-157.18,64.01],[-160.93,63.95],[-160.89,63.86],[-160.97,63.64],[-161,63.63],[-153.17,59.74],[-153.15,59.74],[-152.9,59.9],[-152.82,60.13],[-152.88,60.28],[-152.74,60.34],[-152.56,60.38],[-152.19,60.66],[-151.73,60.78],[-151.34,60.95],[-151.08,61.15],[-150.88,61.19],[-150.78,61.29],[-150.31,61.31],[-149.87,61.14],[-149.32,60.93],[-149.42,60.86],[-149.91,60.91],[-150.44,60.91],[-150.83,60.8],[-151.16,60.66],[-151.23,60.47],[-151.42,60.25],[-151.78,59.99],[-151.78,59.96],[-148.76,60.68],[-148.73,60.73],[-148.55,60.84],[-148.47,60.87],[-148.49,61.06],[-148.19,61.1],[-147.94,61.21],[-147.64,61.05],[-147.45,60.99],[-147.27,60.94],[-147.07,60.91],[-145.51,62.58],[-138.61,61.53],[-134.8,60.55],[-134.31,61.43],[-133.46,61.54],[-128.7,60.74],[-130.08,57.57],[-128.43,55.67],[-129.97,53.91],[-129.43,53.52],[-129.06,53.74],[-128.81,53.76],[-128.83,53.53],[-128.89,53.42],[-128.43,52.94],[-128.08,52.94],[-128.06,52.5],[-127.87,52.41]]]},"properties":{"NAME":"Athabaskan","SUBJECTO":"Athabaskan","BORDERPRECISION":3}},
{"type":"Feature","geometry":{"type":"MultiPolygon","coordinates":[[[[-72.59,-41.62],[-72.63,-41.76],[-72.73,-41.91],[-72.61,-42],[-72.47,-42.03],[-72.41,-42.16],[-72.44,-42.3],[-72.69,-42.38],[-72.75,-42.45],[-72.72,-42.8],[-72.53,-43.06],[-72.83,-43.19],[-73,-43.33],[-72.97,-43.71],[-73.02,-43.91],[-73.08,-44.02],[-73.06,-44.19],[-72.76,-44.37],[-72.58,-44.44],[-72.56,-44.54],[-72.68,-44.75],[-72.95,-44.94],[-73.2,-45.05],[-73.31,-45.09],[-73.36,-45.21],[-73.33,-45.28],[-73.14,-45.34],[-73.05,-45.38],[-73.33,-45.47],[-73.37,-45.5],[-73.47,-45.67],[-73.5,-45.96],[-73.57,-46.26],[-73.97,-46.71],[-74,-46.49],[-73.98,-46.34],[-74.09,-46.3],[-74.17,-46.34],[-74.29,-46.51],[-74.38,-46.56],[-74.43,-46.53],[-74.48,-46.31],[-74.33,-46.18],[-74.04,-46.09],[-74.07,-45.94],[-74.19,-45.84],[-74.56,-45.87],[-74.68,-46.05],[-74.86,-46.23],[-74.98,-46.28],[-75.44,-46.52],[-75.5,-46.58],[-75.44,-46.63],[-75.02,-46.55],[-75.01,-46.77],[-74.86,-46.82],[-74.46,-46.8],[-74.3,-46.86],[-73.98,-47.03],[-73.98,-47.13],[-74.09,-47.3],[-74.33,-47.29],[-74.41,-47.38],[-74.38,-47.42],[-74.39,-47.53],[-74.55,-47.68],[-74.54,-47.79],[-74.3,-47.76],[-74.15,-47.84],[-73.76,-47.77],[-73.36,-47.97],[-73.36,-48.05],[-73.44,-48.16],[-73.76,-48.12],[-73.94,-48.01],[-74.21,-48.01],[-74.22,-48.11],[-74.13,-48.48],[-74.31,-48.75],[-74.27,-49.43],[-73.96,-49.24],[-73.9,-49.43],[-74.24,-49.63],[-74.19,-49.82],[-73.93,-49.99],[-74.19,-50.17],[-74.07,-50.47],[-73.93,-50.51],[-73.82,-50.46],[-73.53,-50.43],[-73.55,-50.54],[-73.73,-50.7],[-73.78,-50.84],[-73.89,-50.91],[-74.27,-50.99],[-74.21,-51.02],[-73.86,-51.21],[-73.7,-51.2],[-73.68,-51.23],[-73.64,-51.36],[-73.69,-51.44],[-73.88,-51.56],[-73.78,-51.61],[-73.59,-51.79],[-73.43,-51.73],[-73.26,-51.71],[-73.28,-51.79],[-73.41,-52.02],[-73.11,-52.1],[-72.81,-51.93],[-72.65,-52.13],[-72.45,-52.16],[-72.45,-52.25],[-72.57,-52.39],[-72.56,-52.57],[-72.21,-52.57],[-71.95,-52.57],[-71.68,-52.64],[-71.88,-52.7],[-72.23,-52.79],[-72.35,-52.78],[-72.78,-52.9],[-72.84,-52.99],[-72.75,-53.14],[-72.51,-53.06],[-72.05,-53.07],[-71.44,-52.83],[-71.32,-52.88],[-71.15,-52.96],[-71.16,-53.03],[-71.43,-53.21],[-71.57,-53.41],[-71.87,-53.7],[-71.44,-53.88],[-71.2,-53.83],[-71,-53.82],[-70.95,-53.75],[-70.88,-53.47],[-70.91,-53.23],[-70.85,-53.08],[-70.73,-52.8],[-70.57,-52.71],[-70.42,-52.67],[-69.9,-52.63],[-69.67,-52.54],[-69.48,-52.36],[-69.34,-52.29],[-69.24,-52.29],[-68.99,-52.43],[-68.59,-52.47],[-68.46,-52.42],[-68.41,-52.41],[-68.52,-52.25],[-68.83,-51.9],[-69.08,-51.5],[-69.11,-51.35],[-71.17,-51.56],[-71.49,-51.1],[-72.04,-48.77],[-72.19,-45.99],[-71.63,-43.2],[-70.58,-40.58],[-71.8,-40.55],[-71.82,-40.58],[-71.86,-40.75],[-71.8,-41.57],[-72.59,-41.62]]],[[[-65.26,-54.82],[-65.26,-54.72],[-65.32,-54.73],[-65.9,-54.71],[-66.12,-54.64],[-66.31,-54.64],[-66.42,-54.61],[-66.75,-54.44],[-66.98,-54.34],[-67.43,-54],[-67.84,-53.7],[-68.13,-53.38],[-68.28,-53.32],[-68.56,-53.35],[-68.62,-53.32],[-68.71,-53.23],[-68.46,-53.08],[-68.31,-52.94],[-68.33,-52.85],[-68.7,-52.72],[-69.22,-52.69],[-69.41,-52.57],[-69.8,-52.85],[-70.28,-53.09],[-70.35,-53.16],[-70.46,-53.37],[-70.33,-53.47],[-69.51,-53.34],[-69.44,-53.41],[-69.42,-53.54],[-70.15,-53.81],[-70.04,-53.99],[-69.89,-54.14],[-69.81,-54.13],[-69.73,-54.17],[-69.47,-54.22],[-69.34,-54.29],[-69.06,-54.6],[-69.37,-54.6],[-69.57,-54.46],[-70.21,-54.43],[-70.62,-54.5],[-70.57,-54.64],[-70.66,-54.78],[-70.72,-54.94],[-70.5,-54.92],[-70.08,-54.82],[-69.86,-54.77],[-69.67,-54.77],[-69.42,-54.88],[-69.21,-54.93],[-68.75,-54.89],[-68.38,-54.85],[-68.01,-54.86],[-67.49,-54.87],[-67.15,-54.91],[-66.62,-55.07],[-66.46,-55.07],[-66.11,-54.98],[-65.57,-54.94],[-65.35,-54.91],[-65.26,-54.82]]],[[[-73.46,-42.26],[-73.48,-42.11],[-73.64,-41.97],[-74,-42.02],[-74.17,-42.35],[-74.17,-42.53],[-74.13,-42.76],[-74.2,-43.06],[-74.3,-43.27],[-74.24,-43.37],[-74.14,-43.45],[-73.95,-43.46],[-73.77,-43.51],[-73.7,-43.39],[-73.61,-42.91],[-73.83,-42.56],[-73.76,-42.46],[-73.46,-42.26]]],[[[-72.84,-52.65],[-72.87,-52.28],[-72.96,-52.24],[-73.19,-52.33],[-73.56,-52.28],[-73.66,-52.44],[-73.63,-52.61],[-73.24,-52.57],[-73.28,-52.95],[-73.08,-53.03],[-72.96,-52.8],[-72.84,-52.65]]]]},"properties":{"NAME":"Patagonian shellfish and marine mammal hunters","SUBJECTO":"Patagonian shellfish and marine mammal hunters","BORDERPRECISION":3}},
{"type":"Feature","geometry":{"type":"Polygon","coordinates":[[[-67.37,-31.61],[-67.48,-31.66],[-67.65,-33.58],[-69.44,-37.16],[-71.52,-39.71],[-71.55,-39.76],[-71.67,-40.34],[-71.8,-40.55],[-70.58,-40.58],[-71.63,-43.2],[-72.19,-45.99],[-72.04,-48.77],[-71.49,-51.1],[-71.17,-51.56],[-69.11,-51.35],[-69.17,-51.15],[-69.14,-50.92],[-69.04,-50.56],[-68.9,-50.38],[-68.71,-50.29],[-68.27,-50.17],[-67.83,-49.97],[-67.73,-49.82],[-67.65,-49.62],[-67.7,-49.39],[-67.66,-49.18],[-67.58,-49.06],[-67.26,-48.74],[-66.56,-48.38],[-66.08,-48.14],[-65.99,-48.08],[-65.84,-47.87],[-65.78,-47.71],[-65.71,-47.35],[-65.78,-47.23],[-65.94,-47.19],[-66.38,-47.13],[-66.67,-47.02],[-67.11,-46.73],[-67.33,-46.53],[-67.47,-46.27],[-67.5,-46.1],[-67.47,-45.92],[-67.23,-45.55],[-66.97,-45.31],[-66.69,-45.13],[-66.41,-45.02],[-66.19,-44.98],[-65.66,-44.94],[-65.44,-44.89],[-65.63,-44.72],[-65.64,-44.63],[-65.27,-44.26],[-65.23,-44.14],[-65.31,-43.79],[-65.31,-43.6],[-65.05,-43.33],[-64.7,-43.2],[-64.31,-43.03],[-64.34,-43.01],[-64.54,-42.96],[-64.75,-42.91],[-65.02,-42.88],[-65.09,-42.78],[-64.99,-42.74],[-64.69,-42.65],[-64.22,-42.62],[-64.17,-42.65],[-64.12,-42.78],[-64,-42.85],[-63.8,-42.82],[-63.66,-42.78],[-63.6,-42.7],[-63.62,-42.57],[-63.73,-42.1],[-63.9,-42.12],[-64.29,-42.2],[-64.12,-42.38],[-64.29,-42.47],[-64.64,-42.44],[-64.99,-42.19],[-65.03,-42.02],[-64.92,-41.73],[-64.94,-41.55],[-65.13,-41.24],[-65.15,-40.98],[-65.05,-40.85],[-64.94,-40.83],[-64.28,-41.01],[-63.84,-41.16],[-63.48,-41.19],[-62.96,-41.14],[-62.73,-41.05],[-62.4,-40.92],[-62.35,-40.9],[-62.26,-40.8],[-62.29,-40.67],[-62.47,-40.37],[-62.43,-40.2],[-62.28,-39.97],[-62.11,-39.69],[-62.07,-39.56],[-62.21,-39.47],[-62.35,-39.33],[-62.37,-38.97],[-62.31,-38.88],[-61.89,-38.98],[-61.36,-39.03],[-60.94,-39.01],[-60.32,-38.96],[-59.52,-38.87],[-58.65,-38.69],[-58.18,-38.54],[-57.81,-38.39],[-57.64,-38.26],[-57.5,-37.93],[-57.17,-37.58],[-56.84,-37.16],[-56.7,-36.94],[-56.8,-36.54],[-56.85,-36.49],[-57.08,-36.42],[-57.29,-36.27],[-57.37,-36.15],[-57.42,-36],[-57.4,-35.82],[-57.24,-35.58],[-57.23,-35.44],[-57.35,-35.29],[-57.48,-35.21],[-57.8,-35.09],[-58.11,-34.96],[-58.52,-34.59],[-58.53,-34.49],[-58.41,-34.34],[-58.34,-34.22],[-58.18,-34.29],[-57.93,-34.54],[-57.79,-34.6],[-57.56,-34.57],[-57.35,-34.51],[-57.01,-34.58],[-56.72,-34.69],[-56.34,-35],[-56.17,-35.01],[-55.88,-34.89],[-55.63,-34.84],[-55.38,-34.82],[-54.99,-34.97],[-54.62,-34.92],[-54.42,-34.85],[-54.07,-34.65],[-53.79,-34.4],[-53.43,-33.9],[-53.41,-33.88],[-52.92,-33.44],[-52.57,-33.02],[-52.35,-32.68],[-52.15,-31.91],[-52.14,-31.75],[-52.14,-31.74],[-53.54,-31.45],[-54.36,-30.59],[-57.35,-29.68],[-59.03,-29.78],[-59.18,-30.65],[-58.61,-31.21],[-58.84,-32.35],[-61.45,-32.35],[-66.44,-31.55],[-67.37,-31.61]]]},"properties":{"NAME":"Pampas cultures","SUBJECTO":"Pampas cultures","BORDERPRECISION":3}},
{"type":"Feature","geometry":{"type":"Polygon","coordinates":[[[-69.96,-6.18],[-69.05,-8.24],[-64.19,-14.69],[-60.27,-13.81],[-53.12,-14.28],[-53.13,-14.26],[-46.28,-3.55],[-49.07,-4.74],[-54.16,-4.63],[-56.33,-4.33],[-57.35,-3.35],[-58.92,-3.65],[-59.67,-3.28],[-59.3,-2.65],[-58.42,-2.31],[-58.44,-2.29],[-57.97,-0.59],[-55.8,0.88],[-55.86,1.7],[-58.56,3.98],[-62.66,4.15],[-66.41,3.04],[-69.53,-4.26],[-69.28,-4.52],[-69.65,-6.12],[-69.96,-6.18]]]},"properties":{"NAME":"Amazon hunter-gatherers","SUBJECTO":"Amazon hunter-gatherers","BORDERPRECISION":3}},
{"type":"Feature","geometry":{"type":"MultiPolygon","coordinates":[[[[-69.37,-33.09],[-69.37,-34.44],[-70.29,-36.47],[-71.03,-37.21],[-71.15,-37.22],[-71.16,-37.29],[-71.15,-37.81],[-71.04,-38.31],[-70.84,-38.73],[-70.93,-38.79],[-71.36,-39.03],[-71.42,-39.11],[-71.44,-39.25],[-71.55,-39.76],[-71.52,-39.71],[-69.44,-37.16],[-67.65,-33.58],[-67.48,-31.66],[-67.5,-31.66],[-67.53,-31.62],[-67.79,-31.63],[-69.04,-32.38],[-69.37,-33.09]]],[[[-71.52,-32.18],[-71.45,-32.54],[-71.4,-32.64],[-71.41,-32.73],[-71.42,-32.75],[-71.51,-32.91],[-71.71,-33.11],[-71.75,-33.19],[-71.68,-33.39],[-71.61,-33.57],[-71.62,-33.71],[-71.74,-33.88],[-71.82,-33.93],[-71.96,-34.25],[-72.08,-34.67],[-72.17,-34.96],[-72.33,-35.28],[-72.63,-35.65],[-72.71,-35.94],[-72.85,-36.36],[-72.96,-36.58],[-73.14,-37.16],[-73.19,-37.22],[-73.28,-37.28],[-73.36,-37.32],[-73.58,-37.28],[-73.69,-37.37],[-73.67,-37.5],[-73.69,-37.37],[-73.58,-37.28],[-73.36,-37.32],[-73.28,-37.28],[-73.19,-37.22],[-73.14,-37.16],[-72.96,-36.58],[-72.85,-36.36],[-72.71,-35.94],[-72.63,-35.65],[-72.33,-35.28],[-72.17,-34.96],[-72.08,-34.67],[-71.96,-34.25],[-71.82,-33.93],[-71.74,-33.88],[-71.62,-33.71],[-71.61,-33.57],[-71.75,-33.19],[-71.71,-33.11],[-71.51,-32.91],[-71.42,-32.75],[-71.4,-32.64],[-71.45,-32.54],[-71.52,-32.18]]]]},"properties":{"NAME":"Andean hunter-gatherers","SUBJECTO":"Andean hunter-gatherers","BORDERPRECISION":3}},
{"type":"Feature","geometry":{"type":"MultiPolygon","coordinates":[[[[-48.74,-23.21],[-53.12,-14.28],[-60.27,-13.81],[-64.19,-14.69],[-64.66,-16.8],[-65.72,-18.08],[-65.49,-19.14],[-67.15,-25.22],[-67.54,-26.39],[-65.79,-27.01],[-61.05,-26.01],[-61.05,-20.14],[-60.8,-19.14],[-61.67,-17.39],[-60.8,-16.27],[-58.42,-17.39],[-56.18,-19.52],[-55.05,-19.52],[-53.68,-18.52],[-52.05,-19.27],[-52.05,-21.89],[-53.3,-23.51],[-53.68,-26.39],[-53.18,-27.51],[-53.8,-28.01],[-58.72,-27.92],[-59.03,-29.78],[-57.35,-29.68],[-54.36,-30.59],[-53.54,-31.45],[-52.14,-31.74],[-52.04,-31.56],[-51.9,-31.43],[-51.6,-31.23],[-51.45,-31.02],[-51.27,-30.47],[-51.27,-30.34],[-51.23,-30.27],[-50.95,-30.36],[-50.77,-30.37],[-50.61,-30.3],[-50.58,-30.42],[-50.85,-30.94],[-51.14,-31.19],[-51.33,-31.46],[-51.48,-31.82],[-51.12,-31.47],[-50.81,-31.19],[-50.47,-30.74],[-50.24,-30.32],[-50.03,-29.81],[-49.94,-29.63],[-49.55,-29.16],[-49.19,-28.92],[-48.94,-28.7],[-48.85,-28.56],[-50.05,-27.76],[-50.18,-24.64],[-48.97,-23.27],[-48.74,-23.21]]],[[[-67.53,-31.62],[-67.5,-31.66],[-67.48,-31.66],[-67.37,-31.61],[-67.53,-31.62]]]]},"properties":{"NAME":"Savanna hunter-gatherers","SUBJECTO":"Savanna hunter-gatherers","BORDERPRECISION":3}},
{"type":"Feature","geometry":{"type":"MultiPolygon","coordinates":[[[[-60.79,9.39],[-61,9.52],[-61.41,9.7],[-61.53,9.85],[-61.7,9.89],[-61.92,9.91],[-62.1,10.02],[-62.19,9.96],[-62.3,9.72],[-62.19,9.96],[-62.1,10.02],[-61.92,9.91],[-61.7,9.89],[-61.53,9.85],[-61.41,9.7],[-61,9.52],[-60.79,9.39]]],[[[-49.94,-1.66],[-49.58,-1.65],[-49.35,-1.64],[-49.14,-1.57],[-48.89,-1.42],[-48.76,-1.28],[-48.64,-1.06],[-48.55,-0.63],[-48.4,-0.39],[-48.55,-0.32],[-48.76,-0.28],[-48.98,-0.21],[-49.14,-0.2],[-49.36,-0.28],[-49.81,-0.23],[-50.21,-0.19],[-50.42,-0.22],[-50.5,-0.26],[-50.59,-0.72],[-50.62,-0.89],[-50.57,-1.18],[-50.65,-1.27],[-50.61,-1.44],[-50.48,-1.68],[-50.22,-1.74],[-49.94,-1.66]]]]},"properties":{"NAME":"Caribbean hunter-gatherers","SUBJECTO":"Caribbean hunter-gatherers","BORDERPRECISION":3}},
{"type":"Feature","geometry":{"type":"Polygon","coordinates":[[[120.39,-32.76],[120.41,-32.78],[120.46,-32.88],[120.53,-32.96],[120.54,-32.97],[120.58,-33.05],[120.71,-33.17],[120.81,-33.14],[120.97,-33.12],[121.13,-33.12],[121.26,-33.12],[121.4,-33.12],[121.56,-33.16],[121.7,-33.22],[121.75,-33.24],[121.84,-33.28],[121.99,-33.33],[122.2,-33.37],[122.3,-33.4],[122.47,-33.38],[122.62,-33.38],[122.75,-33.39],[122.8,-33.16],[122.83,-33.06],[122.83,-33.04],[122.89,-32.91],[122.91,-32.76],[122.93,-32.49],[122.92,-32.37],[122.96,-32.23],[123,-32.1],[123.01,-31.99],[123.04,-31.87],[123.11,-31.75],[123.15,-31.6],[123.19,-31.46],[123.23,-31.35],[123.28,-31.23],[123.31,-31.11],[123.38,-30.99],[123.25,-30.95],[123.19,-30.94],[122.81,-30.98],[122.28,-31.04],[121.62,-31.1],[121.24,-31.1],[121.22,-31.11],[121.09,-31.19],[120.96,-31.25],[120.7,-31.41],[120.42,-31.64],[120.28,-31.74],[120.17,-31.89],[120.02,-32.06],[119.92,-32.18],[119.99,-32.23],[120.07,-32.34],[120.17,-32.48],[120.23,-32.55],[120.31,-32.65],[120.39,-32.76]]]},"properties":{"NAME":"Kalaako/Malpa","SUBJECTO":"Kalaako/Malpa","BORDERPRECISION":3}},
{"type":"Feature","geometry":{"type":"Polygon","coordinates":[[[128.18,-15.25],[128.09,-15.36],[128.08,-15.36],[128.07,-15.42],[128.06,-15.44],[128.05,-15.45],[128.12,-15.52],[128.12,-15.56],[128.14,-15.56],[128.31,-15.54],[128.44,-15.49],[128.45,-15.33],[128.46,-15.25],[128.46,-15.24],[128.47,-15.17],[128.57,-15.1],[128.78,-15.08],[128.91,-15.13],[129.07,-15.23],[129.28,-15.29],[129.51,-15.29],[129.72,-15.29],[129.76,-15.27],[129.73,-15.23],[129.67,-15.15],[129.63,-15.28],[129.48,-15.21],[129.2,-14.99],[128.98,-14.92],[128.46,-14.89],[128.39,-14.94],[128.18,-15.25]]]},"properties":{"NAME":"Kadjerong","SUBJECTO":"Kadjerong","BORDERPRECISION":3}},
{"type":"Feature","geometry":{"type":"Polygon","coordinates":[[[151.31,-33.77],[151.19,-33.78],[151.1,-33.77],[151.03,-33.74],[151.02,-33.74],[151.01,-33.76],[150.98,-33.84],[150.93,-33.94],[151.09,-33.93],[151.22,-33.97],[151.26,-33.99],[151.31,-33.77]]]},"properties":{"NAME":"Eora","SUBJECTO":"Eora","BORDERPRECISION":3}},
{"type":"Feature","geometry":{"type":"Polygon","coordinates":[[[125.94,-18.05],[125.93,-18.05],[125.74,-18.05],[125.68,-18.09],[125.74,-18.12],[125.73,-18.14],[125.66,-18.24],[125.56,-18.35],[125.5,-18.41],[125.5,-18.42],[125.55,-18.43],[125.63,-18.54],[125.77,-18.75],[125.88,-18.85],[126.06,-18.93],[126.22,-18.93],[126.29,-18.94],[126.3,-18.94],[126.3,-18.89],[126.39,-18.83],[126.51,-18.78],[126.72,-18.67],[126.77,-18.56],[126.78,-18.48],[126.74,-18.48],[126.71,-18.39],[126.6,-18.25],[126.49,-18.14],[126.25,-18.09],[125.99,-18.11],[125.94,-18.06],[125.95,-18.05],[125.94,-18.05]]]},"properties":{"NAME":"Gooniyandi","SUBJECTO":"Gooniyandi","BORDERPRECISION":3}},
{"type":"Feature","geometry":{"type":"Polygon","coordinates":[[[115.99,-22.47],[116.02,-22.47],[115.95,-22.55],[115.91,-22.6],[115.93,-22.63],[115.96,-22.64],[116,-22.72],[116.09,-22.8],[116.25,-22.89],[116.46,-22.97],[116.54,-23.02],[116.61,-23],[116.65,-22.92],[116.74,-22.91],[116.84,-22.78],[116.86,-22.77],[116.75,-22.66],[116.61,-22.58],[116.53,-22.49],[116.42,-22.43],[116.3,-22.42],[116.17,-22.42],[116,-22.45],[115.99,-22.47]]]},"properties":{"NAME":"Pinikura","SUBJECTO":"Pinikura","BORDERPRECISION":3}},
{"type":"Feature","geometry":{"type":"Polygon","coordinates":[[[128.08,-15.36],[128.07,-15.38],[127.98,-15.29],[128.02,-15.02],[127.99,-14.86],[127.86,-15.02],[127.67,-15.23],[127.66,-15.24],[127.72,-15.29],[127.72,-15.46],[127.83,-15.56],[128.02,-15.42],[128.05,-15.45],[128.06,-15.44],[128.07,-15.42],[128.08,-15.36]]]},"properties":{"NAME":"Yiiji","SUBJECTO":"Yiiji","BORDERPRECISION":3}},
{"type":"Feature","geometry":{"type":"Polygon","coordinates":[[[138.96,-16.99],[138.93,-16.99],[138.61,-16.91],[138.41,-16.9],[138.35,-16.88],[138.32,-16.86],[138.31,-16.88],[138.29,-16.93],[138.22,-17.23],[138.18,-17.4],[138.11,-17.56],[138.08,-17.57],[138.19,-17.6],[138.32,-17.76],[138.38,-17.93],[138.42,-17.88],[138.79,-17.96],[139.31,-17.88],[139.33,-17.87],[139.38,-17.78],[139.47,-17.64],[139.51,-17.59],[139.48,-17.57],[139.25,-17.43],[139.17,-17.36],[139.08,-17.08],[139.05,-17.06],[138.96,-16.99]]]},"properties":{"NAME":"Ganggalida","SUBJECTO":"Ganggalida","BORDERPRECISION":3}},
{"type":"Feature","geometry":{"type":"Polygon","coordinates":[[[143.47,-13.67],[143.46,-13.39],[143.42,-13.39],[143.42,-13.48],[143.4,-13.77],[143.4,-13.81],[143.43,-13.8],[143.5,-13.77],[143.47,-13.67]]]},"properties":{"NAME":"Umpila","SUBJECTO":"Umpila","BORDERPRECISION":3}},
{"type":"Feature","geometry":{"type":"Polygon","coordinates":[[[116.77,-20.79],[116.76,-20.79],[116.42,-20.84],[116.25,-20.92],[116.3,-20.98],[116.44,-21.21],[116.45,-21.29],[116.52,-21.34],[116.69,-21.38],[116.84,-21.4],[116.88,-21.39],[116.89,-21.34],[116.91,-21.28],[116.98,-21.18],[117.01,-21.11],[117.03,-21.04],[117.07,-21.04],[117.07,-21.03],[116.99,-20.98],[116.92,-20.9],[116.83,-20.87],[116.78,-20.83],[116.81,-20.78],[116.77,-20.79]]]},"properties":{"NAME":"Martuthunira","SUBJECTO":"Martuthunira","BORDERPRECISION":3}},
{"type":"Feature","geometry":{"type":"Polygon","coordinates":[[[141.85,-12.84],[141.83,-12.85],[141.89,-12.87],[142.01,-12.87],[142.04,-12.9],[142.05,-12.88],[142.09,-12.83],[142.13,-12.82],[142.13,-12.78],[142.12,-12.77],[142.08,-12.65],[142.05,-12.54],[142.01,-12.54],[141.94,-12.57],[141.88,-12.6],[141.83,-12.62],[141.92,-12.7],[141.85,-12.84]]]},"properties":{"NAME":"Awngthim","SUBJECTO":"Awngthim","BORDERPRECISION":3}},
{"type":"Feature","geometry":{"type":"Polygon","coordinates":[[[138.53,-31.68],[138.56,-31.69],[138.53,-31.57],[138.47,-31.48],[138.45,-31.36],[138.43,-31.11],[138.44,-30.86],[138.51,-30.58],[138.76,-30.32],[138.98,-30.06],[139.11,-29.83],[139.32,-29.68],[139.43,-29.57],[139.49,-29.55],[139.48,-29.54],[139.22,-29.54],[138.93,-29.54],[138.67,-29.55],[138.46,-29.57],[138.45,-29.6],[138.12,-29.57],[137.54,-29.57],[137.19,-29.66],[136.92,-29.74],[136.73,-29.8],[136.79,-29.88],[136.98,-30.04],[137.24,-30.22],[137.47,-30.37],[137.65,-30.64],[137.74,-30.86],[137.72,-31.11],[137.6,-31.21],[137.6,-31.22],[137.61,-31.23],[137.79,-31.28],[138.03,-31.41],[138.22,-31.51],[138.37,-31.58],[138.46,-31.65],[138.47,-31.65],[138.53,-31.68]]]},"properties":{"NAME":"Kuyani","SUBJECTO":"Kuyani","BORDERPRECISION":3}},
{"type":"Feature","geometry":{"type":"Polygon","coordinates":[[[118.5,-23.63],[118.56,-23.53],[118.42,-23.46],[118.2,-23.34],[117.92,-23.16],[117.63,-22.99],[117.49,-22.91],[117.43,-22.82],[117.45,-22.77],[117.3,-22.81],[116.99,-22.88],[116.98,-22.87],[116.98,-22.88],[116.98,-22.93],[117.01,-22.95],[117.05,-23.02],[117.13,-23.12],[117.2,-23.21],[117.19,-23.33],[117.19,-23.35],[117.19,-23.37],[117.18,-23.51],[117.15,-23.62],[117.28,-23.68],[117.5,-23.73],[117.64,-23.83],[117.68,-23.84],[117.73,-23.86],[117.73,-23.99],[117.72,-23.99],[117.88,-24.03],[118.08,-23.9],[118.19,-23.81],[118.32,-23.74],[118.5,-23.63]]]},"properties":{"NAME":"Yinhawangka","SUBJECTO":"Yinhawangka","BORDERPRECISION":3}},
{"type":"Feature","geometry":{"type":"Polygon","coordinates":[[[141.48,-27.4],[141.49,-27.42],[141.56,-27.51],[141.62,-27.76],[141.9,-28.16],[142.05,-28.36],[142.07,-28.38],[142.09,-28.4],[142.12,-28.42],[142.27,-28.51],[142.31,-28.54],[142.32,-28.53],[142.42,-28.42],[142.51,-28.27],[142.8,-28.17],[143.03,-28.05],[143.26,-28.01],[143.38,-28.01],[143.55,-27.97],[143.7,-27.9],[143.72,-27.89],[143.73,-27.89],[143.66,-27.77],[143.62,-27.65],[143.56,-27.48],[143.53,-27.23],[143.54,-26.85],[143.54,-26.7],[143.56,-26.65],[143.52,-26.64],[143.43,-26.63],[143.54,-26.11],[143.65,-25.81],[143.66,-25.56],[143.68,-25.47],[143.53,-25.6],[142.71,-26.51],[142.57,-26.42],[142.42,-26.42],[142.26,-26.42],[142.13,-26.53],[141.95,-26.96],[141.94,-26.95],[141.93,-26.94],[141.9,-27.03],[141.7,-27.22],[141.44,-27.35],[141.48,-27.4]]]},"properties":{"NAME":"Wangkumara","SUBJECTO":"Wangkumara","BORDERPRECISION":3}},
{"type":"Feature","geometry":{"type":"Polygon","coordinates":[[[143.99,-34.82],[144.04,-34.83],[144.1,-34.82],[144.1,-34.81],[144.27,-34.75],[144.55,-34.66],[144.7,-34.66],[144.76,-34.68],[144.79,-34.68],[144.78,-34.67],[144.76,-34.63],[144.65,-34.2],[144.65,-34.07],[144.61,-34.1],[144.56,-34.15],[144.45,-34.19],[144.29,-34.19],[144.18,-34.15],[144.18,-34.18],[144.09,-34.25],[143.94,-34.33],[143.84,-34.45],[143.84,-34.52],[143.92,-34.71],[143.99,-34.82]]]},"properties":{"NAME":"Nari Nari","SUBJECTO":"Nari Nari","BORDERPRECISION":3}},
{"type":"Feature","geometry":{"type":"Polygon","coordinates":[[[134.44,-17.8],[134.44,-17.81],[134.4,-17.87],[134.54,-17.95],[134.78,-17.97],[135.26,-18.03],[135.73,-18.34],[136.16,-18.62],[136.3,-18.73],[136.52,-18.54],[137.2,-18.44],[137.24,-18.43],[137.34,-18.42],[137.35,-18.41],[137.18,-18.32],[136.87,-18.11],[136.73,-18.08],[136.7,-18.07],[136.64,-18.05],[136.36,-17.96],[136.12,-17.81],[135.8,-17.69],[135.7,-17.67],[135.53,-17.64],[135.45,-17.64],[135.19,-17.64],[134.97,-17.64],[134.69,-17.69],[134.65,-17.69],[134.62,-17.7],[134.57,-17.72],[134.44,-17.8]]]},"properties":{"NAME":"Wambaya","SUBJECTO":"Wambaya","BORDERPRECISION":3}},
{"type":"Feature","geometry":{"type":"Polygon","coordinates":[[[146.21,-29.95],[146.25,-30],[146.26,-30.02],[146.31,-30.13],[146.56,-30.29],[146.83,-30.44],[146.99,-30.57],[146.99,-30.7],[146.99,-30.8],[147.05,-30.99],[147.19,-31.18],[147.22,-31.39],[147.21,-31.6],[147.25,-31.68],[147.3,-31.67],[148.05,-31.67],[148.75,-31.67],[149.04,-31.78],[149.14,-31.51],[149.19,-31.39],[149.18,-31.26],[149.04,-31.12],[148.94,-31.06],[148.91,-30.86],[148.79,-30.74],[148.64,-30.61],[148.58,-30.6],[148.45,-30.64],[148.29,-30.37],[148.21,-30.2],[148.08,-30.07],[148.04,-30.04],[147.89,-30.05],[147.66,-30.11],[147.38,-30.12],[147.07,-30.07],[146.93,-30],[146.89,-29.98],[146.85,-29.94],[146.68,-29.93],[146.21,-29.95]]]},"properties":{"NAME":"Wailwan","SUBJECTO":"Wailwan","BORDERPRECISION":3}},
{"type":"Feature","geometry":{"type":"Polygon","coordinates":[[[152.94,-30.7],[152.95,-30.67],[152.74,-30.62],[152.4,-30.54],[152.13,-30.48],[152.11,-30.57],[152,-30.76],[151.81,-30.92],[151.67,-31.04],[151.65,-31.06],[151.66,-31.06],[151.77,-31.07],[152,-31.09],[152.34,-31.17],[152.58,-31.26],[152.95,-31.25],[152.98,-31.27],[153,-31.06],[152.94,-30.7]]]},"properties":{"NAME":"Dainggatti","SUBJECTO":"Dainggatti","BORDERPRECISION":3}},
{"type":"Feature","geometry":{"type":"Polygon","coordinates":[[[138.33,-23.67],[138.36,-23.67],[138.36,-23.64],[138.33,-23.47],[138.26,-23.29],[138.25,-23.04],[138.25,-22.65],[138.3,-22.38],[138.45,-22.11],[138.58,-22.11],[138.49,-22.04],[138.38,-21.95],[138.07,-21.84],[137.96,-21.74],[137.94,-21.73],[137.69,-21.64],[137.3,-21.64],[137.01,-21.65],[137.02,-21.71],[137.04,-21.84],[137.07,-22.39],[136.91,-22.58],[136.97,-22.89],[137.19,-23.34],[137.61,-23.54],[137.98,-23.65],[138.33,-23.67]]]},"properties":{"NAME":"Andegerebenha","SUBJECTO":"Andegerebenha","BORDERPRECISION":3}},
{"type":"Feature","geometry":{"type":"Polygon","coordinates":[[[122.54,-16.92],[122.16,-17.32],[122.2,-17.32],[122.4,-17.32],[122.6,-17.32],[122.76,-17.32],[122.8,-17.32],[122.81,-17.26],[122.84,-17.1],[122.89,-17.04],[122.86,-17.03],[122.79,-17.01],[122.73,-17],[122.64,-16.99],[122.56,-16.94],[122.55,-16.94],[122.54,-16.92]]]},"properties":{"NAME":"Jabirrjabirr","SUBJECTO":"Jabirrjabirr","BORDERPRECISION":3}},
{"type":"Feature","geometry":{"type":"Polygon","coordinates":[[[118.47,-28.4],[118.51,-28.4],[118.88,-28.52],[119.2,-28.64],[119.39,-28.74],[119.42,-28.75],[119.44,-28.76],[119.52,-28.81],[119.69,-29.01],[119.76,-28.99],[119.73,-28.97],[119.87,-28.85],[120.01,-28.84],[120.36,-28.81],[120.59,-28.8],[120.85,-28.8],[121.1,-28.78],[121.2,-28.82],[121.35,-28.86],[121.85,-28.84],[122.1,-28.77],[122.14,-28.75],[122.3,-28.7],[122.32,-28.7],[122.27,-28.58],[122.14,-28.41],[122.06,-28.29],[121.96,-28.16],[121.87,-28.05],[121.81,-27.98],[121.76,-27.92],[121.76,-27.91],[121.69,-27.86],[121.61,-27.79],[121.57,-27.72],[121.49,-27.65],[121.37,-27.56],[121.32,-27.53],[121.31,-27.53],[121.29,-27.53],[121.18,-27.53],[120.98,-27.53],[120.87,-27.54],[120.68,-27.51],[120.5,-27.46],[120.36,-27.39],[120.22,-27.35],[120.06,-27.33],[119.97,-27.32],[119.72,-27.28],[119.6,-27.27],[119.32,-27.28],[119.23,-27.4],[119.12,-27.55],[118.95,-27.84],[118.83,-28.04],[118.73,-28.1],[118.65,-28.14],[118.53,-28.3],[118.47,-28.4]]]},"properties":{"NAME":"Kuwarra","SUBJECTO":"Kuwarra","BORDERPRECISION":3}},
{"type":"Feature","geometry":{"type":"Polygon","coordinates":[[[113.67,-23.77],[113.98,-23.86],[114.26,-23.93],[114.48,-23.97],[114.52,-23.92],[114.52,-23.88],[114.65,-23.54],[114.64,-23.37],[114.68,-23.32],[114.71,-23.33],[114.71,-23.29],[114.71,-23.2],[114.73,-23.05],[114.77,-22.93],[114.8,-22.83],[114.79,-22.82],[114.76,-22.77],[114.59,-22.73],[114.42,-22.73],[114.29,-22.68],[114.15,-22.68],[113.96,-22.7],[113.82,-22.76],[113.78,-22.84],[113.77,-22.86],[113.76,-23.01],[113.75,-23.23],[113.74,-23.25],[113.76,-23.48],[113.67,-23.77]]]},"properties":{"NAME":"Payungu","SUBJECTO":"Payungu","BORDERPRECISION":3}},
{"type":"Feature","geometry":{"type":"Polygon","coordinates":[[[136.3,-18.73],[136.41,-18.82],[135.78,-19.95],[135.86,-19.95],[136.03,-20.16],[136.03,-20.57],[136.21,-20.74],[136.29,-20.76],[136.38,-20.72],[136.56,-20.74],[136.68,-20.85],[136.75,-20.86],[137.24,-20.95],[137.76,-20.84],[138.02,-20.63],[138.41,-20.49],[138.83,-20.45],[138.93,-20.44],[138.91,-20.37],[138.9,-20.36],[138.88,-20.31],[138.8,-20.1],[138.54,-19.87],[138.18,-19.85],[138.17,-19.85],[137.76,-19.69],[137.54,-19.61],[137.63,-19.31],[137.7,-19.1],[137.85,-18.78],[137.91,-18.51],[137.91,-18.5],[137.8,-18.44],[137.68,-18.38],[137.35,-18.41],[137.34,-18.42],[137.24,-18.43],[137.2,-18.44],[136.52,-18.54],[136.3,-18.73]]]},"properties":{"NAME":"Wakaya","SUBJECTO":"Wakaya","BORDERPRECISION":3}},
{"type":"Feature","geometry":{"type":"Polygon","coordinates":[[[143.3,-34.46],[143.31,-34.46],[143.33,-34.49],[143.37,-34.54],[143.39,-34.57],[143.39,-34.62],[143.39,-34.65],[143.39,-34.67],[143.41,-34.7],[143.46,-34.73],[143.58,-34.74],[143.71,-34.75],[143.83,-34.8],[143.89,-34.83],[144.01,-34.85],[144,-34.83],[143.99,-34.82],[143.92,-34.71],[143.84,-34.52],[143.84,-34.45],[143.94,-34.33],[144.09,-34.25],[144.18,-34.18],[144.18,-34.15],[144.17,-34.14],[144.09,-34.11],[143.87,-33.93],[143.61,-33.78],[143.47,-33.7],[143.48,-33.69],[143.29,-33.79],[143.21,-33.77],[142.9,-33.97],[142.9,-33.99],[142.86,-34],[142.85,-34],[142.83,-34.01],[142.81,-34.03],[142.9,-34.15],[143.04,-34.22],[143.17,-34.35],[143.27,-34.43],[143.3,-34.46]]]},"properties":{"NAME":"Madi Madi","SUBJECTO":"Madi Madi","BORDERPRECISION":3}},
{"type":"Feature","geometry":{"type":"Polygon","coordinates":[[[145.62,-28.99],[145.61,-28.97],[145.6,-28.98],[145.45,-28.97],[145.38,-29.12],[145.1,-29.48],[145.03,-29.76],[144.99,-30.17],[145,-30.28],[145.21,-30.31],[145.51,-30.23],[145.57,-30.19],[145.6,-30.16],[145.68,-29.95],[145.79,-29.75],[145.8,-29.67],[145.79,-29.67],[145.73,-29.71],[145.75,-29.33],[145.74,-29.29],[145.71,-29.17],[145.67,-29.06],[145.62,-28.99]]]},"properties":{"NAME":"Gunu","SUBJECTO":"Gunu","BORDERPRECISION":3}},
{"type":"Feature","geometry":{"type":"Polygon","coordinates":[[[113.67,-23.78],[113.64,-23.83],[113.52,-24.02],[113.37,-24.26],[113.37,-24.45],[113.49,-24.65],[113.57,-24.79],[113.61,-24.81],[113.63,-24.78],[113.76,-24.73],[113.9,-24.69],[114.14,-24.67],[114.49,-24.77],[114.7,-24.85],[114.87,-24.92],[115.03,-24.94],[115.22,-24.96],[115.31,-24.81],[115.32,-24.63],[115.26,-24.49],[115.1,-24.34],[114.87,-24.11],[114.63,-24],[114.52,-23.98],[114.48,-23.97],[114.26,-23.93],[113.98,-23.86],[113.67,-23.77],[113.67,-23.78]]]},"properties":{"NAME":"Maya","SUBJECTO":"Maya","BORDERPRECISION":3}},
{"type":"Feature","geometry":{"type":"Polygon","coordinates":[[[153.06,-27.1],[153.09,-27.01],[153.08,-26.62],[153.07,-26.23],[152.99,-25.94],[152.97,-25.87],[152.92,-25.89],[152.69,-26.02],[152.66,-25.91],[152.65,-25.73],[152.63,-25.59],[152.7,-25.44],[152.72,-25.41],[152.68,-25.4],[152.53,-25.36],[152.49,-25.31],[152.4,-25.07],[152.4,-25.05],[152.38,-25.06],[152.15,-25.14],[151.86,-25.17],[151.79,-25.15],[151.79,-25.16],[151.88,-25.53],[151.91,-25.7],[151.93,-25.89],[152.01,-26.08],[152.07,-26.23],[152.24,-26.4],[152.56,-26.78],[152.85,-26.94],[152.92,-27.04],[153,-27.08],[153.06,-27.1]]]},"properties":{"NAME":"Dyungungoo (Gubbi Gubbi)","SUBJECTO":"Dyungungoo (Gubbi Gubbi)","BORDERPRECISION":3}},
{"type":"Feature","geometry":{"type":"Polygon","coordinates":[[[133.64,-13.41],[133.57,-13.33],[133.55,-13.3],[133.47,-13.29],[133.26,-13.3],[133.23,-13.3],[133.13,-13.29],[133.08,-13.29],[132.98,-13.3],[132.81,-13.23],[132.69,-13.18],[132.67,-13.17],[132.65,-13.16],[132.51,-13.15],[132.46,-13.14],[132.44,-13.13],[132.37,-13.1],[132.29,-13.09],[132.26,-13.08],[132.23,-13.13],[132.18,-13.19],[132.2,-13.22],[132.21,-13.24],[132.26,-13.27],[132.39,-13.3],[132.56,-13.35],[132.68,-13.38],[132.75,-13.43],[132.84,-13.5],[132.85,-13.55],[132.76,-13.56],[132.62,-13.58],[132.52,-13.61],[132.41,-13.67],[132.29,-13.69],[132.2,-13.68],[132.1,-13.72],[132.08,-13.75],[132.07,-13.76],[132.04,-13.8],[132,-13.93],[131.99,-13.97],[131.98,-14.01],[131.96,-14.12],[131.95,-14.29],[131.89,-14.43],[131.88,-14.49],[131.9,-14.57],[131.91,-14.63],[131.98,-14.62],[132.04,-14.61],[132.11,-14.6],[132.28,-14.57],[132.42,-14.55],[132.78,-14.66],[132.93,-14.74],[133.16,-14.9],[133.17,-14.91],[133.18,-14.9],[133.2,-14.87],[133.38,-14.68],[133.43,-14.57],[133.45,-14.45],[133.46,-14.32],[133.47,-14.31],[133.48,-14.28],[133.58,-14.11],[133.59,-13.95],[133.64,-13.71],[133.64,-13.68],[133.63,-13.56],[133.64,-13.41]]]},"properties":{"NAME":"Jawoyn","SUBJECTO":"Jawoyn","BORDERPRECISION":3}},
{"type":"Feature","geometry":{"type":"Polygon","coordinates":[[[139.33,-17.93],[139.36,-17.92],[139.34,-17.87],[139.33,-17.87],[139.31,-17.88],[138.79,-17.96],[138.42,-17.88],[138.38,-17.93],[138.4,-17.99],[138.41,-18],[138.41,-18.24],[138.14,-18.52],[138.11,-18.52],[138.1,-18.53],[138.16,-18.55],[138.57,-18.78],[139.14,-19.09],[139.17,-19.12],[139.33,-18.82],[139.26,-18.56],[139.27,-18.24],[139.33,-17.93]]]},"properties":{"NAME":"Nguburinji","SUBJECTO":"Nguburinji","BORDERPRECISION":3}},
{"type":"Feature","geometry":{"type":"Polygon","coordinates":[[[134.54,-17.95],[134.35,-17.94],[134.23,-17.94],[133.79,-17.98],[133.99,-18.15],[133.49,-18.03],[133.43,-18.25],[133.43,-18.26],[133.37,-18.45],[133.75,-18.85],[133.48,-19.12],[132.98,-19.27],[132.47,-19.31],[132.39,-19.33],[132.32,-19.34],[132.45,-19.56],[132.53,-19.82],[132.82,-20.21],[132.96,-20.73],[132.99,-20.77],[133,-20.78],[133.1,-20.95],[133.31,-20.94],[133.82,-20.93],[134.03,-20.85],[134.33,-20.65],[134.74,-20.37],[135.07,-20.12],[135.44,-20.06],[135.69,-20.02],[135.75,-20.01],[135.78,-19.95],[136.41,-18.82],[136.3,-18.73],[136.16,-18.62],[135.73,-18.34],[135.26,-18.03],[134.78,-17.97],[134.54,-17.95]]]},"properties":{"NAME":"Warumungu","SUBJECTO":"Warumungu","BORDERPRECISION":3}},
{"type":"Feature","geometry":{"type":"Polygon","coordinates":[[[131.04,-25.47],[131.03,-25.51],[131.06,-25.52],[131.21,-25.6],[131.5,-25.7],[131.93,-25.88],[132.23,-26.02],[132.63,-26.19],[132.84,-26.34],[132.92,-26.47],[132.97,-26.46],[133.01,-26.46],[133.12,-26.44],[133.32,-26.31],[133.81,-26.12],[133.87,-26.08],[133.79,-26.03],[133.77,-26.02],[133.55,-25.76],[133.24,-25.44],[133.13,-25.03],[132.87,-24.55],[132.5,-24.31],[132.21,-23.93],[132.03,-23.66],[132.03,-23.18],[132.27,-23.04],[132.28,-23.04],[132.3,-23.01],[132.29,-22.98],[132.2,-22.98],[132.23,-23.03],[132.12,-23.03],[131.78,-23.01],[131.46,-23.01],[131.29,-22.97],[131.26,-23.15],[131.19,-23.46],[131.09,-23.77],[130.98,-24.11],[130.91,-24.39],[130.67,-24.71],[130.6,-24.77],[130.58,-24.79],[130.7,-24.84],[130.85,-24.88],[131,-25.04],[131.06,-25.21],[131.05,-25.4],[131.04,-25.47]]]},"properties":{"NAME":"Luritja","SUBJECTO":"Luritja","BORDERPRECISION":3}},
{"type":"Feature","geometry":{"type":"Polygon","coordinates":[[[143.24,-36.91],[143.23,-36.92],[143.25,-36.92],[143.38,-36.93],[143.44,-36.94],[143.44,-37.02],[143.4,-37.05],[143.32,-37.09],[143.35,-37.13],[143.34,-37.14],[143.32,-37.14],[143.31,-37.16],[143.3,-37.17],[143.31,-37.19],[143.31,-37.21],[143.3,-37.23],[143.3,-37.24],[143.31,-37.24],[143.32,-37.25],[143.32,-37.28],[143.31,-37.3],[143.34,-37.29],[143.37,-37.29],[143.38,-37.3],[143.4,-37.3],[143.41,-37.29],[143.43,-37.27],[143.45,-37.27],[143.46,-37.27],[143.49,-37.3],[143.48,-37.31],[143.48,-37.32],[143.52,-37.31],[143.55,-37.3],[143.57,-37.31],[143.58,-37.33],[143.61,-37.35],[143.63,-37.38],[143.65,-37.41],[143.68,-37.42],[143.71,-37.42],[143.73,-37.42],[143.74,-37.4],[143.75,-37.4],[143.76,-37.41],[143.78,-37.42],[143.8,-37.43],[143.81,-37.45],[143.8,-37.46],[143.8,-37.47],[143.82,-37.47],[143.85,-37.47],[143.9,-37.47],[143.96,-37.48],[144.03,-37.47],[144.12,-37.46],[144.2,-37.45],[144.25,-37.43],[144.3,-37.41],[144.36,-37.41],[144.41,-37.43],[144.55,-37.34],[144.53,-37.32],[144.51,-37.3],[144.47,-37.26],[144.46,-37.24],[144.42,-37.21],[144.43,-37.19],[144.47,-37.16],[144.47,-37.15],[144.37,-37.16],[144.34,-37.14],[144.32,-37.13],[144.25,-37.01],[144.21,-36.85],[144.18,-36.73],[144.18,-36.64],[144.27,-36.58],[144.28,-36.57],[144.38,-36.55],[144.48,-36.56],[144.54,-36.57],[144.57,-36.57],[144.58,-36.58],[144.61,-36.54],[144.62,-36.53],[144.64,-36.46],[144.72,-36.36],[144.7,-36.33],[144.57,-36.2],[144.33,-36.2],[144.34,-36.18],[144.26,-36.18],[144.26,-36.19],[144.19,-36.19],[144.15,-36.17],[144.13,-36.14],[144.07,-36.14],[144.07,-36.13],[144.03,-36.13],[144.01,-36.13],[144,-36.11],[143.93,-36.11],[143.91,-36.11],[143.87,-36.15],[143.7,-36.23],[143.42,-36.26],[143.2,-36.32],[143.02,-36.37],[142.98,-36.36],[142.98,-36.37],[142.99,-36.38],[142.98,-36.39],[142.99,-36.41],[142.98,-36.44],[142.96,-36.44],[142.94,-36.45],[142.93,-36.47],[142.91,-36.48],[142.91,-36.49],[142.85,-36.58],[142.87,-36.59],[142.89,-36.59],[142.91,-36.58],[142.93,-36.62],[142.96,-36.64],[142.98,-36.64],[143.01,-36.67],[143.04,-36.67],[143.05,-36.67],[143.06,-36.65],[143.07,-36.64],[143.09,-36.63],[143.1,-36.63],[143.11,-36.64],[143.12,-36.65],[143.15,-36.65],[143.16,-36.67],[143.15,-36.68],[143.16,-36.7],[143.25,-36.88],[143.22,-36.88],[143.24,-36.91]]]},"properties":{"NAME":"Dja Dja Wurrung","SUBJECTO":"Dja Dja Wurrung","BORDERPRECISION":3}},
{"type":"Feature","geometry":{"type":"Polygon","coordinates":[[[133,-20.78],[132.97,-20.78],[133,-20.88],[133.1,-21.21],[133.08,-21.68],[132.95,-21.89],[132.92,-21.93],[133.02,-22.13],[133.68,-22.21],[134.02,-22.35],[134.1,-22.31],[134.41,-22.13],[134.67,-21.8],[135.07,-21.56],[135.88,-20.94],[136.25,-20.77],[136.21,-20.74],[136.03,-20.57],[136.03,-20.16],[135.86,-19.95],[135.78,-19.95],[135.75,-20.01],[135.69,-20.02],[135.44,-20.06],[135.07,-20.12],[134.74,-20.37],[134.33,-20.65],[134.03,-20.85],[133.82,-20.93],[133.31,-20.94],[133.1,-20.95],[133,-20.78]]]},"properties":{"NAME":"Kaytej","SUBJECTO":"Kaytej","BORDERPRECISION":3}},
{"type":"Feature","geometry":{"type":"Polygon","coordinates":[[[117.74,-35.22],[117.79,-35.21],[118.21,-35.09],[118.42,-34.92],[118.67,-34.61],[118.74,-34.58],[119.01,-34.61],[119.11,-34.52],[119.03,-34.49],[118.88,-34.28],[118.87,-34.26],[118.73,-34.25],[118.65,-34.25],[118.33,-34.27],[118.02,-34.27],[117.59,-34.28],[117.49,-34.29],[117.03,-34.31],[116.75,-34.31],[116.52,-34.33],[116.53,-34.37],[116.53,-34.42],[116.58,-34.6],[116.57,-34.83],[116.55,-34.87],[116.45,-35.03],[116.41,-35.08],[116.45,-35.12],[116.72,-35.19],[117.17,-35.2],[117.74,-35.22]]]},"properties":{"NAME":"Minang","SUBJECTO":"Minang","BORDERPRECISION":3}},
{"type":"Feature","geometry":{"type":"Polygon","coordinates":[[[113.9,-25.59],[114.06,-25.8],[114.18,-26.02],[114.18,-26.27],[114.05,-26.29],[114.1,-26.54],[113.88,-26.51],[113.66,-26.07],[113.32,-25.69],[113.28,-25.83],[113.39,-25.97],[113.58,-26.15],[113.74,-26.67],[113.58,-26.66],[113.43,-26.57],[113.33,-26.41],[113.24,-26.34],[113.18,-26.14],[113.09,-26.06],[113.06,-26.12],[113.18,-26.28],[113.5,-26.69],[113.6,-26.76],[113.73,-26.8],[113.85,-26.75],[114.02,-26.59],[114.24,-26.51],[114.53,-26.4],[114.63,-26.4],[114.68,-26.44],[114.74,-26.39],[114.77,-26.22],[114.77,-26.08],[114.72,-25.87],[114.73,-25.75],[114.57,-25.77],[114.44,-25.77],[114.21,-25.77],[114.01,-25.71],[113.96,-25.63],[113.9,-25.59]]]},"properties":{"NAME":"Malkana","SUBJECTO":"Malkana","BORDERPRECISION":3}},
{"type":"Feature","geometry":{"type":"Polygon","coordinates":[[[141.71,-15.23],[141.65,-15.32],[141.7,-15.33],[141.73,-15.21],[141.73,-15.22],[141.71,-15.22],[141.71,-15.23]]]},"properties":{"NAME":"Yir Yoront","SUBJECTO":"Yir Yoront","BORDERPRECISION":3}},
{"type":"Feature","geometry":{"type":"Polygon","coordinates":[[[122.23,-18.14],[122.23,-18.17],[122.22,-18.18],[122.22,-18.19],[122.23,-18.19],[122.51,-18.26],[122.75,-18.36],[122.88,-18.45],[122.89,-18.46],[122.91,-18.46],[122.89,-18.45],[123,-18.27],[123.05,-18.06],[122.92,-18],[122.84,-17.84],[122.82,-17.72],[122.82,-17.67],[122.8,-17.67],[122.75,-17.68],[122.72,-17.72],[122.71,-17.76],[122.67,-17.86],[122.63,-17.92],[122.59,-17.95],[122.54,-17.97],[122.46,-18],[122.39,-18.03],[122.37,-18.04],[122.33,-18.06],[122.31,-18.07],[122.23,-18.14]]]},"properties":{"NAME":"Yawuru","SUBJECTO":"Yawuru","BORDERPRECISION":3}},
{"type":"Feature","geometry":{"type":"Polygon","coordinates":[[[138.93,-26.15],[138.86,-26.1],[138.85,-25.99],[138.83,-25.97],[138.64,-26],[138.45,-26.01],[138.19,-26.02],[138.03,-26.06],[138.04,-26.24],[138.13,-26.4],[138.22,-26.36],[138.47,-26.36],[138.74,-26.37],[138.89,-26.34],[138.89,-26.19],[138.94,-26.19],[138.93,-26.15]]]},"properties":{"NAME":"Karangura","SUBJECTO":"Karangura","BORDERPRECISION":3}},
{"type":"Feature","geometry":{"type":"Polygon","coordinates":[[[117.56,-33.77],[117.43,-33.64],[117.42,-33.64],[117.21,-33.48],[116.99,-33.38],[116.76,-33.3],[116.68,-33.25],[116.63,-33.23],[116.27,-33.06],[116.14,-33.03],[116.05,-33],[115.99,-32.99],[115.99,-32.98],[115.98,-32.98],[115.97,-32.98],[115.83,-32.98],[115.72,-33.02],[115.71,-33.02],[115.65,-33.33],[115.65,-33.35],[115.72,-33.4],[115.74,-33.42],[115.77,-33.49],[115.82,-33.61],[115.84,-33.66],[115.87,-33.67],[115.99,-33.71],[116,-33.72],[116.19,-33.93],[116.2,-33.94],[116.21,-33.95],[116.2,-34.19],[116.43,-34.31],[116.81,-34.29],[117.39,-34.28],[117.56,-34.21],[117.67,-34.02],[117.69,-33.99],[117.67,-33.95],[117.56,-33.77]]]},"properties":{"NAME":"Kaniyang","SUBJECTO":"Kaniyang","BORDERPRECISION":3}},
{"type":"Feature","geometry":{"type":"Polygon","coordinates":[[[139.16,-34.73],[139.14,-35],[139.1,-35.08],[139.06,-35.14],[139.1,-35.14],[139.31,-35.17],[139.41,-35.19],[139.54,-35.22],[139.72,-34.9],[139.82,-34.67],[140.17,-34.69],[140.42,-34.69],[140.68,-34.69],[140.93,-34.62],[141.11,-34.6],[141.25,-34.64],[141.33,-34.78],[141.41,-34.82],[141.44,-34.77],[141.45,-34.76],[141.53,-34.7],[141.57,-34.66],[141.7,-34.61],[141.81,-34.45],[141.94,-34.19],[142,-34.09],[142.03,-34.03],[142.03,-34.02],[142.09,-33.91],[142.05,-33.88],[142.01,-33.85],[141.51,-33.69],[141.32,-33.61],[141.02,-33.46],[140.97,-33.44],[140.89,-33.42],[140.8,-33.39],[140.32,-33.29],[139.97,-33.35],[139.52,-33.47],[139.21,-33.63],[139.13,-33.66],[139.09,-33.67],[139.08,-33.67],[139.1,-33.99],[139.1,-34.34],[139.12,-34.44],[139.13,-34.53],[139.16,-34.73]]]},"properties":{"NAME":"Meru","SUBJECTO":"Meru","BORDERPRECISION":3}},
{"type":"Feature","geometry":{"type":"Polygon","coordinates":[[[146.92,-20.55],[146.6,-20.45],[146.34,-20.34],[146.07,-20.35],[145.84,-20.4],[145.59,-20.52],[145.61,-20.56],[145.47,-20.94],[145.47,-21.28],[145.55,-21.55],[145.59,-21.69],[145.61,-21.69],[145.95,-21.64],[146.35,-21.59],[146.55,-21.6],[146.61,-21.6],[146.59,-21.53],[146.59,-21.52],[146.57,-21.36],[146.56,-21.19],[146.54,-20.93],[146.57,-20.69],[146.85,-20.64],[146.92,-20.55]]]},"properties":{"NAME":"Yilba","SUBJECTO":"Yilba","BORDERPRECISION":3}},
{"type":"Feature","geometry":{"type":"Polygon","coordinates":[[[129.51,-15.98],[129.35,-16.18],[129.28,-16.29],[129.27,-16.32],[129.29,-16.34],[129.34,-16.46],[129.27,-16.63],[129.25,-16.63],[129.25,-16.79],[129.4,-16.88],[129.65,-16.9],[129.87,-17.03],[130.14,-17.07],[130.25,-17.15],[130.29,-17.12],[130.33,-17.09],[130.5,-16.91],[130.68,-16.69],[130.91,-16.49],[130.96,-16.44],[130.96,-16.42],[130.96,-16.4],[130.97,-16.36],[130.9,-16.26],[130.87,-16.1],[130.76,-16.07],[130.71,-16.05],[130.48,-15.96],[130.45,-15.81],[130.45,-15.71],[130.45,-15.69],[130.45,-15.66],[130.42,-15.53],[130.39,-15.49],[130.38,-15.48],[130.36,-15.45],[130.29,-15.4],[130.15,-15.49],[130.11,-15.52],[130.03,-15.57],[129.79,-15.74],[129.51,-15.98]]]},"properties":{"NAME":"Ngarinman","SUBJECTO":"Ngarinman","BORDERPRECISION":3}},
{"type":"Feature","geometry":{"type":"Polygon","coordinates":[[[140.36,-26.23],[140.34,-26.26],[140.34,-26.27],[140.22,-26.46],[140.09,-26.81],[139.99,-27.16],[139.98,-27.23],[140.03,-27.24],[140.02,-27.27],[139.99,-27.43],[139.99,-27.49],[140.3,-27.53],[140.53,-27.65],[140.93,-27.65],[141.07,-27.6],[141.13,-27.57],[141.17,-27.56],[141.37,-27.48],[141.48,-27.4],[141.44,-27.35],[141.7,-27.22],[141.9,-27.03],[141.93,-26.94],[141.68,-26.69],[141.47,-26.54],[141.2,-26.39],[141.09,-26.26],[140.94,-26.15],[140.82,-26.07],[140.57,-25.97],[140.5,-25.95],[140.43,-26.08],[140.36,-26.23]]]},"properties":{"NAME":"Yawarawarka","SUBJECTO":"Yawarawarka","BORDERPRECISION":3}},
{"type":"Feature","geometry":{"type":"Polygon","coordinates":[[[122.71,-17.76],[122.68,-17.76],[122.55,-17.77],[122.37,-17.77],[122.19,-17.78],[122.18,-17.77],[122.16,-17.79],[122.16,-17.84],[122.19,-17.91],[122.18,-17.92],[122.2,-17.98],[122.21,-18.05],[122.25,-18.06],[122.33,-18.06],[122.37,-18.04],[122.39,-18.03],[122.46,-18],[122.54,-17.97],[122.59,-17.95],[122.63,-17.92],[122.67,-17.86],[122.71,-17.76]]]},"properties":{"NAME":"Jukun","SUBJECTO":"Jukun","BORDERPRECISION":3}},
{"type":"Feature","geometry":{"type":"Polygon","coordinates":[[[134.41,-12.12],[134.39,-12.12],[134.4,-12.13],[134.46,-12.13],[134.47,-12.13],[134.56,-12.1],[134.6,-12.11],[134.6,-12.09],[134.6,-12.06],[134.59,-12.06],[134.41,-12.12]]]},"properties":{"NAME":"Nakara","SUBJECTO":"Nakara","BORDERPRECISION":3}},
{"type":"Feature","geometry":{"type":"Polygon","coordinates":[[[134.87,-14.61],[134.84,-14.65],[134.93,-14.73],[134.99,-14.93],[134.97,-15.06],[134.91,-15.16],[134.96,-15.18],[135.23,-15.28],[135.38,-15.4],[135.43,-15.57],[135.44,-15.77],[135.49,-15.76],[135.67,-15.7],[135.73,-15.54],[135.79,-15.53],[135.79,-15.51],[135.82,-15.45],[135.91,-15.4],[135.94,-15.36],[135.9,-15.33],[135.63,-15.17],[135.42,-14.97],[135.39,-14.9],[135.46,-14.68],[135.62,-14.54],[135.63,-14.53],[135.63,-14.5],[135.55,-14.46],[135.52,-14.45],[135.5,-14.44],[135.44,-14.42],[135.27,-14.42],[135.14,-14.42],[135.04,-14.44],[135.03,-14.45],[134.95,-14.51],[134.87,-14.61]]]},"properties":{"NAME":"Mara","SUBJECTO":"Mara","BORDERPRECISION":3}},
{"type":"Feature","geometry":{"type":"Polygon","coordinates":[[[130.09,-13.59],[130.06,-13.61],[130.11,-13.62],[130.13,-13.66],[130.11,-13.71],[130.1,-13.78],[130.12,-13.82],[130.14,-13.86],[130.2,-13.89],[130.23,-13.88],[130.22,-13.88],[130.23,-13.82],[130.24,-13.71],[130.27,-13.63],[130.21,-13.6],[130.21,-13.52],[130.19,-13.5],[130.18,-13.51],[130.09,-13.59]]]},"properties":{"NAME":"Maranunggu","SUBJECTO":"Maranunggu","BORDERPRECISION":3}},
{"type":"Feature","geometry":{"type":"Polygon","coordinates":[[[145.04,-24.86],[145.05,-24.8],[144.92,-24.68],[144.57,-24.57],[144.47,-24.75],[144.11,-25.04],[143.75,-25.28],[143.71,-25.31],[143.71,-25.33],[143.69,-25.43],[143.68,-25.47],[143.66,-25.56],[143.65,-25.81],[143.54,-26.11],[143.43,-26.63],[143.52,-26.64],[143.56,-26.65],[143.64,-26.67],[143.98,-26.66],[144.37,-26.65],[144.91,-26.54],[145.11,-26.48],[145.32,-26.42],[145.52,-26.37],[145.5,-26.33],[145.47,-26.26],[145.4,-26.2],[145.33,-26.14],[145.21,-26.1],[145.1,-26.08],[145.07,-26.09],[145.05,-26.12],[145.05,-26.15],[145.04,-26.18],[145,-26.2],[144.92,-26.2],[144.88,-26.2],[144.82,-26.15],[144.78,-26.1],[144.75,-26.06],[144.73,-26.01],[144.7,-26.01],[144.64,-25.99],[144.63,-25.97],[144.62,-25.95],[144.61,-25.93],[144.61,-25.91],[144.63,-25.84],[144.67,-25.78],[144.7,-25.69],[144.73,-25.6],[144.83,-25.18],[144.88,-25.05],[145.04,-24.86]]]},"properties":{"NAME":"Dharawala","SUBJECTO":"Dharawala","BORDERPRECISION":3}},
{"type":"Feature","geometry":{"type":"Polygon","coordinates":[[[116.43,-23.98],[116.45,-24.18],[116.35,-24.46],[116.37,-24.56],[116.37,-24.59],[116.5,-24.51],[116.72,-24.48],[116.83,-24.48],[116.88,-24.44],[116.93,-24.36],[116.93,-24.21],[116.99,-24.06],[117.1,-24],[117.2,-24.03],[117.25,-24],[117.36,-23.97],[117.42,-24.01],[117.58,-24.03],[117.59,-24.03],[117.72,-23.99],[117.73,-23.99],[117.73,-23.86],[117.68,-23.84],[117.64,-23.83],[117.5,-23.73],[117.28,-23.68],[117.15,-23.62],[117.03,-23.56],[116.69,-23.4],[116.28,-23.21],[115.98,-23.01],[115.78,-22.92],[115.74,-22.9],[115.73,-22.93],[115.7,-23.25],[115.75,-23.42],[115.8,-23.58],[115.82,-23.7],[115.8,-23.75],[115.79,-23.78],[115.77,-23.84],[115.81,-23.84],[115.84,-23.85],[115.89,-23.86],[116.27,-23.88],[116.36,-23.92],[116.43,-23.98]]]},"properties":{"NAME":"Thiin","SUBJECTO":"Thiin","BORDERPRECISION":3}},
{"type":"Feature","geometry":{"type":"Polygon","coordinates":[[[130.15,-15.49],[130.13,-15.44],[130.01,-15.41],[129.91,-15.41],[129.89,-15.34],[129.85,-15.3],[129.81,-15.25],[129.76,-15.27],[129.72,-15.29],[129.51,-15.29],[129.28,-15.29],[129.07,-15.23],[128.91,-15.13],[128.78,-15.08],[128.57,-15.1],[128.47,-15.17],[128.46,-15.24],[128.46,-15.25],[128.45,-15.33],[128.44,-15.49],[128.31,-15.54],[128.14,-15.56],[128.12,-15.58],[128.11,-15.65],[128.02,-15.82],[127.94,-15.87],[128.08,-15.88],[128.33,-15.99],[128.63,-16.08],[129.01,-16.14],[129.17,-16.23],[129.17,-16.24],[129.28,-16.29],[129.35,-16.18],[129.51,-15.98],[129.79,-15.74],[130.03,-15.57],[130.11,-15.52],[130.15,-15.49]]]},"properties":{"NAME":"Doolboong/Miriwoong","SUBJECTO":"Doolboong/Miriwoong","BORDERPRECISION":3}},
{"type":"Feature","geometry":{"type":"Polygon","coordinates":[[[129.03,-18.01],[129.13,-18.18],[129.16,-18.45],[129.14,-18.92],[128.86,-19.17],[128.77,-19.25],[128.76,-19.26],[128.72,-19.3],[128.97,-19.48],[129.28,-19.67],[129.65,-19.84],[129.87,-19.94],[130.29,-20.3],[130.5,-20.55],[130.5,-20.8],[130.4,-21],[130.25,-21.11],[130.32,-21.12],[130.44,-21.14],[130.74,-21.32],[130.87,-21.64],[130.83,-21.92],[130.67,-22.08],[130.68,-22.34],[130.86,-22.62],[131.13,-22.76],[131.32,-22.76],[131.31,-22.89],[131.3,-22.95],[131.29,-22.97],[131.46,-23.01],[131.78,-23.01],[132.12,-23.03],[132.23,-23.03],[132.2,-22.98],[132.03,-22.75],[131.88,-22.55],[131.88,-22.29],[132.07,-22],[132.46,-21.96],[132.73,-21.96],[132.9,-21.96],[132.92,-21.93],[132.95,-21.89],[133.08,-21.68],[133.1,-21.21],[133,-20.88],[132.97,-20.78],[132.96,-20.73],[132.82,-20.21],[132.53,-19.82],[132.45,-19.56],[132.32,-19.34],[132.27,-19.28],[132.2,-19.16],[132.06,-18.95],[131.75,-18.73],[131.59,-18.56],[131.23,-18.3],[131.03,-18.16],[130.97,-18.12],[130.95,-18.1],[130.76,-18.19],[130.42,-18.23],[129.89,-18.31],[129.51,-18.32],[129.27,-18.32],[129.15,-18.17],[129.03,-18.01]]]},"properties":{"NAME":"Warlpiri","SUBJECTO":"Warlpiri","BORDERPRECISION":3}},
{"type":"Feature","geometry":{"type":"Polygon","coordinates":[[[145.05,-24.8],[145.06,-24.77],[145.08,-24.64],[145.09,-24.52],[145.11,-24.47],[145.12,-24.41],[145.13,-24.35],[145.21,-24.18],[144.92,-23.96],[144.75,-23.84],[144.41,-23.77],[144.05,-23.76],[143.77,-23.79],[143.45,-23.84],[143.44,-23.82],[143.32,-23.99],[143.15,-24.39],[143.06,-24.47],[143.28,-24.75],[143.76,-25.26],[143.75,-25.28],[144.11,-25.04],[144.47,-24.75],[144.57,-24.57],[144.92,-24.68],[145.05,-24.8]]]},"properties":{"NAME":"Kuungkari","SUBJECTO":"Kuungkari","BORDERPRECISION":3}},
{"type":"Feature","geometry":{"type":"Polygon","coordinates":[[[141.94,-34.19],[142.14,-34.23],[142.26,-34.4],[142.32,-34.61],[142.49,-34.71],[142.68,-34.71],[142.73,-34.7],[142.9,-34.64],[142.92,-34.64],[142.92,-34.63],[143.11,-34.56],[143.31,-34.46],[143.3,-34.46],[143.27,-34.43],[143.17,-34.35],[143.04,-34.22],[142.9,-34.15],[142.81,-34.03],[142.83,-34.01],[142.79,-34.03],[142.79,-33.94],[142.58,-33.74],[142.45,-33.71],[142.37,-33.83],[142.35,-33.95],[142.12,-33.93],[142.03,-34.02],[142.03,-34.03],[142,-34.09],[141.94,-34.19]]]},"properties":{"NAME":"Kureinji","SUBJECTO":"Kureinji","BORDERPRECISION":3}},
{"type":"Feature","geometry":{"type":"Polygon","coordinates":[[[143.31,-34.46],[143.11,-34.56],[142.92,-34.63],[142.97,-34.67],[142.97,-34.69],[142.98,-34.71],[142.97,-34.76],[142.97,-34.83],[142.96,-34.84],[143.02,-34.86],[143.04,-34.85],[143.01,-34.8],[143.17,-34.72],[143.29,-34.67],[143.38,-34.67],[143.39,-34.65],[143.39,-34.62],[143.39,-34.57],[143.37,-34.54],[143.33,-34.49],[143.31,-34.46]]]},"properties":{"NAME":"Dadi Dadi","SUBJECTO":"Dadi Dadi","BORDERPRECISION":3}},
{"type":"Feature","geometry":{"type":"Polygon","coordinates":[[[138.27,-34.58],[138.45,-34.78],[138.57,-34.93],[138.53,-35.3],[138.49,-35.4],[138.56,-35.35],[138.58,-35.34],[138.65,-35.17],[138.71,-34.99],[138.79,-34.86],[138.79,-34.69],[138.77,-34.66],[138.72,-34.67],[138.67,-34.69],[138.61,-34.5],[138.55,-34.3],[138.49,-34.04],[138.39,-33.66],[138.32,-33.43],[138.33,-33.32],[138.33,-33.31],[138.32,-33.3],[138.17,-33.32],[138.15,-33.36],[138.09,-33.45],[138.03,-33.46],[138,-33.46],[137.99,-33.47],[137.99,-33.58],[137.99,-33.79],[138.01,-33.94],[138.03,-34.03],[138.04,-34.15],[138.05,-34.16],[138.11,-34.25],[138.19,-34.43],[138.27,-34.58]]]},"properties":{"NAME":"Kaurna Pangkarra","SUBJECTO":"Kaurna Pangkarra","BORDERPRECISION":3}},
{"type":"Feature","geometry":{"type":"Polygon","coordinates":[[[124.88,-18.48],[124.81,-18.58],[124.86,-18.59],[124.86,-18.61],[124.86,-18.7],[124.8,-18.78],[124.8,-18.96],[124.86,-19.22],[124.96,-19.32],[125.11,-19.88],[125,-20.15],[124.96,-20.2],[125.11,-20.18],[125.42,-20.2],[126.08,-20.28],[126.34,-20.34],[126.36,-20.28],[126.51,-20.01],[126.8,-19.2],[126.83,-19.18],[126.83,-19.16],[126.69,-19.08],[126.6,-19.1],[126.44,-19.1],[126.31,-19.02],[126.3,-18.95],[126.29,-18.94],[126.22,-18.93],[126.06,-18.93],[125.88,-18.85],[125.77,-18.75],[125.63,-18.54],[125.55,-18.43],[125.5,-18.42],[125.49,-18.42],[125.45,-18.42],[125.31,-18.48],[125.04,-18.49],[124.91,-18.47],[124.88,-18.48]]]},"properties":{"NAME":"Walmatjarri","SUBJECTO":"Walmatjarri","BORDERPRECISION":3}},
{"type":"Feature","geometry":{"type":"Polygon","coordinates":[[[152.92,-27.04],[152.85,-26.94],[152.56,-26.78],[152.24,-26.4],[152.07,-26.23],[152.01,-26.08],[151.93,-25.89],[151.91,-25.7],[151.88,-25.53],[151.79,-25.16],[151.79,-25.15],[151.78,-25.12],[151.72,-25.03],[151.63,-25.02],[151.57,-25.02],[151.56,-25.02],[151.35,-25.1],[151.23,-25.24],[151.07,-25.4],[150.95,-25.54],[150.88,-25.65],[150.87,-25.66],[150.88,-25.67],[151.03,-25.78],[151.24,-25.97],[151.47,-26.24],[151.56,-26.45],[151.58,-26.63],[151.97,-26.83],[152.06,-26.97],[152.16,-27.11],[152.18,-27.15],[152.22,-27.22],[152.24,-27.22],[152.37,-27.2],[152.51,-27.21],[152.55,-27.26],[152.63,-27.32],[152.71,-27.33],[152.74,-27.33],[152.8,-27.3],[152.8,-27.28],[152.83,-27.22],[152.84,-27.19],[152.89,-27.14],[152.93,-27.06],[152.92,-27.04]]]},"properties":{"NAME":"Waka Waka","SUBJECTO":"Waka Waka","BORDERPRECISION":3}},
{"type":"Feature","geometry":{"type":"Polygon","coordinates":[[[141.71,-15.21],[141.71,-15.22],[141.73,-15.22],[141.73,-15.21],[141.75,-15.14],[141.83,-14.94],[141.9,-14.93],[141.91,-14.92],[141.9,-14.92],[141.98,-14.8],[142.01,-14.64],[142,-14.5],[141.8,-14.5],[141.59,-14.49],[141.52,-14.49],[141.49,-14.57],[141.55,-14.86],[141.55,-14.89],[141.65,-15.04],[141.71,-15.21]]]},"properties":{"NAME":"Thaayorre","SUBJECTO":"Thaayorre","BORDERPRECISION":3}},
{"type":"Feature","geometry":{"type":"Polygon","coordinates":[[[119.92,-32.18],[119.51,-31.89],[119.12,-31.7],[118.87,-31.53],[118.77,-31.43],[118.65,-31.34],[118.5,-31.22],[118.35,-31.07],[118.27,-30.91],[118.22,-30.86],[118.19,-30.9],[117.92,-31.26],[117.72,-31.53],[117.53,-31.96],[117.54,-32.21],[117.6,-32.38],[117.61,-32.4],[117.67,-32.55],[117.74,-32.63],[118.04,-32.98],[118.11,-33.06],[118.15,-33.11],[118.41,-33.13],[118.49,-33.14],[118.48,-33.11],[119.17,-33.14],[119.61,-33.14],[119.95,-33.15],[120.03,-33.15],[120.19,-33.09],[120.33,-32.95],[120.39,-32.77],[120.39,-32.76],[120.31,-32.65],[120.23,-32.55],[120.17,-32.48],[120.07,-32.34],[119.99,-32.23],[119.92,-32.18]]]},"properties":{"NAME":"Nyaki-nyaki","SUBJECTO":"Nyaki-nyaki","BORDERPRECISION":3}},
{"type":"Feature","geometry":{"type":"Polygon","coordinates":[[[145.59,-36.2],[145.6,-36.19],[145.63,-36.15],[145.67,-36.11],[145.76,-36.08],[145.79,-36.09],[145.77,-36.05],[145.77,-36],[145.8,-35.99],[145.55,-35.92],[145.2,-35.73],[145.13,-35.3],[145.11,-35.32],[144.92,-35.45],[144.67,-35.58],[144.57,-35.74],[144.53,-35.85],[144.56,-35.92],[144.71,-35.98],[144.82,-36.05],[144.87,-36.08],[144.86,-36.11],[144.85,-36.14],[145,-36.19],[145.26,-36.21],[145.5,-36.21],[145.59,-36.2]]]},"properties":{"NAME":"Yorta Yorta","SUBJECTO":"Yorta Yorta","BORDERPRECISION":3}},
{"type":"Feature","geometry":{"type":"Polygon","coordinates":[[[149.59,-35.38],[149.51,-35.37],[149.49,-35.37],[149.44,-35.37],[149.26,-35.35],[148.84,-35.24],[148.57,-35.18],[148.38,-35.15],[148.14,-35.15],[148.14,-35.21],[148.14,-35.34],[148.1,-35.64],[148.01,-36.01],[147.99,-36.08],[147.81,-36.08],[147.81,-36.28],[147.81,-36.48],[147.81,-36.74],[147.84,-36.97],[148,-37.1],[148.04,-37.18],[148.08,-37.25],[148.08,-37.27],[148.25,-37.38],[148.26,-37.38],[148.36,-37.39],[148.39,-37.37],[148.54,-37.26],[149.03,-37.08],[149.34,-37.07],[149.5,-37.04],[149.5,-36.98],[149.5,-36.7],[149.49,-36.32],[149.49,-35.84],[149.59,-35.38]]]},"properties":{"NAME":"Ngarigo","SUBJECTO":"Ngarigo","BORDERPRECISION":3}},
{"type":"Feature","geometry":{"type":"Polygon","coordinates":[[[145.95,-28.06],[145.91,-28.25],[145.77,-28.58],[145.57,-28.92],[145.56,-28.93],[145.61,-28.97],[145.62,-28.99],[145.66,-29.02],[145.67,-29.06],[145.71,-29.17],[145.76,-29.31],[145.75,-29.33],[145.73,-29.71],[145.79,-29.67],[145.8,-29.67],[145.85,-29.64],[146.06,-29.67],[146.46,-29.71],[146.66,-29.74],[146.78,-29.83],[146.84,-29.86],[146.84,-29.85],[147,-29.55],[147.28,-29.34],[147.44,-29.13],[147.44,-29.04],[147.4,-29.04],[147.26,-29],[147.12,-28.9],[146.99,-28.87],[146.86,-28.84],[146.72,-28.77],[146.4,-28.52],[146.2,-28.34],[146,-28.11],[145.96,-28.04],[145.95,-28.06]]]},"properties":{"NAME":"Muruwari","SUBJECTO":"Muruwari","BORDERPRECISION":3}},
{"type":"Feature","geometry":{"type":"Polygon","coordinates":[[[116.82,-20.78],[116.81,-20.78],[116.78,-20.83],[116.83,-20.87],[116.92,-20.9],[116.99,-20.98],[117.07,-21.03],[117.09,-21.04],[117.18,-21.03],[117.42,-21.1],[117.56,-21.15],[117.67,-21.19],[117.91,-21.27],[117.96,-21.32],[117.98,-21.31],[117.92,-21.16],[117.88,-21.04],[117.84,-20.89],[117.8,-20.69],[117.79,-20.64],[117.76,-20.68],[117.6,-20.76],[117.4,-20.78],[117.09,-20.78],[116.82,-20.78]]]},"properties":{"NAME":"Ngarluma","SUBJECTO":"Ngarluma","BORDERPRECISION":3}},
{"type":"Feature","geometry":{"type":"Polygon","coordinates":[[[142.91,-19.46],[142.9,-19.46],[142.92,-19.47],[142.98,-19.51],[142.82,-19.8],[142.59,-20],[142.48,-20.12],[142.6,-20.25],[142.93,-20.58],[143.09,-20.54],[143.1,-20.47],[143.67,-20.49],[144.1,-20.45],[144.12,-20.42],[144.12,-20.24],[144.15,-19.95],[144.16,-19.65],[144.06,-19.61],[144.01,-19.63],[143.99,-19.61],[143.97,-19.59],[143.95,-19.58],[143.56,-19.57],[143.29,-19.51],[143.05,-19.46],[142.91,-19.46]]]},"properties":{"NAME":"Mbara","SUBJECTO":"Mbara","BORDERPRECISION":3}},
{"type":"Feature","geometry":{"type":"Polygon","coordinates":[[[151.39,-29.81],[151.39,-29.82],[151.39,-29.89],[151.59,-30.1],[151.68,-30.18],[151.85,-30.31],[152.09,-30.47],[152.11,-30.48],[152.13,-30.48],[152.4,-30.54],[152.74,-30.62],[152.95,-30.67],[152.96,-30.62],[153.2,-29.91],[153.33,-29.31],[153.3,-29.32],[153.21,-29.32],[153.06,-29.38],[152.95,-29.52],[152.87,-29.6],[152.81,-29.61],[152.66,-29.6],[152.46,-29.54],[152.26,-29.52],[152.19,-29.52],[152.09,-29.53],[152.07,-29.51],[152.06,-29.48],[152.07,-29.46],[151.85,-29.45],[151.79,-29.45],[151.75,-29.51],[151.51,-29.69],[151.39,-29.81]]]},"properties":{"NAME":"Gumbainggir","SUBJECTO":"Gumbainggir","BORDERPRECISION":3}},
{"type":"Feature","geometry":{"type":"Polygon","coordinates":[[[142.62,-13.07],[142.86,-13.07],[142.94,-13.01],[142.97,-12.99],[142.98,-12.99],[142.98,-12.98],[142.98,-12.83],[142.97,-12.68],[142.94,-12.62],[142.92,-12.62],[142.86,-12.62],[142.64,-12.5],[142.64,-12.65],[142.62,-12.82],[142.61,-13.02],[142.6,-13.05],[142.62,-13.07]]]},"properties":{"NAME":"Yinwum","SUBJECTO":"Yinwum","BORDERPRECISION":3}},
{"type":"Feature","geometry":{"type":"Polygon","coordinates":[[[130.18,-14.04],[130.16,-14.05],[130.08,-14.08],[130.05,-14.09],[130.11,-14.12],[130.11,-14.13],[130.21,-14.09],[130.29,-14],[130.3,-13.91],[130.24,-13.89],[130.23,-13.9],[130.23,-13.93],[130.22,-13.98],[130.21,-13.99],[130.21,-14.01],[130.19,-14.03],[130.19,-14.04],[130.18,-14.04]]]},"properties":{"NAME":"Marramaninjsji","SUBJECTO":"Marramaninjsji","BORDERPRECISION":3}},
{"type":"Feature","geometry":{"type":"Polygon","coordinates":[[[148.61,-21.66],[148.59,-21.66],[148.4,-21.66],[147.99,-21.66],[147.84,-21.6],[147.78,-21.59],[147.79,-21.76],[147.78,-21.82],[147.73,-21.82],[147.73,-21.9],[147.73,-22.03],[147.76,-22.14],[147.76,-22.27],[147.73,-22.36],[147.7,-22.43],[147.7,-22.44],[147.71,-22.48],[147.73,-22.54],[147.78,-22.65],[147.87,-22.75],[147.9,-22.73],[147.9,-22.68],[147.92,-22.67],[148.08,-22.6],[148.28,-22.48],[148.5,-22.34],[148.51,-22.34],[148.58,-22.33],[148.58,-22.19],[148.58,-21.98],[148.58,-21.77],[148.61,-21.66]]]},"properties":{"NAME":"Barna","SUBJECTO":"Barna","BORDERPRECISION":3}},
{"type":"Feature","geometry":{"type":"Polygon","coordinates":[[[143.41,-13.34],[143.42,-13.38],[143.42,-13.39],[143.46,-13.39],[143.45,-13.34],[143.44,-13.08],[143.38,-12.84],[143.36,-12.87],[143.29,-12.9],[143.22,-12.93],[143.16,-12.96],[143.19,-12.98],[143.34,-13.2],[143.41,-13.34]]]},"properties":{"NAME":"Uutaalnganu","SUBJECTO":"Uutaalnganu","BORDERPRECISION":3}},
{"type":"Feature","geometry":{"type":"Polygon","coordinates":[[[141.01,-36.9],[141.47,-36.8],[141.91,-36.8],[142.13,-36.62],[142.33,-36.45],[142.46,-36.32],[142.75,-36.32],[142.94,-36.35],[142.98,-36.36],[143.02,-36.37],[143.2,-36.32],[143.42,-36.26],[143.7,-36.23],[143.87,-36.15],[143.91,-36.11],[143.95,-36.08],[143.97,-36.04],[144,-35.99],[143.95,-35.86],[143.78,-35.84],[143.71,-35.81],[143.68,-35.8],[143.56,-35.75],[143.43,-35.56],[143.36,-35.36],[143.35,-35.34],[143.34,-35.31],[143.32,-35.24],[143.24,-35.01],[143.04,-34.86],[143.02,-34.86],[142.96,-34.84],[142.8,-34.8],[142.42,-34.71],[142.11,-34.67],[141.76,-34.59],[141.7,-34.61],[141.57,-34.66],[141.53,-34.7],[141.45,-34.76],[141.44,-34.77],[141.41,-34.82],[141.39,-34.86],[141.28,-35.21],[141.14,-35.53],[141,-35.96],[141,-36.25],[141,-36.26],[141,-36.31],[141,-36.52],[140.99,-36.75],[140.99,-36.76],[141.01,-36.89],[141.01,-36.9]]]},"properties":{"NAME":"Wergaia","SUBJECTO":"Wergaia","BORDERPRECISION":3}},
{"type":"Feature","geometry":{"type":"Polygon","coordinates":[[[125.94,-18.05],[125.96,-18.04],[126.06,-17.93],[126.22,-17.73],[126.27,-17.72],[126.19,-17.59],[126.04,-17.48],[125.8,-17.43],[125.79,-17.42],[125.78,-17.45],[125.66,-17.57],[125.48,-17.67],[125.34,-17.65],[125.35,-17.67],[125.4,-17.77],[125.48,-17.91],[125.58,-17.98],[125.65,-18.07],[125.68,-18.09],[125.74,-18.05],[125.93,-18.05],[125.94,-18.05]]]},"properties":{"NAME":"Punuba","SUBJECTO":"Punuba","BORDERPRECISION":3}},
{"type":"Feature","geometry":{"type":"Polygon","coordinates":[[[132.27,-19.28],[132.39,-19.33],[132.47,-19.31],[132.98,-19.27],[133.48,-19.12],[133.75,-18.85],[133.37,-18.45],[133.43,-18.26],[133.42,-18.25],[133.34,-18.17],[133.34,-17.95],[133.35,-17.75],[133.28,-17.74],[133.02,-17.73],[132.28,-17.69],[132.01,-17.8],[131.64,-17.91],[131.51,-17.97],[131.49,-17.98],[131.11,-18.06],[130.97,-18.12],[131.03,-18.16],[131.23,-18.3],[131.59,-18.56],[131.75,-18.73],[132.06,-18.95],[132.2,-19.16],[132.27,-19.28]]]},"properties":{"NAME":"Warlmanpa","SUBJECTO":"Warlmanpa","BORDERPRECISION":3}},
{"type":"Feature","geometry":{"type":"Polygon","coordinates":[[[148.37,-26.6],[148.36,-26.52],[148.36,-26.51],[148.37,-26.33],[148.39,-26.17],[148.4,-26.12],[148.38,-26.09],[148.37,-26.08],[148.33,-26.07],[148.33,-26.1],[148.33,-26.14],[148.37,-26.21],[148.31,-26.33],[148.22,-26.52],[148.2,-26.54],[148.18,-26.56],[148.18,-26.59],[148.17,-26.64],[148.16,-26.7],[148.14,-26.74],[148.1,-26.76],[148.05,-26.78],[148.01,-26.78],[147.85,-26.77],[147.52,-26.79],[147.24,-26.78],[146.93,-26.78],[146.91,-26.79],[146.85,-26.82],[146.78,-26.85],[146.68,-26.88],[146.63,-26.9],[146.5,-26.96],[146.43,-27.01],[146.38,-27.15],[146.38,-27.16],[146.43,-27.25],[146.62,-27.27],[146.81,-27.15],[146.86,-27.14],[146.95,-27.12],[146.97,-27.14],[146.98,-27.18],[147,-27.23],[147.02,-27.33],[147.06,-27.5],[147.09,-27.6],[147.11,-27.59],[147.18,-27.54],[147.24,-27.49],[147.25,-27.46],[147.28,-27.44],[147.33,-27.46],[147.39,-27.54],[147.43,-27.64],[147.53,-27.7],[147.54,-27.7],[147.68,-27.7],[147.91,-27.71],[148.02,-27.71],[148.14,-27.72],[148.28,-27.78],[148.4,-27.87],[148.44,-27.86],[148.48,-27.83],[148.54,-27.81],[148.5,-27.78],[148.48,-27.74],[148.49,-27.7],[148.47,-27.63],[148.44,-27.61],[148.42,-27.59],[148.43,-27.55],[148.43,-27.54],[148.47,-27.52],[148.51,-27.5],[148.55,-27.48],[148.55,-27.47],[148.55,-27.43],[148.54,-27.34],[148.52,-27.16],[148.44,-26.93],[148.38,-26.75],[148.37,-26.6]]]},"properties":{"NAME":"Gunggari","SUBJECTO":"Gunggari","BORDERPRECISION":3}},
{"type":"Feature","geometry":{"type":"Polygon","coordinates":[[[151.67,-31.04],[151.81,-30.92],[152,-30.76],[152.11,-30.57],[152.13,-30.48],[152.11,-30.48],[152.09,-30.47],[151.85,-30.31],[151.68,-30.18],[151.59,-30.1],[151.39,-29.89],[151.39,-29.82],[151.39,-29.81],[151.38,-29.82],[151.33,-29.87],[151.14,-29.89],[151.08,-29.88],[151,-29.84],[151,-29.89],[150.97,-30.11],[150.96,-30.34],[150.97,-30.65],[151.06,-30.81],[151.22,-30.98],[151.31,-31.11],[151.42,-31.05],[151.61,-31.06],[151.66,-31.04],[151.67,-31.04]]]},"properties":{"NAME":"Nganyaywana","SUBJECTO":"Nganyaywana","BORDERPRECISION":3}},
{"type":"Feature","geometry":{"type":"Polygon","coordinates":[[[125.79,-17.41],[125.79,-17.42],[125.8,-17.43],[126.04,-17.48],[126.19,-17.59],[126.27,-17.72],[126.31,-17.71],[126.45,-17.69],[126.71,-17.57],[126.96,-17.5],[127.14,-17.38],[127.34,-17.33],[127.5,-17.2],[127.36,-16.91],[127.32,-16.67],[127.35,-16.42],[127.41,-16.08],[127.46,-16.04],[127.46,-16],[127.3,-16],[127.08,-16],[126.96,-16.09],[126.94,-16.33],[126.86,-16.56],[126.66,-16.77],[126.53,-16.9],[126.29,-16.95],[126.15,-16.86],[125.94,-16.84],[125.86,-16.93],[125.77,-17],[125.68,-17.07],[125.67,-17.08],[125.68,-17.21],[125.73,-17.31],[125.79,-17.41]]]},"properties":{"NAME":"Worla","SUBJECTO":"Worla","BORDERPRECISION":3}},
{"type":"Feature","geometry":{"type":"Polygon","coordinates":[[[140.09,-20.18],[140.08,-20.15],[140.06,-20.11],[140.02,-20.11],[140.06,-20.16],[139.98,-20.2],[139.9,-20.23],[139.55,-20.24],[139.06,-20.4],[138.9,-20.36],[138.91,-20.37],[139.04,-20.61],[139.08,-20.91],[139.09,-20.97],[139.14,-21.19],[139.15,-21.58],[139.21,-21.54],[139.26,-21.51],[139.26,-21.52],[139.61,-21.6],[140.06,-21.72],[140.24,-21.81],[140.32,-21.79],[140.37,-21.78],[140.42,-21.76],[140.73,-21.74],[140.77,-21.72],[140.74,-21.66],[140.66,-21.49],[140.52,-21.21],[140.38,-20.88],[140.37,-20.87],[140.4,-20.8],[140.37,-20.76],[140.2,-20.51],[140.14,-20.35],[140.09,-20.19],[140.09,-20.18]]]},"properties":{"NAME":"Kalkadoon","SUBJECTO":"Kalkadoon","BORDERPRECISION":3}},
{"type":"Feature","geometry":{"type":"Polygon","coordinates":[[[121.31,-27.53],[121.28,-27.4],[121.15,-27.28],[121.1,-27.19],[121.01,-27.06],[120.93,-26.91],[120.89,-26.78],[120.85,-26.59],[120.84,-26.47],[120.83,-26.43],[120.79,-26.42],[120.78,-26.41],[120.61,-26.31],[120.41,-26.24],[119.95,-26.1],[119.64,-26],[119.23,-25.81],[118.91,-25.81],[118.88,-25.99],[118.75,-26.21],[118.62,-26.45],[118.36,-26.78],[118.23,-27.04],[118.04,-27.16],[118.03,-27.19],[118.02,-27.21],[118.1,-27.39],[118.33,-27.71],[118.54,-27.84],[118.65,-28.03],[118.73,-28.1],[118.83,-28.04],[118.95,-27.84],[119.12,-27.55],[119.23,-27.4],[119.32,-27.28],[119.6,-27.27],[119.72,-27.28],[119.97,-27.32],[120.06,-27.33],[120.22,-27.35],[120.36,-27.39],[120.5,-27.46],[120.68,-27.51],[120.87,-27.54],[120.98,-27.53],[121.18,-27.53],[121.29,-27.53],[121.31,-27.53]]]},"properties":{"NAME":"Tjupany","SUBJECTO":"Tjupany","BORDERPRECISION":3}},
{"type":"Feature","geometry":{"type":"Polygon","coordinates":[[[143.08,-20.61],[143.09,-20.54],[142.93,-20.58],[142.88,-20.6],[142.66,-20.66],[142.65,-20.66],[142.61,-20.66],[142.28,-20.61],[141.82,-20.59],[141.56,-20.39],[141.44,-20.14],[141.35,-20.04],[141.32,-20.04],[141.28,-20.06],[141.12,-20.11],[140.78,-20.25],[140.5,-20.54],[140.4,-20.8],[140.37,-20.87],[140.38,-20.88],[140.52,-21.21],[140.66,-21.49],[140.74,-21.66],[140.77,-21.72],[140.79,-21.77],[140.86,-21.96],[140.95,-21.94],[141.03,-21.92],[141.12,-21.89],[141.37,-21.75],[141.66,-21.71],[142.04,-21.77],[142.17,-21.86],[142.54,-21.88],[142.76,-21.84],[142.98,-21.73],[143.24,-21.7],[143.32,-21.68],[143.32,-21.62],[143.32,-21.49],[143.26,-21.28],[143.12,-21.05],[143.06,-20.74],[143.08,-20.61]]]},"properties":{"NAME":"Wunumara","SUBJECTO":"Wunumara","BORDERPRECISION":3}},
{"type":"Feature","geometry":{"type":"Polygon","coordinates":[[[131.04,-25.47],[130.95,-25.75],[130.83,-25.92],[130.78,-26.08],[130.8,-26.33],[130.84,-26.52],[130.87,-26.74],[130.83,-27.02],[130.7,-27.33],[130.7,-27.46],[130.7,-27.48],[130.78,-27.54],[130.98,-27.77],[131.28,-28.04],[131.72,-28.25],[132.12,-28.4],[132.6,-28.4],[132.92,-28.34],[133.25,-28.32],[133.26,-28.31],[133.46,-28.39],[133.51,-28.21],[133.34,-27.8],[133.24,-27.25],[133.11,-26.89],[133.07,-26.72],[133.01,-26.46],[132.97,-26.46],[132.92,-26.47],[132.84,-26.34],[132.63,-26.19],[132.23,-26.02],[131.93,-25.88],[131.5,-25.7],[131.21,-25.6],[131.06,-25.52],[131.03,-25.51],[131.04,-25.47]]]},"properties":{"NAME":"Yankuntjatjara","SUBJECTO":"Yankuntjatjara","BORDERPRECISION":3}},
{"type":"Feature","geometry":{"type":"Polygon","coordinates":[[[129.84,-28.37],[129.85,-28.3],[129.85,-28.26],[130.22,-27.85],[130.44,-27.64],[130.58,-27.53],[130.58,-27.52],[130.54,-27.52],[130.51,-27.53],[130.18,-27.53],[129.72,-27.5],[129.33,-27.24],[129.11,-26.96],[128.89,-26.62],[128.89,-26.31],[128.85,-26.01],[128.57,-26],[128.21,-26],[127.94,-26.2],[127.83,-26.38],[127.68,-26.48],[127.36,-26.54],[127.34,-26.53],[127.43,-26.58],[127.31,-26.59],[127.07,-26.58],[127.01,-26.61],[127.14,-26.86],[127.23,-27.27],[127.32,-27.79],[127.28,-28.15],[127.37,-28.52],[127.38,-28.52],[127.42,-28.56],[127.45,-28.59],[127.56,-28.56],[127.99,-28.44],[128.57,-28.4],[129.19,-28.36],[129.59,-28.36],[129.84,-28.37]]]},"properties":{"NAME":"Nakako","SUBJECTO":"Nakako","BORDERPRECISION":3}},
{"type":"Feature","geometry":{"type":"Polygon","coordinates":[[[147.81,-36.08],[147.44,-36.08],[147.23,-36.1],[147.21,-36.1],[147.23,-36.13],[147.27,-36.36],[147.29,-36.53],[147.29,-36.57],[147.29,-36.77],[147.23,-36.95],[147.19,-37.01],[147.2,-37.02],[147.29,-37.1],[147.42,-37.29],[147.51,-37.41],[147.55,-37.48],[147.71,-37.41],[147.79,-37.35],[147.88,-37.28],[148.04,-37.18],[148,-37.1],[147.84,-36.97],[147.81,-36.74],[147.81,-36.48],[147.81,-36.28],[147.81,-36.08]]]},"properties":{"NAME":"Jaitmatang","SUBJECTO":"Jaitmatang","BORDERPRECISION":3}},
{"type":"Feature","geometry":{"type":"Polygon","coordinates":[[[124.37,-27.52],[124.39,-27.51],[124.42,-27.52],[124.61,-27.61],[124.83,-27.78],[125.07,-28.03],[125.27,-28.13],[125.46,-28.29],[125.79,-28.48],[125.93,-28.56],[126.3,-28.67],[126.56,-28.83],[126.65,-28.88],[126.94,-28.83],[127.13,-28.63],[127.28,-28.56],[127.37,-28.52],[127.28,-28.15],[127.32,-27.79],[127.23,-27.27],[127.14,-26.86],[127.01,-26.61],[126.95,-26.58],[126.84,-26.58],[126.38,-26.44],[126.11,-26.22],[125.78,-26.1],[125.49,-25.91],[125.26,-25.91],[124.88,-26.14],[124.71,-26.42],[124.64,-26.61],[124.53,-26.85],[124.49,-27.16],[124.39,-27.4],[124.37,-27.47],[124.36,-27.46],[124.37,-27.52]]]},"properties":{"NAME":"Mandjindja","SUBJECTO":"Mandjindja","BORDERPRECISION":3}},
{"type":"Feature","geometry":{"type":"Polygon","coordinates":[[[127.45,-28.59],[127.64,-28.79],[127.86,-29.06],[128.34,-29.5],[128.47,-29.78],[128.45,-30.11],[128.46,-30.13],[128.78,-30.11],[129.06,-30.1],[129.34,-30.09],[129.73,-30.11],[130.16,-30.12],[130.87,-30.18],[131.09,-30.2],[131.25,-30.21],[131.35,-30.22],[131.02,-30.12],[130.66,-29.95],[130.56,-29.89],[130.51,-29.86],[130.3,-29.75],[129.99,-29.47],[129.9,-29.13],[129.83,-28.63],[129.84,-28.37],[129.59,-28.36],[129.19,-28.36],[128.57,-28.4],[127.99,-28.44],[127.56,-28.56],[127.45,-28.59]]]},"properties":{"NAME":"Ngalea","SUBJECTO":"Ngalea","BORDERPRECISION":3}},
{"type":"Feature","geometry":{"type":"Polygon","coordinates":[[[144.25,-37.43],[144.28,-37.58],[144.35,-37.73],[144.4,-37.88],[144.53,-37.95],[144.57,-37.95],[144.61,-37.94],[144.73,-37.92],[144.89,-37.87],[144.99,-37.86],[145.15,-37.94],[145.39,-38.03],[145.68,-38.21],[146.05,-38.36],[146.31,-38.38],[146.32,-38.32],[146.32,-38.22],[146.32,-38.13],[146.41,-37.97],[146.39,-37.83],[146.29,-37.66],[146.18,-37.52],[146.17,-37.49],[146.16,-37.49],[145.88,-37.49],[145.63,-37.4],[145.47,-37.35],[145.18,-37.24],[144.94,-37.16],[144.76,-37.14],[144.59,-37.14],[144.47,-37.15],[144.47,-37.16],[144.43,-37.19],[144.42,-37.21],[144.46,-37.24],[144.47,-37.26],[144.51,-37.3],[144.53,-37.32],[144.55,-37.34],[144.41,-37.43],[144.36,-37.41],[144.3,-37.41],[144.25,-37.43]]]},"properties":{"NAME":"Wurundjeri","SUBJECTO":"Wurundjeri","BORDERPRECISION":3}},
{"type":"Feature","geometry":{"type":"Polygon","coordinates":[[[117.81,-20.62],[117.79,-20.64],[117.8,-20.69],[117.84,-20.89],[117.88,-21.04],[117.92,-21.16],[117.98,-21.31],[117.98,-21.33],[118.11,-21.43],[118.39,-21.55],[118.62,-21.63],[118.64,-21.6],[118.64,-21.54],[118.7,-21.31],[118.74,-21.15],[118.8,-20.99],[118.81,-20.62],[118.76,-20.5],[118.67,-20.42],[118.62,-20.37],[118.61,-20.38],[118.19,-20.41],[117.97,-20.47],[117.81,-20.62]]]},"properties":{"NAME":"Kariyarra","SUBJECTO":"Kariyarra","BORDERPRECISION":3}},
{"type":"Feature","geometry":{"type":"Polygon","coordinates":[[[144.17,-38.49],[144.21,-38.44],[144.1,-38.43],[144,-38.4],[143.87,-38.47],[143.72,-38.57],[143.6,-38.57],[143.59,-38.57],[143.57,-38.57],[143.53,-38.57],[143.46,-38.54],[143.44,-38.53],[143.45,-38.57],[143.34,-38.64],[143.26,-38.73],[143.15,-38.75],[143.11,-38.77],[143.22,-38.86],[143.34,-38.89],[143.52,-38.91],[143.73,-38.83],[143.94,-38.69],[144.06,-38.57],[144.17,-38.49]]]},"properties":{"NAME":"Gadubanud","SUBJECTO":"Gadubanud","BORDERPRECISION":3}},
{"type":"Feature","geometry":{"type":"Polygon","coordinates":[[[144.58,-36.58],[144.84,-36.6],[145.15,-36.58],[145.34,-36.57],[145.42,-36.51],[145.48,-36.41],[145.55,-36.29],[145.59,-36.2],[145.5,-36.21],[145.26,-36.21],[145,-36.19],[144.85,-36.14],[144.8,-36.28],[144.77,-36.37],[144.68,-36.47],[144.62,-36.53],[144.61,-36.54],[144.58,-36.58]]]},"properties":{"NAME":"Ngurraiillam","SUBJECTO":"Ngurraiillam","BORDERPRECISION":3}},
{"type":"Feature","geometry":{"type":"Polygon","coordinates":[[[122.89,-17.04],[122.93,-16.99],[123.05,-16.95],[123.06,-16.94],[123.02,-16.86],[122.95,-16.76],[122.93,-16.73],[122.86,-16.73],[122.79,-16.74],[122.76,-16.74],[122.73,-16.74],[122.67,-16.74],[122.65,-16.74],[122.56,-16.9],[122.54,-16.92],[122.55,-16.93],[122.55,-16.94],[122.56,-16.94],[122.64,-16.99],[122.73,-17],[122.79,-17.01],[122.86,-17.03],[122.89,-17.04]]]},"properties":{"NAME":"Nyul Nyul","SUBJECTO":"Nyul Nyul","BORDERPRECISION":3}},
{"type":"Feature","geometry":{"type":"Polygon","coordinates":[[[146.09,-36.49],[146.04,-36.37],[145.9,-36.24],[145.82,-36.11],[145.79,-36.09],[145.76,-36.08],[145.67,-36.11],[145.63,-36.15],[145.6,-36.19],[145.59,-36.2],[145.55,-36.29],[145.48,-36.41],[145.42,-36.51],[145.34,-36.57],[145.15,-36.58],[144.84,-36.6],[144.58,-36.58],[144.57,-36.57],[144.54,-36.57],[144.48,-36.56],[144.38,-36.55],[144.28,-36.57],[144.27,-36.58],[144.18,-36.64],[144.18,-36.73],[144.21,-36.85],[144.25,-37.01],[144.32,-37.13],[144.34,-37.14],[144.37,-37.16],[144.47,-37.15],[144.59,-37.14],[144.76,-37.14],[144.94,-37.16],[145.18,-37.24],[145.47,-37.35],[145.63,-37.4],[145.88,-37.49],[146.16,-37.49],[146.17,-37.49],[146.16,-37.44],[146.16,-37.43],[146.41,-37.34],[146.68,-37.23],[146.9,-37.08],[146.95,-37.06],[146.95,-37.02],[146.84,-36.99],[146.66,-36.99],[146.53,-36.92],[146.31,-36.72],[146.22,-36.62],[146.09,-36.49]]]},"properties":{"NAME":"Taungurung","SUBJECTO":"Taungurung","BORDERPRECISION":3}},
{"type":"Feature","geometry":{"type":"Polygon","coordinates":[[[133.01,-26.46],[133.07,-26.72],[133.11,-26.89],[133.24,-27.25],[133.34,-27.8],[133.51,-28.21],[133.46,-28.39],[133.56,-28.43],[133.63,-28.55],[134.11,-28.69],[134.35,-28.85],[134.53,-28.94],[134.63,-28.82],[134.77,-28.4],[134.92,-27.89],[135.01,-27.44],[135.21,-27.18],[135.07,-27.02],[134.69,-26.69],[134.17,-26.25],[133.87,-26.08],[133.81,-26.12],[133.32,-26.31],[133.12,-26.44],[133.01,-26.46]]]},"properties":{"NAME":"Antakarinja","SUBJECTO":"Antakarinja","BORDERPRECISION":3}},
{"type":"Feature","geometry":{"type":"Polygon","coordinates":[[[130.96,-16.42],[131.08,-16.47],[131.26,-16.55],[131.35,-16.62],[131.36,-16.72],[131.39,-16.7],[131.56,-16.6],[131.7,-16.5],[131.74,-16.43],[131.78,-16.43],[131.94,-16.31],[132.04,-16.23],[132.11,-16.11],[132.14,-16],[132.14,-15.94],[132.06,-15.85],[131.94,-15.78],[131.85,-15.79],[131.52,-15.83],[131.43,-15.81],[131.4,-15.81],[131.4,-15.79],[131.37,-15.79],[131.37,-15.91],[131.33,-15.99],[131.1,-16],[130.91,-16.07],[130.89,-16.09],[130.87,-16.1],[130.9,-16.26],[130.97,-16.36],[130.96,-16.4],[130.96,-16.42]]]},"properties":{"NAME":"Karangpurru","SUBJECTO":"Karangpurru","BORDERPRECISION":3}},
{"type":"Feature","geometry":{"type":"Polygon","coordinates":[[[116.27,-21.39],[116.1,-21.58],[115.93,-21.79],[115.64,-22.12],[115.39,-22.34],[115.32,-22.4],[115.31,-22.41],[115.19,-22.5],[115.44,-22.52],[115.65,-22.56],[115.81,-22.57],[115.94,-22.47],[115.95,-22.46],[116,-22.45],[116.17,-22.42],[116.3,-22.42],[116.42,-22.43],[116.53,-22.49],[116.61,-22.58],[116.75,-22.66],[116.86,-22.77],[116.88,-22.79],[116.96,-22.87],[116.98,-22.87],[116.99,-22.88],[117.3,-22.81],[117.45,-22.77],[117.46,-22.74],[117.49,-22.68],[117.54,-22.61],[117.6,-22.45],[117.71,-22.27],[117.77,-22.12],[117.82,-22.09],[117.82,-22.07],[117.81,-22.06],[117.67,-21.94],[117.48,-21.82],[117.26,-21.73],[117.14,-21.64],[117.1,-21.53],[116.94,-21.42],[116.88,-21.41],[116.84,-21.4],[116.69,-21.38],[116.52,-21.34],[116.45,-21.33],[116.37,-21.31],[116.35,-21.35],[116.27,-21.39]]]},"properties":{"NAME":"Kurrama","SUBJECTO":"Kurrama","BORDERPRECISION":3}},
{"type":"Feature","geometry":{"type":"Polygon","coordinates":[[[140.6,-25.49],[140.58,-25.53],[140.48,-25.72],[140.42,-25.92],[140.5,-25.95],[140.57,-25.97],[140.82,-26.07],[140.94,-26.15],[141.09,-26.26],[141.06,-26.22],[141.09,-26.19],[141.26,-25.92],[141.38,-25.56],[141.76,-25.14],[142.04,-24.86],[142.24,-24.43],[142.42,-24.21],[142.36,-24.17],[142.21,-24.08],[141.99,-24.08],[141.67,-24.11],[141.37,-24.13],[141.08,-24.06],[140.83,-23.99],[140.58,-23.93],[140.57,-24.09],[140.6,-24.38],[140.6,-24.43],[140.52,-24.45],[140.53,-24.5],[140.65,-24.77],[140.73,-24.97],[140.7,-25.24],[140.61,-25.46],[140.6,-25.49]]]},"properties":{"NAME":"Karuwali","SUBJECTO":"Karuwali","BORDERPRECISION":3}},
{"type":"Feature","geometry":{"type":"Polygon","coordinates":[[[141.73,-15.21],[141.7,-15.33],[141.7,-15.34],[141.69,-15.54],[141.66,-15.87],[141.66,-15.89],[141.66,-15.92],[141.66,-16.15],[141.76,-16.49],[141.77,-16.7],[141.78,-16.81],[141.79,-16.91],[141.79,-16.92],[142.06,-17.05],[142.38,-17.2],[142.86,-17.38],[142.94,-17.25],[142.95,-17.24],[142.97,-17.2],[143.18,-17],[143.37,-16.86],[143.45,-16.73],[143.5,-16.69],[143.54,-16.64],[143.51,-16.61],[143.49,-16.59],[143.31,-16.51],[142.95,-16.38],[142.73,-16.3],[142.83,-16.16],[143.22,-16],[143.56,-16],[143.58,-16.01],[143.66,-16.04],[143.66,-16.03],[143.7,-15.74],[143.7,-15.22],[143.7,-14.99],[143.7,-14.97],[143.7,-14.94],[143.49,-14.84],[143.4,-14.83],[143.22,-14.81],[142.54,-14.82],[142.15,-14.87],[141.95,-14.92],[141.9,-14.93],[141.83,-14.94],[141.75,-15.14],[141.73,-15.21]]]},"properties":{"NAME":"Kunjen","SUBJECTO":"Kunjen","BORDERPRECISION":3}},
{"type":"Feature","geometry":{"type":"Polygon","coordinates":[[[148.58,-22.33],[148.51,-22.34],[148.5,-22.34],[148.28,-22.48],[148.08,-22.6],[147.92,-22.67],[147.9,-22.68],[147.9,-22.73],[147.9,-22.75],[148,-22.87],[148.01,-22.85],[148.05,-22.87],[148.08,-22.89],[148.21,-23.04],[148.38,-23.31],[148.53,-23.48],[148.54,-23.52],[148.61,-23.45],[148.96,-23.31],[149.21,-23.21],[149.19,-23.18],[149.03,-22.95],[149.03,-22.81],[148.93,-22.68],[148.87,-22.61],[148.8,-22.45],[148.85,-22.39],[148.87,-22.36],[148.85,-22.33],[148.75,-22.29],[148.66,-22.31],[148.58,-22.33]]]},"properties":{"NAME":"Gabalbara","SUBJECTO":"Gabalbara","BORDERPRECISION":3}},
{"type":"Feature","geometry":{"type":"Polygon","coordinates":[[[138,-33.46],[137.98,-33.46],[137.91,-33.52],[137.9,-33.7],[137.86,-33.88],[137.72,-34.08],[137.51,-34.46],[137.56,-34.91],[137.5,-35.03],[137.39,-35.09],[137.11,-35.07],[137.07,-35.12],[137.04,-35.29],[136.99,-35.4],[137.32,-35.34],[137.54,-35.31],[137.67,-35.25],[137.72,-35.21],[137.88,-34.69],[137.92,-34.63],[137.94,-34.51],[138.01,-34.31],[138.05,-34.19],[138.05,-34.16],[138.04,-34.15],[138.03,-34.03],[138.01,-33.94],[137.99,-33.79],[137.99,-33.58],[137.99,-33.47],[138,-33.46]]]},"properties":{"NAME":"Narangga","SUBJECTO":"Narangga","BORDERPRECISION":3}},
{"type":"Feature","geometry":{"type":"Polygon","coordinates":[[[121.69,-27.86],[121.94,-27.69],[122.1,-27.56],[122.5,-27.29],[122.82,-26.78],[122.96,-26.56],[122.89,-26.49],[122.78,-26.16],[122.78,-26.03],[122.62,-26.01],[122.5,-26.01],[122.28,-26.05],[121.94,-26.1],[121.77,-26.27],[121.52,-26.36],[121.29,-26.4],[121.2,-26.47],[121.03,-26.49],[120.83,-26.43],[120.84,-26.47],[120.85,-26.59],[120.89,-26.78],[120.93,-26.91],[121.01,-27.06],[121.1,-27.19],[121.15,-27.28],[121.28,-27.4],[121.31,-27.53],[121.32,-27.53],[121.37,-27.56],[121.49,-27.65],[121.57,-27.72],[121.61,-27.79],[121.69,-27.86]]]},"properties":{"NAME":"Nana","SUBJECTO":"Nana","BORDERPRECISION":3}},
{"type":"Feature","geometry":{"type":"Polygon","coordinates":[[[152.22,-27.22],[152.23,-27.24],[152.31,-27.43],[152.42,-27.63],[152.43,-27.75],[152.57,-27.75],[152.69,-27.75],[152.74,-27.75],[152.75,-27.73],[152.85,-27.7],[153.06,-27.65],[153.12,-27.63],[153.09,-27.58],[153.03,-27.47],[153.01,-27.47],[153,-27.48],[153.02,-27.49],[153,-27.5],[153.01,-27.53],[152.98,-27.54],[152.88,-27.5],[152.85,-27.49],[152.76,-27.45],[152.72,-27.44],[152.71,-27.33],[152.63,-27.32],[152.55,-27.26],[152.51,-27.21],[152.37,-27.2],[152.24,-27.22],[152.22,-27.22]]]},"properties":{"NAME":"Yuggera","SUBJECTO":"Yuggera","BORDERPRECISION":3}},
{"type":"Feature","geometry":{"type":"MultiPolygon","coordinates":[[[[142.89,-33.94],[142.9,-33.97],[143.21,-33.77],[143.29,-33.79],[143.48,-33.69],[143.54,-33.65],[143.56,-33.64],[143.9,-33.3],[144.17,-33.08],[144.27,-32.96],[144.24,-32.95],[144.24,-32.94],[144.23,-32.86],[144.22,-32.75],[144.28,-32.36],[144.38,-32.14],[144.49,-31.78],[144.71,-31.56],[144.38,-31.63],[144.07,-31.61],[143.91,-31.86],[143.58,-32.17],[143.2,-32.46],[142.97,-32.65],[142.76,-32.9],[142.68,-33.2],[142.78,-33.55],[142.89,-33.94]]],[[[142.84,-33.99],[142.79,-33.94],[142.79,-34.03],[142.83,-34.01],[142.85,-34],[142.84,-33.99]]]]},"properties":{"NAME":"Barindji","SUBJECTO":"Barindji","BORDERPRECISION":3}},
{"type":"Feature","geometry":{"type":"Polygon","coordinates":[[[134.14,-12.08],[134.04,-12.06],[134.04,-12.26],[134.07,-12.26],[134.12,-12.26],[134.12,-12.24],[134.14,-12.18],[134.17,-12.12],[134.21,-12.1],[134.23,-12.1],[134.14,-12.08]]]},"properties":{"NAME":"Gunibidji","SUBJECTO":"Gunibidji","BORDERPRECISION":3}},
{"type":"Feature","geometry":{"type":"Polygon","coordinates":[[[133.2,-14.87],[133.4,-14.91],[133.7,-14.94],[133.7,-15.06],[133.76,-15.02],[133.82,-14.94],[133.84,-14.9],[133.86,-14.89],[133.9,-14.84],[133.93,-14.77],[134.07,-14.74],[134.03,-14.72],[133.92,-14.64],[133.73,-14.51],[133.56,-14.39],[133.47,-14.31],[133.46,-14.32],[133.45,-14.45],[133.43,-14.57],[133.38,-14.68],[133.2,-14.87]]]},"properties":{"NAME":"Mangarayi","SUBJECTO":"Mangarayi","BORDERPRECISION":3}},
{"type":"Feature","geometry":{"type":"Polygon","coordinates":[[[153.16,-27.7],[153.15,-27.68],[153.13,-27.69],[153.09,-27.72],[153.05,-27.75],[152.96,-27.8],[152.8,-27.85],[152.7,-27.9],[152.62,-27.95],[152.54,-27.99],[152.42,-27.97],[152.26,-27.97],[152.07,-27.97],[151.98,-27.99],[151.87,-28.04],[151.82,-28.13],[151.78,-28.16],[151.73,-28.19],[151.68,-28.25],[151.69,-28.32],[151.69,-28.34],[151.73,-28.41],[151.82,-28.49],[151.9,-28.65],[151.96,-28.76],[151.96,-28.92],[151.98,-28.96],[152.02,-28.98],[152.04,-29],[152.07,-29.06],[152.09,-29.16],[152.1,-29.32],[152.08,-29.42],[152.07,-29.46],[152.06,-29.48],[152.07,-29.51],[152.09,-29.53],[152.19,-29.52],[152.26,-29.52],[152.46,-29.54],[152.66,-29.6],[152.81,-29.61],[152.87,-29.6],[152.95,-29.52],[153.06,-29.38],[153.21,-29.32],[153.3,-29.32],[153.33,-29.31],[153.34,-29.25],[153.36,-29.16],[153.49,-28.84],[153.48,-28.52],[153.48,-28.5],[153.4,-28.13],[153.3,-27.91],[153.16,-27.7]]]},"properties":{"NAME":"Bundjalung","SUBJECTO":"Bundjalung","BORDERPRECISION":3}},
{"type":"Feature","geometry":{"type":"Polygon","coordinates":[[[114.97,-30.34],[114.99,-30.4],[115.11,-30.78],[115.3,-31.14],[115.35,-31.25],[115.43,-31.39],[115.92,-31.37],[116.03,-31.42],[116.16,-31.47],[116.26,-31.43],[116.39,-31.39],[116.55,-30.85],[116.68,-30.41],[116.82,-30.1],[116.83,-30.05],[116.78,-30.03],[116.76,-30],[116.72,-30],[116.64,-30.01],[116.63,-30.04],[116.5,-30.11],[116.36,-30.15],[116.15,-30.22],[115.66,-30.27],[115.48,-30.3],[115.21,-30.31],[115.02,-30.37],[114.97,-30.32],[114.97,-30.34]]]},"properties":{"NAME":"Yuat","SUBJECTO":"Yuat","BORDERPRECISION":3}},
{"type":"Feature","geometry":{"type":"Polygon","coordinates":[[[149.44,-35.37],[149.44,-35.33],[149.48,-35.31],[149.62,-35.23],[149.47,-35.15],[149.38,-35.09],[149.14,-34.93],[149.13,-34.92],[149.09,-34.89],[149.06,-34.88],[148.79,-34.72],[148.56,-34.54],[148.4,-34.38],[148.27,-34.45],[148.14,-34.69],[148.14,-34.98],[148.14,-35.15],[148.38,-35.15],[148.57,-35.18],[148.84,-35.24],[149.26,-35.35],[149.44,-35.37]]]},"properties":{"NAME":"Ngunawal","SUBJECTO":"Ngunawal","BORDERPRECISION":3}},
{"type":"Feature","geometry":{"type":"Polygon","coordinates":[[[140.4,-20.8],[140.5,-20.54],[140.78,-20.25],[141.12,-20.11],[141.28,-20.06],[141.25,-20],[141.17,-19.79],[141.14,-19.6],[141.12,-19.4],[141.11,-19.4],[140.9,-19.46],[140.66,-19.71],[140.47,-19.87],[140.21,-20.15],[140.09,-20.19],[140.14,-20.35],[140.2,-20.51],[140.37,-20.76],[140.4,-20.8]]]},"properties":{"NAME":"Mayi-Thakurti","SUBJECTO":"Mayi-Thakurti","BORDERPRECISION":3}},
{"type":"Feature","geometry":{"type":"Polygon","coordinates":[[[141.93,-12],[141.92,-12.01],[141.92,-12.04],[141.91,-12.09],[141.91,-12.11],[141.92,-12.12],[141.92,-12.13],[141.93,-12.15],[141.93,-12.18],[141.94,-12.18],[141.99,-12.18],[142.09,-12.14],[142.16,-12.09],[142.15,-12.06],[142.15,-12.03],[142.15,-12],[142.12,-12],[142.02,-11.99],[141.97,-11.99],[141.94,-11.98],[141.93,-12]]]},"properties":{"NAME":"Teppathiggi","SUBJECTO":"Teppathiggi","BORDERPRECISION":3}},
{"type":"Feature","geometry":{"type":"Polygon","coordinates":[[[135.43,-15.84],[135.42,-16.05],[135.4,-16.33],[135.46,-16.37],[135.67,-16.46],[135.86,-16.62],[136.03,-16.77],[136.03,-16.81],[136.03,-16.86],[136.53,-17.14],[136.58,-17.16],[136.56,-17.14],[136.56,-17.06],[136.56,-16.97],[136.54,-16.78],[136.55,-16.5],[136.55,-16.35],[136.61,-16.1],[136.61,-16.09],[136.64,-16.09],[136.65,-16.05],[136.55,-15.94],[136.14,-15.63],[135.91,-15.51],[135.81,-15.52],[135.79,-15.53],[135.73,-15.54],[135.67,-15.7],[135.49,-15.76],[135.44,-15.77],[135.43,-15.84]]]},"properties":{"NAME":"Binbinga","SUBJECTO":"Binbinga","BORDERPRECISION":3}},
{"type":"Feature","geometry":{"type":"Polygon","coordinates":[[[136.7,-18.07],[136.73,-18.07],[136.71,-17.9],[136.72,-17.61],[136.74,-17.26],[136.68,-17.24],[136.58,-17.16],[136.53,-17.14],[136.03,-16.86],[136.03,-16.95],[135.97,-17.16],[135.76,-17.36],[135.62,-17.54],[135.58,-17.56],[135.7,-17.67],[135.8,-17.69],[136.12,-17.81],[136.36,-17.96],[136.64,-18.05],[136.7,-18.07]]]},"properties":{"NAME":"Gunindiri","SUBJECTO":"Gunindiri","BORDERPRECISION":3}},
{"type":"Feature","geometry":{"type":"Polygon","coordinates":[[[145.52,-20.52],[145.28,-20.45],[144.9,-20.41],[144.31,-20.47],[144.09,-20.49],[144.1,-20.45],[143.67,-20.49],[143.1,-20.47],[143.09,-20.54],[143.08,-20.61],[143.06,-20.74],[143.12,-21.05],[143.26,-21.28],[143.32,-21.49],[143.32,-21.62],[143.32,-21.68],[143.33,-21.78],[143.33,-22.09],[143.22,-22.4],[143.36,-22.19],[143.41,-22.13],[143.84,-22.01],[144.46,-21.97],[144.89,-21.97],[145.3,-22.13],[145.75,-22.33],[145.84,-22.37],[145.88,-22.39],[145.89,-22.37],[145.87,-22.16],[145.78,-22.01],[145.69,-21.92],[145.61,-21.76],[145.6,-21.71],[145.59,-21.69],[145.55,-21.55],[145.47,-21.28],[145.47,-20.94],[145.61,-20.56],[145.59,-20.52],[145.56,-20.53],[145.52,-20.52]]]},"properties":{"NAME":"Yirandali","SUBJECTO":"Yirandali","BORDERPRECISION":3}},
{"type":"Feature","geometry":{"type":"Polygon","coordinates":[[[145.4,-18.12],[145.4,-18.15],[145.52,-18.35],[145.68,-18.48],[145.69,-18.45],[145.68,-18.43],[145.72,-18.43],[145.75,-18.44],[145.85,-18.51],[145.97,-18.54],[146.08,-18.51],[145.92,-18.26],[145.98,-18.01],[145.97,-18.01],[145.84,-18.03],[145.72,-18.06],[145.56,-18.14],[145.44,-18.14],[145.4,-18.12]]]},"properties":{"NAME":"Wargamaygan","SUBJECTO":"Wargamaygan","BORDERPRECISION":3}},
{"type":"Feature","geometry":{"type":"Polygon","coordinates":[[[142.38,-31.41],[142.37,-31.39],[142.34,-31.32],[142.34,-31.21],[142.49,-31],[142.78,-30.92],[143.26,-30.87],[143.26,-30.85],[143.26,-30.76],[143.26,-30.43],[143.29,-29.95],[143.35,-29.79],[143.36,-29.74],[143.06,-29.72],[142.38,-29.63],[142.17,-29.63],[142.14,-29.63],[142.06,-29.63],[142.06,-29.65],[142.14,-29.65],[142.14,-29.73],[142.14,-29.76],[142.14,-29.9],[141.99,-30.28],[141.72,-30.68],[141.39,-31.03],[141.15,-31.28],[141.09,-31.32],[141.04,-31.35],[141.12,-31.4],[141.59,-31.41],[141.8,-31.43],[142.33,-31.43],[142.33,-31.42],[142.38,-31.41]]]},"properties":{"NAME":"Bandjigali","SUBJECTO":"Bandjigali","BORDERPRECISION":3}},
{"type":"Feature","geometry":{"type":"Polygon","coordinates":[[[148.75,-24.26],[149.02,-24.38],[149.05,-24.39],[149.07,-24.4],[149.17,-23.99],[149.27,-23.84],[149.43,-23.95],[149.61,-24.11],[149.68,-24.21],[149.74,-24.53],[149.84,-24.94],[149.94,-24.93],[149.99,-24.93],[150,-24.92],[150.12,-24.92],[150.41,-24.84],[150.58,-24.8],[150.61,-24.79],[150.65,-24.78],[150.71,-24.77],[150.82,-24.64],[150.84,-24.48],[150.84,-24.33],[150.78,-24.22],[150.75,-24.16],[150.75,-24.14],[150.74,-24.12],[150.6,-23.75],[150.57,-23.7],[150.54,-23.67],[150.51,-23.61],[150.34,-23.57],[150.32,-23.56],[150.08,-23.5],[149.71,-23.55],[149.56,-23.46],[149.44,-23.39],[149.34,-23.28],[149.29,-23.17],[149.28,-23.18],[149.21,-23.21],[148.96,-23.31],[148.61,-23.45],[148.54,-23.52],[148.51,-23.55],[148.51,-23.56],[148.51,-23.75],[148.54,-23.9],[148.6,-24.11],[148.69,-24.19],[148.73,-24.23],[148.75,-24.26]]]},"properties":{"NAME":"Gangulu","SUBJECTO":"Gangulu","BORDERPRECISION":3}},
{"type":"Feature","geometry":{"type":"Polygon","coordinates":[[[116.03,-31.42],[115.98,-31.42],[115.82,-31.42],[115.59,-31.41],[115.51,-31.44],[115.49,-31.55],[115.56,-31.66],[115.68,-31.93],[115.75,-32.21],[115.76,-32.47],[115.76,-32.49],[115.8,-32.49],[116.03,-32.44],[116.14,-32.39],[116.16,-32.38],[116.27,-32.29],[116.55,-32.15],[116.6,-32.14],[116.67,-31.99],[116.7,-31.83],[116.71,-31.66],[116.63,-31.57],[116.5,-31.51],[116.39,-31.47],[116.26,-31.43],[116.16,-31.47],[116.03,-31.42]]]},"properties":{"NAME":"Wajuk","SUBJECTO":"Wajuk","BORDERPRECISION":3}},
{"type":"Feature","geometry":{"type":"Polygon","coordinates":[[[140.8,-17.73],[140.8,-17.75],[140.81,-17.93],[140.82,-18.17],[140.83,-18.17],[140.86,-18.24],[140.9,-18.31],[141,-18.63],[141.03,-18.81],[141.11,-19.23],[141.11,-19.36],[141.11,-19.4],[141.12,-19.4],[141.14,-19.39],[141.47,-19.29],[141.78,-19.27],[142.26,-19.31],[142.58,-19.39],[142.82,-19.51],[142.85,-19.45],[142.85,-19.43],[142.94,-19.21],[142.95,-18.95],[142.94,-18.81],[142.93,-18.78],[142.89,-18.77],[142.71,-18.74],[142.34,-18.66],[142.03,-18.52],[141.76,-18.38],[141.59,-18.28],[141.38,-18.16],[141.31,-17.95],[141.31,-17.81],[141.31,-17.63],[141.26,-17.53],[141.26,-17.52],[141.23,-17.46],[141.17,-17.49],[141.16,-17.49],[140.97,-17.6],[140.84,-17.7],[140.8,-17.73]]]},"properties":{"NAME":"Mayi-Kulan","SUBJECTO":"Mayi-Kulan","BORDERPRECISION":3}},
{"type":"Feature","geometry":{"type":"Polygon","coordinates":[[[134.4,-17.87],[134.44,-17.81],[134.44,-17.8],[134.45,-17.78],[134.51,-17.54],[134.51,-17.24],[134.49,-17.2],[134.48,-17.2],[134.45,-17.21],[134.31,-16.97],[134.01,-16.71],[133.87,-16.56],[133.66,-16.38],[133.51,-16.24],[133.49,-16.23],[133.43,-16.39],[133.39,-16.42],[133.42,-16.56],[133.41,-16.78],[133.41,-16.96],[133.45,-17.13],[133.5,-17.31],[133.46,-17.5],[133.38,-17.64],[133.29,-17.7],[133.28,-17.74],[133.35,-17.75],[133.34,-17.95],[133.34,-18.17],[133.42,-18.25],[133.43,-18.25],[133.49,-18.03],[133.99,-18.15],[133.79,-17.98],[134.23,-17.94],[134.35,-17.94],[134.4,-17.87]]]},"properties":{"NAME":"Jingili","SUBJECTO":"Jingili","BORDERPRECISION":3}},
{"type":"Feature","geometry":{"type":"Polygon","coordinates":[[[145.22,-15.66],[145.2,-15.4],[145.12,-15.48],[145.15,-15.59],[145.03,-15.77],[144.87,-15.89],[144.8,-15.91],[144.77,-15.93],[144.63,-15.99],[144.27,-16.1],[144.03,-16.09],[143.87,-16.12],[143.87,-16.14],[143.87,-16.25],[143.89,-16.31],[143.88,-16.49],[143.89,-16.49],[143.94,-16.49],[144.01,-16.64],[144.22,-16.87],[144.37,-17.12],[144.59,-17.32],[144.72,-17.41],[144.76,-17.43],[144.83,-17.41],[145.28,-17.36],[145.31,-17.36],[145.38,-17.35],[145.36,-17.31],[145.34,-17.26],[145.32,-17.24],[145.27,-17.11],[145.27,-17.1],[145.27,-16.97],[145.34,-16.63],[145.39,-16.55],[145.36,-16.52],[145.33,-16.49],[145.35,-16.01],[145.24,-15.71],[145.22,-15.66]]]},"properties":{"NAME":"Kuku-yalanji","SUBJECTO":"Kuku-yalanji","BORDERPRECISION":3}},
{"type":"Feature","geometry":{"type":"Polygon","coordinates":[[[142.18,-12.09],[142.28,-12.13],[142.33,-12.17],[142.41,-12.27],[142.59,-12.39],[142.62,-12.45],[142.64,-12.49],[142.64,-12.5],[142.86,-12.62],[142.92,-12.62],[142.94,-12.62],[142.93,-12.5],[142.88,-12.34],[142.86,-12.31],[142.85,-12.28],[142.81,-12.21],[142.74,-12.07],[142.71,-12],[142.71,-12.02],[142.69,-12.02],[142.63,-12.02],[142.35,-12.02],[142.2,-12.01],[142.16,-12],[142.15,-12],[142.15,-12.03],[142.15,-12.06],[142.16,-12.09],[142.17,-12.08],[142.18,-12.09]]]},"properties":{"NAME":"Mpalitjanh","SUBJECTO":"Mpalitjanh","BORDERPRECISION":3}},
{"type":"Feature","geometry":{"type":"Polygon","coordinates":[[[116.45,-21.29],[116.44,-21.21],[116.3,-20.98],[116.25,-20.92],[116.2,-20.95],[116.13,-20.98],[115.87,-21.19],[115.57,-21.46],[115.35,-21.6],[114.8,-21.88],[114.69,-21.95],[114.79,-22.06],[114.9,-22.19],[115.13,-22.4],[115.29,-22.4],[115.3,-22.4],[115.32,-22.4],[115.39,-22.34],[115.64,-22.12],[115.93,-21.79],[116.1,-21.58],[116.27,-21.39],[116.35,-21.35],[116.37,-21.31],[116.45,-21.33],[116.45,-21.29]]]},"properties":{"NAME":"Nhuwala","SUBJECTO":"Nhuwala","BORDERPRECISION":3}},
{"type":"Feature","geometry":{"type":"Polygon","coordinates":[[[149.42,-26.19],[149.49,-26.18],[149.53,-26.13],[149.68,-26.13],[149.85,-26.1],[149.97,-25.99],[149.98,-25.91],[149.98,-25.89],[149.99,-25.85],[150,-25.69],[150,-25.68],[150.04,-25.69],[150.05,-25.62],[150.01,-25.38],[150.01,-25.18],[150.01,-24.96],[150,-24.92],[149.99,-24.93],[149.94,-24.94],[149.9,-24.96],[149.61,-25.04],[149.15,-25.14],[149.04,-25.18],[149.03,-25.18],[149.02,-25.18],[149.02,-25.19],[149.02,-25.29],[149.02,-25.54],[148.99,-25.78],[148.97,-25.96],[148.92,-26.09],[148.91,-26.12],[149.03,-26.16],[149.21,-26.19],[149.42,-26.19]]]},"properties":{"NAME":"Yiman","SUBJECTO":"Yiman","BORDERPRECISION":3}},
{"type":"Feature","geometry":{"type":"Polygon","coordinates":[[[126.3,-18.94],[126.3,-18.95],[126.31,-19.02],[126.44,-19.1],[126.6,-19.1],[126.69,-19.08],[126.83,-19.16],[126.85,-19.17],[127.06,-19.27],[127.35,-19.36],[127.73,-19.43],[127.78,-19.42],[127.8,-19.42],[127.96,-19.31],[128.41,-19.24],[128.74,-19.24],[128.75,-19.25],[128.77,-19.25],[128.86,-19.17],[129.14,-18.92],[129.16,-18.45],[129.13,-18.18],[129.03,-18.01],[129.15,-18.17],[129.27,-18.32],[129.28,-18.22],[129.2,-17.93],[129.05,-17.83],[129.06,-17.85],[129,-17.82],[128.98,-17.81],[128.88,-17.78],[128.78,-17.66],[128.64,-17.61],[128.43,-17.56],[128.33,-17.55],[128.29,-17.56],[128.23,-17.72],[128.06,-17.94],[127.86,-18.02],[127.68,-18.17],[127.55,-18.26],[127.39,-18.33],[127.2,-18.41],[127.03,-18.47],[126.89,-18.48],[126.81,-18.48],[126.77,-18.56],[126.72,-18.67],[126.51,-18.78],[126.39,-18.83],[126.3,-18.89],[126.3,-18.94]]]},"properties":{"NAME":"Jaru","SUBJECTO":"Jaru","BORDERPRECISION":3}},
{"type":"Feature","geometry":{"type":"MultiPolygon","coordinates":[[[[130.1,-14.13],[130.11,-14.13],[130.11,-14.12],[130.05,-14.09],[130.04,-14.09],[129.99,-14.11],[129.92,-14.1],[129.89,-14.1],[129.87,-14.13],[129.86,-14.2],[129.86,-14.27],[129.87,-14.33],[129.9,-14.37],[129.93,-14.36],[129.98,-14.38],[130.02,-14.41],[130.01,-14.39],[129.99,-14.34],[130.01,-14.28],[130.03,-14.2],[130.09,-14.13],[130.1,-14.13]]],[[[130,-14.43],[130.03,-14.44],[130.03,-14.43],[130.02,-14.41],[130,-14.43]]]]},"properties":{"NAME":"Ngan’gikurunggurr","SUBJECTO":"Ngan’gikurunggurr","BORDERPRECISION":3}},
{"type":"Feature","geometry":{"type":"Polygon","coordinates":[[[143.48,-33.69],[143.47,-33.7],[143.61,-33.78],[143.87,-33.93],[144.09,-34.11],[144.17,-34.14],[144.18,-34.15],[144.29,-34.19],[144.45,-34.19],[144.56,-34.15],[144.61,-34.1],[144.65,-34.07],[144.66,-34.02],[144.67,-33.89],[144.93,-33.67],[145.06,-33.56],[144.51,-33.19],[144.31,-32.96],[144.27,-32.96],[144.17,-33.08],[143.9,-33.3],[143.56,-33.64],[143.54,-33.65],[143.48,-33.69]]]},"properties":{"NAME":"Yitha Yitha","SUBJECTO":"Yitha Yitha","BORDERPRECISION":3}},
{"type":"Feature","geometry":{"type":"MultiPolygon","coordinates":[[[[142.6,-13.07],[142.59,-13.08],[142.61,-13.07],[142.6,-13.07]]],[[[142.13,-12.82],[142.09,-12.83],[142.05,-12.88],[142.04,-12.9],[142.05,-12.91],[142.02,-12.96],[141.99,-13.06],[141.99,-13.07],[141.99,-13.09],[141.98,-13.15],[141.98,-13.2],[141.98,-13.19],[142.26,-13.11],[142.35,-13.1],[142.29,-13.04],[142.23,-12.96],[142.16,-12.86],[142.14,-12.81],[142.13,-12.82]]]]},"properties":{"NAME":"Mbeiwum","SUBJECTO":"Mbeiwum","BORDERPRECISION":3}},
{"type":"Feature","geometry":{"type":"Polygon","coordinates":[[[132.21,-12.8],[132.22,-12.77],[132.24,-12.58],[132.24,-12.43],[132.22,-12.34],[132.18,-12.34],[131.82,-12.37],[131.68,-12.38],[131.63,-12.39],[131.62,-12.44],[131.62,-12.63],[131.61,-12.79],[131.61,-12.91],[131.66,-12.93],[131.72,-12.95],[131.81,-13],[131.91,-13.02],[132.07,-12.96],[132.13,-12.88],[132.21,-12.8]]]},"properties":{"NAME":"Limilngan","SUBJECTO":"Limilngan","BORDERPRECISION":3}},
{"type":"Feature","geometry":{"type":"Polygon","coordinates":[[[118.22,-30.86],[118.27,-30.91],[118.35,-31.07],[118.5,-31.22],[118.65,-31.34],[118.77,-31.43],[118.87,-31.53],[119.12,-31.7],[119.51,-31.89],[119.92,-32.18],[120.02,-32.06],[120.17,-31.89],[120.28,-31.74],[120.42,-31.64],[120.7,-31.41],[120.96,-31.25],[121.09,-31.19],[121.22,-31.11],[121.2,-31.1],[121.03,-30.93],[120.74,-30.63],[120.51,-30.06],[120,-29.32],[119.44,-28.76],[119.42,-28.75],[119.39,-28.74],[118.69,-28.56],[118.37,-28.38],[118.22,-28.3],[117.89,-28.35],[117.53,-28.57],[117.18,-28.84],[117.11,-28.9],[116.84,-29.01],[116.31,-29.21],[116.33,-29.25],[116.52,-29.6],[116.76,-30],[116.78,-30.03],[116.83,-30.05],[116.95,-30.12],[117.05,-30.22],[117.23,-30.3],[117.32,-30.36],[117.43,-30.4],[117.48,-30.42],[117.79,-30.57],[117.92,-30.67],[117.98,-30.69],[118.08,-30.74],[118.09,-30.74],[118.22,-30.86]]]},"properties":{"NAME":"Kalaamaya","SUBJECTO":"Kalaamaya","BORDERPRECISION":3}},
{"type":"Feature","geometry":{"type":"Polygon","coordinates":[[[116.54,-23.02],[116.46,-22.97],[116.25,-22.89],[116.09,-22.8],[116,-22.72],[115.96,-22.64],[115.93,-22.63],[115.9,-22.62],[115.87,-22.71],[115.81,-22.83],[115.73,-22.84],[115.73,-22.85],[115.77,-22.87],[115.78,-22.92],[115.98,-23.01],[116.28,-23.21],[116.69,-23.4],[117.03,-23.56],[117.15,-23.62],[117.18,-23.51],[117.19,-23.37],[117.19,-23.35],[117.19,-23.33],[117.1,-23.31],[116.86,-23.21],[116.67,-23.09],[116.59,-23.04],[116.54,-23.02]]]},"properties":{"NAME":"Jiwarli","SUBJECTO":"Jiwarli","BORDERPRECISION":3}},
{"type":"Feature","geometry":{"type":"Polygon","coordinates":[[[125.11,-15.21],[125.1,-15.26],[125.22,-15.22],[125.36,-15.22],[125.46,-15.33],[125.41,-15.46],[125.61,-15.59],[125.75,-15.73],[125.85,-15.51],[125.9,-15.31],[125.95,-14.87],[126,-14.74],[126,-14.69],[126,-14.65],[126,-14.54],[125.97,-14.48],[125.92,-14.57],[125.86,-14.69],[125.5,-14.68],[125.32,-14.73],[125.16,-14.8],[125.17,-15.04],[125.11,-15.21]]]},"properties":{"NAME":"Wunambul","SUBJECTO":"Wunambul","BORDERPRECISION":3}},
{"type":"Feature","geometry":{"type":"Polygon","coordinates":[[[139.26,-21.52],[139.26,-22.08],[139.31,-22],[139.49,-22],[140.01,-22.09],[140.22,-22.11],[140.24,-22.12],[140.29,-22.16],[140.31,-22.04],[140.3,-21.95],[140.3,-21.92],[140.37,-21.78],[140.32,-21.79],[140.24,-21.81],[140.06,-21.72],[139.61,-21.6],[139.26,-21.52]]]},"properties":{"NAME":"Yalarrnga","SUBJECTO":"Yalarrnga","BORDERPRECISION":3}},
{"type":"Feature","geometry":{"type":"Polygon","coordinates":[[[133.02,-17.73],[133.03,-17.73],[133.26,-17.72],[133.29,-17.7],[133.38,-17.64],[133.46,-17.5],[133.5,-17.31],[133.45,-17.13],[133.41,-16.96],[133.41,-16.78],[133.42,-16.56],[133.39,-16.42],[133.39,-16.41],[133.37,-16.42],[133.19,-16.49],[132.88,-16.49],[132.63,-16.42],[132.53,-16.26],[132.43,-16.16],[132.39,-16.19],[132.23,-16.31],[131.93,-16.44],[131.78,-16.43],[131.74,-16.43],[131.7,-16.5],[130.98,-17.55],[130.98,-17.83],[130.99,-17.88],[130.99,-17.91],[131.21,-17.94],[131.41,-17.95],[131.49,-17.96],[131.51,-17.97],[131.64,-17.91],[132.01,-17.8],[132.28,-17.69],[133.02,-17.73]]]},"properties":{"NAME":"Mudburra","SUBJECTO":"Mudburra","BORDERPRECISION":3}},
{"type":"Feature","geometry":{"type":"Polygon","coordinates":[[[135.78,-35.11],[135.94,-34.84],[136.11,-34.53],[136.4,-34.28],[136.65,-34.12],[136.66,-34.1],[136.8,-33.95],[136.79,-33.95],[136.7,-33.96],[136.49,-33.96],[136.19,-33.72],[136.01,-33.51],[135.94,-33.31],[135.79,-33.14],[135.52,-32.89],[135.49,-32.87],[135.47,-32.85],[135.46,-32.84],[135.37,-32.75],[135.2,-32.6],[135.01,-32.48],[134.93,-32.38],[134.84,-32.44],[134.42,-32.78],[134.15,-33.05],[134.11,-33.03],[134.15,-33.15],[134.21,-33.26],[134.24,-33.27],[134.42,-33.29],[134.63,-33.27],[134.71,-33.36],[134.84,-33.69],[135.15,-34.05],[135.24,-34.2],[135.36,-34.46],[135.53,-35.05],[135.6,-35.11],[135.78,-35.11]]]},"properties":{"NAME":"Nawu","SUBJECTO":"Nawu","BORDERPRECISION":3}},
{"type":"Feature","geometry":{"type":"Polygon","coordinates":[[[134.68,-13.94],[134.79,-13.9],[134.92,-13.86],[135.14,-13.8],[135.26,-13.67],[135.27,-13.65],[135.3,-13.62],[135.34,-13.56],[135.31,-13.54],[135.22,-13.49],[135.05,-13.27],[135.05,-13.11],[135.03,-13.12],[134.87,-13.12],[134.75,-13.18],[134.47,-13.33],[134.33,-13.42],[134.35,-13.64],[134.37,-13.78],[134.45,-13.89],[134.68,-13.94]]]},"properties":{"NAME":"Ngalkbun","SUBJECTO":"Ngalkbun","BORDERPRECISION":3}},
{"type":"Feature","geometry":{"type":"Polygon","coordinates":[[[140.52,-24.45],[140.24,-24.51],[139.88,-24.63],[139.64,-24.71],[139.6,-24.65],[139.6,-24.67],[139.54,-24.89],[139.46,-25.07],[139.37,-25.22],[139.48,-25.2],[139.86,-25.19],[140.22,-25.31],[140.5,-25.42],[140.6,-25.49],[140.61,-25.46],[140.7,-25.24],[140.73,-24.97],[140.65,-24.77],[140.53,-24.5],[140.52,-24.45]]]},"properties":{"NAME":"Mithaka","SUBJECTO":"Mithaka","BORDERPRECISION":3}},
{"type":"Feature","geometry":{"type":"Polygon","coordinates":[[[149.02,-24.38],[148.99,-24.59],[148.99,-24.88],[148.99,-25.12],[149.03,-25.17],[149.03,-25.18],[149.04,-25.18],[149.15,-25.14],[149.61,-25.04],[149.9,-24.96],[149.94,-24.94],[149.94,-24.93],[149.84,-24.94],[149.74,-24.53],[149.68,-24.21],[149.61,-24.11],[149.43,-23.95],[149.27,-23.84],[149.17,-23.99],[149.07,-24.4],[149.05,-24.39],[149.02,-24.38]]]},"properties":{"NAME":"Wadjigu","SUBJECTO":"Wadjigu","BORDERPRECISION":3}},
{"type":"Feature","geometry":{"type":"Polygon","coordinates":[[[138.33,-33.31],[138.37,-33.19],[138.36,-33.01],[138.26,-32.7],[138.19,-32.5],[138.12,-32.32],[138.16,-32.27],[138.14,-32.28],[138.03,-32.34],[137.86,-32.41],[137.71,-32.45],[137.65,-32.5],[137.64,-32.57],[137.64,-32.7],[137.66,-32.79],[137.71,-32.89],[137.77,-32.94],[137.76,-32.99],[137.8,-33.01],[137.83,-33.02],[137.87,-32.75],[138.02,-32.97],[138.17,-33.19],[138.19,-33.29],[138.17,-33.32],[138.32,-33.3],[138.33,-33.31]]]},"properties":{"NAME":"Nukunu","SUBJECTO":"Nukunu","BORDERPRECISION":3}},
{"type":"Feature","geometry":{"type":"Polygon","coordinates":[[[143.36,-29.74],[143.35,-29.79],[143.29,-29.95],[143.26,-30.43],[143.26,-30.76],[143.26,-30.85],[143.26,-30.87],[143.27,-31.22],[143.41,-31.38],[143.43,-31.4],[143.49,-31.47],[143.53,-31.51],[143.55,-31.53],[143.87,-31.61],[143.99,-31.61],[144.07,-31.61],[144.38,-31.63],[144.71,-31.56],[144.73,-31.53],[144.8,-31.46],[144.85,-31.41],[145.06,-31.02],[145.12,-30.78],[144.91,-30.47],[144.95,-30.27],[144.99,-30.27],[144.99,-30.18],[144.99,-30.17],[145.03,-29.76],[145.1,-29.48],[145.38,-29.12],[145.45,-28.97],[145.48,-28.9],[145.43,-28.9],[145.04,-28.85],[144.69,-28.79],[144.57,-28.77],[144.48,-28.75],[143.92,-28.75],[143.69,-28.74],[143.64,-28.74],[143.5,-28.73],[143.37,-28.77],[143.29,-28.8],[143.32,-29.17],[143.39,-29.66],[143.36,-29.74]]]},"properties":{"NAME":"Barundji","SUBJECTO":"Barundji","BORDERPRECISION":3}},
{"type":"Feature","geometry":{"type":"Polygon","coordinates":[[[152.97,-25.87],[152.9,-25.63],[152.83,-25.47],[152.76,-25.42],[152.72,-25.41],[152.7,-25.44],[152.63,-25.59],[152.65,-25.73],[152.66,-25.91],[152.69,-26.02],[152.92,-25.89],[152.97,-25.87]]]},"properties":{"NAME":"Badtjala","SUBJECTO":"Badtjala","BORDERPRECISION":3}},
{"type":"Feature","geometry":{"type":"Polygon","coordinates":[[[118.57,-24.34],[118.57,-24.39],[118.61,-24.4],[118.88,-24.46],[119.08,-24.54],[119.3,-24.69],[119.48,-24.79],[119.71,-24.93],[119.72,-24.93],[119.83,-24.71],[119.88,-24.43],[119.86,-24.17],[119.81,-23.94],[119.7,-23.66],[119.63,-23.53],[119.62,-23.53],[119.47,-23.54],[119.14,-23.55],[118.85,-23.54],[118.79,-23.58],[118.72,-23.73],[118.65,-23.9],[118.58,-24.13],[118.57,-24.34]]]},"properties":{"NAME":"Ngalawangka","SUBJECTO":"Ngalawangka","BORDERPRECISION":3}},
{"type":"Feature","geometry":{"type":"Polygon","coordinates":[[[141.09,-26.26],[141.2,-26.39],[141.47,-26.54],[141.68,-26.69],[141.93,-26.94],[141.94,-26.95],[141.95,-26.96],[142.13,-26.53],[142.26,-26.42],[142.42,-26.42],[142.57,-26.42],[142.71,-26.51],[143.53,-25.6],[143.68,-25.47],[143.69,-25.43],[143.71,-25.33],[143.71,-25.31],[143.75,-25.28],[143.76,-25.26],[143.28,-24.75],[143.06,-24.47],[142.95,-24.56],[142.94,-24.57],[142.56,-24.31],[142.5,-24.26],[142.42,-24.21],[142.24,-24.43],[142.04,-24.86],[141.76,-25.14],[141.38,-25.56],[141.26,-25.92],[141.09,-26.19],[141.06,-26.22],[141.09,-26.26]]]},"properties":{"NAME":"Birria","SUBJECTO":"Birria","BORDERPRECISION":3}},
{"type":"Feature","geometry":{"type":"Polygon","coordinates":[[[122.84,-18.54],[122.81,-18.76],[122.74,-19],[122.75,-19.02],[122.76,-19.03],[123.15,-19.13],[123.33,-19.36],[123.59,-19.67],[123.8,-20.04],[123.84,-20.42],[123.84,-20.53],[124.26,-20.53],[124.72,-20.22],[124.9,-20.2],[124.96,-20.2],[125,-20.15],[125.11,-19.88],[124.96,-19.32],[124.86,-19.22],[124.8,-18.96],[124.8,-18.78],[124.86,-18.7],[124.86,-18.61],[124.86,-18.59],[124.81,-18.58],[124.7,-18.56],[124.65,-18.43],[124.59,-18.35],[124.46,-18.25],[124.38,-18.22],[124.36,-18.21],[124.35,-18.21],[124.15,-18.34],[124.05,-18.52],[124.01,-18.7],[123.88,-18.8],[123.65,-18.68],[123.46,-18.51],[123.32,-18.44],[123.26,-18.44],[123.22,-18.44],[123.14,-18.44],[122.97,-18.45],[122.93,-18.45],[122.92,-18.46],[122.91,-18.47],[122.9,-18.48],[122.84,-18.54]]]},"properties":{"NAME":"Mangala","SUBJECTO":"Mangala","BORDERPRECISION":3}},
{"type":"Feature","geometry":{"type":"Polygon","coordinates":[[[132.89,-12.77],[132.87,-12.73],[132.85,-12.74],[132.79,-12.73],[132.73,-12.71],[132.7,-12.7],[132.7,-12.69],[132.71,-12.74],[132.67,-12.76],[132.68,-12.78],[132.71,-12.8],[132.71,-12.81],[132.72,-12.81],[132.76,-12.8],[132.83,-12.82],[132.84,-12.83],[132.86,-12.81],[132.86,-12.78],[132.88,-12.78],[132.89,-12.77]]]},"properties":{"NAME":"Bukurnidja","SUBJECTO":"Bukurnidja","BORDERPRECISION":3}},
{"type":"Feature","geometry":{"type":"Polygon","coordinates":[[[121.24,-31.1],[121.62,-31.1],[122.28,-31.04],[122.81,-30.98],[123.19,-30.94],[123.35,-30.92],[123.55,-30.95],[123.56,-30.9],[123.52,-30.73],[123.51,-30.64],[123.51,-30.47],[123.48,-30.36],[123.41,-30.11],[123.2,-29.75],[123.1,-29.58],[122.97,-29.38],[122.84,-29.15],[122.73,-28.94],[122.64,-28.85],[122.63,-28.73],[122.63,-28.7],[122.54,-28.65],[122.32,-28.7],[122.3,-28.7],[122.14,-28.75],[122.1,-28.77],[121.85,-28.84],[121.35,-28.86],[121.2,-28.82],[121.1,-28.78],[120.85,-28.8],[120.59,-28.8],[120.36,-28.81],[120.01,-28.84],[119.87,-28.85],[119.73,-28.97],[119.76,-28.99],[120.22,-29.4],[120.65,-29.86],[120.74,-30.15],[120.96,-30.58],[120.99,-30.73],[121.03,-30.93],[121.2,-31.1],[121.24,-31.1]]]},"properties":{"NAME":"Wangkathaa","SUBJECTO":"Wangkathaa","BORDERPRECISION":3}},
{"type":"Feature","geometry":{"type":"Polygon","coordinates":[[[137.76,-32.99],[137.77,-32.94],[137.71,-32.89],[137.66,-32.79],[137.64,-32.7],[137.64,-32.57],[137.65,-32.5],[137.71,-32.45],[137.86,-32.41],[138.03,-32.34],[138.14,-32.28],[138.16,-32.27],[138.17,-32.27],[138.4,-32.19],[138.49,-32.15],[138.65,-32.12],[138.77,-32.06],[138.79,-32.06],[138.84,-32.03],[138.84,-31.87],[138.65,-31.73],[138.63,-31.72],[138.56,-31.69],[138.53,-31.68],[138.48,-31.66],[138.46,-31.65],[138.37,-31.58],[138.22,-31.51],[138.03,-31.41],[137.79,-31.28],[137.61,-31.23],[137.6,-31.23],[137.6,-31.22],[137.6,-31.21],[137.47,-31.31],[137.08,-31.63],[136.78,-31.76],[136.19,-31.88],[136.05,-31.81],[135.66,-31.96],[135.36,-32.12],[134.94,-32.37],[134.93,-32.38],[135.01,-32.48],[135.2,-32.6],[135.37,-32.75],[135.46,-32.84],[135.49,-32.87],[135.52,-32.89],[135.79,-33.14],[135.94,-33.31],[136.01,-33.51],[136.19,-33.72],[136.49,-33.96],[136.7,-33.96],[136.79,-33.95],[136.92,-33.93],[137.05,-33.87],[137.18,-33.76],[137.26,-33.6],[137.41,-33.36],[137.44,-33.28],[137.54,-33.17],[137.72,-33.11],[137.76,-33],[137.76,-32.99]]]},"properties":{"NAME":"Banggarla","SUBJECTO":"Banggarla","BORDERPRECISION":3}},
{"type":"Feature","geometry":{"type":"Polygon","coordinates":[[[140.89,-22.43],[140.82,-22.54],[140.68,-22.77],[140.52,-23.28],[140.54,-23.57],[140.53,-23.9],[140.53,-23.92],[140.58,-23.93],[140.83,-23.99],[141.08,-24.06],[141.37,-24.13],[141.67,-24.11],[141.99,-24.08],[142.21,-24.08],[142.36,-24.17],[142.42,-24.21],[142.5,-24.26],[142.56,-24.31],[142.94,-24.57],[142.95,-24.56],[143.06,-24.47],[143.15,-24.39],[143.32,-23.99],[143.44,-23.82],[143.41,-23.78],[143.33,-23.68],[143.18,-23.44],[143.07,-23.12],[143.09,-22.87],[143.17,-22.63],[143.18,-22.58],[143.19,-22.52],[142.95,-22.52],[142.49,-22.65],[142.1,-22.82],[141.59,-22.57],[141.27,-22.35],[141.04,-22.28],[141.01,-22.27],[140.98,-22.31],[140.93,-22.38],[140.89,-22.43]]]},"properties":{"NAME":"Maiawali","SUBJECTO":"Maiawali","BORDERPRECISION":3}},
{"type":"Feature","geometry":{"type":"Polygon","coordinates":[[[136.73,-18.07],[136.73,-18.08],[136.87,-18.11],[137.18,-18.32],[137.35,-18.41],[137.68,-18.38],[137.8,-18.44],[138.06,-18.52],[138.11,-18.52],[138.14,-18.52],[138.41,-18.24],[138.41,-18],[138.4,-17.99],[138.38,-17.93],[138.32,-17.76],[138.19,-17.6],[138.08,-17.57],[138.05,-17.57],[137.86,-17.64],[137.74,-17.52],[137.56,-17.51],[137.36,-17.48],[137.14,-17.42],[136.94,-17.3],[136.85,-17.29],[136.82,-17.29],[136.74,-17.26],[136.72,-17.61],[136.71,-17.9],[136.73,-18.07]]]},"properties":{"NAME":"Waanyi","SUBJECTO":"Waanyi","BORDERPRECISION":3}},
{"type":"Feature","geometry":{"type":"Polygon","coordinates":[[[142.07,-28.38],[141.77,-28.56],[141.6,-28.62],[141.35,-28.71],[141.15,-28.82],[140.97,-28.87],[140.99,-28.92],[141.03,-29.05],[141.03,-29.26],[140.95,-29.47],[140.82,-29.61],[140.46,-29.78],[140.3,-29.83],[140.25,-29.86],[140.19,-30.05],[140.17,-30.09],[140.24,-30.06],[140.27,-30.05],[140.84,-29.86],[141.66,-29.65],[142.05,-29.65],[142.06,-29.65],[142.06,-29.63],[142.14,-29.63],[142.14,-29.52],[142.13,-29.26],[142.11,-29.07],[142.1,-28.69],[142.12,-28.42],[142.09,-28.4],[142.07,-28.38]]]},"properties":{"NAME":"Wadigali","SUBJECTO":"Wadigali","BORDERPRECISION":3}},
{"type":"Feature","geometry":{"type":"Polygon","coordinates":[[[151.57,-33.22],[151.6,-33.19],[151.52,-33.18],[151.43,-33.16],[151.41,-33.21],[151.38,-33.26],[151.24,-33.39],[151.2,-33.39],[151.19,-33.41],[151.11,-33.55],[151.07,-33.66],[151.02,-33.74],[151.03,-33.74],[151.1,-33.77],[151.19,-33.78],[151.31,-33.77],[151.36,-33.52],[151.56,-33.23],[151.57,-33.22]]]},"properties":{"NAME":"Guringai","SUBJECTO":"Guringai","BORDERPRECISION":3}},
{"type":"Feature","geometry":{"type":"Polygon","coordinates":[[[115.8,-23.87],[115.81,-23.84],[115.77,-23.84],[115.79,-23.78],[115.8,-23.75],[115.72,-23.72],[115.44,-23.67],[115.27,-23.57],[115.05,-23.42],[114.92,-23.4],[114.79,-23.35],[114.74,-23.34],[114.71,-23.33],[114.68,-23.32],[114.64,-23.37],[114.65,-23.54],[114.52,-23.88],[114.52,-23.92],[114.52,-23.98],[114.63,-24],[114.87,-24.11],[115.1,-24.34],[115.26,-24.49],[115.32,-24.63],[115.31,-24.81],[115.22,-24.96],[115.26,-24.97],[115.37,-24.99],[115.38,-25],[115.42,-24.89],[115.48,-24.7],[115.52,-24.62],[115.58,-24.44],[115.64,-24.22],[115.71,-24.14],[115.77,-24],[115.8,-23.87]]]},"properties":{"NAME":"Tharrgari","SUBJECTO":"Tharrgari","BORDERPRECISION":3}},
{"type":"Feature","geometry":{"type":"Polygon","coordinates":[[[144.76,-17.43],[144.78,-17.44],[144.81,-17.55],[144.91,-17.55],[145.17,-17.53],[145.2,-17.57],[145.22,-17.56],[145.22,-17.55],[145.26,-17.5],[145.29,-17.43],[145.29,-17.42],[145.28,-17.36],[144.83,-17.41],[144.76,-17.43]]]},"properties":{"NAME":"Mbabaram","SUBJECTO":"Mbabaram","BORDERPRECISION":3}},
{"type":"Feature","geometry":{"type":"Polygon","coordinates":[[[125.7,-15.78],[125.73,-15.77],[125.75,-15.73],[125.61,-15.59],[125.41,-15.46],[125.46,-15.33],[125.36,-15.22],[125.22,-15.22],[125.1,-15.26],[125.08,-15.31],[125.06,-15.42],[125.11,-15.62],[125.02,-15.64],[124.69,-15.47],[124.61,-15.5],[124.42,-15.66],[124.36,-15.89],[124.4,-16.02],[124.34,-16.26],[124.53,-16.33],[124.56,-16.34],[124.76,-16.33],[124.79,-16.34],[124.78,-16.24],[124.82,-15.94],[125,-15.79],[125.22,-15.81],[125.56,-15.85],[125.7,-15.78]]]},"properties":{"NAME":"Worora","SUBJECTO":"Worora","BORDERPRECISION":3}},
{"type":"Feature","geometry":{"type":"Polygon","coordinates":[[[150.61,-24.79],[150.6,-24.93],[150.61,-25.12],[150.69,-25.4],[150.71,-25.6],[150.75,-25.65],[150.83,-25.64],[150.85,-25.64],[150.87,-25.66],[150.88,-25.65],[150.95,-25.54],[151.07,-25.4],[151.23,-25.24],[151.35,-25.1],[151.56,-25.02],[151.57,-25.02],[151.6,-25.01],[151.63,-25.02],[151.72,-25.03],[151.78,-25.12],[151.79,-25.15],[151.86,-25.17],[152.15,-25.14],[152.38,-25.06],[152.4,-25.05],[152.4,-24.97],[152.4,-24.95],[152.32,-24.82],[152.07,-24.74],[151.97,-24.55],[151.86,-24.29],[151.73,-24.16],[151.46,-24.09],[151.21,-23.95],[151.2,-23.94],[151.17,-23.92],[150.94,-24.05],[150.75,-24.14],[150.75,-24.16],[150.78,-24.22],[150.84,-24.33],[150.84,-24.48],[150.82,-24.64],[150.71,-24.77],[150.65,-24.78],[150.61,-24.79]]]},"properties":{"NAME":"Gureng Gureng","SUBJECTO":"Gureng Gureng","BORDERPRECISION":3}},
{"type":"Feature","geometry":{"type":"Polygon","coordinates":[[[137.96,-21.74],[137.97,-21.74],[138.36,-21.51],[138.65,-21.43],[138.93,-21.27],[139.09,-21],[139.08,-20.96],[139.08,-20.91],[139.04,-20.61],[138.91,-20.37],[138.93,-20.44],[138.83,-20.45],[138.41,-20.49],[138.02,-20.63],[137.76,-20.84],[137.24,-20.95],[136.75,-20.86],[136.74,-20.88],[136.72,-20.89],[136.89,-21.06],[136.98,-21.41],[137.01,-21.65],[137.3,-21.64],[137.69,-21.64],[137.94,-21.73],[137.96,-21.74]]]},"properties":{"NAME":"Bularnu","SUBJECTO":"Bularnu","BORDERPRECISION":3}},
{"type":"Feature","geometry":{"type":"Polygon","coordinates":[[[125.5,-18.41],[125.56,-18.35],[125.66,-18.24],[125.73,-18.14],[125.74,-18.12],[125.68,-18.09],[125.65,-18.07],[125.58,-17.98],[125.48,-17.91],[125.4,-17.77],[125.35,-17.67],[125.34,-17.65],[125.33,-17.64],[125.28,-17.54],[125.21,-17.44],[125.05,-17.4],[124.89,-17.4],[124.7,-17.42],[124.55,-17.42],[124.49,-17.41],[124.46,-17.41],[124.4,-17.4],[123.86,-17.32],[123.67,-17.24],[123.63,-17.21],[123.57,-17.17],[123.56,-17.21],[123.53,-17.39],[123.52,-17.5],[123.43,-17.69],[123.17,-17.86],[123.06,-18.03],[123.06,-18.04],[123.05,-18.06],[123,-18.27],[122.89,-18.45],[122.91,-18.46],[122.91,-18.47],[122.92,-18.46],[122.93,-18.45],[122.97,-18.45],[123.14,-18.44],[123.22,-18.44],[123.23,-18.43],[123.26,-18.44],[123.32,-18.44],[123.46,-18.51],[123.65,-18.68],[123.88,-18.8],[124.01,-18.7],[124.05,-18.52],[124.15,-18.34],[124.35,-18.21],[124.36,-18.21],[124.37,-18.21],[124.38,-18.22],[124.46,-18.25],[124.59,-18.35],[124.65,-18.43],[124.7,-18.56],[124.81,-18.58],[124.88,-18.48],[124.91,-18.47],[125.04,-18.49],[125.31,-18.48],[125.45,-18.42],[125.49,-18.42],[125.5,-18.41]]]},"properties":{"NAME":"Nyikina","SUBJECTO":"Nyikina","BORDERPRECISION":3}},
{"type":"Feature","geometry":{"type":"Polygon","coordinates":[[[143.32,-37.09],[143.29,-37.1],[143.02,-37.06],[142.97,-37.06],[142.95,-37.06],[142.73,-37.06],[142.63,-37.06],[142.57,-37.06],[142.53,-37.14],[142.53,-37.3],[142.53,-37.45],[142.53,-37.56],[142.43,-37.62],[142.27,-37.61],[142.19,-37.57],[142.06,-37.57],[141.97,-37.64],[141.94,-37.71],[142.03,-37.73],[142.12,-37.76],[142.28,-37.81],[142.41,-37.87],[142.56,-37.92],[142.67,-37.97],[142.71,-37.98],[142.71,-38],[142.76,-37.99],[142.86,-37.8],[142.98,-37.71],[142.98,-37.69],[142.97,-37.64],[142.89,-37.5],[142.99,-37.41],[143.09,-37.31],[143.25,-37.21],[143.31,-37.21],[143.31,-37.19],[143.3,-37.17],[143.31,-37.16],[143.32,-37.14],[143.34,-37.14],[143.35,-37.13],[143.32,-37.09]]]},"properties":{"NAME":"Djabwurung","SUBJECTO":"Djabwurung","BORDERPRECISION":3}},
{"type":"Feature","geometry":{"type":"Polygon","coordinates":[[[123.99,-16.81],[123.96,-16.74],[123.97,-16.64],[123.91,-16.57],[123.77,-16.51],[123.68,-16.47],[123.57,-16.42],[123.56,-16.44],[123.55,-16.7],[123.63,-16.8],[123.82,-16.88],[123.86,-16.86],[123.96,-16.82],[123.99,-16.82],[123.99,-16.81]]]},"properties":{"NAME":"Unggarangi","SUBJECTO":"Unggarangi","BORDERPRECISION":3}},
{"type":"Feature","geometry":{"type":"Polygon","coordinates":[[[122.89,-17.04],[122.84,-17.1],[122.81,-17.26],[122.8,-17.32],[122.8,-17.37],[122.8,-17.41],[122.81,-17.62],[122.82,-17.67],[122.82,-17.72],[122.84,-17.84],[122.92,-18],[123.05,-18.06],[123.06,-18.04],[123.06,-18.03],[123.17,-17.86],[123.43,-17.69],[123.52,-17.5],[123.53,-17.39],[123.53,-17.38],[123.5,-17.32],[123.42,-17.58],[123.3,-17.47],[123.08,-16.98],[123.06,-16.94],[123.05,-16.95],[122.93,-16.99],[122.89,-17.04]]]},"properties":{"NAME":"Nimanburu","SUBJECTO":"Nimanburu","BORDERPRECISION":3}},
{"type":"Feature","geometry":{"type":"Polygon","coordinates":[[[136.64,-16.09],[136.61,-16.09],[136.61,-16.1],[136.55,-16.35],[136.55,-16.5],[136.54,-16.78],[136.56,-16.97],[136.56,-17.06],[136.56,-17.14],[136.58,-17.16],[136.68,-17.24],[136.74,-17.26],[136.82,-17.29],[136.85,-17.29],[136.94,-17.3],[137.14,-17.42],[137.36,-17.48],[137.56,-17.51],[137.74,-17.52],[137.86,-17.64],[138.05,-17.57],[138.08,-17.57],[138.11,-17.56],[138.18,-17.4],[138.22,-17.23],[138.29,-16.93],[138.31,-16.88],[138.32,-16.86],[138.28,-16.85],[138.26,-16.84],[138.24,-16.82],[138.14,-16.8],[137.82,-16.62],[137.69,-16.42],[137.33,-16.3],[137.06,-16.17],[136.88,-16.12],[136.64,-16.09]]]},"properties":{"NAME":"Garawa","SUBJECTO":"Garawa","BORDERPRECISION":3}},
{"type":"Feature","geometry":{"type":"Polygon","coordinates":[[[142.37,-31.39],[142.38,-31.41],[142.61,-31.37],[142.94,-31.35],[143.23,-31.35],[143.41,-31.38],[143.27,-31.22],[143.26,-30.87],[142.78,-30.92],[142.49,-31],[142.34,-31.21],[142.34,-31.32],[142.37,-31.39]]]},"properties":{"NAME":"Wandjiwalgu","SUBJECTO":"Wandjiwalgu","BORDERPRECISION":3}},
{"type":"Feature","geometry":{"type":"Polygon","coordinates":[[[138.9,-20.36],[139.06,-20.4],[139.55,-20.24],[139.9,-20.23],[139.98,-20.2],[140.06,-20.16],[140.02,-20.11],[140.01,-20.1],[139.99,-20.08],[139.76,-19.83],[139.46,-19.41],[139.21,-19.16],[139.17,-19.12],[139.14,-19.09],[138.57,-18.78],[138.16,-18.55],[138.1,-18.53],[138.06,-18.52],[137.8,-18.44],[137.91,-18.5],[137.91,-18.51],[137.85,-18.78],[137.7,-19.1],[137.63,-19.31],[137.54,-19.61],[137.76,-19.69],[138.17,-19.85],[138.18,-19.85],[138.54,-19.87],[138.8,-20.1],[138.88,-20.31],[138.9,-20.36]]]},"properties":{"NAME":"Wakabunga","SUBJECTO":"Wakabunga","BORDERPRECISION":3}},
{"type":"Feature","geometry":{"type":"Polygon","coordinates":[[[130.67,-27.46],[130.64,-27.48],[130.58,-27.53],[130.44,-27.64],[130.22,-27.85],[129.85,-28.26],[129.85,-28.3],[129.84,-28.37],[129.83,-28.63],[129.9,-29.13],[129.99,-29.47],[130.3,-29.75],[130.51,-29.86],[130.56,-29.89],[130.66,-29.95],[131.02,-30.12],[131.35,-30.22],[131.36,-30.22],[131.37,-30.23],[131.41,-30.24],[131.44,-30.25],[131.85,-30.37],[133.23,-30.5],[134.32,-30.88],[134.95,-31.08],[135.87,-31.6],[136.01,-31.78],[136.03,-31.8],[136.05,-31.81],[136.19,-31.88],[136.78,-31.76],[137.08,-31.63],[137.47,-31.31],[137.6,-31.21],[137.72,-31.11],[137.74,-30.86],[137.65,-30.64],[137.47,-30.37],[137.24,-30.22],[136.98,-30.04],[136.79,-29.88],[136.73,-29.8],[136.71,-29.77],[136.58,-29.6],[136.42,-29.52],[136.14,-29.53],[135.92,-29.6],[135.38,-29.59],[135.11,-29.45],[134.86,-29.17],[134.71,-29.02],[134.58,-28.96],[134.53,-28.94],[134.35,-28.85],[134.11,-28.69],[133.63,-28.55],[133.56,-28.43],[133.46,-28.39],[133.26,-28.31],[133.25,-28.32],[132.92,-28.34],[132.6,-28.4],[132.12,-28.4],[131.72,-28.25],[131.28,-28.04],[130.98,-27.77],[130.78,-27.54],[130.7,-27.48],[130.69,-27.47],[130.67,-27.46]]]},"properties":{"NAME":"Kokatha","SUBJECTO":"Kokatha","BORDERPRECISION":3}},
{"type":"Feature","geometry":{"type":"Polygon","coordinates":[[[142.04,-12.9],[142.01,-12.87],[141.89,-12.87],[141.83,-12.85],[141.76,-12.88],[141.7,-12.91],[141.6,-13.05],[141.59,-13.15],[141.62,-13.26],[141.62,-13.35],[141.65,-13.34],[141.66,-13.39],[141.65,-13.42],[141.65,-13.48],[141.69,-13.52],[141.76,-13.52],[141.89,-13.49],[141.93,-13.36],[141.97,-13.22],[141.98,-13.2],[141.98,-13.15],[141.99,-13.09],[141.99,-13.07],[141.99,-13.06],[142.02,-12.96],[142.05,-12.91],[142.04,-12.9]]]},"properties":{"NAME":"Winda Winda","SUBJECTO":"Winda Winda","BORDERPRECISION":3}},
{"type":"Feature","geometry":{"type":"Polygon","coordinates":[[[143.72,-27.89],[143.74,-27.9],[143.76,-27.91],[143.93,-27.96],[144.15,-27.98],[144.18,-27.98],[144.2,-27.98],[144.52,-28.03],[144.77,-28.06],[144.86,-28.08],[144.9,-28.08],[144.94,-28.09],[145.15,-28.08],[145.27,-27.96],[145.34,-27.64],[145.28,-27.49],[145.24,-27.39],[145.2,-27.02],[145.13,-26.8],[145.11,-26.48],[144.91,-26.54],[144.37,-26.65],[143.98,-26.66],[143.64,-26.67],[143.56,-26.65],[143.54,-26.7],[143.54,-26.85],[143.53,-27.23],[143.56,-27.48],[143.62,-27.65],[143.66,-27.77],[143.73,-27.89],[143.72,-27.89]]]},"properties":{"NAME":"Margany","SUBJECTO":"Margany","BORDERPRECISION":3}},
{"type":"Feature","geometry":{"type":"Polygon","coordinates":[[[134.02,-12.06],[133.76,-12],[133.76,-12.01],[133.81,-12.09],[133.88,-12.16],[134.01,-12.25],[134,-12.27],[134.02,-12.27],[134.04,-12.26],[134.04,-12.06],[134.02,-12.06]]]},"properties":{"NAME":"Gunbalang","SUBJECTO":"Gunbalang","BORDERPRECISION":3}},
{"type":"Feature","geometry":{"type":"Polygon","coordinates":[[[118.73,-28.1],[118.65,-28.03],[118.54,-27.84],[118.33,-27.71],[118.1,-27.39],[118.02,-27.21],[118.03,-27.19],[118.01,-27.18],[117.98,-27.21],[117.75,-27.25],[117.57,-27.46],[117.2,-27.72],[116.76,-27.95],[116.24,-28.3],[115.88,-28.57],[115.86,-28.59],[115.82,-28.57],[115.82,-28.61],[115.87,-28.71],[115.98,-28.86],[116.08,-29.02],[116.27,-29.27],[116.31,-29.25],[116.33,-29.25],[116.31,-29.21],[116.84,-29.01],[116.92,-28.96],[117.18,-28.84],[117.53,-28.57],[117.89,-28.35],[118.22,-28.3],[118.37,-28.38],[118.42,-28.37],[118.53,-28.3],[118.65,-28.14],[118.73,-28.1]]]},"properties":{"NAME":"Badimaya","SUBJECTO":"Badimaya","BORDERPRECISION":3}},
{"type":"Feature","geometry":{"type":"Polygon","coordinates":[[[130.98,-12.98],[130.8,-12.93],[130.48,-12.89],[130.4,-12.86],[130.39,-12.89],[130.23,-13.15],[130.23,-13.28],[130.27,-13.36],[130.23,-13.43],[130.22,-13.46],[130.28,-13.44],[130.29,-13.43],[130.31,-13.42],[130.32,-13.41],[130.36,-13.39],[130.39,-13.39],[130.4,-13.38],[130.47,-13.37],[130.61,-13.37],[130.73,-13.39],[130.81,-13.41],[130.96,-13.44],[131.17,-13.45],[131.4,-13.5],[131.4,-13.48],[131.47,-13.42],[131.52,-13.41],[131.53,-13.32],[131.56,-13.28],[131.52,-13.23],[131.33,-13.14],[131.17,-13.04],[130.98,-12.98]]]},"properties":{"NAME":"Kungarakany","SUBJECTO":"Kungarakany","BORDERPRECISION":3}},
{"type":"Feature","geometry":{"type":"Polygon","coordinates":[[[133.47,-14.31],[133.56,-14.39],[133.73,-14.51],[133.92,-14.64],[134.03,-14.72],[134.07,-14.74],[134.14,-14.72],[134.15,-14.72],[134.3,-14.8],[134.49,-14.93],[134.73,-15.11],[134.9,-15.16],[134.91,-15.16],[134.97,-15.06],[134.99,-14.93],[134.93,-14.73],[134.84,-14.65],[134.81,-14.61],[134.62,-14.5],[134.39,-14.33],[134.21,-14.2],[133.96,-14.05],[133.8,-13.93],[133.64,-13.68],[133.64,-13.71],[133.59,-13.95],[133.58,-14.11],[133.48,-14.28],[133.47,-14.31]]]},"properties":{"NAME":"Ngalakan","SUBJECTO":"Ngalakan","BORDERPRECISION":3}},
{"type":"Feature","geometry":{"type":"Polygon","coordinates":[[[124.22,-31.03],[124.33,-32.02],[124.43,-32.94],[124.75,-32.9],[125.02,-32.73],[125.36,-32.6],[125.49,-32.56],[125.72,-32.41],[126.01,-32.27],[126.22,-32.23],[126.41,-32.28],[126.71,-32.3],[127.31,-32.27],[127.67,-32.14],[128,-32.08],[128.42,-31.94],[128.9,-31.71],[129.56,-31.61],[130.11,-31.57],[130.37,-31.59],[130.6,-31.59],[130.78,-31.62],[131.02,-31.55],[131.08,-31.49],[131.11,-31.46],[131.19,-31.47],[131.34,-30.99],[131.24,-30.81],[131.03,-30.77],[128.69,-30.34],[127.13,-30.37],[126.36,-30.38],[125.19,-30.65],[124.42,-30.96],[124.22,-31.03]]]},"properties":{"NAME":"Mirning","SUBJECTO":"Mirning","BORDERPRECISION":3}},
{"type":"Feature","geometry":{"type":"Polygon","coordinates":[[[152.31,-32.7],[152.45,-32.51],[152.54,-32.21],[152.58,-32.14],[152.52,-32.16],[152.2,-32.14],[152.03,-32.16],[151.91,-32.14],[151.79,-32.05],[151.71,-32.22],[151.69,-32.32],[151.61,-32.52],[151.6,-32.52],[151.61,-32.52],[151.59,-32.75],[151.58,-32.77],[151.69,-32.8],[151.83,-32.85],[151.93,-32.84],[152.01,-32.84],[152.17,-32.81],[152.25,-32.74],[152.31,-32.7]]]},"properties":{"NAME":"Worimi","SUBJECTO":"Worimi","BORDERPRECISION":3}},
{"type":"Feature","geometry":{"type":"Polygon","coordinates":[[[143.51,-16.61],[143.53,-16.59],[143.7,-16.49],[143.88,-16.49],[143.89,-16.31],[143.87,-16.25],[143.87,-16.14],[143.71,-16.15],[143.58,-16.09],[143.58,-16.01],[143.56,-16],[143.22,-16],[142.83,-16.16],[142.73,-16.3],[142.95,-16.38],[143.31,-16.51],[143.49,-16.59],[143.51,-16.61]]]},"properties":{"NAME":"Kokomini","SUBJECTO":"Kokomini","BORDERPRECISION":3}},
{"type":"Feature","geometry":{"type":"Polygon","coordinates":[[[136.73,-29.8],[136.92,-29.74],[137.19,-29.66],[137.27,-29.63],[137.27,-29.57],[137.25,-29.46],[137.15,-29.16],[137.05,-28.87],[136.9,-28.52],[136.89,-28.31],[136.9,-28.01],[136.9,-27.84],[136.89,-27.84],[136.82,-27.73],[136.8,-27.71],[136.72,-27.54],[136.58,-27.4],[136.25,-27.29],[136.14,-27.24],[135.88,-27.37],[135.37,-27.35],[135.28,-27.25],[135.21,-27.18],[135.01,-27.44],[134.92,-27.89],[134.77,-28.4],[134.63,-28.82],[134.53,-28.94],[134.58,-28.96],[134.71,-29.02],[134.86,-29.17],[135.11,-29.45],[135.38,-29.59],[135.92,-29.6],[136.14,-29.53],[136.42,-29.52],[136.58,-29.6],[136.71,-29.77],[136.73,-29.8]]]},"properties":{"NAME":"Arabana","SUBJECTO":"Arabana","BORDERPRECISION":3}},
{"type":"Feature","geometry":{"type":"Polygon","coordinates":[[[135.63,-14.53],[135.65,-14.51],[135.69,-14.46],[135.74,-14.42],[135.88,-14.2],[135.96,-13.89],[135.83,-13.73],[135.71,-13.7],[135.42,-13.61],[135.34,-13.56],[135.3,-13.62],[135.27,-13.65],[135.32,-13.69],[135.43,-13.84],[135.49,-14.02],[135.59,-14.18],[135.59,-14.35],[135.52,-14.45],[135.55,-14.46],[135.63,-14.5],[135.63,-14.53]]]},"properties":{"NAME":"Nunggubuyu","SUBJECTO":"Nunggubuyu","BORDERPRECISION":3}},
{"type":"Feature","geometry":{"type":"Polygon","coordinates":[[[130.45,-15.69],[130.62,-15.7],[130.92,-15.65],[131.15,-15.65],[131.39,-15.66],[131.34,-15.55],[131.27,-15.44],[131.11,-15.38],[131.07,-15.33],[130.98,-15.42],[130.8,-15.44],[130.55,-15.49],[130.39,-15.49],[130.42,-15.53],[130.45,-15.66],[130.45,-15.69]]]},"properties":{"NAME":"Nungali","SUBJECTO":"Nungali","BORDERPRECISION":3}},
{"type":"Feature","geometry":{"type":"Polygon","coordinates":[[[147.71,-22.48],[147.61,-22.48],[147.46,-22.48],[147.26,-22.51],[147.28,-22.53],[147.22,-22.71],[147.16,-22.99],[147.16,-23.3],[147.16,-23.33],[147.17,-23.33],[147.37,-23.26],[147.67,-23.18],[147.83,-23.06],[148,-22.87],[147.9,-22.75],[147.9,-22.73],[147.87,-22.75],[147.78,-22.65],[147.73,-22.54],[147.71,-22.48]]]},"properties":{"NAME":"Wangan","SUBJECTO":"Wangan","BORDERPRECISION":3}},
{"type":"Feature","geometry":{"type":"Polygon","coordinates":[[[148.44,-27.61],[148.45,-27.62],[148.47,-27.63],[148.47,-27.64],[148.48,-27.65],[148.49,-27.67],[148.48,-27.67],[148.49,-27.69],[148.49,-27.7],[148.48,-27.74],[148.5,-27.78],[148.54,-27.81],[148.55,-27.8],[148.57,-27.8],[148.58,-27.8],[148.58,-27.81],[148.59,-27.81],[148.6,-27.81],[148.61,-27.8],[148.62,-27.79],[148.63,-27.79],[148.63,-27.8],[148.63,-27.81],[148.62,-27.82],[148.61,-27.83],[148.62,-27.84],[148.62,-27.83],[148.63,-27.83],[148.64,-27.83],[148.65,-27.83],[148.66,-27.83],[148.67,-27.83],[148.67,-27.82],[148.66,-27.81],[148.67,-27.81],[148.68,-27.81],[148.68,-27.8],[148.68,-27.79],[148.69,-27.78],[148.7,-27.78],[148.7,-27.77],[148.72,-27.76],[148.72,-27.75],[148.73,-27.75],[148.74,-27.74],[148.75,-27.74],[148.75,-27.73],[148.74,-27.73],[148.74,-27.72],[148.74,-27.71],[148.73,-27.7],[148.73,-27.69],[148.74,-27.69],[148.74,-27.68],[148.74,-27.67],[148.74,-27.66],[148.74,-27.65],[148.74,-27.64],[148.74,-27.63],[148.76,-27.62],[148.78,-27.62],[148.84,-27.62],[148.88,-27.65],[148.89,-27.68],[148.9,-27.75],[148.91,-27.81],[148.92,-27.88],[148.97,-27.9],[148.99,-27.93],[148.99,-27.96],[148.99,-27.98],[149,-28],[149.04,-27.99],[149.07,-27.97],[149.11,-27.96],[149.17,-27.97],[149.2,-27.98],[149.25,-27.97],[149.29,-27.95],[149.31,-27.92],[149.34,-27.86],[149.35,-27.83],[149.36,-27.81],[149.41,-27.79],[149.38,-27.73],[149.39,-27.46],[149.42,-27.33],[149.27,-27.38],[149.3,-27.18],[149.32,-26.84],[149.42,-26.48],[149.42,-26.32],[149.4,-26.32],[149.33,-26.3],[149.22,-26.32],[149.09,-26.26],[148.99,-26.24],[148.91,-26.18],[148.83,-26.12],[148.72,-26.08],[148.71,-26.07],[148.61,-26.01],[148.55,-26.01],[148.48,-26.02],[148.4,-26.02],[148.34,-26.04],[148.33,-26.05],[148.33,-26.07],[148.37,-26.08],[148.38,-26.09],[148.4,-26.12],[148.39,-26.17],[148.37,-26.33],[148.36,-26.51],[148.36,-26.52],[148.37,-26.53],[148.38,-26.58],[148.38,-26.62],[148.4,-26.69],[148.42,-26.76],[148.45,-26.9],[148.48,-26.97],[148.51,-26.99],[148.52,-27.09],[148.55,-27.21],[148.57,-27.31],[148.61,-27.39],[148.61,-27.43],[148.57,-27.46],[148.55,-27.47],[148.55,-27.48],[148.51,-27.5],[148.47,-27.52],[148.43,-27.54],[148.43,-27.55],[148.42,-27.59],[148.44,-27.61]]]},"properties":{"NAME":"Mandandanji","SUBJECTO":"Mandandanji","BORDERPRECISION":3}},
{"type":"Feature","geometry":{"type":"Polygon","coordinates":[[[141,-36.31],[140.8,-36.34],[140.52,-36.34],[140.3,-36.34],[140.13,-36.33],[140.17,-36.54],[140.24,-36.84],[140.34,-36.84],[140.48,-36.85],[140.59,-36.85],[140.68,-36.86],[140.72,-36.89],[140.79,-36.86],[140.9,-36.78],[140.99,-36.75],[141,-36.52],[141,-36.31]]]},"properties":{"NAME":"Bindjali","SUBJECTO":"Bindjali","BORDERPRECISION":3}},
{"type":"Feature","geometry":{"type":"Polygon","coordinates":[[[139.99,-20.08],[140.01,-19.85],[140.02,-19.48],[140.02,-19.03],[139.93,-18.79],[139.9,-18.49],[139.9,-18.45],[140.04,-18.41],[140,-18.22],[139.81,-17.99],[139.71,-17.96],[139.67,-17.95],[139.49,-17.91],[139.36,-17.92],[139.33,-17.93],[139.27,-18.24],[139.26,-18.56],[139.33,-18.82],[139.17,-19.12],[139.21,-19.16],[139.46,-19.41],[139.76,-19.83],[139.99,-20.08]]]},"properties":{"NAME":"Mayi-Kutuna","SUBJECTO":"Mayi-Kutuna","BORDERPRECISION":3}},
{"type":"Feature","geometry":{"type":"Polygon","coordinates":[[[117.09,-21.04],[117.07,-21.04],[117.03,-21.04],[117.01,-21.11],[116.98,-21.18],[116.91,-21.28],[116.89,-21.34],[116.88,-21.39],[116.88,-21.41],[116.94,-21.42],[117.1,-21.53],[117.14,-21.64],[117.26,-21.73],[117.48,-21.82],[117.67,-21.94],[117.81,-22.06],[117.84,-22.07],[117.89,-22.04],[118.02,-22.04],[118.2,-22.08],[118.59,-22.22],[118.91,-22.33],[118.92,-22.34],[118.93,-22.33],[118.91,-22.28],[118.92,-22.19],[118.93,-22.13],[118.98,-22.06],[119.03,-22.01],[118.96,-21.98],[118.94,-21.9],[118.89,-21.84],[118.83,-21.79],[118.72,-21.72],[118.65,-21.71],[118.65,-21.64],[118.62,-21.63],[118.39,-21.55],[118.11,-21.43],[117.98,-21.33],[117.96,-21.32],[117.91,-21.27],[117.67,-21.19],[117.56,-21.15],[117.42,-21.1],[117.18,-21.03],[117.09,-21.04]]]},"properties":{"NAME":"Yindjibarndi","SUBJECTO":"Yindjibarndi","BORDERPRECISION":3}},
{"type":"Feature","geometry":{"type":"Polygon","coordinates":[[[122.89,-18.46],[122.88,-18.45],[122.75,-18.36],[122.51,-18.26],[122.23,-18.19],[122.22,-18.19],[122.2,-18.24],[121.76,-18.54],[121.58,-18.7],[121.55,-18.77],[121.54,-18.79],[121.84,-18.84],[122.49,-18.96],[122.74,-19.03],[122.75,-19.02],[122.74,-19],[122.81,-18.76],[122.84,-18.54],[122.9,-18.48],[122.89,-18.46]]]},"properties":{"NAME":"Karajarri","SUBJECTO":"Karajarri","BORDERPRECISION":3}},
{"type":"Feature","geometry":{"type":"Polygon","coordinates":[[[150.23,-22.48],[150.13,-22.42],[150.2,-22.59],[150.19,-22.79],[150,-22.86],[149.8,-22.87],[149.58,-22.85],[149.4,-22.68],[149.34,-22.46],[149.3,-22.37],[149.29,-22.35],[149.28,-22.35],[149.11,-22.36],[148.88,-22.36],[148.87,-22.36],[148.85,-22.39],[148.8,-22.45],[148.87,-22.61],[148.93,-22.68],[149.03,-22.81],[149.03,-22.95],[149.19,-23.18],[149.21,-23.21],[149.28,-23.18],[149.29,-23.17],[149.34,-23.28],[149.44,-23.39],[149.56,-23.46],[149.71,-23.55],[150.08,-23.5],[150.32,-23.56],[150.34,-23.57],[150.51,-23.61],[150.54,-23.67],[150.57,-23.7],[150.64,-23.66],[150.78,-23.57],[150.8,-23.56],[150.8,-23.5],[150.75,-22.81],[150.69,-22.68],[150.61,-22.62],[150.36,-22.55],[150.23,-22.48]]]},"properties":{"NAME":"Darumbal","SUBJECTO":"Darumbal","BORDERPRECISION":3}},
{"type":"Feature","geometry":{"type":"MultiPolygon","coordinates":[[[[144.61,-37.94],[144.62,-37.95],[144.61,-38.03],[144.73,-38.08],[144.78,-38.06],[144.97,-38.07],[145.25,-38.23],[145.5,-38.44],[145.54,-38.51],[145.54,-38.72],[145.93,-38.88],[146.53,-39.18],[146.43,-39.06],[146.3,-38.89],[146.43,-38.9],[146.63,-38.88],[146.63,-38.87],[146.63,-38.76],[146.45,-38.75],[146.33,-38.75],[146.22,-38.73],[146.24,-38.63],[146.29,-38.44],[146.31,-38.38],[146.05,-38.36],[145.68,-38.21],[145.39,-38.03],[145.15,-37.94],[144.99,-37.86],[144.89,-37.87],[144.73,-37.92],[144.61,-37.94]]],[[[144.58,-38.5],[144.75,-38.46],[144.61,-38.37],[144.59,-38.38],[144.57,-38.41],[144.58,-38.5]]]]},"properties":{"NAME":"Boonwurrung","SUBJECTO":"Boonwurrung","BORDERPRECISION":3}},
{"type":"Feature","geometry":{"type":"Polygon","coordinates":[[[140.37,-21.78],[140.3,-21.92],[140.3,-21.95],[140.31,-22.04],[140.29,-22.16],[140.55,-22.37],[140.93,-22.38],[140.98,-22.31],[140.95,-22.3],[140.97,-22.15],[140.94,-21.95],[140.95,-21.94],[140.86,-21.96],[140.79,-21.77],[140.77,-21.72],[140.73,-21.74],[140.42,-21.76],[140.37,-21.78]]]},"properties":{"NAME":"Yanda","SUBJECTO":"Yanda","BORDERPRECISION":3}},
{"type":"Feature","geometry":{"type":"Polygon","coordinates":[[[144.49,-18.33],[144.48,-18.5],[144.48,-18.51],[144.49,-18.78],[144.49,-19.04],[144.43,-19.26],[144.27,-19.47],[144.22,-19.55],[144.16,-19.63],[144.16,-19.65],[144.15,-19.95],[144.12,-20.24],[144.12,-20.42],[144.1,-20.45],[144.09,-20.49],[144.31,-20.47],[144.9,-20.41],[145.28,-20.45],[145.52,-20.52],[145.56,-20.53],[145.59,-20.52],[145.84,-20.4],[146.07,-20.35],[146.34,-20.34],[146.6,-20.45],[146.92,-20.55],[146.93,-20.55],[147.06,-20.62],[147.14,-20.57],[147.16,-20.55],[147.22,-20.51],[147.25,-20.32],[147.27,-20.09],[147.22,-19.91],[147.21,-19.86],[147.21,-19.85],[147.02,-19.88],[146.81,-19.84],[146.81,-19.82],[146.82,-19.61],[146.85,-19.5],[146.85,-19.4],[146.79,-19.39],[146.71,-19.36],[146.67,-19.35],[146.6,-19.34],[146.57,-19.33],[146.5,-19.31],[146.35,-19.24],[146.21,-19.09],[145.96,-18.89],[145.85,-18.68],[145.83,-18.65],[145.69,-18.48],[145.68,-18.48],[145.52,-18.35],[145.4,-18.15],[145.4,-18.12],[145.39,-18.12],[145.36,-18.01],[145.34,-17.85],[145.28,-17.68],[145.21,-17.58],[145.2,-17.57],[145.17,-17.53],[144.91,-17.55],[144.81,-17.55],[144.77,-17.55],[144.65,-17.55],[144.57,-17.7],[144.57,-17.9],[144.49,-18.18],[144.49,-18.33]]]},"properties":{"NAME":"Gugu-Badhun","SUBJECTO":"Gugu-Badhun","BORDERPRECISION":3}},
{"type":"Feature","geometry":{"type":"Polygon","coordinates":[[[120.53,-32.96],[120.38,-33.01],[120.2,-33.08],[120.19,-33.09],[120.03,-33.15],[120.01,-33.16],[119.95,-33.15],[119.61,-33.14],[119.17,-33.14],[118.48,-33.11],[118.49,-33.14],[118.58,-33.28],[118.69,-33.54],[118.78,-33.75],[119.07,-33.99],[119.51,-34.34],[119.59,-34.22],[119.77,-34.12],[120.07,-34.1],[120.28,-34.12],[120.7,-34.05],[121.41,-33.97],[121.74,-33.96],[121.87,-34],[122.17,-34.18],[122.35,-34.1],[122.77,-34.03],[123.01,-34.04],[123.19,-34.04],[123.46,-33.99],[123.62,-33.92],[123.92,-33.52],[123.95,-33.48],[123.83,-33.38],[123.65,-33.14],[122.83,-33.06],[122.8,-33.16],[122.75,-33.39],[122.62,-33.38],[122.47,-33.38],[122.3,-33.4],[122.2,-33.37],[121.99,-33.33],[121.84,-33.28],[121.75,-33.24],[121.7,-33.22],[121.56,-33.16],[121.4,-33.12],[121.26,-33.12],[121.13,-33.12],[120.97,-33.12],[120.81,-33.14],[120.71,-33.17],[120.58,-33.05],[120.54,-32.97],[120.53,-32.96]]]},"properties":{"NAME":"Wudjari","SUBJECTO":"Wudjari","BORDERPRECISION":3}},
{"type":"Feature","geometry":{"type":"Polygon","coordinates":[[[130.29,-17.12],[130.28,-17.18],[130.29,-17.18],[130.29,-17.29],[130.48,-17.32],[130.73,-17.38],[130.94,-17.37],[130.94,-17.39],[130.97,-17.39],[131.18,-17.09],[131.32,-16.86],[131.39,-16.77],[131.39,-16.7],[131.36,-16.72],[131.35,-16.62],[131.26,-16.55],[131.08,-16.47],[130.96,-16.42],[130.96,-16.44],[130.91,-16.49],[130.68,-16.69],[130.5,-16.91],[130.33,-17.09],[130.29,-17.12]]]},"properties":{"NAME":"Bilinara","SUBJECTO":"Bilinara","BORDERPRECISION":3}},
{"type":"Feature","geometry":{"type":"MultiPolygon","coordinates":[[[[130.39,-13.39],[130.4,-13.39],[130.4,-13.38],[130.39,-13.39]]],[[[130.31,-13.42],[130.3,-13.43],[130.32,-13.44],[130.33,-13.45],[130.36,-13.39],[130.32,-13.41],[130.31,-13.42]]]]},"properties":{"NAME":"Tjerratj","SUBJECTO":"Tjerratj","BORDERPRECISION":3}},
{"type":"Feature","geometry":{"type":"Polygon","coordinates":[[[152.98,-31.3],[152.98,-31.27],[152.95,-31.25],[152.58,-31.26],[152.34,-31.17],[152,-31.09],[151.77,-31.07],[151.66,-31.06],[151.65,-31.06],[151.61,-31.06],[151.42,-31.05],[151.31,-31.11],[151.34,-31.16],[151.46,-31.46],[151.43,-31.61],[151.42,-31.63],[151.35,-31.64],[151.44,-31.66],[151.56,-31.74],[151.66,-31.86],[151.77,-32.04],[151.79,-32.05],[151.91,-32.14],[152.03,-32.16],[152.2,-32.14],[152.52,-32.16],[152.58,-32.14],[152.83,-31.77],[152.97,-31.42],[152.98,-31.3]]]},"properties":{"NAME":"Biripi","SUBJECTO":"Biripi","BORDERPRECISION":3}},
{"type":"Feature","geometry":{"type":"Polygon","coordinates":[[[142.12,-28.42],[142.1,-28.69],[142.11,-29.07],[142.13,-29.26],[142.14,-29.52],[142.14,-29.63],[142.17,-29.63],[142.38,-29.63],[143.06,-29.72],[143.36,-29.74],[143.39,-29.66],[143.32,-29.17],[143.29,-28.8],[143.37,-28.77],[143.02,-28.74],[142.95,-28.73],[142.66,-28.67],[142.4,-28.59],[142.32,-28.53],[142.31,-28.54],[142.27,-28.51],[142.12,-28.42]]]},"properties":{"NAME":"Karenggapa","SUBJECTO":"Karenggapa","BORDERPRECISION":3}},
{"type":"Feature","geometry":{"type":"Polygon","coordinates":[[[149.03,-25.18],[148.86,-25.2],[148.86,-25.23],[148.86,-25.25],[148.87,-25.3],[148.86,-25.37],[148.86,-25.41],[148.84,-25.44],[148.82,-25.46],[148.82,-25.48],[148.83,-25.5],[148.85,-25.53],[148.87,-25.58],[148.89,-25.64],[148.91,-25.69],[148.93,-25.74],[148.94,-25.75],[148.95,-25.77],[148.96,-25.81],[148.96,-25.83],[148.95,-25.87],[148.94,-25.89],[148.94,-25.9],[148.9,-25.89],[148.83,-25.87],[148.76,-25.86],[148.71,-25.86],[148.66,-25.85],[148.64,-25.86],[148.62,-25.86],[148.56,-25.88],[148.54,-25.89],[148.5,-25.9],[148.42,-25.92],[148.37,-25.96],[148.33,-26.03],[148.33,-26.05],[148.34,-26.04],[148.4,-26.02],[148.48,-26.02],[148.55,-26.01],[148.61,-26.01],[148.71,-26.07],[148.88,-26.09],[148.92,-26.09],[148.97,-25.96],[148.99,-25.78],[149.02,-25.54],[149.02,-25.29],[149.02,-25.19],[149.02,-25.18],[149.03,-25.18]]]},"properties":{"NAME":"Gungabula","SUBJECTO":"Gungabula","BORDERPRECISION":3}},
{"type":"Feature","geometry":{"type":"Polygon","coordinates":[[[142.87,-13.09],[142.88,-13.13],[142.9,-13.35],[142.92,-13.53],[142.92,-13.76],[142.93,-13.97],[142.95,-14.18],[143.18,-14.1],[143.3,-14.09],[143.34,-14.08],[143.36,-14.02],[143.39,-13.82],[143.4,-13.81],[143.4,-13.77],[143.42,-13.48],[143.42,-13.39],[143.42,-13.38],[143.41,-13.34],[143.34,-13.2],[143.19,-12.98],[143.16,-12.96],[143.14,-12.94],[143.11,-12.92],[142.98,-12.99],[142.97,-12.99],[142.94,-13.01],[142.86,-13.07],[142.87,-13.07],[142.87,-13.09]]]},"properties":{"NAME":"Kaantju","SUBJECTO":"Kaantju","BORDERPRECISION":3}},
{"type":"Feature","geometry":{"type":"Polygon","coordinates":[[[144.31,-32.95],[144.31,-32.96],[144.51,-33.19],[145.06,-33.56],[144.93,-33.67],[144.67,-33.89],[144.66,-34.02],[144.65,-34.07],[144.65,-34.2],[144.76,-34.63],[144.78,-34.67],[144.8,-34.69],[144.86,-34.77],[144.85,-34.78],[144.88,-34.8],[144.88,-34.81],[145,-34.98],[145.11,-35.22],[145.13,-35.26],[145.13,-35.3],[145.2,-35.73],[145.55,-35.92],[145.8,-35.99],[145.82,-35.99],[146.18,-36.08],[146.95,-36.12],[147.21,-36.1],[147.23,-36.1],[147.44,-36.08],[147.81,-36.08],[147.99,-36.08],[148.01,-36.01],[148.1,-35.64],[148.14,-35.34],[148.14,-35.21],[148.14,-35.15],[148.14,-34.98],[148.14,-34.69],[148.27,-34.45],[148.4,-34.38],[148.47,-34.34],[148.53,-34.34],[148.75,-34.31],[148.87,-34.29],[149.04,-34.26],[149.11,-34.25],[149.68,-34.09],[149.88,-33.8],[150,-33.23],[150.01,-33.19],[150.05,-32.99],[150.1,-32.82],[150.11,-32.76],[150.12,-32.73],[149.96,-32.44],[149.94,-32.41],[149.85,-32.25],[149.72,-32.1],[149.7,-32.08],[149.66,-32.03],[149.17,-31.84],[149.04,-31.78],[148.75,-31.67],[148.05,-31.67],[147.3,-31.67],[147.25,-31.68],[147.13,-31.7],[146.69,-31.78],[146.01,-32.03],[144.95,-32.6],[144.87,-32.88],[144.34,-32.86],[144.23,-32.86],[144.29,-32.93],[144.31,-32.95]]]},"properties":{"NAME":"Wiradjuri","SUBJECTO":"Wiradjuri","BORDERPRECISION":3}},
{"type":"Feature","geometry":{"type":"Polygon","coordinates":[[[146.67,-19.35],[146.71,-19.36],[146.79,-19.39],[146.8,-19.36],[146.63,-19.26],[146.63,-19.27],[146.6,-19.34],[146.67,-19.35]]]},"properties":{"NAME":"Wulgurukaba","SUBJECTO":"Wulgurukaba","BORDERPRECISION":3}},
{"type":"Feature","geometry":{"type":"Polygon","coordinates":[[[138.94,-26.19],[138.89,-26.19],[138.89,-26.34],[138.74,-26.37],[138.47,-26.36],[138.22,-26.36],[138.13,-26.4],[138.15,-26.43],[138.16,-26.46],[138.16,-26.57],[138.23,-26.76],[138.31,-26.98],[138.37,-27.26],[138.4,-27.38],[138.42,-27.36],[138.57,-27.36],[138.83,-27.37],[139.19,-27.38],[139.39,-27.32],[139.6,-27.25],[139.78,-27.23],[139.98,-27.23],[139.99,-27.16],[140.09,-26.81],[140.22,-26.46],[140.34,-26.27],[140.34,-26.26],[140.36,-26.23],[140.2,-26.28],[139.78,-26.28],[139.47,-26.2],[139.13,-26.19],[138.99,-26.19],[138.94,-26.19]]]},"properties":{"NAME":"Ngamini","SUBJECTO":"Ngamini","BORDERPRECISION":3}},
{"type":"Feature","geometry":{"type":"Polygon","coordinates":[[[143.15,-38.75],[143.26,-38.73],[143.34,-38.64],[143.45,-38.57],[143.44,-38.53],[143.44,-38.5],[143.4,-38.49],[143.39,-38.49],[143.33,-38.47],[143.22,-38.45],[143.04,-38.4],[143,-38.37],[143.01,-38.26],[143.02,-38.16],[143.05,-38.11],[143.08,-38.05],[143.08,-37.91],[143.08,-37.81],[143.05,-37.8],[143.03,-37.8],[142.99,-37.75],[142.98,-37.71],[142.86,-37.8],[142.76,-37.99],[142.71,-38],[142.71,-38.02],[142.66,-38.05],[142.66,-38.06],[142.68,-38.1],[142.69,-38.15],[142.67,-38.2],[142.67,-38.25],[142.66,-38.28],[142.64,-38.31],[142.62,-38.33],[142.6,-38.35],[142.59,-38.38],[142.55,-38.4],[142.53,-38.47],[142.64,-38.54],[142.69,-38.6],[142.81,-38.64],[142.99,-38.66],[143.13,-38.71],[143.15,-38.75]]]},"properties":{"NAME":"Giraiwurung","SUBJECTO":"Giraiwurung","BORDERPRECISION":3}},
{"type":"Feature","geometry":{"type":"Polygon","coordinates":[[[142.98,-12.99],[143.11,-12.92],[143.14,-12.94],[143.16,-12.96],[143.22,-12.93],[143.29,-12.9],[143.36,-12.87],[143.38,-12.84],[143.38,-12.83],[143.37,-12.81],[143.29,-12.69],[142.97,-12.53],[143.11,-12.25],[143.1,-12.24],[142.91,-12.28],[142.85,-12.28],[142.86,-12.31],[142.88,-12.34],[142.93,-12.5],[142.94,-12.62],[142.97,-12.68],[142.98,-12.83],[142.98,-12.98],[142.98,-12.99]]]},"properties":{"NAME":"Kuuku-ya’u","SUBJECTO":"Kuuku-ya’u","BORDERPRECISION":3}},
{"type":"Feature","geometry":{"type":"Polygon","coordinates":[[[121.33,-21.99],[121.22,-22.01],[121.19,-22.02],[121.15,-22.02],[121.12,-22.06],[121.08,-22.11],[121.1,-22.2],[121.12,-22.28],[121.12,-22.55],[121.12,-22.79],[121.12,-23.05],[121,-23.3],[120.95,-23.36],[120.96,-23.39],[120.97,-23.44],[121.06,-23.56],[121.19,-23.77],[121.45,-24],[121.71,-24.27],[121.95,-24.53],[122.26,-24.8],[122.84,-25.3],[122.87,-25.33],[122.91,-25.37],[122.95,-25.4],[122.98,-25.42],[123,-25.4],[123.1,-25.29],[123.18,-25.19],[123.35,-25.02],[124.27,-24.26],[125.26,-24.47],[125.47,-24.57],[125.53,-24.6],[125.61,-24.64],[125.88,-24.49],[126.16,-24.23],[128.01,-24.11],[127.97,-24.06],[127.89,-23.99],[127.83,-23.92],[127.43,-23.65],[127.05,-23.3],[126.93,-23.01],[126.73,-22.63],[126.56,-22.35],[126.31,-22.04],[126.2,-21.96],[126.16,-21.93],[125.99,-21.81],[125.84,-21.81],[125.52,-21.81],[125.39,-21.81],[125.21,-21.96],[124.83,-22.12],[124.39,-22.29],[124.09,-22.35],[124.08,-22.16],[124.08,-21.94],[123.89,-21.64],[123.61,-21.42],[123.41,-21.36],[123.29,-21.37],[123.27,-21.37],[123.17,-21.38],[122.76,-21.98],[122.54,-22.41],[122.2,-22.4],[121.63,-22.22],[121.4,-22.15],[121.33,-21.99]]]},"properties":{"NAME":"Mardu","SUBJECTO":"Mardu","BORDERPRECISION":3}},
{"type":"Feature","geometry":{"type":"Polygon","coordinates":[[[118.88,-34.28],[118.92,-34.29],[118.98,-34.39],[119.08,-34.48],[119.14,-34.52],[119.35,-34.55],[119.46,-34.4],[119.39,-34.33],[119.16,-34.1],[119.07,-33.99],[118.78,-33.75],[118.69,-33.54],[118.67,-33.52],[118.44,-33.17],[118.37,-33.15],[118.17,-33.25],[118.09,-33.28],[117.86,-33.39],[117.63,-33.5],[117.53,-33.55],[117.49,-33.59],[117.45,-33.65],[117.65,-33.81],[117.67,-33.95],[117.69,-33.99],[117.67,-34.02],[117.67,-34.05],[117.58,-34.26],[118.57,-34.23],[118.73,-34.25],[118.87,-34.26],[118.88,-34.28]]]},"properties":{"NAME":"Goreng","SUBJECTO":"Goreng","BORDERPRECISION":3}},
{"type":"Feature","geometry":{"type":"Polygon","coordinates":[[[134,-12.27],[134.01,-12.25],[133.88,-12.16],[133.81,-12.09],[133.76,-12.01],[133.76,-12],[133.73,-11.99],[133.56,-11.95],[133.54,-11.94],[133.45,-11.9],[133.17,-11.85],[133.14,-11.86],[133.1,-11.86],[133.1,-11.87],[133.07,-11.89],[133.06,-11.9],[133.05,-11.91],[133.04,-11.96],[133.03,-12],[133.03,-12.03],[133.01,-12.08],[133.03,-12.12],[133.07,-12.15],[133.14,-12.2],[133.19,-12.24],[133.25,-12.33],[133.33,-12.48],[133.32,-12.58],[133.3,-12.67],[133.32,-12.73],[133.32,-12.81],[133.37,-12.83],[133.4,-12.85],[133.41,-12.85],[133.44,-12.88],[133.45,-12.89],[133.49,-12.9],[133.52,-12.91],[133.58,-12.99],[133.59,-12.97],[133.62,-12.92],[133.7,-12.8],[133.78,-12.65],[133.84,-12.55],[133.91,-12.42],[133.96,-12.35],[134,-12.27]]]},"properties":{"NAME":"Gunwinggu","SUBJECTO":"Gunwinggu","BORDERPRECISION":3}},
{"type":"Feature","geometry":{"type":"Polygon","coordinates":[[[115.82,-25.2],[115.77,-25.17],[115.75,-25.18],[115.76,-25.17],[115.72,-25.15],[115.57,-25.09],[115.44,-25.01],[115.38,-25],[115.37,-24.99],[115.26,-24.97],[115.22,-24.96],[115.03,-24.94],[114.87,-24.92],[114.7,-24.85],[114.49,-24.77],[114.14,-24.67],[113.9,-24.69],[113.76,-24.73],[113.63,-24.78],[113.61,-24.81],[113.55,-24.88],[113.62,-25.09],[113.75,-25.32],[113.96,-25.63],[114.01,-25.71],[114.21,-25.77],[114.44,-25.77],[114.57,-25.77],[114.73,-25.75],[114.73,-25.71],[114.92,-25.67],[115.13,-25.68],[115.44,-25.65],[115.6,-25.62],[115.71,-25.59],[115.82,-25.55],[115.86,-25.48],[115.81,-25.29],[115.84,-25.23],[115.83,-25.21],[115.82,-25.2]]]},"properties":{"NAME":"Yinggarda","SUBJECTO":"Yinggarda","BORDERPRECISION":3}},
{"type":"Feature","geometry":{"type":"Polygon","coordinates":[[[145.87,-17.19],[145.72,-16.98],[145.71,-17.02],[145.67,-17.06],[145.61,-17.15],[145.59,-17.23],[145.55,-17.24],[145.64,-17.29],[145.72,-17.33],[145.82,-17.38],[145.95,-17.43],[145.96,-17.43],[145.87,-17.19]]]},"properties":{"NAME":"Yidinjdji","SUBJECTO":"Yidinjdji","BORDERPRECISION":3}},
{"type":"Feature","geometry":{"type":"Polygon","coordinates":[[[133.19,-22.91],[132.63,-22.78],[132.54,-22.8],[132.3,-23.01],[132.28,-23.04],[132.27,-23.04],[132.03,-23.18],[132.03,-23.66],[132.21,-23.93],[132.5,-24.31],[132.87,-24.55],[133.13,-25.03],[133.24,-25.44],[133.55,-25.76],[133.77,-26.02],[133.79,-26.03],[133.87,-26.08],[134.17,-26.25],[134.69,-26.69],[135.07,-27.02],[135.21,-27.18],[135.28,-27.25],[135.37,-27.35],[135.88,-27.37],[136.14,-27.24],[136.19,-27.22],[136.19,-27.2],[136.19,-26.73],[136.27,-26.14],[136.27,-25.64],[136.27,-25.09],[136.27,-25.06],[136.16,-24.31],[136.16,-23.75],[136.16,-23.3],[136.12,-23.13],[136.1,-23.04],[135.09,-23.02],[134.32,-23.02],[133.98,-22.98],[133.84,-22.96],[133.22,-22.92],[133.19,-22.91]]]},"properties":{"NAME":"Arrernte","SUBJECTO":"Arrernte","BORDERPRECISION":3}},
{"type":"Feature","geometry":{"type":"MultiPolygon","coordinates":[[[[142.64,-11.09],[142.34,-10.92],[142.27,-10.99],[142.31,-11.04],[142.41,-11.07],[142.52,-11.08],[142.62,-11.09],[142.65,-11.1],[142.64,-11.09]]],[[[142.69,-11.18],[142.69,-11.27],[142.7,-11.43],[142.7,-11.54],[142.7,-11.7],[142.69,-11.77],[142.77,-11.74],[142.79,-11.74],[142.77,-11.61],[142.75,-11.32],[142.69,-11.18]]]]},"properties":{"NAME":"Yadhaigana","SUBJECTO":"Yadhaigana","BORDERPRECISION":3}},
{"type":"Feature","geometry":{"type":"Polygon","coordinates":[[[139.13,-34.53],[138.97,-34.6],[138.77,-34.66],[138.79,-34.69],[138.79,-34.86],[138.71,-34.99],[138.65,-35.17],[138.58,-35.34],[139,-35.08],[139.1,-35.08],[139.14,-35],[139.16,-34.73],[139.13,-34.53]]]},"properties":{"NAME":"Peramangk","SUBJECTO":"Peramangk","BORDERPRECISION":3}},
{"type":"Feature","geometry":{"type":"Polygon","coordinates":[[[138.58,-22.11],[138.45,-22.11],[138.3,-22.38],[138.25,-22.65],[138.25,-23.04],[138.26,-23.29],[138.33,-23.47],[138.36,-23.64],[138.36,-23.67],[138.36,-23.92],[138.37,-24.31],[138.37,-24.58],[138.37,-24.71],[138.38,-24.71],[138.41,-24.85],[138.43,-24.94],[138.47,-25.24],[138.59,-25.52],[138.72,-25.74],[138.81,-25.91],[138.85,-25.97],[138.83,-25.97],[138.85,-25.99],[138.86,-26],[138.92,-25.93],[139.11,-25.68],[139.2,-25.55],[139.32,-25.31],[139.35,-25.25],[139.37,-25.22],[139.46,-25.07],[139.54,-24.89],[139.6,-24.67],[139.6,-24.65],[139.6,-24.64],[139.49,-24.49],[139.39,-24.39],[139.26,-24.27],[139.12,-24.08],[139.03,-23.9],[138.98,-23.73],[138.74,-23.39],[138.86,-23.21],[139.06,-22.95],[139.17,-22.63],[139.17,-22.39],[139.2,-22.26],[139.22,-22.16],[139.21,-22.15],[138.74,-22.12],[138.58,-22.11]]]},"properties":{"NAME":"Wangkamana","SUBJECTO":"Wangkamana","BORDERPRECISION":3}},
{"type":"Feature","geometry":{"type":"Polygon","coordinates":[[[132.22,-12.77],[132.3,-12.79],[132.37,-12.81],[132.43,-12.75],[132.43,-12.74],[132.41,-12.72],[132.4,-12.57],[132.4,-12.37],[132.4,-12.33],[132.22,-12.34],[132.24,-12.43],[132.24,-12.58],[132.22,-12.77]]]},"properties":{"NAME":"Konbudj","SUBJECTO":"Konbudj","BORDERPRECISION":3}},
{"type":"Feature","geometry":{"type":"Polygon","coordinates":[[[147.13,-23.35],[147.13,-23.56],[147.16,-23.78],[147.19,-23.95],[147.21,-23.99],[147.24,-23.99],[147.43,-24],[147.6,-24.02],[147.85,-24.03],[147.98,-24.03],[148.04,-24.05],[148.1,-24.08],[148.14,-24.1],[148.21,-24.12],[148.28,-24.17],[148.31,-24.22],[148.4,-24.29],[148.48,-24.37],[148.5,-24.38],[148.54,-24.41],[148.56,-24.42],[148.63,-24.34],[148.73,-24.23],[148.69,-24.19],[148.6,-24.11],[148.54,-23.9],[148.51,-23.75],[148.51,-23.56],[148.51,-23.55],[148.54,-23.52],[148.53,-23.48],[148.38,-23.31],[148.21,-23.04],[148.08,-22.89],[148.05,-22.87],[148.01,-22.85],[148,-22.87],[147.83,-23.06],[147.67,-23.18],[147.37,-23.26],[147.17,-23.33],[147.16,-23.34],[147.13,-23.35]]]},"properties":{"NAME":"Gayiri","SUBJECTO":"Gayiri","BORDERPRECISION":3}},
{"type":"Feature","geometry":{"type":"Polygon","coordinates":[[[137.19,-29.66],[137.54,-29.57],[138.12,-29.57],[138.45,-29.6],[138.46,-29.57],[138.48,-29.5],[138.6,-29.17],[138.66,-28.88],[138.66,-28.7],[138.69,-28.48],[138.43,-28.13],[138.26,-27.86],[138.23,-27.77],[138.18,-27.7],[138.15,-27.66],[138.08,-27.73],[137.72,-27.79],[137.43,-27.76],[136.9,-27.84],[136.9,-28.01],[136.89,-28.31],[136.9,-28.52],[137.05,-28.87],[137.15,-29.16],[137.25,-29.46],[137.27,-29.57],[137.27,-29.63],[137.19,-29.66]]]},"properties":{"NAME":"Dhirari","SUBJECTO":"Dhirari","BORDERPRECISION":3}},
{"type":"Feature","geometry":{"type":"Polygon","coordinates":[[[127.07,-26.58],[127.31,-26.59],[127.43,-26.58],[127.34,-26.53],[127.25,-26.5],[127.05,-26.42],[126.68,-26.24],[126.31,-26],[125.84,-25.68],[125.66,-25.37],[125.52,-25.05],[125.51,-24.62],[125.51,-24.61],[125.51,-24.6],[125.47,-24.57],[125.26,-24.47],[124.27,-24.26],[123.35,-25.02],[123.18,-25.19],[123.1,-25.29],[123,-25.4],[122.98,-25.42],[122.95,-25.4],[122.97,-25.53],[122.97,-25.78],[122.95,-26.03],[122.79,-26.01],[122.78,-26.01],[122.78,-26.03],[122.78,-26.16],[122.89,-26.49],[122.96,-26.56],[123.06,-26.67],[123.16,-26.78],[123.73,-27.16],[124.17,-27.35],[124.36,-27.46],[124.37,-27.47],[124.39,-27.4],[124.49,-27.16],[124.53,-26.85],[124.64,-26.61],[124.71,-26.42],[124.88,-26.14],[125.26,-25.91],[125.49,-25.91],[125.78,-26.1],[126.11,-26.22],[126.38,-26.44],[126.84,-26.58],[126.95,-26.58],[127.07,-26.58]]]},"properties":{"NAME":"Ngaanyatjarra","SUBJECTO":"Ngaanyatjarra","BORDERPRECISION":3}},
{"type":"Feature","geometry":{"type":"Polygon","coordinates":[[[148.71,-20.84],[148.69,-20.83],[148.63,-20.86],[148.65,-20.88],[148.69,-20.95],[148.84,-21.16],[149.03,-21.49],[149.07,-21.59],[149.13,-21.59],[149.14,-21.6],[149.18,-21.57],[149.28,-21.54],[149.2,-21.31],[149.1,-21.06],[148.71,-20.85],[148.71,-20.84]]]},"properties":{"NAME":"Yuwi","SUBJECTO":"Yuwi","BORDERPRECISION":3}},
{"type":"Feature","geometry":{"type":"Polygon","coordinates":[[[125.67,-17.08],[125.68,-17.07],[125.77,-17],[125.86,-16.93],[125.94,-16.84],[126.15,-16.86],[126.29,-16.95],[126.53,-16.9],[126.66,-16.77],[126.86,-16.56],[126.94,-16.33],[126.96,-16.09],[127.08,-16],[127.3,-16],[127.46,-16],[127.51,-16],[127.52,-16],[127.74,-15.98],[127.85,-15.92],[127.94,-15.87],[128.02,-15.82],[128.11,-15.65],[128.12,-15.58],[128.12,-15.56],[128.12,-15.52],[128.05,-15.45],[128.02,-15.42],[127.83,-15.56],[127.72,-15.46],[127.72,-15.29],[127.66,-15.24],[127.65,-15.23],[127.62,-15.2],[127.44,-15.18],[127.38,-14.93],[127.38,-14.7],[127.29,-14.48],[127.28,-14.45],[127.24,-14.44],[126.99,-14.38],[126.75,-14.38],[126.69,-14.38],[126.35,-14.54],[126.05,-14.64],[126.03,-14.68],[126,-14.74],[125.95,-14.87],[125.9,-15.31],[125.85,-15.51],[125.75,-15.73],[125.73,-15.77],[125.7,-15.78],[125.56,-15.85],[125.22,-15.81],[125,-15.79],[124.82,-15.94],[124.78,-16.24],[124.79,-16.34],[124.79,-16.37],[124.8,-16.5],[124.82,-16.51],[124.85,-16.53],[124.83,-16.53],[125.06,-16.74],[125.5,-17.01],[125.62,-17.12],[125.67,-17.08]]]},"properties":{"NAME":"Ngarinyin","SUBJECTO":"Ngarinyin","BORDERPRECISION":3}},
{"type":"Feature","geometry":{"type":"Polygon","coordinates":[[[152.8,-27.28],[152.81,-27.29],[152.8,-27.31],[152.8,-27.32],[152.81,-27.35],[152.83,-27.37],[152.84,-27.38],[152.85,-27.4],[152.85,-27.41],[152.85,-27.43],[152.84,-27.44],[152.82,-27.44],[152.82,-27.46],[152.83,-27.47],[152.84,-27.47],[152.86,-27.47],[152.88,-27.48],[152.89,-27.48],[152.88,-27.5],[152.98,-27.54],[153.01,-27.53],[153,-27.5],[153.02,-27.49],[153,-27.48],[153.01,-27.47],[153.03,-27.47],[152.95,-27.34],[152.98,-27.28],[152.96,-27.27],[152.95,-27.27],[152.93,-27.27],[152.91,-27.26],[152.88,-27.25],[152.87,-27.24],[152.85,-27.23],[152.83,-27.22],[152.8,-27.28]]]},"properties":{"NAME":"Turrbal","SUBJECTO":"Turrbal","BORDERPRECISION":3}},
{"type":"Feature","geometry":{"type":"Polygon","coordinates":[[[126.27,-17.72],[126.22,-17.73],[126.06,-17.93],[125.96,-18.04],[125.95,-18.05],[125.94,-18.06],[125.99,-18.11],[126.25,-18.09],[126.49,-18.14],[126.6,-18.25],[126.71,-18.39],[126.74,-18.48],[126.78,-18.48],[126.81,-18.48],[126.89,-18.48],[127.03,-18.47],[127.2,-18.41],[127.39,-18.33],[127.55,-18.26],[127.68,-18.17],[127.86,-18.02],[128.06,-17.94],[128.23,-17.72],[128.29,-17.56],[128.3,-17.55],[128.33,-17.55],[128.43,-17.56],[128.64,-17.61],[128.78,-17.66],[128.88,-17.78],[128.98,-17.81],[129,-17.82],[129.06,-17.85],[129.05,-17.83],[129.02,-17.62],[128.95,-17.39],[128.89,-17.17],[128.86,-16.98],[128.83,-16.82],[128.8,-16.7],[128.9,-16.65],[129.11,-16.63],[129.21,-16.63],[129.25,-16.63],[129.27,-16.63],[129.34,-16.46],[129.29,-16.34],[129.27,-16.32],[129.22,-16.27],[129.17,-16.23],[129.01,-16.14],[128.63,-16.08],[128.33,-15.99],[128.08,-15.88],[127.94,-15.87],[127.85,-15.92],[127.74,-15.98],[127.52,-16],[127.51,-16],[127.46,-16.04],[127.41,-16.08],[127.35,-16.42],[127.32,-16.67],[127.36,-16.91],[127.5,-17.2],[127.34,-17.33],[127.14,-17.38],[126.96,-17.5],[126.71,-17.57],[126.45,-17.69],[126.31,-17.71],[126.27,-17.72]]]},"properties":{"NAME":"Kija","SUBJECTO":"Kija","BORDERPRECISION":3}},
{"type":"Feature","geometry":{"type":"Polygon","coordinates":[[[131.99,-13.97],[131.95,-13.89],[131.86,-13.83],[131.82,-13.78],[131.72,-13.67],[131.55,-13.5],[131.53,-13.41],[131.53,-13.4],[131.52,-13.41],[131.47,-13.42],[131.4,-13.48],[131.4,-13.5],[131.34,-13.63],[131.34,-13.64],[131.31,-13.72],[131.15,-13.77],[131.03,-13.77],[130.91,-13.78],[130.87,-13.8],[130.86,-13.81],[130.86,-13.9],[130.88,-14.02],[130.91,-14.18],[130.89,-14.32],[130.79,-14.4],[130.55,-14.48],[130.46,-14.49],[130.39,-14.49],[130.34,-14.51],[130.34,-14.57],[130.35,-14.67],[130.35,-14.72],[130.35,-14.75],[130.39,-14.75],[130.42,-14.76],[130.51,-14.76],[130.63,-14.75],[130.75,-14.76],[130.85,-14.76],[130.96,-14.8],[130.99,-14.82],[131.02,-14.79],[131.03,-14.77],[131.3,-14.68],[131.51,-14.6],[131.79,-14.58],[131.9,-14.57],[131.88,-14.49],[131.89,-14.43],[131.95,-14.29],[131.96,-14.12],[131.98,-14.01],[131.99,-13.97]]]},"properties":{"NAME":"Wagiman","SUBJECTO":"Wagiman","BORDERPRECISION":3}},
{"type":"Feature","geometry":{"type":"Polygon","coordinates":[[[141.91,-12.11],[141.9,-12.1],[141.86,-12.1],[141.86,-12.11],[141.82,-12.16],[141.84,-12.17],[141.9,-12.18],[141.93,-12.18],[141.93,-12.15],[141.92,-12.13],[141.92,-12.12],[141.91,-12.11]]]},"properties":{"NAME":"Yupangathi","SUBJECTO":"Yupangathi","BORDERPRECISION":3}},
{"type":"Feature","geometry":{"type":"Polygon","coordinates":[[[132.71,-12.81],[132.71,-12.8],[132.68,-12.78],[132.66,-12.77],[132.63,-12.79],[132.48,-12.79],[132.47,-12.78],[132.41,-12.8],[132.34,-12.89],[132.34,-12.98],[132.35,-12.96],[132.41,-12.99],[132.56,-13.02],[132.67,-13.02],[132.71,-12.91],[132.71,-12.81],[132.72,-12.81],[132.71,-12.81]]]},"properties":{"NAME":"Ngombur","SUBJECTO":"Ngombur","BORDERPRECISION":3}},
{"type":"Feature","geometry":{"type":"Polygon","coordinates":[[[136.91,-22.58],[137.07,-22.39],[137.04,-21.84],[137.02,-21.71],[137.01,-21.65],[136.98,-21.41],[136.89,-21.06],[136.72,-20.89],[136.68,-20.85],[136.56,-20.74],[136.38,-20.72],[136.29,-20.76],[136.25,-20.77],[135.88,-20.94],[135.07,-21.56],[134.67,-21.8],[134.41,-22.13],[134.1,-22.31],[134.02,-22.35],[133.99,-22.37],[133.95,-22.84],[133.96,-22.89],[133.98,-22.98],[134.32,-23.02],[135.09,-23.02],[136.1,-23.04],[136.12,-23.13],[136.49,-23.06],[136.91,-22.58]]]},"properties":{"NAME":"Alyawarre","SUBJECTO":"Alyawarre","BORDERPRECISION":3}},
{"type":"Feature","geometry":{"type":"Polygon","coordinates":[[[145.34,-17.26],[145.43,-17.18],[145.49,-17.19],[145.53,-17.23],[145.54,-17.24],[145.55,-17.24],[145.59,-17.23],[145.61,-17.15],[145.67,-17.06],[145.71,-17.02],[145.72,-16.98],[145.69,-16.93],[145.45,-16.6],[145.39,-16.55],[145.34,-16.63],[145.27,-16.97],[145.27,-17.1],[145.27,-17.11],[145.32,-17.24],[145.34,-17.26]]]},"properties":{"NAME":"Djabuganjdji","SUBJECTO":"Djabuganjdji","BORDERPRECISION":3}},
{"type":"Feature","geometry":{"type":"Polygon","coordinates":[[[149.96,-32.44],[150.18,-32.38],[150.56,-32.26],[150.85,-32.26],[151.04,-32.31],[151.3,-32.43],[151.56,-32.5],[151.6,-32.52],[151.61,-32.52],[151.69,-32.32],[151.71,-32.22],[151.79,-32.05],[151.77,-32.04],[151.66,-31.86],[151.56,-31.74],[151.44,-31.66],[151.35,-31.64],[151.29,-31.64],[150.86,-31.78],[150.53,-31.84],[150.28,-31.89],[149.96,-32.02],[149.72,-32.1],[149.85,-32.25],[149.94,-32.41],[149.96,-32.44]]]},"properties":{"NAME":"Geawegal","SUBJECTO":"Geawegal","BORDERPRECISION":3}},
{"type":"Feature","geometry":{"type":"Polygon","coordinates":[[[134.65,-17.69],[134.66,-17.69],[134.69,-17.69],[134.97,-17.64],[135.19,-17.64],[135.45,-17.64],[135.47,-17.63],[135.58,-17.56],[135.62,-17.54],[135.76,-17.36],[135.97,-17.16],[136.03,-16.95],[136.03,-16.86],[136.03,-16.81],[136.03,-16.77],[135.86,-16.62],[135.67,-16.46],[135.46,-16.37],[135.45,-16.36],[135.4,-16.36],[135.24,-16.51],[135.02,-16.75],[134.91,-16.91],[134.7,-17.08],[134.67,-17.09],[134.66,-17.11],[134.49,-17.2],[134.51,-17.24],[134.51,-17.54],[134.45,-17.78],[134.57,-17.72],[134.62,-17.7],[134.65,-17.69]]]},"properties":{"NAME":"Ngandji","SUBJECTO":"Ngandji","BORDERPRECISION":3}},
{"type":"Feature","geometry":{"type":"MultiPolygon","coordinates":[[[[144.71,-31.56],[144.49,-31.78],[144.38,-32.14],[144.28,-32.36],[144.22,-32.75],[144.23,-32.86],[144.34,-32.86],[144.87,-32.88],[144.95,-32.6],[146.01,-32.03],[146.69,-31.78],[147.13,-31.7],[147.25,-31.68],[147.21,-31.6],[147.22,-31.39],[147.19,-31.18],[147.05,-30.99],[146.99,-30.8],[146.99,-30.7],[146.99,-30.57],[146.83,-30.44],[146.56,-30.29],[146.31,-30.13],[146.26,-30.02],[146.25,-30],[146.21,-29.95],[145.97,-29.95],[145.68,-30.09],[145.6,-30.17],[145.54,-30.22],[145.51,-30.23],[145.21,-30.31],[145,-30.28],[144.99,-30.27],[144.95,-30.27],[144.91,-30.47],[145.12,-30.78],[145.06,-31.02],[144.85,-31.41],[144.8,-31.46],[144.73,-31.53],[144.71,-31.56]]],[[[144.27,-32.96],[144.31,-32.96],[144.31,-32.95],[144.29,-32.93],[144.23,-32.86],[144.24,-32.94],[144.24,-32.95],[144.27,-32.96]]]]},"properties":{"NAME":"Wongaibon","SUBJECTO":"Wongaibon","BORDERPRECISION":3}},
{"type":"Feature","geometry":{"type":"Polygon","coordinates":[[[145.96,-28.04],[146,-28.11],[146.2,-28.34],[146.4,-28.52],[146.72,-28.77],[146.86,-28.84],[146.99,-28.87],[147.12,-28.9],[147.26,-29],[147.4,-29.04],[147.44,-29.04],[147.44,-29.03],[147.47,-29.03],[147.75,-28.99],[147.81,-28.96],[147.91,-28.85],[148.12,-28.64],[148.27,-28.46],[148.39,-28.29],[148.38,-28.27],[148.23,-28.1],[148.15,-27.96],[148.12,-27.86],[148.05,-27.79],[147.98,-27.76],[147.9,-27.77],[147.8,-27.82],[147.73,-27.85],[147.68,-27.83],[147.59,-27.75],[147.54,-27.7],[147.53,-27.7],[147.43,-27.64],[147.39,-27.54],[147.33,-27.46],[147.28,-27.44],[147.25,-27.46],[147.24,-27.49],[147.18,-27.54],[147.11,-27.59],[147.09,-27.6],[147.06,-27.5],[147.02,-27.33],[147,-27.23],[146.98,-27.18],[146.9,-27.14],[146.86,-27.14],[146.81,-27.15],[146.62,-27.27],[146.43,-27.25],[146.38,-27.16],[146.38,-27.15],[146.31,-27.17],[146.21,-27.23],[146.13,-27.28],[146.04,-27.34],[145.96,-27.39],[145.89,-27.44],[145.84,-27.49],[145.81,-27.55],[145.81,-27.58],[145.81,-27.64],[145.83,-27.7],[145.86,-27.87],[145.95,-28.02],[145.96,-28.04]]]},"properties":{"NAME":"Kooma","SUBJECTO":"Kooma","BORDERPRECISION":3}},
{"type":"Feature","geometry":{"type":"Polygon","coordinates":[[[141.82,-12.6],[141.83,-12.62],[141.88,-12.6],[141.94,-12.57],[142.01,-12.54],[142.05,-12.54],[142.04,-12.52],[142.04,-12.5],[142.03,-12.42],[142,-12.34],[141.99,-12.25],[141.99,-12.19],[141.99,-12.18],[141.94,-12.18],[141.93,-12.18],[141.9,-12.18],[141.84,-12.17],[141.82,-12.16],[141.81,-12.18],[141.69,-12.38],[141.68,-12.47],[141.82,-12.6]]]},"properties":{"NAME":"Anguthimri","SUBJECTO":"Anguthimri","BORDERPRECISION":3}},
{"type":"Feature","geometry":{"type":"Polygon","coordinates":[[[145.45,-28.97],[145.6,-28.98],[145.61,-28.97],[145.56,-28.93],[145.57,-28.92],[145.77,-28.58],[145.91,-28.25],[145.95,-28.06],[145.95,-28.02],[145.86,-27.87],[145.83,-27.7],[145.81,-27.64],[145.81,-27.58],[145.69,-27.56],[145.32,-27.48],[145.28,-27.49],[145.34,-27.64],[145.27,-27.96],[145.15,-28.08],[144.94,-28.09],[144.9,-28.08],[144.86,-28.08],[144.78,-28.26],[144.71,-28.52],[144.6,-28.73],[144.57,-28.77],[144.69,-28.79],[145.04,-28.85],[145.43,-28.9],[145.48,-28.9],[145.45,-28.97]]]},"properties":{"NAME":"Kunja","SUBJECTO":"Kunja","BORDERPRECISION":3}},
{"type":"Feature","geometry":{"type":"Polygon","coordinates":[[[133.14,-11.86],[133.17,-11.77],[133.17,-11.73],[133.14,-11.7],[133.09,-11.67],[132.93,-11.53],[132.82,-11.57],[132.78,-11.58],[132.76,-11.57],[132.66,-11.53],[132.38,-11.3],[132.21,-11.32],[132.04,-11.38],[132.02,-11.48],[132.13,-11.54],[132.3,-11.5],[132.51,-11.62],[132.61,-11.73],[132.63,-11.75],[132.64,-11.75],[132.76,-11.65],[132.8,-11.61],[132.86,-11.63],[132.91,-11.7],[132.94,-11.75],[132.98,-11.82],[133.03,-11.88],[133.06,-11.9],[133.07,-11.89],[133.1,-11.87],[133.1,-11.86],[133.14,-11.86]]]},"properties":{"NAME":"Iwaidja","SUBJECTO":"Iwaidja","BORDERPRECISION":3}},
{"type":"Feature","geometry":{"type":"Polygon","coordinates":[[[138.77,-32.06],[138.8,-32.15],[139.41,-32.09],[139.71,-32.09],[139.97,-32.07],[139.99,-32.07],[140.06,-32.07],[140.16,-32.07],[140.15,-31.98],[140.14,-31.88],[140.12,-31.75],[140.05,-31.49],[140.03,-31.31],[139.88,-31.02],[139.88,-30.81],[140.02,-30.33],[140.05,-30.23],[140.06,-30.18],[140.09,-30.12],[140.14,-30.02],[140.14,-29.85],[140.14,-29.79],[140.22,-29.56],[139.98,-29.52],[139.72,-29.51],[139.63,-29.5],[139.59,-29.5],[139.57,-29.51],[139.49,-29.54],[139.49,-29.55],[139.43,-29.57],[139.32,-29.68],[139.11,-29.83],[138.98,-30.06],[138.76,-30.32],[138.51,-30.58],[138.44,-30.86],[138.43,-31.11],[138.45,-31.36],[138.47,-31.48],[138.53,-31.57],[138.56,-31.69],[138.63,-31.72],[138.65,-31.73],[138.84,-31.87],[138.84,-32.03],[138.79,-32.06],[138.77,-32.06]]]},"properties":{"NAME":"Andyamathanha","SUBJECTO":"Andyamathanha","BORDERPRECISION":3}},
{"type":"Feature","geometry":{"type":"Polygon","coordinates":[[[132.44,-13.13],[132.45,-13.13],[132.51,-13.15],[132.65,-13.16],[132.67,-13.17],[132.72,-13.14],[132.76,-13.08],[132.81,-13],[132.83,-12.96],[132.83,-12.93],[132.82,-12.92],[132.84,-12.91],[132.84,-12.9],[132.85,-12.84],[132.84,-12.83],[132.83,-12.82],[132.76,-12.8],[132.72,-12.81],[132.71,-12.81],[132.71,-12.91],[132.67,-13.02],[132.56,-13.02],[132.41,-12.99],[132.35,-12.96],[132.34,-12.98],[132.32,-13.05],[132.29,-13.07],[132.29,-13.09],[132.37,-13.1],[132.44,-13.13]]]},"properties":{"NAME":"Mbukarla","SUBJECTO":"Mbukarla","BORDERPRECISION":3}},
{"type":"Feature","geometry":{"type":"Polygon","coordinates":[[[115.84,-23.85],[115.8,-23.87],[115.77,-24],[115.71,-24.14],[115.64,-24.22],[115.58,-24.44],[115.52,-24.62],[115.48,-24.7],[115.42,-24.89],[115.38,-25],[115.44,-25.01],[115.57,-25.09],[115.72,-25.15],[115.76,-25.17],[115.75,-25.18],[115.77,-25.17],[115.82,-25.2],[115.85,-25.2],[115.89,-25.11],[116.06,-24.97],[116.14,-24.76],[116.29,-24.65],[116.34,-24.62],[116.37,-24.56],[116.35,-24.46],[116.45,-24.18],[116.43,-23.98],[116.36,-23.92],[116.27,-23.88],[115.89,-23.86],[115.84,-23.85]]]},"properties":{"NAME":"Warriyangga","SUBJECTO":"Warriyangga","BORDERPRECISION":3}},
{"type":"Feature","geometry":{"type":"Polygon","coordinates":[[[143.97,-19.59],[143.89,-19.49],[143.79,-19.34],[143.65,-19.11],[143.6,-18.97],[143.51,-18.7],[143.49,-18.53],[143.39,-18.59],[143.13,-18.69],[143.03,-18.73],[143.02,-18.82],[142.94,-18.81],[142.95,-18.95],[142.94,-19.21],[142.85,-19.43],[142.9,-19.46],[142.91,-19.46],[143.05,-19.46],[143.29,-19.51],[143.56,-19.57],[143.95,-19.58],[143.97,-19.59]]]},"properties":{"NAME":"Yanga","SUBJECTO":"Yanga","BORDERPRECISION":3}},
{"type":"Feature","geometry":{"type":"Polygon","coordinates":[[[148.69,-20.83],[148.57,-20.65],[148.69,-20.4],[148.76,-20.29],[148.7,-20.2],[148.19,-20.17],[148.18,-20.17],[148.3,-20.27],[148.4,-20.42],[148.51,-20.61],[148.59,-20.79],[148.63,-20.86],[148.69,-20.83]]]},"properties":{"NAME":"Giya","SUBJECTO":"Giya","BORDERPRECISION":3}},
{"type":"Feature","geometry":{"type":"Polygon","coordinates":[[[132.67,-12.76],[132.71,-12.74],[132.7,-12.69],[132.69,-12.66],[132.67,-12.58],[132.68,-12.52],[132.7,-12.45],[132.71,-12.33],[132.73,-12.22],[132.72,-12.2],[132.7,-12.22],[132.63,-12.27],[132.43,-12.32],[132.4,-12.33],[132.4,-12.37],[132.4,-12.57],[132.41,-12.72],[132.43,-12.74],[132.47,-12.78],[132.48,-12.79],[132.63,-12.79],[132.66,-12.77],[132.67,-12.76]]]},"properties":{"NAME":"Gagudju","SUBJECTO":"Gagudju","BORDERPRECISION":3}},
{"type":"Feature","geometry":{"type":"Polygon","coordinates":[[[139.1,-35.08],[139,-35.08],[138.58,-35.34],[138.56,-35.35],[138.49,-35.4],[138.46,-35.48],[138.43,-35.55],[138.23,-35.73],[138.24,-35.74],[138.42,-35.72],[138.58,-35.69],[138.79,-35.66],[138.94,-35.7],[139.13,-35.61],[139.37,-35.61],[139.38,-35.81],[139.44,-36.04],[139.74,-36.37],[139.83,-36.6],[139.86,-36.78],[139.84,-37.03],[139.84,-37.04],[139.97,-37.04],[140.04,-37.05],[140.22,-37.08],[140.41,-37.08],[140.63,-37.07],[140.66,-37.05],[140.7,-37.02],[140.72,-37.01],[140.73,-36.97],[140.73,-36.93],[140.72,-36.9],[140.72,-36.89],[140.68,-36.86],[140.59,-36.85],[140.48,-36.85],[140.34,-36.84],[140.24,-36.84],[140.17,-36.54],[140.13,-36.33],[140.09,-36.33],[140,-36.32],[139.84,-36.17],[139.77,-35.99],[139.66,-35.72],[139.57,-35.47],[139.48,-35.29],[139.38,-35.22],[139.41,-35.19],[139.31,-35.17],[139.1,-35.14],[139.06,-35.14],[139.1,-35.08]]]},"properties":{"NAME":"Ngarrindjeri","SUBJECTO":"Ngarrindjeri","BORDERPRECISION":3}},
{"type":"Feature","geometry":{"type":"Polygon","coordinates":[[[122.93,-16.73],[122.87,-16.66],[122.76,-16.6],[122.73,-16.65],[122.73,-16.72],[122.76,-16.74],[122.79,-16.74],[122.86,-16.73],[122.93,-16.73]]]},"properties":{"NAME":"Bardi","SUBJECTO":"Bardi","BORDERPRECISION":3}},
{"type":"Feature","geometry":{"type":"Polygon","coordinates":[[[133.45,-11.9],[133.4,-11.88],[133.17,-11.73],[133.17,-11.77],[133.14,-11.86],[133.17,-11.85],[133.45,-11.9]]]},"properties":{"NAME":"Maung","SUBJECTO":"Maung","BORDERPRECISION":3}},
{"type":"Feature","geometry":{"type":"Polygon","coordinates":[[[118.69,-20.34],[118.62,-20.37],[118.67,-20.42],[118.76,-20.5],[118.81,-20.62],[118.8,-20.99],[118.74,-21.15],[118.7,-21.31],[118.64,-21.54],[118.64,-21.6],[118.65,-21.64],[118.65,-21.71],[118.72,-21.72],[118.83,-21.79],[118.89,-21.84],[118.94,-21.9],[118.96,-21.98],[119.03,-22.01],[119.12,-22.04],[119.28,-22.04],[119.67,-22.07],[119.93,-22.11],[120.08,-22.09],[120.4,-22.09],[120.68,-22.11],[120.95,-22.16],[121.07,-22.23],[121.1,-22.2],[121.08,-22.11],[121.12,-22.06],[121.15,-22.02],[121.19,-22.02],[121.14,-21.95],[121.14,-21.84],[121.11,-21.6],[121.06,-21.29],[120.9,-20.98],[120.67,-20.83],[120.48,-20.69],[120.22,-20.52],[120.03,-20.28],[119.96,-20.14],[119.94,-20.12],[119.93,-20.11],[119.89,-20.17],[119.83,-20.26],[119.72,-20.34],[119.64,-20.39],[119.38,-20.35],[119.19,-20.28],[119.03,-20.24],[118.88,-20.15],[118.83,-20.14],[118.81,-20.17],[118.73,-20.32],[118.69,-20.34]]]},"properties":{"NAME":"Nyamal","SUBJECTO":"Nyamal","BORDERPRECISION":3}},
{"type":"Feature","geometry":{"type":"Polygon","coordinates":[[[138.93,-26.15],[138.99,-26.19],[139.13,-26.19],[139.47,-26.2],[139.78,-26.28],[140.2,-26.28],[140.36,-26.23],[140.43,-26.08],[140.5,-25.95],[140.42,-25.92],[140.48,-25.72],[140.58,-25.53],[140.6,-25.49],[140.5,-25.42],[140.22,-25.31],[139.86,-25.19],[139.48,-25.2],[139.37,-25.22],[139.35,-25.25],[139.32,-25.31],[139.2,-25.55],[139.11,-25.68],[138.92,-25.93],[138.86,-26],[138.85,-25.99],[138.86,-26.1],[138.93,-26.15]]]},"properties":{"NAME":"Yarluyandi","SUBJECTO":"Yarluyandi","BORDERPRECISION":3}},
{"type":"Feature","geometry":{"type":"Polygon","coordinates":[[[147.26,-19.91],[147.35,-19.91],[147.67,-19.93],[147.74,-19.95],[147.59,-19.86],[147.47,-19.65],[147.41,-19.65],[147.29,-19.7],[147.26,-19.75],[147.26,-19.82],[147.26,-19.89],[147.26,-19.91]]]},"properties":{"NAME":"Yuru","SUBJECTO":"Yuru","BORDERPRECISION":3}},
{"type":"Feature","geometry":{"type":"Polygon","coordinates":[[[129.99,-14.43],[130,-14.43],[130.02,-14.41],[129.98,-14.38],[129.93,-14.36],[129.9,-14.37],[129.87,-14.33],[129.86,-14.27],[129.86,-14.2],[129.87,-14.13],[129.89,-14.1],[129.88,-14.1],[129.88,-14.09],[129.87,-14.05],[129.9,-13.99],[129.87,-13.98],[129.76,-14.01],[129.76,-14.02],[129.6,-14.17],[129.61,-14.27],[129.65,-14.34],[129.72,-14.41],[129.81,-14.45],[129.92,-14.43],[129.99,-14.43]]]},"properties":{"NAME":"Marringarr","SUBJECTO":"Marringarr","BORDERPRECISION":3}},
{"type":"Feature","geometry":{"type":"MultiPolygon","coordinates":[[[[150,-24.92],[150.01,-24.96],[150.01,-25.18],[150.01,-25.38],[150.05,-25.62],[150.04,-25.69],[150.09,-25.7],[150.23,-25.69],[150.56,-25.66],[150.75,-25.65],[150.71,-25.6],[150.69,-25.4],[150.61,-25.12],[150.6,-24.93],[150.61,-24.79],[150.58,-24.8],[150.41,-24.84],[150.12,-24.92],[150,-24.92]]],[[[149.94,-24.93],[149.94,-24.94],[149.99,-24.93],[149.94,-24.93]]]]},"properties":{"NAME":"Wuli-wuli","SUBJECTO":"Wuli-wuli","BORDERPRECISION":3}},
{"type":"Feature","geometry":{"type":"Polygon","coordinates":[[[143.04,-34.85],[143.04,-34.86],[143.24,-35.01],[143.32,-35.24],[143.34,-35.31],[143.49,-35.31],[143.71,-35.26],[143.83,-35.18],[143.94,-35.08],[144.04,-34.94],[144.05,-34.92],[144.01,-34.85],[143.89,-34.83],[143.83,-34.8],[143.71,-34.75],[143.58,-34.74],[143.46,-34.73],[143.41,-34.7],[143.39,-34.67],[143.38,-34.67],[143.29,-34.67],[143.17,-34.72],[143.01,-34.8],[143.04,-34.85]]]},"properties":{"NAME":"Wadi Wadi","SUBJECTO":"Wadi Wadi","BORDERPRECISION":3}},
{"type":"Feature","geometry":{"type":"Polygon","coordinates":[[[116.55,-34.87],[116.56,-34.84],[116.57,-34.63],[116.5,-34.34],[116.36,-34.3],[116.24,-34.24],[116.19,-34.22],[116.18,-34.17],[116.2,-33.94],[116.19,-33.93],[116.05,-33.8],[115.99,-33.71],[115.87,-33.67],[115.85,-33.67],[115.81,-33.74],[115.76,-33.83],[115.74,-33.86],[115.72,-33.89],[115.37,-34.08],[115.35,-34.12],[115.15,-34.38],[115.14,-34.4],[115.15,-34.43],[115.26,-34.44],[115.46,-34.49],[115.65,-34.6],[115.86,-34.81],[116,-34.94],[116.24,-34.99],[116.43,-35.05],[116.45,-35.03],[116.55,-34.87]]]},"properties":{"NAME":"Bibbulman","SUBJECTO":"Bibbulman","BORDERPRECISION":3}},
{"type":"Feature","geometry":{"type":"Polygon","coordinates":[[[147.73,-21.82],[147.54,-21.82],[147.28,-21.82],[147.02,-21.85],[146.86,-21.87],[146.79,-21.87],[146.82,-21.92],[146.84,-22.16],[146.78,-22.33],[146.99,-22.34],[147.14,-22.4],[147.24,-22.49],[147.26,-22.51],[147.46,-22.48],[147.61,-22.48],[147.71,-22.48],[147.7,-22.44],[147.7,-22.43],[147.73,-22.36],[147.76,-22.27],[147.76,-22.14],[147.73,-22.03],[147.73,-21.9],[147.73,-21.82]]]},"properties":{"NAME":"Yambina","SUBJECTO":"Yambina","BORDERPRECISION":3}},
{"type":"Feature","geometry":{"type":"Polygon","coordinates":[[[126,-14.69],[126.03,-14.68],[126.05,-14.64],[126.35,-14.54],[126.69,-14.38],[126.75,-14.38],[126.69,-14.35],[126.64,-14.24],[126.62,-14.2],[126.55,-14.35],[126.43,-14.15],[126.27,-14.07],[126.1,-14.2],[125.97,-14.48],[126,-14.54],[126,-14.65],[126,-14.69]]]},"properties":{"NAME":"Gamberre","SUBJECTO":"Gamberre","BORDERPRECISION":3}},
{"type":"Feature","geometry":{"type":"Polygon","coordinates":[[[125.51,-24.61],[125.51,-24.62],[125.52,-25.05],[125.66,-25.37],[125.84,-25.68],[126.31,-26],[126.68,-26.24],[127.05,-26.42],[127.25,-26.5],[127.34,-26.53],[127.36,-26.54],[127.68,-26.48],[127.83,-26.38],[127.94,-26.2],[128.21,-26],[128.57,-26],[128.85,-26.01],[128.92,-26.01],[129.02,-25.9],[129.07,-25.85],[129.1,-25.57],[129.09,-25.17],[129.03,-24.8],[128.89,-24.43],[128.88,-24.42],[128.87,-24.4],[128.5,-24.27],[128.14,-24.13],[127.97,-24.06],[128.01,-24.11],[126.16,-24.23],[125.88,-24.49],[125.61,-24.64],[125.53,-24.6],[125.51,-24.61]]]},"properties":{"NAME":"Ngatatjara","SUBJECTO":"Ngatatjara","BORDERPRECISION":3}},
{"type":"Feature","geometry":{"type":"Polygon","coordinates":[[[121,-23.3],[120.98,-23.28],[120.72,-23.35],[120.28,-23.4],[119.95,-23.37],[119.81,-23.37],[119.67,-23.4],[119.64,-23.4],[119.62,-23.4],[119.62,-23.46],[119.62,-23.51],[119.63,-23.53],[119.7,-23.66],[119.81,-23.94],[119.86,-24.17],[119.88,-24.43],[119.83,-24.71],[119.72,-24.93],[119.71,-24.93],[119.77,-24.97],[119.76,-24.99],[119.7,-25.12],[119.65,-25.18],[119.47,-25.26],[119.34,-25.33],[119.3,-25.34],[119.13,-25.43],[119.01,-25.55],[118.95,-25.65],[118.93,-25.74],[118.92,-25.79],[118.91,-25.81],[119.23,-25.81],[119.64,-26],[119.95,-26.1],[120.41,-26.24],[120.61,-26.31],[120.78,-26.41],[120.79,-26.42],[120.83,-26.43],[121.03,-26.49],[121.2,-26.47],[121.29,-26.4],[121.52,-26.36],[121.77,-26.27],[121.94,-26.1],[122.28,-26.05],[122.5,-26.01],[122.62,-26.01],[122.78,-26.01],[122.79,-26.01],[122.95,-26.03],[122.97,-25.78],[122.97,-25.53],[122.95,-25.4],[122.91,-25.37],[122.87,-25.33],[122.84,-25.3],[122.26,-24.8],[121.95,-24.53],[121.71,-24.27],[121.45,-24],[121.19,-23.77],[121.06,-23.56],[120.97,-23.44],[120.96,-23.39],[120.95,-23.36],[121,-23.3]]]},"properties":{"NAME":"Wawula","SUBJECTO":"Wawula","BORDERPRECISION":3}},
{"type":"Feature","geometry":{"type":"Polygon","coordinates":[[[123.29,-21.36],[123.56,-21.05],[123.71,-20.9],[123.84,-20.75],[123.84,-20.68],[123.84,-20.53],[123.84,-20.42],[123.8,-20.04],[123.59,-19.67],[123.33,-19.36],[123.15,-19.13],[122.76,-19.03],[122.74,-19.03],[122.49,-18.96],[121.84,-18.84],[121.54,-18.79],[121.52,-18.84],[121.39,-19.12],[121.19,-19.38],[120.87,-19.68],[120.71,-19.77],[120.22,-19.98],[119.97,-20.07],[119.93,-20.08],[119.94,-20.12],[119.96,-20.14],[120.03,-20.28],[120.22,-20.52],[120.48,-20.69],[120.67,-20.83],[120.9,-20.98],[121.06,-21.29],[121.11,-21.6],[121.14,-21.84],[121.14,-21.95],[121.19,-22.02],[121.22,-22.01],[121.33,-21.99],[121.4,-22.15],[121.63,-22.22],[122.2,-22.4],[122.54,-22.41],[122.76,-21.98],[123.17,-21.38],[123.27,-21.37],[123.29,-21.36]]]},"properties":{"NAME":"Nyangumarda","SUBJECTO":"Nyangumarda","BORDERPRECISION":3}},
{"type":"Feature","geometry":{"type":"Polygon","coordinates":[[[138.49,-22.04],[138.58,-22.07],[138.74,-22.12],[139.21,-22.15],[139.22,-22.16],[139.22,-22.15],[139.24,-22.13],[139.26,-22.08],[139.26,-21.52],[139.26,-21.51],[139.21,-21.54],[139.15,-21.58],[139.14,-21.19],[139.09,-20.97],[139.08,-20.96],[139.09,-21],[138.93,-21.27],[138.65,-21.43],[138.36,-21.51],[137.97,-21.74],[137.96,-21.74],[138.07,-21.84],[138.38,-21.95],[138.49,-22.04]]]},"properties":{"NAME":"Warluwarra","SUBJECTO":"Warluwarra","BORDERPRECISION":3}},
{"type":"Feature","geometry":{"type":"Polygon","coordinates":[[[139.99,-20.08],[140.01,-20.1],[140.02,-20.11],[140.06,-20.11],[140.08,-20.15],[140.09,-20.18],[140.09,-20.19],[140.21,-20.15],[140.47,-19.87],[140.66,-19.71],[140.9,-19.46],[141.11,-19.4],[141.11,-19.36],[141.11,-19.23],[141.03,-18.81],[141,-18.63],[140.9,-18.31],[140.86,-18.24],[140.83,-18.17],[140.79,-18.27],[140.63,-18.5],[140.38,-18.46],[140.09,-18.4],[140.04,-18.41],[139.9,-18.45],[139.9,-18.49],[139.93,-18.79],[140.02,-19.03],[140.02,-19.48],[140.01,-19.85],[139.99,-20.08]]]},"properties":{"NAME":"Mayi-Yapi","SUBJECTO":"Mayi-Yapi","BORDERPRECISION":3}},
{"type":"Feature","geometry":{"type":"Polygon","coordinates":[[[147.26,-19.91],[147.22,-19.91],[147.27,-20.09],[147.25,-20.32],[147.22,-20.51],[147.16,-20.55],[147.14,-20.57],[147.21,-20.67],[147.33,-20.85],[147.44,-21],[147.59,-21.18],[147.73,-21.27],[147.78,-21.36],[147.74,-21.45],[147.72,-21.57],[147.74,-21.58],[147.78,-21.59],[147.84,-21.6],[147.99,-21.66],[148.4,-21.66],[148.59,-21.66],[148.61,-21.66],[148.85,-21.66],[149.02,-21.64],[149.06,-21.64],[149.09,-21.63],[149.09,-21.62],[149.07,-21.59],[149.03,-21.49],[148.84,-21.16],[148.69,-20.95],[148.65,-20.88],[148.63,-20.86],[148.59,-20.79],[148.51,-20.61],[148.4,-20.42],[148.3,-20.27],[148.18,-20.17],[148.11,-20.14],[148.09,-20.14],[147.97,-20.1],[147.74,-19.95],[147.67,-19.93],[147.35,-19.91],[147.26,-19.91]]]},"properties":{"NAME":"Biri","SUBJECTO":"Biri","BORDERPRECISION":3}},
{"type":"Feature","geometry":{"type":"Polygon","coordinates":[[[150.28,-28.46],[149.63,-28.8],[149,-28.86],[148.38,-28.88],[147.89,-28.97],[147.78,-28.98],[147.75,-28.99],[147.47,-29.03],[147.44,-29.03],[147.44,-29.04],[147.44,-29.13],[147.28,-29.34],[147,-29.55],[146.84,-29.85],[146.84,-29.86],[146.81,-29.9],[146.85,-29.94],[146.89,-29.98],[146.93,-30],[147.07,-30.07],[147.38,-30.12],[147.66,-30.11],[147.89,-30.05],[148.04,-30.04],[148.08,-30.07],[148.21,-30.2],[148.29,-30.37],[148.45,-30.64],[148.58,-30.6],[148.64,-30.61],[148.79,-30.74],[148.91,-30.86],[148.94,-31.06],[149.04,-31.12],[149.18,-31.26],[149.19,-31.39],[149.14,-31.51],[149.04,-31.78],[149.17,-31.84],[149.66,-32.03],[149.7,-32.08],[149.72,-32.1],[149.96,-32.02],[150.28,-31.89],[150.53,-31.84],[150.86,-31.78],[151.29,-31.64],[151.35,-31.64],[151.42,-31.63],[151.43,-31.61],[151.46,-31.46],[151.34,-31.16],[151.31,-31.11],[151.22,-30.98],[151.06,-30.81],[150.97,-30.65],[150.96,-30.34],[150.97,-30.11],[151,-29.89],[151,-29.84],[151,-29.8],[151,-29.72],[150.92,-29.52],[150.97,-29.34],[150.96,-29.14],[150.94,-28.97],[150.97,-28.78],[150.93,-28.73],[150.88,-28.66],[150.81,-28.55],[150.68,-28.41],[150.44,-28.39],[150.28,-28.46]]]},"properties":{"NAME":"Kamilaroi","SUBJECTO":"Kamilaroi","BORDERPRECISION":3}},
{"type":"Feature","geometry":{"type":"Polygon","coordinates":[[[142.94,-17.25],[143,-17.33],[143.04,-17.38],[143.11,-17.41],[143.13,-17.42],[143.26,-17.48],[143.38,-17.6],[143.4,-17.74],[143.45,-17.99],[143.45,-18.22],[143.46,-18.35],[143.48,-18.49],[143.48,-18.5],[143.49,-18.53],[143.51,-18.7],[143.6,-18.97],[143.65,-19.11],[143.79,-19.34],[143.89,-19.49],[143.97,-19.59],[143.99,-19.61],[144.01,-19.63],[144.06,-19.61],[144.22,-19.55],[144.27,-19.47],[144.43,-19.26],[144.49,-19.04],[144.49,-18.78],[144.48,-18.51],[144.48,-18.5],[144.47,-18.43],[144.49,-18.33],[144.49,-18.18],[144.57,-17.9],[144.57,-17.7],[144.65,-17.55],[144.77,-17.55],[144.81,-17.55],[144.78,-17.44],[144.76,-17.43],[144.72,-17.41],[144.59,-17.32],[144.37,-17.12],[144.22,-16.87],[144.01,-16.64],[143.94,-16.49],[143.89,-16.49],[143.88,-16.49],[143.7,-16.49],[143.53,-16.59],[143.51,-16.61],[143.54,-16.64],[143.5,-16.69],[143.45,-16.73],[143.37,-16.86],[143.18,-17],[142.97,-17.2],[142.95,-17.24],[142.94,-17.25]]]},"properties":{"NAME":"Agwarmin","SUBJECTO":"Agwarmin","BORDERPRECISION":3}},
{"type":"Feature","geometry":{"type":"Polygon","coordinates":[[[149.5,-37.04],[149.82,-37.1],[149.93,-37.1],[149.95,-37.08],[149.98,-37.05],[150.01,-36.63],[150.09,-36.15],[150.22,-35.69],[150.34,-35.55],[150.48,-35.47],[150.52,-35.38],[150.65,-35.24],[150.75,-35.2],[150.8,-35.15],[150.82,-35.11],[150.8,-35.09],[150.7,-35.08],[150.43,-34.98],[150.36,-34.94],[150.33,-34.93],[150.26,-34.92],[150.23,-34.92],[150.08,-34.96],[150.01,-35],[149.85,-35.1],[149.65,-35.21],[149.64,-35.22],[149.62,-35.23],[149.48,-35.31],[149.44,-35.33],[149.44,-35.37],[149.49,-35.37],[149.51,-35.37],[149.59,-35.38],[149.49,-35.84],[149.49,-36.32],[149.5,-36.7],[149.5,-36.98],[149.5,-37.04]]]},"properties":{"NAME":"Yuin","SUBJECTO":"Yuin","BORDERPRECISION":3}},
{"type":"Feature","geometry":{"type":"Polygon","coordinates":[[[146.55,-21.6],[146.55,-21.66],[146.68,-21.88],[146.79,-21.87],[146.86,-21.87],[147.02,-21.85],[147.28,-21.82],[147.54,-21.82],[147.73,-21.82],[147.78,-21.82],[147.79,-21.76],[147.78,-21.59],[147.74,-21.58],[147.72,-21.57],[147.74,-21.45],[147.78,-21.36],[147.73,-21.27],[147.59,-21.18],[147.44,-21],[147.33,-20.85],[147.21,-20.67],[147.14,-20.57],[147.06,-20.62],[146.93,-20.55],[146.92,-20.55],[146.85,-20.64],[146.57,-20.69],[146.54,-20.93],[146.56,-21.19],[146.57,-21.36],[146.59,-21.52],[146.59,-21.53],[146.61,-21.6],[146.55,-21.6]]]},"properties":{"NAME":"Yangga","SUBJECTO":"Yangga","BORDERPRECISION":3}},
{"type":"Feature","geometry":{"type":"Polygon","coordinates":[[[149.63,-27.27],[149.51,-27.3],[149.42,-27.33],[149.39,-27.46],[149.38,-27.73],[149.41,-27.79],[149.51,-27.97],[149.4,-27.99],[149.14,-28.04],[148.8,-28.13],[148.43,-28.13],[148.41,-28.26],[148.39,-28.29],[148.27,-28.46],[148.12,-28.64],[147.91,-28.85],[147.81,-28.96],[147.78,-28.98],[147.89,-28.97],[148.38,-28.88],[149,-28.86],[149.63,-28.8],[150.28,-28.46],[150.44,-28.39],[150.68,-28.41],[150.81,-28.55],[150.88,-28.66],[150.93,-28.73],[150.93,-28.72],[150.96,-28.7],[150.91,-28.66],[150.91,-28.51],[150.83,-28.25],[150.8,-28.02],[150.81,-27.83],[150.83,-27.64],[150.97,-27.54],[150.97,-27.53],[150.89,-27.55],[150.87,-27.5],[150.86,-27.47],[150.85,-27.36],[150.73,-27.28],[150.56,-27.21],[150.37,-27.21],[150.08,-27.2],[149.79,-27.24],[149.63,-27.27]]]},"properties":{"NAME":"Bigambul","SUBJECTO":"Bigambul","BORDERPRECISION":3}},
{"type":"Feature","geometry":{"type":"Polygon","coordinates":[[[133.86,-14.89],[133.82,-14.94],[133.76,-15.02],[133.7,-15.06],[133.69,-15.07],[133.63,-15.11],[133.63,-15.36],[133.62,-15.58],[133.56,-15.79],[133.49,-16.04],[133.48,-16.21],[133.5,-16.23],[133.51,-16.24],[133.66,-16.38],[133.87,-16.56],[134.01,-16.71],[134.31,-16.97],[134.45,-17.21],[134.48,-17.2],[134.67,-17.09],[134.7,-17.08],[134.91,-16.91],[135.02,-16.75],[135.24,-16.51],[135.4,-16.36],[135.4,-16.33],[135.42,-16.05],[135.43,-15.84],[135.44,-15.77],[135.43,-15.57],[135.38,-15.4],[135.23,-15.28],[134.96,-15.18],[134.91,-15.16],[134.9,-15.16],[134.73,-15.11],[134.49,-14.93],[134.3,-14.8],[134.15,-14.72],[134.14,-14.72],[134.07,-14.74],[133.93,-14.77],[133.9,-14.84],[133.86,-14.89]]]},"properties":{"NAME":"Alawa","SUBJECTO":"Alawa","BORDERPRECISION":3}},
{"type":"Feature","geometry":{"type":"Polygon","coordinates":[[[142.66,-38.05],[142.71,-38.02],[142.71,-38],[142.71,-37.98],[142.67,-37.97],[142.56,-37.92],[142.41,-37.87],[142.28,-37.81],[142.12,-37.76],[142.03,-37.73],[141.94,-37.71],[141.91,-37.76],[141.9,-37.78],[141.66,-37.78],[141.47,-37.67],[141.42,-37.63],[141.42,-37.64],[141.4,-37.67],[141.33,-37.67],[141.28,-37.67],[141.24,-37.68],[141.25,-37.71],[141.24,-37.75],[141.23,-37.77],[141.23,-37.78],[141.23,-37.8],[141.29,-37.88],[141.3,-37.92],[141.29,-37.97],[141.26,-37.98],[141.28,-38.03],[141.26,-38.04],[141.25,-38.06],[141.24,-38.06],[141.19,-38.05],[141.17,-38.05],[141.1,-38.02],[141.09,-38.02],[141.05,-38],[141,-37.99],[140.99,-37.99],[140.97,-37.99],[140.96,-38],[140.95,-38.02],[140.95,-38.06],[140.95,-38.07],[140.98,-38.09],[140.99,-38.09],[141.12,-38.17],[141.21,-38.23],[141.28,-38.34],[141.36,-38.42],[141.48,-38.45],[141.59,-38.43],[141.73,-38.37],[141.94,-38.39],[142.22,-38.46],[142.31,-38.46],[142.42,-38.46],[142.48,-38.43],[142.51,-38.41],[142.55,-38.4],[142.59,-38.38],[142.6,-38.35],[142.62,-38.33],[142.64,-38.31],[142.66,-38.28],[142.67,-38.25],[142.67,-38.2],[142.69,-38.15],[142.68,-38.1],[142.66,-38.06],[142.66,-38.05]]]},"properties":{"NAME":"Gunditjmara","SUBJECTO":"Gunditjmara","BORDERPRECISION":3}},
{"type":"Feature","geometry":{"type":"Polygon","coordinates":[[[145.8,-35.99],[145.77,-36],[145.77,-36.05],[145.79,-36.09],[145.82,-36.11],[145.9,-36.24],[146.04,-36.37],[146.09,-36.49],[146.22,-36.62],[146.31,-36.72],[146.53,-36.92],[146.66,-36.99],[146.84,-36.99],[146.95,-37.02],[146.95,-37.06],[146.99,-37.06],[147.18,-37],[147.19,-37.01],[147.23,-36.95],[147.29,-36.77],[147.29,-36.57],[147.29,-36.53],[147.27,-36.36],[147.23,-36.13],[147.21,-36.1],[146.95,-36.12],[146.18,-36.08],[145.82,-35.99],[145.8,-35.99]]]},"properties":{"NAME":"Waveroo","SUBJECTO":"Waveroo","BORDERPRECISION":3}},
{"type":"Feature","geometry":{"type":"Polygon","coordinates":[[[144.76,-34.68],[144.7,-34.66],[144.55,-34.66],[144.27,-34.75],[144.1,-34.81],[144.1,-34.82],[144.05,-34.92],[144.04,-34.94],[143.94,-35.08],[143.83,-35.18],[143.71,-35.26],[143.49,-35.31],[143.34,-35.31],[143.35,-35.34],[143.36,-35.36],[143.43,-35.56],[143.56,-35.75],[143.68,-35.8],[143.73,-35.8],[143.82,-35.72],[144.03,-35.57],[144.21,-35.43],[144.38,-35.31],[144.4,-35.29],[144.54,-35.16],[144.66,-35.03],[144.76,-34.9],[144.84,-34.76],[144.85,-34.78],[144.86,-34.77],[144.8,-34.69],[144.76,-34.68]]]},"properties":{"NAME":"Wemba Wemba","SUBJECTO":"Wemba Wemba","BORDERPRECISION":3}},
{"type":"Feature","geometry":{"type":"Polygon","coordinates":[[[133.16,-14.9],[133.1,-14.96],[132.9,-15.03],[132.69,-15.02],[132.46,-14.98],[132.3,-15.02],[132.29,-15.03],[132.23,-15.21],[132.32,-15.49],[132.32,-15.76],[132.32,-15.89],[132.32,-15.96],[132.33,-16.11],[132.39,-16.19],[132.43,-16.16],[132.53,-16.26],[132.63,-16.42],[132.88,-16.49],[133.19,-16.49],[133.37,-16.42],[133.39,-16.41],[133.39,-16.42],[133.43,-16.39],[133.49,-16.23],[133.5,-16.23],[133.48,-16.21],[133.49,-16.04],[133.56,-15.79],[133.62,-15.58],[133.63,-15.36],[133.63,-15.11],[133.69,-15.07],[133.7,-15.06],[133.7,-14.94],[133.4,-14.91],[133.2,-14.87],[133.18,-14.9],[133.17,-14.91],[133.16,-14.9]]]},"properties":{"NAME":"Yangman","SUBJECTO":"Yangman","BORDERPRECISION":3}},
{"type":"Feature","geometry":{"type":"Polygon","coordinates":[[[152.43,-27.75],[152.42,-27.63],[152.31,-27.43],[152.23,-27.24],[152.22,-27.22],[152.18,-27.15],[152.16,-27.11],[152.06,-26.97],[151.97,-26.83],[151.58,-26.63],[151.56,-26.45],[151.47,-26.24],[151.24,-25.97],[151.03,-25.78],[150.88,-25.67],[150.87,-25.66],[150.85,-25.64],[150.83,-25.64],[150.75,-25.65],[150.56,-25.66],[150.23,-25.69],[150.09,-25.7],[150.04,-25.69],[150,-25.68],[150,-25.69],[149.99,-25.85],[149.98,-25.89],[149.98,-25.91],[149.97,-25.99],[149.85,-26.1],[149.68,-26.13],[149.53,-26.13],[149.49,-26.18],[149.42,-26.29],[149.42,-26.32],[149.42,-26.48],[149.32,-26.84],[149.3,-27.18],[149.27,-27.38],[149.42,-27.33],[149.51,-27.3],[149.63,-27.27],[149.79,-27.24],[150.08,-27.2],[150.37,-27.21],[150.56,-27.21],[150.73,-27.28],[150.85,-27.36],[150.86,-27.47],[150.87,-27.5],[150.89,-27.55],[150.97,-27.53],[150.99,-27.52],[151.06,-27.53],[151.11,-27.59],[151.16,-27.67],[151.18,-27.78],[151.33,-27.84],[151.35,-27.84],[151.51,-27.84],[152.29,-27.77],[152.43,-27.77],[152.43,-27.75]]]},"properties":{"NAME":"Barunggam","SUBJECTO":"Barunggam","BORDERPRECISION":3}},
{"type":"Feature","geometry":{"type":"Polygon","coordinates":[[[134.25,-32.8],[134.26,-32.88],[134.11,-33.03],[134.15,-33.05],[134.42,-32.78],[134.84,-32.44],[134.93,-32.38],[134.94,-32.37],[135.36,-32.12],[135.66,-31.96],[136.05,-31.81],[136.03,-31.8],[136.01,-31.78],[135.87,-31.6],[134.95,-31.08],[134.32,-30.88],[133.23,-30.5],[131.85,-30.37],[131.44,-30.25],[131.41,-30.24],[131.37,-30.23],[131.29,-30.28],[131.13,-30.5],[131.04,-30.64],[131.03,-30.77],[131.24,-30.81],[131.34,-30.99],[131.19,-31.47],[131.11,-31.46],[131.08,-31.49],[131.36,-31.67],[131.69,-31.83],[131.99,-32.07],[132.18,-32.15],[132.38,-32.16],[132.57,-32.08],[132.7,-32.09],[133.13,-32.34],[133.34,-32.37],[133.72,-32.3],[133.84,-32.34],[134.08,-32.56],[134.24,-32.74],[134.25,-32.8]]]},"properties":{"NAME":"Wirangu","SUBJECTO":"Wirangu","BORDERPRECISION":3}},
{"type":"Feature","geometry":{"type":"Polygon","coordinates":[[[150.75,-24.14],[150.94,-24.05],[151.17,-23.92],[150.8,-23.6],[150.8,-23.56],[150.78,-23.57],[150.64,-23.66],[150.57,-23.7],[150.6,-23.75],[150.74,-24.12],[150.75,-24.14]]]},"properties":{"NAME":"Bayali","SUBJECTO":"Bayali","BORDERPRECISION":3}},
{"type":"Feature","geometry":{"type":"Polygon","coordinates":[[[142.61,-20.66],[142.66,-20.66],[142.88,-20.6],[142.93,-20.58],[142.6,-20.25],[142.48,-20.12],[142.59,-20],[142.82,-19.8],[142.98,-19.51],[142.92,-19.47],[142.9,-19.46],[142.85,-19.43],[142.85,-19.45],[142.82,-19.51],[142.58,-19.39],[142.26,-19.31],[141.78,-19.27],[141.47,-19.29],[141.14,-19.39],[141.12,-19.4],[141.14,-19.6],[141.17,-19.79],[141.25,-20],[141.28,-20.06],[141.32,-20.04],[141.35,-20.04],[141.44,-20.14],[141.56,-20.39],[141.82,-20.59],[142.28,-20.61],[142.61,-20.66]]]},"properties":{"NAME":"Ngawun","SUBJECTO":"Ngawun","BORDERPRECISION":3}},
{"type":"Feature","geometry":{"type":"Polygon","coordinates":[[[127.65,-15.23],[127.66,-15.23],[127.67,-15.23],[127.86,-15.02],[127.99,-14.86],[127.97,-14.74],[127.96,-14.7],[127.68,-14.44],[127.53,-14.2],[127.43,-14.13],[127.4,-14.1],[127.34,-14.09],[127.24,-14.28],[127.24,-14.44],[127.28,-14.45],[127.29,-14.48],[127.38,-14.7],[127.38,-14.93],[127.44,-15.18],[127.62,-15.2],[127.65,-15.23]]]},"properties":{"NAME":"Kwini","SUBJECTO":"Kwini","BORDERPRECISION":3}},
{"type":"Feature","geometry":{"type":"Polygon","coordinates":[[[149.3,-22.37],[149.37,-22.35],[149.36,-22.11],[149.36,-21.94],[149.27,-21.76],[149.16,-21.63],[149.14,-21.6],[149.13,-21.59],[149.07,-21.59],[149.09,-21.62],[149.09,-21.63],[149.06,-21.64],[149.02,-21.64],[148.85,-21.66],[148.61,-21.66],[148.58,-21.77],[148.58,-21.98],[148.58,-22.19],[148.58,-22.33],[148.66,-22.31],[148.75,-22.29],[148.85,-22.33],[148.87,-22.36],[148.88,-22.36],[149.11,-22.36],[149.28,-22.35],[149.29,-22.35],[149.3,-22.37]]]},"properties":{"NAME":"Baradha","SUBJECTO":"Baradha","BORDERPRECISION":3}},
{"type":"Feature","geometry":{"type":"Polygon","coordinates":[[[144.57,-28.77],[144.6,-28.73],[144.71,-28.52],[144.78,-28.26],[144.86,-28.08],[144.77,-28.06],[144.52,-28.03],[144.2,-27.98],[144.18,-27.98],[144.11,-28.04],[143.89,-28.21],[143.79,-28.29],[143.65,-28.4],[143.65,-28.53],[143.69,-28.74],[143.92,-28.75],[144.48,-28.75],[144.57,-28.77]]]},"properties":{"NAME":"Budjari","SUBJECTO":"Budjari","BORDERPRECISION":3}},
{"type":"Feature","geometry":{"type":"Polygon","coordinates":[[[139.63,-29.5],[139.6,-29.3],[139.61,-28.98],[139.62,-28.91],[139.62,-28.89],[139.64,-28.74],[139.7,-28.47],[139.84,-28.24],[139.9,-27.98],[139.99,-27.64],[139.99,-27.55],[139.99,-27.49],[139.99,-27.43],[140.02,-27.27],[140.03,-27.24],[139.98,-27.23],[139.78,-27.23],[139.6,-27.25],[139.39,-27.32],[139.19,-27.38],[138.83,-27.37],[138.57,-27.36],[138.42,-27.36],[138.4,-27.38],[138.41,-27.39],[138.42,-27.43],[138.3,-27.52],[138.21,-27.6],[138.2,-27.66],[138.18,-27.7],[138.23,-27.77],[138.26,-27.86],[138.43,-28.13],[138.69,-28.48],[138.66,-28.7],[138.66,-28.88],[138.6,-29.17],[138.48,-29.5],[138.46,-29.57],[138.67,-29.55],[138.93,-29.54],[139.22,-29.54],[139.48,-29.54],[139.49,-29.55],[139.49,-29.54],[139.57,-29.51],[139.59,-29.5],[139.63,-29.5]]]},"properties":{"NAME":"Dieri","SUBJECTO":"Dieri","BORDERPRECISION":3}},
{"type":"Feature","geometry":{"type":"Polygon","coordinates":[[[141.53,-14.48],[141.52,-14.49],[141.59,-14.49],[141.8,-14.5],[142,-14.5],[142.06,-14.49],[142.18,-14.47],[142.39,-14.47],[142.53,-14.42],[142.65,-14.35],[142.84,-14.32],[142.9,-14.29],[142.91,-14.28],[142.96,-14.24],[142.95,-14.18],[142.93,-13.97],[142.92,-13.76],[142.92,-13.53],[142.9,-13.35],[142.88,-13.13],[142.87,-13.09],[142.87,-13.07],[142.86,-13.07],[142.62,-13.07],[142.61,-13.07],[142.59,-13.08],[142.35,-13.1],[142.26,-13.11],[141.98,-13.19],[141.98,-13.2],[141.97,-13.22],[141.93,-13.36],[141.89,-13.49],[141.76,-13.52],[141.69,-13.52],[141.65,-13.48],[141.65,-13.42],[141.66,-13.39],[141.65,-13.34],[141.62,-13.35],[141.58,-13.36],[141.56,-13.39],[141.55,-13.5],[141.51,-13.81],[141.59,-13.99],[141.67,-14.11],[141.58,-14.33],[141.53,-14.48]]]},"properties":{"NAME":"Wik","SUBJECTO":"Wik","BORDERPRECISION":3}},
{"type":"Feature","geometry":{"type":"Polygon","coordinates":[[[144.2,-14.46],[144.22,-14.65],[144.23,-14.8],[144.48,-14.79],[144.64,-14.87],[144.98,-14.97],[145.03,-15.04],[145.09,-15.01],[145.12,-14.98],[144.95,-14.91],[144.69,-14.72],[144.53,-14.67],[144.39,-14.37],[144.21,-14.45],[144.2,-14.46]]]},"properties":{"NAME":"Mutumui","SUBJECTO":"Mutumui","BORDERPRECISION":3}},
{"type":"Feature","geometry":{"type":"Polygon","coordinates":[[[141.92,-12.01],[141.86,-12.1],[141.9,-12.1],[141.91,-12.11],[141.91,-12.09],[141.92,-12.04],[141.92,-12.01]]]},"properties":{"NAME":"Tjungundji","SUBJECTO":"Tjungundji","BORDERPRECISION":3}},
{"type":"Feature","geometry":{"type":"MultiPolygon","coordinates":[[[[140.99,-36.76],[140.98,-36.84],[141.01,-36.89],[140.99,-36.76]]],[[[142.85,-36.58],[142.91,-36.49],[142.91,-36.4],[142.94,-36.35],[142.75,-36.32],[142.46,-36.32],[142.33,-36.45],[142.13,-36.62],[141.91,-36.8],[141.47,-36.8],[141.01,-36.9],[141.04,-36.94],[141.04,-36.99],[141.06,-37.13],[141.26,-37.44],[141.38,-37.6],[141.42,-37.63],[141.47,-37.67],[141.66,-37.78],[141.9,-37.78],[141.91,-37.76],[141.94,-37.71],[141.97,-37.64],[142.06,-37.57],[142.19,-37.57],[142.27,-37.61],[142.43,-37.62],[142.53,-37.56],[142.53,-37.45],[142.53,-37.3],[142.53,-37.14],[142.57,-37.06],[142.63,-37.06],[142.72,-37.06],[142.97,-37.06],[143.02,-37.06],[143.29,-37.1],[143.32,-37.09],[143.4,-37.05],[143.44,-37.02],[143.44,-36.94],[143.38,-36.93],[143.25,-36.92],[143.23,-36.92],[143.01,-36.9],[142.86,-36.81],[142.8,-36.7],[142.84,-36.59],[142.85,-36.58]]]]},"properties":{"NAME":"Jardwadjali","SUBJECTO":"Jardwadjali","BORDERPRECISION":3}},
{"type":"Feature","geometry":{"type":"Polygon","coordinates":[[[141.99,-12.18],[141.99,-12.19],[141.99,-12.25],[142,-12.34],[142.03,-12.42],[142.04,-12.5],[142.04,-12.52],[142.05,-12.54],[142.08,-12.65],[142.12,-12.77],[142.13,-12.78],[142.14,-12.81],[142.16,-12.86],[142.23,-12.96],[142.29,-13.04],[142.35,-13.1],[142.59,-13.08],[142.6,-13.07],[142.6,-13.05],[142.61,-13.02],[142.62,-12.82],[142.64,-12.65],[142.64,-12.5],[142.64,-12.49],[142.62,-12.45],[142.59,-12.39],[142.41,-12.27],[142.33,-12.17],[142.28,-12.13],[142.18,-12.09],[142.17,-12.08],[142.16,-12.09],[142.09,-12.14],[141.99,-12.18]]]},"properties":{"NAME":"Luthigh","SUBJECTO":"Luthigh","BORDERPRECISION":3}},
{"type":"Feature","geometry":{"type":"Polygon","coordinates":[[[145.12,-14.98],[145.09,-15.01],[145.03,-15.04],[145.05,-15.06],[145.11,-15.15],[144.94,-15.29],[144.74,-15.47],[144.74,-15.65],[144.81,-15.82],[144.8,-15.91],[144.87,-15.89],[145.03,-15.77],[145.15,-15.59],[145.12,-15.48],[145.2,-15.4],[145.18,-15.23],[145.18,-15.05],[145.14,-15],[145.12,-14.98]]]},"properties":{"NAME":"Guugu-Yimidhirr","SUBJECTO":"Guugu-Yimidhirr","BORDERPRECISION":3}},
{"type":"Feature","geometry":{"type":"Polygon","coordinates":[[[142.94,-18.81],[143.02,-18.82],[143.03,-18.73],[143.04,-18.7],[143,-18.65],[142.84,-18.43],[142.68,-18.18],[142.59,-18.04],[142.58,-18.04],[142.57,-18.04],[141.95,-17.79],[141.81,-17.7],[141.26,-17.53],[141.31,-17.63],[141.31,-17.81],[141.31,-17.95],[141.38,-18.16],[141.59,-18.28],[141.76,-18.38],[142.03,-18.52],[142.34,-18.66],[142.71,-18.74],[142.89,-18.77],[142.93,-18.78],[142.94,-18.81]]]},"properties":{"NAME":"Walangama","SUBJECTO":"Walangama","BORDERPRECISION":3}},
{"type":"Feature","geometry":{"type":"Polygon","coordinates":[[[142.65,-11.1],[142.62,-11.09],[142.52,-11.08],[142.41,-11.07],[142.31,-11.04],[142.27,-10.99],[142.26,-11],[142.21,-11.05],[142.13,-11.16],[142.09,-11.53],[141.95,-11.95],[141.95,-11.96],[141.94,-11.98],[141.97,-11.99],[142.02,-11.99],[142.12,-12],[142.15,-12],[142.16,-12],[142.2,-12.01],[142.35,-12.02],[142.63,-12.02],[142.69,-12.02],[142.71,-12.02],[142.71,-12],[142.71,-11.95],[142.68,-11.8],[142.69,-11.78],[142.69,-11.77],[142.7,-11.7],[142.7,-11.54],[142.7,-11.43],[142.69,-11.27],[142.69,-11.18],[142.65,-11.1]]]},"properties":{"NAME":"Anggamudi","SUBJECTO":"Anggamudi","BORDERPRECISION":3}},
{"type":"Feature","geometry":{"type":"Polygon","coordinates":[[[130.98,-12.98],[131.1,-12.96],[131.2,-12.92],[131.21,-12.91],[131.18,-12.88],[131.18,-12.69],[131.17,-12.52],[131.13,-12.36],[131.06,-12.26],[131.03,-12.27],[130.86,-12.45],[130.95,-12.63],[130.84,-12.71],[130.66,-12.72],[130.52,-12.73],[130.46,-12.76],[130.4,-12.86],[130.48,-12.89],[130.8,-12.93],[130.98,-12.98]]]},"properties":{"NAME":"Larrakia","SUBJECTO":"Larrakia","BORDERPRECISION":3}},
{"type":"Feature","geometry":{"type":"Polygon","coordinates":[[[139.22,-22.16],[139.2,-22.26],[139.17,-22.39],[139.17,-22.63],[139.06,-22.95],[138.86,-23.21],[138.74,-23.39],[138.98,-23.73],[139.03,-23.9],[139.12,-24.08],[139.26,-24.27],[139.39,-24.39],[139.49,-24.49],[139.6,-24.64],[139.6,-24.65],[139.64,-24.71],[139.88,-24.63],[140.24,-24.51],[140.52,-24.45],[140.6,-24.43],[140.6,-24.38],[140.57,-24.09],[140.58,-23.93],[140.53,-23.92],[140.53,-23.9],[140.54,-23.57],[140.52,-23.28],[140.68,-22.77],[140.82,-22.54],[140.89,-22.43],[140.93,-22.38],[140.55,-22.37],[140.29,-22.16],[140.24,-22.12],[140.22,-22.11],[140.01,-22.09],[139.49,-22],[139.31,-22],[139.26,-22.08],[139.24,-22.13],[139.22,-22.15],[139.22,-22.16]]]},"properties":{"NAME":"Pitta-Pitta","SUBJECTO":"Pitta-Pitta","BORDERPRECISION":3}},
{"type":"Feature","geometry":{"type":"Polygon","coordinates":[[[151.39,-29.81],[151.51,-29.69],[151.75,-29.51],[151.79,-29.45],[151.91,-29.24],[152.01,-29.09],[152.02,-28.98],[151.98,-28.96],[151.96,-28.92],[151.96,-28.76],[151.9,-28.65],[151.82,-28.49],[151.73,-28.41],[151.69,-28.34],[151.69,-28.32],[151.5,-28.11],[151.46,-27.95],[151.35,-27.84],[151.33,-27.84],[151.18,-27.78],[151.16,-27.67],[151.11,-27.59],[151.06,-27.53],[150.99,-27.52],[150.97,-27.53],[150.97,-27.54],[150.83,-27.64],[150.81,-27.83],[150.8,-28.02],[150.83,-28.25],[150.91,-28.51],[150.91,-28.66],[150.96,-28.7],[150.93,-28.72],[150.93,-28.73],[150.97,-28.78],[150.94,-28.97],[150.96,-29.14],[150.97,-29.34],[150.92,-29.52],[151,-29.72],[151,-29.8],[151,-29.84],[151.08,-29.88],[151.14,-29.89],[151.33,-29.87],[151.38,-29.82],[151.39,-29.81]]]},"properties":{"NAME":"Ngarabal","SUBJECTO":"Ngarabal","BORDERPRECISION":3}},
{"type":"Feature","geometry":{"type":"Polygon","coordinates":[[[114.97,-30.32],[115.02,-30.37],[115.21,-30.31],[115.48,-30.3],[115.66,-30.27],[116.15,-30.22],[116.36,-30.15],[116.5,-30.11],[116.63,-30.04],[116.64,-30.01],[116.67,-29.95],[116.55,-29.74],[116.48,-29.59],[116.38,-29.38],[116.31,-29.25],[116.27,-29.27],[116.08,-29.02],[115.98,-28.86],[115.87,-28.71],[115.82,-28.61],[115.82,-28.57],[115.73,-28.51],[115.6,-28.51],[115.39,-28.57],[115.31,-28.53],[115.3,-28.54],[115.23,-28.57],[114.96,-28.63],[114.7,-28.72],[114.6,-28.72],[114.59,-28.72],[114.54,-28.77],[114.54,-28.78],[114.63,-28.9],[114.84,-29.39],[114.91,-29.7],[114.9,-30.13],[114.92,-30.2],[114.95,-30.31],[114.97,-30.32]]]},"properties":{"NAME":"Amangu","SUBJECTO":"Amangu","BORDERPRECISION":3}},
{"type":"Feature","geometry":{"type":"Polygon","coordinates":[[[143.39,-38.49],[143.38,-38.47],[143.35,-38.38],[143.34,-38.26],[143.39,-38.16],[143.46,-38.15],[143.57,-38.16],[143.64,-38.13],[143.66,-38.07],[143.56,-38.08],[143.34,-38.01],[143.17,-37.84],[143.08,-37.81],[143.08,-37.91],[143.08,-38.05],[143.05,-38.11],[143.02,-38.16],[143.01,-38.26],[143,-38.37],[143.04,-38.4],[143.22,-38.45],[143.33,-38.47],[143.39,-38.49]]]},"properties":{"NAME":"Djargurdwurung","SUBJECTO":"Djargurdwurung","BORDERPRECISION":3}},
{"type":"Feature","geometry":{"type":"Polygon","coordinates":[[[135.79,-15.51],[135.81,-15.52],[135.91,-15.51],[136.14,-15.63],[136.55,-15.94],[136.65,-16.05],[136.64,-16.09],[136.88,-16.12],[137.06,-16.17],[137.33,-16.3],[137.69,-16.42],[137.82,-16.62],[138.14,-16.8],[138.24,-16.82],[137.95,-16.6],[137.76,-16.4],[137.43,-16.19],[137.07,-16.03],[136.95,-16.02],[136.8,-16.07],[136.69,-16.03],[136.46,-15.75],[136.09,-15.45],[135.94,-15.36],[135.91,-15.4],[135.82,-15.45],[135.79,-15.51]]]},"properties":{"NAME":"Yanyuwa","SUBJECTO":"Yanyuwa","BORDERPRECISION":3}},
{"type":"Feature","geometry":{"type":"Polygon","coordinates":[[[134.39,-12.12],[134.23,-12.1],[134.21,-12.1],[134.17,-12.12],[134.14,-12.18],[134.12,-12.24],[134.12,-12.26],[134.13,-12.26],[134.19,-12.26],[134.36,-12.25],[134.37,-12.17],[134.4,-12.16],[134.4,-12.15],[134.4,-12.13],[134.39,-12.12]]]},"properties":{"NAME":"Gungurugoni","SUBJECTO":"Gungurugoni","BORDERPRECISION":3}},
{"type":"Feature","geometry":{"type":"Polygon","coordinates":[[[142.03,-34.02],[142.12,-33.93],[142.35,-33.95],[142.37,-33.83],[142.45,-33.71],[142.47,-33.67],[142.55,-33.71],[142.58,-33.74],[142.79,-33.94],[142.84,-33.99],[142.85,-34],[142.86,-34],[142.9,-33.99],[142.9,-33.97],[142.89,-33.94],[142.78,-33.55],[142.68,-33.2],[142.76,-32.9],[142.97,-32.65],[143.2,-32.46],[143.58,-32.17],[143.91,-31.86],[144.07,-31.61],[143.99,-31.61],[143.87,-31.61],[143.55,-31.53],[143.53,-31.51],[143.44,-31.56],[143.28,-31.68],[143.12,-31.84],[142.94,-32.04],[142.77,-32.18],[142.5,-32.33],[142.31,-32.52],[141.77,-32.93],[141.64,-33.01],[141.44,-33.12],[141.2,-33.28],[141.09,-33.34],[140.97,-33.44],[141.02,-33.46],[141.32,-33.61],[141.51,-33.69],[142.01,-33.85],[142.05,-33.88],[142.09,-33.91],[142.03,-34.02]]]},"properties":{"NAME":"Barkindji","SUBJECTO":"Barkindji","BORDERPRECISION":3}},
{"type":"Feature","geometry":{"type":"Polygon","coordinates":[[[143.39,-38.49],[143.4,-38.49],[143.44,-38.5],[143.44,-38.53],[143.46,-38.54],[143.53,-38.57],[143.57,-38.57],[143.6,-38.57],[143.72,-38.57],[143.87,-38.47],[144,-38.4],[143.98,-38.39],[143.9,-38.36],[143.89,-38.32],[144,-38.27],[144.02,-38.21],[144.01,-38.1],[143.99,-38.02],[143.95,-37.98],[143.81,-38.01],[143.71,-38.07],[143.67,-38.07],[143.66,-38.07],[143.64,-38.13],[143.57,-38.16],[143.46,-38.15],[143.39,-38.16],[143.34,-38.26],[143.35,-38.38],[143.38,-38.47],[143.39,-38.49]]]},"properties":{"NAME":"Gulidjan","SUBJECTO":"Gulidjan","BORDERPRECISION":3}},
{"type":"Feature","geometry":{"type":"Polygon","coordinates":[[[138.33,-33.31],[138.33,-33.32],[138.32,-33.43],[138.39,-33.66],[138.49,-34.04],[138.55,-34.3],[138.61,-34.5],[138.67,-34.69],[138.72,-34.67],[138.77,-34.66],[138.97,-34.6],[139.13,-34.53],[139.12,-34.44],[139.1,-34.34],[139.1,-33.99],[139.08,-33.67],[139.09,-33.67],[138.93,-33.48],[138.93,-33.19],[139.3,-32.9],[139.88,-32.78],[139.92,-32.77],[140.01,-32.54],[140.03,-32.28],[140.06,-32.07],[139.99,-32.07],[139.97,-32.07],[139.71,-32.09],[139.41,-32.09],[138.8,-32.15],[138.77,-32.06],[138.65,-32.12],[138.49,-32.15],[138.4,-32.19],[138.17,-32.27],[138.16,-32.27],[138.12,-32.32],[138.19,-32.5],[138.26,-32.7],[138.36,-33.01],[138.37,-33.19],[138.33,-33.31]]]},"properties":{"NAME":"Ngadjuri","SUBJECTO":"Ngadjuri","BORDERPRECISION":3}},
{"type":"Feature","geometry":{"type":"Polygon","coordinates":[[[122.83,-33.06],[123.65,-33.14],[123.83,-33.38],[123.95,-33.48],[123.97,-33.46],[124,-33.42],[124.1,-33.17],[124.24,-33.01],[124.43,-32.94],[124.33,-32.02],[124.22,-31.03],[123.38,-30.99],[123.31,-31.11],[123.28,-31.23],[123.23,-31.35],[123.19,-31.46],[123.15,-31.6],[123.11,-31.75],[123.04,-31.87],[123.01,-31.99],[123,-32.1],[122.96,-32.23],[122.92,-32.37],[122.93,-32.49],[122.91,-32.76],[122.89,-32.91],[122.83,-33.04],[122.83,-33.06]]]},"properties":{"NAME":"Ngatjumay","SUBJECTO":"Ngatjumay","BORDERPRECISION":3}},
{"type":"Feature","geometry":{"type":"Polygon","coordinates":[[[130.76,-16.07],[130.78,-16.07],[130.89,-16.09],[130.91,-16.07],[131.1,-16],[131.33,-15.99],[131.37,-15.91],[131.37,-15.79],[131.4,-15.79],[131.4,-15.68],[131.39,-15.66],[131.15,-15.65],[130.92,-15.65],[130.62,-15.7],[130.45,-15.69],[130.45,-15.71],[130.45,-15.81],[130.48,-15.96],[130.71,-16.05],[130.76,-16.07]]]},"properties":{"NAME":"Ngaliwuru","SUBJECTO":"Ngaliwuru","BORDERPRECISION":3}},
{"type":"Feature","geometry":{"type":"Polygon","coordinates":[[[115.91,-22.6],[115.95,-22.55],[116.02,-22.47],[115.99,-22.47],[115.94,-22.47],[115.81,-22.57],[115.65,-22.56],[115.44,-22.52],[115.19,-22.5],[115.31,-22.41],[115.3,-22.4],[115.29,-22.4],[115.26,-22.43],[115.09,-22.44],[114.92,-22.42],[114.8,-22.34],[114.66,-22.22],[114.63,-22.02],[114.64,-21.98],[114.46,-22.09],[114.39,-22.31],[114.31,-22.56],[114.23,-22.62],[114.07,-22.6],[114.03,-22.52],[114.02,-22.33],[113.9,-22.04],[113.87,-22.11],[113.82,-22.25],[113.63,-22.57],[113.62,-22.66],[113.66,-22.73],[113.72,-22.82],[113.78,-22.84],[113.82,-22.76],[113.96,-22.7],[114.15,-22.68],[114.29,-22.68],[114.42,-22.73],[114.59,-22.73],[114.76,-22.77],[114.79,-22.82],[114.81,-22.83],[114.86,-22.84],[115.09,-22.84],[115.35,-22.86],[115.5,-22.86],[115.6,-22.87],[115.71,-22.85],[115.73,-22.84],[115.81,-22.83],[115.87,-22.71],[115.9,-22.62],[115.91,-22.6]]]},"properties":{"NAME":"Thalanyji","SUBJECTO":"Thalanyji","BORDERPRECISION":3}},
{"type":"Feature","geometry":{"type":"Polygon","coordinates":[[[131.63,-12.39],[131.54,-12.4],[131.18,-12.24],[131.11,-12.25],[131.06,-12.26],[131.13,-12.36],[131.17,-12.52],[131.18,-12.69],[131.18,-12.88],[131.21,-12.91],[131.21,-12.92],[131.32,-12.95],[131.61,-13.03],[131.67,-12.98],[131.66,-12.94],[131.66,-12.93],[131.61,-12.91],[131.61,-12.79],[131.62,-12.63],[131.62,-12.44],[131.63,-12.39]]]},"properties":{"NAME":"Woolna","SUBJECTO":"Woolna","BORDERPRECISION":3}},
{"type":"Feature","geometry":{"type":"Polygon","coordinates":[[[134.33,-13.42],[134.47,-13.33],[134.75,-13.18],[134.87,-13.12],[135.03,-13.12],[135.05,-13.11],[135.05,-13.08],[135.05,-13.06],[135.05,-12.87],[134.93,-12.72],[134.87,-12.66],[134.77,-12.58],[134.69,-12.45],[134.69,-12.44],[134.68,-12.44],[134.66,-12.43],[134.64,-12.44],[134.44,-12.54],[134.27,-12.66],[134.09,-12.87],[133.96,-12.98],[133.96,-13.03],[133.95,-13.1],[133.96,-13.29],[134.06,-13.4],[134.18,-13.44],[134.32,-13.43],[134.33,-13.42]]]},"properties":{"NAME":"Rembarnga","SUBJECTO":"Rembarnga","BORDERPRECISION":3}},
{"type":"Feature","geometry":{"type":"Polygon","coordinates":[[[130.04,-14.45],[130.03,-14.44],[130,-14.43],[129.99,-14.43],[129.92,-14.43],[129.81,-14.45],[129.72,-14.41],[129.65,-14.34],[129.61,-14.27],[129.6,-14.17],[129.58,-14.18],[129.49,-14.26],[129.43,-14.31],[129.42,-14.41],[129.46,-14.5],[129.73,-14.67],[129.79,-14.75],[129.84,-14.75],[130.06,-14.72],[130.26,-14.72],[130.35,-14.72],[130.35,-14.67],[130.34,-14.57],[130.34,-14.51],[130.32,-14.51],[130.28,-14.49],[130.16,-14.47],[130.07,-14.47],[130.04,-14.45]]]},"properties":{"NAME":"Murrinh-patha","SUBJECTO":"Murrinh-patha","BORDERPRECISION":3}},
{"type":"Feature","geometry":{"type":"Polygon","coordinates":[[[130.58,-24.79],[130.5,-24.87],[130.23,-24.77],[129.73,-24.63],[129.33,-24.49],[129.07,-24.45],[128.89,-24.43],[129.03,-24.8],[129.09,-25.17],[129.1,-25.57],[129.07,-25.85],[129.02,-25.9],[128.92,-26.01],[128.85,-26.01],[128.89,-26.31],[128.89,-26.62],[129.11,-26.96],[129.33,-27.24],[129.72,-27.5],[130.18,-27.53],[130.51,-27.53],[130.54,-27.52],[130.64,-27.48],[130.67,-27.46],[130.69,-27.47],[130.7,-27.46],[130.7,-27.33],[130.83,-27.02],[130.87,-26.74],[130.84,-26.52],[130.8,-26.33],[130.78,-26.08],[130.83,-25.92],[130.95,-25.75],[131.04,-25.47],[131.05,-25.4],[131.06,-25.21],[131,-25.04],[130.85,-24.88],[130.7,-24.84],[130.58,-24.79]]]},"properties":{"NAME":"Pitjantjatjara","SUBJECTO":"Pitjantjatjara","BORDERPRECISION":3}},
{"type":"Feature","geometry":{"type":"Polygon","coordinates":[[[141.48,-27.4],[141.37,-27.48],[141.17,-27.56],[141.07,-27.6],[140.93,-27.65],[140.53,-27.65],[140.3,-27.53],[139.99,-27.49],[139.99,-27.55],[139.99,-27.64],[139.9,-27.98],[139.84,-28.24],[139.7,-28.47],[139.64,-28.74],[139.62,-28.89],[139.62,-28.91],[139.83,-28.91],[140.22,-28.92],[140.54,-28.93],[140.75,-28.93],[140.97,-28.87],[141.15,-28.82],[141.35,-28.71],[141.6,-28.62],[141.77,-28.56],[142.07,-28.38],[142.05,-28.36],[141.9,-28.16],[141.62,-27.76],[141.56,-27.51],[141.49,-27.42],[141.48,-27.4]]]},"properties":{"NAME":"Yandruwandha","SUBJECTO":"Yandruwandha","BORDERPRECISION":3}},
{"type":"Feature","geometry":{"type":"Polygon","coordinates":[[[153.15,-27.68],[153.12,-27.63],[153.06,-27.65],[152.85,-27.7],[152.75,-27.73],[152.74,-27.75],[152.69,-27.82],[152.65,-27.88],[152.62,-27.95],[152.7,-27.9],[152.8,-27.85],[152.96,-27.8],[153.05,-27.75],[153.09,-27.72],[153.13,-27.69],[153.15,-27.68]]]},"properties":{"NAME":"Yugambeh","SUBJECTO":"Yugambeh","BORDERPRECISION":3}},
{"type":"Feature","geometry":{"type":"Polygon","coordinates":[[[143.7,-14.97],[143.88,-14.96],[144.17,-14.81],[144.19,-14.81],[144.23,-14.8],[144.22,-14.65],[144.2,-14.46],[144.17,-14.49],[144.06,-14.59],[143.87,-14.59],[143.74,-14.47],[143.68,-14.3],[143.67,-14.29],[143.43,-14.32],[143.44,-14.33],[143.44,-14.34],[143.46,-14.46],[143.45,-14.73],[143.42,-14.82],[143.4,-14.83],[143.49,-14.84],[143.7,-14.94],[143.7,-14.97]]]},"properties":{"NAME":"Lamalama","SUBJECTO":"Lamalama","BORDERPRECISION":3}},
{"type":"Feature","geometry":{"type":"Polygon","coordinates":[[[115.77,-33.49],[115.74,-33.46],[115.72,-33.4],[115.65,-33.35],[115.65,-33.37],[115.56,-33.58],[115.41,-33.77],[115.21,-33.81],[114.99,-33.75],[114.96,-33.87],[115.02,-34.26],[115.05,-34.38],[115.15,-34.38],[115.35,-34.12],[115.37,-34.07],[115.54,-33.98],[115.74,-33.86],[115.76,-33.83],[115.76,-33.8],[115.83,-33.69],[115.82,-33.61],[115.77,-33.49]]]},"properties":{"NAME":"Wardandi","SUBJECTO":"Wardandi","BORDERPRECISION":3}},
{"type":"Feature","geometry":{"type":"Polygon","coordinates":[[[132.75,-12.17],[132.74,-12.19],[132.79,-12.22],[132.84,-12.23],[132.85,-12.22],[132.88,-12.17],[132.93,-12.09],[133.03,-12.03],[133.03,-12],[133.04,-11.96],[133.05,-11.91],[133.06,-11.9],[133.03,-11.88],[132.98,-11.82],[132.94,-11.75],[132.91,-11.7],[132.86,-11.63],[132.8,-11.61],[132.76,-11.65],[132.64,-11.75],[132.63,-11.75],[132.72,-12.08],[132.73,-12.12],[132.75,-12.17]]]},"properties":{"NAME":"Amarak","SUBJECTO":"Amarak","BORDERPRECISION":3}},
{"type":"Feature","geometry":{"type":"Polygon","coordinates":[[[123.58,-16.39],[123.57,-16.42],[123.68,-16.47],[123.77,-16.51],[123.91,-16.57],[123.97,-16.64],[123.96,-16.74],[123.99,-16.81],[123.99,-16.82],[124.05,-16.82],[124.19,-16.83],[124.34,-16.83],[124.45,-16.84],[124.45,-16.77],[124.45,-16.65],[124.41,-16.57],[124.4,-16.52],[124.28,-16.52],[123.98,-16.41],[123.66,-16.39],[123.58,-16.39]]]},"properties":{"NAME":"Umida","SUBJECTO":"Umida","BORDERPRECISION":3}},
{"type":"Feature","geometry":{"type":"Polygon","coordinates":[[[132.7,-12.69],[132.7,-12.7],[132.73,-12.71],[132.79,-12.73],[132.85,-12.74],[132.87,-12.73],[132.92,-12.68],[132.96,-12.65],[132.97,-12.54],[132.97,-12.44],[132.93,-12.34],[132.87,-12.24],[132.85,-12.22],[132.84,-12.23],[132.79,-12.22],[132.74,-12.19],[132.73,-12.19],[132.72,-12.2],[132.73,-12.22],[132.71,-12.33],[132.7,-12.45],[132.68,-12.52],[132.67,-12.58],[132.69,-12.66],[132.7,-12.69]]]},"properties":{"NAME":"Kundjey’mi","SUBJECTO":"Kundjey’mi","BORDERPRECISION":3}},
{"type":"Feature","geometry":{"type":"Polygon","coordinates":[[[148.04,-37.18],[147.88,-37.28],[147.79,-37.35],[147.71,-37.41],[147.55,-37.48],[147.51,-37.41],[147.42,-37.29],[147.29,-37.1],[147.2,-37.02],[147.19,-37.01],[147.18,-37],[146.99,-37.06],[146.95,-37.06],[146.9,-37.08],[146.68,-37.23],[146.41,-37.34],[146.16,-37.43],[146.16,-37.44],[146.17,-37.49],[146.18,-37.52],[146.29,-37.66],[146.39,-37.83],[146.41,-37.97],[146.32,-38.13],[146.32,-38.22],[146.32,-38.32],[146.31,-38.38],[146.29,-38.44],[146.24,-38.63],[146.22,-38.73],[146.33,-38.75],[146.45,-38.75],[146.63,-38.76],[146.65,-38.76],[146.86,-38.74],[146.91,-38.72],[146.92,-38.71],[146.93,-38.71],[146.99,-38.69],[147.11,-38.56],[147.54,-38.21],[147.74,-38.05],[148.05,-37.95],[148.33,-37.9],[148.81,-37.86],[149.06,-37.87],[149.31,-37.83],[149.31,-37.81],[149.32,-37.74],[149.25,-37.62],[148.96,-37.48],[148.7,-37.47],[148.45,-37.41],[148.39,-37.37],[148.36,-37.39],[148.26,-37.38],[148.25,-37.38],[148.08,-37.27],[148.08,-37.25],[148.04,-37.18]]]},"properties":{"NAME":"Kurnai","SUBJECTO":"Kurnai","BORDERPRECISION":3}},
{"type":"Feature","geometry":{"type":"Polygon","coordinates":[[[118.93,-22.33],[118.93,-22.34],[118.95,-22.4],[119.01,-22.44],[119.12,-22.51],[119.24,-22.58],[119.36,-22.71],[119.47,-22.99],[119.53,-23.15],[119.6,-23.26],[119.61,-23.38],[119.64,-23.4],[119.67,-23.4],[119.81,-23.37],[119.95,-23.37],[120.28,-23.4],[120.72,-23.35],[120.98,-23.28],[121,-23.3],[121.12,-23.05],[121.12,-22.79],[121.12,-22.55],[121.12,-22.28],[121.1,-22.2],[121.07,-22.23],[120.95,-22.16],[120.68,-22.11],[120.4,-22.09],[120.08,-22.09],[119.93,-22.11],[119.67,-22.07],[119.28,-22.04],[119.12,-22.04],[119.03,-22.01],[118.98,-22.06],[118.93,-22.13],[118.92,-22.19],[118.91,-22.28],[118.93,-22.33]]]},"properties":{"NAME":"Palyku","SUBJECTO":"Palyku","BORDERPRECISION":3}},
{"type":"Feature","geometry":{"type":"Polygon","coordinates":[[[115.84,-25.23],[115.81,-25.29],[115.86,-25.48],[115.82,-25.55],[115.71,-25.59],[115.6,-25.62],[115.44,-25.65],[115.13,-25.68],[114.92,-25.67],[114.73,-25.71],[114.73,-25.75],[114.72,-25.87],[114.77,-26.08],[114.77,-26.22],[114.74,-26.39],[114.68,-26.44],[114.64,-26.47],[114.7,-26.62],[114.8,-26.92],[114.87,-27.16],[114.92,-27.61],[114.91,-27.95],[115.05,-28.25],[115.2,-28.47],[115.27,-28.51],[115.31,-28.53],[115.39,-28.57],[115.6,-28.51],[115.73,-28.51],[115.82,-28.57],[115.86,-28.59],[115.88,-28.57],[116.24,-28.3],[116.76,-27.95],[117.2,-27.72],[117.57,-27.46],[117.75,-27.25],[117.98,-27.21],[118.01,-27.18],[118.04,-27.16],[118.23,-27.04],[118.36,-26.78],[118.62,-26.45],[118.75,-26.21],[118.88,-25.99],[118.91,-25.81],[118.92,-25.79],[118.93,-25.74],[118.95,-25.65],[119.01,-25.55],[119.13,-25.43],[119.17,-25.38],[119.3,-25.34],[119.34,-25.33],[119.47,-25.26],[119.65,-25.18],[119.7,-25.12],[119.76,-24.99],[119.77,-24.97],[119.71,-24.93],[119.48,-24.79],[119.3,-24.69],[119.08,-24.54],[118.88,-24.46],[118.61,-24.4],[118.57,-24.39],[118.44,-24.37],[118.31,-24.3],[118,-24.23],[117.8,-24.15],[117.67,-24.03],[117.59,-24.03],[117.58,-24.03],[117.42,-24.01],[117.36,-23.97],[117.25,-24],[117.2,-24.03],[117.1,-24],[116.99,-24.06],[116.93,-24.21],[116.93,-24.36],[116.88,-24.44],[116.83,-24.48],[116.72,-24.48],[116.5,-24.51],[116.37,-24.59],[116.34,-24.62],[116.29,-24.65],[116.14,-24.76],[116.06,-24.97],[115.89,-25.11],[115.85,-25.2],[115.84,-25.23]]]},"properties":{"NAME":"Watjarri","SUBJECTO":"Watjarri","BORDERPRECISION":3}},
{"type":"Feature","geometry":{"type":"Polygon","coordinates":[[[140.15,-31.98],[140.43,-31.73],[140.89,-31.45],[141.04,-31.35],[141.09,-31.32],[141.15,-31.28],[141.39,-31.03],[141.72,-30.68],[141.99,-30.28],[142.14,-29.9],[142.14,-29.76],[142.14,-29.73],[142.14,-29.65],[142.06,-29.65],[142.05,-29.65],[141.66,-29.65],[140.84,-29.86],[140.27,-30.05],[140.24,-30.06],[140.17,-30.09],[140.09,-30.12],[140.06,-30.18],[140.05,-30.23],[140.02,-30.33],[139.88,-30.81],[139.88,-31.02],[140.03,-31.31],[140.05,-31.49],[140.12,-31.75],[140.14,-31.88],[140.15,-31.98]]]},"properties":{"NAME":"Malyangaba","SUBJECTO":"Malyangaba","BORDERPRECISION":3}},
{"type":"Feature","geometry":{"type":"Polygon","coordinates":[[[143.58,-16.01],[143.58,-16.09],[143.71,-16.15],[143.87,-16.14],[143.87,-16.12],[144.03,-16.09],[144.27,-16.1],[144.63,-15.99],[144.77,-15.93],[144.8,-15.91],[144.81,-15.82],[144.74,-15.65],[144.74,-15.47],[144.94,-15.29],[145.11,-15.15],[145.05,-15.06],[145.03,-15.04],[144.98,-14.97],[144.64,-14.87],[144.48,-14.79],[144.23,-14.8],[144.19,-14.81],[144.17,-14.81],[143.88,-14.96],[143.7,-14.97],[143.7,-14.99],[143.7,-15.22],[143.7,-15.74],[143.66,-16.03],[143.66,-16.04],[143.58,-16.01]]]},"properties":{"NAME":"Kokowarra","SUBJECTO":"Kokowarra","BORDERPRECISION":3}},
{"type":"Feature","geometry":{"type":"Polygon","coordinates":[[[140.97,-28.87],[140.75,-28.93],[140.54,-28.93],[140.22,-28.92],[139.83,-28.91],[139.62,-28.91],[139.61,-28.98],[139.6,-29.3],[139.63,-29.5],[139.72,-29.51],[139.98,-29.52],[140.22,-29.56],[140.14,-29.79],[140.14,-29.85],[140.14,-30.02],[140.09,-30.12],[140.17,-30.09],[140.19,-30.05],[140.25,-29.86],[140.3,-29.83],[140.46,-29.78],[140.82,-29.61],[140.95,-29.47],[141.03,-29.26],[141.03,-29.05],[140.99,-28.92],[140.97,-28.87]]]},"properties":{"NAME":"Pirlatapa","SUBJECTO":"Pirlatapa","BORDERPRECISION":3}},
{"type":"Feature","geometry":{"type":"Polygon","coordinates":[[[127.74,-19.46],[127.72,-19.81],[127.72,-20.12],[127.72,-20.41],[127.76,-20.49],[127.74,-20.6],[127.87,-20.73],[128.42,-20.89],[128.72,-20.91],[129.14,-21.06],[129.45,-20.94],[129.59,-20.95],[129.63,-20.93],[129.67,-20.95],[129.79,-20.96],[130.09,-21.09],[130.25,-21.11],[130.4,-21],[130.5,-20.8],[130.5,-20.55],[130.29,-20.3],[129.87,-19.94],[129.65,-19.84],[129.28,-19.67],[128.97,-19.48],[128.72,-19.3],[128.76,-19.26],[128.75,-19.25],[128.74,-19.24],[128.41,-19.24],[127.96,-19.31],[127.8,-19.42],[127.78,-19.43],[127.74,-19.46]]]},"properties":{"NAME":"Ngarti","SUBJECTO":"Ngarti","BORDERPRECISION":3}},
{"type":"Feature","geometry":{"type":"Polygon","coordinates":[[[151.2,-33.39],[151.22,-33.32],[151.1,-33.3],[150.93,-33.28],[150.57,-33.24],[150.13,-33.21],[150.01,-33.19],[150,-33.23],[149.88,-33.8],[149.68,-34.09],[149.11,-34.25],[149.04,-34.26],[149.11,-34.28],[149.34,-34.28],[149.6,-34.28],[149.98,-34.21],[150.45,-34.18],[150.57,-34.17],[150.61,-34.16],[150.69,-34.16],[150.72,-34.15],[150.74,-34.15],[150.75,-34.16],[150.81,-34.16],[150.9,-33.98],[150.92,-33.95],[150.93,-33.94],[150.98,-33.84],[151.01,-33.76],[151.02,-33.74],[151.07,-33.66],[151.11,-33.55],[151.19,-33.41],[151.2,-33.39]]]},"properties":{"NAME":"Dharug","SUBJECTO":"Dharug","BORDERPRECISION":3}},
{"type":"Feature","geometry":{"type":"Polygon","coordinates":[[[143.31,-37.21],[143.25,-37.21],[143.09,-37.31],[142.99,-37.41],[142.89,-37.5],[142.97,-37.64],[142.98,-37.69],[142.98,-37.71],[142.99,-37.75],[143.03,-37.8],[143.05,-37.8],[143.08,-37.81],[143.17,-37.84],[143.34,-38.01],[143.56,-38.08],[143.66,-38.07],[143.67,-38.07],[143.71,-38.07],[143.81,-38.01],[143.95,-37.98],[143.99,-38.02],[144.01,-38.1],[144.02,-38.21],[144,-38.27],[143.89,-38.32],[143.9,-38.36],[143.98,-38.39],[144,-38.4],[144.1,-38.43],[144.21,-38.44],[144.26,-38.44],[144.4,-38.4],[144.59,-38.38],[144.61,-38.37],[144.6,-38.36],[144.41,-38.25],[144.56,-38.14],[144.7,-38.09],[144.6,-38.05],[144.61,-38.03],[144.62,-37.95],[144.61,-37.94],[144.57,-37.95],[144.53,-37.95],[144.4,-37.88],[144.35,-37.73],[144.28,-37.58],[144.25,-37.43],[144.2,-37.45],[144.12,-37.46],[144.03,-37.47],[143.96,-37.48],[143.9,-37.47],[143.85,-37.47],[143.82,-37.47],[143.8,-37.47],[143.8,-37.46],[143.81,-37.45],[143.8,-37.43],[143.78,-37.42],[143.76,-37.41],[143.75,-37.4],[143.74,-37.4],[143.73,-37.42],[143.71,-37.42],[143.68,-37.42],[143.65,-37.41],[143.63,-37.38],[143.61,-37.35],[143.58,-37.33],[143.57,-37.31],[143.55,-37.3],[143.52,-37.31],[143.48,-37.32],[143.48,-37.31],[143.49,-37.3],[143.46,-37.27],[143.45,-37.27],[143.43,-37.27],[143.41,-37.29],[143.4,-37.3],[143.38,-37.3],[143.37,-37.29],[143.34,-37.29],[143.31,-37.3],[143.32,-37.28],[143.32,-37.25],[143.31,-37.24],[143.3,-37.24],[143.3,-37.23],[143.31,-37.21]]]},"properties":{"NAME":"Wathaurong","SUBJECTO":"Wathaurong","BORDERPRECISION":3}},
{"type":"Feature","geometry":{"type":"Polygon","coordinates":[[[124.46,-17.41],[124.46,-17.35],[124.45,-17.07],[124.45,-16.89],[124.45,-16.84],[124.34,-16.83],[124.19,-16.83],[124.05,-16.82],[123.99,-16.82],[123.96,-16.82],[123.86,-16.86],[123.82,-16.88],[123.84,-16.89],[123.89,-16.91],[123.91,-16.97],[123.83,-17.25],[123.7,-17.22],[123.6,-17.16],[123.63,-17.21],[123.67,-17.24],[123.86,-17.32],[124.4,-17.4],[124.46,-17.41]]]},"properties":{"NAME":"Warwa","SUBJECTO":"Warwa","BORDERPRECISION":3}},
{"type":"Feature","geometry":{"type":"Polygon","coordinates":[[[141.78,-16.81],[141.6,-16.72],[141.41,-16.58],[141.3,-16.52],[141.29,-16.52],[141.25,-16.64],[141.13,-16.96],[140.88,-17.42],[140.92,-17.43],[141.04,-17.47],[141.14,-17.48],[141.17,-17.49],[141.23,-17.46],[141.26,-17.52],[141.26,-17.53],[141.81,-17.7],[141.95,-17.79],[142.57,-18.04],[142.58,-18.04],[142.59,-18.04],[142.95,-17.77],[143.13,-17.6],[143.13,-17.42],[143.11,-17.41],[143.04,-17.38],[143,-17.33],[142.94,-17.25],[142.86,-17.38],[142.38,-17.2],[142.06,-17.05],[141.79,-16.92],[141.79,-16.91],[141.78,-16.81]]]},"properties":{"NAME":"Kurtjar","SUBJECTO":"Kurtjar","BORDERPRECISION":3}},
{"type":"Feature","geometry":{"type":"Polygon","coordinates":[[[147.21,-19.86],[147.25,-19.71],[147.33,-19.68],[147.42,-19.65],[147.47,-19.65],[147.41,-19.56],[147.08,-19.51],[146.99,-19.46],[146.95,-19.44],[146.8,-19.36],[146.79,-19.39],[146.85,-19.4],[146.85,-19.5],[146.82,-19.61],[146.81,-19.82],[146.81,-19.84],[147.02,-19.88],[147.21,-19.85],[147.21,-19.86]]]},"properties":{"NAME":"Thul Garrie Waja (Bindal)","SUBJECTO":"Thul Garrie Waja (Bindal)","BORDERPRECISION":3}},
{"type":"Feature","geometry":{"type":"Polygon","coordinates":[[[134.6,-12.11],[134.56,-12.1],[134.47,-12.13],[134.4,-12.16],[134.37,-12.17],[134.36,-12.25],[134.19,-12.26],[134.13,-12.26],[134.12,-12.26],[134.07,-12.26],[134.04,-12.26],[134.02,-12.27],[134,-12.27],[133.96,-12.35],[133.91,-12.42],[133.84,-12.55],[133.78,-12.65],[133.7,-12.8],[133.62,-12.92],[133.75,-13.02],[133.96,-13.03],[133.96,-12.98],[134.09,-12.87],[134.27,-12.66],[134.44,-12.54],[134.64,-12.44],[134.66,-12.43],[134.68,-12.44],[134.69,-12.43],[134.69,-12.32],[134.69,-12.18],[134.7,-12.13],[134.7,-12.12],[134.69,-12.11],[134.61,-12.11],[134.6,-12.11]]]},"properties":{"NAME":"Dangbon","SUBJECTO":"Dangbon","BORDERPRECISION":3}},
{"type":"Feature","geometry":{"type":"Polygon","coordinates":[[[131.9,-14.57],[131.79,-14.58],[131.51,-14.6],[131.3,-14.68],[131.03,-14.77],[131.02,-14.79],[130.99,-14.82],[130.96,-14.85],[130.97,-15],[131.03,-15.18],[131.03,-15.27],[131.06,-15.31],[131.07,-15.33],[131.11,-15.38],[131.27,-15.44],[131.34,-15.55],[131.39,-15.66],[131.4,-15.68],[131.4,-15.79],[131.4,-15.81],[131.43,-15.81],[131.52,-15.83],[131.85,-15.79],[131.94,-15.78],[132.06,-15.85],[132.14,-15.94],[132.18,-15.98],[132.15,-16.09],[132.15,-16.23],[132.3,-15.98],[132.32,-15.89],[132.32,-15.76],[132.32,-15.49],[132.23,-15.21],[132.29,-15.03],[132.3,-15.02],[132.21,-14.77],[132.04,-14.61],[131.98,-14.62],[131.91,-14.63],[131.9,-14.57]]]},"properties":{"NAME":"Wardaman","SUBJECTO":"Wardaman","BORDERPRECISION":3}},
{"type":"Feature","geometry":{"type":"Polygon","coordinates":[[[140.84,-17.7],[140.76,-17.61],[140.75,-17.6],[140.71,-17.63],[140.69,-17.64],[140.44,-17.72],[140.25,-17.8],[140.06,-17.83],[139.82,-17.76],[139.75,-17.72],[139.72,-17.71],[139.69,-17.81],[139.69,-17.92],[139.7,-17.94],[139.71,-17.96],[139.81,-17.99],[140,-18.22],[140.04,-18.41],[140.09,-18.4],[140.38,-18.46],[140.63,-18.5],[140.79,-18.27],[140.83,-18.17],[140.82,-18.17],[140.81,-17.93],[140.8,-17.75],[140.8,-17.73],[140.84,-17.7]]]},"properties":{"NAME":"Kukatj","SUBJECTO":"Kukatj","BORDERPRECISION":3}},
{"type":"Feature","geometry":{"type":"Polygon","coordinates":[[[115.99,-32.98],[115.99,-32.99],[116.05,-33],[116.17,-33.02],[116.27,-33.06],[116.63,-33.23],[116.68,-33.25],[117.16,-33.44],[117.21,-33.48],[117.42,-33.64],[117.43,-33.64],[117.49,-33.59],[117.53,-33.55],[117.63,-33.5],[117.96,-33.32],[118.09,-33.28],[118.17,-33.25],[118.37,-33.15],[118.41,-33.13],[118.15,-33.11],[118.11,-33.06],[117.96,-32.98],[117.8,-32.77],[117.74,-32.63],[117.67,-32.55],[117.61,-32.4],[117.53,-32.38],[117.51,-32.38],[117.3,-32.31],[117.1,-32.28],[116.9,-32.22],[116.74,-32.19],[116.63,-32.14],[116.6,-32.14],[116.55,-32.15],[116.27,-32.29],[116.16,-32.38],[116.14,-32.4],[116.1,-32.43],[116.08,-32.6],[116.08,-32.64],[115.99,-32.95],[115.99,-32.98]]]},"properties":{"NAME":"Wiilman","SUBJECTO":"Wiilman","BORDERPRECISION":3}},
{"type":"Feature","geometry":{"type":"Polygon","coordinates":[[[134.69,-12.44],[134.69,-12.45],[134.77,-12.58],[134.87,-12.66],[134.93,-12.72],[135.05,-12.87],[135.05,-13.06],[135.05,-13.08],[135.05,-13.11],[135.05,-13.27],[135.22,-13.49],[135.31,-13.54],[135.34,-13.56],[135.42,-13.61],[135.71,-13.7],[135.83,-13.73],[135.83,-13.68],[135.83,-13.48],[136.01,-13.33],[136.24,-13.23],[136.47,-13.22],[136.52,-13.11],[136.53,-12.91],[136.61,-12.82],[136.66,-12.62],[136.86,-12.44],[136.79,-12.37],[136.64,-12.33],[136.43,-12.12],[136.35,-12.16],[136.3,-12.51],[136.09,-12.58],[135.94,-12.36],[135.65,-12.19],[135.44,-12.18],[135.19,-12.37],[135.13,-12.39],[134.94,-12.34],[134.76,-12.06],[134.73,-12.06],[134.73,-12.07],[134.7,-12.1],[134.7,-12.12],[134.7,-12.13],[134.69,-12.18],[134.69,-12.32],[134.69,-12.43],[134.69,-12.44]]]},"properties":{"NAME":"Yolngu","SUBJECTO":"Yolngu","BORDERPRECISION":3}},
{"type":"Feature","geometry":{"type":"Polygon","coordinates":[[[143.21,-22.43],[143.19,-22.52],[143.18,-22.58],[143.17,-22.63],[143.09,-22.87],[143.07,-23.12],[143.18,-23.44],[143.33,-23.68],[143.41,-23.78],[143.44,-23.82],[143.45,-23.84],[143.77,-23.79],[144.05,-23.76],[144.41,-23.77],[144.75,-23.84],[144.92,-23.96],[145.21,-24.18],[145.23,-24.12],[145.46,-23.66],[145.92,-23.86],[146.59,-23.94],[146.6,-23.94],[146.65,-23.95],[146.59,-23.83],[146.49,-23.69],[146.39,-23.58],[146.37,-23.49],[146.38,-23.36],[146.41,-23.05],[146.21,-22.64],[146.08,-22.48],[146.06,-22.46],[145.88,-22.39],[145.84,-22.37],[145.75,-22.33],[145.3,-22.13],[144.89,-21.97],[144.46,-21.97],[143.84,-22.01],[143.41,-22.13],[143.36,-22.19],[143.22,-22.4],[143.21,-22.41],[143.21,-22.43]]]},"properties":{"NAME":"Iningai","SUBJECTO":"Iningai","BORDERPRECISION":3}},
{"type":"Feature","geometry":{"type":"Polygon","coordinates":[[[132.07,-13.76],[132.07,-13.75],[132.08,-13.75],[132.1,-13.72],[132.2,-13.68],[132.29,-13.69],[132.41,-13.67],[132.52,-13.61],[132.62,-13.58],[132.76,-13.56],[132.85,-13.55],[132.84,-13.5],[132.75,-13.43],[132.68,-13.38],[132.56,-13.35],[132.39,-13.3],[132.26,-13.27],[132.21,-13.24],[132.2,-13.22],[131.92,-13.1],[131.76,-13.02],[131.69,-13.03],[131.64,-13.12],[131.6,-13.21],[131.56,-13.28],[131.53,-13.32],[131.52,-13.41],[131.53,-13.4],[131.53,-13.41],[131.55,-13.5],[131.72,-13.67],[131.82,-13.78],[131.86,-13.83],[131.95,-13.89],[131.99,-13.97],[132,-13.93],[132.04,-13.8],[132.07,-13.76]]]},"properties":{"NAME":"Warray","SUBJECTO":"Warray","BORDERPRECISION":3}},
{"type":"Feature","geometry":{"type":"Polygon","coordinates":[[[142.85,-12.28],[142.91,-12.28],[143.1,-12.24],[143.12,-12.24],[143.17,-12.12],[143.13,-12.01],[142.94,-12.01],[142.82,-11.92],[142.8,-11.76],[142.79,-11.74],[142.77,-11.74],[142.69,-11.77],[142.69,-11.78],[142.68,-11.8],[142.71,-11.95],[142.71,-12],[142.74,-12.07],[142.81,-12.21],[142.85,-12.28]]]},"properties":{"NAME":"Wuthathi","SUBJECTO":"Wuthathi","BORDERPRECISION":3}},
{"type":"Feature","geometry":{"type":"Polygon","coordinates":[[[126.45,-20.37],[126.45,-20.63],[126.28,-21.02],[126.04,-21.58],[125.84,-21.81],[125.99,-21.81],[126.16,-21.93],[126.21,-21.91],[126.21,-21.88],[126.63,-21.62],[127.02,-21.04],[127.33,-20.96],[127.62,-20.65],[127.71,-20.68],[127.74,-20.6],[127.76,-20.49],[127.72,-20.41],[127.72,-20.12],[127.72,-19.81],[127.74,-19.46],[127.78,-19.43],[127.78,-19.42],[127.73,-19.43],[127.35,-19.36],[127.06,-19.27],[126.85,-19.17],[126.83,-19.18],[126.8,-19.2],[126.51,-20.01],[126.36,-20.28],[126.34,-20.34],[126.45,-20.37]]]},"properties":{"NAME":"Kukatja","SUBJECTO":"Kukatja","BORDERPRECISION":3}},
{"type":"Feature","geometry":{"type":"Polygon","coordinates":[[[139.33,-17.87],[139.34,-17.87],[139.36,-17.92],[139.49,-17.91],[139.67,-17.95],[139.7,-17.94],[139.69,-17.92],[139.69,-17.81],[139.72,-17.71],[139.51,-17.59],[139.47,-17.64],[139.38,-17.78],[139.33,-17.87]]]},"properties":{"NAME":"Mingin","SUBJECTO":"Mingin","BORDERPRECISION":3}},
{"type":"Feature","geometry":{"type":"Polygon","coordinates":[[[141.04,-31.35],[140.89,-31.45],[140.43,-31.73],[140.15,-31.98],[140.16,-32.07],[140.06,-32.07],[140.03,-32.28],[140.01,-32.54],[139.92,-32.77],[141.22,-32.38],[141.84,-32.05],[142.01,-31.88],[142.28,-31.63],[142.33,-31.43],[141.8,-31.43],[141.59,-31.41],[141.12,-31.4],[141.04,-31.35]]]},"properties":{"NAME":"Wiljali","SUBJECTO":"Wiljali","BORDERPRECISION":3}},
{"type":"Feature","geometry":{"type":"Polygon","coordinates":[[[116.61,-23],[116.59,-23.04],[116.67,-23.09],[116.86,-23.21],[117.1,-23.31],[117.19,-23.33],[117.2,-23.21],[117.13,-23.12],[117.05,-23.02],[117.01,-22.95],[116.98,-22.93],[116.98,-22.88],[116.98,-22.87],[116.96,-22.87],[116.88,-22.79],[116.86,-22.77],[116.84,-22.78],[116.74,-22.91],[116.65,-22.92],[116.61,-23]]]},"properties":{"NAME":"Jurruru","SUBJECTO":"Jurruru","BORDERPRECISION":3}},
{"type":"Feature","geometry":{"type":"Polygon","coordinates":[[[141.7,-34.61],[141.76,-34.59],[142.11,-34.67],[142.42,-34.71],[142.8,-34.8],[142.96,-34.84],[142.97,-34.83],[142.97,-34.76],[142.97,-34.69],[142.97,-34.67],[142.92,-34.63],[142.92,-34.64],[142.9,-34.64],[142.73,-34.7],[142.68,-34.71],[142.49,-34.71],[142.32,-34.61],[142.26,-34.4],[142.14,-34.23],[141.94,-34.19],[141.81,-34.45],[141.7,-34.61]]]},"properties":{"NAME":"Latje Latje","SUBJECTO":"Latje Latje","BORDERPRECISION":3}},
{"type":"Feature","geometry":{"type":"Polygon","coordinates":[[[150.33,-34.93],[150.43,-34.78],[150.57,-34.55],[150.61,-34.44],[150.79,-34.18],[150.75,-34.16],[150.74,-34.15],[150.72,-34.15],[150.69,-34.16],[150.57,-34.17],[150.45,-34.18],[149.98,-34.21],[149.6,-34.28],[149.34,-34.28],[149.11,-34.28],[149.04,-34.26],[148.87,-34.29],[148.75,-34.31],[148.53,-34.34],[148.47,-34.34],[148.4,-34.38],[148.56,-34.54],[148.79,-34.72],[149.06,-34.88],[149.09,-34.89],[149.13,-34.92],[149.14,-34.93],[149.38,-35.09],[149.47,-35.15],[149.62,-35.23],[149.64,-35.22],[149.65,-35.21],[149.85,-35.1],[150.01,-35],[150.08,-34.96],[150.23,-34.92],[150.26,-34.92],[150.33,-34.93]]]},"properties":{"NAME":"Gundungurra","SUBJECTO":"Gundungurra","BORDERPRECISION":3}},
{"type":"Feature","geometry":{"type":"Polygon","coordinates":[[[148.39,-37.37],[148.45,-37.41],[148.7,-37.47],[148.96,-37.48],[149.25,-37.62],[149.32,-37.74],[149.31,-37.81],[149.43,-37.81],[149.67,-37.76],[149.8,-37.67],[149.85,-37.64],[149.86,-37.63],[149.98,-37.35],[149.98,-37.08],[149.95,-37.08],[149.93,-37.1],[149.82,-37.1],[149.5,-37.04],[149.34,-37.07],[149.03,-37.08],[148.54,-37.26],[148.39,-37.37]]]},"properties":{"NAME":"Bidwell","SUBJECTO":"Bidwell","BORDERPRECISION":3}},
{"type":"Feature","geometry":{"type":"Polygon","coordinates":[[[138.21,-27.6],[138.3,-27.52],[138.42,-27.43],[138.41,-27.39],[138.4,-27.38],[138.37,-27.26],[138.31,-26.98],[138.23,-26.76],[138.16,-26.57],[138.16,-26.46],[138.15,-26.43],[138.13,-26.4],[138.04,-26.24],[138.03,-26.06],[138.19,-26.02],[138.45,-26.01],[138.64,-26],[138.83,-25.97],[138.85,-25.97],[138.81,-25.91],[138.72,-25.74],[138.59,-25.52],[138.47,-25.24],[138.43,-24.94],[138.41,-24.85],[138.38,-24.71],[138.37,-24.71],[138.08,-24.71],[137.78,-24.73],[137.45,-24.75],[137.14,-24.83],[136.86,-24.85],[136.61,-24.92],[136.31,-25.06],[136.27,-25.06],[136.27,-25.09],[136.27,-25.64],[136.27,-26.14],[136.19,-26.73],[136.19,-27.2],[136.19,-27.22],[136.14,-27.24],[136.25,-27.29],[136.58,-27.4],[136.72,-27.54],[136.8,-27.71],[136.82,-27.73],[136.89,-27.84],[136.9,-27.84],[137.43,-27.76],[137.72,-27.79],[138.08,-27.73],[138.15,-27.66],[138.21,-27.6]]]},"properties":{"NAME":"Wangkangurru","SUBJECTO":"Wangkangurru","BORDERPRECISION":3}},
{"type":"Feature","geometry":{"type":"Polygon","coordinates":[[[114.71,-23.29],[114.74,-23.34],[114.79,-23.35],[114.92,-23.4],[115.05,-23.42],[115.27,-23.57],[115.44,-23.67],[115.72,-23.72],[115.8,-23.75],[115.82,-23.7],[115.8,-23.58],[115.75,-23.42],[115.7,-23.25],[115.73,-22.93],[115.74,-22.9],[115.78,-22.92],[115.77,-22.87],[115.73,-22.85],[115.71,-22.85],[115.6,-22.87],[115.5,-22.86],[115.35,-22.86],[115.09,-22.84],[114.86,-22.84],[114.81,-22.83],[114.8,-22.83],[114.77,-22.93],[114.73,-23.05],[114.71,-23.2],[114.71,-23.29]]]},"properties":{"NAME":"Purduna","SUBJECTO":"Purduna","BORDERPRECISION":3}},
{"type":"Feature","geometry":{"type":"Polygon","coordinates":[[[145.4,-18.12],[145.44,-18.14],[145.56,-18.14],[145.72,-18.06],[145.84,-18.03],[145.97,-18.01],[145.98,-18.01],[146,-17.96],[146.02,-17.86],[145.99,-17.51],[145.98,-17.47],[145.96,-17.43],[145.95,-17.43],[145.82,-17.38],[145.72,-17.33],[145.64,-17.29],[145.55,-17.24],[145.54,-17.24],[145.53,-17.23],[145.49,-17.19],[145.43,-17.18],[145.34,-17.26],[145.36,-17.31],[145.38,-17.35],[145.31,-17.36],[145.29,-17.42],[145.29,-17.43],[145.26,-17.5],[145.22,-17.55],[145.22,-17.56],[145.21,-17.58],[145.28,-17.68],[145.34,-17.85],[145.36,-18.01],[145.39,-18.12],[145.4,-18.12]]]},"properties":{"NAME":"Djirbalngan","SUBJECTO":"Djirbalngan","BORDERPRECISION":3}},
{"type":"Feature","geometry":{"type":"Polygon","coordinates":[[[141.7,-15.33],[141.65,-15.32],[141.64,-15.34],[141.52,-15.53],[141.4,-15.86],[141.61,-15.87],[141.66,-15.87],[141.69,-15.54],[141.7,-15.34],[141.7,-15.33]]]},"properties":{"NAME":"Koko-bera","SUBJECTO":"Koko-bera","BORDERPRECISION":3}},
{"type":"Feature","geometry":{"type":"Polygon","coordinates":[[[147.26,-22.51],[147.24,-22.49],[147.14,-22.4],[146.99,-22.34],[146.78,-22.33],[146.77,-22.33],[146.72,-22.33],[146.5,-22.33],[146.29,-22.39],[146.06,-22.44],[146.06,-22.46],[146.08,-22.48],[146.21,-22.64],[146.41,-23.05],[146.38,-23.36],[146.37,-23.49],[146.39,-23.58],[146.49,-23.69],[146.59,-23.83],[146.65,-23.95],[146.85,-23.97],[147.07,-23.98],[147.21,-23.99],[147.19,-23.95],[147.16,-23.78],[147.13,-23.56],[147.13,-23.35],[147.16,-23.34],[147.16,-23.33],[147.16,-23.3],[147.16,-22.99],[147.22,-22.71],[147.28,-22.53],[147.26,-22.51]]]},"properties":{"NAME":"Yagalingu","SUBJECTO":"Yagalingu","BORDERPRECISION":3}},
{"type":"Feature","geometry":{"type":"Polygon","coordinates":[[[139.41,-35.19],[139.38,-35.22],[139.48,-35.29],[139.57,-35.47],[139.66,-35.72],[139.77,-35.99],[139.84,-36.17],[140,-36.32],[140.09,-36.33],[140.13,-36.33],[140.3,-36.34],[140.52,-36.34],[140.8,-36.34],[141,-36.31],[141,-36.26],[141,-36.25],[141,-35.96],[141.14,-35.53],[141.28,-35.21],[141.39,-34.86],[141.41,-34.82],[141.33,-34.78],[141.25,-34.64],[141.11,-34.6],[140.93,-34.62],[140.68,-34.69],[140.42,-34.69],[140.17,-34.69],[139.82,-34.67],[139.72,-34.9],[139.54,-35.22],[139.41,-35.19]]]},"properties":{"NAME":"Ngargad","SUBJECTO":"Ngargad","BORDERPRECISION":3}},
{"type":"Feature","geometry":{"type":"Polygon","coordinates":[[[150.13,-22.42],[149.94,-22.32],[150.01,-22.67],[150.02,-22.73],[149.67,-22.57],[149.56,-22.43],[149.51,-22.25],[149.41,-21.92],[149.29,-21.58],[149.28,-21.54],[149.18,-21.57],[149.14,-21.6],[149.16,-21.63],[149.27,-21.76],[149.36,-21.94],[149.36,-22.11],[149.37,-22.35],[149.3,-22.37],[149.34,-22.46],[149.4,-22.68],[149.58,-22.85],[149.8,-22.87],[150,-22.86],[150.19,-22.79],[150.2,-22.59],[150.13,-22.42]]]},"properties":{"NAME":"Guwinmal","SUBJECTO":"Guwinmal","BORDERPRECISION":3}},
{"type":"Feature","geometry":{"type":"Polygon","coordinates":[[[151.26,-34.01],[151.26,-33.99],[151.22,-33.97],[151.09,-33.93],[150.93,-33.94],[150.92,-33.95],[150.9,-33.98],[150.81,-34.16],[150.75,-34.16],[150.79,-34.18],[150.61,-34.44],[150.57,-34.55],[150.43,-34.78],[150.33,-34.93],[150.36,-34.94],[150.43,-34.98],[150.7,-35.08],[150.8,-35.09],[150.82,-35.11],[150.86,-35.01],[150.85,-34.92],[150.85,-34.9],[150.85,-34.88],[150.85,-34.72],[150.96,-34.56],[150.97,-34.47],[150.98,-34.4],[151,-34.35],[151.05,-34.28],[151.09,-34.23],[151.17,-34.15],[151.24,-34.07],[151.25,-34.06],[151.26,-34.01]]]},"properties":{"NAME":"Tharawal","SUBJECTO":"Tharawal","BORDERPRECISION":3}},
{"type":"Feature","geometry":{"type":"Polygon","coordinates":[[[126.21,-21.91],[126.2,-21.96],[126.31,-22.04],[126.56,-22.35],[126.73,-22.63],[126.93,-23.01],[127.05,-23.3],[127.43,-23.65],[127.83,-23.92],[127.89,-23.99],[127.97,-24.06],[128.14,-24.13],[128.5,-24.27],[128.87,-24.4],[128.96,-24.43],[129.07,-24.45],[129.33,-24.49],[129.73,-24.63],[130.23,-24.77],[130.5,-24.87],[130.58,-24.79],[130.6,-24.77],[130.67,-24.71],[130.91,-24.39],[130.98,-24.11],[131.09,-23.77],[131.19,-23.46],[131.26,-23.15],[131.29,-22.97],[131.3,-22.95],[131.31,-22.89],[131.32,-22.76],[131.13,-22.76],[130.86,-22.62],[130.68,-22.34],[130.67,-22.08],[130.83,-21.92],[130.87,-21.64],[130.74,-21.32],[130.44,-21.14],[130.32,-21.12],[130.25,-21.11],[130.09,-21.09],[129.79,-20.96],[129.67,-20.95],[129.59,-20.95],[129.45,-20.94],[129.14,-21.06],[128.72,-20.91],[128.42,-20.89],[127.87,-20.73],[127.71,-20.68],[127.62,-20.65],[127.33,-20.96],[127.02,-21.04],[126.63,-21.62],[126.21,-21.88],[126.21,-21.91]]]},"properties":{"NAME":"Pintupi","SUBJECTO":"Pintupi","BORDERPRECISION":3}},
{"type":"Feature","geometry":{"type":"Polygon","coordinates":[[[127.24,-14.44],[127.24,-14.28],[127.34,-14.09],[127.17,-14.06],[126.85,-13.78],[126.76,-14],[126.67,-14.1],[126.64,-14.15],[126.62,-14.2],[126.64,-14.24],[126.69,-14.35],[126.75,-14.38],[126.99,-14.38],[127.24,-14.44]]]},"properties":{"NAME":"Miwa","SUBJECTO":"Miwa","BORDERPRECISION":3}},
{"type":"Feature","geometry":{"type":"Polygon","coordinates":[[[117.82,-22.09],[117.77,-22.12],[117.71,-22.27],[117.6,-22.45],[117.54,-22.61],[117.49,-22.68],[117.46,-22.74],[117.45,-22.77],[117.43,-22.82],[117.49,-22.91],[117.63,-22.99],[117.92,-23.16],[118.2,-23.34],[118.42,-23.46],[118.56,-23.53],[118.58,-23.53],[118.65,-23.53],[118.8,-23.54],[118.85,-23.54],[119.14,-23.55],[119.47,-23.54],[119.62,-23.53],[119.63,-23.53],[119.62,-23.51],[119.62,-23.46],[119.62,-23.4],[119.64,-23.4],[119.61,-23.38],[119.6,-23.26],[119.53,-23.15],[119.47,-22.99],[119.36,-22.71],[119.24,-22.58],[119.12,-22.51],[119.01,-22.44],[118.95,-22.4],[118.93,-22.34],[118.92,-22.34],[118.91,-22.33],[118.59,-22.22],[118.2,-22.08],[118.02,-22.04],[117.89,-22.04],[117.84,-22.07],[117.82,-22.09]]]},"properties":{"NAME":"Banjima","SUBJECTO":"Banjima","BORDERPRECISION":3}},
{"type":"Feature","geometry":{"type":"Polygon","coordinates":[[[130.27,-13.63],[130.3,-13.55],[130.32,-13.47],[130.33,-13.46],[130.33,-13.45],[130.32,-13.44],[130.3,-13.43],[130.29,-13.43],[130.28,-13.44],[130.22,-13.46],[130.21,-13.48],[130.19,-13.5],[130.21,-13.52],[130.21,-13.6],[130.27,-13.63]]]},"properties":{"NAME":"Kuwema","SUBJECTO":"Kuwema","BORDERPRECISION":3}},
{"type":"Feature","geometry":{"type":"Polygon","coordinates":[[[130.25,-17.15],[130.14,-17.07],[129.87,-17.03],[129.65,-16.9],[129.4,-16.88],[129.25,-16.79],[129.25,-16.63],[129.21,-16.63],[129.11,-16.63],[128.9,-16.65],[128.8,-16.7],[128.83,-16.82],[128.86,-16.98],[128.89,-17.17],[128.95,-17.39],[129.02,-17.62],[129.05,-17.83],[129.2,-17.93],[129.28,-18.22],[129.27,-18.32],[129.51,-18.32],[129.89,-18.31],[130.42,-18.23],[130.76,-18.19],[130.95,-18.1],[130.97,-18.12],[131.11,-18.06],[131.49,-17.98],[131.51,-17.97],[131.49,-17.96],[131.41,-17.95],[131.21,-17.94],[130.99,-17.91],[130.99,-17.88],[130.98,-17.87],[130.96,-17.73],[130.96,-17.48],[130.94,-17.39],[130.94,-17.37],[130.73,-17.38],[130.48,-17.32],[130.29,-17.29],[130.29,-17.18],[130.28,-17.18],[130.25,-17.15]]]},"properties":{"NAME":"Gurindji","SUBJECTO":"Gurindji","BORDERPRECISION":3}},
{"type":"Feature","geometry":{"type":"Polygon","coordinates":[[[141.91,-14.92],[141.95,-14.92],[142.15,-14.87],[142.54,-14.82],[143.22,-14.81],[143.4,-14.83],[143.42,-14.82],[143.45,-14.73],[143.46,-14.46],[143.44,-14.34],[143.44,-14.33],[143.43,-14.32],[143.42,-14.24],[143.36,-14.12],[143.35,-14.1],[143.34,-14.08],[143.3,-14.09],[143.18,-14.1],[142.95,-14.18],[142.96,-14.24],[142.91,-14.28],[142.9,-14.29],[142.84,-14.32],[142.65,-14.35],[142.53,-14.42],[142.39,-14.47],[142.18,-14.47],[142.06,-14.49],[142,-14.5],[142.01,-14.64],[141.98,-14.8],[141.9,-14.92],[141.91,-14.92]]]},"properties":{"NAME":"Bakanh","SUBJECTO":"Bakanh","BORDERPRECISION":3}},
{"type":"Feature","geometry":{"type":"Polygon","coordinates":[[[143.03,-18.73],[143.13,-18.69],[143.39,-18.59],[143.49,-18.53],[143.48,-18.5],[143.48,-18.49],[143.46,-18.35],[143.45,-18.22],[143.45,-17.99],[143.4,-17.74],[143.38,-17.6],[143.26,-17.48],[143.13,-17.42],[143.13,-17.6],[142.95,-17.77],[142.59,-18.04],[142.68,-18.18],[142.84,-18.43],[143,-18.65],[143.04,-18.7],[143.03,-18.73]]]},"properties":{"NAME":"Takalak","SUBJECTO":"Takalak","BORDERPRECISION":3}},
{"type":"Feature","geometry":{"type":"Polygon","coordinates":[[[132.3,-23.01],[132.54,-22.8],[132.63,-22.78],[133.19,-22.91],[133.44,-22.9],[133.96,-22.89],[133.95,-22.84],[133.99,-22.37],[134.02,-22.35],[133.68,-22.21],[133.02,-22.13],[132.92,-21.93],[132.9,-21.96],[132.73,-21.96],[132.46,-21.96],[132.07,-22],[131.88,-22.29],[131.88,-22.55],[132.03,-22.75],[132.2,-22.98],[132.29,-22.98],[132.3,-23.01]]]},"properties":{"NAME":"Anmatyerre","SUBJECTO":"Anmatyerre","BORDERPRECISION":3}},
{"type":"Feature","geometry":{"type":"Polygon","coordinates":[[[130.2,-13.89],[130.14,-13.86],[130.12,-13.82],[130.1,-13.78],[130.11,-13.71],[130.13,-13.66],[130.11,-13.62],[130.06,-13.61],[129.86,-13.72],[129.85,-13.72],[129.77,-13.82],[129.76,-13.99],[129.76,-14.01],[129.87,-13.98],[129.9,-13.99],[129.87,-14.05],[129.88,-14.09],[129.88,-14.1],[129.89,-14.1],[129.92,-14.1],[129.99,-14.11],[130.04,-14.09],[130.05,-14.09],[130.08,-14.08],[130.16,-14.05],[130.18,-14.04],[130.19,-14.03],[130.21,-14.01],[130.21,-13.99],[130.22,-13.98],[130.23,-13.93],[130.23,-13.9],[130.2,-13.89]]]},"properties":{"NAME":"Marrithiyel","SUBJECTO":"Marrithiyel","BORDERPRECISION":3}},
{"type":"Feature","geometry":{"type":"Polygon","coordinates":[[[130.4,-13.39],[130.39,-13.39],[130.36,-13.39],[130.33,-13.45],[130.33,-13.46],[130.32,-13.47],[130.3,-13.55],[130.27,-13.63],[130.24,-13.71],[130.23,-13.82],[130.22,-13.88],[130.23,-13.88],[130.24,-13.89],[130.3,-13.91],[130.3,-13.89],[130.31,-13.89],[130.42,-13.89],[130.59,-13.85],[130.73,-13.8],[130.87,-13.8],[130.91,-13.78],[131.03,-13.77],[131.15,-13.77],[131.31,-13.72],[131.34,-13.64],[131.33,-13.62],[131.29,-13.57],[131.21,-13.56],[130.75,-13.49],[130.48,-13.42],[130.4,-13.39]]]},"properties":{"NAME":"Malak malak","SUBJECTO":"Malak malak","BORDERPRECISION":3}},
{"type":"Feature","geometry":{"type":"Polygon","coordinates":[[[146.5,-26.96],[146.63,-26.9],[146.68,-26.88],[146.78,-26.85],[146.85,-26.82],[146.91,-26.79],[146.93,-26.78],[147.24,-26.78],[147.52,-26.79],[147.85,-26.77],[148.01,-26.78],[148.05,-26.78],[148.1,-26.76],[148.14,-26.74],[148.16,-26.7],[148.17,-26.64],[148.18,-26.59],[148.18,-26.56],[148.2,-26.54],[148.22,-26.52],[148.31,-26.33],[148.37,-26.21],[148.33,-26.14],[148.33,-26.1],[148.33,-26.07],[148.33,-26.05],[148.33,-26.03],[148.37,-25.96],[148.42,-25.92],[148.5,-25.9],[148.54,-25.89],[148.56,-25.88],[148.62,-25.86],[148.64,-25.86],[148.66,-25.85],[148.71,-25.86],[148.76,-25.86],[148.83,-25.87],[148.9,-25.89],[148.94,-25.9],[148.94,-25.89],[148.95,-25.87],[148.96,-25.83],[148.96,-25.81],[148.95,-25.77],[148.94,-25.75],[148.93,-25.74],[148.91,-25.69],[148.89,-25.64],[148.87,-25.58],[148.85,-25.53],[148.83,-25.5],[148.82,-25.48],[148.82,-25.46],[148.84,-25.44],[148.86,-25.41],[148.86,-25.37],[148.87,-25.3],[148.86,-25.25],[148.86,-25.23],[148.86,-25.2],[148.85,-25.17],[148.85,-25.13],[148.84,-25.08],[148.83,-25.03],[148.84,-24.99],[148.86,-24.91],[148.86,-24.88],[148.84,-24.84],[148.82,-24.79],[148.82,-24.72],[148.81,-24.68],[148.78,-24.64],[148.77,-24.59],[148.74,-24.53],[148.7,-24.48],[148.67,-24.48],[148.62,-24.46],[148.59,-24.44],[148.56,-24.42],[148.54,-24.41],[148.5,-24.38],[148.48,-24.37],[148.4,-24.29],[148.31,-24.22],[148.28,-24.17],[148.21,-24.12],[148.14,-24.1],[148.1,-24.08],[148.04,-24.05],[147.98,-24.03],[147.85,-24.03],[147.6,-24.02],[147.43,-24],[147.24,-23.99],[147.21,-23.99],[147.07,-23.98],[146.85,-23.97],[146.65,-23.95],[146.6,-23.94],[146.59,-23.94],[145.92,-23.86],[145.46,-23.66],[145.23,-24.12],[145.21,-24.18],[145.13,-24.35],[145.12,-24.41],[145.11,-24.47],[145.09,-24.52],[145.08,-24.64],[145.06,-24.77],[145.05,-24.8],[145.04,-24.86],[144.88,-25.05],[144.83,-25.18],[144.73,-25.6],[144.7,-25.69],[144.67,-25.78],[144.63,-25.84],[144.61,-25.91],[144.61,-25.93],[144.62,-25.95],[144.63,-25.97],[144.64,-25.99],[144.7,-26.01],[144.73,-26.01],[144.75,-26.06],[144.78,-26.1],[144.82,-26.15],[144.88,-26.2],[144.92,-26.2],[145,-26.2],[145.04,-26.18],[145.05,-26.15],[145.05,-26.12],[145.07,-26.09],[145.1,-26.08],[145.21,-26.1],[145.33,-26.14],[145.4,-26.2],[145.47,-26.26],[145.5,-26.33],[145.52,-26.37],[145.54,-26.39],[145.58,-26.47],[145.59,-26.56],[145.58,-26.61],[145.55,-26.64],[145.55,-26.66],[145.56,-26.71],[145.6,-26.83],[145.6,-26.94],[145.6,-27.01],[145.57,-27.07],[145.57,-27.11],[145.6,-27.12],[145.74,-27.12],[145.88,-27.1],[145.96,-27.09],[146.06,-27.07],[146.23,-27.04],[146.47,-26.98],[146.5,-26.96]]]},"properties":{"NAME":"Bidjara","SUBJECTO":"Bidjara","BORDERPRECISION":3}},
{"type":"Feature","geometry":{"type":"Polygon","coordinates":[[[134.61,-12.06],[134.6,-12.06],[134.6,-12.09],[134.6,-12.11],[134.61,-12.11],[134.69,-12.11],[134.7,-12.12],[134.7,-12.1],[134.73,-12.07],[134.73,-12.06],[134.61,-12.06]]]},"properties":{"NAME":"Burarra","SUBJECTO":"Burarra","BORDERPRECISION":3}},
{"type":"Feature","geometry":{"type":"MultiPolygon","coordinates":[[[[125.34,-17.65],[125.48,-17.67],[125.66,-17.57],[125.78,-17.45],[125.79,-17.42],[125.79,-17.41],[125.73,-17.31],[125.68,-17.21],[125.67,-17.08],[125.62,-17.12],[125.5,-17.01],[125.06,-16.74],[124.83,-16.53],[124.72,-16.5],[124.57,-16.51],[124.43,-16.52],[124.4,-16.52],[124.41,-16.57],[124.45,-16.65],[124.45,-16.77],[124.45,-16.84],[124.45,-16.89],[124.45,-17.07],[124.46,-17.35],[124.46,-17.41],[124.49,-17.41],[124.55,-17.42],[124.7,-17.42],[124.89,-17.4],[125.05,-17.4],[125.21,-17.44],[125.28,-17.54],[125.33,-17.64],[125.34,-17.65]]],[[[124.61,-16.38],[124.82,-16.51],[124.8,-16.5],[124.79,-16.37],[124.79,-16.34],[124.76,-16.33],[124.56,-16.34],[124.61,-16.38]]]]},"properties":{"NAME":"Unggumi","SUBJECTO":"Unggumi","BORDERPRECISION":3}},
{"type":"Feature","geometry":{"type":"Polygon","coordinates":[[[122.32,-28.7],[122.54,-28.65],[122.63,-28.7],[122.63,-28.66],[122.83,-28.54],[123.01,-28.41],[123.28,-28.29],[123.88,-27.88],[124.17,-27.63],[124.37,-27.52],[124.36,-27.46],[124.17,-27.35],[123.73,-27.16],[123.16,-26.78],[123.06,-26.67],[122.96,-26.56],[122.82,-26.78],[122.5,-27.29],[122.1,-27.56],[121.94,-27.69],[121.69,-27.86],[121.76,-27.91],[121.76,-27.92],[121.81,-27.98],[121.87,-28.05],[121.96,-28.16],[122.06,-28.29],[122.14,-28.41],[122.27,-28.58],[122.32,-28.7]]]},"properties":{"NAME":"Tjalkanti","SUBJECTO":"Tjalkanti","BORDERPRECISION":3}},
{"type":"Feature","geometry":{"type":"Polygon","coordinates":[[[122.8,-17.32],[122.76,-17.32],[122.6,-17.32],[122.4,-17.32],[122.2,-17.32],[122.16,-17.32],[122.13,-17.35],[122.1,-17.38],[122.09,-17.41],[122.11,-17.53],[122.12,-17.64],[122.15,-17.73],[122.18,-17.77],[122.19,-17.78],[122.37,-17.77],[122.55,-17.77],[122.68,-17.76],[122.71,-17.76],[122.72,-17.72],[122.75,-17.68],[122.8,-17.67],[122.82,-17.67],[122.81,-17.62],[122.8,-17.41],[122.8,-17.37],[122.8,-17.32]]]},"properties":{"NAME":"Ngumbarl","SUBJECTO":"Ngumbarl","BORDERPRECISION":3}},
{"type":"Feature","geometry":{"type":"Polygon","coordinates":[[[114.68,-26.44],[114.63,-26.4],[114.53,-26.4],[114.24,-26.51],[114.02,-26.59],[113.85,-26.75],[113.73,-26.8],[113.7,-26.81],[113.74,-26.98],[113.83,-27.12],[113.94,-27.28],[114.04,-27.64],[114.04,-27.76],[114.09,-27.97],[114.28,-28.33],[114.34,-28.49],[114.45,-28.65],[114.6,-28.72],[114.7,-28.72],[114.96,-28.63],[115.23,-28.57],[115.3,-28.54],[115.27,-28.51],[115.2,-28.47],[115.05,-28.25],[114.91,-27.95],[114.92,-27.61],[114.87,-27.16],[114.8,-26.92],[114.7,-26.62],[114.64,-26.47],[114.68,-26.44]]]},"properties":{"NAME":"Nhanta","SUBJECTO":"Nhanta","BORDERPRECISION":3}},
{"type":"Feature","geometry":{"type":"Polygon","coordinates":[[[151.2,-33.39],[151.24,-33.39],[151.38,-33.26],[151.41,-33.21],[151.43,-33.16],[151.46,-33.08],[151.47,-32.9],[151.45,-32.89],[151.42,-32.9],[151.4,-32.91],[151.12,-32.91],[150.81,-32.88],[150.61,-32.88],[150.3,-32.83],[150.1,-32.82],[150.05,-32.99],[150.01,-33.19],[150.13,-33.21],[150.57,-33.24],[150.93,-33.28],[151.1,-33.3],[151.22,-33.32],[151.2,-33.39]]]},"properties":{"NAME":"Darkinung","SUBJECTO":"Darkinung","BORDERPRECISION":3}},
{"type":"Feature","geometry":{"type":"Polygon","coordinates":[[[142.32,-28.53],[142.4,-28.59],[142.66,-28.67],[142.95,-28.73],[143.02,-28.74],[143.06,-28.74],[143.32,-28.76],[143.37,-28.77],[143.5,-28.73],[143.64,-28.74],[143.69,-28.74],[143.65,-28.53],[143.65,-28.4],[143.79,-28.29],[143.89,-28.21],[144.11,-28.04],[144.18,-27.98],[144.15,-27.98],[143.93,-27.96],[143.76,-27.91],[143.74,-27.9],[143.7,-27.9],[143.55,-27.97],[143.38,-28.01],[143.26,-28.01],[143.03,-28.05],[142.8,-28.17],[142.51,-28.27],[142.42,-28.42],[142.32,-28.53]]]},"properties":{"NAME":"Kullilla","SUBJECTO":"Kullilla","BORDERPRECISION":3}},
{"type":"Feature","geometry":{"type":"Polygon","coordinates":[[[139.84,-37.04],[139.82,-37.25],[140,-37.62],[140.12,-37.71],[140.13,-37.72],[140.25,-37.79],[140.33,-37.87],[140.45,-37.97],[140.52,-38.02],[140.59,-38.05],[140.72,-38.1],[140.8,-38.09],[140.85,-38.08],[140.95,-38.07],[140.95,-38.06],[140.95,-38.02],[140.96,-38],[140.97,-37.99],[140.98,-37.99],[140.99,-37.99],[141,-37.99],[141.05,-38],[141.09,-38.02],[141.19,-38.05],[141.24,-38.06],[141.26,-38.04],[141.28,-38.03],[141.26,-37.98],[141.29,-37.97],[141.3,-37.92],[141.29,-37.88],[141.23,-37.8],[141.23,-37.78],[141.05,-37.75],[140.78,-37.63],[140.64,-37.56],[140.36,-37.39],[140.2,-37.23],[140.19,-37.15],[140.19,-37.08],[140.04,-37.05],[139.97,-37.04],[139.84,-37.04]]]},"properties":{"NAME":"Buandig","SUBJECTO":"Buandig","BORDERPRECISION":3}},
{"type":"Feature","geometry":{"type":"Polygon","coordinates":[[[141.66,-15.87],[141.61,-15.87],[141.4,-15.86],[141.39,-15.92],[141.31,-16.45],[141.29,-16.52],[141.3,-16.52],[141.41,-16.58],[141.6,-16.72],[141.78,-16.81],[141.77,-16.7],[141.76,-16.49],[141.66,-16.15],[141.66,-15.92],[141.66,-15.89],[141.66,-15.87]]]},"properties":{"NAME":"Koknar","SUBJECTO":"Koknar","BORDERPRECISION":3}},
{"type":"Feature","geometry":{"type":"Polygon","coordinates":[[[119.94,-20.12],[119.93,-20.08],[119.81,-20.12],[119.53,-20.14],[119.14,-20.04],[118.94,-20.02],[118.87,-20.07],[118.83,-20.14],[118.88,-20.15],[119.03,-20.24],[119.19,-20.28],[119.38,-20.35],[119.64,-20.39],[119.72,-20.34],[119.83,-20.26],[119.89,-20.17],[119.93,-20.11],[119.94,-20.12]]]},"properties":{"NAME":"Ngarla","SUBJECTO":"Ngarla","BORDERPRECISION":3}},
{"type":"Feature","geometry":{"type":"Polygon","coordinates":[[[129.69,-15.09],[129.67,-15.15],[129.73,-15.23],[129.76,-15.27],[129.81,-15.25],[129.85,-15.3],[129.89,-15.34],[129.91,-15.41],[130.01,-15.41],[130.13,-15.44],[130.15,-15.49],[130.29,-15.4],[130.36,-15.45],[130.38,-15.48],[130.39,-15.49],[130.55,-15.49],[130.8,-15.44],[130.98,-15.42],[131.07,-15.33],[131.06,-15.31],[131.03,-15.27],[131.03,-15.18],[130.97,-15],[130.96,-14.85],[130.99,-14.82],[130.96,-14.8],[130.85,-14.76],[130.75,-14.76],[130.63,-14.75],[130.51,-14.76],[130.42,-14.76],[130.39,-14.75],[130.35,-14.75],[130.35,-14.72],[130.26,-14.72],[130.06,-14.72],[129.84,-14.75],[129.79,-14.75],[129.82,-14.78],[129.85,-14.82],[129.84,-14.93],[129.7,-15.06],[129.69,-15.09]]]},"properties":{"NAME":"Jaminjung","SUBJECTO":"Jaminjung","BORDERPRECISION":3}},
{"type":"Feature","geometry":{"type":"Polygon","coordinates":[[[118.19,-30.9],[118.08,-30.74],[117.98,-30.69],[117.59,-30.6],[117.13,-30.38],[116.85,-30.07],[116.43,-31.47],[116.57,-31.53],[116.73,-31.6],[116.73,-32.12],[117.53,-32.38],[117.61,-32.4],[117.6,-32.38],[117.54,-32.21],[117.53,-31.96],[117.72,-31.53],[117.92,-31.26],[118.19,-30.9]]]},"properties":{"NAME":"Ballardong","SUBJECTO":"Ballardong","BORDERPRECISION":3}},
{"type":"Feature","geometry":{"type":"Polygon","coordinates":[[[143.67,-14.29],[143.58,-14.06],[143.58,-14.04],[143.44,-14.07],[143.35,-14.1],[143.36,-14.12],[143.42,-14.24],[143.43,-14.32],[143.67,-14.29]]]},"properties":{"NAME":"Umbindhamu","SUBJECTO":"Umbindhamu","BORDERPRECISION":3}},
{"type":"Feature","geometry":{"type":"Polygon","coordinates":[[[135.52,-14.45],[135.59,-14.35],[135.59,-14.18],[135.49,-14.02],[135.43,-13.84],[135.32,-13.69],[135.27,-13.65],[135.26,-13.67],[135.14,-13.8],[134.92,-13.86],[134.79,-13.9],[134.79,-13.91],[134.85,-14],[134.93,-14.17],[134.95,-14.32],[135.04,-14.44],[135.14,-14.42],[135.27,-14.42],[135.44,-14.42],[135.5,-14.44],[135.52,-14.45]]]},"properties":{"NAME":"Ngandi","SUBJECTO":"Ngandi","BORDERPRECISION":3}},
{"type":"Feature","geometry":{"type":"Polygon","coordinates":[[[143.5,-13.78],[143.5,-13.77],[143.43,-13.8],[143.4,-13.81],[143.39,-13.82],[143.36,-14.02],[143.34,-14.08],[143.35,-14.1],[143.44,-14.07],[143.58,-14.04],[143.54,-13.94],[143.5,-13.78]]]},"properties":{"NAME":"Kuuku-yani","SUBJECTO":"Kuuku-yani","BORDERPRECISION":3}},
{"type":"Feature","geometry":{"type":"Polygon","coordinates":[[[146.11,-18.55],[146.08,-18.51],[145.97,-18.54],[145.85,-18.51],[145.75,-18.44],[145.72,-18.43],[145.68,-18.43],[145.69,-18.45],[145.68,-18.48],[145.69,-18.48],[145.83,-18.65],[145.85,-18.68],[145.96,-18.89],[146.21,-19.09],[146.35,-19.24],[146.5,-19.31],[146.57,-19.33],[146.52,-19.27],[146.42,-19.18],[146.35,-19.1],[146.32,-19.08],[146.28,-19.01],[146.26,-18.99],[146.18,-18.89],[146.12,-18.79],[146.15,-18.71],[146.16,-18.7],[146.13,-18.63],[146.11,-18.55]]]},"properties":{"NAME":"Nyawaygi","SUBJECTO":"Nyawaygi","BORDERPRECISION":3}},
{"type":"Feature","geometry":{"type":"Polygon","coordinates":[[[145.61,-21.69],[145.6,-21.71],[145.61,-21.76],[145.69,-21.92],[145.78,-22.01],[145.87,-22.16],[145.89,-22.37],[145.88,-22.39],[146.06,-22.46],[146.06,-22.44],[146.29,-22.39],[146.5,-22.33],[146.72,-22.33],[146.77,-22.33],[146.78,-22.33],[146.84,-22.16],[146.82,-21.92],[146.79,-21.87],[146.68,-21.88],[146.55,-21.66],[146.55,-21.6],[146.35,-21.59],[145.95,-21.64],[145.61,-21.69]]]},"properties":{"NAME":"Miyan","SUBJECTO":"Miyan","BORDERPRECISION":3}},
{"type":"Feature","geometry":{"type":"Polygon","coordinates":[[[123.29,-21.36],[123.29,-21.37],[123.41,-21.36],[123.61,-21.42],[123.89,-21.64],[124.08,-21.94],[124.08,-22.16],[124.09,-22.35],[124.39,-22.29],[124.83,-22.12],[125.21,-21.96],[125.39,-21.81],[125.52,-21.81],[125.84,-21.81],[126.04,-21.58],[126.28,-21.02],[126.45,-20.63],[126.45,-20.37],[126.34,-20.34],[126.08,-20.28],[125.42,-20.2],[125.11,-20.18],[124.96,-20.2],[124.9,-20.2],[124.72,-20.22],[124.26,-20.53],[123.84,-20.53],[123.84,-20.68],[123.84,-20.75],[123.71,-20.9],[123.56,-21.05],[123.29,-21.36]]]},"properties":{"NAME":"Yulparitja","SUBJECTO":"Yulparitja","BORDERPRECISION":3}},
{"type":"Feature","geometry":{"type":"Polygon","coordinates":[[[148.73,-24.23],[148.63,-24.34],[148.56,-24.42],[148.59,-24.44],[148.62,-24.46],[148.67,-24.48],[148.7,-24.48],[148.74,-24.53],[148.77,-24.59],[148.78,-24.64],[148.81,-24.68],[148.82,-24.72],[148.82,-24.79],[148.84,-24.84],[148.86,-24.88],[148.86,-24.91],[148.84,-24.99],[148.83,-25.03],[148.84,-25.08],[148.85,-25.13],[148.85,-25.17],[148.86,-25.2],[149.03,-25.18],[149.03,-25.17],[148.99,-25.12],[148.99,-24.88],[148.99,-24.59],[149.02,-24.38],[148.75,-24.26],[148.73,-24.23]]]},"properties":{"NAME":"Garingbal","SUBJECTO":"Garingbal","BORDERPRECISION":3}},
{"type":"Feature","geometry":{"type":"Polygon","coordinates":[[[144.62,-36.53],[144.68,-36.47],[144.77,-36.37],[144.8,-36.28],[144.85,-36.14],[144.86,-36.11],[144.87,-36.08],[144.82,-36.05],[144.71,-35.98],[144.56,-35.92],[144.53,-35.85],[144.57,-35.74],[144.67,-35.58],[144.92,-35.45],[145.11,-35.32],[145.13,-35.3],[145.13,-35.26],[145.11,-35.22],[145,-34.98],[144.88,-34.81],[144.88,-34.8],[144.85,-34.78],[144.84,-34.76],[144.76,-34.9],[144.66,-35.03],[144.54,-35.16],[144.46,-35.25],[144.38,-35.31],[144.21,-35.43],[144.03,-35.57],[143.82,-35.72],[143.73,-35.8],[143.71,-35.81],[143.78,-35.84],[143.95,-35.86],[144,-35.99],[143.97,-36.04],[144,-36.07],[144.03,-36.13],[144.07,-36.13],[144.07,-36.14],[144.13,-36.14],[144.15,-36.17],[144.19,-36.19],[144.26,-36.19],[144.26,-36.18],[144.34,-36.18],[144.33,-36.2],[144.57,-36.2],[144.7,-36.33],[144.72,-36.36],[144.64,-36.46],[144.62,-36.53]]]},"properties":{"NAME":"Baraba Baraba","SUBJECTO":"Baraba Baraba","BORDERPRECISION":3}},
{"type":"Feature","geometry":{"type":"Polygon","coordinates":[[[141.16,-17.49],[141.14,-17.48],[141.04,-17.47],[140.92,-17.43],[140.88,-17.42],[140.8,-17.56],[140.75,-17.6],[140.76,-17.61],[140.84,-17.7],[140.97,-17.6],[141.16,-17.49]]]},"properties":{"NAME":"Kuthant","SUBJECTO":"Kuthant","BORDERPRECISION":3}},
{"type":"Feature","geometry":{"type":"Polygon","coordinates":[[[149.96,-32.44],[150.12,-32.73],[150.11,-32.76],[150.1,-32.82],[150.3,-32.83],[150.61,-32.88],[150.81,-32.88],[151.12,-32.91],[151.4,-32.91],[151.42,-32.9],[151.45,-32.89],[151.52,-32.87],[151.58,-32.77],[151.59,-32.75],[151.61,-32.52],[151.6,-32.52],[151.56,-32.5],[151.3,-32.43],[151.04,-32.31],[150.85,-32.26],[150.56,-32.26],[150.18,-32.38],[149.96,-32.44]]]},"properties":{"NAME":"Wonnarua","SUBJECTO":"Wonnarua","BORDERPRECISION":3}},
{"type":"Feature","geometry":{"type":"Polygon","coordinates":[[[133.08,-13.29],[133.11,-13.28],[133.23,-13.3],[133.26,-13.3],[133.47,-13.29],[133.55,-13.3],[133.57,-13.33],[133.61,-13.32],[133.66,-13.25],[133.67,-13.11],[133.65,-13.04],[133.59,-12.97],[133.58,-12.99],[133.52,-12.91],[133.51,-12.91],[133.49,-12.9],[133.45,-12.89],[133.44,-12.88],[133.4,-12.85],[133.37,-12.83],[133.32,-12.83],[133.26,-12.81],[133.21,-12.8],[133.12,-12.78],[133.04,-12.77],[132.98,-12.77],[132.91,-12.78],[132.88,-12.78],[132.86,-12.78],[132.86,-12.81],[132.85,-12.84],[132.84,-12.9],[132.84,-12.91],[132.83,-12.93],[132.83,-12.96],[132.81,-13],[132.76,-13.08],[132.72,-13.14],[132.67,-13.17],[132.69,-13.18],[132.81,-13.23],[132.98,-13.3],[133.08,-13.29]]]},"properties":{"NAME":"Wuningangk","SUBJECTO":"Wuningangk","BORDERPRECISION":3}},
{"type":"Feature","geometry":{"type":"Polygon","coordinates":[[[142.38,-31.41],[142.33,-31.42],[142.33,-31.43],[142.28,-31.63],[142.01,-31.88],[141.84,-32.05],[141.22,-32.38],[139.92,-32.77],[139.88,-32.78],[139.3,-32.9],[138.93,-33.19],[138.93,-33.48],[139.09,-33.67],[139.13,-33.66],[139.21,-33.63],[139.52,-33.47],[139.97,-33.35],[140.32,-33.29],[140.8,-33.39],[140.89,-33.42],[140.97,-33.44],[141.09,-33.34],[141.2,-33.28],[141.44,-33.12],[141.64,-33.01],[141.77,-32.93],[142.31,-32.52],[142.5,-32.33],[142.77,-32.18],[142.94,-32.04],[143.12,-31.84],[143.28,-31.68],[143.44,-31.56],[143.53,-31.51],[143.49,-31.47],[143.43,-31.4],[143.41,-31.38],[143.23,-31.35],[142.94,-31.35],[142.61,-31.37],[142.38,-31.41]]]},"properties":{"NAME":"Danggali","SUBJECTO":"Danggali","BORDERPRECISION":3}},
{"type":"Feature","geometry":{"type":"Polygon","coordinates":[[[146.85,-29.94],[146.81,-29.9],[146.84,-29.86],[146.78,-29.83],[146.66,-29.74],[146.46,-29.71],[146.06,-29.67],[145.85,-29.64],[145.8,-29.67],[145.79,-29.75],[145.68,-29.95],[145.6,-30.16],[145.57,-30.19],[145.6,-30.17],[145.68,-30.09],[145.97,-29.95],[146.21,-29.95],[146.68,-29.93],[146.85,-29.94]]]},"properties":{"NAME":"Barranbinya","SUBJECTO":"Barranbinya","BORDERPRECISION":3}},
{"type":"Feature","geometry":{"type":"Polygon","coordinates":[[[130.03,-14.44],[130.04,-14.45],[130.07,-14.47],[130.16,-14.47],[130.28,-14.49],[130.32,-14.51],[130.34,-14.51],[130.39,-14.49],[130.46,-14.49],[130.55,-14.48],[130.79,-14.4],[130.89,-14.32],[130.91,-14.18],[130.88,-14.02],[130.86,-13.9],[130.86,-13.81],[130.87,-13.8],[130.73,-13.8],[130.59,-13.85],[130.42,-13.89],[130.31,-13.89],[130.3,-13.89],[130.3,-13.91],[130.29,-14],[130.21,-14.09],[130.11,-14.13],[130.1,-14.13],[130.09,-14.13],[130.03,-14.2],[130.01,-14.28],[129.99,-14.34],[130.01,-14.39],[130.02,-14.41],[130.03,-14.43],[130.03,-14.44]]]},"properties":{"NAME":"Ngan’giwumirri","SUBJECTO":"Ngan’giwumirri","BORDERPRECISION":3}},
{"type":"Feature","geometry":{"type":"Polygon","coordinates":[[[151.6,-33.19],[151.76,-33],[151.77,-33],[151.79,-32.97],[151.84,-32.89],[151.93,-32.84],[151.83,-32.85],[151.69,-32.8],[151.58,-32.77],[151.52,-32.87],[151.45,-32.89],[151.47,-32.9],[151.46,-33.08],[151.43,-33.16],[151.52,-33.18],[151.6,-33.19]]]},"properties":{"NAME":"Awabakal","SUBJECTO":"Awabakal","BORDERPRECISION":3}},
{"type":"Feature","geometry":{"type":"Polygon","coordinates":[[[115.97,-32.98],[115.99,-32.92],[116.02,-32.83],[116.02,-32.76],[116.08,-32.6],[116.1,-32.43],[116.14,-32.4],[116.14,-32.39],[116.03,-32.44],[115.8,-32.49],[115.76,-32.49],[115.77,-32.75],[115.72,-33.02],[115.83,-32.98],[115.97,-32.98]]]},"properties":{"NAME":"Pinjarup","SUBJECTO":"Pinjarup","BORDERPRECISION":3}},
{"type":"Feature","geometry":{"type":"Polygon","coordinates":[[[140.95,-21.94],[140.94,-21.95],[140.97,-22.15],[140.95,-22.3],[140.98,-22.31],[141.01,-22.27],[141.04,-22.28],[141.27,-22.35],[141.59,-22.57],[142.1,-22.82],[142.49,-22.65],[142.95,-22.52],[143.19,-22.52],[143.21,-22.43],[143.21,-22.41],[143.22,-22.4],[143.33,-22.09],[143.33,-21.78],[143.32,-21.68],[143.24,-21.7],[142.98,-21.73],[142.76,-21.84],[142.54,-21.88],[142.17,-21.86],[142.04,-21.77],[141.66,-21.71],[141.37,-21.75],[141.12,-21.89],[141.03,-21.92],[140.95,-21.94]]]},"properties":{"NAME":"Guwa","SUBJECTO":"Guwa","BORDERPRECISION":3}},
{"type":"Feature","geometry":{"type":"Polygon","coordinates":[[[128.45,-30.11],[128.47,-29.78],[128.34,-29.5],[127.86,-29.06],[127.64,-28.79],[127.45,-28.59],[127.42,-28.56],[127.38,-28.52],[127.37,-28.52],[127.28,-28.56],[127.13,-28.63],[126.94,-28.83],[126.65,-28.88],[126.56,-28.83],[126.3,-28.67],[125.93,-28.56],[125.79,-28.48],[125.46,-28.29],[125.27,-28.13],[125.07,-28.03],[124.83,-27.78],[124.61,-27.61],[124.42,-27.52],[124.39,-27.51],[124.37,-27.52],[124.17,-27.63],[123.88,-27.88],[123.28,-28.29],[123.01,-28.41],[122.83,-28.54],[122.63,-28.66],[122.63,-28.7],[122.63,-28.73],[122.64,-28.85],[122.73,-28.94],[122.84,-29.15],[122.97,-29.38],[123.1,-29.58],[123.2,-29.75],[123.41,-30.11],[123.48,-30.36],[123.51,-30.47],[123.51,-30.64],[123.52,-30.73],[123.56,-30.9],[123.56,-30.92],[124.04,-30.95],[124.42,-30.96],[125.19,-30.65],[126.36,-30.38],[127.13,-30.37],[127.62,-30.24],[128.17,-30.13],[128.45,-30.13],[128.45,-30.11]]]},"properties":{"NAME":"Nyanganyatjara","SUBJECTO":"Nyanganyatjara","BORDERPRECISION":3}},
{"type":"Feature","geometry":{"type":"MultiPolygon","coordinates":[[[[123.38,-30.99],[124.22,-31.03],[124.42,-30.96],[124.04,-30.95],[123.56,-30.92],[123.56,-30.9],[123.55,-30.95],[123.35,-30.92],[123.19,-30.94],[123.25,-30.95],[123.38,-30.99]]],[[[120.39,-32.76],[120.39,-32.77],[120.33,-32.95],[120.19,-33.09],[120.2,-33.08],[120.38,-33.01],[120.53,-32.96],[120.46,-32.88],[120.41,-32.78],[120.39,-32.76]]],[[[142.13,-12.82],[142.14,-12.81],[142.13,-12.78],[142.13,-12.82]]],[[[117.72,-23.99],[117.59,-24.03],[117.67,-24.03],[117.8,-24.15],[118,-24.23],[118.31,-24.3],[118.44,-24.37],[118.57,-24.39],[118.57,-24.34],[118.58,-24.13],[118.65,-23.9],[118.72,-23.73],[118.79,-23.58],[118.85,-23.54],[118.8,-23.54],[118.65,-23.53],[118.58,-23.53],[118.56,-23.53],[118.5,-23.63],[118.32,-23.74],[118.19,-23.81],[118.08,-23.9],[117.88,-24.03],[117.72,-23.99]]],[[[136.91,-22.58],[136.49,-23.06],[136.12,-23.13],[136.16,-23.3],[136.16,-23.75],[136.16,-24.31],[136.27,-25.06],[136.31,-25.06],[136.61,-24.92],[136.86,-24.85],[137.14,-24.83],[137.45,-24.75],[137.78,-24.73],[138.08,-24.71],[138.37,-24.71],[138.37,-24.58],[138.37,-24.31],[138.36,-23.92],[138.36,-23.67],[138.33,-23.67],[137.98,-23.65],[137.61,-23.54],[137.19,-23.34],[136.97,-22.89],[136.91,-22.58]]],[[[122.55,-16.94],[122.55,-16.93],[122.54,-16.92],[122.55,-16.94]]],[[[118.53,-28.3],[118.42,-28.37],[118.37,-28.38],[118.69,-28.56],[119.39,-28.74],[119.2,-28.64],[118.88,-28.52],[118.51,-28.4],[118.47,-28.4],[118.53,-28.3]]],[[[119.44,-28.76],[120,-29.32],[120.51,-30.06],[120.74,-30.63],[121.03,-30.93],[120.99,-30.73],[120.96,-30.58],[120.74,-30.15],[120.65,-29.86],[120.22,-29.4],[119.76,-28.99],[119.69,-29.01],[119.52,-28.81],[119.44,-28.76]]],[[[113.78,-22.84],[113.72,-22.82],[113.66,-22.73],[113.62,-22.66],[113.61,-22.73],[113.72,-23.02],[113.74,-23.25],[113.75,-23.23],[113.76,-23.01],[113.77,-22.86],[113.78,-22.84]]],[[[113.37,-24.26],[113.36,-24.28],[113.38,-24.61],[113.43,-24.87],[113.59,-25.19],[113.9,-25.59],[113.96,-25.63],[113.75,-25.32],[113.62,-25.09],[113.55,-24.88],[113.61,-24.81],[113.57,-24.79],[113.49,-24.65],[113.37,-24.45],[113.37,-24.26]]],[[[152.92,-27.04],[152.93,-27.06],[152.89,-27.14],[152.84,-27.19],[152.83,-27.22],[152.85,-27.23],[152.87,-27.24],[152.88,-27.25],[152.91,-27.26],[152.93,-27.27],[152.95,-27.27],[152.96,-27.27],[152.98,-27.28],[153.03,-27.19],[153.06,-27.1],[153,-27.08],[152.92,-27.04]]],[[[133.64,-13.68],[133.8,-13.93],[133.96,-14.05],[134.21,-14.2],[134.39,-14.33],[134.62,-14.5],[134.81,-14.61],[134.84,-14.65],[134.87,-14.61],[134.95,-14.51],[135.03,-14.45],[135.04,-14.44],[134.95,-14.32],[134.93,-14.17],[134.85,-14],[134.79,-13.91],[134.79,-13.9],[134.68,-13.94],[134.45,-13.89],[134.37,-13.78],[134.35,-13.64],[134.33,-13.42],[134.32,-13.43],[134.18,-13.44],[134.06,-13.4],[133.96,-13.29],[133.95,-13.1],[133.96,-13.03],[133.75,-13.02],[133.62,-12.92],[133.59,-12.97],[133.65,-13.04],[133.67,-13.11],[133.66,-13.25],[133.61,-13.32],[133.57,-13.33],[133.64,-13.41],[133.63,-13.56],[133.64,-13.68]]],[[[132.04,-14.61],[132.21,-14.77],[132.3,-15.02],[132.46,-14.98],[132.69,-15.02],[132.9,-15.03],[133.1,-14.96],[133.16,-14.9],[132.93,-14.74],[132.78,-14.66],[132.42,-14.55],[132.28,-14.57],[132.11,-14.6],[132.04,-14.61]]],[[[132.29,-13.09],[132.29,-13.07],[132.32,-13.05],[132.34,-12.98],[132.34,-12.89],[132.41,-12.8],[132.47,-12.78],[132.43,-12.74],[132.43,-12.75],[132.37,-12.81],[132.3,-12.79],[132.22,-12.77],[132.21,-12.8],[132.13,-12.88],[132.07,-12.96],[131.91,-13.02],[131.81,-13],[131.72,-12.95],[131.66,-12.93],[131.66,-12.94],[131.67,-12.98],[131.61,-13.03],[131.32,-12.95],[131.21,-12.92],[131.21,-12.91],[131.2,-12.92],[131.1,-12.96],[130.98,-12.98],[131.17,-13.04],[131.33,-13.14],[131.52,-13.23],[131.56,-13.28],[131.6,-13.21],[131.64,-13.12],[131.69,-13.03],[131.76,-13.02],[131.92,-13.1],[132.2,-13.22],[132.18,-13.19],[132.23,-13.13],[132.26,-13.08],[132.29,-13.09]]],[[[142.85,-36.58],[142.84,-36.59],[142.8,-36.7],[142.86,-36.81],[143.01,-36.9],[143.23,-36.92],[143.24,-36.91],[143.22,-36.88],[143.25,-36.88],[143.16,-36.7],[143.15,-36.68],[143.16,-36.67],[143.15,-36.65],[143.12,-36.65],[143.11,-36.64],[143.1,-36.63],[143.09,-36.63],[143.07,-36.64],[143.06,-36.65],[143.05,-36.67],[143.04,-36.67],[143.01,-36.67],[142.98,-36.64],[142.96,-36.64],[142.93,-36.62],[142.91,-36.58],[142.89,-36.59],[142.87,-36.59],[142.85,-36.58]]],[[[142.98,-36.36],[142.94,-36.35],[142.91,-36.4],[142.91,-36.49],[142.91,-36.48],[142.93,-36.47],[142.94,-36.45],[142.96,-36.44],[142.98,-36.44],[142.99,-36.41],[142.98,-36.39],[142.99,-36.38],[142.98,-36.37],[142.98,-36.36]]],[[[116.45,-35.03],[116.43,-35.05],[116.24,-34.99],[116,-34.94],[115.86,-34.81],[115.65,-34.6],[115.46,-34.49],[115.26,-34.44],[115.15,-34.43],[115.14,-34.4],[115.15,-34.38],[115.05,-34.38],[115.02,-34.26],[115.05,-34.42],[115.11,-34.45],[115.28,-34.47],[115.62,-34.63],[115.97,-34.94],[116.25,-35.1],[116.56,-35.19],[116.85,-35.21],[117.53,-35.25],[117.74,-35.22],[117.17,-35.2],[116.72,-35.19],[116.45,-35.12],[116.41,-35.08],[116.45,-35.03]]],[[[118.73,-34.25],[118.57,-34.23],[117.58,-34.26],[117.67,-34.05],[117.67,-34.02],[117.56,-34.21],[117.39,-34.28],[116.81,-34.29],[116.43,-34.31],[116.2,-34.19],[116.21,-33.95],[116.2,-33.94],[116.18,-34.17],[116.19,-34.22],[116.24,-34.24],[116.36,-34.3],[116.5,-34.34],[116.57,-34.63],[116.56,-34.84],[116.55,-34.87],[116.57,-34.83],[116.58,-34.6],[116.53,-34.42],[116.53,-34.37],[116.52,-34.33],[116.75,-34.31],[117.03,-34.31],[117.49,-34.29],[117.59,-34.28],[118.02,-34.27],[118.33,-34.27],[118.65,-34.25],[118.73,-34.25]]],[[[119.01,-34.61],[119.17,-34.64],[119.33,-34.58],[119.35,-34.55],[119.14,-34.52],[119.08,-34.48],[118.98,-34.39],[118.92,-34.29],[118.88,-34.28],[119.03,-34.49],[119.11,-34.52],[119.01,-34.61]]],[[[113.06,-26.12],[113.04,-26.16],[113.16,-26.43],[113.6,-26.88],[113.93,-27.38],[114.02,-27.63],[113.96,-28.03],[114.06,-28.15],[114.33,-28.48],[114.34,-28.49],[114.28,-28.33],[114.09,-27.97],[114.04,-27.76],[114.04,-27.64],[113.94,-27.28],[113.83,-27.12],[113.74,-26.98],[113.7,-26.81],[113.73,-26.8],[113.6,-26.76],[113.5,-26.69],[113.18,-26.28],[113.06,-26.12]]],[[[122.33,-18.06],[122.25,-18.06],[122.21,-18.05],[122.23,-18.14],[122.31,-18.07],[122.33,-18.06]]],[[[117.67,-33.95],[117.65,-33.81],[117.45,-33.65],[117.49,-33.59],[117.43,-33.64],[117.56,-33.77],[117.67,-33.95]]],[[[122.18,-17.77],[122.15,-17.73],[122.12,-17.64],[122.11,-17.53],[122.09,-17.41],[122.1,-17.38],[122.09,-17.4],[122.09,-17.62],[122.18,-17.92],[122.19,-17.91],[122.16,-17.84],[122.16,-17.79],[122.18,-17.77]]],[[[145.11,-26.48],[145.13,-26.8],[145.2,-27.02],[145.24,-27.39],[145.28,-27.49],[145.32,-27.48],[145.69,-27.56],[145.81,-27.58],[145.81,-27.55],[145.84,-27.49],[145.89,-27.44],[145.96,-27.39],[146.04,-27.34],[146.13,-27.28],[146.21,-27.23],[146.31,-27.17],[146.38,-27.15],[146.43,-27.01],[146.5,-26.96],[146.47,-26.98],[146.23,-27.04],[146.06,-27.07],[145.96,-27.09],[145.88,-27.1],[145.74,-27.12],[145.6,-27.12],[145.57,-27.11],[145.57,-27.07],[145.6,-27.01],[145.6,-26.94],[145.6,-26.83],[145.56,-26.71],[145.55,-26.66],[145.55,-26.64],[145.58,-26.61],[145.59,-26.56],[145.58,-26.47],[145.54,-26.39],[145.52,-26.37],[145.32,-26.42],[145.11,-26.48]]],[[[138.05,-34.16],[138.05,-34.19],[138.01,-34.31],[137.94,-34.51],[137.92,-34.63],[138.1,-34.36],[138.21,-34.51],[138.27,-34.58],[138.19,-34.43],[138.11,-34.25],[138.05,-34.16]]],[[[152.71,-27.33],[152.72,-27.44],[152.76,-27.45],[152.85,-27.49],[152.88,-27.5],[152.89,-27.48],[152.88,-27.48],[152.86,-27.47],[152.84,-27.47],[152.83,-27.47],[152.82,-27.46],[152.82,-27.44],[152.84,-27.44],[152.85,-27.43],[152.85,-27.41],[152.85,-27.4],[152.84,-27.38],[152.83,-27.37],[152.81,-27.35],[152.8,-27.32],[152.8,-27.31],[152.81,-27.29],[152.8,-27.28],[152.8,-27.3],[152.74,-27.33],[152.71,-27.33]]],[[[141.49,-14.57],[141.48,-14.62],[141.47,-14.76],[141.55,-14.89],[141.55,-14.86],[141.49,-14.57]]],[[[141.9,-14.93],[141.95,-14.92],[141.91,-14.92],[141.9,-14.93]]],[[[118.41,-33.13],[118.37,-33.15],[118.44,-33.17],[118.67,-33.52],[118.69,-33.54],[118.58,-33.28],[118.49,-33.14],[118.41,-33.13]]],[[[117.74,-32.63],[117.8,-32.77],[117.96,-32.98],[118.11,-33.06],[118.04,-32.98],[117.74,-32.63]]],[[[118.22,-30.86],[118.09,-30.74],[118.08,-30.74],[118.19,-30.9],[118.22,-30.86]]],[[[142.6,-13.05],[142.6,-13.07],[142.61,-13.07],[142.62,-13.07],[142.6,-13.05]]],[[[141.01,-36.89],[140.98,-36.84],[140.99,-36.76],[140.99,-36.75],[140.9,-36.78],[140.79,-36.86],[140.72,-36.89],[140.72,-36.9],[140.73,-36.93],[140.73,-36.97],[140.72,-37.01],[140.7,-37.02],[140.66,-37.05],[140.63,-37.07],[140.41,-37.08],[140.22,-37.08],[140.04,-37.05],[140.19,-37.08],[140.19,-37.15],[140.2,-37.23],[140.36,-37.39],[140.64,-37.56],[140.78,-37.63],[141.05,-37.75],[141.23,-37.78],[141.23,-37.77],[141.24,-37.75],[141.25,-37.71],[141.24,-37.68],[141.28,-37.67],[141.33,-37.67],[141.4,-37.67],[141.42,-37.64],[141.42,-37.63],[141.38,-37.6],[141.26,-37.44],[141.06,-37.13],[141.04,-36.99],[141.04,-36.94],[141.01,-36.9],[141.01,-36.89]]],[[[148.55,-27.47],[148.57,-27.46],[148.61,-27.43],[148.61,-27.39],[148.57,-27.31],[148.55,-27.21],[148.52,-27.09],[148.51,-26.99],[148.48,-26.97],[148.45,-26.9],[148.42,-26.76],[148.4,-26.69],[148.38,-26.62],[148.38,-26.58],[148.37,-26.53],[148.36,-26.52],[148.37,-26.6],[148.38,-26.75],[148.44,-26.93],[148.52,-27.16],[148.54,-27.34],[148.55,-27.43],[148.55,-27.47]]],[[[147.54,-27.7],[147.59,-27.75],[147.68,-27.83],[147.73,-27.85],[147.8,-27.82],[147.9,-27.77],[147.98,-27.76],[148.05,-27.79],[148.12,-27.86],[148.15,-27.96],[148.23,-28.1],[148.38,-28.27],[148.39,-28.29],[148.41,-28.26],[148.43,-28.13],[148.8,-28.13],[149.14,-28.04],[149.4,-27.99],[149.51,-27.97],[149.41,-27.79],[149.36,-27.81],[149.35,-27.83],[149.34,-27.86],[149.31,-27.92],[149.29,-27.95],[149.25,-27.97],[149.2,-27.98],[149.17,-27.97],[149.11,-27.96],[149.07,-27.97],[149.04,-27.99],[149,-28],[148.99,-27.98],[148.99,-27.96],[148.99,-27.93],[148.97,-27.9],[148.92,-27.88],[148.91,-27.81],[148.9,-27.75],[148.89,-27.68],[148.88,-27.65],[148.84,-27.62],[148.78,-27.62],[148.76,-27.62],[148.74,-27.63],[148.74,-27.64],[148.74,-27.65],[148.74,-27.66],[148.74,-27.67],[148.74,-27.68],[148.74,-27.69],[148.73,-27.69],[148.73,-27.7],[148.74,-27.71],[148.74,-27.72],[148.74,-27.73],[148.75,-27.73],[148.75,-27.74],[148.74,-27.74],[148.73,-27.75],[148.72,-27.75],[148.72,-27.76],[148.7,-27.77],[148.7,-27.78],[148.69,-27.78],[148.68,-27.79],[148.68,-27.8],[148.68,-27.81],[148.67,-27.81],[148.66,-27.81],[148.67,-27.82],[148.67,-27.83],[148.66,-27.83],[148.65,-27.83],[148.64,-27.83],[148.63,-27.83],[148.62,-27.83],[148.62,-27.84],[148.61,-27.83],[148.62,-27.82],[148.63,-27.81],[148.63,-27.8],[148.63,-27.79],[148.62,-27.79],[148.61,-27.8],[148.6,-27.81],[148.59,-27.81],[148.58,-27.81],[148.58,-27.8],[148.57,-27.8],[148.55,-27.8],[148.54,-27.81],[148.48,-27.83],[148.44,-27.86],[148.4,-27.87],[148.28,-27.78],[148.14,-27.72],[148.02,-27.71],[147.91,-27.71],[147.68,-27.7],[147.54,-27.7]]],[[[128.45,-30.11],[128.45,-30.13],[128.17,-30.13],[127.62,-30.24],[127.13,-30.37],[128.69,-30.34],[131.03,-30.77],[131.04,-30.64],[131.13,-30.5],[131.29,-30.28],[131.37,-30.23],[131.36,-30.22],[131.35,-30.22],[131.25,-30.21],[131.09,-30.2],[130.87,-30.18],[130.16,-30.12],[129.73,-30.11],[129.34,-30.09],[129.06,-30.1],[128.78,-30.11],[128.46,-30.13],[128.45,-30.11]]],[[[143.15,-38.75],[143.13,-38.71],[142.99,-38.66],[142.81,-38.64],[142.69,-38.6],[142.64,-38.54],[142.53,-38.47],[142.55,-38.4],[142.51,-38.41],[142.48,-38.43],[142.42,-38.46],[142.31,-38.46],[142.22,-38.46],[141.94,-38.39],[141.73,-38.37],[141.59,-38.43],[141.48,-38.45],[141.36,-38.42],[141.28,-38.34],[141.21,-38.23],[141.12,-38.17],[140.99,-38.09],[140.98,-38.09],[140.95,-38.07],[140.85,-38.08],[140.8,-38.09],[140.72,-38.1],[140.59,-38.05],[140.52,-38.02],[140.45,-37.97],[140.33,-37.87],[140.65,-38.16],[140.89,-38.3],[141.23,-38.46],[141.55,-38.53],[141.57,-38.48],[141.67,-38.41],[141.9,-38.43],[142.39,-38.57],[142.69,-38.67],[143.09,-38.87],[143.36,-38.97],[143.46,-38.96],[143.89,-38.76],[144.31,-38.57],[144.58,-38.5],[144.57,-38.41],[144.59,-38.38],[144.4,-38.4],[144.26,-38.44],[144.21,-38.44],[144.17,-38.49],[144.06,-38.57],[143.94,-38.69],[143.73,-38.83],[143.52,-38.91],[143.34,-38.89],[143.22,-38.86],[143.11,-38.77],[143.15,-38.75]]],[[[122.76,-16.74],[122.73,-16.72],[122.73,-16.65],[122.76,-16.6],[122.74,-16.58],[122.65,-16.74],[122.67,-16.74],[122.73,-16.74],[122.76,-16.74]]],[[[131.78,-16.43],[131.93,-16.44],[132.23,-16.31],[132.39,-16.19],[132.33,-16.11],[132.32,-15.96],[132.32,-15.89],[132.3,-15.98],[132.15,-16.23],[132.15,-16.09],[132.18,-15.98],[132.14,-15.94],[132.14,-16],[132.11,-16.11],[132.04,-16.23],[131.94,-16.31],[131.78,-16.43]]],[[[131.39,-16.7],[131.39,-16.77],[131.32,-16.86],[131.18,-17.09],[130.97,-17.39],[130.94,-17.39],[130.96,-17.48],[130.96,-17.73],[130.98,-17.87],[130.99,-17.88],[130.98,-17.83],[130.98,-17.55],[131.7,-16.5],[131.56,-16.6],[131.39,-16.7]]],[[[115.32,-22.4],[115.3,-22.4],[115.31,-22.41],[115.32,-22.4]]],[[[136.99,-35.4],[136.95,-35.47],[137.06,-35.46],[137.15,-35.45],[137.24,-35.38],[137.6,-35.38],[137.68,-35.33],[137.72,-35.21],[137.67,-35.25],[137.54,-35.31],[137.32,-35.34],[136.99,-35.4]]],[[[152.43,-27.75],[152.43,-27.77],[152.29,-27.77],[151.51,-27.84],[151.35,-27.84],[151.46,-27.95],[151.5,-28.11],[151.69,-28.32],[151.68,-28.25],[151.73,-28.19],[151.78,-28.16],[151.82,-28.13],[151.87,-28.04],[151.98,-27.99],[152.07,-27.97],[152.26,-27.97],[152.42,-27.97],[152.54,-27.99],[152.62,-27.95],[152.65,-27.88],[152.69,-27.82],[152.74,-27.75],[152.69,-27.75],[152.57,-27.75],[152.43,-27.75]]],[[[114.97,-30.32],[114.95,-30.31],[114.92,-30.2],[114.9,-30.13],[114.9,-30.14],[114.96,-30.52],[115.06,-30.8],[115.49,-31.55],[115.51,-31.44],[115.59,-31.41],[115.82,-31.42],[115.98,-31.42],[116.03,-31.42],[115.92,-31.37],[115.43,-31.39],[115.35,-31.25],[115.3,-31.14],[115.11,-30.78],[114.99,-30.4],[114.97,-30.34],[114.97,-30.32]]],[[[116.76,-30],[116.52,-29.6],[116.33,-29.25],[116.31,-29.25],[116.38,-29.38],[116.48,-29.59],[116.55,-29.74],[116.67,-29.95],[116.64,-30.01],[116.72,-30],[116.76,-30]]],[[[116.26,-31.43],[116.39,-31.47],[116.5,-31.51],[116.63,-31.57],[116.71,-31.66],[116.7,-31.83],[116.67,-31.99],[116.6,-32.14],[116.63,-32.14],[116.74,-32.19],[116.9,-32.22],[117.1,-32.28],[117.3,-32.31],[117.51,-32.38],[117.53,-32.38],[116.73,-32.12],[116.73,-31.6],[116.57,-31.53],[116.43,-31.47],[116.85,-30.07],[117.13,-30.38],[117.59,-30.6],[117.98,-30.69],[117.92,-30.67],[117.79,-30.57],[117.48,-30.42],[117.43,-30.4],[117.32,-30.36],[117.23,-30.3],[117.05,-30.22],[116.95,-30.12],[116.83,-30.05],[116.82,-30.1],[116.68,-30.41],[116.55,-30.85],[116.39,-31.39],[116.26,-31.43]]],[[[141.17,-17.49],[141.14,-17.48],[141.16,-17.49],[141.17,-17.49]]],[[[114.69,-21.95],[114.64,-21.98],[114.63,-22.02],[114.66,-22.22],[114.8,-22.34],[114.92,-22.42],[115.09,-22.44],[115.26,-22.43],[115.29,-22.4],[115.13,-22.4],[114.9,-22.19],[114.79,-22.06],[114.69,-21.95]]],[[[148.92,-26.09],[148.88,-26.09],[148.71,-26.07],[148.72,-26.08],[148.83,-26.12],[148.91,-26.18],[148.99,-26.24],[149.09,-26.26],[149.22,-26.32],[149.33,-26.3],[149.4,-26.32],[149.42,-26.32],[149.42,-26.29],[149.49,-26.18],[149.42,-26.19],[149.21,-26.19],[149.03,-26.16],[148.91,-26.12],[148.92,-26.09]]],[[[135.6,-35.11],[135.71,-35.21],[135.78,-35.11],[135.6,-35.11]]],[[[134.24,-33.27],[134.31,-33.3],[134.42,-33.29],[134.24,-33.27]]],[[[136.65,-34.12],[136.73,-34.06],[137.07,-33.95],[137.19,-33.8],[137.28,-33.59],[137.32,-33.52],[137.46,-33.31],[137.69,-33.18],[137.82,-33.07],[137.83,-33.02],[137.8,-33.01],[137.76,-32.99],[137.76,-33],[137.72,-33.11],[137.54,-33.17],[137.44,-33.28],[137.41,-33.36],[137.26,-33.6],[137.18,-33.76],[137.05,-33.87],[136.92,-33.93],[136.79,-33.95],[136.8,-33.95],[136.66,-34.1],[136.65,-34.12]]],[[[132.88,-12.78],[132.91,-12.78],[132.98,-12.77],[133.04,-12.77],[133.12,-12.78],[133.21,-12.8],[133.26,-12.81],[133.32,-12.83],[133.37,-12.83],[133.32,-12.81],[133.32,-12.73],[133.3,-12.67],[133.32,-12.58],[133.33,-12.48],[133.25,-12.33],[133.19,-12.24],[133.14,-12.2],[133.07,-12.15],[133.03,-12.12],[133.01,-12.08],[133.03,-12.03],[132.93,-12.09],[132.88,-12.17],[132.85,-12.22],[132.87,-12.24],[132.93,-12.34],[132.97,-12.44],[132.97,-12.54],[132.96,-12.65],[132.92,-12.68],[132.87,-12.73],[132.89,-12.77],[132.88,-12.78]]],[[[132.84,-12.83],[132.85,-12.84],[132.86,-12.81],[132.84,-12.83]]],[[[123.63,-17.21],[123.6,-17.16],[123.51,-17.11],[123.5,-17.32],[123.53,-17.38],[123.53,-17.39],[123.56,-17.21],[123.57,-17.17],[123.63,-17.21]]],[[[141.59,-13.15],[141.56,-13.39],[141.58,-13.36],[141.62,-13.35],[141.62,-13.26],[141.59,-13.15]]],[[[130.4,-13.38],[130.4,-13.39],[130.48,-13.42],[130.75,-13.49],[131.21,-13.56],[131.29,-13.57],[131.33,-13.62],[131.34,-13.64],[131.34,-13.63],[131.4,-13.5],[131.17,-13.45],[130.96,-13.44],[130.81,-13.41],[130.73,-13.39],[130.61,-13.37],[130.47,-13.37],[130.4,-13.38]]],[[[130.29,-13.43],[130.3,-13.43],[130.31,-13.42],[130.29,-13.43]]],[[[124.43,-32.94],[124.24,-33.01],[124.1,-33.17],[124,-33.42],[124.25,-33.14],[124.41,-33.05],[124.6,-33.02],[124.85,-32.95],[125.2,-32.77],[125.64,-32.56],[126.06,-32.43],[126.23,-32.41],[126.59,-32.42],[127.27,-32.38],[127.73,-32.27],[128.17,-32.15],[128.61,-31.95],[128.91,-31.86],[129.19,-31.8],[129.98,-31.77],[130.28,-31.77],[130.86,-31.73],[131.18,-31.64],[131.28,-31.63],[131.36,-31.67],[131.08,-31.49],[131.02,-31.55],[130.78,-31.62],[130.6,-31.59],[130.37,-31.59],[130.11,-31.57],[129.56,-31.61],[128.9,-31.71],[128.42,-31.94],[128,-32.08],[127.67,-32.14],[127.31,-32.27],[126.71,-32.3],[126.41,-32.28],[126.22,-32.23],[126.01,-32.27],[125.72,-32.41],[125.49,-32.56],[125.36,-32.6],[125.02,-32.73],[124.75,-32.9],[124.43,-32.94]]],[[[151.93,-32.84],[151.84,-32.89],[151.79,-32.97],[151.77,-33],[151.97,-32.96],[152.18,-32.88],[152.31,-32.7],[152.25,-32.74],[152.17,-32.81],[152.01,-32.84],[151.93,-32.84]]],[[[135.65,-14.51],[135.71,-14.46],[135.74,-14.42],[135.69,-14.46],[135.65,-14.51]]],[[[139.71,-17.96],[139.7,-17.94],[139.67,-17.95],[139.71,-17.96]]],[[[144.61,-38.03],[144.6,-38.05],[144.7,-38.09],[144.73,-38.08],[144.61,-38.03]]],[[[146.63,-38.88],[146.67,-38.87],[146.82,-38.84],[146.91,-38.72],[146.86,-38.74],[146.65,-38.76],[146.63,-38.76],[146.63,-38.87],[146.63,-38.88]]],[[[146.6,-19.34],[146.63,-19.27],[146.63,-19.26],[146.35,-19.1],[146.42,-19.18],[146.52,-19.27],[146.57,-19.33],[146.6,-19.34]]],[[[147.22,-19.91],[147.26,-19.91],[147.26,-19.89],[147.26,-19.82],[147.26,-19.75],[147.29,-19.7],[147.41,-19.65],[147.47,-19.65],[147.42,-19.65],[147.33,-19.68],[147.25,-19.71],[147.21,-19.86],[147.22,-19.91]]],[[[123.19,-34.04],[123.36,-34.04],[123.46,-33.99],[123.19,-34.04]]],[[[119.07,-33.99],[119.16,-34.1],[119.39,-34.33],[119.46,-34.4],[119.51,-34.34],[119.07,-33.99]]],[[[143.11,-12.25],[143.12,-12.24],[143.1,-12.24],[143.11,-12.25]]],[[[118.09,-33.28],[117.96,-33.32],[117.63,-33.5],[117.86,-33.39],[118.09,-33.28]]],[[[133.4,-12.85],[133.44,-12.88],[133.41,-12.85],[133.4,-12.85]]],[[[133.49,-12.9],[133.51,-12.91],[133.52,-12.91],[133.49,-12.9]]],[[[138.23,-35.73],[138.2,-35.76],[138.27,-35.83],[138.35,-35.87],[138.51,-35.84],[138.77,-35.79],[138.94,-35.7],[138.79,-35.66],[138.58,-35.69],[138.42,-35.72],[138.24,-35.74],[138.23,-35.73]]],[[[150.48,-35.47],[150.61,-35.39],[150.76,-35.25],[150.8,-35.15],[150.75,-35.2],[150.65,-35.24],[150.52,-35.38],[150.48,-35.47]]],[[[149.95,-37.08],[149.98,-37.08],[149.98,-37.05],[149.95,-37.08]]],[[[141.19,-38.05],[141.09,-38.02],[141.1,-38.02],[141.17,-38.05],[141.19,-38.05]]],[[[141.26,-38.04],[141.24,-38.06],[141.25,-38.06],[141.26,-38.04]]],[[[114.6,-28.72],[114.45,-28.65],[114.54,-28.78],[114.54,-28.77],[114.59,-28.72],[114.6,-28.72]]],[[[146.93,-38.71],[147.12,-38.66],[147.81,-38.23],[148.04,-38.1],[148.27,-38.03],[148.64,-38.01],[149.16,-37.97],[149.5,-37.93],[149.71,-37.79],[149.85,-37.64],[149.8,-37.67],[149.67,-37.76],[149.43,-37.81],[149.31,-37.81],[149.31,-37.83],[149.06,-37.87],[148.81,-37.86],[148.33,-37.9],[148.05,-37.95],[147.74,-38.05],[147.54,-38.21],[147.11,-38.56],[146.99,-38.69],[146.93,-38.71]]],[[[150.96,-34.56],[151,-34.5],[151.22,-34.21],[151.25,-34.06],[151.24,-34.07],[151.17,-34.15],[151.09,-34.23],[151.05,-34.28],[151,-34.35],[150.98,-34.4],[150.97,-34.47],[150.96,-34.56]]],[[[140,-37.62],[140.01,-37.64],[140.13,-37.72],[140.12,-37.71],[140,-37.62]]],[[[146.28,-19.01],[146.23,-18.92],[146.16,-18.7],[146.15,-18.71],[146.12,-18.79],[146.18,-18.89],[146.26,-18.99],[146.28,-19.01]]]]},"properties":{"NAME":"Australian aboriginal hunter-gatherers","SUBJECTO":"Australian aboriginal hunter-gatherers","BORDERPRECISION":1}},
{"type":"Feature","geometry":{"type":"MultiPolygon","coordinates":[[[[-1.07,32.45],[0.87,31.99],[6.27,31.87],[8.02,33.02],[8.77,33.19],[13.08,31.83],[13.17,31.73],[13.88,31.06],[13.67,26.14],[9.46,25.18],[9.67,24.22],[15.14,25.1],[15.63,30.52],[15.65,30.52],[17.58,30.34],[18.86,29.56],[19.97,29.72],[20.28,30.33],[20.36,30.34],[21.2,31.08],[22.12,31.08],[22.43,31.26],[26.17,30.32],[29.43,22.66],[30.35,22.11],[29.47,20.77],[29.47,19.17],[30.69,16.84],[31.67,15.86],[31.43,13.29],[31.67,11.58],[33.14,11.58],[34,13.66],[33.63,15.74],[34.61,18.07],[33.88,19.66],[32.16,20.64],[31.62,21.3],[31.64,21.28],[32.66,21],[35.25,21.37],[36.8,21.91],[36.66,22.17],[36.47,22.34],[36.29,22.57],[36.11,22.65],[35.75,22.91],[35.69,23.02],[35.58,23.23],[35.47,23.72],[35.49,23.79],[35.62,23.84],[35.72,23.91],[35.66,23.99],[35.45,24.15],[35.19,24.4],[35,24.72],[34.51,25.57],[34.1,26.35],[33.93,26.56],[33.8,26.93],[33.57,27.37],[33.35,27.91],[32.93,28.38],[32.65,28.77],[32.59,28.94],[32.32,29.54],[32.44,29.78],[32.65,29.85],[32.74,29.69],[32.81,29.48],[32.94,29.2],[33.18,29],[33.33,28.55],[33.5,28.33],[33.86,28.02],[34.06,27.79],[34.24,27.76],[34.32,27.83],[34.4,28.1],[34.55,28.73],[34.76,29.25],[34.94,29.42],[34.95,29.44],[34.98,29.47],[35.07,29.42],[35.1,29.34],[35.07,29.21],[35.03,28.95],[34.89,28.36],[34.8,28.23],[34.76,28.1],[34.88,28.1],[35.11,28.07],[35.44,27.73],[35.59,27.51],[35.83,27.1],[36.31,26.42],[36.33,26.4],[36.67,26.02],[37.01,25.53],[37.22,25.17],[37.27,24.97],[37.2,24.66],[37.42,24.4],[37.56,24.27],[37.78,24.21],[37.99,24.11],[38.33,23.83],[38.49,23.61],[38.92,22.87],[39.06,22.57],[39.1,22.4],[39.1,22],[39.13,21.65],[39.17,21.22],[39.53,20.69],[39.76,20.41],[40.34,20.1],[40.69,19.87],[40.82,19.68],[41.03,19.28],[41.4,18.44],[41.63,18.05],[42.01,17.74],[42.21,17.51],[42.54,17.07],[42.76,16.65],[42.81,16.4],[42.83,16.32],[42.88,15.98],[42.76,15.67],[42.8,15.47],[43.05,14.61],[43.21,14.08],[43.35,13.85],[43.38,13.57],[43.3,13.24],[43.34,13.13],[43.48,12.93],[43.56,12.86],[43.6,12.83],[43.84,12.66],[44.06,12.61],[44.44,12.64],[44.68,12.82],[44.79,12.81],[44.96,12.83],[45.19,12.93],[45.4,13.07],[45.52,13.21],[45.69,13.35],[45.83,13.41],[46.08,13.4],[46.6,13.4],[46.88,13.47],[46.71,13.94],[46.34,14.1],[45.26,13.83],[44.51,14.1],[43.49,16.62],[43.07,18.65],[41.92,20.77],[41.81,21.71],[41.07,22.26],[40.65,24.15],[38.81,24.84],[37.42,27.83],[37.36,27.96],[36.59,29.79],[36.52,31.16],[37.21,33.57],[38.04,34.6],[39.34,34.6],[40.03,34.39],[44.08,30.34],[44.84,29.99],[45.87,29.86],[46.91,29.44],[46.74,29.23],[46.51,28.97],[47.26,28.85],[47.44,28.83],[47.59,28.55],[47.67,28.44],[48.47,26.7],[49.4,26.08],[49.7,24.41],[50.57,23.85],[50.97,24.44],[50.91,24.43],[50.78,24.47],[50.71,24.56],[50.61,24.68],[50.62,24.87],[50.43,25.18],[50.38,25.46],[50.21,25.59],[50.15,25.54],[50.01,25.84],[49.94,25.96],[49.99,26.04],[50.08,26.31],[49.93,26.48],[49.98,26.6],[50.09,26.61],[50.12,26.74],[49.93,26.93],[49.53,27.01],[49.43,27.13],[49.32,27.16],[49.24,27.29],[49.15,27.37],[49.24,27.48],[49.13,27.54],[48.86,27.52],[48.83,27.57],[48.75,27.87],[48.59,28.09],[48.46,28.39],[48.44,28.44],[48.13,29.27],[47.99,29.28],[47.8,29.18],[47.61,29.27],[47.84,29.5],[48,29.49],[47.94,29.8],[47.91,29.89],[47.96,29.95],[48.03,29.97],[48.21,29.95],[48.51,29.99],[48.55,29.99],[48.71,30],[48.8,30.08],[48.95,30.39],[49.02,30.43],[49.22,30.48],[49.24,30.22],[49.32,30.1],[49.45,30.08],[49.48,30.05],[49.56,34.26],[50.47,36.75],[50.25,36.89],[50.11,37.1],[50.04,37.22],[49.85,37.27],[49.48,37.29],[49.06,37.4],[48.84,37.51],[48.74,37.73],[48.81,37.99],[48.83,38.31],[48.82,38.31],[48.99,38.72],[48.95,38.84],[49,38.88],[49.05,38.93],[49.02,39.01],[49.04,39.14],[49.12,39.19],[49.18,39.14],[49.22,39.04],[49.28,39.02],[49.31,39.13],[49.34,39.28],[49.38,39.33],[49.49,39.29],[49.5,39.38],[49.4,39.49],[49.45,39.66],[49.49,39.76],[49.54,39.88],[49.55,40.09],[49.57,40.18],[49.67,40.24],[49.85,40.27],[49.91,40.33],[50.03,40.35],[50.13,40.35],[50.31,40.33],[50.47,40.26],[50.47,40.33],[50.42,40.41],[50.32,40.5],[50.19,40.57],[50.02,40.6],[49.81,40.58],[49.61,40.69],[49.61,40.76],[49.48,40.84],[49.35,40.95],[49.29,41.06],[49.24,41.29],[49.12,41.43],[49,41.52],[48.89,41.69],[48.68,41.84],[48.66,41.9],[48.5,41.93],[48.42,42.09],[48.22,42.28],[48.13,42.41],[47.97,42.59],[47.84,42.62],[47.79,42.85],[47.74,42.9],[47.57,43.01],[47.58,43.19],[47.66,43.28],[47.6,43.32],[47.57,43.5],[47.67,43.66],[47.74,43.86],[47.66,43.85],[47.61,43.75],[47.57,43.6],[47.52,43.51],[47.49,43.58],[47.19,43.38],[47.25,42.78],[48.22,41.47],[48.2,41.46],[48.06,41.31],[47.99,41.22],[47.82,41.2],[47.62,41.26],[47.35,41.3],[47.35,41.44],[47.22,41.57],[47.17,41.57],[47.13,41.62],[46.91,41.75],[46.85,41.84],[46.77,41.84],[46.67,41.81],[46.66,41.89],[46.56,41.88],[46.5,41.96],[46.39,42],[46.29,41.98],[46.16,42.01],[46.04,42.05],[45.91,42.12],[45.75,42.25],[45.81,42.39],[45.86,42.47],[45.81,42.54],[45.65,42.55],[45.48,42.55],[45.38,42.62],[45.3,42.68],[45.2,42.68],[45.14,42.72],[45.03,42.77],[44.98,42.77],[44.94,42.74],[44.87,42.67],[44.79,42.73],[44.67,42.76],[44.51,42.76],[44.41,42.73],[44.37,42.69],[44.3,42.61],[44.17,42.61],[44.05,42.56],[43.96,42.59],[42.88,41.55],[42.69,41.56],[42.35,41.4],[42.25,41.37],[42.03,41.4],[41.48,41.44],[41.29,41.29],[40.61,41.03],[40.36,40.96],[40.01,40.96],[39.66,41],[39.37,41.06],[39.14,41.04],[38.65,40.92],[38.31,40.92],[37.82,41.01],[37.25,41.03],[36.82,41.29],[36.64,41.31],[36.38,41.24],[36.16,41.35],[35.96,41.69],[35.68,41.62],[35.41,41.63],[35.29,41.67],[35.1,41.81],[35,42.04],[34.66,41.88],[34.3,41.89],[33.9,41.95],[33.56,41.98],[33.16,41.95],[32.69,41.85],[32.42,41.75],[31.87,41.49],[31.67,41.39],[31.39,41.29],[31.4,41.16],[31.22,41.05],[30.74,41.04],[30.26,41.18],[30.14,41.13],[29.58,41.15],[29.16,41.22],[29.01,40.98],[29.29,40.81],[29.32,40.74],[29.42,40.74],[29.68,40.75],[29.88,40.75],[29.71,40.69],[29.53,40.69],[28.9,40.62],[28.78,40.52],[28.87,40.47],[29.08,40.46],[29.12,40.41],[29.05,40.33],[28.93,40.36],[28.76,40.38],[28.48,40.4],[28,40.36],[27.91,40.35],[28.01,40.45],[27.95,40.49],[27.81,40.5],[27.68,40.46],[27.8,40.4],[27.83,40.35],[27.76,40.29],[27.53,40.3],[27.45,40.31],[27.33,40.36],[27.27,40.45],[27.06,40.43],[27,40.37],[26.77,40.38],[26.48,40.19],[26.4,40.18],[26.32,39.99],[26.19,40],[26.13,39.88],[26.14,39.75],[26.14,39.66],[26.08,39.6],[26.06,39.46],[26.14,39.44],[26.55,39.51],[26.8,39.57],[26.96,39.55],[26.93,39.48],[26.85,39.46],[26.72,39.34],[26.6,39.26],[26.7,39.25],[26.71,39.18],[26.8,39.13],[26.87,39.06],[26.79,39.02],[26.79,38.94],[26.94,38.92],[27,38.88],[27.03,38.82],[26.97,38.77],[26.71,38.7],[26.7,38.64],[26.83,38.58],[26.82,38.53],[27,38.4],[26.74,38.28],[26.53,38.42],[26.47,38.44],[26.39,38.22],[26.39,38.1],[26.51,38.07],[26.68,38.1],[26.96,37.95],[27.14,37.89],[27.18,37.77],[27.14,37.65],[27.12,37.49],[27.16,37.36],[27.36,37.33],[27.49,37.24],[27.53,37.13],[27.27,37.04],[27.31,36.92],[27.55,36.91],[28,36.91],[28.05,36.83],[27.94,36.76],[27.91,36.7],[28.01,36.53],[28.27,36.71],[28.47,36.74],[28.81,36.54],[29,36.69],[29.3,36.17],[29.47,36.09],[29.66,36.08],[30.17,36.19],[30.28,36.12],[30.39,36.12],[30.47,36.19],[30.5,36.37],[30.54,36.65],[30.59,36.76],[30.91,36.79],[31.37,36.71],[31.9,36.5],[32.33,36.13],[32.64,36.01],[32.9,35.98],[33.17,35.97],[33.48,36.05],[33.75,36.15],[33.83,36.07],[33.84,36.11],[33.89,36.14],[33.95,36.16],[33.95,36.25],[34.1,36.38],[34.49,36.63],[34.66,36.65],[34.87,36.58],[35.07,36.49],[35.22,36.39],[35.35,36.41],[35.39,36.45],[35.42,36.43],[35.49,36.44],[35.55,36.54],[35.51,36.56],[35.57,36.59],[35.67,36.61],[35.89,36.77],[35.96,36.75],[36.08,36.62],[36.1,36.56],[36.1,36.48],[35.82,36.3],[35.71,36.21],[35.66,36.13],[35.72,36.09],[35.83,35.88],[35.86,35.83],[35.74,35.69],[35.69,35.69],[35.73,35.59],[35.68,35.53],[35.66,35.46],[35.61,35.42],[35.8,35.27],[35.84,35.04],[35.81,35.01],[35.75,34.75],[35.85,34.49],[35.87,34.42],[35.82,34.34],[35.72,34.31],[35.53,34.12],[35.52,33.97],[35.49,33.83],[35.43,33.74],[35.35,33.74],[35.36,33.64],[35.21,33.33],[35.13,33.23],[35.09,33.07],[34.97,32.94],[34.96,32.8],[34.96,32.7],[34.89,32.66],[34.84,32.67],[34.76,32.3],[34.68,32.05],[34.6,31.82],[34.5,31.62],[34.2,31.24],[34.15,31.21],[33.92,31.07],[33.71,31],[33.56,30.97],[33.25,31.03],[33.13,31.05],[33.02,31.13],[32.77,30.95],[32.6,30.96],[32.31,31.08],[32.08,31.01],[31.81,31.18],[31.72,31.39],[31.39,31.44],[31.15,31.44],[31,31.47],[30.83,31.44],[30.48,31.32],[30.1,31.23],[29.68,31.05],[29.36,30.81],[29.25,30.75],[28.97,30.78],[28.52,30.96],[28.1,31],[27.92,31],[27.76,31.18],[27.44,31.25],[27.09,31.31],[26.82,31.36],[26.14,31.49],[25.79,31.49],[25.51,31.44],[25.26,31.44],[25.11,31.51],[24.98,31.65],[24.95,31.82],[24.82,31.91],[24.24,31.93],[24.03,31.94],[23.74,32.06],[23.71,32.08],[23.29,32.13],[23.15,32.14],[23.03,32.25],[23.01,32.48],[22.92,32.56],[22.54,32.72],[22.22,32.79],[21.67,32.82],[21.05,32.63],[20.77,32.5],[20.52,32.39],[20.37,32.3],[20.07,32.04],[19.96,31.8],[19.94,31.61],[19.99,31.35],[20.12,31.07],[20.12,30.96],[19.98,30.72],[19.66,30.44],[19.32,30.26],[19.12,30.2],[18.92,30.2],[18.89,30.22],[18.54,30.41],[17.96,30.77],[17.71,30.89],[17.42,31],[16.98,31.1],[16.78,31.13],[16.32,31.17],[16.01,31.23],[15.84,31.29],[15.53,31.55],[15.36,31.81],[15.24,32.17],[15.16,32.27],[15.01,32.36],[14.79,32.36],[14.43,32.46],[14.16,32.68],[13.46,32.78],[13.19,32.79],[12.8,32.73],[12.56,32.74],[12.12,32.88],[11.47,33.14],[11.21,33.25],[11.1,33.54],[10.96,33.58],[10.78,33.47],[10.65,33.5],[10.41,33.63],[10.15,33.88],[10.02,34.08],[10.12,34.23],[10.57,34.65],[10.84,34.8],[11.08,35.15],[11.13,35.24],[10.99,35.62],[10.83,35.68],[10.6,35.89],[10.51,36.09],[10.51,36.21],[10.63,36.42],[10.92,36.65],[11.04,36.91],[11.02,37.07],[10.84,36.99],[10.58,36.79],[10.39,36.72],[10.27,36.75],[10.16,37],[10.13,37.1],[10.02,37.2],[9.73,37.28],[9.42,37.28],[9.15,37.17],[8.87,36.97],[8.64,36.89],[8.15,36.81],[7.91,36.78],[7.79,36.83],[7.72,36.95],[7.54,37.04],[7.31,37.06],[7.2,36.99],[7.06,36.88],[6.92,36.82],[6.77,36.86],[6.32,37.09],[6.05,36.84],[5.73,36.75],[5.38,36.67],[5.14,36.67],[4.78,36.74],[4.63,36.79],[4.53,36.81],[4.39,36.84],[4.16,36.83],[3.74,36.84],[3.59,36.79],[3.32,36.65],[3.07,36.62],[2.81,36.71],[2.52,36.57],[2.29,36.54],[1.58,36.51],[1.06,36.46],[0.78,36.38],[0.47,36.22],[0.2,36.03],[0.02,35.8],[-0.09,35.74],[-0.2,35.75],[-0.28,35.76],[-0.43,35.86],[-0.73,35.74],[-0.92,35.67],[-1.15,35.63],[-1.33,35.49],[-1.5,35.23],[-1.74,35.12],[-2.04,35.05],[-2.19,35.05],[-2.08,34.83],[-1.82,34.7],[-1.74,34.61],[-1.66,34.21],[-1.67,33.83],[-1.68,33.26],[-1.61,33.05],[-1.34,32.69],[-1.11,32.55],[-1.08,32.45],[-1.07,32.45]]],[[[40.63,46.69],[40.51,47.44],[39.26,48.44],[37.88,49.19],[36.4,49.04],[36.01,49],[34.16,47.81],[32.87,48.19],[29.32,48.29],[27.65,48.75],[27.49,48.75],[27.49,48.67],[27.11,48.83],[27.11,48.64],[26.99,48.68],[26.52,48.83],[26.16,48.94],[25.67,48.69],[24.16,48.99],[23.89,49.26],[21.77,49.59],[21.77,49.74],[21.32,49.86],[21.29,49.77],[21.14,49.83],[20.98,49.74],[20.89,49.83],[20.8,49.83],[20.89,49.74],[20.68,49.65],[20.53,49.8],[20.35,49.74],[20.02,49.8],[19.89,49.47],[19.71,49.53],[19.56,49.53],[19.56,49.71],[19.38,49.8],[19.14,49.71],[19.11,49.59],[18.93,49.62],[18.52,49.56],[18.25,49.18],[18.22,48.99],[18.31,48.28],[18.19,48.06],[17.52,47.64],[16.54,46.36],[16.45,46.1],[16.21,46.15],[16.08,45.89],[16.21,45.73],[16.12,45.58],[15.47,45.73],[15.42,45.43],[14.88,45.48],[14.8,45.86],[14.53,45.78],[14.35,45.32],[14.52,45.27],[14.82,45.08],[14.95,44.93],[14.91,44.72],[14.99,44.54],[15.29,44.33],[15.55,44.23],[15.27,44.24],[15.15,44.24],[15.41,43.93],[15.49,43.89],[15.75,44.1],[16.18,43.91],[16.7,43.85],[16.71,43.77],[16.64,43.39],[16.99,43.32],[17.05,43.47],[17.16,43.39],[17.33,43.34],[17.3,43.08],[17.55,42.92],[17.6,42.89],[17.65,42.86],[18,42.69],[18.25,42.53],[18.51,42.36],[18.53,42.35],[18.91,42.22],[19.14,42],[19.14,41.93],[19.34,41.86],[19.37,41.85],[19.46,41.8],[19.61,41.76],[19.62,41.56],[19.5,41.52],[19.42,41.35],[19.53,41.22],[19.45,40.96],[19.53,40.87],[19.34,40.59],[19.49,40.4],[19.48,40.3],[19.38,40.32],[19.37,40.26],[19.8,40.02],[20.03,39.81],[20.09,39.6],[20.12,39.55],[20.21,39.4],[20.68,39.08],[20.9,39.06],[21.01,39.11],[21.16,39],[21.1,38.92],[21.01,38.87],[20.89,38.9],[20.77,38.85],[21.17,38.35],[21.36,38.41],[21.66,38.44],[21.83,38.46],[22.33,38.43],[22.88,38.2],[23,38.18],[23.12,38.16],[22.9,38],[22.75,37.95],[22,38.25],[21.91,38.27],[21.71,38.14],[21.44,38.18],[21.23,37.9],[21.22,37.83],[21.3,37.73],[21.52,37.54],[21.61,37.41],[21.63,37.31],[21.53,37.12],[21.59,36.98],[21.78,36.82],[21.98,37.02],[22.19,36.86],[22.39,36.52],[22.52,36.72],[22.67,36.75],[22.98,36.61],[22.89,37.05],[22.79,37.14],[22.81,37.21],[22.73,37.29],[22.64,37.49],[22.64,37.58],[22.71,37.54],[22.94,37.52],[23.03,37.48],[22.97,37.39],[23.11,37.35],[23.19,37.37],[23.18,37.43],[23.42,37.47],[23.31,37.55],[23.32,37.64],[23.22,37.6],[23.15,37.59],[23.05,37.64],[23.05,37.77],[23.04,37.86],[22.9,37.9],[22.98,37.96],[23.2,38.01],[23.42,38.07],[23.5,38.07],[23.54,38],[23.63,37.88],[23.73,37.86],[23.84,37.68],[23.92,37.68],[23.99,37.76],[23.88,38.12],[23.97,38.15],[23.96,38.21],[23.8,38.35],[23.68,38.35],[23.56,38.35],[23.49,38.48],[23.36,38.49],[23.19,38.61],[23.17,38.67],[23.1,38.67],[22.98,38.67],[22.9,38.77],[22.72,38.79],[22.6,38.86],[22.49,38.88],[22.78,38.94],[22.87,39.02],[22.83,39.17],[22.77,39.2],[22.72,39.29],[22.85,39.37],[22.92,39.35],[22.98,39.33],[23.05,39.27],[23.1,39.19],[23.05,39.1],[23.16,39.14],[23.24,39.2],[23.07,39.41],[22.81,39.6],[22.75,39.82],[22.7,39.83],[22.56,39.99],[22.53,40.06],[22.47,40.12],[22.49,40.23],[22.6,40.4],[22.49,40.5],[22.7,40.58],[22.77,40.67],[22.85,40.65],[22.88,40.6],[22.86,40.54],[22.75,40.48],[22.96,40.31],[23.14,40.27],[23.21,40.18],[23.28,40.05],[23.26,39.97],[23.37,39.96],[23.6,39.93],[23.64,39.96],[23.59,40],[23.52,40.02],[23.44,40.04],[23.37,40.11],[23.32,40.16],[23.26,40.23],[23.29,40.25],[23.29,40.29],[23.35,40.28],[23.44,40.26],[23.6,40.19],[23.8,39.99],[23.91,40],[23.92,40.06],[23.87,40.16],[23.8,40.16],[23.65,40.23],[23.66,40.29],[23.63,40.35],[23.72,40.35],[23.77,40.39],[23.92,40.35],[24.05,40.31],[24.05,40.26],[24.22,40.14],[24.3,40.18],[23.92,40.45],[23.79,40.48],[23.71,40.63],[23.63,40.71],[23.63,40.77],[23.75,40.8],[23.89,40.73],[24.03,40.75],[24.22,40.83],[24.35,40.97],[24.5,40.98],[24.52,40.87],[24.7,40.88],[24.81,40.93],[25.02,41.02],[25.05,40.95],[25.3,40.9],[25.64,40.88],[25.99,40.85],[26.02,40.67],[26.12,40.6],[26.42,40.58],[26.45,40.58],[26.56,40.5],[26.46,40.43],[26.19,40.3],[26.22,40.22],[26.21,40.16],[26.14,40.04],[26.26,40.08],[26.38,40.21],[26.51,40.28],[26.61,40.4],[26.89,40.52],[27.26,40.67],[27.31,40.79],[27.47,40.96],[27.93,40.96],[28.03,41.03],[28.17,41.06],[28.6,40.95],[28.83,40.91],[28.96,40.99],[29.08,41.2],[29.01,41.25],[28.74,41.32],[28.37,41.43],[28.1,41.59],[28.07,41.62],[28.02,41.75],[28.03,41.88],[27.92,41.98],[27.91,42.08],[27.74,42.25],[27.72,42.32],[27.61,42.42],[27.49,42.4],[27.5,42.52],[27.65,42.68],[27.84,42.74],[27.87,42.8],[27.89,43.06],[28.03,43.39],[28.19,43.45],[28.33,43.44],[28.45,43.48],[28.48,43.59],[28.51,43.74],[28.53,43.84],[28.57,44.2],[28.69,44.49],[28.92,44.77],[29.09,44.88],[29.26,44.9],[29.46,44.92],[29.58,45.06],[29.71,45.26],[29.68,45.37],[29.62,45.41],[29.54,45.45],[29.5,45.52],[29.63,45.75],[29.73,45.77],[30.07,45.86],[30.43,46.18],[30.52,46.25],[30.83,46.58],[31.09,46.64],[31.54,46.7],[31.78,46.7],[31.95,46.86],[32.19,46.59],[31.93,46.41],[32.11,46.22],[32.2,46.17],[32.52,46.13],[32.97,46.15],[33.33,46.17],[33.53,46.13],[33.64,45.93],[33.54,45.87],[33.19,45.79],[32.9,45.67],[32.5,45.45],[32.58,45.36],[32.64,45.38],[32.93,45.39],[33.01,45.38],[33.4,45.25],[33.52,45.12],[33.56,44.94],[33.4,44.6],[33.66,44.52],[34.01,44.49],[34.13,44.54],[34.37,44.76],[34.61,44.84],[35.07,44.86],[35.39,45.08],[35.6,45.1],[35.87,45.03],[36,45.04],[36.26,45.1],[36.37,45.16],[36.42,45.27],[36.52,45.39],[36.32,45.44],[35.85,45.45],[35.55,45.38],[35.32,45.32],[35.06,45.34],[34.99,45.45],[35.03,45.53],[35.01,45.61],[34.13,46.06],[33.84,46.19],[34.06,46.26],[34.5,46.28],[34.69,46.25],[34.91,46.27],[35.05,46.36],[35.21,46.64],[35.42,46.49],[35.62,46.52],[35.85,46.66],[36.35,46.78],[36.86,46.81],[37.19,46.89],[37.42,47.08],[37.86,47.1],[38.21,47.15],[38.8,47.23],[39.16,47.27],[39.19,47.24],[39.28,47.07],[38.72,46.88],[38.4,46.72],[38.03,46.67],[37.87,46.66],[37.76,46.6],[37.97,46.44],[38.26,46.32],[38.46,46.08],[38.23,46.02],[37.99,46.01],[37.87,45.79],[37.71,45.58],[37.66,45.35],[37.46,45.31],[37.23,45.31],[36.96,45.23],[37.32,44.92],[37.47,44.69],[39.63,45.69],[40.38,45.44],[40.63,46.69]]],[[[38.53,18.16],[38.31,18.25],[38.03,18.48],[37.76,18.64],[37.48,18.82],[37.4,18.92],[37.25,19.65],[37.17,20.76],[36.7,20.4],[35.96,19.42],[36.45,18.07],[37.43,17.7],[38.53,18.16]]],[[[25.77,36.34],[25.87,36.36],[25.79,36.4],[25.74,36.39],[25.71,36.35],[25.77,36.34]]],[[[25.49,36.33],[25.49,36.42],[25.37,36.5],[25.33,36.46],[25.32,36.4],[25.39,36.32],[25.49,36.33]]],[[[26.02,36.96],[25.95,36.91],[25.86,36.84],[25.75,36.81],[25.75,36.78],[25.83,36.78],[25.96,36.84],[26.09,36.9],[26.02,36.96]]],[[[24.68,36.76],[24.59,36.87],[24.43,36.8],[24.3,36.75],[24.47,36.65],[24.68,36.76]]],[[[24.98,36.64],[24.88,36.68],[24.82,36.66],[24.82,36.64],[24.95,36.57],[24.98,36.64]]],[[[25.1,36.64],[25.2,36.67],[25.17,36.74],[25.04,36.66],[25.06,36.62],[25.1,36.64]]],[[[25.43,36.7],[25.3,36.81],[25.25,36.76],[25.24,36.75],[25.26,36.7],[25.39,36.64],[25.43,36.7]]],[[[24.43,37.21],[24.44,37.1],[24.53,37.12],[24.43,37.21]]],[[[24.26,37.54],[24.38,37.57],[24.4,37.67],[24.3,37.66],[24.26,37.54]]],[[[24.36,37.4],[24.36,37.31],[24.49,37.4],[24.4,37.47],[24.36,37.4]]],[[[24.85,37.37],[25.04,37.38],[24.95,37.51],[24.86,37.53],[24.85,37.37]]],[[[25.47,37.44],[25.27,37.56],[24.76,38],[24.66,37.9],[24.92,37.69],[25.32,37.4],[25.47,37.44]]],[[[24.68,36.9],[24.79,36.95],[24.72,37.05],[24.65,37.01],[24.68,36.9]]],[[[25.11,36.94],[25.31,37],[25.31,37.2],[25.15,37.17],[24.94,36.96],[25.11,36.94]]],[[[25.6,37.03],[25.61,37.12],[25.54,37.22],[25.38,37.12],[25.34,37.09],[25.36,37.01],[25.45,36.92],[25.55,36.96],[25.6,37.03]]],[[[27.73,35.91],[27.77,35.89],[27.78,35.89],[27.79,35.89],[27.8,35.89],[27.84,35.91],[27.87,35.93],[27.89,35.96],[27.9,35.98],[27.91,35.99],[27.93,36.02],[27.95,36.03],[27.96,36.04],[28.01,36.07],[28.06,36.11],[28.12,36.19],[28.14,36.21],[28.19,36.3],[28.21,36.34],[28.24,36.43],[28.23,36.44],[28.23,36.45],[28.22,36.46],[28.21,36.46],[28.21,36.45],[28.21,36.44],[28.11,36.42],[28.07,36.4],[27.91,36.34],[27.9,36.33],[27.88,36.32],[27.81,36.27],[27.8,36.27],[27.79,36.25],[27.72,36.17],[27.74,36.1],[27.73,35.98],[27.72,35.95],[27.72,35.94],[27.72,35.93],[27.73,35.92],[27.73,35.91]]],[[[26.92,36.95],[26.94,36.93],[26.95,36.93],[26.97,36.92],[26.98,36.92],[27.05,36.94],[27.05,36.95],[27.05,36.99],[26.99,37.04],[26.96,37.06],[26.89,37.08],[26.89,37.07],[26.88,37.07],[26.92,36.95]]],[[[26.95,36.68],[26.97,36.67],[26.97,36.68],[26.97,36.7],[26.97,36.74],[26.98,36.75],[26.99,36.75],[27.03,36.76],[27.04,36.77],[27.22,36.82],[27.24,36.83],[27.28,36.83],[27.3,36.84],[27.33,36.84],[27.34,36.85],[27.36,36.86],[27.36,36.87],[27.35,36.87],[27.35,36.88],[27.34,36.89],[27.28,36.9],[27.18,36.89],[27.17,36.89],[27.15,36.88],[27.06,36.84],[26.92,36.76],[26.92,36.72],[26.92,36.71],[26.95,36.68]]],[[[26.85,37.1],[26.86,37.1],[26.89,37.1],[26.89,37.11],[26.87,37.15],[26.86,37.18],[26.82,37.19],[26.79,37.19],[26.78,37.19],[26.77,37.18],[26.77,37.17],[26.82,37.11],[26.85,37.1]]],[[[32.82,34.54],[32.91,34.54],[32.91,34.64],[32.96,34.66],[33.13,34.68],[33.48,34.8],[33.54,34.94],[33.69,34.93],[33.73,34.91],[33.79,34.96],[33.92,34.95],[33.77,35.13],[33.78,35.21],[34.05,35.41],[34.24,35.51],[34.46,35.64],[34.22,35.57],[33.91,35.44],[33.54,35.33],[33.37,35.31],[33.08,35.32],[32.8,35.36],[32.82,35.28],[32.78,35.15],[32.74,35.11],[32.6,35.16],[32.48,35.15],[32.3,35.02],[32.23,35.01],[32.18,35.06],[32.14,35.04],[32.2,34.86],[32.27,34.81],[32.27,34.72],[32.36,34.68],[32.6,34.61],[32.78,34.63],[32.82,34.54]]],[[[23.67,35.67],[23.67,35.61],[23.67,35.57],[23.53,35.57],[23.47,35.32],[23.51,35.28],[23.57,35.25],[23.79,35.26],[24.01,35.21],[24.32,35.21],[24.69,35.09],[24.72,35.03],[24.69,34.94],[25.59,35.02],[25.74,35.01],[25.9,35.05],[26.16,35.02],[26.24,35.14],[26.24,35.23],[26.27,35.31],[26.17,35.25],[26.1,35.22],[26.06,35.24],[25.94,35.21],[25.79,35.14],[25.74,35.14],[25.67,35.19],[25.71,35.33],[25.67,35.35],[25.51,35.29],[25.37,35.32],[25.1,35.35],[25.01,35.36],[25,35.42],[24.77,35.43],[24.39,35.37],[24.23,35.39],[24.22,35.45],[24.18,35.47],[24.11,35.49],[24.07,35.5],[24.09,35.52],[24.14,35.52],[24.15,35.56],[24.08,35.61],[24.03,35.6],[24.04,35.56],[23.96,35.53],[23.88,35.55],[23.74,35.56],[23.73,35.63],[23.7,35.7],[23.67,35.67]]],[[[23.24,39.04],[23.01,38.96],[22.87,38.84],[23.12,38.87],[23.46,38.62],[23.64,38.52],[23.6,38.46],[23.66,38.4],[24.03,38.39],[24.19,38.15],[24.31,37.99],[24.53,37.97],[24.59,38.15],[24.29,38.19],[24.21,38.55],[24.13,38.65],[23.79,38.72],[23.41,38.94],[23.24,39.04]]]]},"properties":{"NAME":"Ottoman Empire","SUBJECTO":"Ottoman Empire","BORDERPRECISION":1}},
{"type":"Feature","geometry":{"type":"Polygon","coordinates":[[[120.35,24.03],[120.31,23.95],[120.28,23.9],[120.28,23.89],[120.24,23.83],[120.22,23.82],[120.2,23.79],[120.19,23.78],[120.12,23.63],[120.11,23.62],[120.11,23.61],[120.12,23.57],[120.12,23.51],[120.13,23.51],[120.13,23.49],[120.13,23.47],[120.15,23.4],[120.15,23.39],[120.15,23.33],[120.15,23.32],[120.14,23.32],[120.13,23.32],[120.11,23.29],[120.1,23.27],[120.08,23.23],[120.06,23.16],[120.06,23.15],[120.06,23.14],[120.07,23.14],[120.08,23.13],[120.09,23.13],[120.09,23.12],[120.1,23.09],[120.1,23.08],[120.09,23.08],[120.07,23.08],[120.06,23.08],[120.05,23.07],[120.05,23.06],[120.05,23.05],[120.05,23.04],[120.06,23.04],[120.06,23.03],[120.11,23.01],[120.14,23.02],[120.16,22.95],[120.17,22.91],[120.17,22.88],[120.2,22.79],[120.21,22.77],[120.23,22.74],[120.25,22.69],[120.25,22.68],[120.24,22.66],[120.24,22.65],[120.24,22.64],[120.25,22.63],[120.26,22.62],[120.27,22.61],[120.3,22.6],[120.31,22.57],[120.32,22.55],[120.33,22.54],[120.33,22.53],[120.33,22.52],[120.32,22.53],[120.31,22.54],[120.31,22.55],[120.3,22.56],[120.3,22.55],[120.31,22.54],[120.33,22.52],[120.34,22.51],[120.35,22.5],[120.38,22.48],[120.39,22.48],[120.42,22.48],[120.42,22.47],[120.43,22.47],[120.44,22.45],[120.48,22.43],[120.49,22.43],[120.51,22.42],[120.55,22.38],[120.57,22.37],[120.58,22.36],[120.61,22.31],[120.62,22.3],[120.63,22.28],[120.67,22.18],[120.68,22.17],[120.69,22.12],[120.69,22.1],[120.69,22.05],[120.7,21.95],[120.7,21.94],[120.71,21.93],[120.72,21.93],[120.82,21.93],[120.88,22.03],[120.88,22.04],[120.88,22.1],[120.88,22.23],[120.87,22.27],[120.87,22.29],[120.87,22.32],[120.88,22.34],[120.96,22.54],[120.97,22.57],[121.01,22.63],[121.03,22.66],[121.08,22.71],[121.11,22.72],[121.12,22.72],[121.13,22.73],[121.14,22.74],[121.17,22.76],[121.26,22.9],[121.36,23.09],[121.45,23.33],[121.47,23.4],[121.48,23.41],[121.48,23.42],[121.5,23.49],[121.54,23.7],[121.56,23.79],[121.38,23.75],[121.01,23.64],[120.66,22.71],[120.49,22.88],[120.68,23.86],[120.67,23.86],[120.35,24.03]]]},"properties":{"NAME":"Dutch Formosa","SUBJECTO":"Netherlands","BORDERPRECISION":3}},
{"type":"Feature","geometry":{"type":"MultiPolygon","coordinates":[[[[-172.72,65.76],[-172.18,65.59],[-171.73,65.61],[-171.2,65.56],[-171.41,65.71],[-171.61,65.81],[-171.67,65.89],[-170.98,65.68],[-170.61,66.04],[-170.45,66.05],[-169.99,66.01],[-169.83,66.02],[-169.87,66.08],[-170.07,66.18],[-170.33,66.26],[-170.47,66.29],[-171.23,66.6],[-171.54,66.76],[-171.96,66.96],[-172.38,67.01],[-172.83,66.96],[-173.17,66.99],[-173.43,67.03],[-173.87,67.16],[-174.34,67.08],[-174.37,66.94],[-174.38,66.7],[-174.09,66.52],[-174.07,66.44],[-174.2,66.37],[-174.19,66.29],[-174.64,66.4],[-175.1,66.77],[-175.01,66.96],[-175.19,67.31],[-175.39,67.51],[-175.42,67.6],[-175.51,67.67],[-175.99,67.85],[-177.71,68.29],[-178.13,68.37],[-178.89,68.64],[-180,68.92],[-180,67.96],[-180,66.96],[-180,65.96],[-180,65.38],[-180,65.31],[-180,65.26],[-179.58,65.81],[-179.38,66],[-178.98,66.05],[-178.7,65.83],[-178.63,65.69],[-178.65,65.54],[-178.12,65.48],[-177.51,65.52],[-177.13,65.62],[-176.78,65.64],[-176.53,65.61],[-176.14,65.46],[-175.99,65.27],[-176.07,65.19],[-175.95,65.01],[-175.83,64.93],[-175.3,64.73],[-175.19,64.85],[-174.38,64.62],[-174.26,64.46],[-173.72,64.38],[-173.54,64.42],[-173.08,64.38],[-173.03,64.51],[-173.25,64.9],[-173.17,64.97],[-172.8,65],[-172.44,65.02],[-172.41,65.17],[-172.47,65.38],[-172.56,65.51],[-172.81,65.63],[-172.85,65.63],[-172.98,65.75],[-173.04,65.81],[-172.72,65.76]]],[[[169.01,68.93],[147.78,60.93],[147.44,59.24],[147.92,59.26],[148.1,59.21],[148.42,59.1],[148.63,59.19],[148.75,59.3],[148.73,59.48],[149.05,59.59],[149.38,59.61],[149.73,59.6],[150.12,59.39],[150.28,59.36],[150.66,59.43],[151.14,59.44],[151.52,59.34],[151.86,59.06],[151.78,59.04],[151.39,58.98],[151.06,58.92],[151.01,58.79],[151.14,58.73],[151.35,58.69],[151.69,58.75],[152.19,58.93],[152.5,58.77],[152.83,58.95],[152.97,59],[153.14,59.01],[153.45,58.95],[153.92,58.92],[154.39,59.04],[154.91,59.1],[154.88,59.16],[154.75,59.28],[154.18,59.3],[153.94,59.4],[153.94,59.57],[154.09,59.78],[154.32,59.98],[154.69,60.2],[155.15,60.39],[155.73,60.56],[155.67,60.78],[155.85,60.88],[156.42,61.12],[156.38,61.21],[156.42,61.4],[156.83,61.56],[157.1,61.63],[157.53,61.67],[158.12,61.72],[158.84,61.78],[159.11,61.71],[159.23,61.55],[159.45,61.56],[159.97,61.77],[160.12,61.75],[160.15,61.66],[160.06,61.51],[159.86,61.3],[159.74,61.1],[159.82,60.98],[160.24,60.95],[160.08,60.74],[160.01,60.59],[160.12,60.56],[160.64,60.72],[161.54,61.19],[162.24,61.51],[162.45,61.56],[162.75,61.61],[162.77,61.67],[162.71,61.76],[163.01,62.18],[162.99,62.33],[163.34,62.41],[163.82,62.49],[164.14,62.53],[165.07,62.44],[165.25,62.31],[173.3,61.52],[173.34,61.55],[173.48,61.6],[173.93,61.62],[174.25,61.71],[174.35,61.8],[174.54,61.89],[174.65,61.89],[175.17,61.97],[176.55,62.38],[176.58,62.43],[176.83,62.68],[176.97,62.69],[177.19,62.67],[177.13,62.55],[177.29,62.49],[177.69,62.45],[178.25,62.38],[178.45,62.32],[178.74,62.3],[179.05,62.39],[179.24,62.53],[179.23,62.64],[179.29,62.82],[178.93,62.77],[179,62.97],[178.94,63.08],[178.71,63.15],[178.5,63.38],[178.34,63.46],[178.08,63.43],[178.4,63.66],[178.37,63.75],[178.29,63.91],[178.18,64.01],[178.15,64.16],[177.81,64.05],[178.01,64.19],[177.53,64.09],[177.19,64.21],[177.08,64.3],[177.08,64.52],[176.93,64.55],[176.75,64.57],[176.47,64.41],[176.04,64.5],[175.9,64.55],[176.16,64.68],[175.97,64.9],[176.18,64.87],[176.33,64.77],[176.71,64.78],[177.13,64.93],[177.03,64.84],[177.25,64.86],[177.37,64.76],[177.43,64.61],[177.84,64.58],[178,64.55],[178.47,64.58],[178.73,64.61],[179.02,64.77],[179.31,64.79],[180,64.95],[180,65.05],[180,65.31],[180,65.38],[180,65.96],[180,66.96],[180,67.96],[180,68.92],[179.28,69.15],[178.96,69.23],[178.63,69.26],[178.04,69.41],[177.7,69.49],[177.08,69.53],[176.55,69.62],[176.19,69.71],[175.61,69.78],[174.57,69.79],[173.64,69.76],[173.01,69.69],[172.91,69.83],[172.36,69.91],[171.85,69.94],[171.3,69.98],[170.45,70.02],[170.24,69.76],[170.06,69.61],[170.43,69.56],[170.79,69.18],[170.9,69.03],[170.83,68.92],[170.09,68.78],[169.39,68.72],[169.11,68.78],[169.01,68.93]]]]},"properties":{"NAME":"Chukchi","SUBJECTO":"Chukchi","BORDERPRECISION":3}},
{"type":"Feature","geometry":{"type":"Polygon","coordinates":[[[137.24,53.46],[137.07,53.49],[137.12,53.59],[137.33,53.74],[137.38,53.81],[137.04,53.86],[136.77,53.7],[136.49,53.65],[136.35,53.7],[136.34,53.89],[136.49,54.46],[136.2,54.47],[135.73,54.41],[135.31,54.41],[135.09,54.43],[134.9,54.56],[134.89,54.72],[134.99,54.85],[135.27,55.03],[136.12,55.42],[136.52,55.59],[137.23,55.98],[137.6,56.24],[138.35,56.8],[138.87,57.12],[139.29,57.34],[139.36,57.37],[127.75,60.81],[124.13,59.98],[111.2,52.24],[101.82,54.78],[94.99,50.94],[92.12,51.77],[91.97,51.57],[90,51.57],[85.61,48.23],[85.54,47.18],[80.94,44.08],[69.82,41.21],[70.1,37.91],[69.23,37.37],[66.34,36.31],[69.5,35.88],[73.81,38.03],[75.25,38.03],[77.26,36.84],[79.33,35.63],[80.13,36.88],[89.62,36.88],[99.24,38.75],[99.39,39.76],[100.54,40.33],[102.12,39.76],[103.56,39.9],[107.71,43.25],[120.39,46.42],[127.58,56.62],[128.17,56.72],[128.84,56.65],[129.21,56.87],[130.39,56.05],[130.91,55.24],[130.54,53.91],[131.13,53.91],[132.02,52.43],[132.39,52.35],[133.13,52.65],[133.42,52.65],[134.24,53.46],[134.68,52.95],[135.27,53.02],[136.16,53.02],[137.24,53.46]]]},"properties":{"NAME":"central Asian khanates","SUBJECTO":"central Asian khanates","BORDERPRECISION":3}},
{"type":"Feature","geometry":{"type":"Polygon","coordinates":[[[46.87,44.68],[47.03,44.79],[47.17,44.86],[47.25,44.99],[47.39,45.17],[47.48,45.32],[47.56,45.45],[47.66,45.54],[47.6,45.66],[47.63,45.73],[47.67,45.75],[47.75,45.71],[47.87,45.68],[48.01,45.71],[48.3,45.77],[48.48,45.89],[48.64,45.98],[48.77,45.89],[48.83,45.92],[48.83,46.02],[48.83,46.08],[48.89,46.08],[49.06,46.14],[49.24,46.26],[49.31,46.35],[49.41,46.43],[49.53,46.54],[49.72,46.53],[49.95,46.56],[50.27,46.69],[50.63,46.91],[50.82,46.92],[51.12,47.06],[51.37,47.09],[51.77,47.46],[51.75,47.51],[51.39,48.11],[51.9,49.39],[51.13,50.42],[51.39,51.06],[55.25,51.71],[57.15,51.23],[58.33,50.93],[60.82,50.86],[63.04,51.18],[63.99,52.8],[64.46,53.58],[64.69,54.27],[72.99,55.31],[74.63,54.32],[74.92,54.15],[78.65,50.81],[81.48,50.29],[84.27,49.2],[83.12,48.28],[85.38,48.15],[85.6,48.23],[85.61,48.23],[90,51.57],[91.97,51.57],[92.12,51.77],[94.99,50.94],[101.82,54.78],[111.2,52.24],[124.13,59.98],[127.75,60.81],[139.36,57.37],[140.03,57.64],[140.5,58.17],[140.59,58.24],[140.99,58.39],[141.35,58.5],[141.59,58.73],[141.92,58.94],[142.36,59.14],[142.85,59.27],[142.93,59.28],[143.3,59.27],[143.82,59.3],[144.39,59.31],[144.85,59.28],[145.4,59.33],[145.5,59.21],[145.51,59.04],[145.65,58.98],[145.96,58.98],[146.02,59.2],[146.05,59.25],[146.31,59.29],[146.71,59.22],[147,59.19],[147.35,59.23],[147.44,59.24],[147.78,60.93],[169.01,68.93],[168.99,68.96],[168.59,69.11],[168.1,69.23],[167.92,69.33],[167.5,69.57],[167.48,69.58],[167.32,69.66],[166.7,69.43],[166.31,69.38],[165.33,69.41],[164.64,69.41],[164.32,69.46],[164.05,69.66],[163.72,69.67],[163.04,69.55],[162.27,69.54],[162.12,69.56],[161.96,69.53],[161.42,69.35],[161.17,69.16],[160.86,69.08],[160.67,69.27],[160.68,69.58],[160.39,69.62],[160.02,69.62],[159.67,69.65],[159.44,69.76],[159.57,70],[159.63,70.22],[159.47,70.39],[159.23,70.55],[158.93,70.62],[158.41,70.81],[158.08,70.87],[157.4,70.93],[156.04,70.99],[155.05,70.94],[153.92,70.79],[153.4,70.73],[152.79,70.68],[152.13,70.66],[151.9,70.73],[151.64,70.89],[151.48,71.09],[151.12,71.25],[150.69,71.35],[149.72,71.44],[148.96,71.57],[148.71,71.63],[149.72,71.9],[149.62,71.94],[149.53,72.03],[149.1,72.09],[148.7,72.17],[148.16,72.2],[146.92,72.2],[146.19,71.84],[145.75,71.69],[145.33,71.63],[145.1,71.58],[144.8,71.59],[144.88,71.72],[145.26,71.84],[145.68,71.93],[145.81,72.1],[145.66,72.16],[145.21,72.12],[144.82,72.14],[145.6,72.43],[144.56,72.46],[144.27,72.5],[143.82,72.53],[142.9,72.62],[142.2,72.68],[141.41,72.79],[141.29,72.79],[140.59,72.5],[140.22,72.43],[139.76,72.42],[139.31,72.38],[139.17,72.34],[138.97,72.21],[139.05,72.16],[139.34,72.16],[139.85,72.24],[139.81,72],[139.74,71.84],[139.83,71.63],[139.74,71.4],[139.16,71.42],[138.9,71.5],[138.67,71.62],[138.45,71.61],[138.12,71.47],[138.11,71.39],[138.18,71.36],[138.08,71.25],[137.85,71.13],[137.77,71.1],[137.63,71.08],[136.77,71.41],[136.23,71.51],[135.86,71.54],[135.51,71.51],[134.62,71.3],[134.24,71.26],[133.74,71.32],[133.14,71.45],[132.79,71.59],[132.68,71.8],[132.55,71.81],[132.28,71.66],[131.79,71.19],[131.41,70.86],[131.05,70.69],[130.78,70.68],[130.17,70.82],[129.36,71.18],[128.78,71.54],[128.43,71.75],[128.17,71.83],[127.71,72.01],[127.42,72.14],[127.12,72.21],[126.69,72.22],[126.23,72.25],[126.11,72.28],[126.22,72.38],[127.31,72.71],[128.17,72.9],[128.29,72.91],[128.52,72.95],[128.5,73.13],[128.31,73.21],[127.72,73.4],[127.1,73.42],[126.49,73.38],[125.72,73.4],[125.33,73.52],[124.82,73.66],[124.46,73.71],[124.22,73.7],[123.41,73.48],[123.42,73.43],[123.44,73.33],[123.51,73.17],[122.88,72.75],[122.24,72.91],[121.7,72.9],[120.58,72.84],[120.11,72.88],[119.8,72.91],[119.42,72.97],[118.5,73.04],[118.34,73.19],[118.46,73.52],[117.92,73.53],[117.53,73.55],[116.67,73.62],[115.61,73.63],[114.93,73.56],[114.19,73.55],[113.55,73.2],[113.31,73.38],[113.31,73.61],[113.22,73.75],[113,73.78],[112.48,73.66],[112.09,73.63],[111.76,73.66],[111.49,73.74],[111.22,73.77],[110.94,73.94],[110.55,74.04],[110.29,73.94],[110.16,73.83],[110.18,73.8],[110.4,73.74],[110.44,73.57],[109.99,73.44],[109.6,73.39],[108.75,73.26],[107.8,73.14],[107.25,73.13],[106.5,73.06],[106.09,72.86],[105.6,72.74],[105.28,72.75],[106.21,73.26],[107.27,73.52],[108.34,73.69],[108.7,73.82],[110.05,74.25],[111.59,74.73],[112.11,74.78],[112.58,74.89],[113.63,75.27],[113.22,75.44],[113.11,75.49],[113.72,75.87],[113.53,76.09],[113.15,76.06],[112.82,76.06],[112.59,76.26],[112.06,76.45],[111.43,76.57],[110.55,76.64],[109.94,76.63],[109.66,76.69],[108.86,76.65],[108.24,76.65],[107.77,76.4],[107.67,76.44],[107.29,76.43],[106.87,76.43],[106.4,76.43],[106.54,76.57],[107.07,76.77],[107.24,76.9],[107.16,76.95],[106.24,76.91],[105.53,76.98],[104.7,76.93],[104.49,77],[104.78,77.15],[105.47,77.33],[105.45,77.45],[105.06,77.57],[104.39,77.57],[103.95,77.59],[103.39,77.56],[102.39,77.37],[101.69,77.2],[101.17,77.01],[101.11,76.85],[101.39,76.62],[100.83,76.46],[100.41,76.47],[99.98,76.44],[99.77,76.29],[99.83,76.21],[99.78,76.06],[99.47,75.97],[99.16,76],[98.72,76.07],[98.29,76.06],[97.68,75.96],[97.12,75.87],[96.66,75.85],[95.98,75.9],[96.14,76.09],[95.97,76.17],[95.49,76.17],[94.69,76.18],[94.31,76.07],[93.59,75.88],[92.67,75.76],[91.63,75.65],[90,75.6],[90,75.56],[89.8,75.52],[89.68,75.51],[89.28,75.47],[87.92,75.06],[87.49,74.96],[86.96,74.78],[86.81,74.54],[86.81,74.44],[86.98,74.3],[87.39,74.18],[87.54,74.1],[87.69,73.9],[87.57,73.77],[87.14,73.6],[86.9,73.56],[86.12,73.45],[86.33,73.63],[86.76,73.79],[86.49,73.87],[85.86,73.82],[85.38,73.7],[85,73.58],[84.83,73.6],[84.62,73.74],[83.98,73.67],[83.02,73.61],[81.88,73.6],[80.84,73.55],[80.62,73.5],[80.5,73.42],[80.46,73.31],[80.83,73.01],[80.87,72.84],[80.84,72.58],[80.98,72.45],[81.59,72.35],[82.03,72.25],[82.32,72.22],[82.44,72.05],[82.85,71.94],[83.2,71.83],[83.56,71.62],[83.25,71.28],[83.17,71.18],[83.5,70.81],[83.57,70.65],[83.66,70.6],[83.68,70.46],[83.37,70.34],[83.04,70.24],[83.08,70.58],[82.8,70.82],[82.68,70.84],[82.5,70.71],[82.2,70.36],[82.05,70.42],[82.1,70.86],[82.22,71.2],[82.53,71.32],[82.88,71.49],[82.82,71.65],[82.49,71.57],[81.67,71.57],[81.43,71.61],[80.83,71.77],[80.34,72.01],[79.7,72.18],[79.22,72.27],[78.65,72.26],[78.27,72.21],[78.09,72.18],[78.13,71.85],[77.79,71.78],[77.27,71.81],[77.07,71.89],[76.46,71.87],[76.33,71.72],[76.61,71.52],[76.87,71.45],[77.28,71.42],[78.14,71.37],[78.37,71.25],[78.61,70.85],[78.25,70.83],[78.1,70.84],[77.74,71.03],[77,71.06],[76.29,71.14],[75.67,71.2],[75.45,71.32],[75.28,71.45],[75.22,71.65],[75.3,71.9],[75.58,72.17],[75.67,72.41],[75.62,72.63],[75.41,72.66],[75.12,72.69],[75.02,72.72],[75.07,72.42],[75,72.13],[74.92,72.03],[74.59,71.87],[74.14,71.75],[73.59,71.71],[73.22,71.46],[73.27,71.37],[73.7,71.14],[74.19,70.67],[74.25,70.57],[74.12,70.37],[73.79,70.05],[73.65,69.76],[73.91,69.27],[73.91,69.15],[74.32,69.16],[74.9,69.08],[75.19,69.13],[75.6,69.21],[76.18,69.14],[76.54,69.08],[77.03,68.98],[77.41,68.94],[77.64,68.82],[77.83,68.47],[77.91,68.32],[78.01,68.26],[77.98,68.15],[77.51,67.97],[77.48,67.8],[77.69,67.76],[77.95,67.77],[78.3,67.69],[78.54,67.61],[78.48,67.48],[78.09,67.41],[77.5,67.43],[77.09,67.53],[76.95,67.65],[77.11,68.11],[77.04,68.46],[76.66,68.67],[76.33,68.78],[75.54,68.77],[74.92,68.71],[74.61,68.64],[74.5,68.59],[74.4,68.35],[74.67,68.1],[74.77,67.85],[74.74,67.69],[74.35,67.4],[73.98,67.26],[73.81,66.99],[73.69,66.87],[73.17,66.64],[72.56,66.5],[72.42,66.33],[72.21,66.17],[71.79,66.16],[71.26,66.22],[70.98,66.2],[70.47,66.24],[69.77,66.33],[69.44,66.42],[69.17,66.55],[69.08,66.69],[69.36,66.74],[69.79,66.75],[70.12,66.72],[70.84,66.55],[71.35,66.66],[71.54,66.71],[71.4,66.95],[71.65,67.07],[71.93,67.16],[72.49,67.44],[72.84,67.65],[72.99,67.79],[73.18,68.17],[73.39,68.38],[73.39,68.44],[73.31,68.52],[72.85,68.64],[72.64,68.81],[72.53,69.07],[72.55,69.66],[72.44,70.19],[72.7,70.36],[72.77,70.46],[72.68,70.82],[72.55,70.98],[72.14,71.28],[71.8,71.43],[71.9,71.59],[72.5,71.96],[72.65,72.12],[72.84,72.49],[72.85,72.64],[72.71,72.77],[72.46,72.82],[71.98,72.8],[71.66,72.83],[70.94,72.79],[70.21,72.73],[69.51,72.8],[69.34,72.83],[69.06,72.64],[68.81,72.1],[68.55,71.82],[68.32,71.63],[67.82,71.42],[67.16,71.23],[66.98,71.21],[66.82,71.11],[66.67,70.87],[66.77,70.74],[67.29,70.71],[67.4,70.6],[67.42,70.22],[67.38,70.14],[67.28,70.07],[66.96,69.96],[66.83,69.82],[66.8,69.74],[66.88,69.62],[67.78,69.56],[68.11,69.43],[68.09,69.14],[68.26,68.94],[68.51,68.84],[68.69,68.81],[69.11,68.83],[69,68.7],[68.49,68.22],[68.38,68.18],[68.22,68.2],[67.83,68.37],[67.17,68.65],[66.58,68.89],[66.13,69],[65.36,69.18],[64.87,69.23],[63.92,69.46],[63.41,69.55],[62.85,69.62],[62.28,69.71],[61.3,69.73],[61.03,69.74],[60.85,69.71],[60.55,69.54],[60.37,69.47],[60.99,69],[60.93,68.82],[60.76,68.67],[60.51,68.59],[60.08,68.62],[59.93,68.58],[59.89,68.4],[59.76,68.3],[59.5,68.29],[59.22,68.35],[59.12,68.39],[59.06,68.5],[59.35,68.7],[59.2,68.77],[58.77,68.86],[58.41,68.83],[57.96,68.7],[57.53,68.49],[57.36,68.46],[57.02,68.45],[56.54,68.55],[56.2,68.57],[55.72,68.54],[55.34,68.48],[55.13,68.4],[55,68.21],[54.88,68.11],[54.75,68.05],[54.65,68.07],[54.58,68.16],[54.38,68.16],[53.85,68.09],[53.63,68.05],[53.32,68.14],[53.32,68.23],[53.4,68.3],[53.78,68.34],[53.81,68.61],[53.89,68.79],[53.5,68.82],[53.18,68.76],[53.01,68.68],[52.94,68.47],[52.72,68.35],[52.46,68.3],[52.34,68.34],[52.24,68.54],[51.83,68.41],[51.14,68.27],[50.5,68.15],[49.63,67.94],[49.19,67.84],[48.64,67.65],[48.08,67.56],[47.95,67.38],[47.82,67.11],[47.71,66.89],[47.57,66.82],[46.97,66.78],[46.4,66.72],[46.08,66.76],[45.72,66.85],[45.39,67.1],[44.96,67.23],[44.87,67.31],[45.09,67.54],[45.46,67.64],[46.16,67.68],[46.63,67.7],[46.44,67.91],[46.16,68.11],[45.86,68.38],[45.58,68.44],[44.67,68.39],[44.01,68.49],[43.85,68.47],[43.82,68.33],[44.17,68.1],[44.26,67.83],[44.22,67.72],[43.7,67.27],[43.84,67.16],[44.22,67.09],[44.36,66.91],[44.38,66.61],[44.12,66.27],[44.05,66.04],[44.03,66.01],[43.88,66.01],[43.24,66.25],[42.42,66.38],[42.21,66.41],[42.13,66.39],[41.62,66.07],[41.35,65.96],[40.68,65.79],[40.04,65.6],[39.95,65.58],[39.82,65.44],[39.98,65.15],[40.37,64.86],[40.46,64.75],[40.44,64.56],[40.32,64.46],[40,64.54],[39.62,64.48],[39.19,64.51],[38.25,64.7],[37.6,64.85],[37.1,65.07],[36.88,65.07],[36.57,64.76],[37,64.41],[37.26,64.31],[37.46,64.3],[37.67,64.34],[37.88,64.31],[38.05,64.13],[38.05,63.99],[37.94,63.85],[37.59,63.81],[37.41,63.75],[37.25,63.78],[36.99,63.84],[36.42,63.88],[36.24,63.92],[36.02,64.2],[35.62,64.25],[35.08,64.29],[34.88,64.37],[34.81,64.46],[34.77,64.68],[34.43,65.11],[34.33,65.35],[34.29,65.4],[34.6,65.48],[34.73,65.61],[34.73,65.8],[34.54,66],[34.26,66.11],[33.84,66.18],[33.47,66.31],[32.97,66.58],[32.75,66.65],[32.42,66.89],[32.36,66.92],[32.22,66.99],[32.64,67.05],[32.99,66.99],[33.16,66.91],[33.44,66.7],[33.65,66.68],[34.15,66.63],[35.17,66.41],[35.77,66.26],[36.51,66.17],[37.42,66.09],[38.05,66.01],[38.78,66],[39.19,66.04],[39.98,66.2],[40.35,66.32],[40.84,66.56],[41.15,66.78],[41.26,66.94],[41.21,67.07],[41.02,67.2],[40.95,67.33],[40.97,67.53],[40.83,67.66],[39.92,67.94],[39.33,68.04],[38.67,68.15],[38.41,68.24],[37.69,68.63],[37.25,68.79],[36.02,69.02],[35.44,69.15],[34.93,69.15],[34.7,69.16],[34.31,69.17],[33.82,69.19],[33.63,69.21],[33.32,69.07],[33.28,69.34],[33.01,69.39],[32.6,69.42],[32.35,69.51],[32.19,69.64],[32.08,69.82],[32.07,69.88],[31.78,69.78],[31.33,69.66],[31.05,69.64],[30.74,69.75],[29.11,68.81],[29.1,68.8],[30.66,67.52],[30.6,66.67],[30.99,65.75],[30.6,65.15],[30.56,63.11],[31.12,62.8],[31.19,61.63],[31.24,61.64],[31.26,61.64],[31.29,61.62],[31.31,61.61],[31.33,61.62],[31.33,61.63],[31.36,61.63],[31.49,61.55],[31.53,61.5],[31.58,61.44],[31.6,61.42],[31.62,61.43],[31.62,61.44],[31.62,61.46],[31.64,61.46],[31.7,61.42],[31.76,61.38],[31.87,61.35],[31.9,61.32],[32.36,61.18],[32.53,61.12],[32.56,61.08],[32.58,61.04],[32.58,61.01],[32.59,61],[32.63,60.99],[32.64,60.97],[32.77,60.89],[32.81,60.83],[32.81,60.76],[32.84,60.71],[32.9,60.69],[32.94,60.67],[32.94,60.64],[32.91,60.59],[32.84,60.5],[32.82,60.48],[32.78,60.49],[32.72,60.52],[32.64,60.54],[32.6,60.53],[32.6,60.51],[32.62,60.48],[32.66,60.43],[32.68,60.39],[32.66,60.37],[32.59,60.35],[32.59,60.33],[32.61,60.29],[32.61,60.25],[32.58,60.21],[32.5,60.18],[32.36,60.15],[32.26,60.15],[32.2,60.2],[32.06,60.23],[31.84,60.25],[31.7,60.24],[31.6,60.17],[31.59,60.16],[31.6,60.14],[31.61,60.14],[31.61,60.13],[31.55,60.07],[31.54,60.03],[31.57,60],[31.57,59.97],[31.55,59.94],[31.51,59.92],[31.45,59.91],[31.4,59.91],[31.35,59.93],[31.3,59.94],[31.32,59.59],[30,59.46],[29.52,59.25],[29.04,59.29],[28.17,58.99],[29.52,58.08],[30,58.21],[30.47,57.77],[30.39,57.29],[31.17,56.73],[31.56,57.03],[32.08,56.77],[31.86,55.99],[31.21,55.73],[31.25,55.6],[31.51,55.56],[31.73,54.95],[31.43,54.91],[31.56,54.3],[32.21,54.43],[32.47,53.09],[31.38,53.26],[31.3,52.96],[31.38,52],[31.34,50.92],[33.17,51.43],[33.88,51.13],[33.88,50.21],[35.7,50.42],[36.21,49.91],[36.4,49.04],[37.88,49.19],[39.26,48.44],[40.51,47.44],[40.63,46.69],[42.26,46.81],[43.38,46.19],[43.88,44.81],[44.75,44.44],[46.87,44.68]],[[35.99,61.76],[36.03,61.7],[36.06,61.65],[36.11,61.61],[36.16,61.57],[36.2,61.53],[36.25,61.49],[36.31,61.46],[36.37,61.43],[36.41,61.41],[36.42,61.39],[36.43,61.37],[36.42,61.35],[36.41,61.32],[36.4,61.3],[36.38,61.29],[36.38,61.28],[36.37,61.27],[36.37,61.26],[36.38,61.24],[36.39,61.23],[36.39,61.21],[36.39,61.18],[36.36,61.16],[36.33,61.14],[36.28,61.11],[36.22,61.1],[36.16,61.08],[36.1,61.06],[36.04,61.03],[35.98,60.99],[35.91,60.97],[35.88,60.95],[35.88,60.93],[35.9,60.92],[35.91,60.9],[35.9,60.89],[35.88,60.88],[35.86,60.87],[35.83,60.87],[35.8,60.87],[35.77,60.89],[35.72,60.9],[35.63,60.92],[35.55,60.94],[35.5,60.97],[35.47,61],[35.45,61.02],[35.43,61.03],[35.4,61.04],[35.36,61.04],[35.32,61.03],[35.25,61.01],[35.18,61],[35.13,61.01],[35.12,61.02],[35.09,61.04],[35.02,61.06],[34.94,61.07],[34.9,61.05],[34.87,61.03],[34.85,61.03],[34.83,61.04],[34.81,61.06],[34.8,61.07],[34.8,61.1],[34.8,61.12],[34.8,61.15],[34.82,61.17],[34.84,61.19],[34.89,61.21],[34.97,61.21],[35.07,61.21],[35.16,61.19],[35.21,61.18],[35.23,61.17],[35.21,61.16],[35.14,61.16],[35.08,61.15],[35.05,61.14],[35.06,61.13],[35.08,61.11],[35.11,61.09],[35.14,61.08],[35.19,61.07],[35.26,61.07],[35.35,61.07],[35.44,61.06],[35.53,61.02],[35.58,61.03],[35.61,61.08],[35.63,61.11],[35.63,61.15],[35.61,61.2],[35.58,61.25],[35.54,61.29],[35.49,61.33],[35.46,61.36],[35.4,61.39],[35.3,61.43],[35.15,61.49],[34.96,61.54],[34.77,61.6],[34.63,61.65],[34.53,61.7],[34.45,61.75],[34.39,61.8],[34.34,61.83],[34.32,61.85],[34.31,61.87],[34.34,61.86],[34.38,61.84],[34.45,61.82],[34.49,61.81],[34.53,61.81],[34.56,61.82],[34.58,61.85],[34.59,61.87],[34.59,61.91],[34.59,61.94],[34.57,61.97],[34.54,62],[34.48,62.04],[34.38,62.09],[34.29,62.14],[34.26,62.17],[34.26,62.19],[34.26,62.21],[34.27,62.24],[34.26,62.26],[34.22,62.29],[34.16,62.34],[34.1,62.38],[34.04,62.4],[34,62.4],[33.98,62.41],[33.96,62.43],[33.95,62.45],[33.94,62.48],[33.94,62.5],[33.96,62.51],[33.98,62.52],[34,62.52],[34.03,62.51],[34.05,62.49],[34.08,62.46],[34.14,62.41],[34.22,62.35],[34.29,62.3],[34.33,62.26],[34.33,62.25],[34.32,62.23],[34.34,62.2],[34.42,62.16],[34.51,62.12],[34.59,62.1],[34.64,62.1],[34.65,62.11],[34.64,62.14],[34.63,62.18],[34.65,62.21],[34.66,62.25],[34.61,62.3],[34.61,62.34],[34.63,62.35],[34.68,62.34],[34.7,62.36],[34.66,62.41],[34.59,62.46],[34.55,62.5],[34.53,62.52],[34.52,62.54],[34.53,62.55],[34.56,62.54],[34.6,62.52],[34.64,62.49],[34.7,62.44],[34.76,62.38],[34.81,62.33],[34.84,62.31],[34.85,62.29],[34.86,62.26],[34.87,62.22],[34.89,62.19],[34.93,62.16],[34.98,62.12],[35.03,62.08],[35.07,62.05],[35.11,62.05],[35.15,62.07],[35.17,62.08],[35.17,62.1],[35.14,62.13],[35.09,62.17],[35.05,62.21],[35.05,62.23],[35.1,62.22],[35.19,62.19],[35.28,62.16],[35.34,62.15],[35.39,62.16],[35.45,62.18],[35.52,62.21],[35.55,62.24],[35.56,62.26],[35.57,62.29],[35.56,62.32],[35.54,62.35],[35.5,62.4],[35.43,62.47],[35.35,62.52],[35.27,62.55],[35.2,62.55],[35.15,62.56],[35.09,62.58],[35.02,62.61],[34.97,62.64],[34.94,62.64],[34.87,62.61],[34.84,62.59],[34.78,62.62],[34.74,62.62],[34.7,62.64],[34.66,62.68],[34.62,62.71],[34.58,62.76],[34.54,62.82],[34.48,62.87],[34.49,62.9],[34.53,62.92],[34.61,62.87],[34.7,62.84],[34.79,62.83],[34.85,62.83],[34.91,62.82],[34.96,62.8],[35.01,62.77],[35.08,62.74],[35.2,62.71],[35.33,62.67],[35.42,62.63],[35.46,62.6],[35.49,62.61],[35.5,62.62],[35.52,62.62],[35.54,62.6],[35.58,62.58],[35.64,62.56],[35.7,62.54],[35.74,62.52],[35.77,62.5],[35.8,62.46],[35.82,62.41],[35.82,62.35],[35.8,62.28],[35.76,62.21],[35.73,62.14],[35.67,62.08],[35.69,62.04],[35.75,62],[35.82,61.95],[35.84,61.9],[35.87,61.85],[35.93,61.81],[35.99,61.76]],[[38.81,58.25],[38.82,58.13],[38.81,58.12],[38.78,58.13],[38.69,58.21],[38.64,58.22],[38.62,58.2],[38.7,58.13],[38.7,58.11],[38.68,58.11],[38.61,58.11],[38.38,58.12],[38.36,58.1],[38.44,58.04],[38.44,58.02],[38.42,58.02],[38.37,58.03],[38.31,58.04],[38.28,58.05],[38.26,58.07],[38.25,58.1],[38.25,58.2],[38.22,58.24],[38.15,58.25],[37.94,58.3],[37.9,58.29],[37.51,58.54],[37.42,58.61],[37.32,58.66],[37.16,58.69],[37.15,58.71],[37.17,58.73],[37.15,58.85],[37.31,58.76],[37.37,58.73],[37.42,58.73],[37.41,58.69],[37.41,58.67],[37.46,58.63],[37.54,58.61],[37.56,58.55],[37.61,58.55],[37.66,58.56],[37.67,58.57],[37.62,58.63],[37.63,58.64],[37.71,58.62],[37.77,58.62],[37.99,58.55],[38.07,58.54],[38.07,58.59],[38.1,58.62],[38.1,58.63],[37.99,58.67],[37.98,58.69],[37.95,58.72],[37.94,58.74],[37.96,58.74],[38.02,58.75],[38,58.86],[37.92,58.86],[37.87,58.9],[37.83,58.91],[37.78,58.93],[37.71,58.93],[37.64,58.92],[37.58,58.9],[37.5,58.84],[37.47,58.86],[37.47,58.87],[37.48,58.93],[37.5,58.94],[37.61,58.99],[37.67,59.03],[37.7,59.06],[37.68,59.1],[37.64,59.14],[37.64,59.16],[37.84,59.16],[37.94,59.17],[37.99,59.18],[38,59.16],[38.01,59.14],[38.03,59.13],[38.12,59.1],[38.16,59.1],[38.18,59.11],[38.18,59.13],[38.18,59.15],[38.12,59.2],[38.14,59.21],[38.18,59.2],[38.29,59.16],[38.41,59.17],[38.41,59.15],[38.33,59.09],[38.24,59.06],[38.17,59.07],[37.91,59.1],[37.87,59.09],[37.86,59.08],[37.92,59.04],[38.05,58.99],[38.12,58.95],[38.43,58.75],[38.61,58.64],[38.75,58.55],[38.99,58.5],[39,58.48],[38.97,58.44],[39,58.39],[39.01,58.36],[38.87,58.33],[38.83,58.3],[38.81,58.25]],[[34.56,63.82],[34.64,63.79],[34.62,63.77],[34.86,63.72],[34.86,63.69],[34.99,63.59],[34.98,63.56],[34.95,63.54],[35.01,63.51],[35.14,63.48],[35.25,63.49],[35.37,63.49],[35.41,63.45],[35.38,63.43],[35.19,63.4],[35.17,63.38],[35.1,63.38],[35.05,63.4],[34.98,63.43],[34.87,63.46],[34.83,63.43],[34.89,63.29],[34.95,63.18],[34.96,63.12],[34.95,63.03],[34.91,62.95],[34.86,62.92],[34.86,62.94],[34.87,62.98],[34.86,63.01],[34.87,63.04],[34.9,63.05],[34.89,63.11],[34.86,63.17],[34.85,63.23],[34.84,63.28],[34.8,63.33],[34.7,63.4],[34.55,63.46],[34.52,63.48],[34.53,63.5],[34.45,63.62],[34.36,63.7],[34.31,63.69],[34.27,63.66],[34.22,63.61],[34.21,63.68],[34.28,63.78],[34.35,63.85],[34.43,63.85],[34.56,63.82]],[[33.5,63.22],[33.31,63.28],[33.27,63.32],[33.27,63.34],[33.28,63.38],[33.26,63.42],[33.36,63.42],[33.44,63.44],[33.59,63.49],[33.64,63.48],[33.66,63.43],[33.7,63.41],[33.85,63.44],[33.93,63.42],[33.99,63.3],[34.07,63.23],[34.02,63.2],[33.9,63.19],[33.7,63.19],[33.57,63.2],[33.5,63.22]]]},"properties":{"NAME":"Tsardom of Muscovy","SUBJECTO":"Tsardom of Muscovy","BORDERPRECISION":3}},
{"type":"Feature","geometry":{"type":"Polygon","coordinates":[[[16.63,11.1],[20.21,12.05],[20.02,12.64],[19.85,13.22],[19.46,13.26],[17.16,13.47],[16.91,13.43],[14.73,13.1],[14.74,13.08],[14.74,13.06],[14.72,13.05],[14.69,13.02],[14.69,12.99],[14.66,12.98],[14.62,12.99],[14.6,12.99],[14.99,12.1],[16.63,11.1]]]},"properties":{"NAME":"Bagirmi","SUBJECTO":"Bagirmi","BORDERPRECISION":3}},
{"type":"Feature","geometry":{"type":"MultiPolygon","coordinates":[[[[124.13,39.84],[124.21,39.74],[124.44,39.57],[124.55,39.54],[124.69,39.61],[124.86,39.62],[124.92,39.62],[125.21,39.49],[125.3,39.36],[125.21,39.21],[125.03,38.82],[125.29,38.69],[125.27,38.57],[124.93,38.46],[124.74,38.28],[124.69,38.14],[124.77,37.94],[125.08,37.77],[125.18,37.66],[125.27,37.48],[125.56,37.84],[125.74,37.78],[125.91,37.51],[126.05,37.6],[126.21,37.75],[126.33,37.66],[126.37,37.63],[126.37,37.62],[126.38,37.62],[126.38,37.61],[126.39,37.61],[126.4,37.6],[126.41,37.59],[126.42,37.59],[126.45,37.59],[126.5,37.59],[126.51,37.6],[126.54,37.63],[126.53,37.68],[126.54,37.68],[126.55,37.65],[126.55,37.64],[126.57,37.62],[126.63,37.59],[126.65,37.57],[126.66,37.55],[126.66,37.54],[126.67,37.49],[126.67,37.48],[126.66,37.48],[126.63,37.49],[126.62,37.48],[126.63,37.47],[126.66,37.41],[126.67,37.4],[126.72,37.39],[126.73,37.38],[126.74,37.39],[126.72,37.33],[126.77,37.3],[126.8,37.3],[126.81,37.3],[126.84,37.31],[126.85,37.3],[126.86,37.27],[126.87,37.27],[126.86,37.26],[126.77,37.23],[126.75,37.24],[126.7,37.26],[126.67,37.26],[126.66,37.25],[126.66,37.16],[126.69,37.12],[126.71,37.12],[126.72,37.13],[126.74,37.15],[126.76,37.17],[126.77,37.17],[126.87,37.18],[126.87,37.17],[126.87,37.15],[126.87,37.14],[126.86,37.14],[126.85,37.14],[126.82,37.13],[126.78,37.13],[126.78,37.12],[126.77,37.12],[126.75,37.05],[126.76,37.04],[126.87,36.95],[126.91,36.92],[126.92,36.92],[127,36.93],[126.99,36.91],[126.91,36.82],[126.85,36.75],[126.84,36.75],[126.83,36.76],[126.83,36.77],[126.83,36.84],[126.83,36.85],[126.83,36.86],[126.83,36.87],[126.83,36.88],[126.83,36.89],[126.83,36.91],[126.82,36.91],[126.78,36.96],[126.78,36.97],[126.77,36.97],[126.76,36.97],[126.68,36.97],[126.62,36.97],[126.57,37.02],[126.53,37.05],[126.52,37.05],[126.5,37.05],[126.49,37],[126.51,36.94],[126.5,36.87],[126.5,36.86],[126.49,36.85],[126.48,36.84],[126.47,36.84],[126.46,36.86],[126.46,36.89],[126.46,36.9],[126.47,36.91],[126.48,36.92],[126.48,36.93],[126.45,36.99],[126.44,37],[126.43,37],[126.42,37],[126.39,37],[126.36,37],[126.35,36.99],[126.34,36.99],[126.33,36.99],[126.34,36.96],[126.35,36.95],[126.38,36.93],[126.39,36.93],[126.41,36.94],[126.41,36.93],[126.41,36.91],[126.42,36.91],[126.42,36.9],[126.4,36.85],[126.32,36.8],[126.29,36.79],[126.28,36.79],[126.28,36.8],[126.28,36.81],[126.28,36.82],[126.3,36.84],[126.31,36.87],[126.32,36.88],[126.31,36.94],[126.3,36.96],[126.29,36.96],[126.19,36.88],[126.18,36.88],[126.19,36.82],[126.16,36.81],[126.13,36.75],[126.12,36.71],[126.13,36.71],[126.17,36.68],[126.17,36.67],[126.19,36.67],[126.23,36.68],[126.24,36.69],[126.25,36.7],[126.25,36.71],[126.26,36.71],[126.27,36.72],[126.27,36.71],[126.3,36.64],[126.3,36.63],[126.29,36.58],[126.32,36.6],[126.34,36.65],[126.33,36.65],[126.32,36.66],[126.31,36.68],[126.3,36.69],[126.31,36.7],[126.34,36.74],[126.35,36.74],[126.47,36.74],[126.48,36.74],[126.5,36.72],[126.52,36.66],[126.53,36.6],[126.53,36.59],[126.52,36.59],[126.52,36.58],[126.51,36.59],[126.5,36.59],[126.47,36.59],[126.47,36.58],[126.46,36.57],[126.48,36.48],[126.5,36.39],[126.54,36.22],[126.54,36.14],[126.67,36],[126.69,36],[126.71,36],[126.74,36.01],[126.86,36.06],[126.87,36.06],[126.87,36.05],[126.87,36.04],[126.85,36.04],[126.76,36],[126.71,35.98],[126.64,35.97],[126.63,35.97],[126.63,35.96],[126.62,35.93],[126.61,35.92],[126.61,35.9],[126.62,35.89],[126.73,35.88],[126.78,35.89],[126.79,35.89],[126.8,35.86],[126.75,35.78],[126.74,35.78],[126.71,35.77],[126.7,35.77],[126.64,35.74],[126.63,35.74],[126.48,35.64],[126.47,35.64],[126.47,35.61],[126.47,35.6],[126.48,35.6],[126.49,35.58],[126.5,35.58],[126.51,35.58],[126.52,35.58],[126.54,35.59],[126.55,35.59],[126.64,35.59],[126.65,35.59],[126.66,35.59],[126.67,35.59],[126.67,35.57],[126.69,35.54],[126.69,35.53],[126.68,35.53],[126.62,35.55],[126.53,35.53],[126.52,35.52],[126.5,35.51],[126.49,35.51],[126.48,35.5],[126.46,35.46],[126.45,35.45],[126.44,35.43],[126.43,35.42],[126.42,35.41],[126.39,35.34],[126.38,35.31],[126.36,35.23],[126.36,35.18],[126.39,35.15],[126.41,35.12],[126.42,35.11],[126.43,35.11],[126.44,35.1],[126.46,35.09],[126.46,35.07],[126.43,35.02],[126.42,35.02],[126.36,35.07],[126.34,35.1],[126.34,35.11],[126.35,35.12],[126.35,35.13],[126.35,35.15],[126.34,35.15],[126.27,35.14],[126.26,35.13],[126.25,35.13],[126.25,35.12],[126.25,35.11],[126.3,34.96],[126.32,34.93],[126.33,34.92],[126.34,34.92],[126.37,34.93],[126.38,34.94],[126.38,34.95],[126.43,34.96],[126.41,34.89],[126.38,34.81],[126.37,34.8],[126.37,34.79],[126.38,34.79],[126.38,34.78],[126.5,34.78],[126.51,34.78],[126.52,34.78],[126.53,34.8],[126.53,34.82],[126.54,34.87],[126.59,34.88],[126.66,34.81],[126.63,34.78],[126.61,34.78],[126.49,34.75],[126.48,34.72],[126.49,34.72],[126.5,34.72],[126.62,34.62],[126.61,34.62],[126.54,34.61],[126.53,34.61],[126.52,34.62],[126.47,34.64],[126.46,34.64],[126.45,34.65],[126.43,34.62],[126.45,34.58],[126.42,34.6],[126.35,34.7],[126.34,34.71],[126.33,34.73],[126.32,34.75],[126.31,34.75],[126.3,34.75],[126.29,34.75],[126.29,34.74],[126.27,34.68],[126.27,34.67],[126.27,34.63],[126.29,34.59],[126.31,34.57],[126.32,34.56],[126.39,34.54],[126.46,34.48],[126.46,34.47],[126.48,34.35],[126.52,34.32],[126.56,34.3],[126.59,34.3],[126.6,34.3],[126.68,34.43],[126.76,34.56],[126.77,34.57],[126.77,34.58],[126.78,34.59],[126.79,34.59],[126.79,34.58],[126.8,34.58],[126.8,34.57],[126.8,34.56],[126.8,34.53],[126.8,34.49],[126.8,34.46],[126.81,34.45],[126.82,34.44],[126.89,34.41],[126.89,34.43],[126.9,34.45],[126.94,34.49],[126.97,34.5],[126.99,34.53],[126.99,34.54],[127.01,34.6],[127.04,34.62],[127.09,34.65],[127.11,34.66],[127.22,34.71],[127.27,34.73],[127.33,34.74],[127.34,34.74],[127.35,34.7],[127.35,34.69],[127.33,34.66],[127.33,34.65],[127.24,34.57],[127.21,34.57],[127.19,34.57],[127.2,34.6],[127.21,34.61],[127.21,34.62],[127.21,34.63],[127.21,34.64],[127.2,34.63],[127.13,34.57],[127.13,34.55],[127.12,34.55],[127.12,34.54],[127.13,34.53],[127.14,34.52],[127.17,34.51],[127.24,34.51],[127.32,34.44],[127.39,34.47],[127.51,34.58],[127.51,34.59],[127.51,34.6],[127.49,34.64],[127.43,34.68],[127.41,34.69],[127.39,34.7],[127.36,34.75],[127.4,34.8],[127.42,34.82],[127.49,34.85],[127.52,34.86],[127.57,34.77],[127.56,34.72],[127.56,34.7],[127.56,34.69],[127.55,34.66],[127.56,34.65],[127.58,34.64],[127.63,34.61],[127.64,34.62],[127.74,34.72],[127.75,34.73],[127.77,34.79],[127.77,34.83],[127.77,34.84],[127.72,34.84],[127.71,34.84],[127.7,34.84],[127.69,34.83],[127.67,34.82],[127.67,34.81],[127.65,34.81],[127.64,34.81],[127.61,34.84],[127.6,34.85],[127.58,34.89],[127.57,34.91],[127.57,34.92],[127.59,34.94],[127.6,34.94],[127.61,34.94],[127.61,34.92],[127.62,34.91],[127.63,34.9],[127.64,34.9],[127.66,34.91],[127.77,34.96],[127.83,34.95],[127.86,34.94],[127.88,34.94],[127.89,34.95],[127.91,34.96],[128.02,34.99],[128.05,34.95],[128.05,34.94],[128.06,34.93],[128.07,34.92],[128.15,34.89],[128.18,34.89],[128.2,34.89],[128.21,34.89],[128.21,34.9],[128.21,34.91],[128.21,34.92],[128.21,34.93],[128.22,34.93],[128.23,34.93],[128.33,34.95],[128.34,34.94],[128.35,34.93],[128.36,34.91],[128.35,34.9],[128.34,34.87],[128.4,34.83],[128.41,34.83],[128.43,34.83],[128.45,34.84],[128.45,34.85],[128.46,34.87],[128.47,34.89],[128.5,35.01],[128.49,35.05],[128.48,35.05],[128.47,35.05],[128.42,35.03],[128.41,35.03],[128.41,35.02],[128.4,35.01],[128.39,35.01],[128.38,35],[128.37,35],[128.37,35.01],[128.38,35.04],[128.39,35.04],[128.57,35.17],[128.61,35.17],[128.62,35.15],[128.71,35.1],[128.73,35.09],[128.81,35.08],[128.92,35.09],[128.93,35.09],[128.97,35.13],[128.98,35.08],[129.14,35.11],[129.17,35.15],[129.24,35.19],[129.24,35.21],[129.28,35.3],[129.34,35.34],[129.35,35.34],[129.44,35.48],[129.47,35.54],[129.47,35.55],[129.47,35.58],[129.48,35.59],[129.47,35.6],[129.46,35.64],[129.49,35.68],[129.58,35.99],[129.59,36],[129.59,36.01],[129.59,36.02],[129.59,36.03],[129.57,36.06],[129.56,36.08],[129.55,36.08],[129.53,36.05],[129.49,36.02],[129.48,36.01],[129.47,36],[129.46,35.99],[129.45,35.99],[129.43,36],[129.42,36],[129.4,36.01],[129.39,36.02],[129.39,36.03],[129.39,36.04],[129.38,36.31],[129.39,36.33],[129.39,36.34],[129.41,36.36],[129.42,36.37],[129.44,36.39],[129.44,36.4],[129.44,36.41],[129.45,36.5],[129.45,36.51],[129.44,36.54],[129.44,36.55],[129.43,36.56],[129.42,36.57],[129.42,36.58],[129.42,36.62],[129.42,36.63],[129.44,36.66],[129.45,36.67],[129.46,36.68],[129.47,36.68],[129.47,36.69],[129.47,36.71],[129.47,36.77],[129.47,36.79],[129.46,36.81],[129.45,36.82],[129.43,36.87],[129.43,36.88],[129.42,36.9],[129.42,36.94],[129.41,37.02],[129.41,37.03],[129.42,37.03],[129.42,37.04],[129.43,37.05],[129.43,37.06],[129.43,37.07],[129.38,37.13],[129.37,37.15],[129.36,37.15],[129.35,37.23],[129.34,37.26],[129.26,37.37],[129.19,37.46],[129.14,37.53],[129.07,37.62],[129.06,37.64],[129.06,37.66],[129.06,37.67],[129.05,37.69],[129.01,37.72],[129,37.74],[128.88,37.85],[128.86,37.86],[128.64,38.12],[128.63,38.13],[128.63,38.14],[128.53,38.33],[128.39,38.58],[128.36,38.63],[128.32,38.6],[128.31,38.59],[128.3,38.58],[128.31,38.56],[128.31,38.53],[128.31,38.52],[128.31,38.51],[128.31,38.49],[128.3,38.47],[128.29,38.45],[128.28,38.43],[128.27,38.42],[128.14,38.53],[127.96,38.69],[127.4,39.08],[127.28,39.22],[127.44,39.62],[127.55,39.76],[127.67,39.87],[127.93,39.96],[128.24,39.97],[128.45,40.07],[128.79,40.35],[129.01,40.53],[129.18,40.63],[129.48,40.68],[129.56,41.07],[129.63,41.28],[129.59,41.47],[129.64,41.66],[129.82,41.86],[130.44,42.28],[130.36,42.45],[130.23,42.65],[129.97,42.96],[129.85,42.96],[129.74,42.9],[129.57,42.74],[129.46,42.42],[129.03,42.18],[128.76,42.06],[128.51,42.05],[128.31,42.08],[128.16,42.13],[127.98,42.11],[127.86,42],[127.85,41.84],[128.08,41.5],[128.1,41.45],[127.86,41.38],[127.42,41.36],[127.19,41.43],[126.97,41.54],[126.85,41.72],[126.65,41.71],[126.47,41.65],[126.17,41.19],[125.88,40.95],[125.42,40.7],[124.73,40.43],[124.49,40.28],[124.3,40.08],[124.13,39.84]]],[[[126.6,33.23],[126.62,33.24],[126.73,33.27],[126.76,33.28],[126.84,33.31],[126.85,33.31],[126.91,33.38],[126.92,33.39],[126.94,33.42],[126.94,33.45],[126.9,33.52],[126.89,33.53],[126.84,33.54],[126.83,33.55],[126.82,33.55],[126.81,33.55],[126.79,33.55],[126.7,33.54],[126.63,33.53],[126.38,33.47],[126.37,33.47],[126.32,33.45],[126.31,33.45],[126.27,33.42],[126.18,33.35],[126.18,33.34],[126.16,33.31],[126.16,33.29],[126.16,33.28],[126.17,33.26],[126.19,33.25],[126.21,33.23],[126.23,33.22],[126.26,33.19],[126.27,33.19],[126.29,33.19],[126.29,33.2],[126.3,33.21],[126.31,33.22],[126.33,33.23],[126.34,33.23],[126.42,33.24],[126.42,33.23],[126.45,33.23],[126.48,33.22],[126.51,33.22],[126.59,33.23],[126.6,33.23]]],[[[126.74,34.28],[126.77,34.28],[126.77,34.29],[126.77,34.3],[126.73,34.36],[126.71,34.38],[126.7,34.39],[126.69,34.39],[126.67,34.38],[126.66,34.38],[126.65,34.37],[126.65,34.35],[126.65,34.32],[126.7,34.29],[126.7,34.28],[126.73,34.28],[126.74,34.28]]],[[[127.16,34.41],[127.21,34.42],[127.22,34.42],[127.23,34.43],[127.24,34.45],[127.25,34.47],[127.24,34.47],[127.22,34.48],[127.21,34.49],[127.2,34.49],[127.13,34.47],[127.11,34.46],[127.12,34.43],[127.13,34.42],[127.15,34.41],[127.16,34.41]]],[[[127.79,34.47],[127.79,34.48],[127.8,34.48],[127.8,34.49],[127.79,34.52],[127.78,34.53],[127.77,34.54],[127.76,34.54],[127.75,34.54],[127.74,34.54],[127.72,34.53],[127.71,34.53],[127.71,34.52],[127.72,34.52],[127.76,34.49],[127.78,34.47],[127.79,34.47]]],[[[126.18,34.35],[126.19,34.35],[126.2,34.35],[126.26,34.37],[126.34,34.4],[126.35,34.4],[126.37,34.44],[126.38,34.47],[126.38,34.48],[126.38,34.49],[126.38,34.5],[126.33,34.54],[126.3,34.56],[126.27,34.57],[126.25,34.57],[126.24,34.57],[126.1,34.42],[126.1,34.41],[126.1,34.4],[126.11,34.39],[126.11,34.38],[126.14,34.36],[126.15,34.35],[126.17,34.35],[126.18,34.35]]],[[[127.8,34.57],[127.8,34.58],[127.81,34.58],[127.81,34.62],[127.81,34.64],[127.79,34.66],[127.77,34.66],[127.74,34.64],[127.73,34.64],[127.73,34.62],[127.73,34.61],[127.74,34.61],[127.74,34.6],[127.75,34.6],[127.76,34.59],[127.79,34.58],[127.79,34.57],[127.8,34.57]]],[[[125.97,34.65],[125.99,34.67],[126,34.68],[126.01,34.69],[126.01,34.7],[126,34.7],[125.99,34.71],[125.98,34.72],[125.96,34.71],[125.92,34.7],[125.91,34.69],[125.92,34.68],[125.93,34.67],[125.96,34.65],[125.97,34.65]]],[[[126,34.79],[125.99,34.79],[125.98,34.79],[125.97,34.79],[125.96,34.78],[125.95,34.77],[125.94,34.77],[125.92,34.77],[125.91,34.77],[125.9,34.77],[125.89,34.76],[125.89,34.75],[125.89,34.74],[125.89,34.73],[125.9,34.72],[125.91,34.72],[125.93,34.72],[125.94,34.72],[125.94,34.73],[125.94,34.75],[125.95,34.75],[125.95,34.76],[125.97,34.75],[125.98,34.75],[125.98,34.76],[125.99,34.76],[126,34.76],[126.01,34.76],[126.01,34.77],[126,34.77],[126.01,34.79],[126,34.79]]],[[[128.08,34.83],[128.09,34.83],[128.08,34.87],[128.07,34.88],[128.04,34.91],[128.03,34.91],[128.02,34.91],[128.01,34.91],[127.98,34.86],[127.97,34.86],[127.97,34.85],[127.98,34.84],[127.99,34.84],[128,34.84],[128.01,34.83],[128.08,34.83]]],[[[126.04,34.85],[126.06,34.85],[126.07,34.86],[126.08,34.86],[126.08,34.87],[126.09,34.88],[126.09,34.89],[126.09,34.91],[126.08,34.92],[126.07,34.93],[126.06,34.93],[126,34.89],[125.99,34.87],[125.98,34.86],[125.99,34.86],[126.04,34.85]]],[[[127.96,34.8],[127.92,34.83],[127.91,34.84],[127.91,34.85],[127.91,34.87],[127.94,34.9],[127.94,34.91],[127.93,34.92],[127.92,34.93],[127.9,34.93],[127.89,34.93],[127.88,34.93],[127.87,34.92],[127.84,34.88],[127.83,34.86],[127.82,34.84],[127.85,34.74],[127.86,34.72],[127.88,34.71],[127.89,34.71],[127.98,34.7],[128.04,34.69],[128.06,34.7],[128.06,34.71],[128.08,34.8],[128.07,34.8],[128.07,34.81],[128.06,34.81],[128.03,34.82],[128,34.82],[127.99,34.82],[127.97,34.8],[127.96,34.8]]],[[[128.74,34.79],[128.75,34.88],[128.74,34.93],[128.73,34.94],[128.71,34.98],[128.66,34.96],[128.64,34.95],[128.51,34.89],[128.5,34.89],[128.49,34.88],[128.49,34.87],[128.49,34.86],[128.49,34.85],[128.49,34.84],[128.5,34.83],[128.52,34.81],[128.53,34.81],[128.54,34.81],[128.54,34.82],[128.55,34.82],[128.59,34.84],[128.6,34.83],[128.6,34.81],[128.6,34.76],[128.59,34.7],[128.61,34.7],[128.64,34.71],[128.68,34.72],[128.69,34.72],[128.74,34.78],[128.74,34.79]]],[[[126.1,35.05],[126.11,35.05],[126.12,35.05],[126.14,35.08],[126.15,35.13],[126.16,35.14],[126.16,35.15],[126.15,35.15],[126.14,35.14],[126.12,35.13],[126.07,35.1],[126.06,35.09],[126.06,35.08],[126.06,35.06],[126.09,35.05],[126.1,35.05]]],[[[126.42,36.4],[126.43,36.4],[126.43,36.41],[126.38,36.59],[126.36,36.59],[126.35,36.59],[126.34,36.59],[126.33,36.58],[126.33,36.57],[126.32,36.57],[126.33,36.56],[126.34,36.44],[126.34,36.43],[126.37,36.41],[126.38,36.4],[126.42,36.4]]],[[[126.16,36.82],[126.17,36.83],[126.17,36.84],[126.16,36.84],[126.16,36.83],[126.16,36.82]]],[[[130.88,37.45],[130.89,37.45],[130.92,37.48],[130.92,37.52],[130.92,37.55],[130.91,37.55],[130.84,37.53],[130.81,37.52],[130.81,37.51],[130.81,37.48],[130.82,37.47],[130.87,37.45],[130.88,37.45]]],[[[124.65,37.91],[124.7,37.92],[124.74,37.95],[124.75,37.95],[124.75,37.96],[124.74,37.96],[124.73,37.98],[124.72,37.98],[124.71,37.98],[124.69,37.98],[124.62,37.97],[124.61,37.96],[124.61,37.95],[124.63,37.92],[124.64,37.92],[124.65,37.91]]]]},"properties":{"NAME":"Korea","SUBJECTO":"Korea","BORDERPRECISION":3}},
{"type":"Feature","geometry":{"type":"Polygon","coordinates":[[[173.3,61.52],[165.25,62.31],[165.29,62.29],[165.05,62.26],[164.28,62.22],[164.01,62.13],[163.93,61.96],[163.94,61.74],[163.58,61.33],[163.83,61.23],[163.79,61.13],[163.44,60.89],[163.33,60.69],[162.38,60.46],[161.82,60.27],[161.7,60.07],[161.54,59.94],[160.84,59.55],[160.45,59.35],[159.65,58.95],[159.59,58.8],[159.39,58.61],[159.1,58.42],[158.33,58.03],[157.96,57.88],[157.51,57.75],[156.78,57.58],[156.84,57.51],[156.88,57.36],[156.81,57.26],[156.69,57.11],[161.98,55.96],[162.32,56.24],[162.52,56.35],[162.72,56.34],[162.55,56.11],[162.55,56.01],[162.77,55.92],[163.01,55.94],[163.17,56.11],[163.17,56.38],[163.1,56.56],[162.74,56.6],[162.61,56.8],[162.51,57.03],[162.59,57.17],[162.93,57.37],[163.13,57.55],[163.08,57.63],[162.83,57.7],[162.2,57.68],[161.99,57.72],[161.8,57.86],[161.8,58.1],[161.94,58.26],[162.22,58.49],[162.62,58.73],[162.91,58.89],[162.75,58.97],[162.84,59.06],[163.25,59.29],[163.1,59.36],[163.04,59.46],[163.11,59.58],[163.39,59.81],[163.52,59.86],[163.77,59.88],[163.65,59.79],[164.11,60.08],[164.33,59.96],[164.44,59.74],[164.58,59.66],[164.88,59.73],[164.93,59.96],[165.11,60.03],[165.42,60.12],[165.78,60.35],[165.96,60.31],[166.2,60.35],[165.94,59.77],[166.03,59.71],[166.27,59.83],[166.87,60.17],[167.1,60.27],[167.69,60.36],[168.21,60.43],[168.67,60.45],[169.15,60.43],[169.46,60.3],[169.53,60.13],[169.61,60.01],[169.88,59.87],[170.06,59.88],[170.27,60.01],[170.27,60.15],[170.34,60.28],[170.52,60.34],[171.07,60.45],[171.25,60.65],[172,60.86],[172.11,60.98],[172.49,61.26],[172.92,61.28],[173.13,61.37],[173.3,61.52]]]},"properties":{"NAME":"Koryaks","SUBJECTO":"Koryaks","BORDERPRECISION":1}},
{"type":"Feature","geometry":{"type":"Polygon","coordinates":[[[161.98,55.96],[156.69,57.11],[156.56,56.95],[156.24,56.76],[155.7,56.37],[155.63,56.27],[155.51,55.64],[155.45,55.28],[155.47,54.92],[155.58,54.55],[155.63,54.47],[155.64,54.32],[155.71,54.06],[155.71,53.8],[155.94,53.19],[156.04,52.78],[156.18,52.61],[156.33,52.27],[156.36,51.91],[156.47,51.6],[156.56,51.23],[156.7,50.96],[156.82,51],[157.21,51.23],[157.9,51.67],[158.26,52.02],[158.39,52.2],[158.46,52.59],[158.43,52.71],[158.46,52.83],[158.79,52.96],[159.32,53.13],[159.59,53.13],[159.9,53.24],[159.92,53.3],[159.9,53.4],[159.68,53.58],[159.63,53.71],[159.7,53.86],[159.93,54.09],[160.03,54.15],[160.4,54.37],[160.68,54.45],[160.84,54.45],[161.14,54.41],[161.57,54.42],[161.88,54.56],[162.01,54.74],[161.94,54.85],[161.65,54.99],[161.5,55.29],[161.61,55.56],[161.86,55.86],[161.98,55.96]]]},"properties":{"NAME":"Itelmen","SUBJECTO":"Itelmen","BORDERPRECISION":1}},
{"type":"Feature","geometry":{"type":"Polygon","coordinates":[[[30.74,69.75],[30.36,69.77],[30.06,69.72],[29.73,69.7],[29.56,69.83],[29.08,69.96],[29.05,69.98],[23.42,69.53],[23.44,69.48],[23.03,69.32],[27.38,68.87],[29.11,68.81],[30.74,69.75]]]},"properties":{"NAME":"Finnmark","SUBJECTO":"Denmark-Norway","BORDERPRECISION":3}},
{"type":"Feature","geometry":{"type":"Polygon","coordinates":[[[6.38,51.82],[6.76,51.61],[6.41,50.26],[6.65,49.93],[7.06,49.95],[6.8,49.1],[6.45,49.13],[6.45,49.39],[6.13,49.41],[5.91,49.2],[5.9,49.2],[5.61,49.21],[5.72,48.96],[5.88,49.07],[6,48.9],[5.83,48.78],[6.02,48.65],[5.95,48.35],[6.24,48.29],[6.25,47.96],[6.64,47.99],[6.79,47.86],[6.7,47.76],[6.78,47.68],[6.63,47.51],[6.82,47.38],[6.88,47.46],[6.92,47.51],[7.12,47.51],[7.12,47.47],[7.33,47.46],[7.51,47.6],[7.63,47.56],[7.75,47.62],[7.87,47.57],[8.13,47.64],[8.25,47.59],[8.41,47.6],[8.33,47.69],[8.64,47.78],[8.66,47.71],[8.75,47.72],[8.82,47.68],[8.98,47.68],[8.99,47.68],[9.01,47.69],[8.99,47.71],[8.94,47.73],[8.96,47.74],[9.01,47.72],[8.99,47.74],[9.1,47.7],[9.11,47.69],[9.08,47.69],[9.05,47.71],[9.04,47.69],[9.08,47.68],[9.11,47.69],[9.12,47.68],[9.2,47.68],[9.22,47.67],[9.21,47.68],[9.19,47.7],[9.2,47.71],[9.18,47.7],[9.17,47.73],[9.07,47.78],[9.03,47.8],[9.04,47.82],[9.11,47.79],[9.13,47.77],[9.23,47.74],[9.24,47.71],[9.29,47.68],[9.35,47.66],[9.42,47.67],[9.47,47.65],[9.49,47.65],[9.5,47.65],[9.53,47.6],[9.56,47.58],[9.6,47.59],[9.61,47.57],[9.63,47.57],[9.65,47.56],[9.68,47.56],[9.68,47.54],[9.71,47.55],[9.75,47.51],[9.74,47.5],[9.7,47.51],[9.68,47.49],[9.67,47.5],[9.65,47.49],[9.64,47.51],[9.6,47.49],[9.56,47.5],[9.54,47.49],[9.58,47.41],[9.46,47.29],[9.56,47.16],[9.52,47.07],[9.8,47.04],[9.8,46.98],[10.05,46.87],[10.31,47.02],[10.41,46.96],[10.4,46.89],[10.56,46.72],[10.56,46.31],[10.46,46.21],[10.52,45.74],[10.66,45.81],[10.79,45.64],[10.93,45.84],[11.17,45.74],[11.23,46.01],[11.33,46.01],[11.57,45.98],[11.57,46.25],[11.91,46.41],[11.74,46.75],[12.07,46.93],[12.22,46.88],[12.33,46.97],[12.41,46.96],[12.7,46.95],[13.29,47.06],[13.52,47],[13.52,46.99],[13.58,46.84],[13.71,46.84],[13.73,46.65],[13.62,46.42],[13.61,46.13],[13.5,45.94],[13.37,45.69],[13.44,45.64],[13.56,45.73],[13.67,45.71],[14.08,45.68],[14.22,45.48],[13.99,45.42],[14.08,45.28],[14.35,45.32],[14.53,45.78],[14.8,45.86],[14.88,45.48],[15.42,45.43],[15.47,45.73],[16.12,45.58],[16.21,45.73],[16.08,45.89],[16.21,46.15],[16.45,46.1],[16.54,46.36],[17.52,47.64],[18.19,48.06],[18.31,48.28],[18.22,48.99],[18.25,49.18],[18.52,49.56],[18.93,49.62],[18.9,49.71],[18.8,49.71],[18.77,50.18],[18.75,50.27],[18.65,50.64],[18.14,50.99],[17.64,51.44],[17.55,51.65],[17.29,51.79],[17.2,51.61],[16.85,51.65],[16.85,51.92],[16.51,52.18],[16.51,52],[16.1,52.12],[15.89,52.21],[15.76,52.27],[15.76,52.57],[15.82,52.57],[15.84,52.71],[16.05,52.72],[16.2,53.34],[16.42,53.52],[16.2,53.71],[16.66,53.86],[16.81,53.46],[16.81,53.86],[16.69,54.04],[16.99,54.19],[17.11,54.13],[17.75,54.43],[17.66,54.69],[16.98,54.55],[16.47,54.42],[16.11,54.2],[15.9,54.13],[15.31,54.07],[15.2,54.04],[15.12,53.25],[13.21,53.53],[12.43,54.24],[12.31,54.2],[12.04,54.1],[11.57,54.04],[11.41,53.86],[11.2,53.86],[11.15,53.94],[10.96,53.9],[10.89,53.88],[10.88,53.88],[10.86,53.88],[10.77,53.93],[10.72,53.96],[11.02,54.1],[11.04,54.15],[11.07,54.22],[11.04,54.31],[10.65,54.26],[10.45,54.29],[10.34,54.36],[10.21,54.37],[10.14,54.34],[9.88,54.25],[9.83,54.28],[9.74,54.28],[9.67,54.19],[9.45,54.19],[9.44,54.25],[9.3,54.25],[9.26,54.3],[9.22,54.29],[9.17,54.32],[9.14,54.3],[9.06,54.35],[8.96,54.28],[8.88,54.23],[8.85,54.17],[8.78,54.13],[8.83,54.07],[8.95,54.01],[8.82,53.97],[8.98,53.9],[9.18,53.88],[9.07,53.85],[9.33,53.59],[8.8,53.54],[8.44,53.63],[8.43,53.61],[8.5,53.45],[8.31,53.53],[8.19,53.53],[8.26,53.44],[8.24,53.35],[8.17,53.32],[8.03,53.37],[8.1,53.44],[8.01,53.57],[7.97,53.64],[7.88,53.63],[7.84,53.63],[7.33,53.6],[7.17,53.59],[7.04,53.51],[6.98,53.32],[7.19,53.23],[7.16,53.16],[7.23,52.97],[7.07,52.8],[7.03,52.62],[6.78,52.64],[6.73,52.56],[6.71,52.48],[6.91,52.42],[7,52.44],[7.07,52.37],[7.07,52.27],[7.07,52.22],[6.88,52.13],[6.82,51.96],[6.68,51.89],[6.38,51.82]]]},"properties":{"NAME":"Holy Roman Empire","SUBJECTO":"Holy Roman Empire","BORDERPRECISION":3}},
{"type":"Feature","geometry":{"type":"MultiPolygon","coordinates":[[[[29.05,69.98],[28.82,70.1],[28.73,70.14],[29.73,70.11],[30.25,70.13],[30.8,70.31],[30.75,70.43],[30.46,70.54],[30.04,70.54],[29.74,70.6],[28.98,70.86],[28.79,70.86],[28.39,70.57],[28.29,70.37],[27.88,70.43],[28.02,70.61],[27.99,70.72],[28.14,70.83],[28.31,70.95],[28.21,71.02],[27.95,71.02],[27.52,70.97],[27.13,70.58],[26.93,70.47],[26.62,70.39],[26.62,70.8],[26.61,70.91],[26.26,70.79],[25.57,70.37],[25.26,70.11],[25.07,70.14],[25.12,70.44],[25.23,70.56],[25.83,70.9],[25.39,70.9],[24.85,70.83],[24.57,70.74],[24.36,70.61],[24.21,70.47],[23.95,70.5],[23.83,70.48],[23.51,70.28],[23.29,70.01],[23.2,69.94],[22.75,70.17],[22.31,70.22],[22.16,70.09],[21.91,69.8],[21.61,69.96],[21.41,70.02],[21.1,69.82],[20.73,69.78],[20.55,69.52],[20.2,69.32],[20.28,69.58],[20.36,69.71],[20.29,69.79],[20.16,69.75],[19.82,69.37],[19.58,69.18],[19.29,69.21],[19.17,69.26],[18.98,69.32],[18.55,69.25],[18.32,69.36],[18.1,69.06],[18.05,69.03],[17.93,69.01],[17.89,69.04],[17.57,68.97],[17.45,68.89],[17.41,68.77],[17.04,68.66],[16.85,68.56],[17.13,68.42],[17.03,68.34],[16.72,68.31],[16.52,68.34],[16.65,68.05],[16.41,67.87],[16.23,67.91],[16.07,68.04],[15.92,68.05],[15.85,67.93],[15.57,67.82],[15.76,67.68],[15.75,67.6],[15.58,67.58],[15.38,67.46],[15.23,67.51],[14.98,67.52],[14.7,67.37],[14.57,67.33],[14.62,67.25],[14.78,67.22],[14.64,67.12],[14.37,67.09],[14.05,66.97],[13.86,66.96],[13.75,66.92],[13.99,66.69],[13.59,66.66],[13.38,66.68],[13.24,66.57],[13.17,66.46],[13.26,66.39],[13.4,66.35],[13.58,66.19],[13.15,66.14],[13.11,66.03],[13.09,65.88],[12.71,65.91],[12.48,65.62],[12.28,65.43],[12.5,65.38],[12.53,65.11],[12.22,65.1],[12.11,65.13],[11.9,64.91],[11.69,64.78],[11.47,64.67],[11.41,64.62],[11.51,64.52],[11.36,64.42],[11.21,64.42],[11,64.49],[10.89,64.47],[10.74,64.39],[10.07,64.06],[9.87,63.88],[9.83,63.68],[9.44,63.5],[9.22,63.28],[9.15,63.32],[8.96,63.4],[8.61,63.33],[8.47,63.18],[8.26,63.05],[8.23,62.84],[7.99,62.94],[7.61,62.9],[7.09,62.91],[6.98,62.85],[7.1,62.7],[7.55,62.6],[7.29,62.49],[6.99,62.54],[6.61,62.58],[6.53,62.34],[6.31,62.29],[6.05,62.33],[5.82,62.18],[5.56,62.15],[5.47,62.09],[5.43,62.01],[5.53,61.93],[5.72,61.88],[5.83,61.82],[5.8,61.77],[5.59,61.79],[5.42,61.77],[5.15,61.74],[5.1,61.7],[5.14,61.39],[5.02,61.31],[5.12,61.14],[5.39,61.03],[5.11,60.91],[4.98,60.69],[5.08,60.59],[5.26,60.56],[5.46,60.59],[5.55,60.51],[5.26,60.33],[5.1,60.26],[5.28,60.13],[5.52,60.17],[5.89,60.16],[5.81,59.95],[5.63,59.88],[5.54,59.82],[5.69,59.75],[5.91,59.75],[6.19,59.82],[5.97,59.71],[5.67,59.68],[5.74,59.63],[5.65,59.59],[5.45,59.66],[5.42,59.52],[5.38,59.71],[5.09,59.51],[5.18,59.31],[5.28,59.27],[5.35,59.39],[5.34,59.27],[5.53,59.27],[5.72,59.34],[5.68,59.41],[5.68,59.51],[5.8,59.43],[5.82,59.31],[6.11,59.53],[6.08,59.42],[5.88,59.31],[6.02,59.25],[6.24,59.28],[6.03,59.2],[5.77,59.08],[5.82,59.02],[5.94,58.93],[6.05,58.98],[6.27,58.99],[6.04,58.95],[5.98,58.89],[6.09,58.8],[5.79,58.92],[5.67,58.82],[5.63,58.96],[5.47,58.98],[5.53,58.88],[5.4,58.72],[5.62,58.46],[5.87,58.43],[6.23,58.28],[6.65,58.17],[6.48,58.09],[6.64,58.04],[6.73,58.14],[6.87,58.08],[6.96,57.97],[7.91,58.07],[8.03,58.07],[8.15,58.09],[8.18,58.17],[8.92,58.54],[9.15,58.66],[9.37,58.79],[9.35,58.85],[9.7,59],[9.94,58.94],[10.17,58.99],[10.21,59.07],[10.36,59.21],[10.43,59.26],[10.38,59.37],[10.41,59.5],[10.57,59.58],[10.63,59.45],[10.55,59.38],[10.66,59.22],[10.77,59.12],[10.83,59.11],[11.11,59.17],[11.18,59.07],[11.04,58.91],[11.14,58.85],[11.22,58.31],[11.41,58.33],[11.43,58.2],[11.61,58.25],[11.8,58.18],[11.71,58.02],[11.61,57.81],[11.64,57.78],[12.1,58.13],[11.63,59.01],[11.71,59.19],[11.61,59.57],[11.84,59.67],[11.89,59.86],[12.08,59.87],[12.42,60.04],[12.44,60.28],[12.55,60.43],[12.43,60.63],[12.17,60.96],[12.6,61.03],[12.79,61.33],[12.66,61.44],[12.34,61.52],[12.07,61.7],[12.23,62.23],[11.93,62.55],[12.09,63.05],[12.12,63.34],[12.3,63.57],[12.58,63.78],[12.85,63.9],[13.13,63.95],[13.55,63.94],[13.88,63.95],[14.08,64.03],[14.15,64.11],[14.04,64.38],[13.87,64.5],[13.72,64.55],[13.94,64.8],[14.2,65.02],[14.37,65.23],[14.52,65.5],[14.54,65.94],[14.6,66.05],[15.04,66.06],[15.35,66.26],[15.94,66.67],[16.22,66.83],[16.31,66.98],[16.23,67.21],[16.21,67.31],[16.87,67.84],[17.08,67.91],[17.21,67.91],[17.6,67.86],[17.91,67.86],[18.06,68],[18.09,68.09],[18.1,68.39],[18.18,68.47],[18.96,68.29],[19.4,68.23],[19.7,68.17],[19.84,68.16],[19.97,68.28],[20.04,68.48],[20.17,68.96],[20.55,68.98],[20.74,68.96],[20.79,68.93],[21.25,69.23],[21.41,69.27],[21.63,69.24],[22.07,68.96],[23.03,69.32],[23.44,69.48],[23.42,69.53],[29.05,69.98]]],[[[10.14,54.34],[10.06,54.43],[9.86,54.41],[9.98,54.49],[9.99,54.59],[9.86,54.73],[9.61,54.88],[9.5,54.94],[9.42,54.98],[9.52,55.13],[9.52,55.22],[9.54,55.35],[9.63,55.46],[9.7,55.48],[9.73,55.47],[9.77,55.47],[9.81,55.44],[9.89,55.34],[9.9,55.29],[9.9,55.28],[10.01,55.19],[10.1,55.19],[10.11,55.19],[10.12,55.18],[10.15,55.14],[10.15,55.13],[10.15,55.12],[10.14,55.12],[10.15,55.08],[10.5,55.03],[10.52,55.03],[10.53,55.03],[10.58,55.05],[10.6,55.06],[10.62,55.06],[10.63,55.06],[10.67,55.06],[10.73,55.06],[10.74,55.07],[10.78,55.12],[10.79,55.13],[10.81,55.19],[10.82,55.21],[10.83,55.29],[10.84,55.29],[10.83,55.31],[10.79,55.36],[10.75,55.48],[10.75,55.49],[10.74,55.5],[10.66,55.59],[10.63,55.61],[10.63,55.62],[10.62,55.62],[10.61,55.62],[10.6,55.61],[10.61,55.6],[10.61,55.59],[10.62,55.56],[10.61,55.52],[10.61,55.49],[10.6,55.48],[10.48,55.44],[10.47,55.44],[10.44,55.44],[10.43,55.44],[10.42,55.44],[10.42,55.45],[10.42,55.46],[10.43,55.47],[10.45,55.48],[10.47,55.52],[10.49,55.53],[10.41,55.59],[10.4,55.59],[10.33,55.61],[10.31,55.62],[10.3,55.62],[10.29,55.62],[10.21,55.6],[10.18,55.58],[10.16,55.58],[10.15,55.57],[10.13,55.57],[10.07,55.56],[10,55.54],[9.94,55.52],[9.92,55.51],[9.9,55.51],[9.88,55.51],[9.87,55.51],[9.86,55.51],[9.84,55.52],[9.84,55.53],[9.84,55.54],[9.83,55.55],[9.82,55.55],[9.81,55.55],[9.75,55.54],[9.74,55.53],[9.69,55.6],[9.98,55.62],[10.01,55.73],[10.15,55.76],[10.23,55.95],[10.18,56.08],[10.29,56.14],[10.44,56.15],[10.5,56.03],[10.75,56.1],[10.89,56.37],[10.83,56.44],[10.31,56.47],[10.23,56.61],[10.22,56.85],[9.83,56.89],[9.37,56.88],[9.32,56.72],[9.31,56.48],[9.14,56.46],[9,56.66],[8.87,56.62],[8.67,56.36],[8.45,56.41],[8.31,56.48],[8.18,56.43],[8.12,56.21],[8.12,56.09],[8.32,55.85],[8.32,55.77],[8.13,55.64],[8.03,55.48],[8.21,55.4],[8.32,55.48],[8.48,55.35],[8.56,55.36],[8.65,55.07],[8.62,54.89],[8.6,54.76],[8.74,54.61],[8.95,54.42],[8.85,54.33],[8.55,54.28],[8.58,54.19],[8.88,54.23],[8.96,54.28],[9.06,54.35],[9.14,54.3],[9.17,54.32],[9.22,54.29],[9.26,54.3],[9.3,54.25],[9.44,54.25],[9.45,54.19],[9.67,54.19],[9.74,54.28],[9.83,54.28],[9.88,54.25],[10.14,54.34]]],[[[11.57,55.88],[11.3,55.67],[11.1,55.63],[11.23,55.34],[11.29,55.19],[11.58,55.16],[11.77,55.18],[11.91,55.02],[11.97,54.95],[12.08,54.99],[12.3,55.17],[12.43,55.24],[12.16,55.38],[12.34,55.51],[12.41,55.55],[12.47,55.71],[12.44,55.97],[12.24,55.99],[12.09,55.97],[12.05,55.7],[11.96,55.58],[11.73,55.66],[11.57,55.88]]],[[[16.06,56.4],[15.43,56.77],[14.48,56.68],[14.18,56.81],[13.43,56.52],[13.23,57.1],[12.9,56.98],[12.73,57.43],[12.52,57.39],[12.32,57.68],[11.88,57.33],[12.01,57.33],[12.29,56.88],[12.53,56.78],[12.66,56.61],[12.79,56.62],[12.87,56.51],[12.8,56.4],[12.62,56.44],[12.65,56.3],[12.41,56.24],[12.51,56.12],[12.7,55.91],[12.99,55.67],[12.86,55.53],[12.89,55.45],[12.8,55.42],[12.8,55.35],[13.3,55.3],[13.82,55.42],[13.9,55.41],[14.12,55.35],[14.29,55.52],[14.13,55.67],[14.26,55.9],[14.49,56.02],[14.61,55.98],[14.65,56.12],[15.22,56.08],[15.5,56.17],[15.7,56.06],[15.77,56.03],[16.03,56.35],[16.06,56.4]]],[[[15.09,55.16],[15.07,55.16],[15,55.19],[14.89,55.23],[14.84,55.25],[14.83,55.26],[14.82,55.26],[14.81,55.27],[14.81,55.28],[14.8,55.28],[14.77,55.31],[14.76,55.31],[14.76,55.3],[14.75,55.3],[14.74,55.29],[14.7,55.22],[14.68,55.1],[14.73,55.07],[14.75,55.07],[14.88,55.03],[14.94,55.01],[15.04,55],[15.05,55],[15.06,55],[15.08,55],[15.1,55.02],[15.11,55.03],[15.15,55.08],[15.15,55.09],[15.15,55.13],[15.14,55.14],[15.13,55.14],[15.12,55.15],[15.09,55.16]]],[[[12.08,54.79],[12.09,54.79],[12.11,54.8],[12.12,54.81],[12.16,54.83],[12.17,54.83],[12.17,54.84],[12.14,54.87],[12.12,54.88],[12.11,54.89],[12.1,54.89],[12.09,54.89],[12.08,54.89],[12.06,54.89],[12.04,54.89],[12.02,54.9],[12,54.9],[11.87,54.95],[11.85,54.96],[11.77,54.96],[11.75,54.96],[11.74,54.96],[11.73,54.95],[11.71,54.94],[11.75,54.86],[11.76,54.86],[11.78,54.85],[11.79,54.85],[11.8,54.84],[11.86,54.77],[11.9,54.72],[11.89,54.7],[11.88,54.69],[11.87,54.67],[11.87,54.65],[11.92,54.58],[11.93,54.57],[11.95,54.57],[11.96,54.56],[11.97,54.56],[11.98,54.57],[11.98,54.58],[11.97,54.59],[11.97,54.61],[11.96,54.63],[11.96,54.65],[11.96,54.66],[11.96,54.68],[11.96,54.69],[11.97,54.7],[11.98,54.71],[12.06,54.78],[12.07,54.79],[12.08,54.79]]],[[[9.3,57.17],[8.96,57.13],[8.66,57.1],[8.53,57.14],[8.36,57.02],[8.18,56.8],[8.37,56.67],[8.47,56.6],[8.51,56.65],[8.67,56.7],[8.78,56.8],[8.85,56.99],[8.97,57],[9.08,57.04],[9.14,57.01],[9.33,57.02],[9.5,56.98],[10.26,57.01],[10.33,57.17],[10.46,57.24],[10.45,57.46],[10.4,57.51],[10.56,57.75],[10.48,57.76],[10.39,57.66],[10.29,57.67],[9.85,57.58],[9.45,57.23],[9.3,57.17]]],[[[14.32,79.72],[14.26,79.53],[14.16,79.36],[13.4,79.43],[13.28,79.49],[13.25,79.8],[12.72,79.78],[12.46,79.75],[12,79.77],[11.52,79.72],[11.28,79.71],[10.92,79.55],[11.34,79.21],[11.55,79.17],[12.16,79.32],[12.52,79.06],[11.76,78.88],[12.07,78.7],[12.44,78.59],[12.91,78.43],[13.06,78.35],[13.62,78.27],[13.87,78.3],[14.35,78.43],[14.82,78.72],[15.08,78.78],[15.48,78.65],[16.62,78.47],[15.92,78.26],[14.95,78.12],[14.34,78.03],[13.91,78],[14.13,77.77],[14.89,77.79],[15.6,77.84],[16.42,77.9],[16.71,77.79],[16.29,77.62],[15.48,77.55],[14.78,77.53],[14.48,77.37],[15.1,77.12],[15.95,76.89],[16.66,76.73],[16.91,76.72],[17.27,76.81],[17.28,76.98],[17.48,77.25],[17.83,77.49],[18.39,77.54],[18.79,77.94],[19.12,78.45],[19.43,78.59],[20.32,78.68],[20.91,78.81],[20.68,78.91],[19.93,79.11],[19.5,79.16],[19.15,79.23],[18.85,79.38],[18.55,79.56],[18.35,79.51],[18.02,79.36],[17.77,79.42],[17.72,79.49],[17.8,79.62],[17.83,79.81],[17.57,79.89],[17,79.9],[16.78,79.98],[16.33,80.03],[15.92,79.84],[15.94,79.74],[16.08,79.53],[16.29,79.37],[16.39,79.23],[16.13,79.14],[15.77,79.24],[15.24,79.59],[14.81,79.8],[14.57,79.79],[14.32,79.72]]],[[[11.83,54.66],[11.84,54.67],[11.86,54.68],[11.86,54.69],[11.86,54.74],[11.86,54.75],[11.85,54.77],[11.74,54.86],[11.71,54.88],[11.66,54.9],[11.65,54.91],[11.64,54.91],[11.64,54.9],[11.64,54.88],[11.56,54.82],[11.51,54.83],[11.41,54.86],[11.39,54.87],[11.36,54.88],[11.35,54.89],[11.35,54.9],[11.34,54.91],[11.34,54.92],[11.33,54.92],[11.29,54.94],[11.28,54.95],[11.24,54.96],[11.19,54.96],[11.16,54.96],[11.14,54.95],[11.12,54.95],[11.07,54.94],[11.06,54.94],[11.04,54.92],[11.03,54.92],[11.03,54.91],[11.01,54.9],[11.01,54.89],[11.03,54.81],[10.99,54.79],[11,54.78],[11.02,54.76],[11.03,54.76],[11.1,54.74],[11.13,54.74],[11.14,54.74],[11.19,54.73],[11.25,54.71],[11.26,54.71],[11.28,54.7],[11.32,54.68],[11.35,54.66],[11.38,54.65],[11.45,54.62],[11.46,54.62],[11.47,54.62],[11.52,54.64],[11.58,54.66],[11.59,54.66],[11.64,54.66],[11.69,54.66],[11.72,54.65],[11.74,54.65],[11.78,54.64],[11.79,54.64],[11.83,54.66]]]]},"properties":{"NAME":"Denmark-Norway","SUBJECTO":"Denmark-Norway","BORDERPRECISION":3}},
{"type":"Feature","geometry":{"type":"MultiPolygon","coordinates":[[[[29.52,58.08],[28.17,58.99],[29.04,59.29],[29.52,59.25],[30,59.46],[31.32,59.59],[31.3,59.94],[31.27,59.94],[31.18,59.93],[31.11,59.93],[31.06,59.94],[31.04,59.95],[31.06,59.96],[31.15,60.01],[31.14,60.03],[31.11,60.06],[31.1,60.08],[31.11,60.13],[31.11,60.15],[31.02,60.19],[30.96,60.26],[30.85,60.44],[30.83,60.46],[30.82,60.46],[30.8,60.45],[30.78,60.45],[30.77,60.49],[30.76,60.52],[30.72,60.56],[30.66,60.59],[30.53,60.63],[30.52,60.65],[30.5,60.7],[30.5,60.73],[30.53,60.74],[30.53,60.77],[30.53,60.81],[30.5,60.84],[30.46,60.86],[30.44,60.87],[30.44,60.9],[30.41,60.93],[30.29,61.01],[30.12,61.09],[29.86,61.19],[29.83,61.22],[29.84,61.23],[29.86,61.24],[29.86,61.25],[29.86,61.27],[29.89,61.29],[29.95,61.29],[30.03,61.25],[30.08,61.24],[30.09,61.26],[30.09,61.27],[30.09,61.3],[30.13,61.31],[30.17,61.31],[30.19,61.33],[30.2,61.35],[30.18,61.36],[30.18,61.37],[30.2,61.39],[30.21,61.42],[30.22,61.43],[30.24,61.45],[30.25,61.46],[30.25,61.47],[30.23,61.49],[30.24,61.51],[30.29,61.52],[30.47,61.49],[30.48,61.49],[30.49,61.51],[30.51,61.53],[30.55,61.54],[30.61,61.54],[30.62,61.56],[30.59,61.58],[30.59,61.61],[30.76,61.73],[30.85,61.78],[30.89,61.76],[30.9,61.75],[30.91,61.74],[31.03,61.71],[31.06,61.69],[31.07,61.65],[31.1,61.62],[31.16,61.62],[31.17,61.63],[31.19,61.63],[31.12,62.8],[30.56,63.11],[30.6,65.15],[30.99,65.75],[30.6,66.67],[30.66,67.52],[29.1,68.8],[29.11,68.81],[27.38,68.87],[23.03,69.32],[22.07,68.96],[21.63,69.24],[21.41,69.27],[21.25,69.23],[20.79,68.93],[20.74,68.96],[20.55,68.98],[20.17,68.96],[20.04,68.48],[19.97,68.28],[19.84,68.16],[19.7,68.17],[19.4,68.23],[18.96,68.29],[18.18,68.47],[18.1,68.39],[18.09,68.09],[18.06,68],[17.91,67.86],[17.6,67.86],[17.21,67.91],[17.08,67.91],[16.87,67.84],[16.21,67.31],[16.23,67.21],[16.31,66.98],[16.22,66.83],[15.94,66.67],[15.35,66.26],[15.04,66.06],[14.6,66.05],[14.54,65.94],[14.52,65.5],[14.37,65.23],[14.2,65.02],[13.94,64.8],[13.72,64.55],[13.87,64.5],[14.04,64.38],[14.15,64.11],[14.08,64.03],[13.88,63.95],[13.55,63.94],[13.13,63.95],[12.85,63.9],[12.58,63.78],[12.3,63.57],[12.12,63.34],[12.09,63.05],[11.93,62.55],[12.23,62.23],[12.07,61.7],[12.34,61.52],[12.66,61.44],[12.79,61.33],[12.6,61.03],[12.17,60.96],[12.43,60.63],[12.55,60.43],[12.44,60.28],[12.42,60.04],[12.08,59.87],[11.89,59.86],[11.84,59.67],[11.61,59.57],[11.71,59.19],[11.63,59.01],[12.1,58.13],[11.64,57.78],[11.77,57.67],[11.88,57.51],[11.88,57.33],[12.32,57.68],[12.52,57.39],[12.73,57.43],[12.9,56.98],[13.23,57.1],[13.43,56.52],[14.18,56.81],[14.48,56.68],[15.43,56.77],[16.06,56.4],[16.38,56.82],[16.39,57.07],[16.49,57.28],[16.66,57.44],[16.55,57.55],[16.61,57.67],[16.48,57.7],[16.46,57.9],[16.6,57.87],[16.72,57.89],[16.77,58.04],[16.74,58.31],[16.51,58.43],[16.44,58.63],[17.08,58.65],[17.08,58.75],[17.25,58.72],[17.36,58.74],[17.58,58.89],[17.62,59.1],[17.74,59.11],[17.75,58.99],[17.73,58.91],[17.77,58.87],[17.94,58.91],[18.02,59.04],[18.37,59.16],[18.27,59.29],[18.6,59.3],[18.61,59.33],[18.52,59.4],[18.44,59.4],[18.43,59.33],[18.33,59.37],[18.11,59.32],[17.98,59.33],[17.86,59.24],[17.61,59.27],[17.58,59.27],[17.57,59.21],[17.36,59.25],[17.32,59.28],[17.3,59.27],[17.19,59.34],[17,59.36],[16.85,59.44],[16.74,59.43],[16.61,59.45],[16.46,59.45],[16.41,59.45],[16.14,59.45],[16.04,59.48],[16.25,59.49],[16.47,59.52],[16.52,59.58],[16.54,59.58],[16.57,59.61],[16.65,59.56],[16.74,59.54],[16.79,59.58],[16.81,59.57],[16.84,59.59],[16.94,59.56],[16.99,59.55],[17.06,59.57],[17.37,59.5],[17.39,59.58],[17.53,59.54],[17.69,59.54],[17.67,59.59],[17.76,59.62],[17.79,59.6],[17.81,59.55],[17.77,59.41],[17.83,59.38],[17.95,59.36],[18.03,59.36],[18.25,59.43],[18.64,59.57],[18.87,59.71],[19.04,59.71],[19.04,59.86],[18.89,59.93],[18.8,60.11],[18.42,60.18],[18.22,60.32],[17.93,60.59],[17.71,60.55],[17.6,60.64],[17.19,60.67],[17.32,60.75],[17.15,60.95],[17.15,61.2],[17.07,61.54],[17.16,61.63],[17.39,61.66],[17.5,62.09],[17.39,62.2],[17.29,62.44],[17.72,62.36],[17.94,62.55],[17.87,62.79],[17.97,62.77],[18.3,62.79],[18.39,62.85],[18.49,62.98],[18.78,63.14],[19.08,63.2],[19.32,63.44],[19.47,63.48],[19.67,63.39],[19.98,63.52],[20.7,63.82],[20.87,64.03],[21.05,64.22],[21.39,64.38],[21.24,64.52],[21.06,64.59],[20.92,64.71],[21.33,64.89],[21.49,65.02],[21.42,65.1],[21.28,65.21],[21.52,65.37],[21.82,65.38],[21.96,65.45],[22.2,65.72],[22.49,65.88],[22.65,65.93],[22.8,65.85],[23.2,65.68],[23.41,65.72],[23.84,65.8],[23.95,65.8],[24.21,65.79],[24.59,65.58],[25.1,65.54],[25.25,65.42],[25.19,65.24],[25.13,65.08],[25.29,65],[25.35,64.94],[25.33,64.8],[24.93,64.82],[24.47,64.64],[24.09,64.38],[23.58,64.08],[22.83,63.58],[22.7,63.58],[22.57,63.72],[22.48,63.6],[22.43,63.39],[22.29,63.2],[22.08,63.1],[21.95,63.13],[21.67,63.19],[21.49,63.12],[21.55,62.97],[21.48,62.89],[21.19,62.76],[21.06,62.61],[21.03,62.48],[21.2,62.44],[21.34,62.34],[21.35,62.17],[21.21,61.87],[21.41,61.7],[21.56,61.48],[21.52,61.38],[21.5,61.18],[21.43,61.02],[21.44,60.69],[21.56,60.51],[21.75,60.41],[21.93,60.38],[22.22,60.26],[22.42,60.29],[22.39,60.12],[22.62,60.2],[23.01,60.21],[22.88,60.06],[22.98,59.93],[23.2,59.82],[23.42,59.83],[23.66,59.84],[23.96,59.93],[23.98,59.88],[24.28,59.94],[24.42,59.87],[24.52,59.99],[24.74,60.04],[24.97,60.09],[24.99,60.03],[25.15,60.11],[25.45,60.14],[25.58,60.26],[25.85,60.12],[25.89,60.24],[26.04,60.25],[26.32,60.27],[26.44,60.33],[26.55,60.57],[26.53,60.4],[26.61,60.35],[26.92,60.32],[26.95,60.38],[27.18,60.44],[27.41,60.34],[27.47,60.43],[28.01,60.51],[28.43,60.6],[28.52,60.62],[28.55,60.53],[28.44,60.34],[28.57,60.2],[28.69,60.15],[28.97,60.11],[29.51,60.14],[29.69,60.13],[29.95,59.99],[30.13,59.81],[29.96,59.74],[29.77,59.74],[29.41,59.86],[29.08,59.91],[28.94,59.82],[28.8,59.67],[28.66,59.64],[28.44,59.73],[28.31,59.66],[28.35,59.6],[28.27,59.56],[28.16,59.59],[28.09,59.66],[27.94,59.65],[27.9,59.53],[27.97,59.52],[28.01,59.46],[28.02,59.45],[27.89,59.35],[27.7,59.3],[27.27,59.34],[27,59.32],[26.86,59.37],[26.34,59.45],[25.72,59.46],[25.49,59.42],[25.45,59.49],[25.25,59.36],[24.75,59.45],[24.71,59.35],[24.57,59.37],[24.54,59.32],[24.34,59.37],[24.28,59.28],[24.03,59.24],[24.03,59.18],[23.57,59.14],[23.42,59.12],[23.46,59.01],[23.34,58.97],[23.43,58.86],[23.36,58.77],[23.51,58.58],[23.69,58.67],[23.67,58.24],[23.91,58.22],[24.06,58.11],[24.33,58.31],[24.5,58.21],[24.41,58.11],[24.42,57.95],[24.35,57.86],[24.33,57.84],[24.24,57.73],[24.32,57.34],[24.35,57.16],[24.27,57.03],[24.16,56.98],[23.77,56.87],[23.41,56.89],[23.22,56.98],[23.21,56.99],[23.12,56.82],[24.38,56.72],[25.43,56.59],[25.79,56.58],[25.86,56.56],[28.09,56.75],[29.52,58.08]],[[13.8,59.34],[13.83,59.34],[13.87,59.33],[13.9,59.33],[13.93,59.33],[13.96,59.33],[14,59.33],[14.03,59.32],[14.05,59.31],[14.05,59.3],[14.06,59.29],[14.05,59.27],[14.05,59.24],[14.03,59.2],[13.99,59.16],[13.95,59.11],[13.93,59.09],[13.95,59.07],[13.97,59.07],[14,59.07],[14.04,59.08],[14.07,59.1],[14.08,59.1],[14.09,59.09],[14.09,59.08],[14.08,59.06],[14.07,59.03],[14.06,59.02],[14.05,59.01],[14.04,59],[14.01,59],[13.99,58.99],[14,58.94],[13.99,58.9],[13.98,58.87],[13.95,58.84],[13.92,58.82],[13.89,58.8],[13.86,58.77],[13.83,58.74],[13.8,58.72],[13.74,58.7],[13.63,58.68],[13.52,58.66],[13.44,58.64],[13.36,58.62],[13.3,58.56],[13.24,58.51],[13.19,58.51],[13.17,58.51],[13.15,58.52],[13.14,58.54],[13.15,58.56],[13.15,58.57],[13.15,58.6],[13.12,58.61],[13.04,58.6],[12.95,58.57],[12.91,58.55],[12.87,58.5],[12.8,58.49],[12.73,58.45],[12.68,58.42],[12.65,58.4],[12.62,58.38],[12.6,58.38],[12.58,58.37],[12.56,58.37],[12.55,58.38],[12.55,58.39],[12.57,58.42],[12.57,58.43],[12.55,58.43],[12.51,58.4],[12.38,58.38],[12.33,58.37],[12.31,58.4],[12.33,58.43],[12.49,58.51],[12.61,58.62],[12.61,58.64],[12.56,58.65],[12.53,58.66],[12.5,58.69],[12.5,58.73],[12.5,58.76],[12.47,58.78],[12.45,58.78],[12.43,58.8],[12.43,58.81],[12.46,58.82],[12.47,58.84],[12.47,58.88],[12.46,58.92],[12.47,58.93],[12.48,58.93],[12.5,58.92],[12.51,58.9],[12.52,58.87],[12.53,58.85],[12.54,58.83],[12.56,58.82],[12.58,58.83],[12.6,58.85],[12.62,58.89],[12.65,58.93],[12.68,58.99],[12.71,59.04],[12.75,59.06],[12.78,59.08],[12.82,59.08],[12.87,59.07],[12.95,59.05],[13.04,59.01],[13.06,58.98],[13.09,58.95],[13.12,58.92],[13.16,58.91],[13.2,58.9],[13.24,58.91],[13.24,58.93],[13.22,58.99],[13.18,59.1],[13.12,59.2],[13.1,59.25],[13.1,59.27],[13.11,59.28],[13.12,59.3],[13.13,59.32],[13.14,59.34],[13.15,59.35],[13.17,59.35],[13.19,59.32],[13.22,59.31],[13.25,59.31],[13.25,59.32],[13.25,59.34],[13.26,59.35],[13.28,59.36],[13.32,59.36],[13.38,59.36],[13.46,59.37],[13.55,59.38],[13.63,59.39],[13.68,59.39],[13.72,59.38],[13.74,59.36],[13.74,59.34],[13.75,59.33],[13.77,59.33],[13.8,59.34]],[[29.93,62.43],[29.83,62.39],[29.8,62.36],[29.79,62.33],[29.77,62.31],[29.69,62.32],[29.64,62.31],[29.62,62.29],[29.6,62.27],[29.65,62.22],[29.73,62.2],[29.79,62.2],[29.87,62.19],[29.96,62.16],[29.98,62.13],[29.91,62.12],[29.71,62.15],[29.69,62.14],[29.61,62.14],[29.52,62.12],[29.49,62.09],[29.47,62.08],[29.49,62.05],[29.55,62],[29.61,61.98],[29.64,62],[29.69,62],[29.76,61.95],[29.78,61.91],[29.78,61.89],[29.73,61.87],[29.73,61.85],[29.69,61.83],[29.66,61.83],[29.61,61.8],[29.53,61.78],[29.48,61.74],[29.43,61.73],[29.29,61.65],[29.27,61.61],[29.12,61.6],[29.1,61.58],[28.94,61.63],[28.73,61.67],[28.63,61.64],[28.61,61.62],[28.76,61.61],[28.79,61.59],[28.72,61.58],[28.68,61.56],[28.68,61.52],[28.69,61.48],[28.65,61.48],[28.58,61.47],[28.57,61.44],[28.46,61.4],[28.41,61.37],[28.35,61.35],[28.36,61.33],[28.48,61.33],[28.64,61.35],[28.66,61.37],[28.71,61.35],[28.82,61.3],[28.87,61.25],[28.79,61.2],[28.61,61.16],[28.36,61.09],[28.29,61.08],[27.99,61.08],[27.95,61.07],[27.92,61.08],[27.89,61.11],[27.88,61.16],[27.97,61.19],[28.08,61.18],[28.17,61.15],[28.2,61.16],[28.17,61.19],[28.07,61.23],[27.86,61.25],[27.68,61.23],[27.63,61.21],[27.52,61.23],[27.41,61.26],[27.43,61.27],[27.44,61.3],[27.37,61.33],[27.3,61.33],[27.27,61.32],[27.26,61.38],[27.3,61.43],[27.27,61.47],[27.3,61.48],[27.3,61.56],[27.28,61.65],[27.33,61.69],[27.33,61.63],[27.34,61.6],[27.36,61.53],[27.46,61.52],[27.48,61.54],[27.47,61.55],[27.47,61.6],[27.49,61.62],[27.5,61.6],[27.52,61.58],[27.59,61.58],[27.66,61.61],[27.68,61.64],[27.76,61.66],[27.77,61.69],[27.71,61.73],[27.62,61.76],[27.6,61.78],[27.63,61.8],[27.82,61.73],[27.87,61.7],[27.92,61.66],[27.92,61.63],[27.95,61.6],[28,61.55],[28.05,61.51],[28.1,61.52],[28.13,61.55],[28.15,61.55],[28.18,61.54],[28.23,61.62],[28.25,61.72],[28.26,61.74],[28.31,61.76],[28.34,61.75],[28.37,61.75],[28.44,61.77],[28.54,61.84],[28.67,61.83],[28.81,61.83],[28.84,61.85],[28.84,61.86],[28.74,61.89],[28.7,61.92],[28.58,61.99],[28.43,62.05],[28.4,62.07],[28.3,62.1],[28.17,62.1],[28.09,62.1],[28.03,62.11],[27.93,62.13],[27.9,62.16],[27.9,62.24],[27.88,62.31],[27.88,62.33],[27.85,62.35],[27.84,62.38],[27.8,62.43],[27.76,62.43],[27.68,62.41],[27.6,62.42],[27.55,62.41],[27.49,62.44],[27.46,62.48],[27.42,62.5],[27.37,62.48],[27.3,62.48],[27.24,62.51],[27.18,62.55],[27.16,62.58],[27.19,62.57],[27.3,62.52],[27.34,62.52],[27.35,62.54],[27.37,62.56],[27.4,62.58],[27.6,62.49],[27.65,62.5],[27.67,62.51],[27.67,62.53],[27.61,62.6],[27.62,62.71],[27.65,62.73],[27.67,62.76],[27.65,62.82],[27.67,62.87],[27.68,62.91],[27.65,62.92],[27.62,62.92],[27.59,62.9],[27.56,62.88],[27.56,62.85],[27.49,62.86],[27.41,62.9],[27.39,62.94],[27.33,63],[27.18,63.08],[27.19,63.1],[27.21,63.12],[27.19,63.17],[27.2,63.23],[27.19,63.29],[27.21,63.31],[27.25,63.31],[27.24,63.33],[27.19,63.39],[27.17,63.44],[27.13,63.5],[27.07,63.52],[27.04,63.52],[27.02,63.5],[26.96,63.52],[26.9,63.57],[26.9,63.58],[27.11,63.55],[27.18,63.52],[27.23,63.46],[27.23,63.43],[27.21,63.42],[27.25,63.38],[27.3,63.36],[27.34,63.35],[27.36,63.32],[27.35,63.28],[27.34,63.21],[27.26,63.15],[27.36,63.07],[27.44,63.02],[27.56,63],[27.61,63.01],[27.68,62.98],[27.72,62.95],[27.77,62.95],[27.77,63],[27.74,63.06],[27.77,63.1],[27.81,63.09],[27.85,63.07],[27.85,63.03],[27.89,63.02],[28.01,63.04],[28.11,63.01],[28.28,63.03],[28.35,63.04],[28.35,63.03],[28.31,63],[28.26,62.98],[28.19,62.96],[28.15,62.93],[28.19,62.86],[28.14,62.83],[28.15,62.8],[28.18,62.77],[28.21,62.73],[28.24,62.71],[28.27,62.69],[28.26,62.66],[28.65,62.53],[28.8,62.46],[28.9,62.39],[28.81,62.38],[28.66,62.42],[28.53,62.47],[28.5,62.5],[28.57,62.5],[28.56,62.52],[28.48,62.56],[28.42,62.58],[28.37,62.59],[28.34,62.58],[28.27,62.57],[28.21,62.51],[28.19,62.45],[28.17,62.43],[28.1,62.44],[28.11,62.48],[28.14,62.54],[28.06,62.69],[27.98,62.73],[27.85,62.72],[27.77,62.68],[27.76,62.65],[27.8,62.63],[27.76,62.58],[27.85,62.52],[27.92,62.43],[28.04,62.41],[28.04,62.38],[27.99,62.34],[27.96,62.3],[27.97,62.26],[28.07,62.24],[28.14,62.25],[28.28,62.26],[28.28,62.28],[28.32,62.29],[28.36,62.27],[28.41,62.24],[28.51,62.22],[28.57,62.22],[28.61,62.28],[28.63,62.29],[28.67,62.31],[28.7,62.33],[28.67,62.37],[28.67,62.39],[28.69,62.38],[28.77,62.35],[28.84,62.27],[28.87,62.24],[28.85,62.21],[28.84,62.19],[28.79,62.18],[28.83,62.13],[28.98,62.14],[29.14,62.17],[29.2,62.18],[29.33,62.17],[29.35,62.19],[29.35,62.22],[29.32,62.24],[29.3,62.27],[29.3,62.31],[29.28,62.35],[29.26,62.39],[29.3,62.43],[29.3,62.48],[29.26,62.55],[29.28,62.6],[29.33,62.6],[29.35,62.57],[29.36,62.53],[29.42,62.52],[29.51,62.47],[29.63,62.42],[29.65,62.43],[29.61,62.46],[29.59,62.5],[29.59,62.53],[29.62,62.56],[29.63,62.6],[29.7,62.61],[29.78,62.58],[29.83,62.52],[29.89,62.46],[29.93,62.43]],[[26.59,62.9],[26.68,62.85],[26.73,62.84],[26.74,62.87],[26.71,62.93],[26.73,62.96],[26.76,62.96],[26.77,62.98],[26.92,63.01],[27,63.03],[27.03,63.02],[26.98,63],[26.93,62.94],[26.95,62.92],[26.93,62.91],[26.89,62.92],[26.89,62.89],[26.93,62.86],[26.95,62.85],[26.99,62.86],[27.09,62.84],[27.08,62.83],[27.02,62.83],[27.02,62.8],[26.96,62.79],[26.88,62.8],[26.92,62.74],[26.98,62.69],[26.95,62.65],[27,62.61],[26.98,62.6],[26.9,62.62],[26.85,62.61],[26.82,62.56],[26.83,62.53],[26.85,62.5],[26.89,62.5],[26.93,62.48],[26.91,62.46],[26.78,62.48],[26.74,62.49],[26.72,62.55],[26.69,62.6],[26.66,62.58],[26.67,62.55],[26.63,62.48],[26.58,62.41],[26.5,62.39],[26.43,62.37],[26.43,62.33],[26.42,62.32],[26.38,62.35],[26.38,62.38],[26.41,62.42],[26.47,62.43],[26.51,62.42],[26.51,62.45],[26.56,62.49],[26.53,62.54],[26.38,62.57],[26.27,62.55],[26.24,62.52],[26.24,62.48],[26.25,62.44],[26.29,62.41],[26.31,62.37],[26.28,62.34],[26.17,62.36],[26.13,62.33],[26.13,62.28],[26.09,62.3],[26.05,62.35],[25.99,62.37],[25.96,62.36],[25.98,62.31],[26,62.28],[25.97,62.25],[25.95,62.21],[25.95,62.14],[25.92,62.15],[25.9,62.2],[25.88,62.21],[25.83,62.15],[25.82,62.07],[25.88,62.02],[25.86,62],[25.79,61.99],[25.77,61.97],[25.7,61.96],[25.64,61.95],[25.63,61.92],[25.65,61.9],[25.7,61.89],[25.68,61.87],[25.62,61.84],[25.59,61.79],[25.62,61.77],[25.68,61.8],[25.72,61.81],[25.72,61.78],[25.68,61.71],[25.68,61.64],[25.71,61.6],[25.63,61.6],[25.59,61.59],[25.58,61.54],[25.57,61.49],[25.64,61.47],[25.61,61.44],[25.54,61.42],[25.56,61.39],[25.55,61.33],[25.58,61.31],[25.76,61.28],[25.98,61.26],[26.01,61.23],[26.03,61.21],[26.08,61.2],[26.12,61.21],[26.11,61.25],[26.16,61.31],[26.28,61.37],[26.28,61.36],[26.24,61.32],[26.25,61.28],[26.26,61.25],[26.23,61.24],[26.21,61.26],[26.17,61.27],[26.15,61.26],[26.18,61.22],[26.2,61.18],[26.18,61.15],[26.24,61.1],[26.22,61.08],[26.18,61.06],[26.18,61.04],[26.15,61],[26.1,60.96],[26.03,60.96],[26.07,61],[26.1,61.1],[26.03,61.17],[25.96,61.19],[25.91,61.18],[25.87,61.17],[25.79,61.22],[25.67,61.27],[25.62,61.26],[25.65,61.24],[25.66,61.21],[25.58,61.17],[25.53,61.11],[25.56,61.08],[25.6,61.05],[25.59,61.02],[25.55,61.03],[25.52,61.06],[25.48,61.09],[25.45,61.07],[25.41,61.06],[25.36,61.08],[25.4,61.12],[25.46,61.16],[25.5,61.23],[25.47,61.28],[25.44,61.27],[25.43,61.25],[25.41,61.25],[25.39,61.28],[25.36,61.31],[25.3,61.33],[25.27,61.35],[25.25,61.37],[25.26,61.39],[25.19,61.47],[25.19,61.53],[25.23,61.55],[25.27,61.57],[25.34,61.58],[25.4,61.58],[25.42,61.63],[25.4,61.67],[25.36,61.7],[25.23,61.76],[25.21,61.79],[25.24,61.8],[25.31,61.78],[25.39,61.79],[25.44,61.84],[25.39,61.87],[25.31,61.88],[25.32,61.9],[25.42,61.92],[25.51,61.93],[25.51,61.95],[25.54,61.99],[25.62,62.01],[25.67,62.06],[25.59,62.1],[25.5,62.11],[25.47,62.14],[25.55,62.14],[25.67,62.14],[25.71,62.16],[25.72,62.19],[25.74,62.22],[25.76,62.23],[25.82,62.25],[25.88,62.29],[25.91,62.33],[25.92,62.39],[25.9,62.44],[25.86,62.44],[25.84,62.43],[25.83,62.45],[25.81,62.49],[25.76,62.53],[25.69,62.54],[25.64,62.59],[25.63,62.63],[25.78,62.65],[25.79,62.7],[25.83,62.73],[25.89,62.72],[25.89,62.76],[25.83,62.78],[25.82,62.79],[25.86,62.83],[25.87,62.87],[25.93,62.91],[25.87,62.99],[25.83,63.01],[25.74,63.05],[25.62,63.07],[25.54,63.03],[25.52,62.97],[25.5,62.96],[25.44,62.97],[25.37,63.01],[25.38,63.03],[25.44,63.05],[25.45,63.1],[25.44,63.13],[25.51,63.15],[25.59,63.21],[25.62,63.22],[25.62,63.18],[25.68,63.14],[25.79,63.09],[25.82,63.1],[25.84,63.13],[25.9,63.11],[25.93,63.08],[25.99,63.04],[26.08,62.99],[26.08,62.98],[26.02,62.99],[26.01,62.97],[26.08,62.93],[26.22,62.85],[26.36,62.77],[26.37,62.73],[26.3,62.73],[26.2,62.78],[26.1,62.83],[26.07,62.82],[26.04,62.8],[26.01,62.75],[26.01,62.71],[25.98,62.71],[26.02,62.67],[26.03,62.63],[25.91,62.65],[25.82,62.61],[25.83,62.53],[25.94,62.46],[26.02,62.48],[26.06,62.52],[26.1,62.52],[26.1,62.49],[26.07,62.45],[26.08,62.42],[26.16,62.39],[26.18,62.46],[26.18,62.55],[26.22,62.57],[26.34,62.61],[26.36,62.63],[26.45,62.63],[26.47,62.7],[26.39,62.79],[26.36,62.83],[26.36,62.85],[26.45,62.8],[26.5,62.75],[26.56,62.71],[26.69,62.64],[26.79,62.61],[26.81,62.62],[26.83,62.66],[26.82,62.7],[26.75,62.74],[26.69,62.79],[26.67,62.82],[26.59,62.87],[26.57,62.9],[26.59,62.9]],[[28.07,64.12],[28.01,64.13],[27.93,64.14],[27.65,64.22],[27.56,64.27],[27.51,64.27],[27.48,64.25],[27.42,64.23],[27.32,64.21],[27.28,64.17],[27.29,64.13],[27.26,64.12],[27.2,64.16],[27.07,64.2],[26.94,64.24],[26.92,64.28],[26.79,64.36],[26.78,64.39],[26.81,64.41],[26.83,64.44],[26.81,64.47],[26.83,64.51],[26.87,64.53],[27.11,64.52],[27.21,64.5],[27.22,64.41],[27.26,64.37],[27.37,64.33],[27.47,64.34],[27.58,64.38],[27.73,64.4],[27.93,64.38],[27.91,64.33],[27.93,64.31],[27.88,64.31],[27.8,64.3],[27.74,64.28],[27.76,64.24],[27.86,64.23],[27.94,64.2],[28.06,64.18],[28.16,64.16],[28.19,64.14],[28.19,64.13],[28.16,64.12],[28.07,64.12]],[[27.32,58.4],[27.24,58.45],[27.16,58.65],[26.97,58.81],[26.97,58.88],[27.11,58.95],[27.3,58.99],[27.52,59.01],[27.68,58.98],[27.75,58.91],[27.81,58.57],[27.82,58.48],[27.8,58.45],[27.75,58.43],[27.58,58.31],[27.56,58.26],[27.57,58.21],[27.5,58.18],[27.47,58.22],[27.43,58.3],[27.32,58.4]],[[14.54,58.14],[14.5,58.09],[14.34,57.93],[14.25,57.81],[14.16,57.8],[14.12,57.92],[14.21,58.15],[14.39,58.41],[14.51,58.56],[14.63,58.68],[14.73,58.73],[14.82,58.79],[14.93,58.85],[14.97,58.85],[14.96,58.84],[14.93,58.78],[14.94,58.76],[14.93,58.7],[14.9,58.63],[14.89,58.59],[14.96,58.54],[14.95,58.51],[14.83,58.46],[14.69,58.39],[14.62,58.3],[14.58,58.2],[14.54,58.14]],[[26.64,62.01],[26.7,61.99],[26.75,61.98],[26.82,61.95],[26.87,61.9],[26.88,61.87],[26.88,61.85],[26.89,61.8],[26.9,61.75],[26.93,61.73],[26.98,61.71],[27.03,61.7],[27.04,61.69],[27.04,61.67],[27.04,61.66],[27,61.66],[26.94,61.67],[26.86,61.7],[26.8,61.7],[26.74,61.69],[26.77,61.67],[26.84,61.65],[26.88,61.63],[26.88,61.59],[26.89,61.58],[26.89,61.57],[26.87,61.56],[26.83,61.57],[26.81,61.57],[26.8,61.56],[26.78,61.58],[26.76,61.61],[26.66,61.68],[26.55,61.76],[26.47,61.79],[26.41,61.81],[26.35,61.83],[26.29,61.85],[26.28,61.87],[26.31,61.9],[26.35,61.93],[26.41,61.98],[26.44,61.96],[26.43,61.95],[26.39,61.91],[26.38,61.87],[26.42,61.86],[26.46,61.87],[26.49,61.89],[26.52,61.9],[26.54,61.92],[26.53,61.93],[26.53,61.94],[26.58,61.94],[26.6,61.92],[26.63,61.89],[26.67,61.87],[26.68,61.87],[26.69,61.88],[26.69,61.89],[26.71,61.89],[26.74,61.87],[26.77,61.86],[26.8,61.87],[26.81,61.89],[26.81,61.9],[26.76,61.91],[26.7,61.93],[26.64,61.97],[26.59,62.02],[26.59,62.04],[26.64,62.01]],[[26.25,61.82],[26.27,61.78],[26.28,61.75],[26.28,61.73],[26.29,61.72],[26.33,61.71],[26.35,61.71],[26.41,61.72],[26.44,61.73],[26.47,61.74],[26.51,61.72],[26.54,61.69],[26.56,61.65],[26.57,61.62],[26.54,61.61],[26.47,61.61],[26.35,61.66],[26.24,61.72],[26.18,61.73],[26.12,61.72],[26.08,61.7],[26.07,61.68],[26.09,61.66],[26.1,61.65],[26.12,61.66],[26.14,61.67],[26.17,61.65],[26.18,61.63],[26.17,61.6],[26.16,61.56],[26.15,61.55],[26.11,61.54],[26.06,61.55],[26.01,61.59],[25.96,61.62],[25.9,61.65],[25.89,61.68],[25.93,61.69],[25.95,61.72],[25.97,61.74],[25.95,61.77],[25.94,61.79],[25.94,61.8],[26.03,61.77],[26.13,61.77],[26.18,61.8],[26.22,61.84],[26.24,61.84],[26.25,61.82]],[[24.42,61.62],[24.45,61.63],[24.48,61.65],[24.5,61.67],[24.49,61.68],[24.52,61.69],[24.6,61.7],[24.69,61.72],[24.7,61.7],[24.67,61.67],[24.66,61.66],[24.64,61.66],[24.61,61.65],[24.56,61.64],[24.49,61.61],[24.46,61.59],[24.51,61.55],[24.47,61.53],[24.34,61.52],[24.26,61.5],[24.19,61.46],[24.17,61.42],[24.17,61.4],[24.15,61.38],[24.13,61.34],[24.16,61.33],[24.24,61.31],[24.28,61.29],[24.24,61.29],[24.16,61.28],[24.08,61.26],[24.02,61.25],[24.01,61.23],[24.04,61.21],[24.09,61.19],[24.18,61.18],[24.24,61.2],[24.3,61.19],[24.36,61.16],[24.37,61.15],[24.35,61.14],[24.33,61.14],[24.34,61.12],[24.4,61.07],[24.44,61.03],[24.41,61.04],[24.35,61.07],[24.28,61.09],[24.03,61.15],[23.87,61.18],[23.78,61.21],[23.77,61.28],[23.8,61.26],[23.84,61.23],[23.92,61.21],[23.95,61.22],[23.98,61.26],[24.02,61.28],[24.04,61.31],[24.02,61.37],[24.04,61.42],[24.17,61.48],[24.25,61.53],[24.31,61.55],[24.36,61.59],[24.33,61.61],[24.31,61.62],[24.32,61.63],[24.37,61.63],[24.42,61.62]],[[23.74,61.67],[23.74,61.65],[23.82,61.65],[23.83,61.64],[23.77,61.62],[23.78,61.61],[23.8,61.6],[23.79,61.56],[23.78,61.52],[23.73,61.5],[23.61,61.46],[23.51,61.42],[23.51,61.39],[23.53,61.37],[23.57,61.35],[23.65,61.33],[23.71,61.32],[23.71,61.3],[23.72,61.29],[23.72,61.27],[23.72,61.26],[23.68,61.28],[23.57,61.3],[23.49,61.33],[23.44,61.37],[23.38,61.38],[23.35,61.39],[23.36,61.4],[23.42,61.42],[23.51,61.45],[23.64,61.49],[23.71,61.51],[23.68,61.53],[23.64,61.56],[23.63,61.59],[23.6,61.62],[23.57,61.64],[23.6,61.65],[23.63,61.65],[23.63,61.67],[23.6,61.69],[23.62,61.71],[23.67,61.73],[23.67,61.74],[23.68,61.78],[23.69,61.81],[23.7,61.82],[23.72,61.84],[23.71,61.86],[23.75,61.88],[23.84,61.87],[23.86,61.88],[23.86,61.89],[23.87,61.91],[23.95,61.94],[24.03,61.97],[24.02,61.99],[24.02,62],[24.01,62.04],[24,62.08],[23.97,62.09],[23.87,62.09],[23.74,62.1],[23.68,62.12],[23.68,62.13],[23.67,62.14],[23.65,62.17],[23.64,62.2],[23.64,62.22],[23.68,62.23],[23.7,62.23],[23.69,62.21],[23.68,62.19],[23.7,62.16],[23.75,62.16],[23.81,62.16],[23.85,62.14],[23.88,62.14],[23.91,62.15],[23.92,62.19],[23.93,62.22],[23.97,62.23],[24,62.23],[23.98,62.21],[23.95,62.18],[23.95,62.16],[23.98,62.16],[24.03,62.15],[24.12,62.15],[24.18,62.16],[24.15,62.14],[24.12,62.12],[24.12,62.09],[24.13,62.06],[24.18,62.04],[24.22,62.05],[24.26,62.08],[24.29,62.12],[24.3,62.12],[24.32,62.11],[24.34,62.1],[24.32,62.07],[24.3,62.04],[24.32,62.03],[24.38,62.03],[24.5,62.03],[24.57,62.05],[24.52,62.08],[24.46,62.1],[24.38,62.12],[24.34,62.15],[24.36,62.16],[24.44,62.14],[24.53,62.11],[24.59,62.09],[24.61,62.11],[24.6,62.15],[24.58,62.18],[24.59,62.2],[24.6,62.2],[24.62,62.2],[24.61,62.23],[24.61,62.25],[24.63,62.26],[24.66,62.27],[24.67,62.23],[24.68,62.19],[24.72,62.2],[24.73,62.18],[24.71,62.13],[24.69,62.1],[24.63,62.04],[24.63,61.99],[24.68,61.95],[24.71,61.92],[24.68,61.93],[24.6,61.96],[24.55,61.99],[24.48,62],[24.42,62],[24.42,61.99],[24.38,61.99],[24.29,62],[24.18,62.01],[24.09,62.02],[24.12,61.99],[24.1,61.95],[24.05,61.93],[24,61.91],[23.96,61.89],[23.95,61.88],[23.85,61.83],[23.76,61.79],[23.78,61.76],[23.79,61.73],[23.77,61.7],[23.74,61.67]]],[[[9.07,53.85],[8.87,53.81],[8.75,53.84],[8.66,53.9],[8.52,53.76],[8.44,53.63],[8.8,53.54],[9.33,53.59],[9.07,53.85]]],[[[15.2,54.04],[15.08,54],[14.89,53.98],[14.58,53.93],[14.47,53.91],[14.47,53.88],[14.48,53.82],[14.56,53.76],[14.57,53.69],[14.5,53.62],[14.54,53.54],[14.43,53.59],[14.28,53.61],[14.19,53.62],[14.18,53.68],[14.01,53.67],[13.85,53.73],[13.78,53.78],[13.76,53.88],[13.74,54.03],[13.67,54.08],[13.43,54.03],[13.35,54.06],[13.06,54.19],[13.03,54.27],[12.94,54.35],[12.76,54.27],[12.65,54.32],[12.46,54.25],[12.43,54.24],[13.21,53.53],[15.12,53.25],[15.2,54.04]]],[[[19.92,80.63],[19.4,80.37],[19.07,80.16],[18.7,80.09],[18.33,79.88],[19.22,79.74],[19.56,79.77],[20.34,79.8],[21.25,79.79],[21.97,79.78],[21.65,79.48],[20.98,79.36],[21,79.19],[23.82,79.15],[24.42,79.31],[24.86,79.38],[25.34,79.4],[26.07,79.57],[26.97,79.85],[27.2,79.94],[26.95,80.11],[26.25,80.2],[25.35,80.15],[25.03,80.17],[24.78,80.38],[24.42,80.44],[23.94,80.32],[23.5,80.1],[23.12,80.1],[23.08,80.24],[23.22,80.61],[22.83,80.47],[22.59,80.27],[22.2,80.12],[21.88,80.28],[21.48,80.31],[20.97,80.27],[20.52,80.32],[19.92,80.63]]],[[[19.04,57.9],[19.07,57.86],[19.08,57.86],[19.09,57.85],[19.13,57.84],[19.14,57.9],[19.14,57.91],[19.15,57.91],[19.15,57.92],[19.16,57.93],[19.17,57.93],[19.24,57.95],[19.26,57.95],[19.27,57.95],[19.28,57.94],[19.29,57.94],[19.33,57.96],[19.34,57.96],[19.33,57.97],[19.31,57.97],[19.3,57.98],[19.29,57.98],[19.1,57.98],[19.1,57.97],[19.09,57.97],[19.04,57.92],[19.03,57.91],[19.03,57.9],[19.04,57.9]]],[[[18.12,57.53],[18.11,57.52],[18.11,57.51],[18.11,57.5],[18.12,57.48],[18.14,57.41],[18.16,57.32],[18.15,57.24],[18.17,57.14],[18.25,57.08],[18.26,57.03],[18.21,56.99],[18.16,56.94],[18.14,56.92],[18.14,56.91],[18.15,56.91],[18.17,56.91],[18.21,56.91],[18.22,56.91],[18.29,56.93],[18.3,56.94],[18.35,57],[18.34,57.01],[18.34,57.02],[18.34,57.07],[18.35,57.08],[18.39,57.12],[18.39,57.13],[18.4,57.13],[18.42,57.14],[18.44,57.15],[18.46,57.16],[18.5,57.17],[18.51,57.17],[18.55,57.18],[18.66,57.22],[18.71,57.24],[18.71,57.25],[18.79,57.45],[18.77,57.47],[18.76,57.51],[18.79,57.66],[18.81,57.7],[18.85,57.72],[18.93,57.74],[19.03,57.83],[19,57.9],[19.01,57.9],[19,57.91],[18.91,57.92],[18.9,57.92],[18.88,57.92],[18.72,57.92],[18.69,57.92],[18.68,57.91],[18.48,57.82],[18.47,57.81],[18.46,57.81],[18.46,57.8],[18.42,57.76],[18.4,57.74],[18.38,57.72],[18.36,57.7],[18.34,57.68],[18.29,57.65],[18.28,57.63],[18.25,57.62],[18.24,57.62],[18.23,57.61],[18.21,57.61],[18.19,57.6],[18.18,57.59],[18.14,57.55],[18.12,57.53]]],[[[27.84,62.91],[27.89,62.83],[28.01,62.78],[28.07,62.75],[28.11,62.76],[28.11,62.79],[28.1,62.85],[28.07,62.94],[28.06,62.98],[27.99,62.98],[27.9,62.97],[27.85,62.95],[27.84,62.91]]],[[[27.59,61.27],[27.64,61.27],[27.68,61.31],[27.66,61.35],[27.63,61.38],[27.56,61.4],[27.51,61.41],[27.42,61.44],[27.36,61.42],[27.33,61.4],[27.37,61.37],[27.48,61.32],[27.59,61.27]]],[[[27.66,61.43],[27.71,61.4],[27.75,61.4],[27.8,61.4],[27.91,61.44],[27.96,61.48],[27.97,61.5],[27.95,61.53],[27.92,61.53],[27.86,61.52],[27.79,61.54],[27.73,61.55],[27.71,61.53],[27.7,61.49],[27.67,61.48],[27.59,61.49],[27.55,61.49],[27.52,61.49],[27.56,61.46],[27.66,61.43]]],[[[28.49,61.44],[28.5,61.48],[28.44,61.52],[28.46,61.56],[28.49,61.6],[28.54,61.62],[28.52,61.7],[28.48,61.72],[28.39,61.71],[28.33,61.73],[28.28,61.71],[28.28,61.66],[28.29,61.62],[28.31,61.58],[28.24,61.54],[28.24,61.52],[28.26,61.5],[28.25,61.47],[28.23,61.44],[28.24,61.39],[28.31,61.41],[28.42,61.42],[28.49,61.44]]],[[[29.44,62.04],[29.36,62.1],[29.32,62.13],[29.23,62.13],[29.19,62.12],[29.1,62.12],[29.02,62.12],[28.94,62.1],[28.81,62.08],[28.7,62.08],[28.69,62.04],[28.71,61.99],[28.83,61.96],[28.94,61.87],[28.99,61.8],[29.14,61.78],[29.25,61.81],[29.31,61.87],[29.33,61.94],[29.34,61.97],[29.4,61.97],[29.44,61.95],[29.47,61.95],[29.48,61.97],[29.44,62.04]]],[[[16.42,56.22],[16.42,56.21],[16.43,56.21],[16.44,56.21],[16.47,56.22],[16.49,56.23],[16.5,56.24],[16.55,56.33],[16.57,56.36],[16.58,56.36],[16.58,56.37],[16.57,56.37],[16.57,56.38],[16.57,56.39],[16.58,56.41],[16.64,56.52],[16.73,56.7],[16.77,56.8],[16.78,56.81],[16.79,56.81],[16.81,56.82],[16.82,56.83],[16.83,56.83],[16.84,56.83],[16.85,56.84],[16.88,56.93],[16.93,57.04],[16.96,57.08],[17.01,57.13],[17.05,57.19],[17.12,57.32],[17.11,57.35],[17.1,57.35],[17.06,57.36],[17.04,57.35],[17.02,57.35],[17.01,57.34],[16.99,57.33],[16.98,57.32],[16.97,57.31],[16.97,57.29],[16.96,57.28],[16.96,57.27],[16.96,57.26],[16.97,57.24],[16.96,57.23],[16.96,57.22],[16.9,57.14],[16.85,57.06],[16.75,56.94],[16.65,56.88],[16.63,56.88],[16.62,56.87],[16.61,56.87],[16.54,56.78],[16.42,56.59],[16.4,56.54],[16.39,56.53],[16.39,56.47],[16.4,56.27],[16.41,56.23],[16.42,56.22]]],[[[22.48,58.24],[22.49,58.24],[22.52,58.24],[22.58,58.24],[22.65,58.23],[22.76,58.24],[23.03,58.36],[23.06,58.39],[23.08,58.41],[23.14,58.44],[23.2,58.45],[23.21,58.45],[23.23,58.44],[23.25,58.43],[23.27,58.43],[23.33,58.43],[23.33,58.44],[23.33,58.45],[23.32,58.46],[23.29,58.48],[23.27,58.49],[23.26,58.5],[23.09,58.56],[22.99,58.6],[22.98,58.6],[22.92,58.62],[22.91,58.62],[22.87,58.62],[22.82,58.62],[22.81,58.62],[22.78,58.61],[22.77,58.6],[22.62,58.59],[22.5,58.6],[22.33,58.58],[22.2,58.55],[22.19,58.55],[22.11,58.49],[22,58.52],[21.99,58.52],[21.93,58.52],[21.84,58.51],[21.83,58.51],[21.85,58.49],[21.87,58.48],[21.88,58.47],[21.9,58.47],[21.91,58.46],[21.92,58.46],[22,58.38],[22.01,58.36],[22.01,58.35],[21.96,58.34],[21.9,58.34],[21.89,58.34],[21.87,58.34],[21.84,58.3],[21.84,58.29],[21.85,58.28],[21.87,58.26],[21.88,58.25],[22.07,58.18],[22.08,58.17],[22.13,58.16],[22.15,58.16],[22.18,58.16],[22.19,58.16],[22.2,58.15],[22.2,58.14],[22.15,58.09],[22.11,58.08],[22.1,58.09],[22.09,58.08],[22.08,58.08],[21.99,57.98],[21.98,57.96],[21.99,57.92],[22,57.92],[22.01,57.91],[22.02,57.91],[22.04,57.91],[22.05,57.91],[22.07,57.92],[22.1,57.93],[22.2,57.99],[22.26,58.09],[22.27,58.1],[22.28,58.14],[22.27,58.15],[22.27,58.16],[22.27,58.17],[22.27,58.18],[22.28,58.18],[22.29,58.19],[22.37,58.22],[22.38,58.22],[22.48,58.24]]],[[[22.82,58.77],[22.85,58.77],[22.88,58.78],[22.89,58.79],[22.89,58.81],[22.88,58.82],[22.87,58.82],[22.88,58.83],[22.95,58.84],[22.96,58.85],[23.01,58.83],[23.02,58.82],[23.05,58.84],[23.04,58.85],[22.95,58.97],[22.93,58.98],[22.86,59],[22.84,59],[22.8,59],[22.75,59],[22.73,59],[22.72,59],[22.7,59.01],[22.7,59.02],[22.7,59.04],[22.7,59.05],[22.58,59.07],[22.52,59.02],[22.49,58.99],[22.47,58.98],[22.43,58.97],[22.38,58.95],[22.19,58.95],[22.07,58.95],[22.05,58.95],[22.04,58.94],[22.05,58.93],[22.06,58.92],[22.17,58.89],[22.18,58.89],[22.23,58.88],[22.25,58.88],[22.28,58.89],[22.34,58.89],[22.37,58.89],[22.38,58.89],[22.39,58.88],[22.41,58.87],[22.43,58.86],[22.45,58.84],[22.45,58.83],[22.47,58.76],[22.47,58.72],[22.47,58.71],[22.47,58.7],[22.48,58.7],[22.52,58.69],[22.53,58.69],[22.55,58.69],[22.57,58.69],[22.6,58.69],[22.62,58.69],[22.65,58.7],[22.67,58.71],[22.68,58.71],[22.68,58.72],[22.69,58.73],[22.69,58.74],[22.7,58.75],[22.72,58.78],[22.74,58.8],[22.75,58.81],[22.78,58.82],[22.8,58.83],[22.81,58.83],[22.83,58.82],[22.82,58.81],[22.8,58.8],[22.79,58.8],[22.78,58.8],[22.78,58.79],[22.78,58.78],[22.8,58.77],[22.82,58.77]]],[[[20.21,59.98],[20.23,60],[20.21,60.06],[20.2,60.06],[20.19,60.07],[20.16,60.07],[20.12,60.08],[20.11,60.09],[20.1,60.1],[20.09,60.09],[20.01,60.07],[20,60.06],[20,60.05],[20.13,60],[20.14,59.99],[20.2,59.98],[20.21,59.98]]],[[[19.61,60.25],[19.6,60.26],[19.59,60.26],[19.58,60.26],[19.57,60.25],[19.54,60.23],[19.51,60.18],[19.52,60.15],[19.54,60.13],[19.55,60.13],[19.56,60.12],[19.58,60.12],[19.6,60.15],[19.67,60.15],[19.68,60.16],[19.67,60.17],[19.67,60.19],[19.63,60.24],[19.61,60.25]]],[[[20.04,60.31],[20.05,60.31],[20.06,60.3],[20.07,60.3],[20.12,60.24],[20.12,60.23],[20.11,60.22],[20.1,60.22],[20.08,60.18],[20.09,60.17],[20.16,60.16],[20.17,60.16],[20.22,60.21],[20.28,60.27],[20.09,60.35],[19.91,60.4],[19.87,60.4],[19.86,60.4],[19.83,60.39],[19.81,60.38],[19.78,60.35],[19.83,60.32],[19.84,60.32],[19.86,60.31],[19.87,60.32],[19.87,60.33],[19.88,60.34],[19.89,60.34],[19.9,60.34],[19.93,60.3],[19.94,60.3],[19.94,60.29],[19.93,60.28],[19.82,60.19],[19.81,60.19],[19.8,60.19],[19.79,60.19],[19.76,60.24],[19.77,60.25],[19.78,60.26],[19.78,60.29],[19.75,60.31],[19.65,60.26],[19.7,60.16],[19.72,60.13],[19.75,60.1],[19.77,60.08],[19.85,60.08],[19.86,60.08],[19.87,60.08],[19.87,60.09],[19.88,60.1],[19.9,60.1],[19.91,60.1],[19.92,60.09],[19.93,60.09],[19.93,60.08],[19.94,60.06],[19.94,60.04],[19.95,60.08],[19.95,60.09],[19.96,60.09],[19.97,60.09],[20,60.09],[20.02,60.09],[20.04,60.09],[20.05,60.09],[20.05,60.1],[20.03,60.15],[19.99,60.17],[19.95,60.18],[19.94,60.18],[19.93,60.19],[19.91,60.21],[19.91,60.22],[20.02,60.31],[20.04,60.31]]],[[[14.47,53.88],[14.42,53.92],[14.31,53.92],[14.23,53.91],[14.25,53.82],[14.33,53.83],[14.46,53.82],[14.47,53.88]]],[[[13.78,54.04],[13.78,53.95],[13.83,53.83],[14.03,53.87],[14.07,53.84],[14.15,53.83],[14.21,53.81],[14.17,53.91],[14.07,53.92],[13.78,54.04]]]]},"properties":{"NAME":"Sweden","SUBJECTO":"Sweden","BORDERPRECISION":3}},
{"type":"Feature","geometry":{"type":"Polygon","coordinates":[[[51.37,47.09],[51.51,47.06],[51.67,47.04],[51.79,47.01],[51.94,46.89],[52.14,46.84],[52.38,46.87],[52.47,46.91],[52.56,46.98],[52.86,46.94],[53.02,46.92],[53.19,46.87],[53.23,46.73],[53.28,46.68],[53.17,46.59],[53.12,46.5],[53.19,46.42],[53.26,46.32],[53.2,46.19],[53.15,45.96],[53.05,45.83],[52.98,45.78],[57.73,44.63],[60.95,45.25],[60.61,45.43],[57.15,51.23],[55.25,51.71],[51.39,51.06],[51.13,50.42],[51.9,49.39],[51.39,48.11],[51.75,47.51],[51.77,47.46],[51.37,47.09]]]},"properties":{"NAME":"Nogai Horde","SUBJECTO":"Nogai Horde","BORDERPRECISION":1}},
{"type":"Feature","geometry":{"type":"Polygon","coordinates":[[[69.82,41.21],[68.78,40.94],[60.95,45.25],[57.73,44.63],[52.98,45.78],[52.92,45.73],[52.83,45.64],[52.84,45.51],[53.06,45.45],[53.21,45.36],[53.28,45.33],[53.06,45.34],[52.61,45.4],[52.11,45.38],[52,45.38],[51.85,45.44],[51.77,45.39],[51.63,45.35],[51.51,45.37],[51.46,45.31],[51.38,45.17],[51.34,45.06],[51.22,45.04],[51.1,44.88],[51.19,44.77],[51.37,44.68],[51.49,44.63],[51.58,44.55],[51.41,44.52],[51.33,44.48],[51.09,44.56],[50.87,44.63],[50.72,44.64],[50.54,44.64],[50.41,44.62],[50.33,44.56],[50.33,44.37],[50.39,44.29],[50.7,44.26],[50.96,44.2],[50.99,44.08],[51.17,43.72],[51.26,43.61],[51.37,43.56],[51.46,43.39],[51.42,43.26],[51.42,43.17],[51.58,43.18],[51.74,43.18],[51.88,43.05],[51.98,42.91],[52.07,42.83],[52.16,42.85],[52.3,42.87],[52.38,42.8],[52.58,42.83],[52.76,42.76],[52.83,42.65],[52.75,42.56],[52.74,42.42],[52.67,42.28],[52.58,42.19],[52.52,42.07],[52.57,42.02],[52.6,41.94],[52.56,41.76],[52.68,41.69],[52.71,41.61],[52.69,41.53],[52.86,41.39],[52.97,41.14],[52.96,41.27],[52.93,41.38],[52.97,41.56],[53,41.68],[52.94,41.77],[52.98,41.9],[53.07,42.03],[53.27,42.09],[53.46,42.1],[53.74,42.13],[53.99,42.11],[54.02,42.05],[54.02,41.95],[54.02,41.86],[54.12,41.78],[54.14,41.63],[54.17,41.48],[54.36,41.39],[54.6,41.24],[54.75,41.14],[54.83,40.98],[54.82,40.88],[54.72,40.85],[54.61,40.81],[54.5,40.85],[54.45,40.92],[54.37,40.9],[54.39,40.8],[54.45,40.72],[54.42,40.66],[54.33,40.69],[54.22,40.73],[54.11,40.68],[53.98,40.65],[53.84,40.64],[53.79,40.73],[53.76,40.87],[53.7,40.88],[53.65,40.88],[53.66,40.81],[53.61,40.75],[53.44,40.8],[53.26,40.76],[53.18,40.84],[53.15,40.9],[53.06,41.05],[53.02,40.95],[52.97,40.82],[52.95,40.71],[52.9,40.56],[52.83,40.47],[52.85,40.33],[52.85,40.18],[52.91,40.05],[52.99,39.93],[53.05,40],[53.19,39.96],[53.36,39.96],[53.51,40],[53.69,39.98],[53.59,39.89],[53.52,39.78],[53.55,39.65],[53.67,39.64],[53.81,39.55],[53.79,39.49],[53.74,39.5],[53.54,39.54],[53.37,39.52],[53.31,39.57],[53.25,39.45],[53.21,39.4],[53.25,39.3],[53.33,39.39],[53.5,39.34],[53.58,39.32],[53.66,39.32],[53.68,39.25],[53.77,39.14],[53.92,39.05],[54.03,38.99],[54.07,38.9],[54.03,38.79],[53.99,38.66],[53.94,38.57],[53.94,38.33],[53.94,38.16],[56.43,38.21],[58.62,39.05],[60.38,39.18],[60.98,39.22],[62.11,39.22],[62.66,39.22],[64.35,37.87],[64.4,37.64],[64.68,36.53],[66.34,36.31],[69.23,37.37],[70.1,37.91],[69.82,41.21]]]},"properties":{"NAME":"Khiva Khanate","SUBJECTO":"Khiva Khanate","BORDERPRECISION":1}},
{"type":"Feature","geometry":{"type":"Polygon","coordinates":[[[85.61,48.23],[85.6,48.23],[85.38,48.15],[83.12,48.28],[84.27,49.2],[81.48,50.29],[78.65,50.81],[74.92,54.15],[74.63,54.32],[72.99,55.31],[64.69,54.27],[64.46,53.58],[63.99,52.8],[63.04,51.18],[60.82,50.86],[58.33,50.93],[57.15,51.23],[60.61,45.43],[60.95,45.25],[68.78,40.94],[69.82,41.21],[80.94,44.08],[85.54,47.18],[85.61,48.23]]]},"properties":{"NAME":"Quazaq Khanate","SUBJECTO":"Quazaq Khanate","BORDERPRECISION":1}},
{"type":"Feature","geometry":{"type":"Polygon","coordinates":[[[49.48,30.05],[49.51,30.02],[49.72,30],[50.13,30.07],[50.36,29.74],[50.7,29.4],[50.7,29.13],[50.8,29.01],[51.08,28.51],[51.35,28.04],[51.61,27.83],[51.7,27.81],[51.96,27.78],[52.41,27.58],[52.63,27.31],[52.78,27.19],[52.89,27.05],[53.38,26.91],[53.63,26.75],[54.06,26.7],[54.65,26.39],[54.76,26.41],[54.93,26.54],[55.1,26.74],[55.34,26.8],[55.42,26.96],[55.66,27],[55.81,27.01],[55.9,27.1],[56.07,27.11],[56.43,27.11],[56.67,27.05],[56.68,26.97],[56.79,26.97],[56.93,26.75],[56.93,26.46],[57.07,26.31],[57.11,26.08],[57.25,26.02],[57.25,25.79],[57.33,25.79],[57.46,25.7],[57.81,25.65],[57.9,25.54],[58.11,25.55],[58.37,25.55],[58.74,25.54],[58.82,25.48],[59.03,25.31],[59.3,25.34],[59.65,25.32],[60.3,25.32],[60.48,25.3],[60.75,25.18],[60.86,25.1],[61.34,25.03],[61.57,25.04],[61.81,25.05],[62.14,25.1],[62.45,25.16],[63.02,25.16],[63.4,25.16],[63.65,25.34],[64.06,25.4],[64.12,25.31],[64.24,25.21],[64.42,25.17],[64.85,25.21],[65.22,25.27],[65.77,25.31],[66.3,25.49],[66.93,28.11],[66.77,30.42],[67.63,31.13],[67.49,32.43],[67.77,33.43],[67.05,35.59],[65.47,35.01],[66.34,36.31],[64.68,36.53],[64.4,37.64],[64.35,37.87],[62.66,39.22],[62.11,39.22],[60.98,39.22],[60.38,39.18],[58.62,39.05],[56.43,38.21],[53.94,38.16],[53.88,38.03],[53.93,37.82],[53.99,37.52],[54.02,37.35],[54.01,37.35],[54.07,36.94],[53.98,36.78],[53.8,36.68],[53.14,36.64],[52.6,36.58],[51.99,36.46],[51.8,36.43],[51.42,36.46],[50.56,36.69],[50.47,36.75],[49.56,34.26],[49.48,30.05]]]},"properties":{"NAME":"Safavid Empire","SUBJECTO":"Safavid Empire","BORDERPRECISION":3}},
{"type":"Feature","geometry":{"type":"Polygon","coordinates":[[[3.04,42.87],[3.07,42.94],[3.32,43.2],[3.48,43.31],[3.81,43.47],[4.08,43.49],[4.42,43.35],[4.65,43.32],[4.75,43.35],[4.91,43.37],[5.05,43.33],[5.43,43.1],[5.65,43.03],[5.83,43.02],[6.19,43.09],[6.33,43.11],[6.52,43.15],[6.92,43.45],[7.3,43.67],[7.4,43.76],[7.36,43.9],[6.92,43.82],[6.89,43.9],[6.96,43.91],[6.92,43.98],[7,44.05],[6.97,44.06],[6.94,44.14],[6.89,44.15],[6.84,44.11],[6.79,44.2],[6.79,44.3],[6.87,44.35],[6.78,44.55],[6.92,44.72],[7,44.72],[6.94,44.87],[6.67,44.95],[6.51,45.12],[6.28,45.2],[6.24,45.3],[6.27,45.32],[6.22,45.35],[6.14,45.32],[6.08,45.37],[6.03,45.33],[6.06,45.22],[5.95,45.26],[5.93,45.32],[5.82,45.4],[5.61,45.85],[5.36,45.88],[5.36,46.05],[5.53,46.01],[5.53,46.1],[5.27,46.32],[5.42,46.52],[5.65,46.46],[5.72,46.48],[5.74,46.6],[5.63,46.65],[5.65,46.85],[5.76,46.89],[5.79,47],[5.67,47.11],[5.74,47.23],[5.78,47.36],[5.79,47.51],[5.92,47.6],[5.82,47.73],[5.96,47.8],[5.96,47.99],[6.06,47.96],[6.1,48.03],[6.25,47.96],[6.24,48.29],[5.95,48.35],[6.02,48.65],[5.83,48.78],[6,48.9],[5.88,49.07],[5.72,48.96],[5.61,49.21],[5.9,49.2],[5.91,49.2],[5.36,49.7],[4.26,49.89],[3.82,50.04],[3.48,49.92],[2.91,49.94],[2.68,50.15],[2.4,50.2],[2.15,50.06],[1.99,50.08],[1.99,50.22],[1.83,50.24],[1.8,50.92],[1.59,50.82],[1.53,50.58],[1.55,50.23],[1.42,50.11],[1.27,50],[0.87,49.91],[0.53,49.83],[0.19,49.68],[0.12,49.6],[0.09,49.51],[0.33,49.45],[0.03,49.33],[-0.2,49.29],[-0.24,49.29],[-0.46,49.35],[-1.02,49.4],[-1.18,49.33],[-1.29,49.52],[-1.25,49.7],[-1.52,49.65],[-1.94,49.71],[-1.89,49.53],[-1.64,49.22],[-1.58,49.23],[-1.56,49.04],[-1.59,48.88],[-1.58,48.77],[-1.46,48.68],[-1.59,48.64],[-1.86,48.61],[-1.87,48.71],[-2.08,48.66],[-2.2,48.6],[-2.34,48.67],[-2.64,48.55],[-2.79,48.59],[-2.91,48.71],[-3.09,48.87],[-3.44,48.84],[-3.56,48.81],[-3.61,48.69],[-3.82,48.72],[-3.9,48.65],[-4,48.73],[-4.25,48.65],[-4.49,48.61],[-4.63,48.55],[-4.76,48.55],[-4.78,48.35],[-4.59,48.39],[-4.47,48.38],[-4.35,48.39],[-4.39,48.3],[-4.59,48.25],[-4.35,48.2],[-4.31,48.1],[-4.7,48.06],[-4.68,48.02],[-4.51,48],[-4.39,47.94],[-4.36,47.83],[-3.95,47.9],[-3.86,47.79],[-3.71,47.8],[-3.43,47.72],[-3.06,47.6],[-2.84,47.49],[-2.61,47.57],[-2.47,47.49],[-2.58,47.32],[-2.49,47.25],[-2.26,47.18],[-2.11,47.12],[-2,47.04],[-2.13,46.85],[-1.94,46.71],[-1.71,46.45],[-1.4,46.4],[-1.26,46.31],[-1.17,46.18],[-1.08,46.01],[-1.24,45.8],[-1.25,45.69],[-1.14,45.58],[-0.85,45.32],[-0.73,45.02],[-0.81,45.12],[-0.9,45.29],[-1.12,45.43],[-1.18,45.5],[-1.28,45.13],[-1.33,44.61],[-1.23,44.73],[-1.14,44.6],[-1.31,44.56],[-1.56,43.52],[-1.75,43.36],[-1.91,43.31],[-1.7,43.2],[-1.49,43.21],[-1.47,43.15],[-1.56,43.05],[-1.52,43],[-1.45,42.98],[-1.4,43.03],[-0.91,42.88],[-0.84,42.91],[-0.61,42.73],[-0.59,42.77],[-0.47,42.75],[-0.41,42.79],[-0.22,42.72],[-0.2,42.7],[-0.17,42.65],[0.18,42.66],[0.2,42.61],[0.35,42.64],[0.59,42.63],[0.58,42.77],[0.74,42.77],[1.31,42.64],[1.32,42.61],[1.46,42.62],[1.58,42.65],[1.76,42.6],[1.79,42.58],[1.73,42.55],[1.73,42.5],[2.1,42.61],[2.27,42.69],[2.48,42.69],[2.49,42.72],[2.7,42.73],[2.82,42.85],[2.95,42.88],[3.04,42.87]]]},"properties":{"NAME":"France","SUBJECTO":"France","BORDERPRECISION":3}},
{"type":"Feature","geometry":{"type":"Polygon","coordinates":[[[92.51,22.11],[92.53,22.6],[92.27,22.95],[92.18,23.43],[92.05,23.69],[91.92,23.51],[91.83,23.56],[91.83,23.73],[91.48,24.08],[91.26,24.13],[91.3,24.35],[91.57,24.35],[91.52,25],[91.74,25],[91.43,25.27],[91.48,25.48],[91.57,25.7],[91.43,25.79],[91.57,26.05],[91.43,26.1],[90,25.97],[90,26.36],[91.16,26.75],[91.06,26.75],[90.6,26.76],[90,26.78],[90,26.72],[89.83,26.69],[89.8,26.69],[89.41,26.79],[89.15,26.83],[88.87,26.91],[88.6,26.64],[88.23,26.76],[88.04,27.13],[88.07,27.52],[88.16,27.74],[88.21,27.87],[88.2,27.88],[87.9,27.95],[87.75,27.82],[87.6,27.87],[87.21,27.84],[87.07,28.01],[86.79,28.13],[86.6,28.13],[86.57,27.98],[86.45,27.95],[86.14,28.12],[86.14,27.95],[86.04,27.91],[85.97,28.12],[85.88,28.21],[85.86,28.2],[84.51,27.31],[83.08,27.28],[80.1,29.02],[81.11,30.19],[81.34,30.19],[81.41,30.44],[80.17,31.57],[79.62,34.14],[79.33,35.63],[77.26,36.84],[75.25,38.03],[73.81,38.03],[69.5,35.88],[66.34,36.31],[65.47,35.01],[67.05,35.59],[67.77,33.43],[67.49,32.43],[67.63,31.13],[66.77,30.42],[66.93,28.11],[66.3,25.49],[66.43,25.49],[66.62,25.32],[66.7,25.11],[66.65,24.9],[66.65,24.78],[66.7,24.75],[67,24.71],[67.15,24.65],[67.2,24.59],[67.32,24.09],[67.49,23.93],[67.69,23.81],[68.05,23.76],[68.07,23.68],[68.37,23.33],[68.79,23.03],[68.88,23],[69.11,22.9],[69.39,22.84],[69.66,22.79],[70.05,22.78],[70.31,22.83],[70.38,22.86],[70.41,22.75],[70.18,22.48],[69.97,22.35],[69.77,22.29],[69.49,22.25],[69.01,22.3],[68.89,22.29],[69.13,21.97],[69.75,21.4],[70.21,20.95],[70.47,20.78],[70.86,20.65],[71.02,20.66],[71.3,20.77],[71.53,20.82],[71.89,20.99],[72.12,21.16],[72.26,21.35],[72.29,21.55],[72.26,21.63],[72.13,21.75],[72.13,21.83],[72.23,22.02],[72.32,22.12],[72.7,22.13],[72.67,21.85],[72.71,21.44],[72.77,21.15],[72.93,20.95],[73.11,20.83],[73.11,20.69],[72.86,20.31],[72.76,20.06],[72.78,19.95],[74.09,21.11],[74.8,21.11],[75.3,19.41],[77.28,19.62],[77.05,20.81],[77,21.11],[77.28,22.03],[77.07,22.81],[77.49,23.66],[82.38,23.66],[84.29,24.22],[85.63,23.87],[85.7,23.16],[85.21,22.38],[85.35,21.53],[86.84,20.88],[86.8,21.14],[86.82,21.19],[86.94,21.29],[87.19,21.38],[87.64,21.56],[87.87,21.7],[88.05,21.94],[88.12,21.86],[88.25,21.6],[88.3,21.55],[88.38,21.58],[88.45,21.74],[88.57,21.9],[88.66,21.86],[88.72,21.54],[88.88,21.51],[89.03,21.55],[88.99,21.63],[89.07,21.77],[89.23,21.66],[89.46,21.94],[89.58,21.7],[89.67,21.72],[89.8,21.83],[89.87,22.13],[89.9,22.11],[90,21.93],[90,22.02],[90,22.06],[90,22.13],[90,22.33],[90,22.56],[91.08,22.56],[91.41,22.72],[91.57,22.54],[91.85,21.91],[91.95,21.36],[92.07,21.12],[92.12,21],[92.24,21.15],[92.6,21.39],[92.51,22.11]]]},"properties":{"NAME":"Mughal Empire","SUBJECTO":"Mughal Empire","BORDERPRECISION":3}},
{"type":"Feature","geometry":{"type":"Polygon","coordinates":[[[85.88,28.21],[85.73,28.34],[85.61,28.32],[85.17,28.53],[85.22,28.64],[85.07,28.65],[85.01,28.6],[84.27,28.95],[84.3,29.06],[84.22,29.23],[84.09,29.31],[83.77,29.26],[83.72,29.2],[83.66,29.23],[83.4,29.54],[83.2,29.67],[83.13,29.61],[82.92,29.7],[82.59,29.97],[82.21,30.09],[82.2,30.09],[82.14,30.37],[81.66,30.45],[81.57,30.37],[81.45,30.4],[81.41,30.44],[81.34,30.19],[81.11,30.19],[80.1,29.02],[83.08,27.28],[84.51,27.31],[85.86,28.2],[85.88,28.21]]]},"properties":{"NAME":"Nepal","SUBJECTO":"Nepal","BORDERPRECISION":3}},
{"type":"Feature","geometry":{"type":"Polygon","coordinates":[[[98.64,27.48],[100.68,28.69],[102.41,33.72],[101.69,36.31],[100.39,37.74],[99.24,38.75],[89.62,36.88],[80.13,36.88],[79.33,35.63],[79.62,34.14],[80.17,31.57],[81.41,30.44],[81.45,30.4],[81.57,30.37],[81.66,30.45],[82.14,30.37],[82.2,30.09],[82.21,30.09],[82.59,29.97],[82.92,29.7],[83.13,29.61],[83.2,29.67],[83.4,29.54],[83.66,29.23],[83.72,29.2],[83.77,29.26],[84.09,29.31],[84.22,29.23],[84.3,29.06],[84.27,28.95],[85.01,28.6],[85.07,28.65],[85.22,28.64],[85.17,28.53],[85.61,28.32],[85.73,28.34],[85.88,28.21],[85.97,28.12],[86.04,27.91],[86.14,27.95],[86.14,28.12],[86.45,27.95],[86.57,27.98],[86.6,28.13],[86.79,28.13],[87.07,28.01],[87.21,27.84],[87.6,27.87],[87.75,27.82],[87.9,27.95],[88.2,27.88],[88.21,27.87],[88.16,27.74],[89.67,28.2],[89.78,28.02],[91.3,28],[92.17,26.99],[91.06,26.75],[91.16,26.75],[90,26.36],[91.55,26.29],[92.4,26.58],[94.32,26.88],[94.84,27.57],[95.48,27.91],[97.34,28.18],[97.34,28.24],[97.48,28.39],[97.6,28.41],[97.83,28.29],[98.01,28.09],[98.12,27.69],[98.22,27.55],[98.35,27.53],[98.57,27.54],[98.64,27.48]]]},"properties":{"NAME":"Tibet","SUBJECTO":"Tibet","BORDERPRECISION":3}},
{"type":"Feature","geometry":{"type":"Polygon","coordinates":[[[91.06,26.75],[92.17,26.99],[91.3,28],[89.78,28.02],[89.67,28.2],[88.16,27.74],[88.07,27.52],[88.04,27.13],[88.23,26.76],[88.6,26.64],[88.87,26.91],[89.15,26.83],[89.41,26.79],[89.8,26.69],[89.83,26.69],[90,26.72],[90,26.78],[90.6,26.76],[91.06,26.75]]]},"properties":{"NAME":"Bhutan","SUBJECTO":"Bhutan","BORDERPRECISION":3}},
{"type":"Feature","geometry":{"type":"Polygon","coordinates":[[[77.39,18.77],[77.07,17.36],[77.17,16.66],[78,16.47],[78.32,17.42],[78.17,19.01],[77.39,18.77]]]},"properties":{"NAME":"Bidar","SUBJECTO":"Bidar","BORDERPRECISION":1}},
{"type":"Feature","geometry":{"type":"Polygon","coordinates":[[[77.39,18.77],[77.26,18.73],[75.41,18.5],[73.4,16.62],[73.41,16.56],[73.49,16.29],[74.38,16.31],[75.07,15.97],[76.1,15.97],[76.91,16.31],[77.22,16.31],[77.31,16.31],[77.49,16.31],[77.92,16.25],[78,16.47],[77.17,16.66],[77.07,17.36],[77.39,18.77]]]},"properties":{"NAME":"Bijapur","SUBJECTO":"Bijapur","BORDERPRECISION":1}},
{"type":"Feature","geometry":{"type":"Polygon","coordinates":[[[77.05,20.81],[77.28,19.62],[75.3,19.41],[74.8,21.11],[74.09,21.11],[72.78,19.95],[72.85,19.24],[72.98,18.54],[73.06,18.03],[73.18,17.52],[73.4,16.62],[75.41,18.5],[77.26,18.73],[77.39,18.77],[78.17,19.01],[78.53,19.12],[78.57,20.44],[77.05,20.81]]]},"properties":{"NAME":"Ahmadnagar","SUBJECTO":"Ahmadnagar","BORDERPRECISION":1}},
{"type":"Feature","geometry":{"type":"Polygon","coordinates":[[[78.53,19.12],[78.17,19.01],[78.32,17.42],[78,16.47],[77.92,16.25],[77.49,16.31],[77.31,16.31],[77.35,15.87],[77.85,14.88],[77.92,13.53],[78.41,12.9],[79.77,11.73],[79.87,11.97],[79.92,12.11],[80.22,12.83],[80.31,13.1],[80.32,13.33],[80.2,13.49],[80.18,13.52],[80.08,13.67],[80.17,13.89],[80.16,14.25],[80.09,14.95],[80.09,15.18],[80.16,15.39],[80.3,15.65],[80.46,15.77],[80.74,15.84],[80.96,15.72],[81.09,15.83],[81.25,16.23],[81.37,16.35],[81.6,16.3],[81.74,16.32],[81.79,16.33],[82.08,16.46],[82.23,16.65],[82.27,16.86],[82.32,17],[82.35,17.09],[82.55,17.23],[82.75,17.33],[82.85,17.38],[83.08,17.5],[83.38,17.71],[83.68,18.08],[83.99,18.21],[84.26,18.46],[84.32,18.53],[83.23,18.42],[81.08,17.6],[80.64,17.43],[79.96,17.6],[79.42,17.29],[79.3,17.29],[78.87,18.27],[79.21,18.85],[78.75,19.19],[78.53,19.12]]]},"properties":{"NAME":"Golkonda","SUBJECTO":"Golkonda","BORDERPRECISION":1}},
{"type":"Feature","geometry":{"type":"Polygon","coordinates":[[[73.49,16.29],[73.51,16.24],[73.57,16.04],[73.84,15.39],[74.03,15.06],[74.15,14.85],[74.38,14.46],[74.4,14.42],[74.42,14.38],[74.7,13.75],[74.73,13.68],[74.78,13.53],[74.96,12.88],[75.21,12.1],[75.59,11.52],[75.65,11.42],[76.08,10.55],[76.25,10.1],[76.29,9.98],[76.39,9.75],[76.47,9.41],[76.54,9.12],[76.66,8.88],[76.7,8.71],[77.34,8.05],[77.42,8.03],[77.48,8.03],[77.59,8.1],[77.62,8.12],[77.66,8.14],[77.73,8.18],[77.85,8.23],[77.9,8.26],[78.06,8.39],[78.14,8.5],[78.18,8.81],[78.31,9],[78.66,9.12],[78.8,9.13],[79.16,9.28],[78.94,9.44],[78.93,9.49],[79.07,9.76],[79.22,10.19],[79.31,10.26],[79.5,10.25],[79.79,10.25],[79.83,10.36],[79.73,11.15],[79.71,11.44],[79.73,11.52],[79.77,11.73],[78.41,12.9],[77.92,13.53],[77.85,14.88],[77.35,15.87],[77.31,16.31],[77.22,16.31],[76.91,16.31],[76.1,15.97],[75.07,15.97],[74.38,16.31],[73.49,16.29]]]},"properties":{"NAME":"Vijayanagara","SUBJECTO":"Vijayanagara","BORDERPRECISION":1}},
{"type":"Feature","geometry":{"type":"Polygon","coordinates":[[[120.67,23.86],[120.94,24.04],[120.58,24.41],[120.57,24.4],[120.56,24.39],[120.54,24.36],[120.51,24.29],[120.48,24.21],[120.47,24.19],[120.43,24.15],[120.42,24.14],[120.36,24.05],[120.35,24.03],[120.67,23.86]]]},"properties":{"NAME":"Middag Kingdom","SUBJECTO":"Manchu Empire","BORDERPRECISION":3}},
{"type":"Feature","geometry":{"type":"Polygon","coordinates":[[[100,20.46],[99.97,20.42],[99.89,20.39],[99.6,20.36],[99.41,20.28],[99.17,20.13],[98.99,19.86],[98.51,19.72],[98.23,19.71],[98.02,19.75],[97.85,19.56],[97.79,19.4],[97.77,19.03],[97.72,18.8],[97.75,18.62],[97.71,18.51],[97.64,18.51],[97.37,18.45],[97.71,18.05],[97.74,17.97],[97.79,17.58],[97.9,17.51],[98.39,17.08],[98.46,16.94],[98.64,16.65],[99.72,16.84],[100.91,17.54],[100.89,17.6],[100.9,17.82],[100.95,18.02],[101.19,18.73],[101.23,18.91],[101.12,19.5],[101.1,19.55],[100.91,19.53],[100.69,19.44],[100.5,19.44],[100.42,19.51],[100.39,19.67],[100.44,20.04],[100.43,20.23],[100.38,20.3],[100.24,20.38],[100,20.46]]]},"properties":{"NAME":"Lan Na","SUBJECTO":"Lan Na","BORDERPRECISION":3}},
{"type":"Feature","geometry":{"type":"MultiPolygon","coordinates":[[[[-3.17,54.84],[-3.15,54.84],[-3.43,54.64],[-3.57,54.42],[-3.48,54.27],[-3.26,54.14],[-2.89,54.17],[-2.87,54.03],[-2.98,53.82],[-3.06,53.51],[-2.91,53.27],[-3.33,53.23],[-3.96,53.21],[-4.32,53.09],[-4.49,52.99],[-4.62,52.83],[-4.47,52.81],[-4.15,52.83],[-4.09,52.75],[-4.12,52.37],[-4.29,52.2],[-4.62,52.09],[-5.06,52.01],[-5.25,51.86],[-5.18,51.79],[-5,51.7],[-4.16,51.68],[-3.5,51.46],[-3.17,51.47],[-2.75,51.64],[-2.89,51.39],[-3.03,51.33],[-3.07,51.18],[-3.48,51.18],[-3.83,51.23],[-4.28,51.19],[-4.28,51.06],[-4.44,50.97],[-4.55,51],[-4.6,50.78],[-4.82,50.6],[-5.02,50.56],[-5.24,50.35],[-5.78,50.13],[-5.43,50.07],[-5.28,49.96],[-4.97,50.21],[-4.54,50.36],[-4.3,50.32],[-4.24,50.39],[-4,50.31],[-3.88,50.2],[-3.72,50.22],[-3.56,50.36],[-3.52,50.62],[-3.11,50.66],[-2.96,50.72],[-2.55,50.57],[-2.43,50.65],[-2.02,50.57],[-2.09,50.7],[-1.37,50.77],[-1.1,50.82],[-0.84,50.72],[-0.34,50.82],[-0.2,50.8],[0.19,50.73],[0.67,50.93],[0.89,50.89],[0.89,50.98],[1.33,51.12],[1.36,51.35],[1.19,51.41],[1.03,51.36],[0.8,51.38],[0.25,51.45],[0.69,51.56],[1.03,51.81],[1.51,52.03],[1.66,52.21],[1.69,52.31],[1.59,52.65],[1.38,52.81],[1.01,52.89],[0.74,52.9],[0.5,52.85],[0.33,52.71],[0.01,52.79],[0.25,53.04],[0.27,53.13],[0.17,53.29],[0.08,53.39],[-0.2,53.52],[-0.32,53.58],[-0.23,53.8],[-0.3,54.03],[-0.6,54.3],[-0.87,54.55],[-1.19,54.6],[-1.39,54.68],[-1.56,54.92],[-1.7,55.27],[-1.67,55.38],[-1.72,55.45],[-1.94,55.56],[-2.25,55.81],[-2.3,55.82],[-2.45,55.38],[-2.76,54.92],[-3.17,54.84]]],[[[-6.33,53.79],[-6.44,53.9],[-6.34,53.94],[-6.21,53.96],[-6.07,53.97],[-5.91,54.03],[-5.73,54.17],[-5.66,54.32],[-5.8,54.52],[-5.76,54.66],[-5.78,54.74],[-6.02,55.09],[-6.12,55.16],[-6.28,55.14],[-6.45,55.19],[-6.65,55.21],[-7,55.17],[-6.96,55.24],[-7.11,55.32],[-7.33,55.38],[-7.43,55.29],[-7.76,55.25],[-8.12,55.18],[-8.35,55.1],[-8.48,54.88],[-8.5,54.75],[-8.76,54.7],[-8.83,54.63],[-8.21,54.63],[-8.3,54.49],[-8.69,54.36],[-8.59,54.2],[-9.09,54.26],[-9.32,54.28],[-9.47,54.24],[-9.89,54.33],[-9.99,54.25],[-10.16,54.13],[-10.18,53.91],[-9.91,53.97],[-9.7,53.87],[-9.87,53.77],[-9.81,53.63],[-10.15,53.58],[-10.02,53.51],[-10.16,53.37],[-9.88,53.3],[-9.8,53.35],[-9.62,53.35],[-9.44,53.27],[-9.3,53.28],[-9.16,53.22],[-9,53.3],[-8.92,53.16],[-9,53.12],[-9.31,53.12],[-9.53,52.9],[-9.44,52.83],[-9.62,52.64],[-9.13,52.68],[-9.19,52.55],[-9.5,52.54],[-9.74,52.48],[-9.78,52.34],[-9.8,52.24],[-9.89,52.19],[-10.47,52.21],[-10.5,52.1],[-9.96,52.09],[-10.29,51.98],[-10.22,51.76],[-9.84,51.8],[-9.8,51.6],[-9.82,51.43],[-9.24,51.47],[-8.85,51.6],[-8.57,51.62],[-8.16,51.84],[-7.86,51.97],[-7.75,52.03],[-7.37,52.09],[-6.96,52.11],[-6.89,52.21],[-6.62,52.22],[-6.49,52.19],[-6.41,52.21],[-6.34,52.43],[-6.23,52.61],[-6.07,52.77],[-6.04,52.89],[-6.17,53.44],[-6.33,53.79]]],[[[-5.48,55.44],[-5.52,55.67],[-5.69,55.63],[-5.76,55.48],[-5.7,55.33],[-5.62,55.33],[-5.48,55.44]]],[[[-4.33,53.14],[-4.22,53.2],[-4.15,53.23],[-4.1,53.25],[-4.09,53.25],[-4.05,53.3],[-4.06,53.31],[-4.11,53.31],[-4.12,53.31],[-4.13,53.31],[-4.22,53.32],[-4.27,53.39],[-4.28,53.4],[-4.29,53.41],[-4.31,53.41],[-4.42,53.42],[-4.43,53.42],[-4.47,53.42],[-4.56,53.4],[-4.57,53.39],[-4.57,53.27],[-4.49,53.19],[-4.48,53.18],[-4.4,53.13],[-4.35,53.12],[-4.33,53.14]]],[[[-4.78,54.06],[-4.72,54.08],[-4.7,54.08],[-4.69,54.08],[-4.68,54.08],[-4.62,54.07],[-4.55,54.1],[-4.49,54.13],[-4.47,54.14],[-4.39,54.19],[-4.39,54.2],[-4.32,54.28],[-4.31,54.29],[-4.31,54.3],[-4.35,54.41],[-4.36,54.42],[-4.37,54.42],[-4.44,54.4],[-4.49,54.39],[-4.53,54.37],[-4.54,54.36],[-4.55,54.34],[-4.55,54.33],[-4.58,54.3],[-4.59,54.28],[-4.6,54.27],[-4.62,54.25],[-4.64,54.24],[-4.65,54.24],[-4.7,54.22],[-4.71,54.22],[-4.71,54.21],[-4.79,54.07],[-4.79,54.06],[-4.78,54.06]]]]},"properties":{"NAME":"England and Ireland","SUBJECTO":"England and Ireland","BORDERPRECISION":3}},
{"type":"Feature","geometry":{"type":"MultiPolygon","coordinates":[[[[-170.55,-14.3],[-170.54,-14.3],[-170.54,-14.29],[-170.54,-14.28],[-170.55,-14.28],[-170.56,-14.29],[-170.55,-14.3]]],[[[-170.66,-14.26],[-170.67,-14.26],[-170.68,-14.26],[-170.8,-14.3],[-170.81,-14.31],[-170.82,-14.32],[-170.83,-14.33],[-170.82,-14.33],[-170.77,-14.36],[-170.75,-14.37],[-170.74,-14.38],[-170.64,-14.29],[-170.58,-14.28],[-170.56,-14.27],[-170.57,-14.26],[-170.57,-14.25],[-170.66,-14.26]]],[[[-169.51,-14.28],[-169.44,-14.26],[-169.44,-14.23],[-169.45,-14.23],[-169.52,-14.23],[-169.53,-14.23],[-169.54,-14.23],[-169.54,-14.24],[-169.52,-14.27],[-169.51,-14.28]]],[[[-169.62,-14.18],[-169.62,-14.17],[-169.63,-14.17],[-169.64,-14.17],[-169.64,-14.18],[-169.64,-14.19],[-169.63,-14.19],[-169.62,-14.18]]],[[[-169.68,-14.17],[-169.69,-14.17],[-169.69,-14.19],[-169.68,-14.19],[-169.66,-14.18],[-169.67,-14.17],[-169.68,-14.17]]],[[[-178.72,-20.65],[-178.72,-20.64],[-178.73,-20.65],[-178.74,-20.66],[-178.74,-20.67],[-178.73,-20.67],[-178.72,-20.67],[-178.71,-20.67],[-178.72,-20.65]]],[[[-178.21,-19.85],[-178.2,-19.84],[-178.2,-19.83],[-178.21,-19.83],[-178.22,-19.84],[-178.22,-19.85],[-178.21,-19.85]]],[[[-178.39,-19.18],[-178.39,-19.16],[-178.39,-19.14],[-178.39,-19.13],[-178.4,-19.13],[-178.41,-19.14],[-178.42,-19.17],[-178.43,-19.18],[-178.42,-19.18],[-178.42,-19.19],[-178.4,-19.19],[-178.39,-19.18]]],[[[179.77,-19.12],[179.76,-19.13],[179.75,-19.13],[179.74,-19.18],[179.74,-19.19],[179.75,-19.2],[179.77,-19.2],[179.78,-19.2],[179.79,-19.19],[179.8,-19.18],[179.79,-19.14],[179.78,-19.12],[179.77,-19.12]]],[[[-178.59,-19.12],[-178.6,-19.13],[-178.6,-19.14],[-178.6,-19.15],[-178.6,-19.16],[-178.59,-19.16],[-178.58,-19.17],[-178.56,-19.18],[-178.55,-19.18],[-178.54,-19.18],[-178.55,-19.12],[-178.55,-19.11],[-178.56,-19.11],[-178.57,-19.11],[-178.58,-19.11],[-178.59,-19.11],[-178.59,-19.12]]],[[[178.37,-18.93],[178.34,-18.93],[178.31,-18.94],[178.18,-18.98],[178.18,-18.99],[178.17,-19],[178.07,-19.07],[177.97,-19.1],[177.97,-19.11],[177.95,-19.13],[177.95,-19.14],[177.96,-19.14],[178,-19.16],[178.02,-19.16],[178.03,-19.15],[178.04,-19.15],[178.09,-19.16],[178.14,-19.14],[178.17,-19.09],[178.17,-19.08],[178.17,-19.07],[178.19,-19.05],[178.3,-19],[178.31,-19],[178.33,-19],[178.33,-19.01],[178.33,-19.03],[178.34,-19.05],[178.37,-19.05],[178.38,-19.05],[178.42,-19.05],[178.47,-19.03],[178.49,-19.02],[178.5,-19.01],[178.5,-18.99],[178.5,-18.98],[178.49,-18.97],[178.47,-18.96],[178.37,-18.93]]],[[[-178.94,-18.93],[-178.95,-18.93],[-178.96,-18.93],[-178.97,-18.94],[-178.97,-18.95],[-178.97,-18.98],[-178.96,-18.99],[-178.95,-18.99],[-178.94,-18.99],[-178.93,-18.99],[-178.93,-18.97],[-178.93,-18.96],[-178.93,-18.95],[-178.93,-18.94],[-178.94,-18.93]]],[[[-179.85,-18.97],[-179.85,-18.96],[-179.84,-18.95],[-179.83,-18.95],[-179.82,-18.95],[-179.81,-18.96],[-179.81,-18.97],[-179.8,-18.98],[-179.8,-18.99],[-179.8,-18.98],[-179.79,-18.97],[-179.78,-18.96],[-179.78,-18.95],[-179.79,-18.94],[-179.82,-18.93],[-179.84,-18.92],[-179.85,-18.92],[-179.85,-18.93],[-179.86,-18.94],[-179.87,-18.98],[-179.87,-19],[-179.87,-19.01],[-179.86,-19.01],[-179.85,-19.01],[-179.85,-18.97]]],[[[178.53,-18.87],[178.53,-18.86],[178.52,-18.86],[178.51,-18.86],[178.5,-18.86],[178.48,-18.88],[178.47,-18.9],[178.47,-18.91],[178.47,-18.92],[178.5,-18.93],[178.53,-18.91],[178.53,-18.9],[178.54,-18.9],[178.54,-18.89],[178.53,-18.87]]],[[[-178.48,-18.65],[-178.5,-18.64],[-178.51,-18.64],[-178.52,-18.64],[-178.52,-18.65],[-178.52,-18.66],[-178.52,-18.67],[-178.51,-18.67],[-178.5,-18.67],[-178.49,-18.67],[-178.48,-18.67],[-178.47,-18.66],[-178.47,-18.65],[-178.48,-18.65]]],[[[179.84,-18.58],[179.84,-18.59],[179.89,-18.64],[179.9,-18.64],[179.91,-18.64],[179.97,-18.56],[179.97,-18.55],[179.97,-18.54],[179.96,-18.54],[179.95,-18.54],[179.93,-18.54],[179.91,-18.55],[179.88,-18.55],[179.85,-18.57],[179.84,-18.57],[179.84,-18.58]]],[[[177.64,-18.49],[177.63,-18.49],[177.62,-18.51],[177.61,-18.51],[177.61,-18.52],[177.62,-18.54],[177.64,-18.57],[177.65,-18.59],[177.66,-18.59],[177.66,-18.58],[177.65,-18.51],[177.65,-18.5],[177.64,-18.5],[177.64,-18.49]]],[[[178.13,-18.35],[178.12,-18.36],[178.11,-18.41],[178.12,-18.41],[178.13,-18.42],[178.14,-18.42],[178.15,-18.41],[178.16,-18.38],[178.16,-18.37],[178.15,-18.36],[178.15,-18.35],[178.14,-18.35],[178.13,-18.35]]],[[[-178.75,-18.2],[-178.76,-18.19],[-178.77,-18.18],[-178.79,-18.18],[-178.81,-18.18],[-178.82,-18.19],[-178.83,-18.19],[-178.84,-18.21],[-178.84,-18.22],[-178.81,-18.24],[-178.8,-18.25],[-178.79,-18.25],[-178.78,-18.25],[-178.77,-18.25],[-178.76,-18.25],[-178.75,-18.24],[-178.74,-18.23],[-178.74,-18.22],[-178.74,-18.21],[-178.75,-18.2]]],[[[179.25,-18.04],[179.34,-18.12],[179.35,-18.12],[179.36,-18.11],[179.37,-18.09],[179.37,-18.08],[179.36,-18.01],[179.35,-18.01],[179.31,-17.95],[179.3,-17.94],[179.29,-17.94],[179.27,-17.94],[179.24,-17.95],[179.24,-17.97],[179.24,-18.03],[179.25,-18.04]]],[[[-178.99,-17.95],[-179,-17.94],[-179.02,-17.93],[-179.02,-17.92],[-179.03,-17.92],[-179.05,-17.92],[-179.06,-17.93],[-179.07,-17.93],[-179.08,-17.94],[-179.08,-17.95],[-179.07,-17.96],[-179.06,-17.97],[-179.03,-17.99],[-179.02,-17.99],[-179.02,-18],[-179.01,-18],[-179,-17.99],[-178.99,-17.99],[-178.99,-17.98],[-178.99,-17.97],[-178.99,-17.96],[-178.99,-17.95]]],[[[-178.32,-17.88],[-178.33,-17.89],[-178.35,-17.89],[-178.35,-17.9],[-178.35,-17.91],[-178.36,-17.93],[-178.36,-17.94],[-178.34,-17.96],[-178.33,-17.96],[-178.32,-17.96],[-178.3,-17.97],[-178.29,-17.97],[-178.26,-17.96],[-178.25,-17.96],[-178.24,-17.95],[-178.24,-17.94],[-178.24,-17.93],[-178.24,-17.92],[-178.26,-17.91],[-178.27,-17.9],[-178.3,-17.89],[-178.31,-17.88],[-178.32,-17.88]]],[[[179.42,-17.85],[179.43,-17.84],[179.43,-17.83],[179.42,-17.8],[179.42,-17.79],[179.4,-17.78],[179.39,-17.79],[179.4,-17.82],[179.41,-17.84],[179.41,-17.85],[179.42,-17.85]]],[[[-179.29,-17.78],[-179.28,-17.77],[-179.28,-17.76],[-179.29,-17.74],[-179.29,-17.73],[-179.3,-17.73],[-179.31,-17.73],[-179.32,-17.73],[-179.33,-17.74],[-179.33,-17.75],[-179.33,-17.76],[-179.33,-17.77],[-179.3,-17.79],[-179.29,-17.78]]],[[[178.83,-17.63],[178.83,-17.62],[178.82,-17.62],[178.81,-17.62],[178.79,-17.62],[178.78,-17.63],[178.76,-17.64],[178.75,-17.65],[178.75,-17.66],[178.74,-17.67],[178.75,-17.72],[178.77,-17.75],[178.82,-17.74],[178.84,-17.73],[178.85,-17.72],[178.85,-17.7],[178.85,-17.69],[178.85,-17.67],[178.85,-17.66],[178.84,-17.63],[178.83,-17.63]]],[[[-179.15,-17.48],[-179.14,-17.48],[-179.13,-17.47],[-179.13,-17.46],[-179.13,-17.45],[-179.14,-17.43],[-179.15,-17.43],[-179.17,-17.43],[-179.18,-17.43],[-179.18,-17.44],[-179.18,-17.45],[-179.17,-17.47],[-179.16,-17.48],[-179.15,-17.48]]],[[[178.18,-18.24],[178.18,-18.23],[178.19,-18.22],[178.22,-18.19],[178.23,-18.19],[178.24,-18.19],[178.27,-18.15],[178.34,-18.12],[178.35,-18.12],[178.4,-18.1],[178.53,-18.09],[178.55,-18.1],[178.56,-18.1],[178.56,-18.12],[178.59,-18.14],[178.66,-18.09],[178.68,-18.08],[178.68,-18.07],[178.69,-18.06],[178.7,-18.05],[178.69,-18.03],[178.62,-17.89],[178.6,-17.78],[178.6,-17.69],[178.6,-17.68],[178.6,-17.67],[178.6,-17.66],[178.6,-17.64],[178.59,-17.64],[178.37,-17.47],[178.3,-17.43],[178.28,-17.4],[178.28,-17.39],[178.28,-17.38],[178.27,-17.35],[178.27,-17.34],[178.24,-17.33],[178.24,-17.32],[178.22,-17.31],[178.19,-17.3],[178.19,-17.32],[178.17,-17.34],[178.12,-17.36],[177.96,-17.41],[177.95,-17.41],[177.9,-17.41],[177.83,-17.4],[177.83,-17.39],[177.84,-17.38],[177.83,-17.37],[177.83,-17.36],[177.82,-17.36],[177.62,-17.44],[177.52,-17.5],[177.51,-17.51],[177.39,-17.63],[177.39,-17.65],[177.39,-17.66],[177.39,-17.67],[177.42,-17.68],[177.42,-17.69],[177.43,-17.74],[177.43,-17.76],[177.37,-17.81],[177.29,-17.85],[177.28,-17.85],[177.27,-17.86],[177.26,-17.87],[177.25,-17.96],[177.26,-18],[177.3,-18.08],[177.33,-18.12],[177.47,-18.16],[177.52,-18.15],[177.61,-18.17],[177.61,-18.18],[177.62,-18.18],[177.86,-18.26],[177.96,-18.27],[178.02,-18.27],[178.15,-18.26],[178.16,-18.25],[178.18,-18.24]]],[[[177.1,-17.31],[177.11,-17.31],[177.12,-17.31],[177.14,-17.3],[177.16,-17.27],[177.15,-17.25],[177.14,-17.25],[177.11,-17.26],[177.1,-17.27],[177.1,-17.31]]],[[[-179.12,-17.27],[-179.12,-17.26],[-179.15,-17.25],[-179.16,-17.25],[-179.16,-17.26],[-179.16,-17.27],[-179.16,-17.28],[-179.15,-17.28],[-179.14,-17.29],[-179.13,-17.28],[-179.12,-17.28],[-179.12,-17.27]]],[[[179.44,-17.25],[179.43,-17.24],[179.42,-17.24],[179.36,-17.26],[179.37,-17.3],[179.38,-17.32],[179.38,-17.35],[179.38,-17.37],[179.38,-17.4],[179.4,-17.39],[179.42,-17.38],[179.43,-17.37],[179.44,-17.34],[179.44,-17.33],[179.45,-17.32],[179.45,-17.3],[179.45,-17.26],[179.45,-17.25],[179.44,-17.25]]],[[[-178.91,-17.22],[-178.91,-17.21],[-178.92,-17.2],[-179.01,-17.15],[-179.02,-17.15],[-179.01,-17.18],[-178.99,-17.32],[-178.98,-17.3],[-178.97,-17.29],[-178.94,-17.26],[-178.93,-17.26],[-178.92,-17.25],[-178.91,-17.22]]],[[[177.21,-17.09],[177.19,-17.12],[177.18,-17.14],[177.18,-17.16],[177.19,-17.17],[177.2,-17.17],[177.26,-17.12],[177.27,-17.12],[177.28,-17.11],[177.28,-17.1],[177.29,-17.08],[177.29,-17.07],[177.29,-17.06],[177.29,-17.05],[177.28,-17.05],[177.25,-17.06],[177.24,-17.06],[177.21,-17.09]]],[[[178.34,-16.83],[178.34,-16.82],[178.33,-16.8],[178.32,-16.79],[178.28,-16.79],[178.27,-16.79],[178.28,-16.83],[178.29,-16.84],[178.33,-16.84],[178.34,-16.84],[178.34,-16.83]]],[[[179.89,-16.95],[179.88,-16.96],[179.88,-16.97],[179.89,-16.97],[179.92,-17],[179.93,-17.01],[179.95,-17],[179.96,-17],[179.98,-16.98],[180,-16.97],[180,-16.79],[179.97,-16.85],[179.96,-16.87],[179.95,-16.88],[179.95,-16.89],[179.93,-16.9],[179.9,-16.93],[179.89,-16.95]]],[[[-179.82,-16.78],[-179.85,-16.69],[-179.86,-16.68],[-179.87,-16.68],[-179.89,-16.69],[-179.9,-16.69],[-179.93,-16.71],[-179.94,-16.72],[-180,-16.79],[-180,-16.97],[-179.99,-16.96],[-179.99,-16.95],[-179.94,-16.9],[-179.9,-16.88],[-179.82,-16.78]]],[[[177.57,-16.7],[177.57,-16.71],[177.56,-16.72],[177.48,-16.8],[177.43,-16.84],[177.44,-16.84],[177.52,-16.79],[177.57,-16.74],[177.58,-16.72],[177.59,-16.7],[177.59,-16.69],[177.58,-16.68],[177.57,-16.68],[177.56,-16.68],[177.57,-16.69],[177.57,-16.7]]],[[[179.94,-16.65],[179.95,-16.64],[179.95,-16.62],[179.95,-16.61],[179.92,-16.63],[179.88,-16.66],[179.89,-16.66],[179.91,-16.66],[179.93,-16.66],[179.94,-16.65]]],[[[180,-16.49],[180,-16.5],[179.99,-16.5],[179.98,-16.51],[179.98,-16.52],[179.98,-16.53],[179.99,-16.54],[180,-16.54],[180,-16.49]]],[[[-179.97,-16.46],[-179.99,-16.48],[-180,-16.49],[-180,-16.54],[-179.98,-16.54],[-179.97,-16.53],[-179.93,-16.52],[-179.89,-16.44],[-179.9,-16.43],[-179.91,-16.43],[-179.94,-16.44],[-179.95,-16.45],[-179.97,-16.46]]],[[[179.57,-16.76],[179.56,-16.76],[179.55,-16.77],[179.54,-16.76],[179.49,-16.76],[179.48,-16.7],[179.48,-16.69],[179.59,-16.54],[179.65,-16.5],[179.67,-16.49],[179.69,-16.49],[179.74,-16.46],[179.75,-16.45],[179.76,-16.44],[179.81,-16.36],[179.85,-16.29],[179.89,-16.24],[179.9,-16.24],[179.96,-16.2],[179.98,-16.18],[179.99,-16.18],[180,-16.17],[180,-16.15],[179.97,-16.15],[179.96,-16.15],[179.96,-16.16],[179.92,-16.18],[179.87,-16.21],[179.84,-16.21],[179.77,-16.2],[179.67,-16.23],[179.5,-16.27],[179.46,-16.29],[179.4,-16.35],[179.39,-16.38],[179.4,-16.4],[179.4,-16.41],[179.33,-16.41],[179.3,-16.41],[179.23,-16.41],[179.23,-16.4],[179.22,-16.4],[178.98,-16.47],[178.93,-16.5],[178.93,-16.51],[178.93,-16.52],[178.9,-16.55],[178.89,-16.55],[178.86,-16.57],[178.83,-16.57],[178.78,-16.6],[178.77,-16.6],[178.75,-16.62],[178.74,-16.63],[178.73,-16.65],[178.71,-16.68],[178.7,-16.67],[178.68,-16.67],[178.6,-16.64],[178.53,-16.71],[178.48,-16.76],[178.48,-16.78],[178.49,-16.8],[178.49,-16.81],[178.5,-16.81],[178.52,-16.82],[178.53,-16.82],[178.54,-16.81],[178.55,-16.81],[178.62,-16.84],[178.67,-16.92],[178.68,-16.96],[178.68,-16.97],[178.69,-16.99],[178.7,-17],[178.71,-17.01],[178.73,-17.01],[178.75,-17.01],[178.76,-17.01],[178.79,-16.99],[178.8,-16.98],[178.81,-16.95],[178.81,-16.93],[178.81,-16.91],[178.87,-16.86],[178.91,-16.85],[178.94,-16.88],[178.95,-16.89],[178.95,-16.9],[178.96,-16.91],[179.02,-16.93],[179.07,-16.89],[179.07,-16.88],[179.04,-16.87],[179.04,-16.88],[179.03,-16.89],[179.03,-16.9],[179.02,-16.9],[179.02,-16.89],[179.05,-16.81],[179.05,-16.8],[179.17,-16.72],[179.21,-16.71],[179.27,-16.69],[179.28,-16.69],[179.35,-16.73],[179.36,-16.74],[179.36,-16.75],[179.35,-16.76],[179.34,-16.77],[179.33,-16.77],[179.33,-16.8],[179.41,-16.81],[179.57,-16.8],[179.66,-16.74],[179.71,-16.73],[179.75,-16.73],[179.78,-16.73],[179.81,-16.73],[179.84,-16.74],[179.85,-16.76],[179.86,-16.76],[179.87,-16.77],[179.9,-16.77],[179.94,-16.75],[179.95,-16.75],[179.95,-16.74],[179.89,-16.67],[179.88,-16.67],[179.87,-16.67],[179.87,-16.64],[179.9,-16.58],[179.92,-16.54],[179.93,-16.53],[179.95,-16.52],[179.95,-16.51],[179.95,-16.47],[179.94,-16.47],[179.94,-16.46],[179.93,-16.46],[179.92,-16.47],[179.85,-16.51],[179.81,-16.54],[179.75,-16.59],[179.71,-16.62],[179.64,-16.69],[179.62,-16.72],[179.57,-16.76]]],[[[-169.89,-19.15],[-169.89,-19.14],[-169.86,-19.13],[-169.85,-19.13],[-169.82,-19.11],[-169.8,-19.09],[-169.78,-19.07],[-169.78,-19.06],[-169.81,-18.97],[-169.82,-18.97],[-169.87,-18.96],[-169.88,-18.96],[-169.89,-18.97],[-169.93,-19.01],[-169.93,-19.02],[-169.95,-19.07],[-169.95,-19.08],[-169.93,-19.12],[-169.89,-19.15]]],[[[-174.97,-21.37],[-174.97,-21.39],[-174.97,-21.42],[-174.93,-21.45],[-174.92,-21.45],[-174.91,-21.43],[-174.91,-21.31],[-174.94,-21.32],[-174.97,-21.35],[-174.97,-21.36],[-174.97,-21.37]]],[[[-175.05,-21.16],[-175.05,-21.15],[-175.05,-21.14],[-175.05,-21.13],[-175.06,-21.13],[-175.07,-21.12],[-175.09,-21.12],[-175.11,-21.13],[-175.12,-21.13],[-175.13,-21.14],[-175.13,-21.16],[-175.14,-21.17],[-175.14,-21.18],[-175.15,-21.18],[-175.28,-21.12],[-175.3,-21.07],[-175.31,-21.07],[-175.31,-21.06],[-175.32,-21.06],[-175.34,-21.07],[-175.34,-21.08],[-175.35,-21.09],[-175.36,-21.1],[-175.36,-21.13],[-175.35,-21.14],[-175.34,-21.16],[-175.32,-21.17],[-175.31,-21.18],[-175.19,-21.25],[-175.15,-21.27],[-175.14,-21.27],[-175.12,-21.26],[-175.05,-21.16]]],[[[-174.77,-20.28],[-174.76,-20.28],[-174.76,-20.27],[-174.76,-20.26],[-174.76,-20.24],[-174.77,-20.23],[-174.78,-20.23],[-174.79,-20.23],[-174.8,-20.24],[-174.8,-20.25],[-174.79,-20.27],[-174.78,-20.28],[-174.77,-20.28]]],[[[-174.42,-19.93],[-174.41,-19.93],[-174.39,-19.91],[-174.39,-19.9],[-174.39,-19.89],[-174.39,-19.88],[-174.4,-19.88],[-174.41,-19.89],[-174.42,-19.91],[-174.42,-19.93]]],[[[-174.32,-19.82],[-174.31,-19.82],[-174.31,-19.81],[-174.31,-19.77],[-174.32,-19.76],[-174.33,-19.77],[-174.35,-19.81],[-174.35,-19.82],[-174.33,-19.82],[-174.33,-19.83],[-174.32,-19.82]]],[[[-175.08,-19.71],[-175.09,-19.71],[-175.1,-19.74],[-175.1,-19.75],[-175.09,-19.77],[-175.09,-19.78],[-175.08,-19.79],[-175.07,-19.8],[-175.06,-19.8],[-175.05,-19.8],[-175.04,-19.79],[-175.04,-19.78],[-175.04,-19.76],[-175.05,-19.73],[-175.05,-19.72],[-175.06,-19.72],[-175.08,-19.71]]],[[[-174.26,-19.74],[-174.25,-19.71],[-174.25,-19.7],[-174.25,-19.69],[-174.26,-19.69],[-174.31,-19.74],[-174.3,-19.74],[-174.3,-19.75],[-174.29,-19.75],[-174.28,-19.75],[-174.27,-19.75],[-174.26,-19.74]]],[[[-175.02,-19.65],[-175.03,-19.66],[-175.03,-19.67],[-175.04,-19.68],[-175.03,-19.69],[-175.02,-19.69],[-175.01,-19.69],[-175,-19.66],[-175.01,-19.65],[-175.02,-19.65]]],[[[-174.28,-19.59],[-174.29,-19.59],[-174.29,-19.6],[-174.29,-19.61],[-174.29,-19.62],[-174.28,-19.63],[-174.27,-19.64],[-174.26,-19.65],[-174.25,-19.66],[-174.24,-19.66],[-174.24,-19.65],[-174.24,-19.64],[-174.28,-19.59]]],[[[-174.65,-18.78],[-174.66,-18.78],[-174.67,-18.79],[-174.68,-18.8],[-174.67,-18.81],[-174.67,-18.83],[-174.65,-18.83],[-174.64,-18.83],[-174.63,-18.82],[-174.62,-18.81],[-174.65,-18.79],[-174.65,-18.78]]],[[[-174.07,-18.68],[-174.08,-18.68],[-174.09,-18.68],[-174.09,-18.69],[-174.1,-18.7],[-174.09,-18.7],[-174.07,-18.71],[-174.06,-18.7],[-174.07,-18.69],[-174.07,-18.68]]],[[[-174.04,-18.68],[-174.05,-18.68],[-174.04,-18.69],[-174.03,-18.71],[-174.03,-18.72],[-174.02,-18.72],[-174.02,-18.71],[-174.02,-18.69],[-174.03,-18.68],[-174.04,-18.68]]],[[[-174.12,-18.68],[-174.13,-18.68],[-174.13,-18.69],[-174.13,-18.7],[-174.12,-18.7],[-174.09,-18.67],[-174.09,-18.66],[-174.11,-18.67],[-174.12,-18.67],[-174.12,-18.68]]],[[[-174.07,-18.64],[-174.06,-18.66],[-174.05,-18.67],[-173.99,-18.68],[-173.91,-18.64],[-173.91,-18.63],[-173.91,-18.62],[-173.92,-18.6],[-173.93,-18.58],[-173.94,-18.57],[-173.97,-18.57],[-173.99,-18.57],[-174,-18.57],[-174,-18.58],[-174.01,-18.58],[-174.01,-18.59],[-174.02,-18.6],[-174.02,-18.61],[-174.03,-18.62],[-174.04,-18.62],[-174.05,-18.62],[-174.06,-18.62],[-174.07,-18.63],[-174.07,-18.64]]],[[[-175.68,-15.62],[-175.67,-15.62],[-175.67,-15.63],[-175.65,-15.63],[-175.64,-15.63],[-175.64,-15.62],[-175.61,-15.6],[-175.61,-15.58],[-175.61,-15.57],[-175.62,-15.56],[-175.63,-15.56],[-175.67,-15.57],[-175.68,-15.58],[-175.68,-15.59],[-175.68,-15.61],[-175.68,-15.62]]],[[[-178.14,-14.32],[-178.13,-14.32],[-178.06,-14.32],[-178.04,-14.32],[-178.04,-14.31],[-178.12,-14.25],[-178.13,-14.25],[-178.18,-14.23],[-178.19,-14.23],[-178.19,-14.24],[-178.19,-14.26],[-178.18,-14.27],[-178.18,-14.28],[-178.17,-14.29],[-178.15,-14.31],[-178.14,-14.32]]],[[[-176.17,-13.35],[-176.16,-13.35],[-176.14,-13.35],[-176.14,-13.34],[-176.12,-13.26],[-176.12,-13.25],[-176.15,-13.22],[-176.15,-13.21],[-176.16,-13.21],[-176.16,-13.22],[-176.18,-13.23],[-176.18,-13.24],[-176.19,-13.26],[-176.19,-13.29],[-176.19,-13.31],[-176.18,-13.34],[-176.17,-13.35]]],[[[-171.47,-14.05],[-171.44,-14.06],[-171.43,-14.02],[-171.43,-14.01],[-171.43,-14],[-171.44,-13.99],[-171.45,-13.98],[-171.62,-13.88],[-171.75,-13.83],[-171.82,-13.81],[-171.88,-13.81],[-171.91,-13.81],[-172.03,-13.84],[-172.06,-13.86],[-172.06,-13.87],[-172.06,-13.88],[-172.06,-13.9],[-172.06,-13.91],[-172.05,-13.91],[-171.91,-14.01],[-171.77,-14.04],[-171.65,-14.05],[-171.59,-14.05],[-171.55,-14.05],[-171.52,-14.05],[-171.48,-14.05],[-171.47,-14.05]]],[[[-172.22,-13.56],[-172.29,-13.49],[-172.29,-13.48],[-172.3,-13.47],[-172.31,-13.47],[-172.35,-13.46],[-172.36,-13.46],[-172.39,-13.46],[-172.48,-13.48],[-172.55,-13.5],[-172.6,-13.51],[-172.66,-13.52],[-172.73,-13.51],[-172.74,-13.51],[-172.75,-13.51],[-172.76,-13.51],[-172.77,-13.52],[-172.78,-13.52],[-172.78,-13.53],[-172.78,-13.54],[-172.77,-13.55],[-172.75,-13.57],[-172.75,-13.58],[-172.69,-13.63],[-172.59,-13.74],[-172.57,-13.77],[-172.53,-13.8],[-172.52,-13.81],[-172.51,-13.81],[-172.49,-13.81],[-172.48,-13.81],[-172.39,-13.79],[-172.26,-13.8],[-172.26,-13.81],[-172.25,-13.81],[-172.23,-13.81],[-172.21,-13.81],[-172.17,-13.69],[-172.17,-13.68],[-172.19,-13.61],[-172.2,-13.59],[-172.22,-13.56]]]]},"properties":{"NAME":"Tuʻi Tonga Empire","SUBJECTO":"Tuʻi Tonga Empire","BORDERPRECISION":3}},
{"type":"Feature","geometry":{"type":"Polygon","coordinates":[[[-109.24,-27.13],[-109.22,-27.12],[-109.22,-27.11],[-109.22,-27.1],[-109.37,-27.06],[-109.39,-27.07],[-109.4,-27.07],[-109.41,-27.08],[-109.42,-27.09],[-109.42,-27.1],[-109.42,-27.11],[-109.45,-27.18],[-109.45,-27.19],[-109.45,-27.2],[-109.44,-27.2],[-109.43,-27.2],[-109.42,-27.19],[-109.39,-27.18],[-109.33,-27.15],[-109.32,-27.15],[-109.29,-27.15],[-109.24,-27.13]]]},"properties":{"NAME":"Polynesians","SUBJECTO":"Polynesians","BORDERPRECISION":3}},
{"type":"Feature","geometry":{"type":"MultiPolygon","coordinates":[[[[113.95,22.3],[113.9,22.29],[113.86,22.26],[113.84,22.21],[113.87,22.2],[113.9,22.22],[113.93,22.21],[113.95,22.23],[113.99,22.21],[114.02,22.23],[114.03,22.31],[114.05,22.34],[113.95,22.3]]],[[[114.03,22.51],[114.04,22.5],[113.98,22.47],[113.9,22.41],[113.93,22.37],[113.95,22.37],[114.01,22.37],[114.09,22.36],[114.1,22.33],[114.14,22.33],[114.16,22.31],[114.15,22.3],[114.12,22.28],[114.13,22.25],[114.1,22.22],[114.13,22.17],[114.21,22.22],[114.22,22.19],[114.23,22.22],[114.26,22.2],[114.26,22.22],[114.33,22.27],[114.4,22.4],[114.41,22.44],[114.36,22.51],[114.31,22.55],[114.22,22.55],[114.17,22.56],[114.08,22.53],[114.03,22.51]]]]},"properties":{"NAME":"Hong Kong","SUBJECTO":"Hong Kong","BORDERPRECISION":3}}
]}