{"type":"FeatureCollection", "features": [
{"type":"Feature","geometry":{"type":"Point","coordinates":[139.749,35.687]},"properties":{"NAME":"Tokyo","RANK":0,"POP":35676000,"CAPITAL":1}},
{"type":"Feature","geometry":{"type":"Point","coordinates":[-73.996,40.722]},"properties":{"NAME":"New York","RANK":0,"POP":19040000,"CAPITAL":0}},
{"type":"Feature","geometry":{"type":"Point","coordinates":[-99.133,19.444]},"properties":{"NAME":"Mexico City","RANK":0,"POP":19028000,"CAPITAL":1}},
{"type":"Feature","geometry":{"type":"Point","coordinates":[72.876,19.068]},"properties":{"NAME":"Mumbai","RANK":0,"POP":18978000,"CAPITAL":0}},
{"type":"Feature","geometry":{"type":"Point","coordinates":[-46.627,-23.557]},"properties":{"NAME":"S\u00e3o Paulo","RANK":0,"POP":18845000,"CAPITAL":0}},
{"type":"Feature","geometry":{"type":"Point","coordinates":[121.435,31.218]},"properties":{"NAME":"Shanghai","RANK":0,"POP":14987000,"CAPITAL":0}},
{"type":"Feature","geometry":{"type":"Point","coordinates":[88.369,22.57]},"properties":{"NAME":"Kolkata","RANK":0,"POP":14787000,"CAPITAL":0}},
{"type":"Feature","geometry":{"type":"Point","coordinates":[-118.232,34.049]},"properties":{"NAME":"Los Angeles","RANK":0,"POP":12500000,"CAPITAL":0}},
{"type":"Feature","geometry":{"type":"Point","coordinates":[31.248,30.052]},"properties":{"NAME":"Cairo","RANK":0,"POP":11893000,"CAPITAL":1}},
{"type":"Feature","geometry":{"type":"Point","coordinates":[-43.212,-22.907]},"properties":{"NAME":"Rio de Janeiro","RANK":0,"POP":11748000,"CAPITAL":0}},
{"type":"Feature","geometry":{"type":"Point","coordinates":[116.394,39.902]},"properties":{"NAME":"Beijing","RANK":0,"POP":11106000,"CAPITAL":1}},
{"type":"Feature","geometry":{"type":"Point","coordinates":[37.614,55.754]},"properties":{"NAME":"Moscow","RANK":0,"POP":10452000,"CAPITAL":1}},
{"type":"Feature","geometry":{"type":"Point","coordinates":[28.974,41.018]},"properties":{"NAME":"Istanbul","RANK":0,"POP":10061000,"CAPITAL":0}},
{"type":"Feature","geometry":{"type":"Point","coordinates":[2.353,48.858]},"properties":{"NAME":"Paris","RANK":0,"POP":9904000,"CAPITAL":1}},
{"type":"Feature","geometry":{"type":"Point","coordinates":[3.39,6.445]},"properties":{"NAME":"Lagos","RANK":0,"POP":9466000,"CAPITAL":1}},
{"type":"Feature","geometry":{"type":"Point","coordinates":[106.827,-6.172]},"properties":{"NAME":"Jakarta","RANK":0,"POP":9125000,"CAPITAL":1}},
{"type":"Feature","geometry":{"type":"Point","coordinates":[-0.119,51.502]},"properties":{"NAME":"London","RANK":0,"POP":8567000,"CAPITAL":1}},
{"type":"Feature","geometry":{"type":"Point","coordinates":[-74.085,4.598]},"properties":{"NAME":"Bogota","RANK":0,"POP":7772000,"CAPITAL":1}},
{"type":"Feature","geometry":{"type":"Point","coordinates":[114.183,22.307]},"properties":{"NAME":"Hong Kong","RANK":0,"POP":7206000,"CAPITAL":0}},
{"type":"Feature","geometry":{"type":"Point","coordinates":[-70.651,-33.44]},"properties":{"NAME":"Santiago","RANK":0,"POP":5720000,"CAPITAL":1}},
{"type":"Feature","geometry":{"type":"Point","coordinates":[103.854,1.295]},"properties":{"NAME":"Singapore","RANK":0,"POP":5183700,"CAPITAL":1}},
{"type":"Feature","geometry":{"type":"Point","coordinates":[151.213,-33.871]},"properties":{"NAME":"Sydney","RANK":0,"POP":4630000,"CAPITAL":0}},
{"type":"Feature","geometry":{"type":"Point","coordinates":[46.72,24.634]},"properties":{"NAME":"Riyadh","RANK":0,"POP":4465000,"CAPITAL":1}},
{"type":"Feature","geometry":{"type":"Point","coordinates":[-77.011,38.901]},"properties":{"NAME":"Washington,  D.C.","RANK":0,"POP":4338000,"CAPITAL":1}},
{"type":"Feature","geometry":{"type":"Point","coordinates":[12.481,41.898]},"properties":{"NAME":"Rome","RANK":0,"POP":3339000,"CAPITAL":1}},
{"type":"Feature","geometry":{"type":"Point","coordinates":[18.433,-33.918]},"properties":{"NAME":"Cape Town","RANK":0,"POP":3215000,"CAPITAL":1}},
{"type":"Feature","geometry":{"type":"Point","coordinates":[36.815,-1.281]},"properties":{"NAME":"Nairobi","RANK":0,"POP":3010000,"CAPITAL":1}},
{"type":"Feature","geometry":{"type":"Point","coordinates":[-58.433,-34.611]},"properties":{"NAME":"Buenos Aires","RANK":1,"POP":12795000,"CAPITAL":1}},
{"type":"Feature","geometry":{"type":"Point","coordinates":[135.504,34.691]},"properties":{"NAME":"\u014csaka","RANK":1,"POP":11294000,"CAPITAL":0}},
{"type":"Feature","geometry":{"type":"Point","coordinates":[120.98,14.606]},"properties":{"NAME":"Manila","RANK":1,"POP":11100000,"CAPITAL":1}},
{"type":"Feature","geometry":{"type":"Point","coordinates":[126.998,37.568]},"properties":{"NAME":"Seoul","RANK":1,"POP":9796000,"CAPITAL":1}},
{"type":"Feature","geometry":{"type":"Point","coordinates":[-87.635,41.848]},"properties":{"NAME":"Chicago","RANK":1,"POP":8990000,"CAPITAL":0}},
{"type":"Feature","geometry":{"type":"Point","coordinates":[-77.052,-12.046]},"properties":{"NAME":"Lima","RANK":1,"POP":8012000,"CAPITAL":1}},
{"type":"Feature","geometry":{"type":"Point","coordinates":[51.422,35.674]},"properties":{"NAME":"Tehran","RANK":1,"POP":7873000,"CAPITAL":1}},
{"type":"Feature","geometry":{"type":"Point","coordinates":[15.313,-4.328]},"properties":{"NAME":"Kinshasa","RANK":1,"POP":7843000,"CAPITAL":1}},
{"type":"Feature","geometry":{"type":"Point","coordinates":[121.568,25.036]},"properties":{"NAME":"Taipei","RANK":1,"POP":6900273,"CAPITAL":1}},
{"type":"Feature","geometry":{"type":"Point","coordinates":[77.558,12.972]},"properties":{"NAME":"Bengaluru","RANK":1,"POP":6787000,"CAPITAL":0}},
{"type":"Feature","geometry":{"type":"Point","coordinates":[100.515,13.752]},"properties":{"NAME":"Bangkok","RANK":1,"POP":6704000,"CAPITAL":1}},
{"type":"Feature","geometry":{"type":"Point","coordinates":[-80.226,25.79]},"properties":{"NAME":"Miami","RANK":1,"POP":5585000,"CAPITAL":0}},
{"type":"Feature","geometry":{"type":"Point","coordinates":[-3.685,40.402]},"properties":{"NAME":"Madrid","RANK":1,"POP":5567000,"CAPITAL":1}},
{"type":"Feature","geometry":{"type":"Point","coordinates":[-79.389,43.665]},"properties":{"NAME":"Toronto","RANK":1,"POP":5213000,"CAPITAL":0}},
{"type":"Feature","geometry":{"type":"Point","coordinates":[44.392,33.341]},"properties":{"NAME":"Baghdad","RANK":1,"POP":5054000,"CAPITAL":1}},
{"type":"Feature","geometry":{"type":"Point","coordinates":[-84.368,33.739]},"properties":{"NAME":"Atlanta","RANK":1,"POP":4506000,"CAPITAL":0}},
{"type":"Feature","geometry":{"type":"Point","coordinates":[-95.348,29.741]},"properties":{"NAME":"Houston","RANK":1,"POP":4459000,"CAPITAL":0}},
{"type":"Feature","geometry":{"type":"Point","coordinates":[144.973,-37.818]},"properties":{"NAME":"Melbourne","RANK":1,"POP":4170000,"CAPITAL":0}},
{"type":"Feature","geometry":{"type":"Point","coordinates":[104.068,30.672]},"properties":{"NAME":"Chengdu","RANK":1,"POP":4123000,"CAPITAL":0}},
{"type":"Feature","geometry":{"type":"Point","coordinates":[-100.332,25.672]},"properties":{"NAME":"Monterrey","RANK":1,"POP":3712000,"CAPITAL":0}},
{"type":"Feature","geometry":{"type":"Point","coordinates":[87.573,43.807]},"properties":{"NAME":"\u00dcr\u00fcmqi","RANK":1,"POP":3575000,"CAPITAL":0}},
{"type":"Feature","geometry":{"type":"Point","coordinates":[-122.4,37.784]},"properties":{"NAME":"San Francisco","RANK":1,"POP":3450000,"CAPITAL":0}},
{"type":"Feature","geometry":{"type":"Point","coordinates":[28.028,-26.168]},"properties":{"NAME":"Johannesburg","RANK":1,"POP":3435000,"CAPITAL":1}},
{"type":"Feature","geometry":{"type":"Point","coordinates":[13.4,52.524]},"properties":{"NAME":"Berlin","RANK":1,"POP":3406000,"CAPITAL":1}},
{"type":"Feature","geometry":{"type":"Point","coordinates":[69.181,34.519]},"properties":{"NAME":"Kabul","RANK":1,"POP":3277000,"CAPITAL":1}},
{"type":"Feature","geometry":{"type":"Point","coordinates":[23.731,37.985]},"properties":{"NAME":"Athens","RANK":1,"POP":3242000,"CAPITAL":1}},
{"type":"Feature","geometry":{"type":"Point","coordinates":[-7.618,33.602]},"properties":{"NAME":"Casablanca","RANK":1,"POP":3181000,"CAPITAL":0}},
{"type":"Feature","geometry":{"type":"Point","coordinates":[38.698,9.035]},"properties":{"NAME":"Addis Ababa","RANK":1,"POP":3100000,"CAPITAL":1}},
{"type":"Feature","geometry":{"type":"Point","coordinates":[-66.919,10.503]},"properties":{"NAME":"Caracas","RANK":1,"POP":2985000,"CAPITAL":1}},
{"type":"Feature","geometry":{"type":"Point","coordinates":[30.515,50.435]},"properties":{"NAME":"Kyiv","RANK":1,"POP":2709000,"CAPITAL":1}},
{"type":"Feature","geometry":{"type":"Point","coordinates":[-17.475,14.718]},"properties":{"NAME":"Dakar","RANK":1,"POP":2604000,"CAPITAL":1}},
{"type":"Feature","geometry":{"type":"Point","coordinates":[16.365,48.202]},"properties":{"NAME":"Vienna","RANK":1,"POP":2400000,"CAPITAL":1}},
{"type":"Feature","geometry":{"type":"Point","coordinates":[-123.124,49.275]},"properties":{"NAME":"Vancouver","RANK":1,"POP":2313328,"CAPITAL":0}},
{"type":"Feature","geometry":{"type":"Point","coordinates":[-104.986,39.741]},"properties":{"NAME":"Denver","RANK":1,"POP":2313000,"CAPITAL":0}},
{"type":"Feature","geometry":{"type":"Point","coordinates":[69.269,41.304]},"properties":{"NAME":"Tashkent","RANK":1,"POP":2184000,"CAPITAL":1}},
{"type":"Feature","geometry":{"type":"Point","coordinates":[55.287,25.215]},"properties":{"NAME":"Dubai","RANK":1,"POP":1379000,"CAPITAL":0}},
{"type":"Feature","geometry":{"type":"Point","coordinates":[174.763,-36.848]},"properties":{"NAME":"Auckland","RANK":1,"POP":1377200,"CAPITAL":0}},
{"type":"Feature","geometry":{"type":"Point","coordinates":[18.066,59.324]},"properties":{"NAME":"Stockholm","RANK":1,"POP":1264000,"CAPITAL":1}},
{"type":"Feature","geometry":{"type":"Point","coordinates":[6.14,46.21]},"properties":{"NAME":"Geneva","RANK":1,"POP":1240000,"CAPITAL":0}},
{"type":"Feature","geometry":{"type":"Point","coordinates":[4.915,52.352]},"properties":{"NAME":"Amsterdam","RANK":1,"POP":1031000,"CAPITAL":1}},
{"type":"Feature","geometry":{"type":"Point","coordinates":[77.2,28.6]},"properties":{"NAME":"New Delhi","RANK":1,"POP":317797,"CAPITAL":1}},
{"type":"Feature","geometry":{"type":"Point","coordinates":[77.228,28.672]},"properties":{"NAME":"Delhi","RANK":2,"POP":15926000,"CAPITAL":0}},
{"type":"Feature","geometry":{"type":"Point","coordinates":[90.407,23.725]},"properties":{"NAME":"Dhaka","RANK":2,"POP":12797394,"CAPITAL":1}},
{"type":"Feature","geometry":{"type":"Point","coordinates":[66.988,24.872]},"properties":{"NAME":"Karachi","RANK":2,"POP":12130000,"CAPITAL":0}},
{"type":"Feature","geometry":{"type":"Point","coordinates":[113.262,23.125]},"properties":{"NAME":"Guangzhou","RANK":2,"POP":8829000,"CAPITAL":0}},
{"type":"Feature","geometry":{"type":"Point","coordinates":[114.061,22.548]},"properties":{"NAME":"Shenzhen","RANK":2,"POP":7581000,"CAPITAL":0}},
{"type":"Feature","geometry":{"type":"Point","coordinates":[114.268,30.582]},"properties":{"NAME":"Wuhan","RANK":2,"POP":7243000,"CAPITAL":0}},
{"type":"Feature","geometry":{"type":"Point","coordinates":[117.197,39.083]},"properties":{"NAME":"Tianjin","RANK":2,"POP":7180000,"CAPITAL":0}},
{"type":"Feature","geometry":{"type":"Point","coordinates":[80.278,13.092]},"properties":{"NAME":"Chennai","RANK":2,"POP":7163000,"CAPITAL":0}},
{"type":"Feature","geometry":{"type":"Point","coordinates":[74.348,31.562]},"properties":{"NAME":"Lahore","RANK":2,"POP":6577000,"CAPITAL":0}},
{"type":"Feature","geometry":{"type":"Point","coordinates":[106.593,29.567]},"properties":{"NAME":"Chongqing","RANK":2,"POP":6461000,"CAPITAL":0}},
{"type":"Feature","geometry":{"type":"Point","coordinates":[78.478,17.402]},"properties":{"NAME":"Hyderabad","RANK":2,"POP":6376000,"CAPITAL":0}},
{"type":"Feature","geometry":{"type":"Point","coordinates":[-75.18,39.946]},"properties":{"NAME":"Philadelphia","RANK":2,"POP":5492000,"CAPITAL":0}},
{"type":"Feature","geometry":{"type":"Point","coordinates":[72.578,23.032]},"properties":{"NAME":"Ahmedabad","RANK":2,"POP":5375000,"CAPITAL":0}},
{"type":"Feature","geometry":{"type":"Point","coordinates":[106.703,10.762]},"properties":{"NAME":"Ho Chi Minh City","RANK":2,"POP":5314000,"CAPITAL":0}},
{"type":"Feature","geometry":{"type":"Point","coordinates":[13.232,-8.836]},"properties":{"NAME":"Luanda","RANK":2,"POP":5172900,"CAPITAL":1}},
{"type":"Feature","geometry":{"type":"Point","coordinates":[2.181,41.385]},"properties":{"NAME":"Barcelona","RANK":2,"POP":4920000,"CAPITAL":0}},
{"type":"Feature","geometry":{"type":"Point","coordinates":[-96.795,32.772]},"properties":{"NAME":"Dallas","RANK":2,"POP":4798000,"CAPITAL":0}},
{"type":"Feature","geometry":{"type":"Point","coordinates":[123.448,41.807]},"properties":{"NAME":"Shenyeng","RANK":2,"POP":4787000,"CAPITAL":0}},
{"type":"Feature","geometry":{"type":"Point","coordinates":[32.532,15.59]},"properties":{"NAME":"Khartoum","RANK":2,"POP":4754000,"CAPITAL":1}},
{"type":"Feature","geometry":{"type":"Point","coordinates":[73.852,18.516]},"properties":{"NAME":"Pune","RANK":2,"POP":4672000,"CAPITAL":0}},
{"type":"Feature","geometry":{"type":"Point","coordinates":[30.314,59.941]},"properties":{"NAME":"St.  Petersburg","RANK":2,"POP":4553000,"CAPITAL":0}},
{"type":"Feature","geometry":{"type":"Point","coordinates":[91.798,22.332]},"properties":{"NAME":"Chattogram","RANK":2,"POP":4529000,"CAPITAL":0}},
{"type":"Feature","geometry":{"type":"Point","coordinates":[113.75,23.022]},"properties":{"NAME":"Dongguan","RANK":2,"POP":4528000,"CAPITAL":0}},
{"type":"Feature","geometry":{"type":"Point","coordinates":[-71.072,42.332]},"properties":{"NAME":"Boston","RANK":2,"POP":4467000,"CAPITAL":0}},
{"type":"Feature","geometry":{"type":"Point","coordinates":[105.848,21.035]},"properties":{"NAME":"Hanoi","RANK":2,"POP":4378000,"CAPITAL":1}},
{"type":"Feature","geometry":{"type":"Point","coordinates":[-103.332,20.672]},"properties":{"NAME":"Guadalajara","RANK":2,"POP":4198000,"CAPITAL":0}},
{"type":"Feature","geometry":{"type":"Point","coordinates":[29.948,31.202]},"properties":{"NAME":"Alexandria","RANK":2,"POP":4165000,"CAPITAL":0}},
{"type":"Feature","geometry":{"type":"Point","coordinates":[-83.051,42.334]},"properties":{"NAME":"Detroit","RANK":2,"POP":4101000,"CAPITAL":0}},
{"type":"Feature","geometry":{"type":"Point","coordinates":[96.165,16.785]},"properties":{"NAME":"Yangon","RANK":2,"POP":4088000,"CAPITAL":1}},
{"type":"Feature","geometry":{"type":"Point","coordinates":[108.893,34.277]},"properties":{"NAME":"Xian","RANK":2,"POP":4009000,"CAPITAL":0}},
{"type":"Feature","geometry":{"type":"Point","coordinates":[-51.202,-30.048]},"properties":{"NAME":"Porto Alegre","RANK":2,"POP":3917000,"CAPITAL":0}},
{"type":"Feature","geometry":{"type":"Point","coordinates":[72.838,21.202]},"properties":{"NAME":"Surat","RANK":2,"POP":3842000,"CAPITAL":0}},
{"type":"Feature","geometry":{"type":"Point","coordinates":[-4.02,5.323]},"properties":{"NAME":"Abidjan","RANK":2,"POP":3802000,"CAPITAL":1}},
{"type":"Feature","geometry":{"type":"Point","coordinates":[-47.918,-15.781]},"properties":{"NAME":"Bras\u00edlia","RANK":2,"POP":3716996,"CAPITAL":1}},
{"type":"Feature","geometry":{"type":"Point","coordinates":[32.862,39.929]},"properties":{"NAME":"Ankara","RANK":2,"POP":3716000,"CAPITAL":1}},
{"type":"Feature","geometry":{"type":"Point","coordinates":[118.778,32.052]},"properties":{"NAME":"Nanjing","RANK":2,"POP":3679000,"CAPITAL":0}},
{"type":"Feature","geometry":{"type":"Point","coordinates":[-73.585,45.502]},"properties":{"NAME":"Montr\u00e9al","RANK":2,"POP":3678000,"CAPITAL":0}},
{"type":"Feature","geometry":{"type":"Point","coordinates":[106.718,26.582]},"properties":{"NAME":"Guiyang","RANK":2,"POP":3662000,"CAPITAL":0}},
{"type":"Feature","geometry":{"type":"Point","coordinates":[-34.909,-8.061]},"properties":{"NAME":"Recife","RANK":2,"POP":3651000,"CAPITAL":0}},
{"type":"Feature","geometry":{"type":"Point","coordinates":[126.648,45.752]},"properties":{"NAME":"Harbin","RANK":2,"POP":3621000,"CAPITAL":0}},
{"type":"Feature","geometry":{"type":"Point","coordinates":[-38.582,-3.748]},"properties":{"NAME":"Fortaleza","RANK":2,"POP":3602319,"CAPITAL":0}},
{"type":"Feature","geometry":{"type":"Point","coordinates":[-112.067,33.448]},"properties":{"NAME":"Phoenix","RANK":2,"POP":3551000,"CAPITAL":0}},
{"type":"Feature","geometry":{"type":"Point","coordinates":[-38.482,-12.968]},"properties":{"NAME":"Salvador","RANK":2,"POP":3484000,"CAPITAL":0}},
{"type":"Feature","geometry":{"type":"Point","coordinates":[3.049,36.765]},"properties":{"NAME":"Algiers","RANK":2,"POP":3354000,"CAPITAL":1}},
{"type":"Feature","geometry":{"type":"Point","coordinates":[125.753,39.021]},"properties":{"NAME":"Pyongyang","RANK":2,"POP":3300000,"CAPITAL":1}},
{"type":"Feature","geometry":{"type":"Point","coordinates":[-75.577,6.277]},"properties":{"NAME":"Medell\u00edn","RANK":2,"POP":3297000,"CAPITAL":0}},
{"type":"Feature","geometry":{"type":"Point","coordinates":[125.338,43.867]},"properties":{"NAME":"Changchun","RANK":2,"POP":3183000,"CAPITAL":0}},
{"type":"Feature","geometry":{"type":"Point","coordinates":[80.318,26.462]},"properties":{"NAME":"Kanpur","RANK":2,"POP":3162000,"CAPITAL":0}},
{"type":"Feature","geometry":{"type":"Point","coordinates":[8.518,12.002]},"properties":{"NAME":"Kano","RANK":2,"POP":3140000,"CAPITAL":0}},
{"type":"Feature","geometry":{"type":"Point","coordinates":[34.768,32.082]},"properties":{"NAME":"Tel Aviv","RANK":2,"POP":3112000,"CAPITAL":1}},
{"type":"Feature","geometry":{"type":"Point","coordinates":[-49.322,-25.418]},"properties":{"NAME":"Curitiba","RANK":2,"POP":3084000,"CAPITAL":0}},
{"type":"Feature","geometry":{"type":"Point","coordinates":[-122.315,47.6]},"properties":{"NAME":"Seattle","RANK":2,"POP":3074000,"CAPITAL":0}},
{"type":"Feature","geometry":{"type":"Point","coordinates":[117.996,36.821]},"properties":{"NAME":"Zibo","RANK":2,"POP":3061000,"CAPITAL":0}},
{"type":"Feature","geometry":{"type":"Point","coordinates":[39.217,21.519]},"properties":{"NAME":"Jeddah","RANK":2,"POP":3012000,"CAPITAL":0}},
{"type":"Feature","geometry":{"type":"Point","coordinates":[120.168,30.252]},"properties":{"NAME":"Hangzhou","RANK":2,"POP":3007000,"CAPITAL":0}},
{"type":"Feature","geometry":{"type":"Point","coordinates":[9.203,45.472]},"properties":{"NAME":"Milan","RANK":2,"POP":2945000,"CAPITAL":0}},
{"type":"Feature","geometry":{"type":"Point","coordinates":[102.697,25.043]},"properties":{"NAME":"Kunming","RANK":2,"POP":2931000,"CAPITAL":0}},
{"type":"Feature","geometry":{"type":"Point","coordinates":[39.266,-6.798]},"properties":{"NAME":"Dar es Salaam","RANK":2,"POP":2930000,"CAPITAL":1}},
{"type":"Feature","geometry":{"type":"Point","coordinates":[75.808,26.923]},"properties":{"NAME":"Jaipur","RANK":2,"POP":2917000,"CAPITAL":0}},
{"type":"Feature","geometry":{"type":"Point","coordinates":[-117.151,32.719]},"properties":{"NAME":"San Diego","RANK":2,"POP":2916000,"CAPITAL":0}},
{"type":"Feature","geometry":{"type":"Point","coordinates":[112.543,37.877]},"properties":{"NAME":"Taiyuan","RANK":2,"POP":2913000,"CAPITAL":0}},
{"type":"Feature","geometry":{"type":"Point","coordinates":[8.675,50.1]},"properties":{"NAME":"Frankfurt","RANK":2,"POP":2895000,"CAPITAL":0}},
{"type":"Feature","geometry":{"type":"Point","coordinates":[112.749,-7.247]},"properties":{"NAME":"Surabaya","RANK":2,"POP":2845000,"CAPITAL":0}},
{"type":"Feature","geometry":{"type":"Point","coordinates":[-9.147,38.725]},"properties":{"NAME":"Lisbon","RANK":2,"POP":2812000,"CAPITAL":1}},
{"type":"Feature","geometry":{"type":"Point","coordinates":[116.993,36.677]},"properties":{"NAME":"Jinan","RANK":2,"POP":2798000,"CAPITAL":0}},
{"type":"Feature","geometry":{"type":"Point","coordinates":[37.168,36.232]},"properties":{"NAME":"Aleppo","RANK":2,"POP":2738000,"CAPITAL":0}},
{"type":"Feature","geometry":{"type":"Point","coordinates":[31.011,-29.861]},"properties":{"NAME":"Durban","RANK":2,"POP":2729000,"CAPITAL":0}},
{"type":"Feature","geometry":{"type":"Point","coordinates":[113.663,34.757]},"properties":{"NAME":"Zhengzhou","RANK":2,"POP":2636000,"CAPITAL":0}},
{"type":"Feature","geometry":{"type":"Point","coordinates":[-93.254,44.982]},"properties":{"NAME":"Minneapolis","RANK":2,"POP":2616000,"CAPITAL":0}},
{"type":"Feature","geometry":{"type":"Point","coordinates":[119.298,26.082]},"properties":{"NAME":"Fuzhou","RANK":2,"POP":2606000,"CAPITAL":0}},
{"type":"Feature","geometry":{"type":"Point","coordinates":[112.968,28.202]},"properties":{"NAME":"Changsha","RANK":2,"POP":2604000,"CAPITAL":0}},
{"type":"Feature","geometry":{"type":"Point","coordinates":[103.79,36.058]},"properties":{"NAME":"Lanzhou","RANK":2,"POP":2561000,"CAPITAL":0}},
{"type":"Feature","geometry":{"type":"Point","coordinates":[141.338,43.077]},"properties":{"NAME":"Sapporo","RANK":2,"POP":2544000,"CAPITAL":0}},
{"type":"Feature","geometry":{"type":"Point","coordinates":[-79.922,-2.218]},"properties":{"NAME":"Guayaquil","RANK":2,"POP":2514000,"CAPITAL":0}},
{"type":"Feature","geometry":{"type":"Point","coordinates":[59.568,36.272]},"properties":{"NAME":"Mashhad","RANK":2,"POP":2469000,"CAPITAL":0}},
{"type":"Feature","geometry":{"type":"Point","coordinates":[36.298,33.502]},"properties":{"NAME":"Damascus","RANK":2,"POP":2466000,"CAPITAL":1}},
{"type":"Feature","geometry":{"type":"Point","coordinates":[79.088,21.172]},"properties":{"NAME":"Nagpur","RANK":2,"POP":2454000,"CAPITAL":0}},
{"type":"Feature","geometry":{"type":"Point","coordinates":[107.568,-6.948]},"properties":{"NAME":"Bandung","RANK":2,"POP":2394000,"CAPITAL":0}},
{"type":"Feature","geometry":{"type":"Point","coordinates":[115.878,28.682]},"properties":{"NAME":"Nanchang","RANK":2,"POP":2350000,"CAPITAL":0}},
{"type":"Feature","geometry":{"type":"Point","coordinates":[-82.461,27.949]},"properties":{"NAME":"Tampa","RANK":2,"POP":2314000,"CAPITAL":0}},
{"type":"Feature","geometry":{"type":"Point","coordinates":[-76.502,3.402]},"properties":{"NAME":"Cali","RANK":2,"POP":2254000,"CAPITAL":0}},
{"type":"Feature","geometry":{"type":"Point","coordinates":[14.243,40.842]},"properties":{"NAME":"Naples","RANK":2,"POP":2250000,"CAPITAL":0}},
{"type":"Feature","geometry":{"type":"Point","coordinates":[-90.242,38.637]},"properties":{"NAME":"St. Louis","RANK":2,"POP":2199000,"CAPITAL":0}},
{"type":"Feature","geometry":{"type":"Point","coordinates":[-98.204,19.033]},"properties":{"NAME":"Puebla","RANK":2,"POP":2195000,"CAPITAL":0}},
{"type":"Feature","geometry":{"type":"Point","coordinates":[13.18,32.892]},"properties":{"NAME":"Tripoli","RANK":2,"POP":2189000,"CAPITAL":1}},
{"type":"Feature","geometry":{"type":"Point","coordinates":[-82.366,23.134]},"properties":{"NAME":"Havana","RANK":2,"POP":2174000,"CAPITAL":1}},
{"type":"Feature","geometry":{"type":"Point","coordinates":[108.318,22.822]},"properties":{"NAME":"Nanning","RANK":2,"POP":2167000,"CAPITAL":0}},
{"type":"Feature","geometry":{"type":"Point","coordinates":[-48.482,-1.448]},"properties":{"NAME":"Bel\u00e9m","RANK":2,"POP":2167000,"CAPITAL":0}},
{"type":"Feature","geometry":{"type":"Point","coordinates":[85.128,25.627]},"properties":{"NAME":"Patna","RANK":2,"POP":2158000,"CAPITAL":0}},
{"type":"Feature","geometry":{"type":"Point","coordinates":[-69.93,18.471]},"properties":{"NAME":"Santo Domingo","RANK":2,"POP":2154000,"CAPITAL":1}},
{"type":"Feature","geometry":{"type":"Point","coordinates":[-0.219,5.552]},"properties":{"NAME":"Accra","RANK":2,"POP":2121000,"CAPITAL":1}},
{"type":"Feature","geometry":{"type":"Point","coordinates":[98.648,3.582]},"properties":{"NAME":"Medan","RANK":2,"POP":2115000,"CAPITAL":0}},
{"type":"Feature","geometry":{"type":"Point","coordinates":[-71.662,10.732]},"properties":{"NAME":"Maracaibo","RANK":2,"POP":2072000,"CAPITAL":0}},
{"type":"Feature","geometry":{"type":"Point","coordinates":[47.976,29.372]},"properties":{"NAME":"Kuwait City","RANK":2,"POP":2063000,"CAPITAL":1}},
{"type":"Feature","geometry":{"type":"Point","coordinates":[132.441,34.39]},"properties":{"NAME":"Hiroshima","RANK":2,"POP":2045000,"CAPITAL":0}},
{"type":"Feature","geometry":{"type":"Point","coordinates":[109.82,40.654]},"properties":{"NAME":"Baotou","RANK":2,"POP":2036000,"CAPITAL":0}},
{"type":"Feature","geometry":{"type":"Point","coordinates":[-49.302,-16.718]},"properties":{"NAME":"Goi\u00e2nia","RANK":2,"POP":2022000,"CAPITAL":0}},
{"type":"Feature","geometry":{"type":"Point","coordinates":[44.205,15.357]},"properties":{"NAME":"Sanaa","RANK":2,"POP":2008000,"CAPITAL":1}},
{"type":"Feature","geometry":{"type":"Point","coordinates":[26.098,44.435]},"properties":{"NAME":"Bucharest","RANK":2,"POP":1942000,"CAPITAL":1}},
{"type":"Feature","geometry":{"type":"Point","coordinates":[9.998,53.552]},"properties":{"NAME":"Hamburg","RANK":2,"POP":1757000,"CAPITAL":0}},
{"type":"Feature","geometry":{"type":"Point","coordinates":[4.331,50.835]},"properties":{"NAME":"Brussels","RANK":2,"POP":1743000,"CAPITAL":1}},
{"type":"Feature","geometry":{"type":"Point","coordinates":[21.005,52.231]},"properties":{"NAME":"Warsaw","RANK":2,"POP":1707000,"CAPITAL":1}},
{"type":"Feature","geometry":{"type":"Point","coordinates":[19.081,47.502]},"properties":{"NAME":"Budapest","RANK":2,"POP":1679000,"CAPITAL":1}},
{"type":"Feature","geometry":{"type":"Point","coordinates":[115.838,-31.953]},"properties":{"NAME":"Perth","RANK":2,"POP":1532000,"CAPITAL":0}},
{"type":"Feature","geometry":{"type":"Point","coordinates":[101.689,3.14]},"properties":{"NAME":"Kuala Lumpur","RANK":2,"POP":1448000,"CAPITAL":1}},
{"type":"Feature","geometry":{"type":"Point","coordinates":[39.818,21.432]},"properties":{"NAME":"Makkah","RANK":2,"POP":1385000,"CAPITAL":0}},
{"type":"Feature","geometry":{"type":"Point","coordinates":[11.573,48.132]},"properties":{"NAME":"Munich","RANK":2,"POP":1275000,"CAPITAL":0}},
{"type":"Feature","geometry":{"type":"Point","coordinates":[14.423,50.087]},"properties":{"NAME":"Prague","RANK":2,"POP":1162000,"CAPITAL":1}},
{"type":"Feature","geometry":{"type":"Point","coordinates":[24.932,60.164]},"properties":{"NAME":"Helsinki","RANK":2,"POP":1115000,"CAPITAL":1}},
{"type":"Feature","geometry":{"type":"Point","coordinates":[8.548,47.382]},"properties":{"NAME":"Z\u00fcrich","RANK":2,"POP":1108000,"CAPITAL":0}},
{"type":"Feature","geometry":{"type":"Point","coordinates":[12.562,55.681]},"properties":{"NAME":"K\u00f8benhavn","RANK":2,"POP":1085000,"CAPITAL":1}},
{"type":"Feature","geometry":{"type":"Point","coordinates":[-6.257,53.347]},"properties":{"NAME":"Dublin","RANK":2,"POP":1059000,"CAPITAL":1}},
{"type":"Feature","geometry":{"type":"Point","coordinates":[-113.502,53.552]},"properties":{"NAME":"Edmonton","RANK":2,"POP":1058000,"CAPITAL":0}},
{"type":"Feature","geometry":{"type":"Point","coordinates":[-10.8,6.315]},"properties":{"NAME":"Monrovia","RANK":2,"POP":1041000,"CAPITAL":1}},
{"type":"Feature","geometry":{"type":"Point","coordinates":[10.748,59.919]},"properties":{"NAME":"Oslo","RANK":2,"POP":835000,"CAPITAL":1}},
{"type":"Feature","geometry":{"type":"Point","coordinates":[-157.858,21.303]},"properties":{"NAME":"Honolulu","RANK":2,"POP":786000,"CAPITAL":0}},
{"type":"Feature","geometry":{"type":"Point","coordinates":[-90.088,29.969]},"properties":{"NAME":"New Orleans","RANK":2,"POP":785000,"CAPITAL":0}},
{"type":"Feature","geometry":{"type":"Point","coordinates":[-149.887,61.214]},"properties":{"NAME":"Anchorage","RANK":2,"POP":260283,"CAPITAL":0}},
{"type":"Feature","geometry":{"type":"Point","coordinates":[120.267,22.633]},"properties":{"NAME":"Kaohsiung","RANK":3,"POP":2769072,"CAPITAL":0}},
{"type":"Feature","geometry":{"type":"Point","coordinates":[-66.13,18.44]},"properties":{"NAME":"San Juan","RANK":3,"POP":2478905,"CAPITAL":0}},
{"type":"Feature","geometry":{"type":"Point","coordinates":[10.18,36.803]},"properties":{"NAME":"Tunis","RANK":3,"POP":2412500,"CAPITAL":1}},
{"type":"Feature","geometry":{"type":"Point","coordinates":[49.86,40.397]},"properties":{"NAME":"Baku","RANK":3,"POP":2122300,"CAPITAL":1}},
{"type":"Feature","geometry":{"type":"Point","coordinates":[-63.228,-17.752]},"properties":{"NAME":"Santa Cruz","RANK":3,"POP":2102998,"CAPITAL":0}},
{"type":"Feature","geometry":{"type":"Point","coordinates":[-72.338,18.543]},"properties":{"NAME":"Port-au-Prince","RANK":3,"POP":1998000,"CAPITAL":1}},
{"type":"Feature","geometry":{"type":"Point","coordinates":[-81.697,41.472]},"properties":{"NAME":"Cleveland","RANK":3,"POP":1890000,"CAPITAL":0}},
{"type":"Feature","geometry":{"type":"Point","coordinates":[-122.682,45.522]},"properties":{"NAME":"Portland","RANK":3,"POP":1875000,"CAPITAL":0}},
{"type":"Feature","geometry":{"type":"Point","coordinates":[-57.626,-25.291]},"properties":{"NAME":"Asunci\u00f3n","RANK":3,"POP":1870000,"CAPITAL":1}},
{"type":"Feature","geometry":{"type":"Point","coordinates":[153.033,-27.453]},"properties":{"NAME":"Brisbane","RANK":3,"POP":1860000,"CAPITAL":0}},
{"type":"Feature","geometry":{"type":"Point","coordinates":[35.508,33.874]},"properties":{"NAME":"Beirut","RANK":3,"POP":1846000,"CAPITAL":1}},
{"type":"Feature","geometry":{"type":"Point","coordinates":[-80.002,40.432]},"properties":{"NAME":"Pittsburgh","RANK":3,"POP":1838000,"CAPITAL":0}},
{"type":"Feature","geometry":{"type":"Point","coordinates":[-115.151,36.165]},"properties":{"NAME":"Las Vegas","RANK":3,"POP":1823000,"CAPITAL":0}},
{"type":"Feature","geometry":{"type":"Point","coordinates":[27.565,53.902]},"properties":{"NAME":"Minsk","RANK":3,"POP":1805000,"CAPITAL":1}},
{"type":"Feature","geometry":{"type":"Point","coordinates":[-67.982,10.232]},"properties":{"NAME":"Valencia","RANK":3,"POP":1770000,"CAPITAL":0}},
{"type":"Feature","geometry":{"type":"Point","coordinates":[-60.002,-3.098]},"properties":{"NAME":"Manaus","RANK":3,"POP":1753000,"CAPITAL":0}},
{"type":"Feature","geometry":{"type":"Point","coordinates":[104.748,-2.978]},"properties":{"NAME":"Palembang","RANK":3,"POP":1749000,"CAPITAL":0}},
{"type":"Feature","geometry":{"type":"Point","coordinates":[77.408,23.252]},"properties":{"NAME":"Bhopal","RANK":3,"POP":1727000,"CAPITAL":0}},
{"type":"Feature","geometry":{"type":"Point","coordinates":[-6.836,34.025]},"properties":{"NAME":"Rabat","RANK":3,"POP":1705000,"CAPITAL":1}},
{"type":"Feature","geometry":{"type":"Point","coordinates":[-78.502,-0.213]},"properties":{"NAME":"Quito","RANK":3,"POP":1701000,"CAPITAL":1}},
{"type":"Feature","geometry":{"type":"Point","coordinates":[47.515,-18.915]},"properties":{"NAME":"Antananarivo","RANK":3,"POP":1697000,"CAPITAL":1}},
{"type":"Feature","geometry":{"type":"Point","coordinates":[76.948,11.002]},"properties":{"NAME":"Coimbatore","RANK":3,"POP":1696000,"CAPITAL":0}},
{"type":"Feature","geometry":{"type":"Point","coordinates":[-121.888,37.331]},"properties":{"NAME":"San Jose","RANK":3,"POP":1668000,"CAPITAL":0}},
{"type":"Feature","geometry":{"type":"Point","coordinates":[123.988,47.347]},"properties":{"NAME":"Qiqihar","RANK":3,"POP":1641000,"CAPITAL":0}},
{"type":"Feature","geometry":{"type":"Point","coordinates":[-84.459,39.164]},"properties":{"NAME":"Cincinnati","RANK":3,"POP":1636000,"CAPITAL":0}},
{"type":"Feature","geometry":{"type":"Point","coordinates":[51.698,32.702]},"properties":{"NAME":"Isfahan","RANK":3,"POP":1628000,"CAPITAL":0}},
{"type":"Feature","geometry":{"type":"Point","coordinates":[11.515,3.869]},"properties":{"NAME":"Yaound\u00e9","RANK":3,"POP":1611000,"CAPITAL":1}},
{"type":"Feature","geometry":{"type":"Point","coordinates":[-121.472,38.577]},"properties":{"NAME":"Sacramento","RANK":3,"POP":1604000,"CAPITAL":0}},
{"type":"Feature","geometry":{"type":"Point","coordinates":[116.668,23.372]},"properties":{"NAME":"Shantou","RANK":3,"POP":1601000,"CAPITAL":0}},
{"type":"Feature","geometry":{"type":"Point","coordinates":[-68.152,-16.496]},"properties":{"NAME":"La Paz","RANK":3,"POP":1590000,"CAPITAL":1}},
{"type":"Feature","geometry":{"type":"Point","coordinates":[7.49,9.055]},"properties":{"NAME":"Abuja","RANK":3,"POP":1576000,"CAPITAL":1}},
{"type":"Feature","geometry":{"type":"Point","coordinates":[31.043,-17.816]},"properties":{"NAME":"Harare","RANK":3,"POP":1572000,"CAPITAL":1}},
{"type":"Feature","geometry":{"type":"Point","coordinates":[-117.082,32.502]},"properties":{"NAME":"Tijuana","RANK":3,"POP":1553000,"CAPITAL":0}},
{"type":"Feature","geometry":{"type":"Point","coordinates":[83.22,17.683]},"properties":{"NAME":"Vishakhapatnam","RANK":3,"POP":1529000,"CAPITAL":0}},
{"type":"Feature","geometry":{"type":"Point","coordinates":[71.453,30.202]},"properties":{"NAME":"Multan","RANK":3,"POP":1522000,"CAPITAL":0}},
{"type":"Feature","geometry":{"type":"Point","coordinates":[-56.187,-34.905]},"properties":{"NAME":"Montevideo","RANK":3,"POP":1513000,"CAPITAL":1}},
{"type":"Feature","geometry":{"type":"Point","coordinates":[-8.002,12.652]},"properties":{"NAME":"Bamako","RANK":3,"POP":1494000,"CAPITAL":1}},
{"type":"Feature","geometry":{"type":"Point","coordinates":[-13.682,9.533]},"properties":{"NAME":"Conakry","RANK":3,"POP":1494000,"CAPITAL":1}},
{"type":"Feature","geometry":{"type":"Point","coordinates":[-98.493,29.42]},"properties":{"NAME":"San Antonio","RANK":3,"POP":1473000,"CAPITAL":0}},
{"type":"Feature","geometry":{"type":"Point","coordinates":[104.915,11.552]},"properties":{"NAME":"Phnom Penh","RANK":3,"POP":1466000,"CAPITAL":1}},
{"type":"Feature","geometry":{"type":"Point","coordinates":[68.373,25.382]},"properties":{"NAME":"Hyderabad","RANK":3,"POP":1459000,"CAPITAL":0}},
{"type":"Feature","geometry":{"type":"Point","coordinates":[1.221,6.134]},"properties":{"NAME":"Lom\u00e9","RANK":3,"POP":1452000,"CAPITAL":1}},
{"type":"Feature","geometry":{"type":"Point","coordinates":[-64.184,-31.398]},"properties":{"NAME":"C\u00f3rdoba","RANK":3,"POP":1452000,"CAPITAL":0}},
{"type":"Feature","geometry":{"type":"Point","coordinates":[116.978,32.632]},"properties":{"NAME":"Huainan","RANK":3,"POP":1451000,"CAPITAL":0}},
{"type":"Feature","geometry":{"type":"Point","coordinates":[32.587,-25.953]},"properties":{"NAME":"Maputo","RANK":3,"POP":1446000,"CAPITAL":1}},
{"type":"Feature","geometry":{"type":"Point","coordinates":[-89.216,13.703]},"properties":{"NAME":"San Salvador","RANK":3,"POP":1433000,"CAPITAL":1}},
{"type":"Feature","geometry":{"type":"Point","coordinates":[4.828,45.772]},"properties":{"NAME":"Lyon","RANK":3,"POP":1423000,"CAPITAL":0}},
{"type":"Feature","geometry":{"type":"Point","coordinates":[32.581,0.319]},"properties":{"NAME":"Kampala","RANK":3,"POP":1420000,"CAPITAL":1}},
{"type":"Feature","geometry":{"type":"Point","coordinates":[125.628,7.112]},"properties":{"NAME":"Davao","RANK":3,"POP":1402000,"CAPITAL":0}},
{"type":"Feature","geometry":{"type":"Point","coordinates":[110.418,-6.965]},"properties":{"NAME":"Semarang","RANK":3,"POP":1396000,"CAPITAL":0}},
{"type":"Feature","geometry":{"type":"Point","coordinates":[82.958,55.032]},"properties":{"NAME":"Novosibirsk","RANK":3,"POP":1389000,"CAPITAL":0}},
{"type":"Feature","geometry":{"type":"Point","coordinates":[-87.917,43.03]},"properties":{"NAME":"Milwaukee","RANK":3,"POP":1388000,"CAPITAL":0}},
{"type":"Feature","geometry":{"type":"Point","coordinates":[15.283,-4.257]},"properties":{"NAME":"Brazzaville","RANK":3,"POP":1355000,"CAPITAL":1}},
{"type":"Feature","geometry":{"type":"Point","coordinates":[27.478,-11.678]},"properties":{"NAME":"Lubumbashi","RANK":3,"POP":1352000,"CAPITAL":0}},
{"type":"Feature","geometry":{"type":"Point","coordinates":[82.998,25.332]},"properties":{"NAME":"Varanasi","RANK":3,"POP":1352000,"CAPITAL":0}},
{"type":"Feature","geometry":{"type":"Point","coordinates":[28.227,-25.705]},"properties":{"NAME":"Pretoria","RANK":3,"POP":1338000,"CAPITAL":1}},
{"type":"Feature","geometry":{"type":"Point","coordinates":[28.281,-15.415]},"properties":{"NAME":"Lusaka","RANK":3,"POP":1328000,"CAPITAL":1}},
{"type":"Feature","geometry":{"type":"Point","coordinates":[86.981,23.685]},"properties":{"NAME":"Asansol","RANK":3,"POP":1328000,"CAPITAL":0}},
{"type":"Feature","geometry":{"type":"Point","coordinates":[60.598,56.852]},"properties":{"NAME":"Yekaterinburg","RANK":3,"POP":1313000,"CAPITAL":0}},
{"type":"Feature","geometry":{"type":"Point","coordinates":[71.533,34.007]},"properties":{"NAME":"Peshawar","RANK":3,"POP":1303000,"CAPITAL":0}},
{"type":"Feature","geometry":{"type":"Point","coordinates":[86.196,22.789]},"properties":{"NAME":"Jamshedpur","RANK":3,"POP":1300000,"CAPITAL":0}},
{"type":"Feature","geometry":{"type":"Point","coordinates":[78.118,9.922]},"properties":{"NAME":"Madurai","RANK":3,"POP":1294000,"CAPITAL":0}},
{"type":"Feature","geometry":{"type":"Point","coordinates":[-84.079,9.93]},"properties":{"NAME":"San Jos\u00e9","RANK":3,"POP":1284000,"CAPITAL":1}},
{"type":"Feature","geometry":{"type":"Point","coordinates":[-79.535,8.97]},"properties":{"NAME":"Panama City","RANK":3,"POP":1281000,"CAPITAL":1}},
{"type":"Feature","geometry":{"type":"Point","coordinates":[43.998,56.335]},"properties":{"NAME":"Nizhny Novgorod","RANK":3,"POP":1278000,"CAPITAL":0}},
{"type":"Feature","geometry":{"type":"Point","coordinates":[119.43,-5.138]},"properties":{"NAME":"Makassar","RANK":3,"POP":1262000,"CAPITAL":0}},
{"type":"Feature","geometry":{"type":"Point","coordinates":[52.568,29.632]},"properties":{"NAME":"Shiraz","RANK":3,"POP":1240000,"CAPITAL":0}},
{"type":"Feature","geometry":{"type":"Point","coordinates":[-5.98,37.405]},"properties":{"NAME":"Seville","RANK":3,"POP":1212045,"CAPITAL":0}},
{"type":"Feature","geometry":{"type":"Point","coordinates":[74.868,31.642]},"properties":{"NAME":"Amritsar","RANK":3,"POP":1212000,"CAPITAL":0}},
{"type":"Feature","geometry":{"type":"Point","coordinates":[76.913,43.327]},"properties":{"NAME":"Almaty","RANK":3,"POP":1209000,"CAPITAL":0}},
{"type":"Feature","geometry":{"type":"Point","coordinates":[23.315,42.685]},"properties":{"NAME":"Sofia","RANK":3,"POP":1185000,"CAPITAL":1}},
{"type":"Feature","geometry":{"type":"Point","coordinates":[20.065,32.119]},"properties":{"NAME":"Banghazi","RANK":3,"POP":1180000,"CAPITAL":0}},
{"type":"Feature","geometry":{"type":"Point","coordinates":[-78.647,35.773]},"properties":{"NAME":"Raleigh","RANK":3,"POP":1163515,"CAPITAL":0}},
{"type":"Feature","geometry":{"type":"Point","coordinates":[-4.239,55.862]},"properties":{"NAME":"Glasgow","RANK":3,"POP":1160000,"CAPITAL":0}},
{"type":"Feature","geometry":{"type":"Point","coordinates":[-1.527,12.372]},"properties":{"NAME":"Ouagadougou","RANK":3,"POP":1149000,"CAPITAL":1}},
{"type":"Feature","geometry":{"type":"Point","coordinates":[-75.702,45.419]},"properties":{"NAME":"Ottawa","RANK":3,"POP":1145000,"CAPITAL":1}},
{"type":"Feature","geometry":{"type":"Point","coordinates":[138.598,-34.933]},"properties":{"NAME":"Adelaide","RANK":3,"POP":1145000,"CAPITAL":0}},
{"type":"Feature","geometry":{"type":"Point","coordinates":[50.149,53.197]},"properties":{"NAME":"Samara","RANK":3,"POP":1137000,"CAPITAL":0}},
{"type":"Feature","geometry":{"type":"Point","coordinates":[49.124,55.752]},"properties":{"NAME":"Kazan","RANK":3,"POP":1115000,"CAPITAL":0}},
{"type":"Feature","geometry":{"type":"Point","coordinates":[-114.082,51.085]},"properties":{"NAME":"Calgary","RANK":3,"POP":1110000,"CAPITAL":0}},
{"type":"Feature","geometry":{"type":"Point","coordinates":[44.512,40.183]},"properties":{"NAME":"Yerevan","RANK":3,"POP":1102000,"CAPITAL":1}},
{"type":"Feature","geometry":{"type":"Point","coordinates":[45.365,2.069]},"properties":{"NAME":"Mogadishu","RANK":3,"POP":1100000,"CAPITAL":1}},
{"type":"Feature","geometry":{"type":"Point","coordinates":[44.789,41.727]},"properties":{"NAME":"Tbilisi","RANK":3,"POP":1100000,"CAPITAL":1}},
{"type":"Feature","geometry":{"type":"Point","coordinates":[15.758,-12.748]},"properties":{"NAME":"Huambo","RANK":3,"POP":1100000,"CAPITAL":0}},
{"type":"Feature","geometry":{"type":"Point","coordinates":[20.466,44.821]},"properties":{"NAME":"Belgrade","RANK":3,"POP":1099000,"CAPITAL":1}},
{"type":"Feature","geometry":{"type":"Point","coordinates":[81.372,21.211]},"properties":{"NAME":"Bhilai","RANK":3,"POP":1097000,"CAPITAL":0}},
{"type":"Feature","geometry":{"type":"Point","coordinates":[68.774,38.56]},"properties":{"NAME":"Dushanbe","RANK":3,"POP":1086244,"CAPITAL":1}},
{"type":"Feature","geometry":{"type":"Point","coordinates":[-90.029,35.145]},"properties":{"NAME":"Memphis","RANK":3,"POP":1081000,"CAPITAL":0}},
{"type":"Feature","geometry":{"type":"Point","coordinates":[35.931,31.952]},"properties":{"NAME":"Amman","RANK":3,"POP":1060000,"CAPITAL":1}},
{"type":"Feature","geometry":{"type":"Point","coordinates":[101.768,36.622]},"properties":{"NAME":"Xining","RANK":3,"POP":1048000,"CAPITAL":0}},
{"type":"Feature","geometry":{"type":"Point","coordinates":[-76.28,36.85]},"properties":{"NAME":"Norfolk","RANK":3,"POP":1047869,"CAPITAL":0}},
{"type":"Feature","geometry":{"type":"Point","coordinates":[35.207,31.778]},"properties":{"NAME":"Jerusalem","RANK":3,"POP":1029300,"CAPITAL":1}},
{"type":"Feature","geometry":{"type":"Point","coordinates":[-90.529,14.623]},"properties":{"NAME":"Guatemala City","RANK":3,"POP":1024000,"CAPITAL":1}},
{"type":"Feature","geometry":{"type":"Point","coordinates":[-48.522,-27.578]},"properties":{"NAME":"Florian\u00f3polis","RANK":3,"POP":1023000,"CAPITAL":0}},
{"type":"Feature","geometry":{"type":"Point","coordinates":[25.598,-33.968]},"properties":{"NAME":"Port Elizabeth","RANK":3,"POP":1021000,"CAPITAL":0}},
{"type":"Feature","geometry":{"type":"Point","coordinates":[56.038,54.792]},"properties":{"NAME":"Ufa","RANK":3,"POP":1018000,"CAPITAL":0}},
{"type":"Feature","geometry":{"type":"Point","coordinates":[-78.882,42.882]},"properties":{"NAME":"Buffalo","RANK":3,"POP":1016000,"CAPITAL":0}},
{"type":"Feature","geometry":{"type":"Point","coordinates":[-5.002,34.057]},"properties":{"NAME":"Fez","RANK":3,"POP":1002000,"CAPITAL":0}},
{"type":"Feature","geometry":{"type":"Point","coordinates":[45.009,12.78]},"properties":{"NAME":"Aden","RANK":3,"POP":1000000,"CAPITAL":0}},
{"type":"Feature","geometry":{"type":"Point","coordinates":[56.248,58.002]},"properties":{"NAME":"Perm","RANK":3,"POP":997000,"CAPITAL":0}},
{"type":"Feature","geometry":{"type":"Point","coordinates":[106.271,38.47]},"properties":{"NAME":"Yinchuan","RANK":3,"POP":991000,"CAPITAL":0}},
{"type":"Feature","geometry":{"type":"Point","coordinates":[15.047,12.115]},"properties":{"NAME":"N'Djamena","RANK":3,"POP":989000,"CAPITAL":1}},
{"type":"Feature","geometry":{"type":"Point","coordinates":[110.278,25.282]},"properties":{"NAME":"Guilin","RANK":3,"POP":987000,"CAPITAL":0}},
{"type":"Feature","geometry":{"type":"Point","coordinates":[44.498,48.712]},"properties":{"NAME":"Volgograd","RANK":3,"POP":984000,"CAPITAL":0}},
{"type":"Feature","geometry":{"type":"Point","coordinates":[-111.932,40.777]},"properties":{"NAME":"Salt Lake City","RANK":3,"POP":966000,"CAPITAL":0}},
{"type":"Feature","geometry":{"type":"Point","coordinates":[-89.619,20.969]},"properties":{"NAME":"M\u00e9rida","RANK":3,"POP":965000,"CAPITAL":0}},
{"type":"Feature","geometry":{"type":"Point","coordinates":[113.848,27.622]},"properties":{"NAME":"Pingxiang","RANK":3,"POP":961000,"CAPITAL":0}},
{"type":"Feature","geometry":{"type":"Point","coordinates":[75.768,11.252]},"properties":{"NAME":"Kozhikode","RANK":3,"POP":953000,"CAPITAL":0}},
{"type":"Feature","geometry":{"type":"Point","coordinates":[-87.219,14.104]},"properties":{"NAME":"Tegucigalpa","RANK":3,"POP":946000,"CAPITAL":1}},
{"type":"Feature","geometry":{"type":"Point","coordinates":[-76.767,17.977]},"properties":{"NAME":"Kingston","RANK":3,"POP":937700,"CAPITAL":1}},
{"type":"Feature","geometry":{"type":"Point","coordinates":[96.117,19.769]},"properties":{"NAME":"Naypyidaw","RANK":3,"POP":930000,"CAPITAL":1}},
{"type":"Feature","geometry":{"type":"Point","coordinates":[92.864,56.016]},"properties":{"NAME":"Krasnoyarsk","RANK":3,"POP":925000,"CAPITAL":0}},
{"type":"Feature","geometry":{"type":"Point","coordinates":[-86.27,12.155]},"properties":{"NAME":"Managua","RANK":3,"POP":920000,"CAPITAL":1}},
{"type":"Feature","geometry":{"type":"Point","coordinates":[2.115,13.519]},"properties":{"NAME":"Niamey","RANK":3,"POP":915000,"CAPITAL":1}},
{"type":"Feature","geometry":{"type":"Point","coordinates":[19.819,41.328]},"properties":{"NAME":"Tirana","RANK":3,"POP":895350,"CAPITAL":1}},
{"type":"Feature","geometry":{"type":"Point","coordinates":[85.315,27.719]},"properties":{"NAME":"Kathmandu","RANK":3,"POP":895000,"CAPITAL":1}},
{"type":"Feature","geometry":{"type":"Point","coordinates":[-68.819,-32.881]},"properties":{"NAME":"Mendoza","RANK":3,"POP":893000,"CAPITAL":0}},
{"type":"Feature","geometry":{"type":"Point","coordinates":[-73.05,-36.83]},"properties":{"NAME":"Concepci\u00f3n","RANK":3,"POP":889725,"CAPITAL":0}},
{"type":"Feature","geometry":{"type":"Point","coordinates":[-75.516,10.402]},"properties":{"NAME":"Cartagena","RANK":3,"POP":887000,"CAPITAL":0}},
{"type":"Feature","geometry":{"type":"Point","coordinates":[106.915,47.919]},"properties":{"NAME":"Ulaanbaatar","RANK":3,"POP":885000,"CAPITAL":1}},
{"type":"Feature","geometry":{"type":"Point","coordinates":[39.688,-4.038]},"properties":{"NAME":"Mombasa","RANK":3,"POP":882000,"CAPITAL":0}},
{"type":"Feature","geometry":{"type":"Point","coordinates":[-96.01,41.24]},"properties":{"NAME":"Omaha","RANK":3,"POP":877110,"CAPITAL":0}},
{"type":"Feature","geometry":{"type":"Point","coordinates":[-86.782,36.172]},"properties":{"NAME":"Nashville","RANK":3,"POP":877000,"CAPITAL":0}},
{"type":"Feature","geometry":{"type":"Point","coordinates":[-8.002,31.632]},"properties":{"NAME":"Marrakesh","RANK":3,"POP":872000,"CAPITAL":0}},
{"type":"Feature","geometry":{"type":"Point","coordinates":[13.348,38.127]},"properties":{"NAME":"Palermo","RANK":3,"POP":863000,"CAPITAL":0}},
{"type":"Feature","geometry":{"type":"Point","coordinates":[-97.87,22.3]},"properties":{"NAME":"Tampico","RANK":3,"POP":859419,"CAPITAL":0}},
{"type":"Feature","geometry":{"type":"Point","coordinates":[100.358,-0.958]},"properties":{"NAME":"Padang","RANK":3,"POP":855000,"CAPITAL":0}},
{"type":"Feature","geometry":{"type":"Point","coordinates":[-71.617,-33.048]},"properties":{"NAME":"Valpara\u00edso","RANK":3,"POP":854000,"CAPITAL":1}},
{"type":"Feature","geometry":{"type":"Point","coordinates":[85.825,20.272]},"properties":{"NAME":"Bhubaneswar","RANK":3,"POP":844000,"CAPITAL":0}},
{"type":"Feature","geometry":{"type":"Point","coordinates":[74.583,42.875]},"properties":{"NAME":"Bishkek","RANK":3,"POP":837000,"CAPITAL":1}},
{"type":"Feature","geometry":{"type":"Point","coordinates":[18.558,4.367]},"properties":{"NAME":"Bangui","RANK":3,"POP":831925,"CAPITAL":1}},
{"type":"Feature","geometry":{"type":"Point","coordinates":[22.883,40.698]},"properties":{"NAME":"Thessaloniki","RANK":3,"POP":828000,"CAPITAL":0}},
{"type":"Feature","geometry":{"type":"Point","coordinates":[-13.236,8.472]},"properties":{"NAME":"Freetown","RANK":3,"POP":827000,"CAPITAL":1}},
{"type":"Feature","geometry":{"type":"Point","coordinates":[123.898,10.322]},"properties":{"NAME":"Cebu","RANK":3,"POP":815000,"CAPITAL":0}},
{"type":"Feature","geometry":{"type":"Point","coordinates":[-0.402,39.487]},"properties":{"NAME":"Valencia","RANK":3,"POP":808000,"CAPITAL":0}},
{"type":"Feature","geometry":{"type":"Point","coordinates":[-0.622,35.712]},"properties":{"NAME":"Oran","RANK":3,"POP":798000,"CAPITAL":0}},
{"type":"Feature","geometry":{"type":"Point","coordinates":[-106.087,28.647]},"properties":{"NAME":"Chihuahua","RANK":3,"POP":793000,"CAPITAL":0}},
{"type":"Feature","geometry":{"type":"Point","coordinates":[-97.521,35.472]},"properties":{"NAME":"Oklahoma City","RANK":3,"POP":788000,"CAPITAL":0}},
{"type":"Feature","geometry":{"type":"Point","coordinates":[73.081,33.689]},"properties":{"NAME":"Islamabad","RANK":3,"POP":780000,"CAPITAL":1}},
{"type":"Feature","geometry":{"type":"Point","coordinates":[-54.619,-20.448]},"properties":{"NAME":"Campo Grande","RANK":3,"POP":778000,"CAPITAL":0}},
{"type":"Feature","geometry":{"type":"Point","coordinates":[-79.02,-8.12]},"properties":{"NAME":"Trujillo","RANK":3,"POP":765171,"CAPITAL":0}},
{"type":"Feature","geometry":{"type":"Point","coordinates":[2.404,6.363]},"properties":{"NAME":"Cotonou","RANK":3,"POP":762000,"CAPITAL":1}},
{"type":"Feature","geometry":{"type":"Point","coordinates":[102.6,17.967]},"properties":{"NAME":"Vientiane","RANK":3,"POP":754000,"CAPITAL":1}},
{"type":"Feature","geometry":{"type":"Point","coordinates":[-62.62,8.37]},"properties":{"NAME":"Ciudad Guayana","RANK":3,"POP":746535,"CAPITAL":0}},
{"type":"Feature","geometry":{"type":"Point","coordinates":[24.1,56.95]},"properties":{"NAME":"Riga","RANK":3,"POP":742572,"CAPITAL":1}},
{"type":"Feature","geometry":{"type":"Point","coordinates":[-15.975,18.086]},"properties":{"NAME":"Nouakchott","RANK":3,"POP":742144,"CAPITAL":1}},
{"type":"Feature","geometry":{"type":"Point","coordinates":[58.378,23.585]},"properties":{"NAME":"Muscat","RANK":3,"POP":734697,"CAPITAL":1}},
{"type":"Feature","geometry":{"type":"Point","coordinates":[5.24,13.06]},"properties":{"NAME":"Sokoto","RANK":3,"POP":732178,"CAPITAL":0}},
{"type":"Feature","geometry":{"type":"Point","coordinates":[58.383,37.95]},"properties":{"NAME":"Ashgabat","RANK":3,"POP":727700,"CAPITAL":1}},
{"type":"Feature","geometry":{"type":"Point","coordinates":[16.0,45.8]},"properties":{"NAME":"Zagreb","RANK":3,"POP":722526,"CAPITAL":1}},
{"type":"Feature","geometry":{"type":"Point","coordinates":[-99.916,16.85]},"properties":{"NAME":"Acapulco","RANK":3,"POP":715584,"CAPITAL":0}},
{"type":"Feature","geometry":{"type":"Point","coordinates":[65.695,31.61]},"properties":{"NAME":"Kandahar","RANK":3,"POP":715542,"CAPITAL":0}},
{"type":"Feature","geometry":{"type":"Point","coordinates":[66.945,39.67]},"properties":{"NAME":"Samarkand","RANK":3,"POP":708000,"CAPITAL":0}},
{"type":"Feature","geometry":{"type":"Point","coordinates":[28.58,-20.17]},"properties":{"NAME":"Bulawayo","RANK":3,"POP":699385,"CAPITAL":0}},
{"type":"Feature","geometry":{"type":"Point","coordinates":[18.383,43.85]},"properties":{"NAME":"Sarajevo","RANK":3,"POP":696731,"CAPITAL":1}},
{"type":"Feature","geometry":{"type":"Point","coordinates":[7.5,6.45]},"properties":{"NAME":"Enugu","RANK":3,"POP":688862,"CAPITAL":0}},
{"type":"Feature","geometry":{"type":"Point","coordinates":[28.858,47.005]},"properties":{"NAME":"Chi\u0219in\u0103u","RANK":3,"POP":688134,"CAPITAL":1}},
{"type":"Feature","geometry":{"type":"Point","coordinates":[33.783,-13.983]},"properties":{"NAME":"Lilongwe","RANK":3,"POP":646750,"CAPITAL":1}},
{"type":"Feature","geometry":{"type":"Point","coordinates":[18.85,-5.03]},"properties":{"NAME":"Kikwit","RANK":3,"POP":637736,"CAPITAL":0}},
{"type":"Feature","geometry":{"type":"Point","coordinates":[-97.166,49.883]},"properties":{"NAME":"Winnipeg","RANK":3,"POP":632063,"CAPITAL":0}},
{"type":"Feature","geometry":{"type":"Point","coordinates":[-71.246,46.84]},"properties":{"NAME":"Qu\u00e9bec","RANK":3,"POP":624177,"CAPITAL":0}},
{"type":"Feature","geometry":{"type":"Point","coordinates":[38.933,15.333]},"properties":{"NAME":"Asmara","RANK":3,"POP":620802,"CAPITAL":1}},
{"type":"Feature","geometry":{"type":"Point","coordinates":[32.65,25.7]},"properties":{"NAME":"Luxor","RANK":3,"POP":609248,"CAPITAL":0}},
{"type":"Feature","geometry":{"type":"Point","coordinates":[114.58,-3.33]},"properties":{"NAME":"Bandjarmasin","RANK":3,"POP":603576,"CAPITAL":0}},
{"type":"Feature","geometry":{"type":"Point","coordinates":[54.367,24.467]},"properties":{"NAME":"Abu Dhabi","RANK":3,"POP":603492,"CAPITAL":1}},
{"type":"Feature","geometry":{"type":"Point","coordinates":[83.745,53.355]},"properties":{"NAME":"Barnaul","RANK":3,"POP":599579,"CAPITAL":0}},
{"type":"Feature","geometry":{"type":"Point","coordinates":[131.91,43.13]},"properties":{"NAME":"Vladivostok","RANK":3,"POP":587022,"CAPITAL":0}},
{"type":"Feature","geometry":{"type":"Point","coordinates":[104.284,52.285]},"properties":{"NAME":"Irkutsk","RANK":3,"POP":586695,"CAPITAL":0}},
{"type":"Feature","geometry":{"type":"Point","coordinates":[93.515,42.827]},"properties":{"NAME":"Hami","RANK":3,"POP":580000,"CAPITAL":0}},
{"type":"Feature","geometry":{"type":"Point","coordinates":[-96.16,19.177]},"properties":{"NAME":"Veracruz","RANK":3,"POP":578963,"CAPITAL":0}},
{"type":"Feature","geometry":{"type":"Point","coordinates":[9.458,0.385]},"properties":{"NAME":"Libreville","RANK":3,"POP":578156,"CAPITAL":1}},
{"type":"Feature","geometry":{"type":"Point","coordinates":[-57.58,-38.0]},"properties":{"NAME":"Mar del Plata","RANK":3,"POP":555897,"CAPITAL":0}},
{"type":"Feature","geometry":{"type":"Point","coordinates":[25.317,54.683]},"properties":{"NAME":"Vilnius","RANK":3,"POP":542366,"CAPITAL":1}},
{"type":"Feature","geometry":{"type":"Point","coordinates":[-86.83,21.17]},"properties":{"NAME":"Canc\u00fan","RANK":3,"POP":542043,"CAPITAL":0}},
{"type":"Feature","geometry":{"type":"Point","coordinates":[151.77,-32.93]},"properties":{"NAME":"Newcastle","RANK":3,"POP":540796,"CAPITAL":0}},
{"type":"Feature","geometry":{"type":"Point","coordinates":[84.975,56.495]},"properties":{"NAME":"Tomsk","RANK":3,"POP":535479,"CAPITAL":0}},
{"type":"Feature","geometry":{"type":"Point","coordinates":[34.87,-19.82]},"properties":{"NAME":"Beira","RANK":3,"POP":530604,"CAPITAL":0}},
{"type":"Feature","geometry":{"type":"Point","coordinates":[75.97,39.476]},"properties":{"NAME":"Kashgar","RANK":3,"POP":506640,"CAPITAL":0}},
{"type":"Feature","geometry":{"type":"Point","coordinates":[-51.05,0.033]},"properties":{"NAME":"Macap\u00e1","RANK":3,"POP":499166,"CAPITAL":0}},
{"type":"Feature","geometry":{"type":"Point","coordinates":[37.216,19.616]},"properties":{"NAME":"Port Sudan","RANK":3,"POP":489725,"CAPITAL":0}},
{"type":"Feature","geometry":{"type":"Point","coordinates":[-38.97,-12.25]},"properties":{"NAME":"Feira de Santana","RANK":3,"POP":481911,"CAPITAL":0}},
{"type":"Feature","geometry":{"type":"Point","coordinates":[-93.15,16.75]},"properties":{"NAME":"Tuxtla Guti\u00e9rrez","RANK":3,"POP":481128,"CAPITAL":0}},
{"type":"Feature","geometry":{"type":"Point","coordinates":[44.065,9.56]},"properties":{"NAME":"Hargeisa","RANK":3,"POP":477876,"CAPITAL":1}},
{"type":"Feature","geometry":{"type":"Point","coordinates":[26.23,-29.12]},"properties":{"NAME":"Bloemfontein","RANK":3,"POP":463064,"CAPITAL":1}},
{"type":"Feature","geometry":{"type":"Point","coordinates":[73.115,49.885]},"properties":{"NAME":"Qaraghandy","RANK":3,"POP":451800,"CAPITAL":0}},
{"type":"Feature","geometry":{"type":"Point","coordinates":[-72.25,7.77]},"properties":{"NAME":"San Crist\u00f3bal","RANK":3,"POP":438798,"CAPITAL":0}},
{"type":"Feature","geometry":{"type":"Point","coordinates":[129.885,32.765]},"properties":{"NAME":"Nagasaki","RANK":3,"POP":435455,"CAPITAL":0}},
{"type":"Feature","geometry":{"type":"Point","coordinates":[25.472,-10.717]},"properties":{"NAME":"Kolwezi","RANK":3,"POP":418000,"CAPITAL":0}},
{"type":"Feature","geometry":{"type":"Point","coordinates":[79.927,37.1]},"properties":{"NAME":"Hotan","RANK":3,"POP":408894,"CAPITAL":0}},
{"type":"Feature","geometry":{"type":"Point","coordinates":[39.2,-6.16]},"properties":{"NAME":"Zanzibar","RANK":3,"POP":403658,"CAPITAL":0}},
{"type":"Feature","geometry":{"type":"Point","coordinates":[-15.598,11.865]},"properties":{"NAME":"Bissau","RANK":3,"POP":403339,"CAPITAL":1}},
{"type":"Feature","geometry":{"type":"Point","coordinates":[36.39,15.46]},"properties":{"NAME":"Kassala","RANK":3,"POP":401477,"CAPITAL":0}},
{"type":"Feature","geometry":{"type":"Point","coordinates":[73.425,61.26]},"properties":{"NAME":"Surgut","RANK":3,"POP":400000,"CAPITAL":0}},
{"type":"Feature","geometry":{"type":"Point","coordinates":[24.728,59.434]},"properties":{"NAME":"Tallinn","RANK":3,"POP":394024,"CAPITAL":1}},
{"type":"Feature","geometry":{"type":"Point","coordinates":[174.777,-41.292]},"properties":{"NAME":"Wellington","RANK":3,"POP":393400,"CAPITAL":1}},
{"type":"Feature","geometry":{"type":"Point","coordinates":[24.89,12.06]},"properties":{"NAME":"Nyala","RANK":3,"POP":392373,"CAPITAL":0}},
{"type":"Feature","geometry":{"type":"Point","coordinates":[122.545,10.705]},"properties":{"NAME":"Iloilo","RANK":3,"POP":387681,"CAPITAL":0}},
{"type":"Feature","geometry":{"type":"Point","coordinates":[-93.62,41.58]},"properties":{"NAME":"Des Moines","RANK":3,"POP":380655,"CAPITAL":0}},
{"type":"Feature","geometry":{"type":"Point","coordinates":[33.524,44.604]},"properties":{"NAME":"Sevastopol","RANK":3,"POP":379200,"CAPITAL":0}},
{"type":"Feature","geometry":{"type":"Point","coordinates":[14.515,35.9]},"properties":{"NAME":"Valletta","RANK":3,"POP":368250,"CAPITAL":1}},
{"type":"Feature","geometry":{"type":"Point","coordinates":[-106.42,23.221]},"properties":{"NAME":"Mazatl\u00e1n","RANK":3,"POP":368204,"CAPITAL":0}},
{"type":"Feature","geometry":{"type":"Point","coordinates":[172.63,-43.535]},"properties":{"NAME":"Christchurch","RANK":3,"POP":363200,"CAPITAL":0}},
{"type":"Feature","geometry":{"type":"Point","coordinates":[27.483,-29.317]},"properties":{"NAME":"Maseru","RANK":3,"POP":361324,"CAPITAL":1}},
{"type":"Feature","geometry":{"type":"Point","coordinates":[-71.972,-13.525]},"properties":{"NAME":"Cusco","RANK":3,"POP":361182,"CAPITAL":0}},
{"type":"Feature","geometry":{"type":"Point","coordinates":[-63.6,44.65]},"properties":{"NAME":"Halifax","RANK":3,"POP":359111,"CAPITAL":0}},
{"type":"Feature","geometry":{"type":"Point","coordinates":[-55.885,-27.358]},"properties":{"NAME":"Posadas","RANK":3,"POP":357119,"CAPITAL":0}},
{"type":"Feature","geometry":{"type":"Point","coordinates":[40.545,64.575]},"properties":{"NAME":"Archangel","RANK":3,"POP":356051,"CAPITAL":0}},
{"type":"Feature","geometry":{"type":"Point","coordinates":[71.428,51.181]},"properties":{"NAME":"Nur-Sultan","RANK":3,"POP":345604,"CAPITAL":1}},
{"type":"Feature","geometry":{"type":"Point","coordinates":[-116.227,43.609]},"properties":{"NAME":"Boise","RANK":3,"POP":338071,"CAPITAL":0}},
{"type":"Feature","geometry":{"type":"Point","coordinates":[149.129,-35.283]},"properties":{"NAME":"Canberra","RANK":3,"POP":327700,"CAPITAL":1}},
{"type":"Feature","geometry":{"type":"Point","coordinates":[14.325,10.596]},"properties":{"NAME":"Maroua","RANK":3,"POP":319941,"CAPITAL":0}},
{"type":"Feature","geometry":{"type":"Point","coordinates":[33.1,68.97]},"properties":{"NAME":"Murmansk","RANK":3,"POP":319263,"CAPITAL":0}},
{"type":"Feature","geometry":{"type":"Point","coordinates":[-70.4,-23.65]},"properties":{"NAME":"Antofagasta","RANK":3,"POP":309832,"CAPITAL":0}},
{"type":"Feature","geometry":{"type":"Point","coordinates":[113.465,52.055]},"properties":{"NAME":"Chita","RANK":3,"POP":308500,"CAPITAL":0}},
{"type":"Feature","geometry":{"type":"Point","coordinates":[114.933,4.883]},"properties":{"NAME":"Bandar Seri Begawan","RANK":3,"POP":296500,"CAPITAL":1}},
{"type":"Feature","geometry":{"type":"Point","coordinates":[33.43,-8.89]},"properties":{"NAME":"Mbeya","RANK":3,"POP":291649,"CAPITAL":0}},
{"type":"Feature","geometry":{"type":"Point","coordinates":[-123.35,48.433]},"properties":{"NAME":"Victoria","RANK":3,"POP":289625,"CAPITAL":0}},
{"type":"Feature","geometry":{"type":"Point","coordinates":[147.193,-9.465]},"properties":{"NAME":"Port Moresby","RANK":3,"POP":283733,"CAPITAL":1}},
{"type":"Feature","geometry":{"type":"Point","coordinates":[-62.265,-38.74]},"properties":{"NAME":"Bah\u00eda Blanca","RANK":3,"POP":281536,"CAPITAL":0}},
{"type":"Feature","geometry":{"type":"Point","coordinates":[-70.25,-18.0]},"properties":{"NAME":"Tacna","RANK":3,"POP":280098,"CAPITAL":0}},
{"type":"Feature","geometry":{"type":"Point","coordinates":[-75.725,-14.068]},"properties":{"NAME":"Ica","RANK":3,"POP":279420,"CAPITAL":0}},
{"type":"Feature","geometry":{"type":"Point","coordinates":[17.084,-22.57]},"properties":{"NAME":"Windhoek","RANK":3,"POP":268132,"CAPITAL":1}},
{"type":"Feature","geometry":{"type":"Point","coordinates":[-58.167,6.802]},"properties":{"NAME":"Georgetown","RANK":3,"POP":264350,"CAPITAL":1}},
{"type":"Feature","geometry":{"type":"Point","coordinates":[-55.167,5.835]},"properties":{"NAME":"Paramaribo","RANK":3,"POP":254169,"CAPITAL":1}},
{"type":"Feature","geometry":{"type":"Point","coordinates":[-90.185,32.299]},"properties":{"NAME":"Jackson","RANK":3,"POP":250902,"CAPITAL":0}},
{"type":"Feature","geometry":{"type":"Point","coordinates":[101.615,56.157]},"properties":{"NAME":"Bratsk","RANK":3,"POP":246348,"CAPITAL":0}},
{"type":"Feature","geometry":{"type":"Point","coordinates":[13.45,-5.817]},"properties":{"NAME":"Matadi","RANK":3,"POP":245862,"CAPITAL":0}},
{"type":"Feature","geometry":{"type":"Point","coordinates":[129.735,62.035]},"properties":{"NAME":"Yakutsk","RANK":3,"POP":235600,"CAPITAL":0}},
{"type":"Feature","geometry":{"type":"Point","coordinates":[-60.666,2.816]},"properties":{"NAME":"Boa Vista","RANK":3,"POP":235150,"CAPITAL":0}},
{"type":"Feature","geometry":{"type":"Point","coordinates":[125.579,-8.559]},"properties":{"NAME":"Dili","RANK":3,"POP":234331,"CAPITAL":1}},
{"type":"Feature","geometry":{"type":"Point","coordinates":[-54.7,-2.433]},"properties":{"NAME":"Santar\u00e9m","RANK":3,"POP":230428,"CAPITAL":0}},
{"type":"Feature","geometry":{"type":"Point","coordinates":[8.983,13.8]},"properties":{"NAME":"Zinder","RANK":3,"POP":230358,"CAPITAL":0}},
{"type":"Feature","geometry":{"type":"Point","coordinates":[-77.35,25.083]},"properties":{"NAME":"Nassau","RANK":3,"POP":227940,"CAPITAL":1}},
{"type":"Feature","geometry":{"type":"Point","coordinates":[-70.13,-20.25]},"properties":{"NAME":"Iquique","RANK":3,"POP":227499,"CAPITAL":0}},
{"type":"Feature","geometry":{"type":"Point","coordinates":[-65.26,-19.041]},"properties":{"NAME":"Sucre","RANK":3,"POP":224838,"CAPITAL":1}},
{"type":"Feature","geometry":{"type":"Point","coordinates":[40.715,-14.519]},"properties":{"NAME":"Nacala","RANK":3,"POP":224795,"CAPITAL":0}},
{"type":"Feature","geometry":{"type":"Point","coordinates":[33.367,35.167]},"properties":{"NAME":"Nicosia","RANK":3,"POP":224300,"CAPITAL":1}},
{"type":"Feature","geometry":{"type":"Point","coordinates":[91.1,29.645]},"properties":{"NAME":"Lhasa","RANK":3,"POP":219599,"CAPITAL":0}},
{"type":"Feature","geometry":{"type":"Point","coordinates":[79.858,6.932]},"properties":{"NAME":"Colombo","RANK":3,"POP":217000,"CAPITAL":1}},
{"type":"Feature","geometry":{"type":"Point","coordinates":[5.325,60.391]},"properties":{"NAME":"Bergen","RANK":3,"POP":213585,"CAPITAL":0}},
{"type":"Feature","geometry":{"type":"Point","coordinates":[25.912,-24.646]},"properties":{"NAME":"Gaborone","RANK":3,"POP":208411,"CAPITAL":1}},
{"type":"Feature","geometry":{"type":"Point","coordinates":[-5.276,6.818]},"properties":{"NAME":"Yamoussoukro","RANK":3,"POP":206499,"CAPITAL":1}},
{"type":"Feature","geometry":{"type":"Point","coordinates":[-106.67,52.17]},"properties":{"NAME":"Saskatoon","RANK":3,"POP":198958,"CAPITAL":0}},
{"type":"Feature","geometry":{"type":"Point","coordinates":[117.633,3.3]},"properties":{"NAME":"Tarakan","RANK":3,"POP":193069,"CAPITAL":0}},
{"type":"Feature","geometry":{"type":"Point","coordinates":[158.623,53.062]},"properties":{"NAME":"Petropavlovsk-Kamchatsky","RANK":3,"POP":187282,"CAPITAL":0}},
{"type":"Feature","geometry":{"type":"Point","coordinates":[-104.617,50.45]},"properties":{"NAME":"Regina","RANK":3,"POP":176183,"CAPITAL":0}},
{"type":"Feature","geometry":{"type":"Point","coordinates":[178.442,-18.133]},"properties":{"NAME":"Suva","RANK":3,"POP":175399,"CAPITAL":1}},
{"type":"Feature","geometry":{"type":"Point","coordinates":[-72.93,-41.47]},"properties":{"NAME":"Puerto Montt","RANK":3,"POP":174629,"CAPITAL":0}},
{"type":"Feature","geometry":{"type":"Point","coordinates":[-21.937,64.143]},"properties":{"NAME":"Reykjav\u00edk","RANK":3,"POP":166212,"CAPITAL":1}},
{"type":"Feature","geometry":{"type":"Point","coordinates":[-49.116,-5.35]},"properties":{"NAME":"Marab\u00e1","RANK":3,"POP":166182,"CAPITAL":0}},
{"type":"Feature","geometry":{"type":"Point","coordinates":[22.46,2.19]},"properties":{"NAME":"Bumba","RANK":3,"POP":160539,"CAPITAL":0}},
{"type":"Feature","geometry":{"type":"Point","coordinates":[-73.233,-39.822]},"properties":{"NAME":"Valdivia","RANK":3,"POP":159599,"CAPITAL":0}},
{"type":"Feature","geometry":{"type":"Point","coordinates":[20.83,13.84]},"properties":{"NAME":"Ab\u00e9ch\u00e9","RANK":3,"POP":158317,"CAPITAL":0}},
{"type":"Feature","geometry":{"type":"Point","coordinates":[37.46,12.61]},"properties":{"NAME":"Gondar","RANK":3,"POP":156230,"CAPITAL":0}},
{"type":"Feature","geometry":{"type":"Point","coordinates":[8.783,3.75]},"properties":{"NAME":"Malabo","RANK":3,"POP":155963,"CAPITAL":1}},
{"type":"Feature","geometry":{"type":"Point","coordinates":[98.3,39.82]},"properties":{"NAME":"Jiayuguan","RANK":3,"POP":148279,"CAPITAL":0}},
{"type":"Feature","geometry":{"type":"Point","coordinates":[10.417,63.417]},"properties":{"NAME":"Trondheim","RANK":3,"POP":147139,"CAPITAL":0}},
{"type":"Feature","geometry":{"type":"Point","coordinates":[-67.5,-45.87]},"properties":{"NAME":"Comodoro Rivadavia","RANK":3,"POP":140850,"CAPITAL":0}},
{"type":"Feature","geometry":{"type":"Point","coordinates":[146.77,-19.25]},"properties":{"NAME":"Townsville","RANK":3,"POP":138954,"CAPITAL":0}},
{"type":"Feature","geometry":{"type":"Point","coordinates":[-43.35,-4.833]},"properties":{"NAME":"Caxias","RANK":3,"POP":134640,"CAPITAL":0}},
{"type":"Feature","geometry":{"type":"Point","coordinates":[-52.681,47.585]},"properties":{"NAME":"St. John's","RANK":3,"POP":131469,"CAPITAL":0}},
{"type":"Feature","geometry":{"type":"Point","coordinates":[27.99,7.7]},"properties":{"NAME":"Wau","RANK":3,"POP":127384,"CAPITAL":0}},
{"type":"Feature","geometry":{"type":"Point","coordinates":[3.67,32.49]},"properties":{"NAME":"Ghardaia","RANK":3,"POP":125480,"CAPITAL":0}},
{"type":"Feature","geometry":{"type":"Point","coordinates":[7.983,16.996]},"properties":{"NAME":"Agadez","RANK":3,"POP":117770,"CAPITAL":0}},
{"type":"Feature","geometry":{"type":"Point","coordinates":[-70.94,-53.165]},"properties":{"NAME":"Punta Arenas","RANK":3,"POP":117430,"CAPITAL":0}},
{"type":"Feature","geometry":{"type":"Point","coordinates":[8.78,-0.72]},"properties":{"NAME":"Port-Gentil","RANK":3,"POP":116836,"CAPITAL":0}},
{"type":"Feature","geometry":{"type":"Point","coordinates":[-23.517,14.917]},"properties":{"NAME":"Praia","RANK":3,"POP":113364,"CAPITAL":1}},
{"type":"Feature","geometry":{"type":"Point","coordinates":[73.509,4.172]},"properties":{"NAME":"Mal\u00e9","RANK":3,"POP":112927,"CAPITAL":1}},
{"type":"Feature","geometry":{"type":"Point","coordinates":[14.433,27.033]},"properties":{"NAME":"Sabha","RANK":3,"POP":100249,"CAPITAL":0}},
{"type":"Feature","geometry":{"type":"Point","coordinates":[-89.275,48.446]},"properties":{"NAME":"Thunder Bay","RANK":3,"POP":99334,"CAPITAL":0}},
{"type":"Feature","geometry":{"type":"Point","coordinates":[89.639,27.473]},"properties":{"NAME":"Thimphu","RANK":3,"POP":98676,"CAPITAL":1}},
{"type":"Feature","geometry":{"type":"Point","coordinates":[150.81,59.575]},"properties":{"NAME":"Magadan","RANK":3,"POP":95282,"CAPITAL":0}},
{"type":"Feature","geometry":{"type":"Point","coordinates":[130.85,-12.425]},"properties":{"NAME":"Darwin","RANK":3,"POP":93080,"CAPITAL":0}},
{"type":"Feature","geometry":{"type":"Point","coordinates":[-105.937,35.687]},"properties":{"NAME":"Santa Fe","RANK":3,"POP":92681,"CAPITAL":0}},
{"type":"Feature","geometry":{"type":"Point","coordinates":[6.73,0.337]},"properties":{"NAME":"S\u00e3o Tom\u00e9","RANK":3,"POP":88219,"CAPITAL":1}},
{"type":"Feature","geometry":{"type":"Point","coordinates":[-69.217,-51.633]},"properties":{"NAME":"R\u00edo Gallegos","RANK":3,"POP":85700,"CAPITAL":0}},
{"type":"Feature","geometry":{"type":"Point","coordinates":[147.295,-42.85]},"properties":{"NAME":"Hobart","RANK":3,"POP":80870,"CAPITAL":0}},
{"type":"Feature","geometry":{"type":"Point","coordinates":[104.118,49.053]},"properties":{"NAME":"Erdenet","RANK":3,"POP":79647,"CAPITAL":0}},
{"type":"Feature","geometry":{"type":"Point","coordinates":[159.95,-9.438]},"properties":{"NAME":"Honiara","RANK":3,"POP":76328,"CAPITAL":1}},
{"type":"Feature","geometry":{"type":"Point","coordinates":[5.523,22.785]},"properties":{"NAME":"Tamanrasset","RANK":3,"POP":76000,"CAPITAL":0}},
{"type":"Feature","geometry":{"type":"Point","coordinates":[-66.1,-10.983]},"properties":{"NAME":"Riberalta","RANK":3,"POP":74014,"CAPITAL":0}},
{"type":"Feature","geometry":{"type":"Point","coordinates":[-104.82,41.14]},"properties":{"NAME":"Cheyenne","RANK":3,"POP":72927,"CAPITAL":0}},
{"type":"Feature","geometry":{"type":"Point","coordinates":[-3.017,16.767]},"properties":{"NAME":"Timbuktu","RANK":3,"POP":68872,"CAPITAL":0}},
{"type":"Feature","geometry":{"type":"Point","coordinates":[-61.967,-10.833]},"properties":{"NAME":"Ji-Paran\u00e1","RANK":3,"POP":65016,"CAPITAL":0}},
{"type":"Feature","geometry":{"type":"Point","coordinates":[-100.783,46.808]},"properties":{"NAME":"Bismarck","RANK":3,"POP":63871,"CAPITAL":0}},
{"type":"Feature","geometry":{"type":"Point","coordinates":[-60.117,-12.717]},"properties":{"NAME":"Vilhena","RANK":3,"POP":63231,"CAPITAL":0}},
{"type":"Feature","geometry":{"type":"Point","coordinates":[-171.769,-13.836]},"properties":{"NAME":"Apia","RANK":3,"POP":61916,"CAPITAL":1}},
{"type":"Feature","geometry":{"type":"Point","coordinates":[-52.33,4.933]},"properties":{"NAME":"Cayenne","RANK":3,"POP":61550,"CAPITAL":0}},
{"type":"Feature","geometry":{"type":"Point","coordinates":[-69.955,-4.201]},"properties":{"NAME":"Leticia","RANK":3,"POP":59575,"CAPITAL":0}},
{"type":"Feature","geometry":{"type":"Point","coordinates":[-147.711,64.837]},"properties":{"NAME":"Fairbanks","RANK":3,"POP":56993,"CAPITAL":0}},
{"type":"Feature","geometry":{"type":"Point","coordinates":[-72.67,-7.63]},"properties":{"NAME":"Cruzeiro do Sul","RANK":3,"POP":56862,"CAPITAL":0}},
{"type":"Feature","geometry":{"type":"Point","coordinates":[18.992,69.635]},"properties":{"NAME":"Troms\u00f8","RANK":3,"POP":52436,"CAPITAL":0}},
{"type":"Feature","geometry":{"type":"Point","coordinates":[-64.784,32.294]},"properties":{"NAME":"Hamilton","RANK":3,"POP":52320,"CAPITAL":0}},
{"type":"Feature","geometry":{"type":"Point","coordinates":[-13.05,20.517]},"properties":{"NAME":"Atar","RANK":3,"POP":44265,"CAPITAL":0}},
{"type":"Feature","geometry":{"type":"Point","coordinates":[168.317,-17.733]},"properties":{"NAME":"Port Vila","RANK":3,"POP":44040,"CAPITAL":1}},
{"type":"Feature","geometry":{"type":"Point","coordinates":[-175.221,-21.139]},"properties":{"NAME":"Nuku'alofa","RANK":3,"POP":42620,"CAPITAL":1}},
{"type":"Feature","geometry":{"type":"Point","coordinates":[-63.131,46.249]},"properties":{"NAME":"Charlottetown","RANK":3,"POP":42402,"CAPITAL":0}},
{"type":"Feature","geometry":{"type":"Point","coordinates":[-112.035,46.593]},"properties":{"NAME":"Helena","RANK":3,"POP":38725,"CAPITAL":0}},
{"type":"Feature","geometry":{"type":"Point","coordinates":[55.45,-4.617]},"properties":{"NAME":"Victoria","RANK":3,"POP":33576,"CAPITAL":1}},
{"type":"Feature","geometry":{"type":"Point","coordinates":[-4.55,13.9]},"properties":{"NAME":"Djenn\u00e9","RANK":3,"POP":32944,"CAPITAL":0}},
{"type":"Feature","geometry":{"type":"Point","coordinates":[-134.401,58.303]},"properties":{"NAME":"Juneau","RANK":3,"POP":30711,"CAPITAL":0}},
{"type":"Feature","geometry":{"type":"Point","coordinates":[133.88,-23.701]},"properties":{"NAME":"Alice Springs","RANK":3,"POP":27710,"CAPITAL":0}},
{"type":"Feature","geometry":{"type":"Point","coordinates":[30.483,19.167]},"properties":{"NAME":"Dongola","RANK":3,"POP":26404,"CAPITAL":0}},
{"type":"Feature","geometry":{"type":"Point","coordinates":[18.117,-19.567]},"properties":{"NAME":"Grootfontein","RANK":3,"POP":24099,"CAPITAL":0}},
{"type":"Feature","geometry":{"type":"Point","coordinates":[-135.05,60.717]},"properties":{"NAME":"Whitehorse","RANK":3,"POP":23276,"CAPITAL":0}},
{"type":"Feature","geometry":{"type":"Point","coordinates":[-114.397,62.442]},"properties":{"NAME":"Yellowknife","RANK":3,"POP":19234,"CAPITAL":0}},
{"type":"Feature","geometry":{"type":"Point","coordinates":[-88.767,17.252]},"properties":{"NAME":"Belmopan","RANK":3,"POP":15220,"CAPITAL":1}},
{"type":"Feature","geometry":{"type":"Point","coordinates":[-51.733,64.198]},"properties":{"NAME":"Nuuk","RANK":3,"POP":14798,"CAPITAL":0}},
{"type":"Feature","geometry":{"type":"Point","coordinates":[-130.33,54.317]},"properties":{"NAME":"Prince Rupert","RANK":3,"POP":14708,"CAPITAL":0}},
{"type":"Feature","geometry":{"type":"Point","coordinates":[-100.351,44.368]},"properties":{"NAME":"Pierre","RANK":3,"POP":13879,"CAPITAL":0}},
{"type":"Feature","geometry":{"type":"Point","coordinates":[17.7,-14.667]},"properties":{"NAME":"Menongue","RANK":3,"POP":13030,"CAPITAL":0}},
{"type":"Feature","geometry":{"type":"Point","coordinates":[26.5,5.4]},"properties":{"NAME":"Obo","RANK":3,"POP":12887,"CAPITAL":0}},
{"type":"Feature","geometry":{"type":"Point","coordinates":[20.653,8.409]},"properties":{"NAME":"N'D\u00e9l\u00e9","RANK":3,"POP":11764,"CAPITAL":0}},
{"type":"Feature","geometry":{"type":"Point","coordinates":[177.475,64.737]},"properties":{"NAME":"Anadyr","RANK":3,"POP":10332,"CAPITAL":0}},
{"type":"Feature","geometry":{"type":"Point","coordinates":[-152.407,57.79]},"properties":{"NAME":"Kodiak","RANK":3,"POP":9461,"CAPITAL":0}},
{"type":"Feature","geometry":{"type":"Point","coordinates":[-161.756,60.793]},"properties":{"NAME":"Bethel","RANK":3,"POP":6228,"CAPITAL":0}},
{"type":"Feature","geometry":{"type":"Point","coordinates":[-70.174,1.198]},"properties":{"NAME":"Mit\u00fa","RANK":3,"POP":5917,"CAPITAL":0}},
{"type":"Feature","geometry":{"type":"Point","coordinates":[128.835,71.627]},"properties":{"NAME":"Tiksi","RANK":3,"POP":5700,"CAPITAL":0}},
{"type":"Feature","geometry":{"type":"Point","coordinates":[-156.789,71.291]},"properties":{"NAME":"Utqia\u0121vik","RANK":3,"POP":4336,"CAPITAL":0}},
{"type":"Feature","geometry":{"type":"Point","coordinates":[-146.348,61.136]},"properties":{"NAME":"Valdez","RANK":3,"POP":4036,"CAPITAL":0}},
{"type":"Feature","geometry":{"type":"Point","coordinates":[159.95,59.084]},"properties":{"NAME":"Palana","RANK":3,"POP":3671,"CAPITAL":0}},
{"type":"Feature","geometry":{"type":"Point","coordinates":[-165.406,64.506]},"properties":{"NAME":"Nome","RANK":3,"POP":3485,"CAPITAL":0}},
{"type":"Feature","geometry":{"type":"Point","coordinates":[-65.9,-47.75]},"properties":{"NAME":"Puerto Deseado","RANK":3,"POP":3305,"CAPITAL":0}},
{"type":"Feature","geometry":{"type":"Point","coordinates":[-148.669,70.292]},"properties":{"NAME":"Prudhoe Bay","RANK":3,"POP":2500,"CAPITAL":0}},
{"type":"Feature","geometry":{"type":"Point","coordinates":[-57.85,-51.7]},"properties":{"NAME":"Stanley","RANK":3,"POP":2213,"CAPITAL":0}},
{"type":"Feature","geometry":{"type":"Point","coordinates":[-61.686,56.547]},"properties":{"NAME":"Nain","RANK":3,"POP":1151,"CAPITAL":0}},
{"type":"Feature","geometry":{"type":"Point","coordinates":[80.545,73.507]},"properties":{"NAME":"Dikson","RANK":3,"POP":1113,"CAPITAL":0}},
{"type":"Feature","geometry":{"type":"Point","coordinates":[-94.166,58.766]},"properties":{"NAME":"Churchill","RANK":3,"POP":1000,"CAPITAL":0}},
{"type":"Feature","geometry":{"type":"Point","coordinates":[-86.283,66.529]},"properties":{"NAME":"Naujaat","RANK":3,"POP":1000,"CAPITAL":0}},
{"type":"Feature","geometry":{"type":"Point","coordinates":[-85.167,73.033]},"properties":{"NAME":"Arctic Bay","RANK":3,"POP":604,"CAPITAL":0}},
{"type":"Feature","geometry":{"type":"Point","coordinates":[-128.633,66.267]},"properties":{"NAME":"Fort Good Hope","RANK":3,"POP":597,"CAPITAL":0}},
{"type":"Feature","geometry":{"type":"Point","coordinates":[-166.808,68.348]},"properties":{"NAME":"Point Hope","RANK":3,"POP":461,"CAPITAL":0}},
{"type":"Feature","geometry":{"type":"Point","coordinates":[136.067,71.433]},"properties":{"NAME":"Nizhneyansk","RANK":3,"POP":400,"CAPITAL":0}},
{"type":"Feature","geometry":{"type":"Point","coordinates":[-94.9,74.683]},"properties":{"NAME":"Resolute","RANK":3,"POP":250,"CAPITAL":0}},
{"type":"Feature","geometry":{"type":"Point","coordinates":[-162.715,55.2]},"properties":{"NAME":"Cold Bay","RANK":3,"POP":200,"CAPITAL":0}},
{"type":"Feature","geometry":{"type":"Point","coordinates":[-87.65,55.983]},"properties":{"NAME":"Fort Severn","RANK":3,"POP":125,"CAPITAL":0}},
{"type":"Feature","geometry":{"type":"Point","coordinates":[80.524,16.534]},"properties":{"NAME":"Amaravati","RANK":4,"POP":5800000,"CAPITAL":0}},
{"type":"Feature","geometry":{"type":"Point","coordinates":[-43.917,-19.913]},"properties":{"NAME":"Belo Horizonte","RANK":4,"POP":5575000,"CAPITAL":0}},
{"type":"Feature","geometry":{"type":"Point","coordinates":[129.008,35.097]},"properties":{"NAME":"Busan","RANK":4,"POP":3480000,"CAPITAL":0}},
{"type":"Feature","geometry":{"type":"Point","coordinates":[136.913,35.157]},"properties":{"NAME":"Nagoya","RANK":4,"POP":3230000,"CAPITAL":0}},
{"type":"Feature","geometry":{"type":"Point","coordinates":[121.628,38.925]},"properties":{"NAME":"Dalian","RANK":4,"POP":3167000,"CAPITAL":0}},
{"type":"Feature","geometry":{"type":"Point","coordinates":[120.328,36.092]},"properties":{"NAME":"Qingdao","RANK":4,"POP":2866000,"CAPITAL":0}},
{"type":"Feature","geometry":{"type":"Point","coordinates":[130.408,33.597]},"properties":{"NAME":"Fukuoka","RANK":4,"POP":2792000,"CAPITAL":0}},
{"type":"Feature","geometry":{"type":"Point","coordinates":[-47.056,-22.908]},"properties":{"NAME":"Campinas","RANK":4,"POP":2791000,"CAPITAL":0}},
{"type":"Feature","geometry":{"type":"Point","coordinates":[80.913,26.857]},"properties":{"NAME":"Lucknow","RANK":4,"POP":2695000,"CAPITAL":0}},
{"type":"Feature","geometry":{"type":"Point","coordinates":[120.682,24.152]},"properties":{"NAME":"Taichung","RANK":4,"POP":2629323,"CAPITAL":0}},
{"type":"Feature","geometry":{"type":"Point","coordinates":[3.928,7.382]},"properties":{"NAME":"Ibadan","RANK":4,"POP":2628000,"CAPITAL":0}},
{"type":"Feature","geometry":{"type":"Point","coordinates":[27.15,38.438]},"properties":{"NAME":"\u0130zmir","RANK":4,"POP":2587000,"CAPITAL":0}},
{"type":"Feature","geometry":{"type":"Point","coordinates":[126.64,37.478]},"properties":{"NAME":"Incheon","RANK":4,"POP":2550000,"CAPITAL":0}},
{"type":"Feature","geometry":{"type":"Point","coordinates":[118.078,24.452]},"properties":{"NAME":"Xiamen","RANK":4,"POP":2519000,"CAPITAL":0}},
{"type":"Feature","geometry":{"type":"Point","coordinates":[100.329,5.414]},"properties":{"NAME":"George Town","RANK":4,"POP":2500000,"CAPITAL":0}},
{"type":"Feature","geometry":{"type":"Point","coordinates":[120.828,40.752]},"properties":{"NAME":"Jinxi","RANK":4,"POP":2426000,"CAPITAL":0}},
{"type":"Feature","geometry":{"type":"Point","coordinates":[114.478,38.052]},"properties":{"NAME":"Shijiazhuang","RANK":4,"POP":2417000,"CAPITAL":0}},
{"type":"Feature","geometry":{"type":"Point","coordinates":[126.548,43.852]},"properties":{"NAME":"Jilin","RANK":4,"POP":2396000,"CAPITAL":0}},
{"type":"Feature","geometry":{"type":"Point","coordinates":[32.48,15.617]},"properties":{"NAME":"Omdurman","RANK":4,"POP":2395159,"CAPITAL":0}},
{"type":"Feature","geometry":{"type":"Point","coordinates":[120.648,28.022]},"properties":{"NAME":"Wenzhou","RANK":4,"POP":2350000,"CAPITAL":0}},
{"type":"Feature","geometry":{"type":"Point","coordinates":[-1.922,52.477]},"properties":{"NAME":"Birmingham","RANK":4,"POP":2285000,"CAPITAL":0}},
{"type":"Feature","geometry":{"type":"Point","coordinates":[-76.615,39.282]},"properties":{"NAME":"Baltimore","RANK":4,"POP":2255000,"CAPITAL":0}},
{"type":"Feature","geometry":{"type":"Point","coordinates":[140.87,38.268]},"properties":{"NAME":"Sendai","RANK":4,"POP":2250000,"CAPITAL":0}},
{"type":"Feature","geometry":{"type":"Point","coordinates":[-2.249,53.475]},"properties":{"NAME":"Manchester","RANK":4,"POP":2230000,"CAPITAL":0}},
{"type":"Feature","geometry":{"type":"Point","coordinates":[106.128,30.782]},"properties":{"NAME":"Nanchong","RANK":4,"POP":2174000,"CAPITAL":0}},
{"type":"Feature","geometry":{"type":"Point","coordinates":[117.568,34.882]},"properties":{"NAME":"Zaozhuang","RANK":4,"POP":2145000,"CAPITAL":0}},
{"type":"Feature","geometry":{"type":"Point","coordinates":[121.398,37.532]},"properties":{"NAME":"Yantai","RANK":4,"POP":2116000,"CAPITAL":0}},
{"type":"Feature","geometry":{"type":"Point","coordinates":[117.178,34.282]},"properties":{"NAME":"Xuzhou","RANK":4,"POP":2091000,"CAPITAL":0}},
{"type":"Feature","geometry":{"type":"Point","coordinates":[118.328,35.082]},"properties":{"NAME":"Linyi","RANK":4,"POP":2082000,"CAPITAL":0}},
{"type":"Feature","geometry":{"type":"Point","coordinates":[117.278,31.852]},"properties":{"NAME":"Hefei","RANK":4,"POP":2035000,"CAPITAL":0}},
{"type":"Feature","geometry":{"type":"Point","coordinates":[75.863,22.717]},"properties":{"NAME":"Indore","RANK":4,"POP":2026000,"CAPITAL":0}},
{"type":"Feature","geometry":{"type":"Point","coordinates":[106.678,20.832]},"properties":{"NAME":"Haiphong","RANK":4,"POP":1969000,"CAPITAL":0}},
{"type":"Feature","geometry":{"type":"Point","coordinates":[116.977,33.638]},"properties":{"NAME":"Suzhou","RANK":4,"POP":1964000,"CAPITAL":0}},
{"type":"Feature","geometry":{"type":"Point","coordinates":[112.528,33.002]},"properties":{"NAME":"Nanyang","RANK":4,"POP":1944000,"CAPITAL":0}},
{"type":"Feature","geometry":{"type":"Point","coordinates":[121.548,29.882]},"properties":{"NAME":"Ningbo","RANK":4,"POP":1923000,"CAPITAL":0}},
{"type":"Feature","geometry":{"type":"Point","coordinates":[9.708,4.062]},"properties":{"NAME":"Douala","RANK":4,"POP":1906000,"CAPITAL":0}},
{"type":"Feature","geometry":{"type":"Point","coordinates":[135.748,35.032]},"properties":{"NAME":"Kyoto","RANK":4,"POP":1805000,"CAPITAL":1}},
{"type":"Feature","geometry":{"type":"Point","coordinates":[-74.802,10.962]},"properties":{"NAME":"Barranquilla","RANK":4,"POP":1798000,"CAPITAL":0}},
{"type":"Feature","geometry":{"type":"Point","coordinates":[73.178,22.312]},"properties":{"NAME":"Vadodara","RANK":4,"POP":1756000,"CAPITAL":0}},
{"type":"Feature","geometry":{"type":"Point","coordinates":[120.298,31.582]},"properties":{"NAME":"Wuxi","RANK":4,"POP":1749000,"CAPITAL":0}},
{"type":"Feature","geometry":{"type":"Point","coordinates":[-117.302,34.122]},"properties":{"NAME":"San Bernardino","RANK":4,"POP":1745000,"CAPITAL":0}},
{"type":"Feature","geometry":{"type":"Point","coordinates":[111.658,40.822]},"properties":{"NAME":"Hohhot","RANK":4,"POP":1726000,"CAPITAL":0}},
{"type":"Feature","geometry":{"type":"Point","coordinates":[124.998,46.582]},"properties":{"NAME":"Daqing","RANK":4,"POP":1693000,"CAPITAL":0}},
{"type":"Feature","geometry":{"type":"Point","coordinates":[120.618,31.302]},"properties":{"NAME":"Suzhou","RANK":4,"POP":1650000,"CAPITAL":0}},
{"type":"Feature","geometry":{"type":"Point","coordinates":[75.87,30.93]},"properties":{"NAME":"Ludhiana","RANK":4,"POP":1649000,"CAPITAL":0}},
{"type":"Feature","geometry":{"type":"Point","coordinates":[122.938,41.117]},"properties":{"NAME":"Anshan","RANK":4,"POP":1639000,"CAPITAL":0}},
{"type":"Feature","geometry":{"type":"Point","coordinates":[114.478,36.582]},"properties":{"NAME":"Handan","RANK":4,"POP":1631000,"CAPITAL":0}},
{"type":"Feature","geometry":{"type":"Point","coordinates":[78.013,27.172]},"properties":{"NAME":"Agra","RANK":4,"POP":1592000,"CAPITAL":0}},
{"type":"Feature","geometry":{"type":"Point","coordinates":[110.378,21.202]},"properties":{"NAME":"Zhanjiang","RANK":4,"POP":1590000,"CAPITAL":0}},
{"type":"Feature","geometry":{"type":"Point","coordinates":[89.558,22.842]},"properties":{"NAME":"Khulna","RANK":4,"POP":1553000,"CAPITAL":0}},
{"type":"Feature","geometry":{"type":"Point","coordinates":[-70.67,19.5]},"properties":{"NAME":"Santiago","RANK":4,"POP":1550753,"CAPITAL":0}},
{"type":"Feature","geometry":{"type":"Point","coordinates":[76.222,10.017]},"properties":{"NAME":"Kochi","RANK":4,"POP":1519000,"CAPITAL":0}},
{"type":"Feature","geometry":{"type":"Point","coordinates":[74.183,32.162]},"properties":{"NAME":"Gujranwala","RANK":4,"POP":1513000,"CAPITAL":0}},
{"type":"Feature","geometry":{"type":"Point","coordinates":[11.25,43.78]},"properties":{"NAME":"Florence","RANK":4,"POP":1500000,"CAPITAL":0}},
{"type":"Feature","geometry":{"type":"Point","coordinates":[29.068,40.202]},"properties":{"NAME":"Bursa","RANK":4,"POP":1492000,"CAPITAL":0}},
{"type":"Feature","geometry":{"type":"Point","coordinates":[-101.702,21.152]},"properties":{"NAME":"Le\u00f3n","RANK":4,"POP":1488000,"CAPITAL":0}},
{"type":"Feature","geometry":{"type":"Point","coordinates":[73.778,20.002]},"properties":{"NAME":"Nasik","RANK":4,"POP":1473000,"CAPITAL":0}},
{"type":"Feature","geometry":{"type":"Point","coordinates":[-94.606,39.109]},"properties":{"NAME":"Kansas City","RANK":4,"POP":1469000,"CAPITAL":0}},
{"type":"Feature","geometry":{"type":"Point","coordinates":[127.423,36.337]},"properties":{"NAME":"Daejeon","RANK":4,"POP":1468000,"CAPITAL":0}},
{"type":"Feature","geometry":{"type":"Point","coordinates":[105.048,29.582]},"properties":{"NAME":"Neijiang","RANK":4,"POP":1466000,"CAPITAL":0}},
{"type":"Feature","geometry":{"type":"Point","coordinates":[118.578,24.902]},"properties":{"NAME":"Quanzhou","RANK":4,"POP":1463000,"CAPITAL":0}},
{"type":"Feature","geometry":{"type":"Point","coordinates":[36.248,50.002]},"properties":{"NAME":"Kharkiv","RANK":4,"POP":1461000,"CAPITAL":0}},
{"type":"Feature","geometry":{"type":"Point","coordinates":[51.533,25.287]},"properties":{"NAME":"Doha","RANK":4,"POP":1450000,"CAPITAL":1}},
{"type":"Feature","geometry":{"type":"Point","coordinates":[7.438,10.522]},"properties":{"NAME":"Kaduna","RANK":4,"POP":1442000,"CAPITAL":0}},
{"type":"Feature","geometry":{"type":"Point","coordinates":[-97.34,32.74]},"properties":{"NAME":"Ft.  Worth","RANK":4,"POP":1440454,"CAPITAL":0}},
{"type":"Feature","geometry":{"type":"Point","coordinates":[126.908,35.173]},"properties":{"NAME":"Gwangju","RANK":4,"POP":1440000,"CAPITAL":0}},
{"type":"Feature","geometry":{"type":"Point","coordinates":[-86.172,39.752]},"properties":{"NAME":"Indianapolis","RANK":4,"POP":1436000,"CAPITAL":0}},
{"type":"Feature","geometry":{"type":"Point","coordinates":[46.299,38.088]},"properties":{"NAME":"Tabriz","RANK":4,"POP":1413000,"CAPITAL":0}},
{"type":"Feature","geometry":{"type":"Point","coordinates":[4.27,52.08]},"properties":{"NAME":"The Hague","RANK":4,"POP":1406000,"CAPITAL":1}},
{"type":"Feature","geometry":{"type":"Point","coordinates":[5.373,43.292]},"properties":{"NAME":"Marseille","RANK":4,"POP":1400000,"CAPITAL":0}},
{"type":"Feature","geometry":{"type":"Point","coordinates":[77.698,29.002]},"properties":{"NAME":"Meerut","RANK":4,"POP":1398000,"CAPITAL":0}},
{"type":"Feature","geometry":{"type":"Point","coordinates":[104.69,31.465]},"properties":{"NAME":"Mianyang","RANK":4,"POP":1396000,"CAPITAL":0}},
{"type":"Feature","geometry":{"type":"Point","coordinates":[77.315,28.435]},"properties":{"NAME":"Faridabad","RANK":4,"POP":1394000,"CAPITAL":0}},
{"type":"Feature","geometry":{"type":"Point","coordinates":[-81.382,28.512]},"properties":{"NAME":"Orlando","RANK":4,"POP":1350000,"CAPITAL":0}},
{"type":"Feature","geometry":{"type":"Point","coordinates":[77.406,28.662]},"properties":{"NAME":"Ghaziabad","RANK":4,"POP":1341000,"CAPITAL":0}},
{"type":"Feature","geometry":{"type":"Point","coordinates":[43.143,36.347]},"properties":{"NAME":"Mosul","RANK":4,"POP":1316000,"CAPITAL":0}},
{"type":"Feature","geometry":{"type":"Point","coordinates":[96.083,21.972]},"properties":{"NAME":"Mandalay","RANK":4,"POP":1300000,"CAPITAL":0}},
{"type":"Feature","geometry":{"type":"Point","coordinates":[23.598,-6.148]},"properties":{"NAME":"Mbuji-Mayi","RANK":4,"POP":1295000,"CAPITAL":0}},
{"type":"Feature","geometry":{"type":"Point","coordinates":[35.318,36.997]},"properties":{"NAME":"Adana","RANK":4,"POP":1293000,"CAPITAL":0}},
{"type":"Feature","geometry":{"type":"Point","coordinates":[79.953,23.177]},"properties":{"NAME":"Jabalpur","RANK":4,"POP":1285000,"CAPITAL":0}},
{"type":"Feature","geometry":{"type":"Point","coordinates":[118.948,42.272]},"properties":{"NAME":"Chifeng","RANK":4,"POP":1277000,"CAPITAL":0}},
{"type":"Feature","geometry":{"type":"Point","coordinates":[119.066,33.585]},"properties":{"NAME":"Huaiyin","RANK":4,"POP":1264000,"CAPITAL":0}},
{"type":"Feature","geometry":{"type":"Point","coordinates":[70.798,22.312]},"properties":{"NAME":"Rajkot","RANK":4,"POP":1260000,"CAPITAL":0}},
{"type":"Feature","geometry":{"type":"Point","coordinates":[86.418,23.802]},"properties":{"NAME":"Dhanbad","RANK":4,"POP":1246000,"CAPITAL":0}},
{"type":"Feature","geometry":{"type":"Point","coordinates":[105.918,34.602]},"properties":{"NAME":"Tianshui","RANK":4,"POP":1225000,"CAPITAL":0}},
{"type":"Feature","geometry":{"type":"Point","coordinates":[104.831,26.596]},"properties":{"NAME":"Liupanshui","RANK":4,"POP":1221000,"CAPITAL":0}},
{"type":"Feature","geometry":{"type":"Point","coordinates":[-40.29,-20.338]},"properties":{"NAME":"Vila Velha","RANK":4,"POP":1209091,"CAPITAL":0}},
{"type":"Feature","geometry":{"type":"Point","coordinates":[-60.668,-32.949]},"properties":{"NAME":"Rosario","RANK":4,"POP":1203000,"CAPITAL":0}},
{"type":"Feature","geometry":{"type":"Point","coordinates":[81.838,25.457]},"properties":{"NAME":"Allahabad","RANK":4,"POP":1201000,"CAPITAL":0}},
{"type":"Feature","geometry":{"type":"Point","coordinates":[5.618,6.342]},"properties":{"NAME":"Benin City","RANK":4,"POP":1190000,"CAPITAL":0}},
{"type":"Feature","geometry":{"type":"Point","coordinates":[-35.732,-9.618]},"properties":{"NAME":"Macei\u00f3","RANK":4,"POP":1186000,"CAPITAL":0}},
{"type":"Feature","geometry":{"type":"Point","coordinates":[-97.745,30.269]},"properties":{"NAME":"Austin","RANK":4,"POP":1161000,"CAPITAL":0}},
{"type":"Feature","geometry":{"type":"Point","coordinates":[-103.422,25.572]},"properties":{"NAME":"Torre\u00f3n","RANK":4,"POP":1144000,"CAPITAL":0}},
{"type":"Feature","geometry":{"type":"Point","coordinates":[74.828,34.069]},"properties":{"NAME":"Srinagar","RANK":4,"POP":1140000,"CAPITAL":0}},
{"type":"Feature","geometry":{"type":"Point","coordinates":[80.628,16.522]},"properties":{"NAME":"Vijayawada","RANK":4,"POP":1137000,"CAPITAL":0}},
{"type":"Feature","geometry":{"type":"Point","coordinates":[73.398,54.992]},"properties":{"NAME":"Omsk","RANK":4,"POP":1135000,"CAPITAL":0}},
{"type":"Feature","geometry":{"type":"Point","coordinates":[110.148,22.632]},"properties":{"NAME":"Yulin","RANK":4,"POP":1127000,"CAPITAL":0}},
{"type":"Feature","geometry":{"type":"Point","coordinates":[75.329,19.862]},"properties":{"NAME":"Aurangabad","RANK":4,"POP":1113000,"CAPITAL":0}},
{"type":"Feature","geometry":{"type":"Point","coordinates":[109.02,32.68]},"properties":{"NAME":"Ankang","RANK":4,"POP":1100000,"CAPITAL":0}},
{"type":"Feature","geometry":{"type":"Point","coordinates":[61.437,55.157]},"properties":{"NAME":"Chelyabinsk","RANK":4,"POP":1091000,"CAPITAL":0}},
{"type":"Feature","geometry":{"type":"Point","coordinates":[-35.242,-5.778]},"properties":{"NAME":"Natal","RANK":4,"POP":1088000,"CAPITAL":0}},
{"type":"Feature","geometry":{"type":"Point","coordinates":[75.898,17.672]},"properties":{"NAME":"Sholapur","RANK":4,"POP":1057000,"CAPITAL":0}},
{"type":"Feature","geometry":{"type":"Point","coordinates":[39.711,47.237]},"properties":{"NAME":"Rostov","RANK":4,"POP":1052000,"CAPITAL":0}},
{"type":"Feature","geometry":{"type":"Point","coordinates":[34.998,48.482]},"properties":{"NAME":"Dnipro","RANK":4,"POP":1050000,"CAPITAL":0}},
{"type":"Feature","geometry":{"type":"Point","coordinates":[85.328,23.372]},"properties":{"NAME":"Ranchi","RANK":4,"POP":1044000,"CAPITAL":0}},
{"type":"Feature","geometry":{"type":"Point","coordinates":[-44.268,-2.514]},"properties":{"NAME":"S\u00e3o Lu\u00eds","RANK":4,"POP":1038000,"CAPITAL":0}},
{"type":"Feature","geometry":{"type":"Point","coordinates":[7.008,4.812]},"properties":{"NAME":"Port Harcourt","RANK":4,"POP":1020000,"CAPITAL":0}},
{"type":"Feature","geometry":{"type":"Point","coordinates":[130.348,46.832]},"properties":{"NAME":"Jiamusi","RANK":4,"POP":1020000,"CAPITAL":0}},
{"type":"Feature","geometry":{"type":"Point","coordinates":[-73.202,41.182]},"properties":{"NAME":"Bridgeport","RANK":4,"POP":1018000,"CAPITAL":0}},
{"type":"Feature","geometry":{"type":"Point","coordinates":[112.588,26.882]},"properties":{"NAME":"Hengyang","RANK":4,"POP":1016000,"CAPITAL":0}},
{"type":"Feature","geometry":{"type":"Point","coordinates":[39.578,24.502]},"properties":{"NAME":"Medina","RANK":4,"POP":1010000,"CAPITAL":0}},
{"type":"Feature","geometry":{"type":"Point","coordinates":[108.25,16.06]},"properties":{"NAME":"Da Nang","RANK":4,"POP":1000000,"CAPITAL":0}},
{"type":"Feature","geometry":{"type":"Point","coordinates":[99.15,25.12]},"properties":{"NAME":"Baoshan","RANK":4,"POP":1000000,"CAPITAL":0}},
{"type":"Feature","geometry":{"type":"Point","coordinates":[48.718,31.282]},"properties":{"NAME":"Ahvaz","RANK":4,"POP":996000,"CAPITAL":0}},
{"type":"Feature","geometry":{"type":"Point","coordinates":[73.015,26.294]},"properties":{"NAME":"Jodhpur","RANK":4,"POP":995000,"CAPITAL":0}},
{"type":"Feature","geometry":{"type":"Point","coordinates":[-101.002,22.172]},"properties":{"NAME":"San Luis Potos\u00ed","RANK":4,"POP":992000,"CAPITAL":0}},
{"type":"Feature","geometry":{"type":"Point","coordinates":[30.708,46.492]},"properties":{"NAME":"Odessa","RANK":4,"POP":991000,"CAPITAL":0}},
{"type":"Feature","geometry":{"type":"Point","coordinates":[-81.672,30.332]},"properties":{"NAME":"Jacksonville","RANK":4,"POP":988000,"CAPITAL":0}},
{"type":"Feature","geometry":{"type":"Point","coordinates":[37.828,48.002]},"properties":{"NAME":"Donetsk","RANK":4,"POP":988000,"CAPITAL":0}},
{"type":"Feature","geometry":{"type":"Point","coordinates":[91.768,26.162]},"properties":{"NAME":"Guwahati","RANK":4,"POP":983000,"CAPITAL":0}},
{"type":"Feature","geometry":{"type":"Point","coordinates":[76.778,30.722]},"properties":{"NAME":"Chandigarh","RANK":4,"POP":979000,"CAPITAL":0}},
{"type":"Feature","geometry":{"type":"Point","coordinates":[78.169,26.2]},"properties":{"NAME":"Gwalior","RANK":4,"POP":978000,"CAPITAL":0}},
{"type":"Feature","geometry":{"type":"Point","coordinates":[130.968,45.302]},"properties":{"NAME":"Jixi","RANK":4,"POP":965000,"CAPITAL":0}},
{"type":"Feature","geometry":{"type":"Point","coordinates":[76.925,8.516]},"properties":{"NAME":"Thiruvananthapuram","RANK":4,"POP":954000,"CAPITAL":0}},
{"type":"Feature","geometry":{"type":"Point","coordinates":[4.238,8.132]},"properties":{"NAME":"Ogbomosho","RANK":4,"POP":951000,"CAPITAL":0}},
{"type":"Feature","geometry":{"type":"Point","coordinates":[78.688,10.801]},"properties":{"NAME":"Tiruchirappalli","RANK":4,"POP":951000,"CAPITAL":0}},
{"type":"Feature","geometry":{"type":"Point","coordinates":[125.175,6.111]},"properties":{"NAME":"General Santos","RANK":4,"POP":950530,"CAPITAL":0}},
{"type":"Feature","geometry":{"type":"Point","coordinates":[-95.93,36.12]},"properties":{"NAME":"Tulsa","RANK":4,"POP":946962,"CAPITAL":0}},
{"type":"Feature","geometry":{"type":"Point","coordinates":[43.148,11.595]},"properties":{"NAME":"Djibouti","RANK":4,"POP":923000,"CAPITAL":1}},
{"type":"Feature","geometry":{"type":"Point","coordinates":[32.473,37.877]},"properties":{"NAME":"Konya","RANK":4,"POP":919000,"CAPITAL":0}},
{"type":"Feature","geometry":{"type":"Point","coordinates":[-77.452,37.552]},"properties":{"NAME":"Richmond","RANK":4,"POP":912000,"CAPITAL":0}},
{"type":"Feature","geometry":{"type":"Point","coordinates":[-42.782,-5.093]},"properties":{"NAME":"Teresina","RANK":4,"POP":907000,"CAPITAL":0}},
{"type":"Feature","geometry":{"type":"Point","coordinates":[127.673,26.207]},"properties":{"NAME":"Naha","RANK":4,"POP":905238,"CAPITAL":0}},
{"type":"Feature","geometry":{"type":"Point","coordinates":[-106.641,35.105]},"properties":{"NAME":"Albuquerque","RANK":4,"POP":898642,"CAPITAL":0}},
{"type":"Feature","geometry":{"type":"Point","coordinates":[13.158,11.852]},"properties":{"NAME":"Maiduguri","RANK":4,"POP":896000,"CAPITAL":0}},
{"type":"Feature","geometry":{"type":"Point","coordinates":[75.123,15.362]},"properties":{"NAME":"Hubballi","RANK":4,"POP":890000,"CAPITAL":0}},
{"type":"Feature","geometry":{"type":"Point","coordinates":[76.658,12.312]},"properties":{"NAME":"Mysuru","RANK":4,"POP":887000,"CAPITAL":0}},
{"type":"Feature","geometry":{"type":"Point","coordinates":[-115.482,32.652]},"properties":{"NAME":"Mexicali","RANK":4,"POP":885000,"CAPITAL":0}},
{"type":"Feature","geometry":{"type":"Point","coordinates":[122.268,43.622]},"properties":{"NAME":"Tongliao","RANK":4,"POP":884000,"CAPITAL":0}},
{"type":"Feature","geometry":{"type":"Point","coordinates":[-2.93,43.25]},"properties":{"NAME":"Bilbao","RANK":4,"POP":875552,"CAPITAL":0}},
{"type":"Feature","geometry":{"type":"Point","coordinates":[81.633,21.237]},"properties":{"NAME":"Raipur","RANK":4,"POP":875000,"CAPITAL":0}},
{"type":"Feature","geometry":{"type":"Point","coordinates":[78.178,11.672]},"properties":{"NAME":"Salem","RANK":4,"POP":873000,"CAPITAL":0}},
{"type":"Feature","geometry":{"type":"Point","coordinates":[47.812,30.515]},"properties":{"NAME":"Basra","RANK":4,"POP":870000,"CAPITAL":0}},
{"type":"Feature","geometry":{"type":"Point","coordinates":[105.268,-5.428]},"properties":{"NAME":"Bandar Lampung","RANK":4,"POP":865000,"CAPITAL":0}},
{"type":"Feature","geometry":{"type":"Point","coordinates":[30.059,-1.952]},"properties":{"NAME":"Kigali","RANK":4,"POP":860000,"CAPITAL":1}},
{"type":"Feature","geometry":{"type":"Point","coordinates":[75.567,31.337]},"properties":{"NAME":"Jullundur","RANK":4,"POP":855000,"CAPITAL":0}},
{"type":"Feature","geometry":{"type":"Point","coordinates":[77.25,38.426]},"properties":{"NAME":"Shache","RANK":4,"POP":851374,"CAPITAL":0}},
{"type":"Feature","geometry":{"type":"Point","coordinates":[39.187,51.665]},"properties":{"NAME":"Voronezh","RANK":4,"POP":844000,"CAPITAL":0}},
{"type":"Feature","geometry":{"type":"Point","coordinates":[46.028,51.582]},"properties":{"NAME":"Saratov","RANK":4,"POP":843000,"CAPITAL":0}},
{"type":"Feature","geometry":{"type":"Point","coordinates":[5.76,5.52]},"properties":{"NAME":"Warri","RANK":4,"POP":830106,"CAPITAL":0}},
{"type":"Feature","geometry":{"type":"Point","coordinates":[-65.219,-26.814]},"properties":{"NAME":"Tucum\u00e1n","RANK":4,"POP":830000,"CAPITAL":0}},
{"type":"Feature","geometry":{"type":"Point","coordinates":[75.833,25.182]},"properties":{"NAME":"Kota","RANK":4,"POP":827000,"CAPITAL":0}},
{"type":"Feature","geometry":{"type":"Point","coordinates":[113.098,29.382]},"properties":{"NAME":"Yueyang","RANK":4,"POP":826000,"CAPITAL":0}},
{"type":"Feature","geometry":{"type":"Point","coordinates":[-110.892,32.207]},"properties":{"NAME":"Tucson","RANK":4,"POP":823000,"CAPITAL":0}},
{"type":"Feature","geometry":{"type":"Point","coordinates":[-71.532,-16.418]},"properties":{"NAME":"Arequipa","RANK":4,"POP":815000,"CAPITAL":0}},
{"type":"Feature","geometry":{"type":"Point","coordinates":[88.603,24.377]},"properties":{"NAME":"Rajshahi","RANK":4,"POP":810000,"CAPITAL":0}},
{"type":"Feature","geometry":{"type":"Point","coordinates":[-107.382,24.832]},"properties":{"NAME":"Culiac\u00e1n","RANK":4,"POP":809000,"CAPITAL":0}},
{"type":"Feature","geometry":{"type":"Point","coordinates":[-56.087,-15.568]},"properties":{"NAME":"Cuiab\u00e1","RANK":4,"POP":806000,"CAPITAL":0}},
{"type":"Feature","geometry":{"type":"Point","coordinates":[78.06,27.894]},"properties":{"NAME":"Aligarh","RANK":4,"POP":805000,"CAPITAL":0}},
{"type":"Feature","geometry":{"type":"Point","coordinates":[112.608,-7.978]},"properties":{"NAME":"Malang","RANK":4,"POP":805000,"CAPITAL":0}},
{"type":"Feature","geometry":{"type":"Point","coordinates":[24.03,49.835]},"properties":{"NAME":"Lviv","RANK":4,"POP":803880,"CAPITAL":0}},
{"type":"Feature","geometry":{"type":"Point","coordinates":[-0.597,44.852]},"properties":{"NAME":"Bordeaux","RANK":4,"POP":803000,"CAPITAL":0}},
{"type":"Feature","geometry":{"type":"Point","coordinates":[74.845,32.714]},"properties":{"NAME":"Jammu","RANK":4,"POP":791000,"CAPITAL":0}},
{"type":"Feature","geometry":{"type":"Point","coordinates":[78.755,28.844]},"properties":{"NAME":"Moradabad","RANK":4,"POP":787000,"CAPITAL":0}},
{"type":"Feature","geometry":{"type":"Point","coordinates":[74.85,12.9]},"properties":{"NAME":"Mangaluru","RANK":4,"POP":776632,"CAPITAL":0}},
{"type":"Feature","geometry":{"type":"Point","coordinates":[122.078,6.922]},"properties":{"NAME":"Zamboanga","RANK":4,"POP":773000,"CAPITAL":0}},
{"type":"Feature","geometry":{"type":"Point","coordinates":[67.023,30.222]},"properties":{"NAME":"Quetta","RANK":4,"POP":768000,"CAPITAL":0}},
{"type":"Feature","geometry":{"type":"Point","coordinates":[22.398,-5.888]},"properties":{"NAME":"Kananga","RANK":4,"POP":765000,"CAPITAL":0}},
{"type":"Feature","geometry":{"type":"Point","coordinates":[19.958,50.062]},"properties":{"NAME":"Krak\u00f3w","RANK":4,"POP":756000,"CAPITAL":0}},
{"type":"Feature","geometry":{"type":"Point","coordinates":[-77.622,43.172]},"properties":{"NAME":"Rochester","RANK":4,"POP":755000,"CAPITAL":0}},
{"type":"Feature","geometry":{"type":"Point","coordinates":[-106.512,31.782]},"properties":{"NAME":"El Paso","RANK":4,"POP":753000,"CAPITAL":0}},
{"type":"Feature","geometry":{"type":"Point","coordinates":[44.037,13.606]},"properties":{"NAME":"Taizz","RANK":4,"POP":751000,"CAPITAL":0}},
{"type":"Feature","geometry":{"type":"Point","coordinates":[74.22,16.7]},"properties":{"NAME":"Kolhapur","RANK":4,"POP":750000,"CAPITAL":0}},
{"type":"Feature","geometry":{"type":"Point","coordinates":[18.64,54.36]},"properties":{"NAME":"Gda\u0144sk","RANK":4,"POP":740000,"CAPITAL":0}},
{"type":"Feature","geometry":{"type":"Point","coordinates":[-93.085,44.944]},"properties":{"NAME":"St.  Paul","RANK":4,"POP":734854,"CAPITAL":0}},
{"type":"Feature","geometry":{"type":"Point","coordinates":[113.58,24.8]},"properties":{"NAME":"Shaoguan","RANK":4,"POP":720266,"CAPITAL":0}},
{"type":"Feature","geometry":{"type":"Point","coordinates":[15.08,37.5]},"properties":{"NAME":"Catania","RANK":4,"POP":674542,"CAPITAL":0}},
{"type":"Feature","geometry":{"type":"Point","coordinates":[44.335,32.0]},"properties":{"NAME":"Najaf","RANK":4,"POP":665552,"CAPITAL":0}},
{"type":"Feature","geometry":{"type":"Point","coordinates":[-76.15,43.05]},"properties":{"NAME":"Syracuse","RANK":4,"POP":662577,"CAPITAL":0}},
{"type":"Feature","geometry":{"type":"Point","coordinates":[11.88,-4.77]},"properties":{"NAME":"Pointe-Noire","RANK":4,"POP":659084,"CAPITAL":0}},
{"type":"Feature","geometry":{"type":"Point","coordinates":[-83.92,35.97]},"properties":{"NAME":"Knoxville","RANK":4,"POP":655400,"CAPITAL":0}},
{"type":"Feature","geometry":{"type":"Point","coordinates":[72.34,40.79]},"properties":{"NAME":"Andijan","RANK":4,"POP":650000,"CAPITAL":0}},
{"type":"Feature","geometry":{"type":"Point","coordinates":[39.0,45.02]},"properties":{"NAME":"Krasnodar","RANK":4,"POP":649851,"CAPITAL":0}},
{"type":"Feature","geometry":{"type":"Point","coordinates":[48.41,54.33]},"properties":{"NAME":"Ulyanovsk","RANK":4,"POP":640680,"CAPITAL":0}},
{"type":"Feature","geometry":{"type":"Point","coordinates":[32.29,31.26]},"properties":{"NAME":"Bur Said","RANK":4,"POP":623864,"CAPITAL":0}},
{"type":"Feature","geometry":{"type":"Point","coordinates":[77.308,19.197]},"properties":{"NAME":"Nanded","RANK":4,"POP":623708,"CAPITAL":0}},
{"type":"Feature","geometry":{"type":"Point","coordinates":[13.75,51.05]},"properties":{"NAME":"Dresden","RANK":4,"POP":617515,"CAPITAL":0}},
{"type":"Feature","geometry":{"type":"Point","coordinates":[-119.773,36.748]},"properties":{"NAME":"Fresno","RANK":4,"POP":616353,"CAPITAL":0}},
{"type":"Feature","geometry":{"type":"Point","coordinates":[36.344,41.28]},"properties":{"NAME":"Samsun","RANK":4,"POP":609339,"CAPITAL":0}},
{"type":"Feature","geometry":{"type":"Point","coordinates":[39.87,57.62]},"properties":{"NAME":"Yaroslavl","RANK":4,"POP":606730,"CAPITAL":0}},
{"type":"Feature","geometry":{"type":"Point","coordinates":[6.6,36.36]},"properties":{"NAME":"Constantine","RANK":4,"POP":605179,"CAPITAL":0}},
{"type":"Feature","geometry":{"type":"Point","coordinates":[44.392,35.472]},"properties":{"NAME":"Kirkuk","RANK":4,"POP":601433,"CAPITAL":0}},
{"type":"Feature","geometry":{"type":"Point","coordinates":[-110.954,29.099]},"properties":{"NAME":"Hermosillo","RANK":4,"POP":595811,"CAPITAL":0}},
{"type":"Feature","geometry":{"type":"Point","coordinates":[57.5,-20.167]},"properties":{"NAME":"Port Louis","RANK":4,"POP":595491,"CAPITAL":1}},
{"type":"Feature","geometry":{"type":"Point","coordinates":[138.17,36.65]},"properties":{"NAME":"Nagano","RANK":4,"POP":594311,"CAPITAL":0}},
{"type":"Feature","geometry":{"type":"Point","coordinates":[34.99,-15.79]},"properties":{"NAME":"Blantyre","RANK":4,"POP":584877,"CAPITAL":0}},
{"type":"Feature","geometry":{"type":"Point","coordinates":[85.89,20.47]},"properties":{"NAME":"Cuttack","RANK":4,"POP":580000,"CAPITAL":0}},
{"type":"Feature","geometry":{"type":"Point","coordinates":[135.12,48.455]},"properties":{"NAME":"Khabarovsk","RANK":4,"POP":579000,"CAPITAL":0}},
{"type":"Feature","geometry":{"type":"Point","coordinates":[25.22,0.52]},"properties":{"NAME":"Kisangani","RANK":4,"POP":578470,"CAPITAL":0}},
{"type":"Feature","geometry":{"type":"Point","coordinates":[-91.52,14.83]},"properties":{"NAME":"Quetzaltenango","RANK":4,"POP":575263,"CAPITAL":0}},
{"type":"Feature","geometry":{"type":"Point","coordinates":[110.33,1.53]},"properties":{"NAME":"Kuching","RANK":4,"POP":570407,"CAPITAL":0}},
{"type":"Feature","geometry":{"type":"Point","coordinates":[-5.03,7.69]},"properties":{"NAME":"Bouak\u00e9","RANK":4,"POP":567481,"CAPITAL":0}},
{"type":"Feature","geometry":{"type":"Point","coordinates":[50.583,26.236]},"properties":{"NAME":"Manama","RANK":4,"POP":563920,"CAPITAL":1}},
{"type":"Feature","geometry":{"type":"Point","coordinates":[-48.28,-18.9]},"properties":{"NAME":"Uberl\u00e2ndia","RANK":4,"POP":563536,"CAPITAL":0}},
{"type":"Feature","geometry":{"type":"Point","coordinates":[-47.47,-23.49]},"properties":{"NAME":"Sorocaba","RANK":4,"POP":563281,"CAPITAL":0}},
{"type":"Feature","geometry":{"type":"Point","coordinates":[-75.821,20.025]},"properties":{"NAME":"Santiago de Cuba","RANK":4,"POP":555865,"CAPITAL":0}},
{"type":"Feature","geometry":{"type":"Point","coordinates":[110.825,-7.565]},"properties":{"NAME":"Surakarta","RANK":4,"POP":555308,"CAPITAL":0}},
{"type":"Feature","geometry":{"type":"Point","coordinates":[-47.83,-21.17]},"properties":{"NAME":"Ribeir\u00e3o Preto","RANK":4,"POP":551267,"CAPITAL":0}},
{"type":"Feature","geometry":{"type":"Point","coordinates":[55.11,51.78]},"properties":{"NAME":"Orenburg","RANK":4,"POP":550204,"CAPITAL":0}},
{"type":"Feature","geometry":{"type":"Point","coordinates":[36.555,28.384]},"properties":{"NAME":"Tabuk","RANK":4,"POP":547957,"CAPITAL":0}},
{"type":"Feature","geometry":{"type":"Point","coordinates":[81.35,43.9]},"properties":{"NAME":"Yining","RANK":4,"POP":542507,"CAPITAL":0}},
{"type":"Feature","geometry":{"type":"Point","coordinates":[87.115,53.75]},"properties":{"NAME":"Novokuznetsk","RANK":4,"POP":539616,"CAPITAL":0}},
{"type":"Feature","geometry":{"type":"Point","coordinates":[-97.5,25.88]},"properties":{"NAME":"Matamoros","RANK":4,"POP":538785,"CAPITAL":0}},
{"type":"Feature","geometry":{"type":"Point","coordinates":[-96.67,17.083]},"properties":{"NAME":"Oaxaca","RANK":4,"POP":530728,"CAPITAL":0}},
{"type":"Feature","geometry":{"type":"Point","coordinates":[48.515,34.796]},"properties":{"NAME":"Hamadan","RANK":4,"POP":528256,"CAPITAL":0}},
{"type":"Feature","geometry":{"type":"Point","coordinates":[153.448,-28.082]},"properties":{"NAME":"Gold Coast","RANK":4,"POP":527660,"CAPITAL":0}},
{"type":"Feature","geometry":{"type":"Point","coordinates":[-122.64,45.63]},"properties":{"NAME":"Vancouver","RANK":4,"POP":525802,"CAPITAL":0}},
{"type":"Feature","geometry":{"type":"Point","coordinates":[39.72,54.62]},"properties":{"NAME":"Ryazan","RANK":4,"POP":520173,"CAPITAL":0}},
{"type":"Feature","geometry":{"type":"Point","coordinates":[65.53,57.14]},"properties":{"NAME":"Tyumen","RANK":4,"POP":519119,"CAPITAL":0}},
{"type":"Feature","geometry":{"type":"Point","coordinates":[95.32,5.55]},"properties":{"NAME":"Banda Aceh","RANK":4,"POP":513698,"CAPITAL":0}},
{"type":"Feature","geometry":{"type":"Point","coordinates":[-65.417,-24.783]},"properties":{"NAME":"Salta","RANK":4,"POP":512686,"CAPITAL":0}},
{"type":"Feature","geometry":{"type":"Point","coordinates":[45.0,53.18]},"properties":{"NAME":"Penza","RANK":4,"POP":512602,"CAPITAL":0}},
{"type":"Feature","geometry":{"type":"Point","coordinates":[32.55,30.005]},"properties":{"NAME":"Suez","RANK":4,"POP":508335,"CAPITAL":0}},
{"type":"Feature","geometry":{"type":"Point","coordinates":[34.445,31.53]},"properties":{"NAME":"Gaza City","RANK":4,"POP":505700,"CAPITAL":0}},
{"type":"Feature","geometry":{"type":"Point","coordinates":[7.76,36.92]},"properties":{"NAME":"Annaba","RANK":4,"POP":503524,"CAPITAL":0}},
{"type":"Feature","geometry":{"type":"Point","coordinates":[77.01,20.71]},"properties":{"NAME":"Akola","RANK":4,"POP":503502,"CAPITAL":0}},
{"type":"Feature","geometry":{"type":"Point","coordinates":[48.055,46.349]},"properties":{"NAME":"Astrakhan","RANK":4,"POP":502533,"CAPITAL":0}},
{"type":"Feature","geometry":{"type":"Point","coordinates":[21.433,42.0]},"properties":{"NAME":"Skopje","RANK":4,"POP":494087,"CAPITAL":1}},
{"type":"Feature","geometry":{"type":"Point","coordinates":[32.93,-2.52]},"properties":{"NAME":"Mwanza","RANK":4,"POP":493944,"CAPITAL":0}},
{"type":"Feature","geometry":{"type":"Point","coordinates":[-104.792,38.863]},"properties":{"NAME":"Colorado Springs","RANK":4,"POP":493654,"CAPITAL":0}},
{"type":"Feature","geometry":{"type":"Point","coordinates":[102.641,37.928]},"properties":{"NAME":"Wuwei","RANK":4,"POP":493092,"CAPITAL":0}},
{"type":"Feature","geometry":{"type":"Point","coordinates":[-60.69,-31.624]},"properties":{"NAME":"Santa Fe","RANK":4,"POP":489505,"CAPITAL":0}},
{"type":"Feature","geometry":{"type":"Point","coordinates":[77.55,29.97]},"properties":{"NAME":"Saharanpur","RANK":4,"POP":484873,"CAPITAL":0}},
{"type":"Feature","geometry":{"type":"Point","coordinates":[76.82,17.35]},"properties":{"NAME":"Kalaburagi","RANK":4,"POP":483615,"CAPITAL":0}},
{"type":"Feature","geometry":{"type":"Point","coordinates":[62.17,34.33]},"properties":{"NAME":"Herat","RANK":4,"POP":481009,"CAPITAL":0}},
{"type":"Feature","geometry":{"type":"Point","coordinates":[54.37,31.92]},"properties":{"NAME":"Yazd","RANK":4,"POP":477905,"CAPITAL":0}},
{"type":"Feature","geometry":{"type":"Point","coordinates":[86.09,55.34]},"properties":{"NAME":"Kemerovo","RANK":4,"POP":477090,"CAPITAL":0}},
{"type":"Feature","geometry":{"type":"Point","coordinates":[69.595,42.32]},"properties":{"NAME":"Shymkent","RANK":4,"POP":465392,"CAPITAL":0}},
{"type":"Feature","geometry":{"type":"Point","coordinates":[21.166,42.667]},"properties":{"NAME":"Pristina","RANK":4,"POP":465186,"CAPITAL":1}},
{"type":"Feature","geometry":{"type":"Point","coordinates":[56.272,27.204]},"properties":{"NAME":"Bandar-e-Abbas","RANK":4,"POP":461499,"CAPITAL":0}},
{"type":"Feature","geometry":{"type":"Point","coordinates":[-73.25,-3.75]},"properties":{"NAME":"Iquitos","RANK":4,"POP":458729,"CAPITAL":0}},
{"type":"Feature","geometry":{"type":"Point","coordinates":[67.1,36.7]},"properties":{"NAME":"Mazar-i-Sharif","RANK":4,"POP":458151,"CAPITAL":0}},
{"type":"Feature","geometry":{"type":"Point","coordinates":[49.67,58.59]},"properties":{"NAME":"Kirov","RANK":4,"POP":457437,"CAPITAL":0}},
{"type":"Feature","geometry":{"type":"Point","coordinates":[-5.928,54.594]},"properties":{"NAME":"Belfast","RANK":4,"POP":450406,"CAPITAL":0}},
{"type":"Feature","geometry":{"type":"Point","coordinates":[120.57,16.43]},"properties":{"NAME":"Baguio","RANK":4,"POP":447824,"CAPITAL":1}},
{"type":"Feature","geometry":{"type":"Point","coordinates":[-68.52,-31.55]},"properties":{"NAME":"San Juan","RANK":4,"POP":447048,"CAPITAL":0}},
{"type":"Feature","geometry":{"type":"Point","coordinates":[116.83,-1.25]},"properties":{"NAME":"Balikpapan","RANK":4,"POP":445905,"CAPITAL":0}},
{"type":"Feature","geometry":{"type":"Point","coordinates":[10.15,5.96]},"properties":{"NAME":"Bamenda","RANK":4,"POP":445299,"CAPITAL":0}},
{"type":"Feature","geometry":{"type":"Point","coordinates":[111.32,23.48]},"properties":{"NAME":"Wuzhou","RANK":4,"POP":442315,"CAPITAL":0}},
{"type":"Feature","geometry":{"type":"Point","coordinates":[13.39,9.3]},"properties":{"NAME":"Garoua","RANK":4,"POP":436899,"CAPITAL":0}},
{"type":"Feature","geometry":{"type":"Point","coordinates":[20.497,54.7]},"properties":{"NAME":"Kaliningrad","RANK":4,"POP":434954,"CAPITAL":0}},
{"type":"Feature","geometry":{"type":"Point","coordinates":[-99.507,27.506]},"properties":{"NAME":"Laredo","RANK":4,"POP":434768,"CAPITAL":0}},
{"type":"Feature","geometry":{"type":"Point","coordinates":[26.73,-27.97]},"properties":{"NAME":"Welkom","RANK":4,"POP":431944,"CAPITAL":0}},
{"type":"Feature","geometry":{"type":"Point","coordinates":[34.43,53.26]},"properties":{"NAME":"Bryansk","RANK":4,"POP":427236,"CAPITAL":0}},
{"type":"Feature","geometry":{"type":"Point","coordinates":[17.117,48.15]},"properties":{"NAME":"Bratislava","RANK":4,"POP":423737,"CAPITAL":1}},
{"type":"Feature","geometry":{"type":"Point","coordinates":[-91.14,30.458]},"properties":{"NAME":"Baton Rouge","RANK":4,"POP":422072,"CAPITAL":0}},
{"type":"Feature","geometry":{"type":"Point","coordinates":[31.18,27.19]},"properties":{"NAME":"Asyut","RANK":4,"POP":420585,"CAPITAL":0}},
{"type":"Feature","geometry":{"type":"Point","coordinates":[58.98,53.423]},"properties":{"NAME":"Magnitogorsk","RANK":4,"POP":413351,"CAPITAL":0}},
{"type":"Feature","geometry":{"type":"Point","coordinates":[-75.2,-12.08]},"properties":{"NAME":"Huancayo","RANK":4,"POP":412733,"CAPITAL":0}},
{"type":"Feature","geometry":{"type":"Point","coordinates":[-1.91,34.69]},"properties":{"NAME":"Oujda","RANK":4,"POP":409391,"CAPITAL":0}},
{"type":"Feature","geometry":{"type":"Point","coordinates":[28.22,-12.81]},"properties":{"NAME":"Kitwe","RANK":4,"POP":404901,"CAPITAL":0}},
{"type":"Feature","geometry":{"type":"Point","coordinates":[35.89,56.86]},"properties":{"NAME":"Tver","RANK":4,"POP":400212,"CAPITAL":0}},
{"type":"Feature","geometry":{"type":"Point","coordinates":[-81.031,33.997]},"properties":{"NAME":"Columbia","RANK":4,"POP":398093,"CAPITAL":0}},
{"type":"Feature","geometry":{"type":"Point","coordinates":[98.98,18.8]},"properties":{"NAME":"Chiang Mai","RANK":4,"POP":397211,"CAPITAL":0}},
{"type":"Feature","geometry":{"type":"Point","coordinates":[-80.63,-5.21]},"properties":{"NAME":"Piura","RANK":4,"POP":396932,"CAPITAL":0}},
{"type":"Feature","geometry":{"type":"Point","coordinates":[30.217,13.183]},"properties":{"NAME":"Al-Ubayyid","RANK":4,"POP":393311,"CAPITAL":0}},
{"type":"Feature","geometry":{"type":"Point","coordinates":[39.293,-15.136]},"properties":{"NAME":"Nampula","RANK":4,"POP":388526,"CAPITAL":0}},
{"type":"Feature","geometry":{"type":"Point","coordinates":[15.1,32.38]},"properties":{"NAME":"Misrata","RANK":4,"POP":386120,"CAPITAL":0}},
{"type":"Feature","geometry":{"type":"Point","coordinates":[-77.281,1.214]},"properties":{"NAME":"Pasto","RANK":4,"POP":382236,"CAPITAL":0}},
{"type":"Feature","geometry":{"type":"Point","coordinates":[-51.17,-29.18]},"properties":{"NAME":"Caxias do Sul","RANK":4,"POP":381270,"CAPITAL":0}},
{"type":"Feature","geometry":{"type":"Point","coordinates":[59.975,57.92]},"properties":{"NAME":"Nizhny Tagil","RANK":4,"POP":381116,"CAPITAL":0}},
{"type":"Feature","geometry":{"type":"Point","coordinates":[102.3,27.88]},"properties":{"NAME":"Xichang","RANK":4,"POP":379993,"CAPITAL":0}},
{"type":"Feature","geometry":{"type":"Point","coordinates":[-8.73,42.22]},"properties":{"NAME":"Vigo","RANK":4,"POP":378952,"CAPITAL":0}},
{"type":"Feature","geometry":{"type":"Point","coordinates":[-15.43,28.1]},"properties":{"NAME":"Las Palmas","RANK":4,"POP":378495,"CAPITAL":0}},
{"type":"Feature","geometry":{"type":"Point","coordinates":[-75.52,5.06]},"properties":{"NAME":"Manizales","RANK":4,"POP":375848,"CAPITAL":0}},
{"type":"Feature","geometry":{"type":"Point","coordinates":[174.885,-37.0]},"properties":{"NAME":"Manukau","RANK":4,"POP":375600,"CAPITAL":0}},
{"type":"Feature","geometry":{"type":"Point","coordinates":[123.07,0.55]},"properties":{"NAME":"Gorontalo","RANK":4,"POP":365497,"CAPITAL":0}},
{"type":"Feature","geometry":{"type":"Point","coordinates":[68.207,27.562]},"properties":{"NAME":"Larkana","RANK":4,"POP":364033,"CAPITAL":0}},
{"type":"Feature","geometry":{"type":"Point","coordinates":[41.98,45.05]},"properties":{"NAME":"Stavropol","RANK":4,"POP":363064,"CAPITAL":0}},
{"type":"Feature","geometry":{"type":"Point","coordinates":[86.98,25.23]},"properties":{"NAME":"Bhagalpur","RANK":4,"POP":361548,"CAPITAL":0}},
{"type":"Feature","geometry":{"type":"Point","coordinates":[107.625,51.825]},"properties":{"NAME":"Ulan-Ude","RANK":4,"POP":360278,"CAPITAL":0}},
{"type":"Feature","geometry":{"type":"Point","coordinates":[-4.29,11.18]},"properties":{"NAME":"Bobo Dioulasso","RANK":4,"POP":360106,"CAPITAL":0}},
{"type":"Feature","geometry":{"type":"Point","coordinates":[71.365,42.9]},"properties":{"NAME":"Taraz","RANK":4,"POP":358153,"CAPITAL":0}},
{"type":"Feature","geometry":{"type":"Point","coordinates":[128.2,-3.717]},"properties":{"NAME":"Ambon","RANK":4,"POP":355596,"CAPITAL":0}},
{"type":"Feature","geometry":{"type":"Point","coordinates":[-9.24,32.32]},"properties":{"NAME":"Safi","RANK":4,"POP":353476,"CAPITAL":0}},
{"type":"Feature","geometry":{"type":"Point","coordinates":[35.27,0.52]},"properties":{"NAME":"Eldoret","RANK":4,"POP":353381,"CAPITAL":0}},
{"type":"Feature","geometry":{"type":"Point","coordinates":[-78.57,-9.07]},"properties":{"NAME":"Chimbote","RANK":4,"POP":349846,"CAPITAL":0}},
{"type":"Feature","geometry":{"type":"Point","coordinates":[-99.55,27.5]},"properties":{"NAME":"Nuevo Laredo","RANK":4,"POP":349550,"CAPITAL":0}},
{"type":"Feature","geometry":{"type":"Point","coordinates":[-117.42,47.67]},"properties":{"NAME":"Spokane","RANK":4,"POP":347705,"CAPITAL":0}},
{"type":"Feature","geometry":{"type":"Point","coordinates":[-71.183,8.57]},"properties":{"NAME":"M\u00e9rida","RANK":4,"POP":345489,"CAPITAL":0}},
{"type":"Feature","geometry":{"type":"Point","coordinates":[36.67,-3.36]},"properties":{"NAME":"Arusha","RANK":4,"POP":341136,"CAPITAL":0}},
{"type":"Feature","geometry":{"type":"Point","coordinates":[31.1,-18.0]},"properties":{"NAME":"Chitungwiza","RANK":4,"POP":340360,"CAPITAL":0}},
{"type":"Feature","geometry":{"type":"Point","coordinates":[27.87,-32.97]},"properties":{"NAME":"East London","RANK":4,"POP":338627,"CAPITAL":0}},
{"type":"Feature","geometry":{"type":"Point","coordinates":[133.538,33.562]},"properties":{"NAME":"K\u014dchi","RANK":4,"POP":335570,"CAPITAL":0}},
{"type":"Feature","geometry":{"type":"Point","coordinates":[102.1,15.0]},"properties":{"NAME":"Nakhon Ratchasima","RANK":4,"POP":334984,"CAPITAL":0}},
{"type":"Feature","geometry":{"type":"Point","coordinates":[-43.86,-16.72]},"properties":{"NAME":"Montes Claros","RANK":4,"POP":332379,"CAPITAL":0}},
{"type":"Feature","geometry":{"type":"Point","coordinates":[29.36,-3.376]},"properties":{"NAME":"Bujumbura","RANK":4,"POP":331700,"CAPITAL":1}},
{"type":"Feature","geometry":{"type":"Point","coordinates":[127.431,39.16]},"properties":{"NAME":"Wonsan","RANK":4,"POP":329207,"CAPITAL":0}},
{"type":"Feature","geometry":{"type":"Point","coordinates":[76.95,52.3]},"properties":{"NAME":"Pavlodar","RANK":4,"POP":329002,"CAPITAL":0}},
{"type":"Feature","geometry":{"type":"Point","coordinates":[-119.82,39.53]},"properties":{"NAME":"Reno","RANK":4,"POP":328585,"CAPITAL":0}},
{"type":"Feature","geometry":{"type":"Point","coordinates":[39.73,43.59]},"properties":{"NAME":"Sochi","RANK":4,"POP":327608,"CAPITAL":0}},
{"type":"Feature","geometry":{"type":"Point","coordinates":[10.625,35.83]},"properties":{"NAME":"Sousse","RANK":4,"POP":327004,"CAPITAL":0}},
{"type":"Feature","geometry":{"type":"Point","coordinates":[27.575,47.168]},"properties":{"NAME":"Ia\u0219i","RANK":4,"POP":325914,"CAPITAL":0}},
{"type":"Feature","geometry":{"type":"Point","coordinates":[131.418,31.918]},"properties":{"NAME":"Miyazaki","RANK":4,"POP":324384,"CAPITAL":0}},
{"type":"Feature","geometry":{"type":"Point","coordinates":[-4.77,37.88]},"properties":{"NAME":"C\u00f3rdoba","RANK":4,"POP":321376,"CAPITAL":0}},
{"type":"Feature","geometry":{"type":"Point","coordinates":[32.047,54.783]},"properties":{"NAME":"Smolensk","RANK":4,"POP":320991,"CAPITAL":0}},
{"type":"Feature","geometry":{"type":"Point","coordinates":[-54.616,-25.517]},"properties":{"NAME":"Ciudad del Este","RANK":4,"POP":320872,"CAPITAL":0}},
{"type":"Feature","geometry":{"type":"Point","coordinates":[-52.33,-31.75]},"properties":{"NAME":"Pelotas","RANK":4,"POP":320674,"CAPITAL":0}},
{"type":"Feature","geometry":{"type":"Point","coordinates":[64.43,39.78]},"properties":{"NAME":"Bukhara","RANK":4,"POP":319476,"CAPITAL":0}},
{"type":"Feature","geometry":{"type":"Point","coordinates":[82.615,49.99]},"properties":{"NAME":"Oskemen","RANK":4,"POP":319067,"CAPITAL":0}},
{"type":"Feature","geometry":{"type":"Point","coordinates":[30.84,29.31]},"properties":{"NAME":"El Faiyum","RANK":4,"POP":316772,"CAPITAL":0}},
{"type":"Feature","geometry":{"type":"Point","coordinates":[14.515,46.055]},"properties":{"NAME":"Ljubljana","RANK":4,"POP":314807,"CAPITAL":1}},
{"type":"Feature","geometry":{"type":"Point","coordinates":[32.899,24.088]},"properties":{"NAME":"Aswan","RANK":4,"POP":313442,"CAPITAL":0}},
{"type":"Feature","geometry":{"type":"Point","coordinates":[80.275,50.435]},"properties":{"NAME":"Semey","RANK":4,"POP":311353,"CAPITAL":0}},
{"type":"Feature","geometry":{"type":"Point","coordinates":[-74.535,-8.369]},"properties":{"NAME":"Pucallpa","RANK":4,"POP":310750,"CAPITAL":0}},
{"type":"Feature","geometry":{"type":"Point","coordinates":[-40.84,-14.85]},"properties":{"NAME":"Vit\u00f3ria da Conquista","RANK":4,"POP":308204,"CAPITAL":0}},
{"type":"Feature","geometry":{"type":"Point","coordinates":[43.618,43.498]},"properties":{"NAME":"Nalchik","RANK":4,"POP":307866,"CAPITAL":0}},
{"type":"Feature","geometry":{"type":"Point","coordinates":[-63.9,-8.75]},"properties":{"NAME":"Porto Velho","RANK":4,"POP":306180,"CAPITAL":0}},
{"type":"Feature","geometry":{"type":"Point","coordinates":[28.61,44.203]},"properties":{"NAME":"Constan\u021ba","RANK":4,"POP":303399,"CAPITAL":0}},
{"type":"Feature","geometry":{"type":"Point","coordinates":[140.74,41.795]},"properties":{"NAME":"Hakodate","RANK":4,"POP":302984,"CAPITAL":0}},
{"type":"Feature","geometry":{"type":"Point","coordinates":[23.7,52.1]},"properties":{"NAME":"Brest","RANK":4,"POP":300715,"CAPITAL":0}},
{"type":"Feature","geometry":{"type":"Point","coordinates":[65.465,44.8]},"properties":{"NAME":"Qyzylorda","RANK":4,"POP":300000,"CAPITAL":0}},
{"type":"Feature","geometry":{"type":"Point","coordinates":[2.617,6.483]},"properties":{"NAME":"Porto-Novo","RANK":4,"POP":300000,"CAPITAL":1}},
{"type":"Feature","geometry":{"type":"Point","coordinates":[-61.517,10.652]},"properties":{"NAME":"Port-of-Spain","RANK":4,"POP":294934,"CAPITAL":1}},
{"type":"Feature","geometry":{"type":"Point","coordinates":[39.92,59.21]},"properties":{"NAME":"Vologda","RANK":4,"POP":294889,"CAPITAL":0}},
{"type":"Feature","geometry":{"type":"Point","coordinates":[8.53,7.73]},"properties":{"NAME":"Makurdi","RANK":4,"POP":292645,"CAPITAL":0}},
{"type":"Feature","geometry":{"type":"Point","coordinates":[-50.16,-25.09]},"properties":{"NAME":"Ponta Grossa","RANK":4,"POP":292177,"CAPITAL":0}},
{"type":"Feature","geometry":{"type":"Point","coordinates":[124.421,40.086]},"properties":{"NAME":"Sinuiju","RANK":4,"POP":288112,"CAPITAL":0}},
{"type":"Feature","geometry":{"type":"Point","coordinates":[-79.0,-2.9]},"properties":{"NAME":"Cuenca","RANK":4,"POP":286878,"CAPITAL":0}},
{"type":"Feature","geometry":{"type":"Point","coordinates":[29.28,0.13]},"properties":{"NAME":"Butembo","RANK":4,"POP":286403,"CAPITAL":0}},
{"type":"Feature","geometry":{"type":"Point","coordinates":[123.583,-10.179]},"properties":{"NAME":"Kupang","RANK":4,"POP":282396,"CAPITAL":0}},
{"type":"Feature","geometry":{"type":"Point","coordinates":[28.662,50.246]},"properties":{"NAME":"Zhytomyr","RANK":4,"POP":282192,"CAPITAL":0}},
{"type":"Feature","geometry":{"type":"Point","coordinates":[-16.1,14.15]},"properties":{"NAME":"Kaolack","RANK":4,"POP":277812,"CAPITAL":0}},
{"type":"Feature","geometry":{"type":"Point","coordinates":[-97.402,27.743]},"properties":{"NAME":"Corpus Christi","RANK":4,"POP":277454,"CAPITAL":0}},
{"type":"Feature","geometry":{"type":"Point","coordinates":[7.467,46.917]},"properties":{"NAME":"Bern","RANK":4,"POP":275329,"CAPITAL":1}},
{"type":"Feature","geometry":{"type":"Point","coordinates":[18.26,0.04]},"properties":{"NAME":"Mbandaka","RANK":4,"POP":274996,"CAPITAL":0}},
{"type":"Feature","geometry":{"type":"Point","coordinates":[12.335,45.439]},"properties":{"NAME":"Venice","RANK":4,"POP":270816,"CAPITAL":0}},
{"type":"Feature","geometry":{"type":"Point","coordinates":[13.023,55.599]},"properties":{"NAME":"Malm\u00f6","RANK":4,"POP":269349,"CAPITAL":0}},
{"type":"Feature","geometry":{"type":"Point","coordinates":[34.361,61.781]},"properties":{"NAME":"Petrozavodsk","RANK":4,"POP":265025,"CAPITAL":0}},
{"type":"Feature","geometry":{"type":"Point","coordinates":[57.17,50.28]},"properties":{"NAME":"Aqtobe","RANK":4,"POP":262457,"CAPITAL":0}},
{"type":"Feature","geometry":{"type":"Point","coordinates":[-40.51,-9.38]},"properties":{"NAME":"Petrolina","RANK":4,"POP":260985,"CAPITAL":0}},
{"type":"Feature","geometry":{"type":"Point","coordinates":[23.75,61.5]},"properties":{"NAME":"Tampere","RANK":4,"POP":259279,"CAPITAL":0}},
{"type":"Feature","geometry":{"type":"Point","coordinates":[-67.8,-9.967]},"properties":{"NAME":"Rio Branco","RANK":4,"POP":257642,"CAPITAL":0}},
{"type":"Feature","geometry":{"type":"Point","coordinates":[41.86,9.59]},"properties":{"NAME":"Dire Dawa","RANK":4,"POP":252279,"CAPITAL":0}},
{"type":"Feature","geometry":{"type":"Point","coordinates":[37.66,-6.82]},"properties":{"NAME":"Morogoro","RANK":4,"POP":250902,"CAPITAL":0}},
{"type":"Feature","geometry":{"type":"Point","coordinates":[-93.77,32.5]},"properties":{"NAME":"Shreveport","RANK":4,"POP":248053,"CAPITAL":0}},
{"type":"Feature","geometry":{"type":"Point","coordinates":[103.92,52.56]},"properties":{"NAME":"Angarsk","RANK":4,"POP":243158,"CAPITAL":0}},
{"type":"Feature","geometry":{"type":"Point","coordinates":[45.016,10.436]},"properties":{"NAME":"Berbera","RANK":4,"POP":242344,"CAPITAL":0}},
{"type":"Feature","geometry":{"type":"Point","coordinates":[0.105,49.505]},"properties":{"NAME":"Le Havre","RANK":4,"POP":242124,"CAPITAL":0}},
{"type":"Feature","geometry":{"type":"Point","coordinates":[-68.06,-38.95]},"properties":{"NAME":"Neuqu\u00e9n","RANK":4,"POP":242092,"CAPITAL":0}},
{"type":"Feature","geometry":{"type":"Point","coordinates":[122.08,46.08]},"properties":{"NAME":"Ulan Hot","RANK":4,"POP":241894,"CAPITAL":0}},
{"type":"Feature","geometry":{"type":"Point","coordinates":[63.58,39.11]},"properties":{"NAME":"T\u00fcrkmenabat","RANK":4,"POP":234817,"CAPITAL":0}},
{"type":"Feature","geometry":{"type":"Point","coordinates":[7.096,13.492]},"properties":{"NAME":"Niamey","RANK":4,"POP":232555,"CAPITAL":0}},
{"type":"Feature","geometry":{"type":"Point","coordinates":[119.7,49.2]},"properties":{"NAME":"Hailar","RANK":4,"POP":231171,"CAPITAL":0}},
{"type":"Feature","geometry":{"type":"Point","coordinates":[100.45,38.93]},"properties":{"NAME":"Zhangye","RANK":4,"POP":230728,"CAPITAL":0}},
{"type":"Feature","geometry":{"type":"Point","coordinates":[59.615,42.47]},"properties":{"NAME":"Nukus","RANK":4,"POP":230006,"CAPITAL":0}},
{"type":"Feature","geometry":{"type":"Point","coordinates":[-123.024,44.928]},"properties":{"NAME":"Salem","RANK":4,"POP":229010,"CAPITAL":0}},
{"type":"Feature","geometry":{"type":"Point","coordinates":[79.83,11.935]},"properties":{"NAME":"Puducherry","RANK":4,"POP":227411,"CAPITAL":0}},
{"type":"Feature","geometry":{"type":"Point","coordinates":[45.699,43.319]},"properties":{"NAME":"Grozny","RANK":4,"POP":226100,"CAPITAL":0}},
{"type":"Feature","geometry":{"type":"Point","coordinates":[-103.72,19.23]},"properties":{"NAME":"Colima","RANK":4,"POP":223287,"CAPITAL":0}},
{"type":"Feature","geometry":{"type":"Point","coordinates":[-58.183,-26.173]},"properties":{"NAME":"Formosa","RANK":4,"POP":221383,"CAPITAL":0}},
{"type":"Feature","geometry":{"type":"Point","coordinates":[127.533,50.267]},"properties":{"NAME":"Blagoveshchensk","RANK":4,"POP":221296,"CAPITAL":0}},
{"type":"Feature","geometry":{"type":"Point","coordinates":[-84.28,30.45]},"properties":{"NAME":"Tallahassee","RANK":4,"POP":221222,"CAPITAL":0}},
{"type":"Feature","geometry":{"type":"Point","coordinates":[35.75,-6.183]},"properties":{"NAME":"Dodoma","RANK":4,"POP":218269,"CAPITAL":1}},
{"type":"Feature","geometry":{"type":"Point","coordinates":[120.594,18.199]},"properties":{"NAME":"Laoag","RANK":4,"POP":207048,"CAPITAL":0}},
{"type":"Feature","geometry":{"type":"Point","coordinates":[37.383,11.6]},"properties":{"NAME":"Bahir Dar","RANK":4,"POP":206748,"CAPITAL":0}},
{"type":"Feature","geometry":{"type":"Point","coordinates":[29.2,-5.933]},"properties":{"NAME":"Kalemie","RANK":4,"POP":206257,"CAPITAL":0}},
{"type":"Feature","geometry":{"type":"Point","coordinates":[-90.5,19.83]},"properties":{"NAME":"Campeche","RANK":4,"POP":205212,"CAPITAL":0}},
{"type":"Feature","geometry":{"type":"Point","coordinates":[28.33,57.83]},"properties":{"NAME":"Pskov","RANK":4,"POP":201990,"CAPITAL":0}},
{"type":"Feature","geometry":{"type":"Point","coordinates":[144.375,42.975]},"properties":{"NAME":"Kushiro","RANK":4,"POP":198566,"CAPITAL":0}},
{"type":"Feature","geometry":{"type":"Point","coordinates":[-86.279,32.362]},"properties":{"NAME":"Montgomery","RANK":4,"POP":198325,"CAPITAL":0}},
{"type":"Feature","geometry":{"type":"Point","coordinates":[-59.617,13.102]},"properties":{"NAME":"Bridgetown","RANK":4,"POP":191152,"CAPITAL":1}},
{"type":"Feature","geometry":{"type":"Point","coordinates":[55.448,-20.879]},"properties":{"NAME":"St.-Denis","RANK":4,"POP":190047,"CAPITAL":0}},
{"type":"Feature","geometry":{"type":"Point","coordinates":[-110.32,24.14]},"properties":{"NAME":"La Paz","RANK":4,"POP":189767,"CAPITAL":0}},
{"type":"Feature","geometry":{"type":"Point","coordinates":[28.45,-14.44]},"properties":{"NAME":"Kabwe","RANK":4,"POP":188979,"CAPITAL":0}},
{"type":"Feature","geometry":{"type":"Point","coordinates":[36.89,-17.88]},"properties":{"NAME":"Quelimane","RANK":4,"POP":188964,"CAPITAL":0}},
{"type":"Feature","geometry":{"type":"Point","coordinates":[2.62,9.34]},"properties":{"NAME":"Parakou","RANK":4,"POP":188853,"CAPITAL":0}},
{"type":"Feature","geometry":{"type":"Point","coordinates":[-13.2,27.15]},"properties":{"NAME":"Laayoune","RANK":4,"POP":188084,"CAPITAL":1}},
{"type":"Feature","geometry":{"type":"Point","coordinates":[127.363,0.793]},"properties":{"NAME":"Ternate","RANK":4,"POP":187521,"CAPITAL":0}},
{"type":"Feature","geometry":{"type":"Point","coordinates":[-70.29,-18.5]},"properties":{"NAME":"Arica","RANK":4,"POP":185999,"CAPITAL":0}},
{"type":"Feature","geometry":{"type":"Point","coordinates":[47.083,-21.433]},"properties":{"NAME":"Fianarantsoa","RANK":4,"POP":184184,"CAPITAL":0}},
{"type":"Feature","geometry":{"type":"Point","coordinates":[51.92,47.113]},"properties":{"NAME":"Atyrau","RANK":4,"POP":182753,"CAPITAL":0}},
{"type":"Feature","geometry":{"type":"Point","coordinates":[-101.83,35.23]},"properties":{"NAME":"Amarillo","RANK":4,"POP":181766,"CAPITAL":0}},
{"type":"Feature","geometry":{"type":"Point","coordinates":[-119.717,34.411]},"properties":{"NAME":"Santa Barbara","RANK":4,"POP":181632,"CAPITAL":0}},
{"type":"Feature","geometry":{"type":"Point","coordinates":[12.079,32.934]},"properties":{"NAME":"Zuwara","RANK":4,"POP":180310,"CAPITAL":0}},
{"type":"Feature","geometry":{"type":"Point","coordinates":[-81.11,32.021]},"properties":{"NAME":"Savannah","RANK":4,"POP":180187,"CAPITAL":0}},
{"type":"Feature","geometry":{"type":"Point","coordinates":[92.88,20.14]},"properties":{"NAME":"Sittwe","RANK":4,"POP":179032,"CAPITAL":0}},
{"type":"Feature","geometry":{"type":"Point","coordinates":[61.833,37.6]},"properties":{"NAME":"Mary","RANK":4,"POP":178708,"CAPITAL":0}},
{"type":"Feature","geometry":{"type":"Point","coordinates":[-110.945,31.305]},"properties":{"NAME":"Nogales","RANK":4,"POP":178097,"CAPITAL":0}},
{"type":"Feature","geometry":{"type":"Point","coordinates":[142.74,46.965]},"properties":{"NAME":"Yuzhno Sakhalinsk","RANK":4,"POP":176484,"CAPITAL":0}},
{"type":"Feature","geometry":{"type":"Point","coordinates":[106.613,23.9]},"properties":{"NAME":"Bose","RANK":4,"POP":175282,"CAPITAL":0}},
{"type":"Feature","geometry":{"type":"Point","coordinates":[22.45,-33.95]},"properties":{"NAME":"George","RANK":4,"POP":174582,"CAPITAL":0}},
{"type":"Feature","geometry":{"type":"Point","coordinates":[140.7,-2.533]},"properties":{"NAME":"Jayapura","RANK":4,"POP":169341,"CAPITAL":0}},
{"type":"Feature","geometry":{"type":"Point","coordinates":[-8.83,7.76]},"properties":{"NAME":"Nz\u00e9r\u00e9kor\u00e9","RANK":4,"POP":168121,"CAPITAL":0}},
{"type":"Feature","geometry":{"type":"Point","coordinates":[91.445,53.704]},"properties":{"NAME":"Abakan","RANK":4,"POP":167289,"CAPITAL":0}},
{"type":"Feature","geometry":{"type":"Point","coordinates":[88.225,69.34]},"properties":{"NAME":"Norilsk","RANK":4,"POP":165873,"CAPITAL":0}},
{"type":"Feature","geometry":{"type":"Point","coordinates":[25.86,-17.86]},"properties":{"NAME":"Livingstone","RANK":4,"POP":165480,"CAPITAL":0}},
{"type":"Feature","geometry":{"type":"Point","coordinates":[22.44,13.45]},"properties":{"NAME":"Geneina","RANK":4,"POP":162981,"CAPITAL":0}},
{"type":"Feature","geometry":{"type":"Point","coordinates":[-96.789,46.877]},"properties":{"NAME":"Fargo","RANK":4,"POP":162842,"CAPITAL":0}},
{"type":"Feature","geometry":{"type":"Point","coordinates":[-77.945,34.226]},"properties":{"NAME":"Wilmington","RANK":4,"POP":161560,"CAPITAL":0}},
{"type":"Feature","geometry":{"type":"Point","coordinates":[31.656,9.537]},"properties":{"NAME":"Malakal","RANK":4,"POP":160765,"CAPITAL":0}},
{"type":"Feature","geometry":{"type":"Point","coordinates":[-64.75,-21.517]},"properties":{"NAME":"Tarija","RANK":4,"POP":159269,"CAPITAL":0}},
{"type":"Feature","geometry":{"type":"Point","coordinates":[-45.0,-12.14]},"properties":{"NAME":"Barreiras","RANK":4,"POP":158292,"CAPITAL":0}},
{"type":"Feature","geometry":{"type":"Point","coordinates":[99.34,9.15]},"properties":{"NAME":"Surat Thani","RANK":4,"POP":157627,"CAPITAL":0}},
{"type":"Feature","geometry":{"type":"Point","coordinates":[-122.899,47.038]},"properties":{"NAME":"Olympia","RANK":4,"POP":156984,"CAPITAL":0}},
{"type":"Feature","geometry":{"type":"Point","coordinates":[16.09,8.55]},"properties":{"NAME":"Moundou","RANK":4,"POP":156705,"CAPITAL":0}},
{"type":"Feature","geometry":{"type":"Point","coordinates":[109.733,38.283]},"properties":{"NAME":"Yulin","RANK":4,"POP":155960,"CAPITAL":0}},
{"type":"Feature","geometry":{"type":"Point","coordinates":[-96.73,43.55]},"properties":{"NAME":"Sioux Falls","RANK":4,"POP":155724,"CAPITAL":0}},
{"type":"Feature","geometry":{"type":"Point","coordinates":[126.529,48.246]},"properties":{"NAME":"Bei'an","RANK":4,"POP":154936,"CAPITAL":0}},
{"type":"Feature","geometry":{"type":"Point","coordinates":[103.2,13.1]},"properties":{"NAME":"Battambang","RANK":4,"POP":154773,"CAPITAL":0}},
{"type":"Feature","geometry":{"type":"Point","coordinates":[46.345,-15.67]},"properties":{"NAME":"Mahajanga","RANK":4,"POP":154657,"CAPITAL":0}},
{"type":"Feature","geometry":{"type":"Point","coordinates":[-71.25,-29.9]},"properties":{"NAME":"La Serena","RANK":4,"POP":154521,"CAPITAL":0}},
{"type":"Feature","geometry":{"type":"Point","coordinates":[145.763,-16.888]},"properties":{"NAME":"Cairns","RANK":4,"POP":154225,"CAPITAL":0}},
{"type":"Feature","geometry":{"type":"Point","coordinates":[28.26,-12.55]},"properties":{"NAME":"Mufulira","RANK":4,"POP":153624,"CAPITAL":0}},
{"type":"Feature","geometry":{"type":"Point","coordinates":[13.407,-12.578]},"properties":{"NAME":"Benguela","RANK":4,"POP":151226,"CAPITAL":0}},
{"type":"Feature","geometry":{"type":"Point","coordinates":[103.15,23.38]},"properties":{"NAME":"Gejiu","RANK":4,"POP":149105,"CAPITAL":0}},
{"type":"Feature","geometry":{"type":"Point","coordinates":[175.29,-37.778]},"properties":{"NAME":"Hamilton","RANK":4,"POP":148200,"CAPITAL":0}},
{"type":"Feature","geometry":{"type":"Point","coordinates":[32.28,2.78]},"properties":{"NAME":"Gulu","RANK":4,"POP":146858,"CAPITAL":0}},
{"type":"Feature","geometry":{"type":"Point","coordinates":[19.266,42.466]},"properties":{"NAME":"Podgorica","RANK":4,"POP":145850,"CAPITAL":1}},
{"type":"Feature","geometry":{"type":"Point","coordinates":[-72.347,-37.48]},"properties":{"NAME":"Los Angeles","RANK":4,"POP":145239,"CAPITAL":0}},
{"type":"Feature","geometry":{"type":"Point","coordinates":[29.222,-1.679]},"properties":{"NAME":"Goma","RANK":4,"POP":144124,"CAPITAL":0}},
{"type":"Feature","geometry":{"type":"Point","coordinates":[88.117,47.867]},"properties":{"NAME":"Altay","RANK":4,"POP":142000,"CAPITAL":0}},
{"type":"Feature","geometry":{"type":"Point","coordinates":[94.662,40.143]},"properties":{"NAME":"Dunhuang","RANK":4,"POP":140094,"CAPITAL":0}},
{"type":"Feature","geometry":{"type":"Point","coordinates":[106.769,39.233]},"properties":{"NAME":"Shizuishan","RANK":4,"POP":136570,"CAPITAL":0}},
{"type":"Feature","geometry":{"type":"Point","coordinates":[12.16,-15.19]},"properties":{"NAME":"Mo\u00e7\u00e2medes","RANK":4,"POP":132900,"CAPITAL":0}},
{"type":"Feature","geometry":{"type":"Point","coordinates":[-95.67,39.05]},"properties":{"NAME":"Topeka","RANK":4,"POP":132091,"CAPITAL":0}},
{"type":"Feature","geometry":{"type":"Point","coordinates":[-149.567,-17.533]},"properties":{"NAME":"Papeete","RANK":4,"POP":131695,"CAPITAL":0}},
{"type":"Feature","geometry":{"type":"Point","coordinates":[146.99,-6.733]},"properties":{"NAME":"Lae","RANK":4,"POP":131052,"CAPITAL":0}},
{"type":"Feature","geometry":{"type":"Point","coordinates":[33.58,-16.17]},"properties":{"NAME":"Tete","RANK":4,"POP":129316,"CAPITAL":0}},
{"type":"Feature","geometry":{"type":"Point","coordinates":[-70.33,-27.372]},"properties":{"NAME":"Copiap\u00f3","RANK":4,"POP":129280,"CAPITAL":0}},
{"type":"Feature","geometry":{"type":"Point","coordinates":[33.64,-25.04]},"properties":{"NAME":"Xai-Xai","RANK":4,"POP":128805,"CAPITAL":0}},
{"type":"Feature","geometry":{"type":"Point","coordinates":[75.32,51.73]},"properties":{"NAME":"Ekibastuz","RANK":4,"POP":127868,"CAPITAL":0}},
{"type":"Feature","geometry":{"type":"Point","coordinates":[19.44,-33.64]},"properties":{"NAME":"Worcester","RANK":4,"POP":127597,"CAPITAL":0}},
{"type":"Feature","geometry":{"type":"Point","coordinates":[16.34,-9.54]},"properties":{"NAME":"Malanje","RANK":4,"POP":125856,"CAPITAL":0}},
{"type":"Feature","geometry":{"type":"Point","coordinates":[13.49,-14.91]},"properties":{"NAME":"Lubango","RANK":4,"POP":125632,"CAPITAL":0}},
{"type":"Feature","geometry":{"type":"Point","coordinates":[63.13,52.953]},"properties":{"NAME":"Rudniy","RANK":4,"POP":124000,"CAPITAL":0}},
{"type":"Feature","geometry":{"type":"Point","coordinates":[-81.633,38.35]},"properties":{"NAME":"Charleston","RANK":4,"POP":123799,"CAPITAL":0}},
{"type":"Feature","geometry":{"type":"Point","coordinates":[-6.26,13.44]},"properties":{"NAME":"S\u00e9gou","RANK":4,"POP":122952,"CAPITAL":0}},
{"type":"Feature","geometry":{"type":"Point","coordinates":[17.38,-3.31]},"properties":{"NAME":"Bandundu","RANK":4,"POP":118211,"CAPITAL":0}},
{"type":"Feature","geometry":{"type":"Point","coordinates":[170.491,-45.885]},"properties":{"NAME":"Dunedin","RANK":4,"POP":117700,"CAPITAL":0}},
{"type":"Feature","geometry":{"type":"Point","coordinates":[-0.05,16.267]},"properties":{"NAME":"Gao","RANK":4,"POP":116967,"CAPITAL":0}},
{"type":"Feature","geometry":{"type":"Point","coordinates":[5.26,14.9]},"properties":{"NAME":"Tahoua","RANK":4,"POP":115956,"CAPITAL":0}},
{"type":"Feature","geometry":{"type":"Point","coordinates":[79.95,6.9]},"properties":{"NAME":"Sri Jayawardenepura Kotte","RANK":4,"POP":115826,"CAPITAL":1}},
{"type":"Feature","geometry":{"type":"Point","coordinates":[43.69,-23.357]},"properties":{"NAME":"Toliara","RANK":4,"POP":115319,"CAPITAL":0}},
{"type":"Feature","geometry":{"type":"Point","coordinates":[-9.31,10.39]},"properties":{"NAME":"Kankan","RANK":4,"POP":114009,"CAPITAL":0}},
{"type":"Feature","geometry":{"type":"Point","coordinates":[31.58,4.83]},"properties":{"NAME":"Juba","RANK":4,"POP":111975,"CAPITAL":1}},
{"type":"Feature","geometry":{"type":"Point","coordinates":[80.67,7.28]},"properties":{"NAME":"Kandy","RANK":4,"POP":111701,"CAPITAL":0}},
{"type":"Feature","geometry":{"type":"Point","coordinates":[-64.3,-36.62]},"properties":{"NAME":"Santa Rosa","RANK":4,"POP":111424,"CAPITAL":0}},
{"type":"Feature","geometry":{"type":"Point","coordinates":[40.532,-12.983]},"properties":{"NAME":"Pemba","RANK":4,"POP":110643,"CAPITAL":0}},
{"type":"Feature","geometry":{"type":"Point","coordinates":[34.02,-11.46]},"properties":{"NAME":"Mzuzu","RANK":4,"POP":110201,"CAPITAL":0}},
{"type":"Feature","geometry":{"type":"Point","coordinates":[-82.433,8.433]},"properties":{"NAME":"David","RANK":4,"POP":110037,"CAPITAL":0}},
{"type":"Feature","geometry":{"type":"Point","coordinates":[103.85,13.367]},"properties":{"NAME":"Siem Reap","RANK":4,"POP":109398,"CAPITAL":0}},
{"type":"Feature","geometry":{"type":"Point","coordinates":[94.383,51.707]},"properties":{"NAME":"Kyzyl","RANK":4,"POP":108240,"CAPITAL":0}},
{"type":"Feature","geometry":{"type":"Point","coordinates":[94.883,36.417]},"properties":{"NAME":"Golmud","RANK":4,"POP":107092,"CAPITAL":0}},
{"type":"Feature","geometry":{"type":"Point","coordinates":[118.767,-8.45]},"properties":{"NAME":"Raba","RANK":4,"POP":106101,"CAPITAL":0}},
{"type":"Feature","geometry":{"type":"Point","coordinates":[42.73,13.01]},"properties":{"NAME":"Assab","RANK":4,"POP":105496,"CAPITAL":0}},
{"type":"Feature","geometry":{"type":"Point","coordinates":[-108.54,45.788]},"properties":{"NAME":"Billings","RANK":4,"POP":104552,"CAPITAL":0}},
{"type":"Feature","geometry":{"type":"Point","coordinates":[-110.89,27.93]},"properties":{"NAME":"Guaymas","RANK":4,"POP":103449,"CAPITAL":0}},
{"type":"Feature","geometry":{"type":"Point","coordinates":[111.21,35.62]},"properties":{"NAME":"Houma","RANK":4,"POP":102400,"CAPITAL":0}},
{"type":"Feature","geometry":{"type":"Point","coordinates":[139.85,38.92]},"properties":{"NAME":"Sakata","RANK":4,"POP":100446,"CAPITAL":0}},
{"type":"Feature","geometry":{"type":"Point","coordinates":[102.633,57.99]},"properties":{"NAME":"Ust-Ilimsk","RANK":4,"POP":100271,"CAPITAL":0}},
{"type":"Feature","geometry":{"type":"Point","coordinates":[-57.65,-19.016]},"properties":{"NAME":"Corumb\u00e1","RANK":4,"POP":96520,"CAPITAL":0}},
{"type":"Feature","geometry":{"type":"Point","coordinates":[39.47,13.5]},"properties":{"NAME":"Mekele","RANK":4,"POP":95856,"CAPITAL":0}},
{"type":"Feature","geometry":{"type":"Point","coordinates":[-71.3,-41.15]},"properties":{"NAME":"Bariloche","RANK":4,"POP":95394,"CAPITAL":0}},
{"type":"Feature","geometry":{"type":"Point","coordinates":[-73.212,44.476]},"properties":{"NAME":"Burlington","RANK":4,"POP":93807,"CAPITAL":0}},
{"type":"Feature","geometry":{"type":"Point","coordinates":[31.133,-26.317]},"properties":{"NAME":"Mbabane","RANK":4,"POP":90138,"CAPITAL":1}},
{"type":"Feature","geometry":{"type":"Point","coordinates":[27.5,-21.17]},"properties":{"NAME":"Francistown","RANK":4,"POP":89979,"CAPITAL":0}},
{"type":"Feature","geometry":{"type":"Point","coordinates":[11.15,2.9]},"properties":{"NAME":"Ebolowa","RANK":4,"POP":87875,"CAPITAL":0}},
{"type":"Feature","geometry":{"type":"Point","coordinates":[119.633,-4.017]},"properties":{"NAME":"Parepare","RANK":4,"POP":87776,"CAPITAL":0}},
{"type":"Feature","geometry":{"type":"Point","coordinates":[-17.056,20.9]},"properties":{"NAME":"Nouadhibou","RANK":4,"POP":86738,"CAPITAL":0}},
{"type":"Feature","geometry":{"type":"Point","coordinates":[-83.033,10.0]},"properties":{"NAME":"Lim\u00f3n","RANK":4,"POP":85001,"CAPITAL":0}},
{"type":"Feature","geometry":{"type":"Point","coordinates":[-64.9,-14.833]},"properties":{"NAME":"Trinidad","RANK":4,"POP":84259,"CAPITAL":0}},
{"type":"Feature","geometry":{"type":"Point","coordinates":[-84.345,46.495]},"properties":{"NAME":"Sault Ste. Marie","RANK":4,"POP":83805,"CAPITAL":0}},
{"type":"Feature","geometry":{"type":"Point","coordinates":[49.312,-12.277]},"properties":{"NAME":"Antsiranana","RANK":4,"POP":82937,"CAPITAL":0}},
{"type":"Feature","geometry":{"type":"Point","coordinates":[144.28,-36.76]},"properties":{"NAME":"Bendigo","RANK":4,"POP":81657,"CAPITAL":0}},
{"type":"Feature","geometry":{"type":"Point","coordinates":[1.12,7.53]},"properties":{"NAME":"Atakpam\u00e9","RANK":4,"POP":80683,"CAPITAL":0}},
{"type":"Feature","geometry":{"type":"Point","coordinates":[64.01,67.5]},"properties":{"NAME":"Vorkuta","RANK":4,"POP":80039,"CAPITAL":0}},
{"type":"Feature","geometry":{"type":"Point","coordinates":[88.883,29.25]},"properties":{"NAME":"Xigaze","RANK":4,"POP":80000,"CAPITAL":0}},
{"type":"Feature","geometry":{"type":"Point","coordinates":[-11.44,14.45]},"properties":{"NAME":"Kayes","RANK":4,"POP":77207,"CAPITAL":0}},
{"type":"Feature","geometry":{"type":"Point","coordinates":[17.317,62.4]},"properties":{"NAME":"Sundsvall","RANK":4,"POP":73389,"CAPITAL":0}},
{"type":"Feature","geometry":{"type":"Point","coordinates":[115.747,-32.523]},"properties":{"NAME":"Mandurah","RANK":4,"POP":73356,"CAPITAL":0}},
{"type":"Feature","geometry":{"type":"Point","coordinates":[-113.993,46.872]},"properties":{"NAME":"Missoula","RANK":4,"POP":72856,"CAPITAL":0}},
{"type":"Feature","geometry":{"type":"Point","coordinates":[21.23,-28.46]},"properties":{"NAME":"Upington","RANK":4,"POP":71373,"CAPITAL":0}},
{"type":"Feature","geometry":{"type":"Point","coordinates":[52.97,40.023]},"properties":{"NAME":"T\u00fcrkmenba\u015fy","RANK":4,"POP":68292,"CAPITAL":0}},
{"type":"Feature","geometry":{"type":"Point","coordinates":[101.695,2.933]},"properties":{"NAME":"Putrajaya","RANK":4,"POP":67964,"CAPITAL":1}},
{"type":"Feature","geometry":{"type":"Point","coordinates":[-111.3,47.5]},"properties":{"NAME":"Great Falls","RANK":4,"POP":66558,"CAPITAL":0}},
{"type":"Feature","geometry":{"type":"Point","coordinates":[150.52,-23.364]},"properties":{"NAME":"Rockhampton","RANK":4,"POP":65850,"CAPITAL":0}},
{"type":"Feature","geometry":{"type":"Point","coordinates":[-111.651,35.198]},"properties":{"NAME":"Flagstaff","RANK":4,"POP":63993,"CAPITAL":0}},
{"type":"Feature","geometry":{"type":"Point","coordinates":[7.975,58.146]},"properties":{"NAME":"Kristiansand","RANK":4,"POP":63814,"CAPITAL":0}},
{"type":"Feature","geometry":{"type":"Point","coordinates":[26.66,-4.45]},"properties":{"NAME":"Kasongo","RANK":4,"POP":63000,"CAPITAL":0}},
{"type":"Feature","geometry":{"type":"Point","coordinates":[13.28,-4.18]},"properties":{"NAME":"Kayes","RANK":4,"POP":62521,"CAPITAL":0}},
{"type":"Feature","geometry":{"type":"Point","coordinates":[107.65,-2.75]},"properties":{"NAME":"Tanjung Pandan","RANK":4,"POP":62374,"CAPITAL":0}},
{"type":"Feature","geometry":{"type":"Point","coordinates":[20.667,5.762]},"properties":{"NAME":"Bambari","RANK":4,"POP":62098,"CAPITAL":0}},
{"type":"Feature","geometry":{"type":"Point","coordinates":[-25.667,37.748]},"properties":{"NAME":"Ponta Delgada","RANK":4,"POP":61526,"CAPITAL":0}},
{"type":"Feature","geometry":{"type":"Point","coordinates":[-106.323,42.847]},"properties":{"NAME":"Casper","RANK":4,"POP":60791,"CAPITAL":0}},
{"type":"Feature","geometry":{"type":"Point","coordinates":[144.217,-5.863]},"properties":{"NAME":"Mt.  Hagen","RANK":4,"POP":59064,"CAPITAL":0}},
{"type":"Feature","geometry":{"type":"Point","coordinates":[176.926,-39.49]},"properties":{"NAME":"Napier","RANK":4,"POP":57800,"CAPITAL":0}},
{"type":"Feature","geometry":{"type":"Point","coordinates":[21.6,63.1]},"properties":{"NAME":"Vaasa","RANK":4,"POP":57014,"CAPITAL":0}},
{"type":"Feature","geometry":{"type":"Point","coordinates":[-67.624,5.664]},"properties":{"NAME":"Puerto Ayacucho","RANK":4,"POP":52526,"CAPITAL":0}},
{"type":"Feature","geometry":{"type":"Point","coordinates":[-155.082,19.706]},"properties":{"NAME":"Hilo","RANK":4,"POP":52391,"CAPITAL":0}},
{"type":"Feature","geometry":{"type":"Point","coordinates":[14.505,-22.958]},"properties":{"NAME":"Walvis Bay","RANK":4,"POP":52058,"CAPITAL":0}},
{"type":"Feature","geometry":{"type":"Point","coordinates":[26.82,-23.1]},"properties":{"NAME":"Mahalapye","RANK":4,"POP":50744,"CAPITAL":0}},
{"type":"Feature","geometry":{"type":"Point","coordinates":[-79.45,46.3]},"properties":{"NAME":"North Bay","RANK":4,"POP":50170,"CAPITAL":0}},
{"type":"Feature","geometry":{"type":"Point","coordinates":[-61.22,13.156]},"properties":{"NAME":"Kingstown","RANK":4,"POP":49485,"CAPITAL":1}},
{"type":"Feature","geometry":{"type":"Point","coordinates":[22.158,65.597]},"properties":{"NAME":"Lule\u00e5","RANK":4,"POP":48638,"CAPITAL":0}},
{"type":"Feature","geometry":{"type":"Point","coordinates":[26.71,-22.39]},"properties":{"NAME":"Serowe","RANK":4,"POP":48573,"CAPITAL":0}},
{"type":"Feature","geometry":{"type":"Point","coordinates":[37.64,0.06]},"properties":{"NAME":"Meru","RANK":4,"POP":47226,"CAPITAL":0}},
{"type":"Feature","geometry":{"type":"Point","coordinates":[-72.07,-45.57]},"properties":{"NAME":"Coihaique","RANK":4,"POP":45787,"CAPITAL":0}},
{"type":"Feature","geometry":{"type":"Point","coordinates":[-16.592,13.454]},"properties":{"NAME":"Banjul","RANK":4,"POP":43094,"CAPITAL":1}},
{"type":"Feature","geometry":{"type":"Point","coordinates":[13.583,-1.633]},"properties":{"NAME":"Franceville","RANK":4,"POP":42967,"CAPITAL":0}},
{"type":"Feature","geometry":{"type":"Point","coordinates":[-124.15,40.793]},"properties":{"NAME":"Eureka","RANK":4,"POP":42398,"CAPITAL":0}},
{"type":"Feature","geometry":{"type":"Point","coordinates":[-55.91,-9.9]},"properties":{"NAME":"Alta Floresta","RANK":4,"POP":40466,"CAPITAL":0}},
{"type":"Feature","geometry":{"type":"Point","coordinates":[113.961,62.54]},"properties":{"NAME":"Mirny","RANK":4,"POP":40308,"CAPITAL":0}},
{"type":"Feature","geometry":{"type":"Point","coordinates":[145.385,-6.083]},"properties":{"NAME":"Goroka","RANK":4,"POP":39699,"CAPITAL":0}},
{"type":"Feature","geometry":{"type":"Point","coordinates":[-101.296,48.232]},"properties":{"NAME":"Minot","RANK":4,"POP":39439,"CAPITAL":0}},
{"type":"Feature","geometry":{"type":"Point","coordinates":[149.1,-33.28]},"properties":{"NAME":"Orange","RANK":4,"POP":39329,"CAPITAL":0}},
{"type":"Feature","geometry":{"type":"Point","coordinates":[-60.993,14.008]},"properties":{"NAME":"Castries","RANK":4,"POP":37963,"CAPITAL":1}},
{"type":"Feature","geometry":{"type":"Point","coordinates":[-60.18,46.066]},"properties":{"NAME":"Sydney","RANK":4,"POP":37538,"CAPITAL":0}},
{"type":"Feature","geometry":{"type":"Point","coordinates":[121.46,-30.735]},"properties":{"NAME":"Kalgoorlie","RANK":4,"POP":36852,"CAPITAL":0}},
{"type":"Feature","geometry":{"type":"Point","coordinates":[-61.85,17.118]},"properties":{"NAME":"Saint John's","RANK":4,"POP":35499,"CAPITAL":1}},
{"type":"Feature","geometry":{"type":"Point","coordinates":[-81.333,48.467]},"properties":{"NAME":"Timmins","RANK":4,"POP":34974,"CAPITAL":0}},
{"type":"Feature","geometry":{"type":"Point","coordinates":[25.716,66.5]},"properties":{"NAME":"Rovaniemi","RANK":4,"POP":34781,"CAPITAL":0}},
{"type":"Feature","geometry":{"type":"Point","coordinates":[-56.51,-33.41]},"properties":{"NAME":"Durazno","RANK":4,"POP":34037,"CAPITAL":0}},
{"type":"Feature","geometry":{"type":"Point","coordinates":[-61.742,12.053]},"properties":{"NAME":"Saint George's","RANK":4,"POP":33734,"CAPITAL":1}},
{"type":"Feature","geometry":{"type":"Point","coordinates":[114.506,48.067]},"properties":{"NAME":"Choibalsan","RANK":4,"POP":33376,"CAPITAL":0}},
{"type":"Feature","geometry":{"type":"Point","coordinates":[139.49,-20.724]},"properties":{"NAME":"Mount Isa","RANK":4,"POP":33200,"CAPITAL":0}},
{"type":"Feature","geometry":{"type":"Point","coordinates":[148.597,-32.26]},"properties":{"NAME":"Dubbo","RANK":4,"POP":31574,"CAPITAL":0}},
{"type":"Feature","geometry":{"type":"Point","coordinates":[77.572,34.162]},"properties":{"NAME":"Leh","RANK":4,"POP":30870,"CAPITAL":0}},
{"type":"Feature","geometry":{"type":"Point","coordinates":[91.633,48.017]},"properties":{"NAME":"Dund-Us","RANK":4,"POP":30500,"CAPITAL":0}},
{"type":"Feature","geometry":{"type":"Point","coordinates":[173.955,-41.514]},"properties":{"NAME":"Blenheim","RANK":4,"POP":30300,"CAPITAL":0}},
{"type":"Feature","geometry":{"type":"Point","coordinates":[-54.233,3.85]},"properties":{"NAME":"Cottica","RANK":4,"POP":29210,"CAPITAL":0}},
{"type":"Feature","geometry":{"type":"Point","coordinates":[-99.95,49.833]},"properties":{"NAME":"Brandon","RANK":4,"POP":28418,"CAPITAL":0}},
{"type":"Feature","geometry":{"type":"Point","coordinates":[114.6,-28.767]},"properties":{"NAME":"Geraldton","RANK":4,"POP":27258,"CAPITAL":0}},
{"type":"Feature","geometry":{"type":"Point","coordinates":[-55.451,-10.817]},"properties":{"NAME":"Col\u00edder","RANK":4,"POP":27139,"CAPITAL":0}},
{"type":"Feature","geometry":{"type":"Point","coordinates":[142.948,53.574]},"properties":{"NAME":"Okha","RANK":4,"POP":26560,"CAPITAL":0}},
{"type":"Feature","geometry":{"type":"Point","coordinates":[117.892,-35.017]},"properties":{"NAME":"Albany","RANK":4,"POP":26445,"CAPITAL":0}},
{"type":"Feature","geometry":{"type":"Point","coordinates":[-65.1,-43.3]},"properties":{"NAME":"Rawson","RANK":4,"POP":26335,"CAPITAL":0}},
{"type":"Feature","geometry":{"type":"Point","coordinates":[114.947,60.725]},"properties":{"NAME":"Lensk","RANK":4,"POP":25589,"CAPITAL":0}},
{"type":"Feature","geometry":{"type":"Point","coordinates":[-78.7,26.533]},"properties":{"NAME":"Freeport","RANK":4,"POP":25383,"CAPITAL":0}},
{"type":"Feature","geometry":{"type":"Point","coordinates":[125.389,58.603]},"properties":{"NAME":"Aldan","RANK":4,"POP":24426,"CAPITAL":0}},
{"type":"Feature","geometry":{"type":"Point","coordinates":[23.29,24.2]},"properties":{"NAME":"Al Jawf","RANK":4,"POP":24132,"CAPITAL":0}},
{"type":"Feature","geometry":{"type":"Point","coordinates":[-69.78,44.311]},"properties":{"NAME":"Augusta","RANK":4,"POP":24042,"CAPITAL":0}},
{"type":"Feature","geometry":{"type":"Point","coordinates":[-61.387,15.301]},"properties":{"NAME":"Roseau","RANK":4,"POP":23336,"CAPITAL":1}},
{"type":"Feature","geometry":{"type":"Point","coordinates":[151.667,-30.512]},"properties":{"NAME":"Armidale","RANK":4,"POP":22673,"CAPITAL":0}},
{"type":"Feature","geometry":{"type":"Point","coordinates":[137.561,-33.025]},"properties":{"NAME":"Whyalla","RANK":4,"POP":22559,"CAPITAL":0}},
{"type":"Feature","geometry":{"type":"Point","coordinates":[-62.717,17.302]},"properties":{"NAME":"Basseterre","RANK":4,"POP":21887,"CAPITAL":1}},
{"type":"Feature","geometry":{"type":"Point","coordinates":[-111.383,56.733]},"properties":{"NAME":"Fort McMurray","RANK":4,"POP":21863,"CAPITAL":0}},
{"type":"Feature","geometry":{"type":"Point","coordinates":[-13.5,16.15]},"properties":{"NAME":"Ka\u00e9di","RANK":4,"POP":21656,"CAPITAL":0}},
{"type":"Feature","geometry":{"type":"Point","coordinates":[146.331,-41.193]},"properties":{"NAME":"Devonport","RANK":4,"POP":19317,"CAPITAL":0}},
{"type":"Feature","geometry":{"type":"Point","coordinates":[-115.762,40.833]},"properties":{"NAME":"Elko","RANK":4,"POP":19252,"CAPITAL":0}},
{"type":"Feature","geometry":{"type":"Point","coordinates":[-120.833,56.25]},"properties":{"NAME":"Fort St. John","RANK":4,"POP":18776,"CAPITAL":0}},
{"type":"Feature","geometry":{"type":"Point","coordinates":[25.01,-31.5]},"properties":{"NAME":"Middelburg","RANK":4,"POP":18164,"CAPITAL":0}},
{"type":"Feature","geometry":{"type":"Point","coordinates":[141.433,-31.95]},"properties":{"NAME":"Broken Hill","RANK":4,"POP":17395,"CAPITAL":0}},
{"type":"Feature","geometry":{"type":"Point","coordinates":[116.87,-20.73]},"properties":{"NAME":"Karratha","RANK":4,"POP":16796,"CAPITAL":0}},
{"type":"Feature","geometry":{"type":"Point","coordinates":[91.767,26.144]},"properties":{"NAME":"Dispur","RANK":4,"POP":16140,"CAPITAL":0}},
{"type":"Feature","geometry":{"type":"Point","coordinates":[146.04,-34.29]},"properties":{"NAME":"Griffith","RANK":4,"POP":15455,"CAPITAL":0}},
{"type":"Feature","geometry":{"type":"Point","coordinates":[-93.411,48.601]},"properties":{"NAME":"International Falls","RANK":4,"POP":15240,"CAPITAL":0}},
{"type":"Feature","geometry":{"type":"Point","coordinates":[15.159,-26.648]},"properties":{"NAME":"L\u00fcderitz","RANK":4,"POP":15137,"CAPITAL":0}},
{"type":"Feature","geometry":{"type":"Point","coordinates":[104.44,43.584]},"properties":{"NAME":"Dalandzadgad","RANK":4,"POP":15093,"CAPITAL":0}},
{"type":"Feature","geometry":{"type":"Point","coordinates":[118.606,-20.31]},"properties":{"NAME":"Port Hedland","RANK":4,"POP":14288,"CAPITAL":0}},
{"type":"Feature","geometry":{"type":"Point","coordinates":[146.3,-36.36]},"properties":{"NAME":"Wangaratta","RANK":4,"POP":14022,"CAPITAL":0}},
{"type":"Feature","geometry":{"type":"Point","coordinates":[-97.867,55.75]},"properties":{"NAME":"Thompson","RANK":4,"POP":13727,"CAPITAL":0}},
{"type":"Feature","geometry":{"type":"Point","coordinates":[135.867,-34.733]},"properties":{"NAME":"Port Lincoln","RANK":4,"POP":13630,"CAPITAL":0}},
{"type":"Feature","geometry":{"type":"Point","coordinates":[122.231,-17.962]},"properties":{"NAME":"Broome","RANK":4,"POP":13218,"CAPITAL":0}},
{"type":"Feature","geometry":{"type":"Point","coordinates":[-170.707,-14.277]},"properties":{"NAME":"Pago Pago","RANK":4,"POP":12576,"CAPITAL":0}},
{"type":"Feature","geometry":{"type":"Point","coordinates":[141.59,-38.34]},"properties":{"NAME":"Portland","RANK":4,"POP":11808,"CAPITAL":0}},
{"type":"Feature","geometry":{"type":"Point","coordinates":[-90.35,-0.533]},"properties":{"NAME":"Santa Cruz","RANK":4,"POP":11262,"CAPITAL":0}},
{"type":"Feature","geometry":{"type":"Point","coordinates":[17.883,-29.667]},"properties":{"NAME":"Springbok","RANK":4,"POP":10438,"CAPITAL":0}},
{"type":"Feature","geometry":{"type":"Point","coordinates":[-66.916,52.941]},"properties":{"NAME":"Labrador City","RANK":4,"POP":10313,"CAPITAL":0}},
{"type":"Feature","geometry":{"type":"Point","coordinates":[-49.082,-12.47]},"properties":{"NAME":"Alvorada","RANK":4,"POP":10232,"CAPITAL":0}},
{"type":"Feature","geometry":{"type":"Point","coordinates":[115.349,-33.656]},"properties":{"NAME":"Busselton","RANK":4,"POP":10214,"CAPITAL":0}},
{"type":"Feature","geometry":{"type":"Point","coordinates":[132.267,-14.467]},"properties":{"NAME":"Katherine","RANK":4,"POP":10141,"CAPITAL":0}},
{"type":"Feature","geometry":{"type":"Point","coordinates":[23.688,70.661]},"properties":{"NAME":"Hammerfest","RANK":4,"POP":10000,"CAPITAL":0}},
{"type":"Feature","geometry":{"type":"Point","coordinates":[143.2,64.567]},"properties":{"NAME":"Ust-Nera","RANK":4,"POP":9148,"CAPITAL":0}},
{"type":"Feature","geometry":{"type":"Point","coordinates":[-135.328,57.06]},"properties":{"NAME":"Sitka","RANK":4,"POP":8931,"CAPITAL":0}},
{"type":"Feature","geometry":{"type":"Point","coordinates":[135.517,44.537]},"properties":{"NAME":"Dalnegorsk","RANK":4,"POP":8123,"CAPITAL":0}},
{"type":"Feature","geometry":{"type":"Point","coordinates":[152.143,-4.205]},"properties":{"NAME":"Rabaul","RANK":4,"POP":8074,"CAPITAL":0}},
{"type":"Feature","geometry":{"type":"Point","coordinates":[-72.3,-50.333]},"properties":{"NAME":"El Calafate","RANK":4,"POP":8000,"CAPITAL":0}},
{"type":"Feature","geometry":{"type":"Point","coordinates":[-68.5,63.75]},"properties":{"NAME":"Iqaluit","RANK":4,"POP":6124,"CAPITAL":0}},
{"type":"Feature","geometry":{"type":"Point","coordinates":[143.217,59.383]},"properties":{"NAME":"Okhotsk","RANK":4,"POP":5570,"CAPITAL":0}},
{"type":"Feature","geometry":{"type":"Point","coordinates":[-117.283,56.233]},"properties":{"NAME":"Peace River","RANK":4,"POP":5340,"CAPITAL":0}},
{"type":"Feature","geometry":{"type":"Point","coordinates":[-53.667,66.95]},"properties":{"NAME":"Sisimiut","RANK":4,"POP":5227,"CAPITAL":0}},
{"type":"Feature","geometry":{"type":"Point","coordinates":[134.635,67.656]},"properties":{"NAME":"Batagay","RANK":4,"POP":4266,"CAPITAL":0}},
{"type":"Feature","geometry":{"type":"Point","coordinates":[116.917,52.983]},"properties":{"NAME":"Bukachacha","RANK":4,"POP":3372,"CAPITAL":0}},
{"type":"Feature","geometry":{"type":"Point","coordinates":[177.7,64.733]},"properties":{"NAME":"Ugolnye Kopi","RANK":4,"POP":3367,"CAPITAL":0}},
{"type":"Feature","geometry":{"type":"Point","coordinates":[123.371,66.77]},"properties":{"NAME":"Zhigansk","RANK":4,"POP":3237,"CAPITAL":0}},
{"type":"Feature","geometry":{"type":"Point","coordinates":[102.465,72.041]},"properties":{"NAME":"Khatanga","RANK":4,"POP":3205,"CAPITAL":0}},
{"type":"Feature","geometry":{"type":"Point","coordinates":[147.895,70.618]},"properties":{"NAME":"Chokurdakh","RANK":4,"POP":2506,"CAPITAL":0}},
{"type":"Feature","geometry":{"type":"Point","coordinates":[-94.059,61.109]},"properties":{"NAME":"Arviat","RANK":4,"POP":1868,"CAPITAL":0}},
{"type":"Feature","geometry":{"type":"Point","coordinates":[-81.794,69.257]},"properties":{"NAME":"Igloolik","RANK":4,"POP":1612,"CAPITAL":0}},
{"type":"Feature","geometry":{"type":"Point","coordinates":[-105.033,69.117]},"properties":{"NAME":"Cambridge Bay","RANK":4,"POP":1477,"CAPITAL":0}},
{"type":"Feature","geometry":{"type":"Point","coordinates":[-9.617,16.667]},"properties":{"NAME":"Ayoun el Atrous","RANK":4,"POP":1423,"CAPITAL":0}},
{"type":"Feature","geometry":{"type":"Point","coordinates":[-139.417,64.067]},"properties":{"NAME":"Dawson City","RANK":4,"POP":1319,"CAPITAL":0}},
{"type":"Feature","geometry":{"type":"Point","coordinates":[-115.125,67.799]},"properties":{"NAME":"Kugluktuk","RANK":4,"POP":1302,"CAPITAL":0}},
{"type":"Feature","geometry":{"type":"Point","coordinates":[-68.4,58.1]},"properties":{"NAME":"Kuujjuaq","RANK":4,"POP":1273,"CAPITAL":0}},
{"type":"Feature","geometry":{"type":"Point","coordinates":[-77.766,55.281]},"properties":{"NAME":"Kuujjuarapik","RANK":4,"POP":1243,"CAPITAL":0}},
{"type":"Feature","geometry":{"type":"Point","coordinates":[-56.142,72.709]},"properties":{"NAME":"Upernavik","RANK":4,"POP":1129,"CAPITAL":0}},
{"type":"Feature","geometry":{"type":"Point","coordinates":[-93.533,69.533]},"properties":{"NAME":"Taloyoak","RANK":4,"POP":774,"CAPITAL":0}},
{"type":"Feature","geometry":{"type":"Point","coordinates":[-69.23,77.467]},"properties":{"NAME":"Qaanaaq","RANK":4,"POP":616,"CAPITAL":0}},
{"type":"Feature","geometry":{"type":"Point","coordinates":[-111.883,60.0]},"properties":{"NAME":"Fort Smith","RANK":4,"POP":518,"CAPITAL":0}},
{"type":"Feature","geometry":{"type":"Point","coordinates":[15.8,26.367]},"properties":{"NAME":"Tmassa","RANK":4,"POP":500,"CAPITAL":0}},
{"type":"Feature","geometry":{"type":"Point","coordinates":[-90.7,63.338]},"properties":{"NAME":"Chesterfield Inlet","RANK":4,"POP":374,"CAPITAL":0}},
{"type":"Feature","geometry":{"type":"Point","coordinates":[142.65,-25.433]},"properties":{"NAME":"Windorah","RANK":4,"POP":158,"CAPITAL":0}},
{"type":"Feature","geometry":{"type":"Point","coordinates":[-45.417,61.167]},"properties":{"NAME":"Narsarsuaq","RANK":4,"POP":145,"CAPITAL":0}},
{"type":"Feature","geometry":{"type":"Point","coordinates":[98.267,36.167]},"properties":{"NAME":"Dulan","RANK":4,"POP":100,"CAPITAL":0}},
{"type":"Feature","geometry":{"type":"Point","coordinates":[162.334,69.651]},"properties":{"NAME":"Ambarchik","RANK":4,"POP":0,"CAPITAL":0}}
]}
