{"type":"FeatureCollection", "features": [
{"type":"Feature","geometry":{"type":"Polygon","coordinates":[[[17.98,59.33],[17.77,59.41],[17.81,59.55],[17.37,59.5],[17.06,59.57],[16.57,59.61],[16.47,59.52],[16.74,59.43],[16.91,59.45],[17.37,59.29],[17.88,59.27],[17.98,59.33]]]},"properties":{"name":"Mälaren"}},
{"type":"Feature","geometry":{"type":"Polygon","coordinates":[[[29.84,61.23],[30.41,60.93],[30.53,60.81],[30.53,60.63],[30.72,60.56],[30.96,60.26],[31.11,60.15],[31.11,59.93],[31.51,59.92],[31.55,60.07],[31.7,60.24],[32.06,60.23],[32.36,60.15],[32.61,60.25],[32.68,60.39],[32.84,60.5],[32.94,60.64],[32.77,60.89],[32.59,61],[32.53,61.12],[31.9,61.32],[31.36,61.63],[31.1,61.62],[30.85,61.78],[30.47,61.49],[30.29,61.52],[30.17,61.31],[29.84,61.23]]]},"properties":{"name":"Lake Ladoga"}},
{"type":"Feature","geometry":{"type":"Polygon","coordinates":[[[31.47,2.39],[31.34,2.29],[31.18,2.07],[30.87,1.86],[30.48,1.47],[30.39,1.3],[30.49,1.23],[30.5,1.05],[30.59,1.04],[30.78,1.31],[30.97,1.53],[31.17,1.61],[31.27,1.69],[31.4,1.9],[31.38,2.26],[31.47,2.39]]]},"properties":{"name":"Lake Albert"}},
{"type":"Feature","geometry":{"type":"Polygon","coordinates":[[[-83.1,42.29],[-83.26,41.95],[-83.46,41.74],[-82.91,41.54],[-82.83,41.58],[-82.52,41.41],[-82.12,41.49],[-81.72,41.51],[-81.23,41.77],[-80.87,41.89],[-80.33,42.04],[-79.7,42.3],[-79.21,42.56],[-78.88,42.8],[-78.94,42.91],[-79.06,42.86],[-79.39,42.88],[-79.75,42.86],[-80.22,42.77],[-80.45,42.61],[-80.62,42.6],[-80.83,42.64],[-81.25,42.65],[-81.49,42.59],[-81.73,42.45],[-81.89,42.27],[-82.04,42.26],[-82.31,42.16],[-82.46,42.06],[-82.6,42.03],[-82.94,42.01],[-83.11,42.07],[-83.08,42.28],[-83.1,42.29]]]},"properties":{"name":"Lake Erie"}},
{"type":"Feature","geometry":{"type":"Polygon","coordinates":[[[14.74,13.08],[14.67,13.2],[14.5,13.24],[14.34,13.16],[14.28,12.9],[14.35,12.88],[14.52,12.98],[14.66,12.98],[14.74,13.08]]]},"properties":{"name":"Lake Chad"}},
{"type":"Feature","geometry":{"type":"Polygon","coordinates":[[[35.26,-14.28],[35.1,-13.82],[35.03,-13.73],[34.89,-13.72],[34.86,-13.46],[34.8,-13.26],[34.81,-13.14],[34.77,-12.96],[34.81,-12.77],[34.79,-12.64],[34.69,-12.42],[34.73,-12.16],[34.86,-12.05],[34.93,-11.87],[34.96,-11.58],[34.94,-11.46],[34.85,-11.35],[34.77,-11.34],[34.6,-11.04],[34.65,-10.87],[34.66,-10.71],[34.58,-10.53],[34.57,-10.24],[34.52,-10.03],[34.32,-9.73],[34.09,-9.54],[34,-9.5],[33.91,-9.8],[34.06,-10.16],[34.16,-10.26],[34.26,-10.45],[34.19,-10.57],[34.23,-11.07],[34.23,-11.23],[34.29,-11.43],[34.32,-11.65],[34.16,-11.93],[34.06,-12.05],[34.03,-12.21],[34.07,-12.35],[34.2,-12.48],[34.2,-12.64],[34.26,-12.73],[34.33,-12.94],[34.34,-13.16],[34.32,-13.38],[34.41,-13.53],[34.55,-13.6],[34.62,-13.75],[34.54,-13.98],[34.6,-14.16],[34.73,-14.27],[34.82,-14.22],[34.86,-14.01],[34.96,-14.15],[35.05,-14.18],[35.24,-14.4],[35.26,-14.28]]]},"properties":{"name":"Lake Malawi"}},
{"type":"Feature","geometry":{"type":"Polygon","coordinates":[[[34.72,-0.09],[34.42,-0.2],[34.28,-0.35],[34.03,-0.06],[33.98,0.02],[33.97,0.21],[33.74,0.21],[33.71,0.31],[33.58,0.22],[33.48,0.22],[33.46,0.33],[33.33,0.37],[33.27,0.46],[33.14,0.25],[32.92,0.1],[32.88,0.17],[32.69,0.11],[32.65,0.25],[32.53,0.07],[32.38,0.07],[32.35,0.01],[32.21,0.01],[31.95,-0.13],[31.99,-0.32],[31.87,-0.48],[31.72,-0.79],[31.78,-1.01],[31.87,-1.09],[31.83,-1.36],[31.76,-1.49],[31.66,-1.93],[31.68,-2.28],[31.79,-2.47],[31.74,-2.57],[31.92,-2.67],[32.1,-2.39],[32.24,-2.28],[32.36,-2.39],[32.52,-2.45],[32.64,-2.44],[32.81,-2.52],[32.81,-2.65],[32.88,-2.66],[32.89,-2.48],[32.94,-2.42],[33.07,-2.41],[33.21,-2.49],[33.42,-2.53],[33.51,-2.43],[33.81,-2.19],[33.75,-2.11],[33.58,-2.17],[33.28,-2.12],[33.3,-2.02],[33.52,-2],[33.45,-1.92],[33.49,-1.82],[33.59,-1.76],[33.68,-1.64],[33.65,-1.57],[33.82,-1.42],[33.93,-1.19],[34.12,-0.97],[34.16,-0.88],[34.07,-0.72],[34.08,-0.58],[34.22,-0.44],[34.48,-0.46],[34.46,-0.37],[34.7,-0.32],[34.81,-0.28],[34.72,-0.09]],[[32.05,-2.33],[31.92,-2.37],[31.78,-2.32],[32.04,-2.24],[32.05,-2.33]],[[33.17,-2.16],[32.85,-2.06],[32.83,-1.94],[33.1,-1.97],[33.17,-2.16]]]},"properties":{"name":"Lake Victoria"}},
{"type":"Feature","geometry":{"type":"Polygon","coordinates":[[[109.86,55.54],[109.96,55.67],[109.85,55.75],[109.58,55.77],[109.19,55.54],[109.17,55.19],[108.79,54.67],[108.59,54.49],[108.47,54.28],[108.22,53.98],[108.06,53.85],[107.63,53.61],[107.53,53.44],[107.07,53.24],[106.78,53.04],[106.88,52.97],[106.45,52.66],[106.06,52.51],[105.86,52.39],[105.57,52.11],[105.17,51.91],[104.81,51.87],[104.54,51.78],[104.13,51.77],[103.79,51.73],[103.82,51.63],[104.16,51.54],[104.39,51.5],[104.83,51.49],[105.06,51.56],[105.44,51.61],[105.8,51.7],[105.97,51.77],[106.19,51.96],[106.31,52.32],[106.5,52.38],[106.75,52.32],[106.94,52.47],[107.39,52.65],[107.76,52.71],[107.95,52.78],[108.23,52.95],[108.3,53.11],[108.66,53.3],[108.93,53.34],[108.99,53.45],[108.92,53.57],[108.62,53.58],[108.84,53.81],[109.06,53.83],[109.01,53.67],[109.2,53.66],[109.24,53.87],[109.5,54.06],[109.55,54.17],[109.49,54.38],[109.54,54.63],[109.61,54.68],[109.76,55.04],[109.74,55.14],[109.86,55.54]],[[107.77,53.27],[107.44,53.1],[106.96,53.02],[107,53.11],[107.58,53.28],[107.77,53.27]]]},"properties":{"name":"Lake Baikal"}},
{"type":"Feature","geometry":{"type":"Polygon","coordinates":[[[-96.37,50.73],[-96.39,51.09],[-96.29,51.25],[-96.5,51.41],[-96.6,51.6],[-96.84,51.87],[-96.86,51.99],[-96.96,52.08],[-97,52.27],[-97.2,52.67],[-97.33,52.78],[-97.42,52.96],[-97.35,53.03],[-97.58,53.29],[-97.71,53.51],[-97.83,53.64],[-97.94,53.89],[-98.21,54.03],[-98.08,54.2],[-97.84,54.32],[-98.02,54.41],[-98.17,54.22],[-98.3,53.97],[-98.3,53.83],[-98.61,53.84],[-98.81,53.9],[-98.93,53.87],[-99.09,53.48],[-99.2,53.35],[-99.24,53.21],[-98.99,53.05],[-98.7,53.08],[-98.5,53.02],[-98.9,52.92],[-98.81,52.72],[-98.47,52.49],[-98.43,52.38],[-98.19,52.28],[-98.04,51.98],[-97.82,51.89],[-97.74,52.14],[-97.49,52.11],[-97.36,52.04],[-97.25,51.87],[-97.28,51.49],[-97.14,51.5],[-97.06,51.67],[-96.83,51.71],[-96.74,51.55],[-96.98,51.25],[-96.91,51.21],[-96.73,51.37],[-96.63,51.32],[-96.93,51.08],[-96.98,50.68],[-96.93,50.46],[-96.68,50.4],[-96.54,50.73],[-96.37,50.73]]]},"properties":{"name":"Lake Winnipeg"}},
{"type":"Feature","geometry":{"type":"Polygon","coordinates":[[[-109.02,62.81],[-109.05,62.83],[-110.06,62.95],[-110.52,62.94],[-111.08,62.84],[-111.39,62.72],[-111.78,62.37],[-112.3,62.13],[-112.53,62.07],[-113.04,62.02],[-113.57,62.02],[-114.23,62.39],[-114.71,62.38],[-114.9,62.47],[-115.17,62.52],[-115.29,62.61],[-115.67,62.66],[-115.87,62.63],[-115.7,62.49],[-115.27,62.47],[-115.31,62.25],[-115.17,62.24],[-115.05,62.12],[-114.85,62.03],[-114.64,61.87],[-114.85,61.77],[-115.16,61.74],[-115.34,61.78],[-115.56,61.74],[-115.75,61.51],[-115.72,61.44],[-116.04,61.38],[-115.87,61.28],[-116.2,61.27],[-116.76,61.33],[-116.73,61.24],[-117.28,61.1],[-117.09,61.05],[-116.53,61.03],[-116.42,60.95],[-116.06,60.87],[-115.47,60.84],[-114.91,60.91],[-114.73,60.91],[-114.17,61.01],[-113.97,60.98],[-113.73,61.03],[-113.63,61.11],[-113.68,61.3],[-113.36,61.44],[-113.15,61.47],[-112.97,61.39],[-112.68,61.46],[-112.21,61.62],[-112.09,61.74],[-111.62,61.95],[-111.5,62.05],[-111.59,62.13],[-111.29,62.28],[-110.95,62.4],[-110.7,62.4],[-110.68,62.52],[-110.33,62.57],[-109.96,62.58],[-109.86,62.67],[-110.41,62.69],[-111.27,62.66],[-110.76,62.76],[-110.66,62.83],[-109.94,62.81],[-109.3,62.72],[-109.25,62.6],[-109.01,62.69],[-109.02,62.81]],[[-111.75,62.08],[-111.79,62],[-112.14,61.84],[-112.33,61.65],[-112.6,61.58],[-112.73,61.65],[-112.75,61.76],[-112.52,61.87],[-112.07,61.97],[-111.75,62.08]]]},"properties":{"name":"Great Slave Lake"}},
{"type":"Feature","geometry":{"type":"Polygon","coordinates":[[[-75.79,44.48],[-76.06,44.37],[-76.49,44.24],[-76.79,44.18],[-76.99,44.07],[-77.05,43.88],[-77.15,43.87],[-77.32,43.97],[-77.5,43.96],[-77.58,44.04],[-78.67,43.9],[-79.06,43.84],[-79.3,43.69],[-79.57,43.58],[-79.77,43.32],[-79.73,43.25],[-79.34,43.2],[-79.05,43.29],[-78.69,43.36],[-78.17,43.39],[-77.84,43.36],[-77.53,43.27],[-77.27,43.29],[-76.98,43.28],[-76.69,43.36],[-76.47,43.51],[-76.2,43.57],[-76.23,43.8],[-76.1,43.97],[-76.24,44.18],[-75.83,44.4],[-75.79,44.48]]]},"properties":{"name":"Lake Ontario"}},
{"type":"Feature","geometry":{"type":"Polygon","coordinates":[[[-117.84,66.42],[-117.73,66.66],[-118,66.6],[-118.34,66.4],[-118.76,66.33],[-119.49,66.34],[-119.59,66.31],[-120.02,66.38],[-120.45,66.4],[-120.33,66.54],[-120.08,66.65],[-119.76,66.7],[-119.25,66.83],[-119.1,66.91],[-119.88,67.03],[-121.23,66.83],[-121.45,66.74],[-121.98,66.64],[-122.84,66.53],[-123.18,66.52],[-123.56,66.43],[-124.4,66.31],[-125.06,66.25],[-125.02,66.06],[-124.73,66.04],[-124.5,66.15],[-124.05,66.13],[-123.4,66.14],[-123.2,66.1],[-122.99,66.17],[-123.02,66.26],[-122.11,66.23],[-121.28,66.09],[-121.29,66],[-121.77,65.95],[-122.39,66.01],[-122.53,65.94],[-122.16,65.82],[-122.37,65.66],[-122.89,65.49],[-122.77,65.41],[-122.85,65.28],[-123.44,65.18],[-123.45,65.12],[-122.89,65.07],[-122.04,64.96],[-121.62,65.09],[-121.55,65.36],[-120.98,65.55],[-120.66,65.61],[-120.37,65.51],[-120.55,65.29],[-121.09,65],[-121.4,64.97],[-121.47,64.88],[-121.23,64.83],[-121.07,64.9],[-120.47,65.07],[-120.1,65.2],[-119.89,65.32],[-119.56,65.34],[-119.54,65.41],[-119.99,65.59],[-119.62,65.78],[-118.94,65.78],[-118.57,65.64],[-118.03,65.69],[-117.87,65.85],[-118.2,65.91],[-117.99,66.11],[-117.68,66.25],[-117.84,66.42]]]},"properties":{"name":"Great Bear Lake"}},
{"type":"Feature","geometry":{"type":"Polygon","coordinates":[[[-83.08,42.28],[-82.87,42.34],[-82.59,42.31],[-82.43,42.37],[-82.42,42.47],[-82.61,42.52],[-82.63,42.66],[-82.79,42.66],[-82.93,42.38],[-83.1,42.29],[-83.08,42.28]]]},"properties":{"name":"Lake Saint Clair"}},
{"type":"Feature","geometry":{"type":"Polygon","coordinates":[[[14.04,59.08],[14.05,59.31],[13.75,59.33],[13.63,59.39],[13.28,59.36],[13.1,59.27],[13.24,58.93],[12.82,59.08],[12.71,59.04],[12.6,58.85],[12.47,58.84],[12.53,58.66],[12.61,58.62],[12.33,58.43],[12.62,58.38],[13.04,58.6],[13.24,58.51],[13.36,58.62],[13.8,58.72],[13.98,58.87],[14.04,59.08]]]},"properties":{"name":"Vänern"}},
{"type":"Feature","geometry":{"type":"Polygon","coordinates":[[[-80.63,26.89],[-80.65,27.05],[-80.76,27.18],[-80.87,27.15],[-81.06,26.99],[-81.07,26.92],[-80.9,26.75],[-80.74,26.7],[-80.63,26.89]]]},"properties":{"name":"Lake Okeechobee"}},
{"type":"Feature","geometry":{"type":"Polygon","coordinates":[[[-84.81,11.26],[-84.92,11.41],[-85.26,11.78],[-85.59,12.02],[-85.8,12.11],[-85.91,12],[-85.9,11.7],[-85.72,11.35],[-85.52,11.22],[-85.26,11.12],[-84.9,11.04],[-84.77,11.12],[-84.81,11.26]]]},"properties":{"name":"Lago de Nicaragua"}},
{"type":"Feature","geometry":{"type":"Polygon","coordinates":[[[37.29,11.79],[37.33,11.64],[37.39,11.63],[37.55,11.94],[37.59,12.12],[37.56,12.22],[37.46,12.3],[37.27,12.22],[37.1,12.27],[37.03,12.16],[37,11.91],[37.08,11.83],[37.29,11.79]]]},"properties":{"name":"Lake Tana"}},
{"type":"Feature","geometry":{"type":"Polygon","coordinates":[[[-69.37,-16.22],[-69.14,-16.23],[-69.08,-16.08],[-68.95,-16.18],[-69.04,-16.28],[-69.1,-16.48],[-68.94,-16.58],[-68.86,-16.55],[-68.91,-16.42],[-68.79,-16.41],[-68.59,-16.24],[-68.83,-16.19],[-68.89,-16.08],[-68.8,-15.97],[-68.99,-15.93],[-69.04,-15.8],[-69.3,-15.62],[-69.36,-15.51],[-69.45,-15.47],[-69.69,-15.26],[-69.83,-15.31],[-69.94,-15.4],[-69.82,-15.64],[-69.96,-15.65],[-70.01,-15.83],[-69.86,-15.92],[-69.81,-15.83],[-69.63,-15.97],[-69.45,-16.03],[-69.49,-16.16],[-69.37,-16.22]]]},"properties":{"name":"Lago Titicaca"}},
{"type":"Feature","geometry":{"type":"Polygon","coordinates":[[[-99.35,53.2],[-99.44,53.34],[-99.89,53.25],[-100.02,53.53],[-100.22,53.63],[-99.78,53.84],[-99.96,53.88],[-100.18,54.04],[-99.93,54.15],[-100.16,54.25],[-100.36,54.2],[-100.3,53.97],[-100.48,53.95],[-100.32,53.67],[-100.32,53.59],[-100.63,53.57],[-100.64,53.5],[-100.84,53.43],[-100.41,53.27],[-100.2,53.15],[-99.97,53.1],[-99.6,53.16],[-99.54,53.07],[-99.4,53.08],[-99.35,53.2]]]},"properties":{"name":"Cedar Lake"}},
{"type":"Feature","geometry":{"type":"Polygon","coordinates":[[[36.42,61.39],[36.25,61.49],[35.69,62.04],[35.82,62.35],[35.74,62.52],[35.46,62.6],[34.91,62.82],[34.48,62.87],[34.62,62.71],[34.84,62.59],[34.94,62.64],[35.35,62.52],[35.54,62.35],[35.55,62.24],[35.17,62.08],[35.03,62.08],[34.85,62.29],[34.7,62.36],[34.54,62],[34.56,61.82],[34.39,61.8],[34.77,61.6],[35.15,61.49],[35.46,61.36],[35.61,61.2],[35.58,61.03],[35.14,61.08],[34.97,61.21],[34.8,61.1],[35.18,61],[35.45,61.02],[35.55,60.94],[35.83,60.87],[35.88,60.95],[36.28,61.11],[36.39,61.21],[36.42,61.39]]]},"properties":{"name":"Lake Onega"}},
{"type":"Feature","geometry":{"type":"Polygon","coordinates":[[[-111.97,41],[-112.08,41.06],[-112.3,41.28],[-112.24,41.39],[-112.4,41.43],[-112.37,41.25],[-112.44,41.22],[-112.53,41.42],[-112.74,41.54],[-112.8,41.67],[-113.01,41.6],[-112.96,41.38],[-112.81,41.22],[-112.73,41.02],[-112.58,40.85],[-112.45,40.88],[-112.37,40.7],[-112.19,40.77],[-111.97,41]]]},"properties":{"name":"Great Salt Lake"}},
{"type":"Feature","geometry":{"type":"Polygon","coordinates":[[[-84.76,45.79],[-84.76,45.86],[-84.97,45.99],[-85.26,46.09],[-85.48,46.11],[-85.61,46.02],[-85.96,45.94],[-86.12,45.97],[-86.27,45.94],[-86.4,45.8],[-86.56,45.88],[-86.8,45.83],[-86.84,45.76],[-87.08,45.73],[-87.22,45.61],[-87.4,45.36],[-87.6,45.16],[-87.63,45.03],[-87.83,44.94],[-88.03,44.62],[-87.97,44.55],[-87.79,44.65],[-87.6,44.85],[-87.42,44.87],[-87.34,44.78],[-87.53,44.39],[-87.53,44.17],[-87.66,44.06],[-87.72,43.91],[-87.7,43.72],[-87.77,43.6],[-87.9,43.24],[-87.89,43.04],[-87.79,42.81],[-87.81,42.54],[-87.8,42.21],[-87.69,42.08],[-87.51,41.72],[-87.41,41.66],[-87.25,41.64],[-87.07,41.67],[-86.8,41.79],[-86.63,41.91],[-86.41,42.22],[-86.3,42.42],[-86.23,42.65],[-86.22,42.9],[-86.33,43.22],[-86.54,43.64],[-86.44,43.79],[-86.52,44.07],[-86.3,44.33],[-86.24,44.72],[-86.13,44.75],[-86.06,44.92],[-85.86,44.96],[-85.69,45.13],[-85.59,45.16],[-85.65,44.84],[-85.48,44.84],[-85.39,45.03],[-85.38,45.28],[-85.22,45.36],[-84.97,45.39],[-85.09,45.51],[-85.09,45.61],[-84.95,45.78],[-84.76,45.79]],[[-87.05,45.3],[-87.06,45.1],[-87.28,44.83],[-87.4,44.95],[-87.26,45.14],[-87.05,45.3]]]},"properties":{"name":"Lake Michigan"}},
{"type":"Feature","geometry":{"type":"Polygon","coordinates":[[[-84.34,46.53],[-84.5,46.48],[-84.57,46.58],[-84.44,46.72],[-84.77,47.04],[-84.59,47.32],[-84.72,47.43],[-84.94,47.54],[-85.01,47.64],[-84.85,47.95],[-85.61,47.94],[-85.91,48.03],[-86.1,48.21],[-86.26,48.55],[-86.4,48.73],[-86.64,48.79],[-86.82,48.77],[-87.22,48.78],[-87.41,48.83],[-87.97,48.96],[-88.02,49],[-88.26,48.97],[-88.11,48.78],[-88.23,48.6],[-88.57,48.53],[-88.33,48.71],[-88.4,48.84],[-88.5,48.83],[-88.57,48.64],[-88.73,48.38],[-88.89,48.34],[-88.77,48.58],[-89.2,48.45],[-89.22,48.31],[-89.35,48.12],[-89.83,47.9],[-90.2,47.79],[-90.6,47.69],[-90.96,47.52],[-91.39,47.21],[-91.65,47.05],[-92.06,46.82],[-92.07,46.74],[-91.84,46.7],[-91.5,46.77],[-91.22,46.89],[-91.13,46.87],[-90.95,46.95],[-90.77,46.91],[-90.92,46.6],[-90.74,46.69],[-90.47,46.58],[-90.15,46.65],[-89.86,46.79],[-89.35,46.88],[-89.15,46.99],[-88.95,47.04],[-88.83,47.15],[-88.63,47.17],[-88.52,47.1],[-88.46,46.96],[-88.48,46.84],[-88.22,46.95],[-87.78,46.89],[-87.64,46.83],[-87.36,46.52],[-87.03,46.54],[-86.85,46.47],[-86.64,46.45],[-86.23,46.66],[-85.95,46.7],[-85.62,46.69],[-85.01,46.78],[-85.03,46.51],[-84.53,46.44],[-84.36,46.5],[-84.34,46.53]],[[-88.06,48.84],[-87.92,48.86],[-87.82,48.77],[-88.08,48.74],[-88.06,48.84]],[[-88.91,47.94],[-89.16,47.84],[-89.15,47.95],[-88.59,48.16],[-88.62,48.04],[-88.91,47.94]],[[-87.79,47.41],[-88.02,47.39],[-88.02,47.32],[-88.43,47.12],[-88.62,47.17],[-88.56,47.27],[-88.39,47.39],[-88.11,47.47],[-87.88,47.48],[-87.79,47.41]],[[-85.61,47.74],[-85.86,47.72],[-85.83,47.8],[-85.61,47.74]]]},"properties":{"name":"Lake Superior"}},
{"type":"Feature","geometry":{"type":"Polygon","coordinates":[[[-84.34,46.53],[-84.36,46.5],[-84.23,46.37],[-84.2,46.25],[-84.04,46.09],[-83.98,45.96],[-84.34,46],[-84.52,45.99],[-84.63,46.05],[-84.76,45.86],[-84.76,45.79],[-84.44,45.68],[-84.19,45.61],[-84.13,45.53],[-83.48,45.34],[-83.32,45.14],[-83.45,45.02],[-83.33,44.87],[-83.29,44.68],[-83.33,44.38],[-83.51,44.27],[-83.61,44.06],[-83.88,43.96],[-83.94,43.74],[-83.74,43.63],[-83.62,43.64],[-83.47,43.73],[-83.34,43.93],[-82.95,44.07],[-82.79,44],[-82.66,43.85],[-82.46,43.08],[-82.42,43.02],[-82.18,43.09],[-81.78,43.33],[-81.71,43.47],[-81.73,44.06],[-81.59,44.31],[-81.4,44.46],[-81.28,44.64],[-81.28,44.79],[-81.42,44.99],[-81.59,45.17],[-81.6,45.26],[-81.3,45.25],[-81.26,45.03],[-81.07,44.91],[-81.02,44.8],[-80.79,44.7],[-80.65,44.72],[-80.46,44.58],[-80.08,44.49],[-80,44.65],[-80.11,44.81],[-80,44.86],[-79.83,44.77],[-79.83,44.94],[-80.09,45.11],[-80.09,45.39],[-80.27,45.36],[-80.38,45.46],[-80.39,45.57],[-80.51,45.59],[-80.66,45.79],[-80.82,45.95],[-81.1,45.94],[-81.24,45.97],[-81.59,46],[-81.62,46.12],[-81.77,46.1],[-82.2,46.13],[-82.35,46.19],[-82.66,46.18],[-82.72,46.21],[-83.03,46.18],[-83.46,46.24],[-84.09,46.36],[-84.09,46.51],[-84.17,46.56],[-84.34,46.53]],[[-83.53,46.02],[-83.73,45.94],[-83.87,45.98],[-83.61,46.1],[-83.53,46.02]],[[-83.83,46.15],[-83.98,46.11],[-84.1,46.29],[-83.82,46.25],[-83.83,46.15]],[[-84.13,46.34],[-84.27,46.49],[-84.14,46.53],[-84.13,46.34]],[[-82.96,45.83],[-83.12,45.94],[-82.85,45.99],[-82.76,45.86],[-82.33,45.98],[-82.14,45.87],[-81.94,45.98],[-81.76,45.82],[-81.59,45.79],[-81.75,45.59],[-81.88,45.54],[-82.03,45.57],[-82.32,45.68],[-82.74,45.8],[-82.96,45.83]]]},"properties":{"name":"Lake Huron"}},
{"type":"Feature","geometry":{"type":"Polygon","coordinates":[[[-97.43,25.35],[-97.68,25.35],[-97.75,25.26],[-97.7,25.16],[-97.73,24.99],[-97.64,24.91],[-97.7,24.84],[-97.69,24.48],[-97.54,25.08],[-97.43,25.35]]]},"properties":{"name":"Lago Madre"}},
{"type":"Feature","geometry":{"type":"Polygon","coordinates":[[[-102.84,58.33],[-102.8,58.41],[-102.95,58.53],[-103.22,58.52],[-103.38,58.43],[-103.61,58.41],[-103.67,58.04],[-103.79,57.96],[-103.56,57.87],[-103.27,57.87],[-103.23,58.08],[-102.94,58.17],[-103,58.24],[-102.84,58.33]]]},"properties":{"name":"Wollaston Lake"}},
{"type":"Feature","geometry":{"type":"Polygon","coordinates":[[[-109.23,59.13],[-109.1,59.1],[-108.21,59.16],[-107.84,59.22],[-107.73,59.34],[-107.45,59.3],[-106.71,59.26],[-106.04,59.25],[-106.02,59.29],[-107.24,59.35],[-108.22,59.47],[-108.75,59.39],[-108.8,59.5],[-109.04,59.5],[-109.17,59.59],[-109.55,59.57],[-109.78,59.41],[-110.61,59.04],[-110.87,58.84],[-111.26,58.7],[-111.1,58.62],[-110.41,58.63],[-110.4,58.77],[-110.28,58.86],[-109.89,59.01],[-109.23,59.13]]]},"properties":{"name":"Lake Athabasca"}},
{"type":"Feature","geometry":{"type":"Polygon","coordinates":[[[-72.9,51.15],[-73.07,51.21],[-72.85,51.3],[-73.07,51.39],[-73.38,51.24],[-73.64,51.08],[-73.89,50.98],[-73.85,50.89],[-74.1,50.45],[-73.93,50.46],[-73.79,50.39],[-73.8,50.6],[-73.63,50.82],[-73.57,50.84],[-73.29,51.08],[-73.11,51],[-72.9,51.15]]]},"properties":{"name":"Lake Mistassini"}},
{"type":"Feature","geometry":{"type":"Polygon","coordinates":[[[5.87,52.56],[5.61,52.68],[5.66,52.85],[5.42,52.87],[5.4,53.04],[5.27,53.03],[5.07,52.92],[5.25,52.73],[5.07,52.62],[5.04,52.34],[5.5,52.25],[5.87,52.49],[5.87,52.56]],[[5.8,52.47],[5.5,52.3],[5.17,52.38],[5.38,52.49],[5.66,52.59],[5.8,52.56],[5.8,52.47]]]},"properties":{"name":"IJsselmeer"}},
{"type":"Feature","geometry":{"type":"Polygon","coordinates":[[[38.68,58.11],[38.69,58.21],[38.87,58.33],[39.01,58.36],[38.99,58.5],[38.75,58.55],[38.12,58.95],[37.64,59.16],[37.78,58.93],[38,58.86],[37.99,58.67],[37.56,58.55],[37.42,58.73],[37.15,58.85],[37.16,58.69],[37.42,58.61],[37.9,58.29],[38.22,58.24],[38.38,58.12],[38.68,58.11]]]},"properties":{"name":"Rybinsk Reservoir"}},
{"type":"Feature","geometry":{"type":"Polygon","coordinates":[[[78.3,42.59],[78.12,42.64],[78.25,42.73],[77.68,42.7],[77.53,42.65],[77.34,42.67],[76.97,42.61],[76.45,42.49],[76.23,42.46],[76.26,42.33],[76.58,42.29],[76.92,42.19],[77.14,42.17],[77.51,42.18],[77.72,42.24],[77.87,42.43],[78.3,42.59]]]},"properties":{"name":"Issyk-Kul"}},
{"type":"Feature","geometry":{"type":"Polygon","coordinates":[[[-94.05,49.37],[-94.17,49.5],[-94.3,49.51],[-94.35,49.72],[-94.45,49.74],[-94.59,49.99],[-94.68,49.95],[-94.58,49.81],[-94.59,49.72],[-94.82,49.69],[-94.84,49.61],[-95.15,49.62],[-95.11,49.46],[-94.91,49.53],[-94.94,49.24],[-95.2,49.17],[-95.32,48.97],[-95.27,48.89],[-95,48.96],[-94.71,48.86],[-94.26,49.11],[-94.35,49.27],[-94.46,49.23],[-94.75,49.41],[-94.36,49.48],[-94.05,49.37]],[[-94.7,49.19],[-94.45,49.18],[-94.53,49.04],[-94.73,49.09],[-94.7,49.19]]]},"properties":{"name":"Lake of the Woods"}},
{"type":"Feature","geometry":{"type":"Polygon","coordinates":[[[-88.03,49.96],[-88.22,50.06],[-88.23,50.21],[-88.55,50.24],[-88.77,50.21],[-88.89,50.06],[-88.94,49.82],[-88.87,49.52],[-88.62,49.43],[-88.49,49.46],[-88.18,49.47],[-88.11,49.71],[-88.11,49.87],[-88.03,49.96]]]},"properties":{"name":"Lake Nipigon"}},
{"type":"Feature","geometry":{"type":"Polygon","coordinates":[[[-101.72,57.91],[-101.8,58.02],[-102.01,58],[-102.21,57.93],[-102.52,57.73],[-102.69,57.69],[-102.69,57.56],[-102.89,57.45],[-102.92,57.3],[-102.69,57.21],[-102.74,57.1],[-102.58,57.05],[-102.57,56.83],[-102.86,56.68],[-102.98,56.56],[-103.15,56.62],[-103.26,56.48],[-102.98,56.37],[-102.89,56.47],[-102.47,56.61],[-102.31,56.84],[-102.18,56.86],[-101.96,57.02],[-102.03,57.19],[-101.89,57.31],[-102.09,57.37],[-102.05,57.48],[-101.83,57.58],[-101.54,57.82],[-101.72,57.91]]]},"properties":{"name":"Reindeer Lake"}},
{"type":"Feature","geometry":{"type":"Polygon","coordinates":[[[-75.75,43.23],[-76.06,43.26],[-75.96,43.18],[-75.75,43.23]]]},"properties":{"name":"Oneida Lake"}},
{"type":"Feature","geometry":{"type":"Polygon","coordinates":[[[-153.97,59.77],[-154.33,59.79],[-155.26,59.66],[-155.85,59.54],[-155.88,59.38],[-155.74,59.33],[-154.61,59.45],[-154.53,59.63],[-153.97,59.77]]]},"properties":{"name":"Iliamna Lake"}},
{"type":"Feature","geometry":{"type":"Polygon","coordinates":[[[-155.96,57.87],[-156.28,58.01],[-156.64,58.09],[-156.82,58.07],[-156.83,57.93],[-155.99,57.76],[-155.96,57.87]]]},"properties":{"name":null}},
{"type":"Feature","geometry":{"type":"Polygon","coordinates":[[[-119.94,39.03],[-119.92,39.21],[-120.06,39.22],[-120.14,39.09],[-120.08,38.97],[-119.94,39.03]]]},"properties":{"name":"Lake Tahoe"}},
{"type":"Feature","geometry":{"type":"Polygon","coordinates":[[[35.32,-14.62],[35.21,-14.53],[35.2,-14.68],[35.32,-14.62]]]},"properties":{"name":null}},
{"type":"Feature","geometry":{"type":"Polygon","coordinates":[[[84.52,47.93],[84.33,48.02],[84.05,48.08],[83.58,48.27],[83.68,48.35],[83.49,48.72],[83.61,48.91],[84.15,49.09],[84.33,49.12],[84.29,49.24],[83.61,49.61],[83.48,49.54],[83.66,49.44],[83.85,49.42],[84.1,49.24],[84.04,49.11],[83.75,49.04],[83.47,48.86],[83.39,48.5],[83.53,48.38],[83.44,48.27],[83.04,48.25],[83.26,48.09],[83.62,48.01],[84.24,47.71],[84.36,47.73],[84.52,47.93]]]},"properties":{"name":"Lake Zaysan"}},
{"type":"Feature","geometry":{"type":"Polygon","coordinates":[[[-88.33,44.07],[-88.42,44.19],[-88.52,44.03],[-88.46,43.81],[-88.33,43.94],[-88.33,44.07]]]},"properties":{"name":"Lake Winnebago"}},
{"type":"Feature","geometry":{"type":"Polygon","coordinates":[[[-71.44,66.6],[-71.13,66.33],[-71.1,65.99],[-70.58,66.29],[-70.38,66.19],[-69.98,66.26],[-69.59,66.2],[-69.22,66.41],[-69.65,66.44],[-69.49,66.58],[-69.95,66.69],[-70.46,66.75],[-70.83,66.99],[-71.17,67.03],[-71.21,66.86],[-71.44,66.6]]]},"properties":{"name":"Nettilling Lake"}},
{"type":"Feature","geometry":{"type":"Polygon","coordinates":[[[36.68,2.54],[36.7,2.73],[36.65,2.86],[36.43,3.01],[36.31,3.21],[36.22,3.47],[36.23,3.88],[36.2,4.43],[36.17,4.63],[36.07,4.56],[35.95,4.55],[35.85,3.78],[35.87,3.6],[35.97,3.37],[36.11,3.17],[36.15,3.04],[36.33,2.87],[36.42,2.73],[36.53,2.45],[36.63,2.42],[36.68,2.54]]]},"properties":{"name":"Lake Turkana"}},
{"type":"Feature","geometry":{"type":"Polygon","coordinates":[[[-101.93,63.22],[-102.16,63.16],[-102.03,62.92],[-101.75,62.8],[-101.29,62.67],[-101.03,62.76],[-101.06,62.86],[-100.88,62.96],[-101.06,63.06],[-101.11,63.17],[-101.04,63.29],[-100.67,63.37],[-100.71,63.55],[-101.37,63.4],[-101.58,63.4],[-101.93,63.22]]]},"properties":{"name":"Dubawnt Lake"}},
{"type":"Feature","geometry":{"type":"Polygon","coordinates":[[[-94.63,64.16],[-94.65,64.2],[-95.25,64.27],[-96.2,64.32],[-96.23,64.19],[-95.78,64.06],[-95.3,64.08],[-94.86,64.07],[-94.45,64],[-94.25,64.12],[-94.63,64.16]]]},"properties":{"name":"Baker Lake"}},
{"type":"Feature","geometry":{"type":"Polygon","coordinates":[[[19.76,54.43],[19.93,54.52],[20.4,54.68],[20.08,54.67],[19.99,54.71],[19.72,54.48],[19.76,54.43]]]},"properties":{"name":"Kaliningradskiy Zaliv"}},
{"type":"Feature","geometry":{"type":"Polygon","coordinates":[[[19.72,54.48],[19.5,54.38],[19.28,54.34],[19.35,54.27],[19.48,54.3],[19.76,54.43],[19.72,54.48]]]},"properties":{"name":"Zalev Wislany"}},
{"type":"Feature","geometry":{"type":"Polygon","coordinates":[[[-73.37,44.15],[-73.23,44.44],[-73.17,44.92],[-73.38,44.94],[-73.44,44.64],[-73.35,44.28],[-73.37,44.15]]]},"properties":{"name":"Lake Champlain"}},
{"type":"Feature","geometry":{"type":"Polygon","coordinates":[[[-115.61,33.27],[-115.88,33.45],[-115.95,33.52],[-116.06,33.43],[-115.91,33.3],[-115.79,33.15],[-115.7,33.14],[-115.61,33.27]]]},"properties":{"name":"Salton Sea"}},
{"type":"Feature","geometry":{"type":"Polygon","coordinates":[[[-117.32,63.21],[-117.58,63.37],[-117.76,63.4],[-118.1,63.57],[-118.56,63.43],[-118.63,63.34],[-118.2,63.28],[-117.74,63.11],[-117.36,63.15],[-117.32,63.21]]]},"properties":{"name":"Lac la Martre"}},
{"type":"Feature","geometry":{"type":"Polygon","coordinates":[[[-72.97,-41.29],[-72.88,-41.29],[-72.73,-41.2],[-72.6,-41.18],[-72.7,-41.03],[-72.85,-40.97],[-72.97,-41.09],[-72.97,-41.29]]]},"properties":{"name":"Lago Llanquihue"}},
{"type":"Feature","geometry":{"type":"Polygon","coordinates":[[[118.6,33.17],[118.72,33.09],[118.86,33.36],[118.77,33.44],[118.66,33.46],[118.57,33.62],[118.49,33.54],[118.45,33.41],[118.32,33.27],[118.32,33.18],[118.47,33.13],[118.6,33.17]]]},"properties":{"name":"Hongze Hu"}},
{"type":"Feature","geometry":{"type":"Polygon","coordinates":[[[100.79,51.4],[100.56,51.61],[100.38,51.47],[100.4,51.39],[100.28,51.25],[100.3,51.11],[100.25,50.74],[100.18,50.53],[100.44,50.57],[100.51,50.81],[100.69,50.98],[100.79,51.4]]]},"properties":{"name":"Khövsgöl Nuur"}},
{"type":"Feature","geometry":{"type":"Polygon","coordinates":[[[92.32,50.3],[92.38,50.14],[92.6,50.01],[92.91,50.06],[93.1,50.2],[93.36,50.28],[93.08,50.43],[92.89,50.66],[92.35,50.48],[92.24,50.41],[92.32,50.3]]]},"properties":{"name":"Uvs Nuur"}},
{"type":"Feature","geometry":{"type":"Polygon","coordinates":[[[29.13,-8.66],[28.95,-8.52],[28.87,-8.51],[28.37,-9.1],[28.33,-9.24],[28.33,-9.45],[28.38,-9.5],[28.51,-9.48],[28.52,-9.4],[28.7,-9.4],[28.89,-9.09],[29.02,-8.92],[29.13,-8.66]]]},"properties":{"name":"Lac Moeru"}},
{"type":"Feature","geometry":{"type":"Polygon","coordinates":[[[132.81,45.05],[132.81,45.15],[132.58,45.3],[132.23,45.33],[132,45.21],[132.02,45.07],[132.11,44.97],[132.07,44.74],[132.37,44.53],[132.61,44.71],[132.81,45.05]]]},"properties":{"name":"Lake Khanka"}},
{"type":"Feature","geometry":{"type":"Polygon","coordinates":[[[104.57,12.43],[104.47,12.56],[104.44,12.72],[104.23,12.76],[104.1,13.04],[103.98,13.18],[103.73,13.25],[103.7,13.21],[103.81,12.95],[104.01,12.8],[104.1,12.79],[104.14,12.67],[104.26,12.56],[104.46,12.51],[104.57,12.43]]]},"properties":{"name":"Tonlé Sap"}},
{"type":"Feature","geometry":{"type":"Polygon","coordinates":[[[100.75,36.81],[100.59,36.9],[100.27,37.15],[99.96,37.22],[99.79,37.15],[99.83,36.99],[99.65,36.91],[99.83,36.74],[99.96,36.68],[100.43,36.64],[100.63,36.56],[100.7,36.59],[100.75,36.81]]]},"properties":{"name":"Qinghai Hu"}},
{"type":"Feature","geometry":{"type":"Polygon","coordinates":[[[71.24,67.99],[71.38,68.02],[71.09,68.1],[70.97,68.01],[71.24,67.99]]]},"properties":{"name":"Ozero Yarroto Vtoroye"}},
{"type":"Feature","geometry":{"type":"Polygon","coordinates":[[[43.26,33.73],[43.48,33.73],[43.47,33.95],[43.07,34.26],[43.11,33.92],[43.26,33.73]]]},"properties":{"name":"Lake Tharthar"}},
{"type":"Feature","geometry":{"type":"Polygon","coordinates":[[[43.88,32.69],[43.72,32.81],[43.55,33.08],[43.47,33.01],[43.44,32.71],[43.48,32.64],[43.67,32.55],[43.79,32.54],[43.88,32.69]]]},"properties":{"name":"Razzaza Lake"}},
{"type":"Feature","geometry":{"type":"Polygon","coordinates":[[[35.59,31.72],[35.46,31.71],[35.42,31.62],[35.4,31.35],[35.55,31.36],[35.59,31.72]]]},"properties":{"name":"Dead Sea"}},
{"type":"Feature","geometry":{"type":"Polygon","coordinates":[[[27.5,58.18],[27.62,58.01],[27.8,57.99],[27.91,57.9],[28.17,57.91],[28.1,58.04],[27.87,58.17],[27.57,58.21],[27.5,58.18]]]},"properties":{"name":"Lake Pskov"}},
{"type":"Feature","geometry":{"type":"Polygon","coordinates":[[[-72.05,48.45],[-71.92,48.44],[-71.78,48.52],[-71.78,48.61],[-72,48.72],[-72.16,48.76],[-72.33,48.67],[-72.17,48.48],[-72.05,48.45]]]},"properties":{"name":"Lac Saint-Jean"}},
{"type":"Feature","geometry":{"type":"Polygon","coordinates":[[[-77.06,42.64],[-77.11,42.57],[-77.15,42.57],[-77.2,42.44],[-77.11,42.52],[-77.06,42.64]]]},"properties":{"name":"Keuka L."}},
{"type":"Feature","geometry":{"type":"Polygon","coordinates":[[[-76.88,42.42],[-76.88,42.68],[-76.95,42.73],[-76.92,42.59],[-76.91,42.46],[-76.88,42.42]]]},"properties":{"name":"Seneca Lake"}},
{"type":"Feature","geometry":{"type":"Polygon","coordinates":[[[-76.52,42.5],[-76.67,42.67],[-76.75,42.93],[-76.77,42.78],[-76.67,42.6],[-76.52,42.5]]]},"properties":{"name":"Cayuga Lake"}},
{"type":"Feature","geometry":{"type":"Polygon","coordinates":[[[4.69,10.37],[4.65,10.52],[4.68,10.58],[4.47,10.63],[4.46,10.46],[4.4,10.38],[4.47,10.31],[4.51,10.15],[4.47,10.1],[4.62,10],[4.6,10.2],[4.69,10.37]]]},"properties":{"name":"Kainji Reservoir"}},
{"type":"Feature","geometry":{"type":"Polygon","coordinates":[[[45.67,37.74],[45.48,37.75],[45.44,37.81],[45.49,38.07],[45.36,38.26],[45.11,38.26],[45.17,38.14],[45.08,37.99],[45.09,37.89],[45.23,37.76],[45.29,37.44],[45.36,37.23],[45.54,37.13],[45.66,37.29],[45.83,37.34],[45.86,37.43],[45.75,37.58],[45.75,37.7],[45.67,37.74]]]},"properties":{"name":"Lake Urmia"}},
{"type":"Feature","geometry":{"type":"Polygon","coordinates":[[[-106.26,57.7],[-106.65,57.6],[-107.03,57.43],[-107.09,57.24],[-106.8,57.36],[-106.54,57.33],[-106.25,57.37],[-106.1,57.46],[-106.11,57.65],[-106.26,57.7]]]},"properties":{"name":"Cree Lake"}},
{"type":"Feature","geometry":{"type":"Polygon","coordinates":[[[-99.61,62.96],[-99.73,62.82],[-99.39,62.82],[-99.14,62.93],[-99.3,63.05],[-99.61,62.96]]]},"properties":{"name":null}},
{"type":"Feature","geometry":{"type":"Polygon","coordinates":[[[-102.55,60.32],[-102.27,60.21],[-102.09,60.02],[-101.88,59.98],[-101.89,60.24],[-102.11,60.46],[-102.22,60.62],[-102.43,60.58],[-102.32,60.42],[-102.55,60.32]]]},"properties":{"name":"Kasba Lake"}},
{"type":"Feature","geometry":{"type":"Polygon","coordinates":[[[57.87,41.77],[57.7,41.91],[57.63,42.15],[57.55,42.26],[57.39,42.33],[57.27,42.3],[57.18,42.19],[57.09,41.97],[57.05,41.77],[57.17,41.73],[57.35,41.57],[57.68,41.64],[57.87,41.77]]]},"properties":{"name":"Sarygamysh Köli"}},
{"type":"Feature","geometry":{"type":"Polygon","coordinates":[[[76.75,54.83],[76.73,54.72],[77.25,54.72],[77.57,54.65],[77.74,54.66],[77.64,54.8],[78.05,54.93],[78.03,54.98],[77.57,55.05],[77.33,54.97],[76.87,54.88],[76.75,54.83]]]},"properties":{"name":"L. Chany"}},
{"type":"Feature","geometry":{"type":"Polygon","coordinates":[[[82.13,45.76],[82.06,45.94],[82.03,46.18],[81.91,46.35],[81.76,46.43],[81.53,46.45],[81.4,46.3],[81.43,46.06],[81.75,45.87],[82.13,45.76]]]},"properties":{"name":"Alaköl"}},
{"type":"Feature","geometry":{"type":"Polygon","coordinates":[[[-90.43,30.27],[-90.49,30.35],[-90.58,30.23],[-90.47,30.2],[-90.43,30.27]]]},"properties":{"name":null}},
{"type":"Feature","geometry":{"type":"Polygon","coordinates":[[[-73.99,56.03],[-74.05,56.14],[-74.25,56.16],[-74.31,56.26],[-74.66,56.34],[-74.82,56.27],[-74.73,56.09],[-74.34,56.02],[-74.18,55.96],[-73.99,56.03]]]},"properties":{"name":"Lac-à-l'Eau-Claire"}},
{"type":"Feature","geometry":{"type":"Polygon","coordinates":[[[-80.45,46.28],[-80.29,46.23],[-80.06,46.24],[-79.99,46.16],[-79.77,46.21],[-79.57,46.17],[-79.44,46.24],[-79.65,46.36],[-80.05,46.35],[-80.15,46.26],[-80.45,46.28]]]},"properties":{"name":"Lake Nipissing"}},
{"type":"Feature","geometry":{"type":"Polygon","coordinates":[[[117.23,48.59],[117.33,48.69],[117.72,48.99],[117.77,49.06],[117.69,49.22],[117.53,49.27],[117.23,49],[116.99,48.84],[117.23,48.59]]]},"properties":{"name":"Hulun Nuur"}},
{"type":"Feature","geometry":{"type":"Polygon","coordinates":[[[29.99,-11.09],[30,-10.94],[29.93,-10.88],[29.74,-10.93],[29.56,-11.16],[29.59,-11.39],[29.75,-11.42],[29.92,-11.3],[29.99,-11.09]]]},"properties":{"name":"Lake Bangweulu"}},
{"type":"Feature","geometry":{"type":"Polygon","coordinates":[[[28.45,69.33],[28.08,69.19],[27.56,69.06],[27.16,68.92],[27.46,68.76],[27.99,68.79],[28.09,68.98],[28.4,69.08],[28.57,69.22],[28.45,69.33]]]},"properties":{"name":"Inarijärvi"}},
{"type":"Feature","geometry":{"type":"Polygon","coordinates":[[[26.78,64.39],[26.94,64.24],[27.32,64.21],[27.65,64.22],[27.93,64.31],[27.73,64.4],[27.37,64.33],[27.21,64.5],[26.87,64.53],[26.78,64.39]]]},"properties":{"name":"Oulujärvi"}},
{"type":"Feature","geometry":{"type":"Polygon","coordinates":[[[27.57,58.21],[27.58,58.31],[27.82,58.48],[27.75,58.91],[27.52,59.01],[27.11,58.95],[26.97,58.81],[27.16,58.65],[27.24,58.45],[27.43,58.3],[27.5,58.18],[27.57,58.21]]]},"properties":{"name":"Lake Peipus"}},
{"type":"Feature","geometry":{"type":"Polygon","coordinates":[[[29.2,-1.64],[29.07,-1.61],[28.91,-2.01],[28.86,-2.37],[28.91,-2.43],[29.15,-2.28],[29.36,-2.02],[29.2,-1.64]]]},"properties":{"name":"Lake Kivu"}},
{"type":"Feature","geometry":{"type":"Polygon","coordinates":[[[29.42,-0.63],[29.51,-0.61],[29.87,-0.3],[29.89,-0.17],[29.78,-0.12],[29.64,-0.12],[29.5,-0.18],[29.33,-0.53],[29.42,-0.63]]]},"properties":{"name":"Lake Edward"}},
{"type":"Feature","geometry":{"type":"Polygon","coordinates":[[[120.6,31.09],[120.44,31.15],[120.22,31.53],[119.99,31.39],[119.94,31.25],[119.98,31.09],[120.1,30.97],[120.24,30.94],[120.39,30.97],[120.6,31.09]]]},"properties":{"name":"Tai Hu"}},
{"type":"Feature","geometry":{"type":"Polygon","coordinates":[[[-76.55,56.16],[-76.15,56.13],[-75.94,56.19],[-76.2,56.32],[-76.42,56.31],[-76.55,56.16]]]},"properties":{"name":null}},
{"type":"Feature","geometry":{"type":"Polygon","coordinates":[[[-62.23,-30.78],[-62.29,-30.59],[-62.64,-30.52],[-62.72,-30.58],[-62.93,-30.65],[-62.93,-30.75],[-62.73,-30.92],[-62.41,-30.84],[-62.23,-30.78]]]},"properties":{"name":"Laguna Mar Chiquita"}},
{"type":"Feature","geometry":{"type":"Polygon","coordinates":[[[33.17,49.02],[33.19,49.12],[32.75,49.48],[32.63,49.38],[32.11,49.54],[31.9,49.51],[32.41,49.3],[32.77,49.12],[33.17,49.02]]]},"properties":{"name":"Kremenchuk Reservoir"}},
{"type":"Feature","geometry":{"type":"Polygon","coordinates":[[[-76.09,53.67],[-76.12,53.52],[-75.93,53.47],[-75.72,53.5],[-75.63,53.64],[-75.24,53.62],[-75.03,53.58],[-74.77,53.65],[-75.27,53.68],[-74.89,53.79],[-75.18,53.82],[-75.29,53.9],[-75.85,53.86],[-75.93,53.77],[-76.1,53.74],[-76.09,53.67]]]},"properties":{"name":"Rés. de La Grande 3"}},
{"type":"Feature","geometry":{"type":"Polygon","coordinates":[[[-76.1,53.74],[-76.7,53.7],[-76.3,53.96],[-76.26,54.07],[-76.47,54.08],[-76.66,54.03],[-76.77,53.91],[-77.02,53.82],[-77.42,53.8],[-77.69,53.68],[-77.46,53.64],[-77.49,53.56],[-77.19,53.49],[-76.84,53.5],[-76.51,53.56],[-76.36,53.63],[-76.09,53.67],[-76.1,53.74]]]},"properties":{"name":"Rés. de La Grande 2"}},
{"type":"Feature","geometry":{"type":"Polygon","coordinates":[[[-156.55,57.77],[-156.68,57.76],[-157.02,57.51],[-156.83,57.44],[-156.78,57.57],[-156.55,57.77]]]},"properties":{"name":null}},
{"type":"Feature","geometry":{"type":"Polygon","coordinates":[[[-71.51,18.47],[-71.68,18.55],[-71.79,18.49],[-71.61,18.42],[-71.51,18.47]]]},"properties":{"name":"Lago Enriquillo"}},
{"type":"Feature","geometry":{"type":"Polygon","coordinates":[[[-159.67,66.47],[-159.73,66.51],[-160.12,66.54],[-159.95,66.44],[-159.67,66.47]]]},"properties":{"name":null}},
{"type":"Feature","geometry":{"type":"Polygon","coordinates":[[[-115.06,60.33],[-115.22,60.34],[-115.53,60.26],[-115.61,60.17],[-115.29,60.11],[-115.06,60.33]]]},"properties":{"name":null}},
{"type":"Feature","geometry":{"type":"Polygon","coordinates":[[[-76.64,53.26],[-76.72,53.47],[-76.89,53.34],[-76.84,53.09],[-76.64,53.26]]]},"properties":{"name":"Lake Sakami"}},
{"type":"Feature","geometry":{"type":"Polygon","coordinates":[[[-71.98,-50.22],[-72.12,-50.13],[-72.8,-50.2],[-73.06,-50.13],[-73.19,-49.98],[-73.29,-50.07],[-72.98,-50.23],[-73.11,-50.37],[-72.95,-50.62],[-72.78,-50.48],[-72.96,-50.47],[-72.97,-50.36],[-72.67,-50.28],[-72.27,-50.3],[-71.98,-50.22]]]},"properties":{"name":"Lago Argentino"}},
{"type":"Feature","geometry":{"type":"Polygon","coordinates":[[[90.35,30.52],[90.71,30.64],[91.01,30.84],[90.71,30.89],[90.58,30.83],[90.35,30.88],[90.29,30.85],[90.29,30.7],[90.35,30.52]]]},"properties":{"name":"Nam Co"}},
{"type":"Feature","geometry":{"type":"Polygon","coordinates":[[[33.46,38.85],[33.42,39.06],[33.29,38.97],[33.16,38.77],[33.24,38.67],[33.53,38.52],[33.62,38.58],[33.67,38.71],[33.6,38.8],[33.46,38.85]]]},"properties":{"name":"Lake Tuz"}},
{"type":"Feature","geometry":{"type":"Polygon","coordinates":[[[-105.96,60],[-106.03,60.11],[-105.77,60.13],[-105.87,60.23],[-106.31,60.1],[-106.37,59.83],[-106.06,59.84],[-105.96,60]]]},"properties":{"name":"Scott Lake"}},
{"type":"Feature","geometry":{"type":"Polygon","coordinates":[[[27.54,60.94],[27.74,60.95],[27.85,60.98],[27.81,61.04],[27.58,60.98],[27.54,60.94]]]},"properties":{"name":null}},
{"type":"Feature","geometry":{"type":"Polygon","coordinates":[[[29.47,62.87],[29.62,62.74],[29.81,62.73],[29.75,62.88],[29.47,62.87]]]},"properties":{"name":"Rikkavesi"}},
{"type":"Feature","geometry":{"type":"Polygon","coordinates":[[[29.23,62.71],[29.45,62.64],[29.52,62.71],[29.23,62.71]]]},"properties":{"name":null}},
{"type":"Feature","geometry":{"type":"Polygon","coordinates":[[[160.48,69.25],[159.84,69.38],[159.96,69.28],[160.26,69.24],[160.48,69.25]]]},"properties":{"name":"Ozero Nerpich'ye"}},
{"type":"Feature","geometry":{"type":"Polygon","coordinates":[[[71.36,67.87],[71.78,67.95],[71.71,68.04],[71.37,67.95],[71.36,67.87]]]},"properties":{"name":"Ozero Yarroto Pervoye"}},
{"type":"Feature","geometry":{"type":"Polygon","coordinates":[[[70.49,70.09],[70.17,70.14],[70.13,70.08],[70.37,70.01],[70.49,70.09]]]},"properties":{"name":"Ozero Neyto"}},
{"type":"Feature","geometry":{"type":"Polygon","coordinates":[[[70.85,69.97],[71.06,69.99],[70.84,70.14],[70.75,70.03],[70.85,69.97]]]},"properties":{"name":"Ozero Yambuto"}},
{"type":"Feature","geometry":{"type":"Polygon","coordinates":[[[70.56,70.12],[70.77,70.22],[70.34,70.2],[70.56,70.12]]]},"properties":{"name":null}},
{"type":"Feature","geometry":{"type":"Polygon","coordinates":[[[35.01,63.51],[34.86,63.72],[34.43,63.85],[34.36,63.7],[34.55,63.46],[35.1,63.38],[35.37,63.49],[35.01,63.51]]]},"properties":{"name":"Lake Vygozero"}},
{"type":"Feature","geometry":{"type":"Polygon","coordinates":[[[33.44,63.44],[33.26,63.42],[33.31,63.28],[33.5,63.22],[33.9,63.19],[34.07,63.23],[33.93,63.42],[33.44,63.44]]]},"properties":{"name":"Lake Segozerskoye"}},
{"type":"Feature","geometry":{"type":"Polygon","coordinates":[[[30.6,62.88],[30.85,62.95],[30.75,63.05],[30.59,62.94],[30.6,62.88]]]},"properties":{"name":"Koitere"}},
{"type":"Feature","geometry":{"type":"Polygon","coordinates":[[[29.99,63.29],[29.78,63.29],[29.19,63.51],[29.04,63.47],[29.39,63.18],[29.81,63.15],[30.03,62.96],[29.99,63.29]]]},"properties":{"name":"Pielinen"}},
{"type":"Feature","geometry":{"type":"Polygon","coordinates":[[[31.17,66.11],[31.1,66.25],[30.9,66.26],[30.72,66.19],[30.65,66.05],[31.16,65.91],[31.17,66.11]]]},"properties":{"name":"Pääjärvi"}},
{"type":"Feature","geometry":{"type":"Polygon","coordinates":[[[32.52,65.53],[32.33,65.7],[31.98,65.89],[31.51,65.8],[32,65.57],[32.48,65.47],[32.52,65.53]]]},"properties":{"name":"Lake Topozero"}},
{"type":"Feature","geometry":{"type":"Polygon","coordinates":[[[-72.84,81.68],[-72.22,81.7],[-70.02,81.84],[-69.58,81.92],[-72.84,81.68]]]},"properties":{"name":null}},
{"type":"Feature","geometry":{"type":"Polygon","coordinates":[[[-89.52,52.88],[-89.15,52.85],[-89.12,52.97],[-89.28,53.01],[-89.52,52.88]]]},"properties":{"name":null}},
{"type":"Feature","geometry":{"type":"Polygon","coordinates":[[[87.38,41.85],[87.32,42.02],[86.89,42.11],[86.74,41.9],[86.75,41.83],[87.1,41.9],[87.38,41.85]]]},"properties":{"name":"Bosten Hu"}},
{"type":"Feature","geometry":{"type":"Polygon","coordinates":[[[30.87,61.97],[31.05,61.97],[30.97,62.06],[30.85,62.08],[30.87,61.97]]]},"properties":{"name":null}},
{"type":"Feature","geometry":{"type":"Polygon","coordinates":[[[31.53,58.23],[31.69,58.2],[31.64,58.39],[31.3,58.48],[31.17,58.36],[30.88,58.21],[31.39,58.14],[31.53,58.23]]]},"properties":{"name":"Lake Il'Men'"}},
{"type":"Feature","geometry":{"type":"Polygon","coordinates":[[[116.71,29.14],[116.64,29.24],[116.37,29.22],[116.15,29.25],[116.2,29.36],[116.11,29.43],[116.23,29.67],[116.12,29.65],[115.97,29.31],[116.1,29.11],[116.41,28.91],[116.53,28.89],[116.48,29.04],[116.52,29.14],[116.71,29.14]]]},"properties":{"name":"Poyang Hu"}},
{"type":"Feature","geometry":{"type":"Polygon","coordinates":[[[116.46,30.05],[116.33,30.09],[116.29,29.99],[116.5,29.96],[116.46,30.05]]]},"properties":{"name":"Daguan Hu"}},
{"type":"Feature","geometry":{"type":"Polygon","coordinates":[[[116.2,30.04],[115.99,30.02],[116.04,29.88],[116.25,29.94],[116.2,30.04]]]},"properties":{"name":"Long Hu"}},
{"type":"Feature","geometry":{"type":"Polygon","coordinates":[[[114.35,30.2],[114.41,30.11],[114.54,30.19],[114.6,30.3],[114.41,30.27],[114.35,30.2]]]},"properties":{"name":"Liangzi Hu"}},
{"type":"Feature","geometry":{"type":"Polygon","coordinates":[[[89.32,31.79],[89.27,31.87],[88.97,31.92],[88.81,31.84],[88.61,31.88],[88.68,31.73],[88.93,31.73],[88.95,31.62],[89.14,31.6],[89.32,31.79]]]},"properties":{"name":"Siling Co"}},
{"type":"Feature","geometry":{"type":"Polygon","coordinates":[[[92.79,48.18],[92.54,48.14],[92.4,48.16],[92.48,48.34],[92.29,48.35],[92.25,48.13],[91.98,48.01],[92.08,47.82],[92.2,47.77],[92.44,48.03],[92.79,48.18]]]},"properties":{"name":"Har Us Nuur"}},
{"type":"Feature","geometry":{"type":"Polygon","coordinates":[[[176.07,-38.81],[176.06,-38.72],[175.81,-38.68],[175.75,-38.77],[175.8,-38.95],[176.07,-38.81]]]},"properties":{"name":"Lake Taupo"}},
{"type":"Feature","geometry":{"type":"Polygon","coordinates":[[[6.87,46.43],[6.59,46.53],[6.34,46.46],[6.34,46.36],[6.87,46.43]]]},"properties":{"name":"Lake Geneva"}},
{"type":"Feature","geometry":{"type":"Polygon","coordinates":[[[-6.49,54.72],[-6.58,54.56],[-6.35,54.5],[-6.28,54.6],[-6.32,54.71],[-6.49,54.72]]]},"properties":{"name":"Lough Neagh"}},
{"type":"Feature","geometry":{"type":"Polygon","coordinates":[[[14.93,58.78],[14.63,58.68],[14.51,58.56],[14.21,58.15],[14.12,57.92],[14.25,57.81],[14.5,58.09],[14.69,58.39],[14.95,58.51],[14.89,58.59],[14.93,58.78]]]},"properties":{"name":"Vättern"}},
{"type":"Feature","geometry":{"type":"Polygon","coordinates":[[[42.99,38.35],[43.15,38.34],[43.32,38.49],[43.19,38.6],[43.29,38.81],[43.53,38.9],[43.44,38.99],[43.15,38.95],[43.08,38.81],[42.72,38.78],[42.53,38.75],[42.35,38.5],[42.68,38.46],[42.88,38.48],[42.99,38.35]]]},"properties":{"name":"Lake Van"}},
{"type":"Feature","geometry":{"type":"Polygon","coordinates":[[[-110.2,44.34],[-110.27,44.54],[-110.45,44.48],[-110.27,44.32],[-110.2,44.34]]]},"properties":{"name":"Yellowstone Lake"}},
{"type":"Feature","geometry":{"type":"Polygon","coordinates":[[[-152.94,70.57],[-153.61,70.74],[-154.26,70.66],[-154.02,70.54],[-153.66,70.48],[-152.94,70.57]]]},"properties":{"name":"Teshekpuk Lake"}},
{"type":"Feature","geometry":{"type":"Polygon","coordinates":[[[-114.16,47.93],[-114.25,47.84],[-114,47.78],[-114.05,48.02],[-114.16,47.93]]]},"properties":{"name":"Flathead Lake"}},
{"type":"Feature","geometry":{"type":"Polygon","coordinates":[[[-113.64,35.83],[-113.78,36.05],[-114,36.24],[-114.23,36.05],[-114.37,36.21],[-114.82,36.12],[-114.77,36.02],[-114.64,36.11],[-114.37,36.1],[-114.21,36.01],[-114.11,36.03],[-113.99,36.16],[-113.79,36.01],[-113.64,35.83]]]},"properties":{"name":"Lake Mead"}},
{"type":"Feature","geometry":{"type":"Polygon","coordinates":[[[-111.82,58.56],[-111.72,58.66],[-111.84,58.72],[-112.34,58.78],[-112.43,58.68],[-112.39,58.58],[-112.08,58.35],[-111.9,58.31],[-111.82,58.56]]]},"properties":{"name":"Lake Claire"}},
{"type":"Feature","geometry":{"type":"Polygon","coordinates":[[[-63.18,54.13],[-63.37,54.14],[-63.58,54.08],[-63.75,54.1],[-64.14,54.35],[-64.32,54.52],[-64.42,54.33],[-64.22,54.18],[-64.58,54.19],[-64.82,54.08],[-65.13,54.08],[-65.19,53.99],[-65.4,54.01],[-65.68,54.18],[-65.94,54.27],[-66.19,54.48],[-66.2,54.58],[-66.35,54.69],[-66.43,54.81],[-66.34,54.98],[-66.53,55.1],[-66.6,54.92],[-66.51,54.8],[-66.51,54.65],[-66.62,54.62],[-66.61,54.49],[-66.49,54.27],[-66.35,54.42],[-66.11,54.35],[-65.83,54.14],[-65.58,54.06],[-65.45,53.91],[-65.34,53.88],[-65.38,53.72],[-65.32,53.6],[-65.53,53.49],[-65.13,53.5],[-65.26,53.8],[-64.92,53.92],[-64.75,53.93],[-64.56,54.12],[-64.18,54.01],[-64.12,53.9],[-63.83,53.86],[-63.53,53.93],[-63.49,54.01],[-63.2,53.96],[-63.1,54],[-63.18,54.13]]]},"properties":{"name":"Smallwood Reservoir"}},
{"type":"Feature","geometry":{"type":"Polygon","coordinates":[[[101.02,73.86],[101.53,73.84],[101.53,73.95],[101.16,74.25],[101.43,74.36],[101.98,74.24],[102.04,74.5],[103.57,74.59],[104.51,74.74],[105.23,74.78],[105.31,74.85],[104.86,74.91],[104.47,75.09],[104.15,75.11],[103.88,74.93],[104.23,74.81],[103.25,74.68],[102.48,74.64],[101.81,74.64],[101.06,74.68],[100.57,74.82],[100.62,74.98],[100.1,74.86],[100.43,74.72],[100.49,74.58],[100.17,74.44],[100.22,74.35],[100.9,74.26],[101.1,73.99],[101.02,73.86]]]},"properties":{"name":"Lake Taymyr"}},
{"type":"Feature","geometry":{"type":"Polygon","coordinates":[[[-88.88,15.71],[-89.39,15.49],[-89.3,15.38],[-89.08,15.44],[-88.97,15.64],[-88.88,15.71]]]},"properties":{"name":"Lago de Izabal"}},
{"type":"Feature","geometry":{"type":"Polygon","coordinates":[[[149.32,72.04],[148.92,72.03],[149.19,71.92],[149.32,72.04]]]},"properties":{"name":"Ozero Mogotoyevo"}},
{"type":"Feature","geometry":{"type":"Polygon","coordinates":[[[89.61,37.5],[89.64,37.58],[89.4,37.63],[89.14,37.54],[89.51,37.49],[89.61,37.5]]]},"properties":{"name":"Ayakkum Hu"}},
{"type":"Feature","geometry":{"type":"Polygon","coordinates":[[[14.08,63.26],[14.06,63.19],[14.36,63.09],[14.61,63.21],[14.08,63.26]]]},"properties":{"name":"Storsjön"}},
{"type":"Feature","geometry":{"type":"Polygon","coordinates":[[[-91.35,50.97],[-91.32,50.92],[-90.94,50.95],[-90.53,51.07],[-90.43,51.12],[-90.6,51.21],[-90.98,51.01],[-91.27,51.07],[-91.35,50.97]]]},"properties":{"name":"Lake St. Joseph"}},
{"type":"Feature","geometry":{"type":"Polygon","coordinates":[[[32.51,-8.04],[32.03,-7.63],[31.9,-7.58],[31.8,-7.65],[31.82,-7.78],[31.96,-7.99],[32.17,-7.96],[32.52,-8.09],[32.51,-8.04]]]},"properties":{"name":"Lake Rukwa"}},
{"type":"Feature","geometry":{"type":"Polygon","coordinates":[[[102.88,18.53],[102.51,18.75],[102.61,18.48],[102.88,18.53]]]},"properties":{"name":"Nam Ngum Reservoir"}},
{"type":"Feature","geometry":{"type":"Polygon","coordinates":[[[-74.53,48.46],[-74.37,48.49],[-74.41,48.59],[-74.58,48.64],[-74.52,48.76],[-74.72,48.78],[-75.18,48.6],[-75.28,48.6],[-75.39,48.48],[-75.08,48.34],[-74.96,48.36],[-74.95,48.58],[-74.76,48.45],[-74.53,48.46]]]},"properties":{"name":"Réservoir Gouin"}},
{"type":"Feature","geometry":{"type":"Polygon","coordinates":[[[119.41,32.79],[119.35,33.08],[119.24,33.01],[119.23,32.88],[119.08,32.85],[119.17,32.69],[119.41,32.79]]]},"properties":{"name":"Gaoyou Hu"}},
{"type":"Feature","geometry":{"type":"Polygon","coordinates":[[[88.16,69.5],[87.93,69.76],[87.41,70],[87.35,69.89],[87.61,69.81],[87.73,69.51],[88.16,69.5]]]},"properties":{"name":"Ozero Pyasino"}},
{"type":"Feature","geometry":{"type":"Polygon","coordinates":[[[27.04,61.66],[26.9,61.75],[26.87,61.9],[26.58,61.94],[26.29,61.85],[26.77,61.67],[27.04,61.66]]]},"properties":{"name":null}},
{"type":"Feature","geometry":{"type":"Polygon","coordinates":[[[16.4,59.31],[16.19,59.29],[15.73,59.3],[15.52,59.26],[15.62,59.17],[15.92,59.19],[16.4,59.31]]]},"properties":{"name":"Hjälmaren"}},
{"type":"Feature","geometry":{"type":"Polygon","coordinates":[[[26.63,63.11],[26.43,63.16],[26.46,63.01],[26.65,62.98],[26.63,63.11]]]},"properties":{"name":null}},
{"type":"Feature","geometry":{"type":"Polygon","coordinates":[[[-73.18,55.1],[-73.43,55.01],[-73.05,54.95],[-72.71,55.01],[-72.29,55.17],[-72.3,55.27],[-72.52,55.22],[-72.92,55.18],[-73.18,55.1]]]},"properties":{"name":"Lake Bienville"}},
{"type":"Feature","geometry":{"type":"Polygon","coordinates":[[[37.23,60.16],[37.47,60.09],[37.97,60.09],[37.98,60.24],[37.74,60.33],[37.4,60.29],[37.23,60.16]]]},"properties":{"name":"Lake Beloye"}},
{"type":"Feature","geometry":{"type":"Polygon","coordinates":[[[-54.89,4.78],[-54.94,4.9],[-55.13,5],[-55.28,4.7],[-55.26,4.52],[-55.12,4.46],[-54.98,4.61],[-54.89,4.78]]]},"properties":{"name":"Van Blommestein Meer"}},
{"type":"Feature","geometry":{"type":"Polygon","coordinates":[[[35.74,-3.64],[35.84,-3.7],[35.88,-3.45],[35.79,-3.48],[35.74,-3.64]]]},"properties":{"name":"Lake Manyara"}},
{"type":"Feature","geometry":{"type":"Polygon","coordinates":[[[38.06,6.58],[37.87,6.49],[37.89,6.26],[37.71,6.09],[37.84,6.07],[38.11,6.45],[38.06,6.58]]]},"properties":{"name":"Lake Äbaya"}},
{"type":"Feature","geometry":{"type":"Polygon","coordinates":[[[18.18,67.48],[18.12,67.56],[17.44,67.71],[17.25,67.67],[17.84,67.59],[18.18,67.48]]]},"properties":{"name":"Akkajaure"}},
{"type":"Feature","geometry":{"type":"Polygon","coordinates":[[[17.59,46.77],[18.14,46.96],[18.08,47.05],[17.59,46.77]]]},"properties":{"name":"Lake Balaton"}},
{"type":"Feature","geometry":{"type":"Polygon","coordinates":[[[-77.26,42.81],[-77.29,42.84],[-77.33,42.78],[-77.31,42.77],[-77.26,42.81]]]},"properties":{"name":"Canandaigua Lake"}},
{"type":"Feature","geometry":{"type":"Polygon","coordinates":[[[-76.48,42.77],[-76.47,42.78],[-76.54,42.92],[-76.55,42.9],[-76.53,42.84],[-76.48,42.77]]]},"properties":{"name":"Owasco Lake"}},
{"type":"Feature","geometry":{"type":"Polygon","coordinates":[[[-76.27,42.79],[-76.29,42.83],[-76.37,42.89],[-76.43,42.96],[-76.43,42.91],[-76.36,42.85],[-76.27,42.79]]]},"properties":{"name":"Skaneateles Lake"}},
{"type":"Feature","geometry":{"type":"Polygon","coordinates":[[[-163.47,60.41],[-163.85,60.43],[-163.77,60.29],[-163.47,60.41]]]},"properties":{"name":null}},
{"type":"Feature","geometry":{"type":"Polygon","coordinates":[[[-111.29,42.03],[-111.31,42.15],[-111.39,42.13],[-111.41,41.99],[-111.29,42.03]]]},"properties":{"name":"Bear Lake"}},
{"type":"Feature","geometry":{"type":"Polygon","coordinates":[[[-111.74,40.19],[-111.79,40.37],[-111.89,40.12],[-111.74,40.19]]]},"properties":{"name":"Utah Lake"}},
{"type":"Feature","geometry":{"type":"Polygon","coordinates":[[[-126.41,66.94],[-126.37,66.78],[-126.19,66.8],[-126.13,66.94],[-126.41,66.94]]]},"properties":{"name":null}},
{"type":"Feature","geometry":{"type":"Polygon","coordinates":[[[-94.25,47.19],[-94.28,47.27],[-94.59,47.2],[-94.39,47.07],[-94.25,47.19]]]},"properties":{"name":"Leech Lake"}},
{"type":"Feature","geometry":{"type":"Polygon","coordinates":[[[-90.29,48.93],[-90.55,48.9],[-90.6,48.81],[-90.38,48.79],[-90.29,48.93]]]},"properties":{"name":"Lac des Mille Lacs"}},
{"type":"Feature","geometry":{"type":"Polygon","coordinates":[[[-75.69,46.9],[-75.95,46.87],[-76.03,46.76],[-75.75,46.72],[-75.69,46.9]]]},"properties":{"name":"Réservoir Baskatong"}},
{"type":"Feature","geometry":{"type":"Polygon","coordinates":[[[-72.27,-40.26],[-72.33,-40.13],[-72.53,-40.17],[-72.55,-40.27],[-72.27,-40.26]]]},"properties":{"name":"Lago Ranco"}},
{"type":"Feature","geometry":{"type":"Polygon","coordinates":[[[-121.26,60.45],[-121.09,60.59],[-121.32,60.59],[-121.57,60.46],[-121.41,60.4],[-121.26,60.45]]]},"properties":{"name":"Trout Lake"}},
{"type":"Feature","geometry":{"type":"Polygon","coordinates":[[[-72.31,-49.76],[-72.18,-49.78],[-72.13,-49.67],[-72.26,-49.61],[-72.93,-49.44],[-73.02,-49.51],[-73.03,-49.67],[-72.62,-49.64],[-72.31,-49.76]]]},"properties":{"name":"Lago Viedma"}},
{"type":"Feature","geometry":{"type":"Polygon","coordinates":[[[18.04,-0.96],[18.13,-0.98],[18.09,-0.68],[17.98,-0.65],[17.9,-0.74],[17.92,-0.82],[18.04,-0.96]]]},"properties":{"name":"Lac Tumba"}},
{"type":"Feature","geometry":{"type":"Polygon","coordinates":[[[30.77,63.83],[30.91,63.71],[31.1,63.79],[30.77,63.83]]]},"properties":{"name":null}},
{"type":"Feature","geometry":{"type":"Polygon","coordinates":[[[116.42,30.11],[116.53,30.09],[116.54,30.21],[116.32,30.2],[116.42,30.11]]]},"properties":{"name":"Po Hu"}},
{"type":"Feature","geometry":{"type":"Polygon","coordinates":[[[117.58,47.69],[117.73,47.72],[117.87,47.86],[117.71,47.95],[117.57,47.84],[117.58,47.69]]]},"properties":{"name":"Buyr Nuur"}},
{"type":"Feature","geometry":{"type":"Polygon","coordinates":[[[83.23,31.46],[83.29,31.51],[83.1,31.65],[82.93,31.61],[82.86,31.54],[83.23,31.46]]]},"properties":{"name":"Ngangla Ringeo"}},
{"type":"Feature","geometry":{"type":"Polygon","coordinates":[[[86.78,31.17],[86.74,31.34],[86.65,31.37],[86.61,31.22],[86.4,30.87],[86.49,30.81],[86.63,31.08],[86.78,31.17]]]},"properties":{"name":"Tangra Yumco"}},
{"type":"Feature","geometry":{"type":"Polygon","coordinates":[[[79.77,52.97],[79.74,53.09],[79.59,53.14],[79.4,53.04],[79.4,52.94],[79.52,52.86],[79.69,52.83],[79.77,52.97]]]},"properties":{"name":"Ozero Kulundinskoye"}},
{"type":"Feature","geometry":{"type":"Polygon","coordinates":[[[73.39,53.07],[73.4,53.36],[73.2,53.4],[72.99,53.37],[73.09,53.27],[73.39,53.07]]]},"properties":{"name":"Siletitengiz Köli"}},
{"type":"Feature","geometry":{"type":"Polygon","coordinates":[[[80.33,55.54],[80.09,55.55],[79.82,55.45],[80.1,55.41],[80.33,55.54]]]},"properties":{"name":"Ubinskoye Lake"}},
{"type":"Feature","geometry":{"type":"Polygon","coordinates":[[[38.65,61.34],[38.66,61.22],[38.84,61.21],[38.92,61.44],[38.65,61.34]]]},"properties":{"name":null}},
{"type":"Feature","geometry":{"type":"Polygon","coordinates":[[[28.87,66.31],[28.83,66.23],[28.56,66.19],[28.63,66.06],[29.09,66.3],[28.87,66.31]]]},"properties":{"name":null}},
{"type":"Feature","geometry":{"type":"Polygon","coordinates":[[[34.19,67.87],[34.32,67.7],[34.32,67.54],[34.53,67.55],[34.55,67.64],[34.28,67.89],[34.19,67.87]]]},"properties":{"name":"Umbozero Lake"}},
{"type":"Feature","geometry":{"type":"Polygon","coordinates":[[[32.32,66.5],[32.22,66.6],[32.34,66.67],[32.22,66.84],[31.86,66.89],[31.58,66.76],[31.9,66.74],[32.12,66.56],[32.32,66.5]]]},"properties":{"name":"Lake Kovdozero"}},
{"type":"Feature","geometry":{"type":"Polygon","coordinates":[[[170.66,-43.66],[170.54,-43.68],[170.51,-43.85],[170.58,-43.85],[170.66,-43.66]]]},"properties":{"name":"Lake Tekapo"}},
{"type":"Feature","geometry":{"type":"Polygon","coordinates":[[[142.19,72.56],[141.96,72.61],[141.59,72.57],[141.69,72.46],[142.19,72.56]]]},"properties":{"name":"Ozero Bustakh"}},
{"type":"Feature","geometry":{"type":"Polygon","coordinates":[[[90.93,28.92],[90.88,29.02],[90.67,29.01],[90.56,28.87],[90.81,28.94],[90.93,28.92]]]},"properties":{"name":"Yamzho Yumco"}},
{"type":"Feature","geometry":{"type":"Polygon","coordinates":[[[72,56.2],[71.62,56.18],[71.68,56.07],[71.95,56.11],[72,56.2]]]},"properties":{"name":"Ozero Tenis"}},
{"type":"Feature","geometry":{"type":"Polygon","coordinates":[[[67.68,55.8],[67.48,55.81],[67.38,55.87],[67.3,55.75],[67.5,55.71],[67.68,55.8]]]},"properties":{"name":"Ozero Chërnoye"}},
{"type":"Feature","geometry":{"type":"Polygon","coordinates":[[[32.91,65.97],[32.8,65.76],[33.07,65.83],[32.91,65.97]]]},"properties":{"name":null}},
{"type":"Feature","geometry":{"type":"Polygon","coordinates":[[[158.93,70.09],[158.61,70.14],[158.64,70.03],[158.93,70.09]]]},"properties":{"name":"Ozero Bol'šoe Morskoe"}},
{"type":"Feature","geometry":{"type":"Polygon","coordinates":[[[160.03,69.46],[160.06,69.39],[160.45,69.43],[160.22,69.52],[160.03,69.46]]]},"properties":{"name":"Ozero Chukochye"}},
{"type":"Feature","geometry":{"type":"Polygon","coordinates":[[[118.78,31.41],[118.96,31.46],[118.94,31.55],[118.72,31.54],[118.78,31.41]]]},"properties":{"name":"Shijiu Hu"}},
{"type":"Feature","geometry":{"type":"Polygon","coordinates":[[[113.45,29.94],[113.36,29.95],[113.24,29.85],[113.37,29.79],[113.45,29.94]]]},"properties":{"name":"Hong Hu"}},
{"type":"Feature","geometry":{"type":"Polygon","coordinates":[[[26.14,58.33],[25.93,58.31],[26.05,58.15],[26.14,58.33]]]},"properties":{"name":"Võrtsjärv"}},
{"type":"Feature","geometry":{"type":"Polygon","coordinates":[[[117.94,31.52],[117.73,31.66],[117.54,31.59],[117.32,31.59],[117.47,31.47],[117.62,31.45],[117.78,31.58],[117.94,31.52]]]},"properties":{"name":"Chao Hu"}},
{"type":"Feature","geometry":{"type":"Polygon","coordinates":[[[12.9,63.65],[13.01,63.54],[13.12,63.55],[13.09,63.65],[12.9,63.65]]]},"properties":{"name":null}},
{"type":"Feature","geometry":{"type":"Polygon","coordinates":[[[-64.97,44.25],[-65.2,44.18],[-65.1,44.15],[-65,44.18],[-64.97,44.25]]]},"properties":{"name":"Lake Rossignol"}},
{"type":"Feature","geometry":{"type":"Polygon","coordinates":[[[-66.11,45.87],[-65.99,45.94],[-65.93,46.03],[-66.03,46.05],[-66.11,45.87]]]},"properties":{"name":"Grand Lake"}},
{"type":"Feature","geometry":{"type":"Polygon","coordinates":[[[-120.32,41.99],[-120.49,41.99],[-120.47,41.8],[-120.4,41.79],[-120.32,41.99]]]},"properties":{"name":"Goose Lake"}},
{"type":"Feature","geometry":{"type":"Polygon","coordinates":[[[-119.43,39.9],[-119.53,40.18],[-119.7,40.12],[-119.49,39.88],[-119.43,39.9]]]},"properties":{"name":"Pyramid Lake"}},
{"type":"Feature","geometry":{"type":"Polygon","coordinates":[[[44.99,40.51],[45.18,40.39],[45.25,40.2],[45.31,40.15],[45.54,40.16],[45.65,40.19],[45.6,40.32],[45.37,40.48],[45.01,40.61],[44.99,40.51]]]},"properties":{"name":"Lake Sevan"}},
{"type":"Feature","geometry":{"type":"Polygon","coordinates":[[[114.84,30.29],[114.81,30.35],[114.67,30.3],[114.68,30.23],[114.84,30.29]]]},"properties":{"name":null}},
{"type":"Feature","geometry":{"type":"Polygon","coordinates":[[[114.6,30.66],[114.7,30.61],[114.79,30.66],[114.75,30.74],[114.6,30.66]]]},"properties":{"name":null}},
{"type":"Feature","geometry":{"type":"Polygon","coordinates":[[[117.33,34.59],[117.18,34.72],[117.13,34.66],[117.17,34.54],[117.33,34.59]]]},"properties":{"name":"Weishan Hu"}},
{"type":"Feature","geometry":{"type":"Polygon","coordinates":[[[114.6,30.34],[114.75,30.43],[114.63,30.46],[114.6,30.34]]]},"properties":{"name":null}},
{"type":"Feature","geometry":{"type":"Polygon","coordinates":[[[114.3,30.02],[114.15,30.08],[114.17,29.92],[114.3,30.02]]]},"properties":{"name":"Huangtang Hu"}},
{"type":"Feature","geometry":{"type":"Polygon","coordinates":[[[114.16,29.87],[114.1,30.02],[113.94,29.98],[114.09,29.93],[114.16,29.87]]]},"properties":{"name":null}},
{"type":"Feature","geometry":{"type":"Polygon","coordinates":[[[-119.6,37.06],[-119.67,37.03],[-119.64,37.01],[-119.6,37.06]]]},"properties":{"name":"Millerton Lake"}},
{"type":"Feature","geometry":{"type":"Polygon","coordinates":[[[-119.87,68.56],[-119.85,68.25],[-119.53,68.33],[-119.65,68.47],[-119.47,68.61],[-119.66,68.74],[-119.87,68.56]]]},"properties":{"name":"Bluenose Lake"}},
{"type":"Feature","geometry":{"type":"Polygon","coordinates":[[[-70.08,49.44],[-69.9,49.55],[-70.24,49.7],[-70.47,49.67],[-70.72,49.52],[-70.5,49.46],[-70.28,49.64],[-70.14,49.57],[-70.08,49.44]]]},"properties":{"name":"Réservoir Pipmuacan"}},
{"type":"Feature","geometry":{"type":"Polygon","coordinates":[[[-57.03,49.26],[-57.26,49.18],[-57.37,49.01],[-57.78,48.77],[-57.76,48.67],[-57.24,49.06],[-57.03,49.26]]]},"properties":{"name":"Grand Lake"}},
{"type":"Feature","geometry":{"type":"Polygon","coordinates":[[[-126.36,67.27],[-126.2,67.4],[-126.49,67.55],[-126.61,67.52],[-126.49,67.26],[-126.36,67.27]]]},"properties":{"name":null}},
{"type":"Feature","geometry":{"type":"Polygon","coordinates":[[[-125.75,67.31],[-126.24,67.22],[-126.22,67.09],[-125.83,67.12],[-125.75,67.31]]]},"properties":{"name":"Colville Lake"}},
{"type":"Feature","geometry":{"type":"Polygon","coordinates":[[[-118.67,65],[-118.58,64.88],[-118.32,64.9],[-118.24,64.99],[-118.26,65.2],[-118.44,65.29],[-118.83,65.19],[-118.67,65]]]},"properties":{"name":"Hottah Lake"}},
{"type":"Feature","geometry":{"type":"Polygon","coordinates":[[[-90.36,53.77],[-90.03,53.69],[-89.81,53.69],[-89.85,53.81],[-90,53.89],[-90.36,53.77]]]},"properties":{"name":"Big Trout Lake"}},
{"type":"Feature","geometry":{"type":"Polygon","coordinates":[[[-93.16,51.07],[-93.07,51.16],[-93.14,51.27],[-93.37,51.3],[-93.48,51.21],[-93.32,51.07],[-93.16,51.07]]]},"properties":{"name":"Trout Lake"}},
{"type":"Feature","geometry":{"type":"Polygon","coordinates":[[[-94.24,53.73],[-94.01,53.8],[-94.13,53.89],[-94.59,53.86],[-94.75,53.99],[-94.93,53.93],[-94.93,53.83],[-94.52,53.71],[-94.24,53.73]]]},"properties":{"name":"Island Lake"}},
{"type":"Feature","geometry":{"type":"Polygon","coordinates":[[[-70.51,53],[-70.69,53],[-70.92,52.94],[-70.94,52.82],[-70.78,52.81],[-70.64,52.74],[-70.47,52.75],[-70.51,53]]]},"properties":{"name":"Lake Naococane"}},
{"type":"Feature","geometry":{"type":"Polygon","coordinates":[[[-104.4,55.16],[-104.4,55.25],[-104.62,55.31],[-104.95,55.28],[-105.08,55.3],[-105.24,55.22],[-105.24,54.96],[-105.13,54.92],[-104.82,54.99],[-104.69,55.13],[-104.4,55.16]]]},"properties":{"name":"Lac la Ronge"}},
{"type":"Feature","geometry":{"type":"Polygon","coordinates":[[[-93.53,46.25],[-93.61,46.36],[-93.76,46.31],[-93.77,46.2],[-93.54,46.15],[-93.53,46.25]]]},"properties":{"name":"Mille Lacs Lake"}},
{"type":"Feature","geometry":{"type":"Polygon","coordinates":[[[-71.29,43.63],[-71.37,43.72],[-71.44,43.63],[-71.29,43.63]]]},"properties":{"name":"Lake Winnipesaukee"}},
{"type":"Feature","geometry":{"type":"Polygon","coordinates":[[[-79.45,44.31],[-79.2,44.38],[-79.21,44.54],[-79.34,44.64],[-79.58,44.41],[-79.45,44.31]]]},"properties":{"name":"Lake Simcoe"}},
{"type":"Feature","geometry":{"type":"Polygon","coordinates":[[[-93.92,54.83],[-94.27,54.84],[-94.48,54.8],[-94.51,54.67],[-94.74,54.5],[-94.47,54.52],[-94.41,54.59],[-93.99,54.67],[-93.92,54.83]]]},"properties":{"name":"Gods Lake"}},
{"type":"Feature","geometry":{"type":"Polygon","coordinates":[[[91.32,35.6],[91.27,35.63],[90.99,35.65],[91.04,35.57],[91.27,35.53],[91.32,35.6]]]},"properties":{"name":"Hoh Xil Hu"}},
{"type":"Feature","geometry":{"type":"Polygon","coordinates":[[[47.61,30.69],[47.5,30.81],[47.29,30.77],[46.98,30.86],[46.86,30.92],[46.75,30.9],[46.82,30.73],[47.1,30.74],[47.49,30.66],[47.61,30.69]]]},"properties":{"name":"Lake Hammar"}},
{"type":"Feature","geometry":{"type":"Polygon","coordinates":[[[-118.68,43.29],[-118.66,43.41],[-118.93,43.41],[-118.82,43.24],[-118.68,43.29]]]},"properties":{"name":"Malheur Lake"}},
{"type":"Feature","geometry":{"type":"Polygon","coordinates":[[[-56.48,48.3],[-56.56,48.35],[-56.69,48.22],[-56.59,48.23],[-56.48,48.3]]]},"properties":{"name":null}},
{"type":"Feature","geometry":{"type":"Polygon","coordinates":[[[-95.6,55.61],[-95.8,55.57],[-95.9,55.49],[-95.77,55.44],[-95.6,55.61]]]},"properties":{"name":null}},
{"type":"Feature","geometry":{"type":"Polygon","coordinates":[[[-165.38,65.21],[-165.82,65.19],[-165.6,65.1],[-165.38,65.21]]]},"properties":{"name":null}},
{"type":"Feature","geometry":{"type":"Polygon","coordinates":[[[-163.8,61.14],[-163.55,61.23],[-163.83,61.22],[-163.8,61.14]]]},"properties":{"name":null}},
{"type":"Feature","geometry":{"type":"Polygon","coordinates":[[[-162.51,60.79],[-162.66,60.84],[-162.75,60.8],[-162.57,60.76],[-162.51,60.79]]]},"properties":{"name":null}},
{"type":"Feature","geometry":{"type":"Polygon","coordinates":[[[-158.86,59.2],[-158.95,59.31],[-159,59.29],[-158.94,59.18],[-158.86,59.2]]]},"properties":{"name":"Tikchik Lakes"}},
{"type":"Feature","geometry":{"type":"Polygon","coordinates":[[[-158.22,59.94],[-158.54,60.02],[-159,59.95],[-158.83,59.91],[-158.53,59.96],[-158.22,59.94]]]},"properties":{"name":"Tikchik Lakes"}},
{"type":"Feature","geometry":{"type":"Polygon","coordinates":[[[-159.16,60.2],[-158.78,60.19],[-158.92,60.27],[-159.16,60.2]]]},"properties":{"name":"Tikchik Lakes"}},
{"type":"Feature","geometry":{"type":"Polygon","coordinates":[[[-158.71,59.56],[-158.79,59.6],[-159.05,59.55],[-158.87,59.48],[-158.71,59.56]]]},"properties":{"name":"Tikchik Lakes"}},
{"type":"Feature","geometry":{"type":"Polygon","coordinates":[[[93.8,49.13],[93.65,49.21],[93.47,49.2],[93.26,49.29],[92.86,49.31],[92.86,49.23],[93.24,49.1],[93.4,48.99],[93.8,49.13]]]},"properties":{"name":"Khyargas Nuur"}},
{"type":"Feature","geometry":{"type":"Polygon","coordinates":[[[85.89,30.93],[85.73,31.03],[85.4,31.04],[85.38,30.91],[85.51,30.85],[85.69,30.87],[85.8,30.76],[85.89,30.93]]]},"properties":{"name":null}},
{"type":"Feature","geometry":{"type":"Polygon","coordinates":[[[42.45,11.68],[42.4,11.69],[42.4,11.65],[42.44,11.64],[42.45,11.68]]]},"properties":{"name":"Lake Assal"}},
{"type":"Feature","geometry":{"type":"Polygon","coordinates":[[[-92.92,48.43],[-92.6,48.42],[-92.6,48.56],[-93.12,48.67],[-93.32,48.93],[-93.46,48.9],[-93.5,48.81],[-93.36,48.75],[-93.38,48.62],[-93.08,48.59],[-92.7,48.52],[-92.92,48.43]]]},"properties":{"name":"Rainy Lake"}},
{"type":"Feature","geometry":{"type":"Polygon","coordinates":[[[-122.5,56.08],[-122.57,56.16],[-122.97,56.12],[-123.24,56.03],[-123.79,56.07],[-123.97,56.06],[-124.05,56.22],[-124.25,56.26],[-124.76,56.74],[-124.83,56.71],[-124.35,56.21],[-124.03,56],[-123.92,55.83],[-123.76,55.86],[-123.72,56.01],[-123.14,55.97],[-123.01,56.04],[-122.5,56.08]]]},"properties":{"name":"Williston Lake"}},
{"type":"Feature","geometry":{"type":"Polygon","coordinates":[[[-96.05,56.14],[-96.11,56.2],[-96.5,56.15],[-96.57,56.09],[-96.09,56.08],[-96.05,56.14]]]},"properties":{"name":"Split Lake"}},
{"type":"Feature","geometry":{"type":"Polygon","coordinates":[[[-106.22,47.59],[-106.25,47.81],[-106.34,47.88],[-106.33,47.99],[-106.43,48.03],[-106.59,47.96],[-106.56,47.75],[-106.38,47.85],[-106.22,47.59]]]},"properties":{"name":"Ft. Peck Lake"}},
{"type":"Feature","geometry":{"type":"Polygon","coordinates":[[[-102.15,47.57],[-101.92,47.46],[-101.59,47.51],[-101.4,47.51],[-101.28,47.63],[-101.88,47.56],[-102.16,47.62],[-102.21,47.68],[-102.31,47.96],[-102.42,47.94],[-102.38,47.82],[-102.24,47.59],[-102.15,47.57]]]},"properties":{"name":"Lake Sakakawea"}},
{"type":"Feature","geometry":{"type":"Polygon","coordinates":[[[-132.1,59.61],[-132.23,59.85],[-132.52,60.1],[-132.61,60.05],[-132.4,59.92],[-132.16,59.63],[-132.1,59.61]]]},"properties":{"name":"Teslin Lake"}},
{"type":"Feature","geometry":{"type":"Polygon","coordinates":[[[-117.91,49.34],[-117.91,49.37],[-118.05,49.46],[-118.06,49.41],[-117.96,49.34],[-117.91,49.34]]]},"properties":{"name":"Lower Arrow Lake"}},
{"type":"Feature","geometry":{"type":"Polygon","coordinates":[[[-116.21,48.16],[-116.37,48.21],[-116.41,48.11],[-116.21,48.16]]]},"properties":{"name":"Lake Pend Oreille"}},
{"type":"Feature","geometry":{"type":"Polygon","coordinates":[[[-120.01,47.85],[-120.53,48.2],[-120.53,48.16],[-120.2,47.96],[-120.12,47.88],[-120.01,47.85]]]},"properties":{"name":"Lake Chelan"}},
{"type":"Feature","geometry":{"type":"Polygon","coordinates":[[[-105.39,59.13],[-105.01,59.17],[-104.95,59.24],[-105.22,59.3],[-105.39,59.13]]]},"properties":{"name":"Black Lake"}},
{"type":"Feature","geometry":{"type":"Polygon","coordinates":[[[-146.47,62.33],[-146.61,62.41],[-146.7,62.41],[-146.56,62.29],[-146.47,62.33]]]},"properties":{"name":"Lake Louise"}},
{"type":"Feature","geometry":{"type":"Polygon","coordinates":[[[-94.97,48.03],[-95.09,48.07],[-95.25,47.99],[-95.11,47.89],[-94.79,47.91],[-94.97,48.03]]]},"properties":{"name":"Lower Red Lake"}},
{"type":"Feature","geometry":{"type":"Polygon","coordinates":[[[-95.02,48.12],[-95.01,48.07],[-94.75,48.07],[-94.6,48.11],[-94.69,48.2],[-95.02,48.12]]]},"properties":{"name":"Upper Red Lake"}},
{"type":"Feature","geometry":{"type":"Polygon","coordinates":[[[-97.97,62.55],[-97.63,62.49],[-97.47,62.53],[-97.61,62.66],[-97.66,62.86],[-97.98,62.86],[-98.21,62.81],[-98.36,62.71],[-98.13,62.66],[-97.97,62.55]]]},"properties":{"name":"Yathkyed Lake"}},
{"type":"Feature","geometry":{"type":"Polygon","coordinates":[[[-70.65,64.69],[-70.38,64.71],[-70.63,64.91],[-70.77,65.07],[-71.23,65.21],[-71.3,65.27],[-71.67,65.31],[-71.57,65.13],[-71.64,64.98],[-71.51,64.91],[-71.87,64.84],[-71.9,64.73],[-71.5,64.61],[-71.22,64.64],[-71.05,64.77],[-70.8,64.77],[-70.65,64.69]]]},"properties":{"name":"Amadjuak Lake"}},
{"type":"Feature","geometry":{"type":"Polygon","coordinates":[[[-100.92,29.5],[-101.07,29.51],[-101.28,29.65],[-101.29,29.51],[-101.04,29.46],[-100.92,29.5]]]},"properties":{"name":"Amistad Reservoir"}},
{"type":"Feature","geometry":{"type":"Polygon","coordinates":[[[-76.48,47.14],[-76.47,47.33],[-76.41,47.45],[-76.63,47.51],[-76.82,47.52],[-76.79,47.39],[-76.48,47.14]]]},"properties":{"name":"Cabonga Reservoir"}},
{"type":"Feature","geometry":{"type":"Polygon","coordinates":[[[-102.71,20.19],[-102.89,20.32],[-103,20.33],[-103.37,20.26],[-103.17,20.18],[-103.01,20.18],[-102.79,20.12],[-102.71,20.19]]]},"properties":{"name":"Lago de Chapala"}},
{"type":"Feature","geometry":{"type":"Polygon","coordinates":[[[-86.1,12.31],[-86.16,12.32],[-86.29,12.47],[-86.59,12.41],[-86.47,12.27],[-86.32,12.28],[-86.26,12.17],[-86.1,12.21],[-86.1,12.31]]]},"properties":{"name":"Lago de Managua"}},
{"type":"Feature","geometry":{"type":"Polygon","coordinates":[[[-54.18,-24.71],[-54.26,-24.64],[-54.25,-24.29],[-54.38,-24.42],[-54.42,-24.58],[-54.4,-24.69],[-54.53,-24.88],[-54.53,-25.05],[-54.58,-25.11],[-54.55,-25.23],[-54.63,-25.3],[-54.63,-25.42],[-54.42,-25.39],[-54.43,-25.31],[-54.2,-25.24],[-54.38,-25.18],[-54.32,-25.08],[-54.39,-24.98],[-54.29,-24.75],[-54.18,-24.71]]]},"properties":{"name":"Itaipú Reservoir"}},
{"type":"Feature","geometry":{"type":"Polygon","coordinates":[[[-79.67,9.14],[-79.9,9.15],[-79.8,9.07],[-79.67,9.14]]]},"properties":{"name":"Lago Gatun"}},
{"type":"Feature","geometry":{"type":"Polygon","coordinates":[[[28.99,-16.61],[28.62,-16.49],[28.39,-16.59],[28.3,-16.57],[28.04,-16.82],[27.9,-16.77],[27.79,-16.82],[27.72,-16.93],[27.69,-17.07],[27.61,-17.07],[27.43,-17.3],[27.34,-17.46],[27.34,-17.55],[27.11,-17.77],[27.08,-17.96],[27.35,-17.6],[27.58,-17.45],[27.7,-17.21],[27.84,-17.15],[27.96,-17.04],[28.05,-17.06],[28.15,-16.84],[28.34,-16.79],[28.45,-16.86],[28.51,-16.76],[28.65,-16.7],[28.76,-16.81],[28.93,-16.69],[28.99,-16.61]]]},"properties":{"name":"Lake Kariba"}},
{"type":"Feature","geometry":{"type":"Polygon","coordinates":[[[33.49,1.64],[33.41,1.73],[33.31,1.66],[33.1,1.63],[32.94,1.56],[32.61,1.51],[32.58,1.41],[32.74,1.34],[32.9,1.43],[33.02,1.38],[33.26,1.22],[33.33,1.36],[33.14,1.48],[33.16,1.54],[33.33,1.62],[33.49,1.64]]]},"properties":{"name":"Lake Kyoga"}},
{"type":"Feature","geometry":{"type":"Polygon","coordinates":[[[39.27,59.78],[39.4,59.62],[39.73,59.48],[39.71,59.63],[39.27,59.78]]]},"properties":{"name":"Ozero Kubenskoye"}},
{"type":"Feature","geometry":{"type":"Polygon","coordinates":[[[9.73,47.53],[9.11,47.77],[9.25,47.6],[9.45,47.51],[9.73,47.53]]]},"properties":{"name":"Bodensee"}},
{"type":"Feature","geometry":{"type":"Polygon","coordinates":[[[23.24,61.42],[23.05,61.43],[23.05,61.39],[23.24,61.42]]]},"properties":{"name":null}},
{"type":"Feature","geometry":{"type":"Polygon","coordinates":[[[35.52,31.18],[35.45,31.23],[35.38,31.18],[35.42,31.1],[35.52,31.18]]]},"properties":{"name":"Dead Sea"}},
{"type":"Feature","geometry":{"type":"Polygon","coordinates":[[[35.63,32.78],[35.62,32.88],[35.57,32.89],[35.53,32.8],[35.63,32.78]]]},"properties":{"name":"Sea of Galilee"}},
{"type":"Feature","geometry":{"type":"Polygon","coordinates":[[[129.03,-16.14],[128.95,-16.12],[128.79,-16.17],[128.64,-16.16],[128.57,-16.44],[128.58,-16.61],[128.76,-16.78],[128.8,-16.45],[128.88,-16.44],[129.03,-16.14]]]},"properties":{"name":"Lake Argyle"}},
{"type":"Feature","geometry":{"type":"Polygon","coordinates":[[[97.89,34.84],[97.8,34.93],[97.76,35.09],[97.65,35.03],[97.55,34.88],[97.6,34.8],[97.89,34.84]]]},"properties":{"name":"Ngoring Hu"}},
{"type":"Feature","geometry":{"type":"Polygon","coordinates":[[[97.47,34.98],[97.35,35.02],[97.07,35],[97.08,34.91],[97.23,34.83],[97.36,34.87],[97.47,34.98]]]},"properties":{"name":"Gyaring Hu"}},
{"type":"Feature","geometry":{"type":"Polygon","coordinates":[[[73.29,41.76],[73.24,41.8],[72.94,41.88],[72.69,41.9],[72.71,41.77],[72.84,41.74],[73.29,41.76]]]},"properties":{"name":"Toktogul Res."}},
{"type":"Feature","geometry":{"type":"Polygon","coordinates":[[[81.31,30.64],[81.25,30.75],[81.13,30.66],[81.31,30.64]]]},"properties":{"name":"Langa Co"}},
{"type":"Feature","geometry":{"type":"Polygon","coordinates":[[[81.58,30.7],[81.52,30.76],[81.38,30.76],[81.43,30.59],[81.58,30.7]]]},"properties":{"name":"Mapam Yumco"}},
{"type":"Feature","geometry":{"type":"Polygon","coordinates":[[[0.27,6.67],[0.24,6.9],[0.3,7.07],[0.27,7.14],[0.28,7.35],[0.32,7.54],[0.28,7.58],[0.26,7.9],[0.05,7.79],[-0.02,7.79],[-0.13,8.01],[-0.33,8.16],[-0.48,8.21],[-0.72,8.4],[-0.93,8.65],[-1.03,8.84],[-1.12,8.93],[-1.13,8.63],[-1.04,8.65],[-0.91,8.56],[-0.72,8.28],[-0.53,8.06],[-0.45,8.09],[-0.19,7.96],[-0.16,7.72],[0.01,7.54],[0.1,7.34],[0.18,7.27],[0.08,7.15],[0.12,6.98],[0.08,6.87],[-0.04,6.85],[-0.06,6.63],[-0.14,6.65],[-0.19,6.74],[-0.34,6.72],[-0.32,6.62],[-0.1,6.49],[-0.01,6.38],[0.13,6.45],[0.15,6.6],[0.27,6.67]],[[0.13,6.68],[0.01,6.72],[0.06,6.81],[0.16,6.77],[0.13,6.68]]]},"properties":{"name":"Lake Volta"}},
{"type":"Feature","geometry":{"type":"Polygon","coordinates":[[[58.31,45.06],[58.22,44.85],[58.32,44.6],[58.24,44.52],[58.36,44.42],[58.52,44.57],[58.56,44.77],[58.62,44.82],[58.55,45.01],[58.68,45.13],[58.63,45.26],[58.67,45.46],[58.87,45.6],[58.91,45.79],[59.06,45.89],[58.85,45.92],[58.71,45.83],[58.64,45.59],[58.55,45.41],[58.42,45.29],[58.31,45.06]]]},"properties":{"name":"South Aral Sea"}},
{"type":"Feature","geometry":{"type":"Polygon","coordinates":[[[60.78,46.09],[61.22,46.24],[61.28,46.45],[61.53,46.68],[61.31,46.65],[61.2,46.58],[61.13,46.45],[60.89,46.47],[60.75,46.65],[60.58,46.56],[60.37,46.62],[60.29,46.7],[60,46.57],[59.99,46.44],[60.13,46.36],[60.35,46.4],[60.58,46.29],[60.72,46.37],[60.82,46.2],[60.78,46.09]]]},"properties":{"name":"North Aral Sea"}},
{"type":"Feature","geometry":{"type":"Polygon","coordinates":[[[59.73,46.08],[59.81,46.12],[59.73,46.32],[59.5,46.32],[59.73,46.08]]]},"properties":{"name":"Barsakelmes Lake"}},
{"type":"Feature","geometry":{"type":"Polygon","coordinates":[[[78.99,46.75],[78.87,46.8],[78.76,46.72],[78.63,46.75],[78.48,46.62],[78.36,46.62],[78.3,46.47],[78.14,46.59],[77.69,46.66],[77.27,46.61],[76.67,46.67],[76.5,46.64],[76.2,46.78],[75.83,46.82],[75.43,46.74],[74.94,46.82],[74.63,46.75],[74.52,46.62],[74.28,46.47],[74.09,46.43],[73.95,46.29],[73.98,46.19],[73.77,46.21],[73.65,46.15],[73.74,46.01],[73.44,45.66],[73.47,45.58],[73.61,45.51],[73.84,45.26],[73.98,45.2],[74.02,45.01],[74.14,45.07],[74.15,45.32],[74.08,45.35],[74.1,45.54],[74.29,45.65],[74.28,46],[74.55,46.01],[74.77,46.11],[74.89,46.38],[75.09,46.46],[75.21,46.43],[75.45,46.5],[75.87,46.54],[76.03,46.51],[76.24,46.55],[76.74,46.53],[77.1,46.45],[77.43,46.5],[77.73,46.41],[77.87,46.43],[78.16,46.32],[78.47,46.39],[78.89,46.37],[79.02,46.45],[79.09,46.58],[79.22,46.61],[79.22,46.72],[79.08,46.81],[78.99,46.75]]]},"properties":{"name":"Lake Balkhash"}},
{"type":"Feature","geometry":{"type":"Polygon","coordinates":[[[30.81,-8.58],[31.02,-8.79],[31.2,-8.65],[31.14,-8.45],[30.96,-8.24],[30.96,-8.12],[30.83,-7.91],[30.73,-7.7],[30.6,-7.54],[30.6,-7.38],[30.51,-7.12],[30.56,-7.07],[30.53,-6.92],[30.4,-6.78],[30.3,-6.62],[30.14,-6.46],[29.97,-6.5],[29.75,-6.29],[29.72,-6.2],[29.78,-6],[29.92,-5.94],[29.95,-5.86],[29.87,-5.63],[29.76,-5.47],[29.81,-5.11],[29.75,-4.98],[29.61,-4.91],[29.65,-4.42],[29.52,-4.2],[29.36,-3.86],[29.33,-3.66],[29.33,-3.39],[29.2,-3.34],[29.14,-3.41],[29.15,-3.62],[29.1,-3.79],[29.09,-4.09],[29.1,-4.21],[29.2,-4.44],[29.12,-4.59],[29.12,-5.12],[29.23,-5.37],[29.37,-5.62],[29.33,-5.8],[29.19,-5.92],[29.22,-6.09],[29.31,-6.19],[29.42,-6.49],[29.48,-6.54],[29.51,-6.72],[29.75,-7],[30.01,-7.15],[30.15,-7.3],[30.21,-7.47],[30.22,-7.67],[30.29,-7.87],[30.37,-7.9],[30.57,-8.12],[30.57,-8.26],[30.46,-8.38],[30.46,-8.5],[30.67,-8.5],[30.81,-8.58]]]},"properties":{"name":"Lake Tanganyika"}},
{"type":"Feature","geometry":{"type":"Polygon","coordinates":[[[-52.6,-32.59],[-52.59,-32.5],[-52.69,-32.35],[-52.96,-32.47],[-53.03,-32.6],[-53.3,-32.76],[-53.32,-32.88],[-53.47,-32.96],[-53.62,-33.14],[-53.57,-33.48],[-53.44,-33.47],[-53.45,-33.35],[-53.41,-33.16],[-53.23,-33.06],[-53.13,-32.85],[-53.02,-32.8],[-52.89,-32.91],[-52.77,-32.88],[-52.6,-32.59]]]},"properties":{"name":"Lagoa Mirim"}},
{"type":"Feature","geometry":{"type":"Polygon","coordinates":[[[-97.96,50.36],[-97.97,50.47],[-98.24,50.72],[-98.5,50.86],[-98.72,50.91],[-98.76,50.99],[-98.57,51.24],[-98.75,51.36],[-98.75,51.55],[-98.86,51.71],[-99.24,51.65],[-99.34,51.76],[-99.55,51.71],[-99.54,51.58],[-99.32,51.62],[-99.16,51.54],[-99.08,51.34],[-98.83,51.07],[-98.94,51.01],[-98.61,50.57],[-98.55,50.29],[-98.45,50.21],[-98.15,50.24],[-97.96,50.36]]]},"properties":{"name":"Lake Manitoba"}},
{"type":"Feature","geometry":{"type":"Polygon","coordinates":[[[-99.67,51.61],[-99.65,51.84],[-99.8,51.88],[-99.74,51.97],[-99.84,52.24],[-99.68,52.47],[-99.7,52.81],[-99.68,52.9],[-99.84,52.97],[-100.51,53.17],[-100.82,53.09],[-100.96,53.15],[-101.1,53.08],[-101.01,53.01],[-100.99,52.88],[-100.82,52.75],[-100.68,52.78],[-100.62,52.89],[-100.45,52.95],[-100.42,52.77],[-100.27,52.87],[-100.06,52.76],[-99.99,52.57],[-100.14,52.35],[-100.16,52.12],[-100.05,51.76],[-99.77,51.59],[-99.67,51.61]]]},"properties":{"name":"Lake Winnipegosis"}},
{"type":"Feature","geometry":{"type":"Polygon","coordinates":[[[-68.26,51.4],[-68.32,51.64],[-68.64,51.71],[-69.15,51.58],[-69.15,51.27],[-68.87,51.09],[-68.74,50.92],[-68.45,51.12],[-68.35,51.15],[-68.2,51.31],[-68.26,51.4]],[[-68.54,51.39],[-68.4,51.28],[-68.47,51.21],[-68.68,51.16],[-68.86,51.2],[-69.05,51.3],[-69.1,51.41],[-68.84,51.6],[-68.61,51.63],[-68.4,51.53],[-68.39,51.37],[-68.54,51.39]]]},"properties":{"name":"Réservoir Manicouagan"}},
{"type":"Feature","geometry":{"type":"Polygon","coordinates":[[[35.4,45.26],[34.84,45.84],[34.75,46.13],[34.64,46.15],[34.59,46.02],[34.43,46.02],[34.54,46.16],[34.16,46.2],[34.03,46.16],[33.92,46.21],[33.73,46.23],[33.89,46.06],[34.13,46.01],[34.36,46],[34.38,45.9],[34.62,45.91],[34.64,45.84],[35,45.63],[35.08,45.5],[35.09,45.36],[35.4,45.26]]]},"properties":{"name":"Syvash"}},
{"type":"Feature","geometry":{"type":"Polygon","coordinates":[[[29.52,62.12],[29.93,62.43],[29.78,62.58],[29.59,62.5],[29.42,62.52],[29.26,62.39],[29.33,62.17],[28.83,62.13],[28.87,62.24],[28.77,62.35],[28.57,62.22],[27.96,62.3],[27.92,62.43],[27.76,62.58],[27.77,62.68],[27.98,62.73],[28.26,62.66],[28.14,62.83],[28.11,63.01],[27.85,63.07],[27.77,63],[27.44,63.02],[27.41,62.9],[27.56,62.85],[27.61,62.6],[27.88,62.33],[27.9,62.16],[28.3,62.1],[28.58,61.99],[28.81,61.83],[28.54,61.84],[28.26,61.74],[28.18,61.54],[28.05,61.51],[27.82,61.73],[27.46,61.52],[27.3,61.56],[27.27,61.32],[27.63,61.21],[27.86,61.25],[27.99,61.08],[28.29,61.08],[28.79,61.2],[28.71,61.35],[28.35,61.35],[28.69,61.48],[28.73,61.67],[29.12,61.6],[29.27,61.61],[29.43,61.73],[29.78,61.89],[29.52,62.12]],[[27.85,62.95],[28.06,62.98],[28.11,62.76],[27.89,62.83],[27.85,62.95]],[[28.5,61.48],[28.24,61.39],[28.28,61.71],[28.48,61.72],[28.54,61.62],[28.5,61.48]],[[29.48,61.97],[29.34,61.97],[29.25,61.81],[28.99,61.8],[28.7,62.08],[29.32,62.13],[29.48,61.97]]]},"properties":{"name":"Lake Saimaa"}},
{"type":"Feature","geometry":{"type":"Polygon","coordinates":[[[84.52,47.93],[84.33,48.02],[84.05,48.08],[83.58,48.27],[83.68,48.35],[83.49,48.72],[83.61,48.91],[84.15,49.09],[84.33,49.12],[84.29,49.24],[83.61,49.61],[83.48,49.54],[83.66,49.44],[83.85,49.42],[84.1,49.24],[84.04,49.11],[83.75,49.04],[83.47,48.86],[83.39,48.5],[83.53,48.38],[83.44,48.27],[83.04,48.25],[83.26,48.09],[83.62,48.01],[84.24,47.71],[84.36,47.73],[84.52,47.93]]]},"properties":{"name":"Lake Zaysan"}},
{"type":"Feature","geometry":{"type":"Polygon","coordinates":[[[-108.56,56.51],[-108.54,56.37],[-108.27,56.24],[-108.43,56.1],[-108.47,55.94],[-108.67,55.98],[-108.87,56.08],[-109.16,56.07],[-109.03,55.93],[-108.76,55.9],[-108.66,55.57],[-108.49,55.76],[-108.3,55.86],[-108.12,56.06],[-108.19,56.27],[-108.13,56.43],[-108.41,56.46],[-108.42,56.63],[-108.63,56.71],[-108.74,56.67],[-108.69,56.49],[-108.56,56.51]]]},"properties":{"name":"Churchill Lake"}},
{"type":"Feature","geometry":{"type":"Polygon","coordinates":[[[-71.17,-46.53],[-71.31,-46.44],[-71.58,-46.36],[-71.63,-46.3],[-71.99,-46.44],[-72.48,-46.6],[-72.58,-46.61],[-72.79,-46.79],[-72.77,-46.87],[-72.26,-46.59],[-72,-46.52],[-71.78,-46.5],[-71.38,-46.58],[-71.17,-46.53]]]},"properties":{"name":"Lago Buenos Aires"}},
{"type":"Feature","geometry":{"type":"Polygon","coordinates":[[[26.95,62.85],[26.77,62.98],[26.67,62.82],[26.82,62.7],[26.45,62.63],[26.18,62.55],[26.18,62.46],[25.94,62.46],[25.82,62.61],[26.1,62.83],[25.9,63.11],[25.59,63.21],[25.44,63.13],[25.83,63.01],[25.93,62.91],[25.78,62.65],[25.63,62.63],[25.92,62.39],[25.88,62.29],[25.67,62.14],[25.67,62.06],[25.44,61.84],[25.23,61.76],[25.4,61.67],[25.4,61.58],[25.19,61.53],[25.25,61.37],[25.5,61.23],[25.87,61.17],[25.98,61.26],[25.58,61.31],[25.59,61.59],[25.71,61.6],[25.59,61.79],[25.88,62.02],[25.83,62.15],[26,62.28],[25.96,62.36],[26.31,62.37],[26.24,62.52],[26.38,62.57],[26.67,62.55],[26.98,62.69],[26.95,62.85]]]},"properties":{"name":"Päijänne"}},
{"type":"Feature","geometry":{"type":"Polygon","coordinates":[[[30.36,65.15],[30.71,65.02],[31.25,65.12],[30.97,65.18],[30.65,65.07],[30.36,65.15]]]},"properties":{"name":"Lake Srednye Kuyto"}},
{"type":"Feature","geometry":{"type":"Polygon","coordinates":[[[35.3,47.49],[35.13,47.84],[35.09,47.68],[35,47.59],[34.49,47.59],[34.21,47.54],[33.94,47.54],[33.93,47.28],[33.63,47.03],[33.72,46.94],[33.9,47.16],[34.19,47.42],[34.59,47.52],[34.96,47.41],[35.27,47.45],[35.3,47.49]]]},"properties":{"name":"Kakhovka Reservoir"}},
{"type":"Feature","geometry":null,"properties":{"name":null}},
{"type":"Feature","geometry":{"type":"Polygon","coordinates":[[[48.39,54.17],[48.57,54.1],[48.81,53.94],[48.9,53.83],[48.87,53.65],[49.01,53.46],[49.2,53.37],[49.49,53.44],[49.85,53.43],[49.88,53.49],[49.25,53.5],[49.09,53.53],[49.09,53.79],[49.19,53.81],[49.28,54.07],[49.02,54.02],[48.85,54.05],[48.8,54.13],[48.55,54.24],[48.5,54.33],[48.63,54.44],[48.86,54.46],[48.99,54.73],[48.94,54.9],[49.01,54.97],[49.22,55.02],[49.4,55.02],[49.46,55.11],[49.89,55.29],[50.73,55.41],[50.88,55.45],[51.22,55.4],[51.25,55.53],[50.68,55.45],[50.38,55.43],[50.09,55.46],[49.79,55.38],[49.45,55.4],[49.17,55.29],[49.16,55.16],[48.86,55.01],[48.86,54.87],[48.75,54.68],[48.42,54.6],[48.39,54.17]]]},"properties":{"name":"Samara Reservoir"}},
{"type":"Feature","geometry":{"type":"Polygon","coordinates":[[[-113.64,35.83],[-113.78,36.05],[-114,36.24],[-114.23,36.05],[-114.37,36.21],[-114.82,36.12],[-114.77,36.02],[-114.64,36.11],[-114.37,36.1],[-114.21,36.01],[-114.11,36.03],[-113.99,36.16],[-113.79,36.01],[-113.64,35.83]]]},"properties":{"name":"Lake Mead"}},
{"type":"Feature","geometry":{"type":"Polygon","coordinates":[[[-110.37,37.9],[-110.52,37.67],[-110.68,37.53],[-110.86,37.33],[-110.96,37.15],[-111.26,37.15],[-111.34,37.06],[-111.53,37.03],[-111.46,36.92],[-111.31,37.02],[-110.79,37.17],[-110.84,37.22],[-110.67,37.45],[-110.43,37.71],[-110.37,37.9]]]},"properties":{"name":"Lake Powell"}},
{"type":"Feature","geometry":{"type":"Polygon","coordinates":[[[-98.29,57.49],[-98.54,57.46],[-98.51,57.3],[-98.67,57.26],[-98.7,57.12],[-98.86,57.06],[-98.87,56.95],[-99.12,57],[-99.33,56.99],[-99.47,56.73],[-99.22,56.74],[-99.07,56.85],[-98.85,56.84],[-98.56,57.06],[-98.25,57.11],[-98.11,57.32],[-98.29,57.49]]]},"properties":{"name":"Southern Indian Lake"}},
{"type":"Feature","geometry":{"type":"Polygon","coordinates":[[[-40.92,-9.26],[-40.93,-9.06],[-41.03,-9],[-41.06,-9.28],[-41.18,-9.28],[-41.19,-9.37],[-41.26,-9.59],[-41.74,-9.56],[-41.92,-9.62],[-42.05,-9.51],[-42.09,-9.59],[-42.2,-9.61],[-42.22,-9.7],[-42.35,-9.71],[-42.29,-9.83],[-42.36,-9.98],[-42.57,-10.07],[-42.68,-9.95],[-42.79,-10],[-42.6,-10.09],[-42.49,-10.27],[-42.56,-10.35],[-42.68,-10.4],[-42.61,-10.48],[-42.75,-10.61],[-42.75,-10.71],[-42.89,-10.77],[-43.09,-10.94],[-43.16,-11.11],[-43.07,-11.11],[-42.93,-11.24],[-42.83,-11.25],[-42.76,-11.14],[-42.73,-10.84],[-42.48,-10.47],[-42.37,-10.43],[-42.26,-10.55],[-42.24,-10.66],[-42.16,-10.67],[-42.36,-10.19],[-42.34,-10.1],[-42.17,-10.08],[-42.07,-9.89],[-41.94,-9.79],[-41.82,-9.82],[-41.46,-9.79],[-41.19,-9.7],[-41.1,-9.5],[-40.84,-9.46],[-40.82,-9.41],[-40.92,-9.26]]]},"properties":{"name":"Represa de Sobradinho"}},
{"type":"Feature","geometry":{"type":"Polygon","coordinates":[[[99.14,2.41],[99.04,2.48],[98.87,2.73],[98.71,2.85],[98.57,2.88],[98.53,2.82],[98.64,2.65],[98.76,2.73],[98.95,2.5],[98.88,2.48],[98.69,2.56],[98.85,2.35],[99,2.35],[99.14,2.41]]]},"properties":{"name":"Danau Toba"}},
{"type":"Feature","geometry":{"type":"Polygon","coordinates":[[[26.57,61.62],[26.47,61.74],[25.97,61.74],[25.9,61.65],[26.57,61.62]]]},"properties":{"name":null}},
{"type":"Feature","geometry":{"type":"Polygon","coordinates":[[[170.25,-44.12],[170.18,-43.83],[170.13,-43.81],[170.18,-44.06],[170.25,-44.12]]]},"properties":{"name":"Lake Pukaki"}},
{"type":"Feature","geometry":{"type":"Polygon","coordinates":[[[170,-44.29],[169.92,-44.22],[169.93,-44.09],[169.87,-44.09],[169.86,-44.22],[169.89,-44.28],[170,-44.29]]]},"properties":{"name":"Lake Ohau"}},
{"type":"Feature","geometry":{"type":"Polygon","coordinates":[[[-80.18,48.81],[-80.06,48.78],[-79.87,48.63],[-79.51,48.61],[-79.32,48.63],[-79.58,48.8],[-79.83,48.73],[-79.84,48.87],[-79.95,48.93],[-80.11,48.91],[-80.18,48.81]]]},"properties":{"name":"Lake Abitibi"}},
{"type":"Feature","geometry":{"type":"Polygon","coordinates":[[[-106.22,47.59],[-106.25,47.81],[-106.34,47.88],[-106.33,47.99],[-106.43,48.03],[-106.59,47.96],[-106.56,47.75],[-106.38,47.85],[-106.22,47.59]]]},"properties":{"name":"Fort Peck Lake"}},
{"type":"Feature","geometry":{"type":"Polygon","coordinates":[[[-100.29,45.02],[-100.26,45.24],[-100.28,45.43],[-100.41,45.56],[-100.35,45.64],[-100.35,45.85],[-100.49,45.99],[-100.57,46.19],[-100.67,46.16],[-100.41,45.81],[-100.43,45.5],[-100.34,45.39],[-100.35,45.1],[-100.45,45],[-100.44,44.9],[-100.56,44.81],[-100.74,44.88],[-100.81,44.83],[-100.68,44.71],[-100.57,44.45],[-100.39,44.45],[-100.6,44.6],[-100.64,44.75],[-100.48,44.79],[-100.37,44.99],[-100.29,45.02]]]},"properties":{"name":"Lake Oahe"}},
{"type":"Feature","geometry":{"type":"Polygon","coordinates":[[[-132.1,59.61],[-132.23,59.85],[-132.52,60.1],[-132.61,60.05],[-132.4,59.92],[-132.16,59.63],[-132.1,59.61]]]},"properties":{"name":"Teslin Lake"}},
{"type":"Feature","geometry":{"type":"Polygon","coordinates":[[[-117.91,49.34],[-117.91,49.37],[-118.05,49.46],[-118.06,49.41],[-117.96,49.34],[-117.91,49.34]]]},"properties":{"name":"Lower Arrow Lake"}},
{"type":"Feature","geometry":{"type":"Polygon","coordinates":[[[32.23,22.67],[32.33,22.58],[32.59,22.78],[32.62,22.9],[32.74,23.03],[32.86,22.98],[32.92,23.25],[33.01,23.24],[32.91,23.58],[32.99,23.7],[32.93,23.94],[32.82,23.91],[32.87,23.76],[32.83,23.62],[32.86,23.34],[32.74,23.23],[32.5,22.76],[32.34,22.69],[32.17,22.79],[31.88,22.64],[31.78,22.48],[31.7,22.45],[31.45,22.21],[31.62,22.24],[31.65,22.31],[31.83,22.35],[32.06,22.66],[32.23,22.67]]]},"properties":{"name":"Lake Nasser"}},
{"type":"Feature","geometry":{"type":"Polygon","coordinates":[[[24.61,61.65],[24.45,61.63],[24.04,61.42],[24.02,61.28],[23.87,61.18],[24.35,61.07],[24.36,61.16],[24.09,61.19],[24.02,61.25],[24.19,61.46],[24.61,61.65]]]},"properties":{"name":null}},
{"type":"Feature","geometry":{"type":"Polygon","coordinates":[[[23.51,61.42],[23.78,61.52],[23.75,61.88],[23.57,61.64],[23.71,61.51],[23.51,61.42]]]},"properties":{"name":"Pyhäjärvi"}},
{"type":"Feature","geometry":{"type":"Polygon","coordinates":[[[0.27,6.67],[0.24,6.9],[0.3,7.07],[0.27,7.14],[0.28,7.35],[0.32,7.54],[0.28,7.58],[0.26,7.9],[0.05,7.79],[-0.02,7.79],[-0.13,8.01],[-0.33,8.16],[-0.48,8.21],[-0.72,8.4],[-0.93,8.65],[-1.03,8.84],[-1.12,8.93],[-1.13,8.63],[-1.04,8.65],[-0.91,8.56],[-0.72,8.28],[-0.53,8.06],[-0.45,8.09],[-0.19,7.96],[-0.16,7.72],[0.01,7.54],[0.1,7.34],[0.18,7.27],[0.08,7.15],[0.12,6.98],[0.08,6.87],[-0.04,6.85],[-0.06,6.63],[-0.14,6.65],[-0.19,6.74],[-0.34,6.72],[-0.32,6.62],[-0.1,6.49],[-0.01,6.38],[0.13,6.45],[0.15,6.6],[0.27,6.67]],[[0.13,6.68],[0.01,6.72],[0.06,6.81],[0.16,6.77],[0.13,6.68]]]},"properties":{"name":"Lake Volta"}},
{"type":"Feature","geometry":{"type":"Polygon","coordinates":[[[103.53,53.64],[103.33,53.78],[103.16,54],[103.1,54.15],[103.26,54.34],[103.28,54.58],[103.15,54.8],[103.3,55.02],[103.36,55.22],[103.23,55.56],[103.25,55.71],[103.06,55.92],[103.02,56.21],[102.8,56.26],[102.25,56.23],[101.96,56.23],[101.71,56.26],[101.71,55.97],[101.41,55.92],[101.74,55.81],[101.81,55.65],[102.07,55.46],[102.33,55.59],[102.1,55.63],[101.91,55.78],[101.99,56.03],[102.51,56.16],[102.72,56.14],[102.92,56.06],[102.99,55.85],[103.14,55.68],[103.18,55.49],[103.27,55.3],[103.23,55.05],[103.07,54.92],[103.03,54.78],[103.19,54.63],[103.22,54.49],[103.02,54.28],[103,54.07],[103.21,53.81],[103.34,53.57],[103.34,53.23],[103.44,53.22],[103.43,53.47],[103.53,53.64]]]},"properties":{"name":"Bratsk Reservoir"}},
{"type":"Feature","geometry":{"type":"Polygon","coordinates":[[[91.94,68.49],[91.48,68.44],[91.09,68.44],[90.23,68.37],[89.52,68.4],[89.94,68.24],[90.92,68.31],[91.11,68.37],[92.33,68.43],[91.94,68.49]]]},"properties":{"name":"Ozero Khantayskoye"}},
{"type":"Feature","geometry":{"type":"Polygon","coordinates":[[[91.31,68.79],[90.92,68.82],[90.45,68.76],[89.74,68.86],[90.05,68.7],[90.54,68.71],[91.31,68.79]]]},"properties":{"name":"Ozero Keta"}},
{"type":"Feature","geometry":{"type":"Polygon","coordinates":[[[89.47,69.38],[89.58,69.44],[90.1,69.54],[90.66,69.45],[91.56,69.42],[91.44,69.51],[91.08,69.49],[90.21,69.63],[89.9,69.6],[89.55,69.49],[88.85,69.37],[88.96,69.32],[89.47,69.38]]]},"properties":{"name":"Ozero Lama"}},
{"type":"Feature","geometry":{"type":"Polygon","coordinates":[[[17.97,65.85],[18,65.88],[17.97,66.11],[17.78,66.19],[17.46,66.07],[17.72,65.98],[17.69,65.88],[17.97,65.85]]]},"properties":{"name":"Uddjaure"}},
{"type":"Feature","geometry":{"type":"Polygon","coordinates":[[[18,65.88],[17.97,65.85],[18.09,65.63],[18.37,65.75],[18.14,65.78],[18,65.88]]]},"properties":{"name":"Storavan"}},
{"type":"Feature","geometry":{"type":"Polygon","coordinates":[[[15.76,63.76],[15.4,64.02],[15.42,64.08],[15.21,64.32],[15.04,64.28],[15.32,64.11],[15.39,63.93],[15.76,63.76]]]},"properties":{"name":null}},
{"type":"Feature","geometry":{"type":"Polygon","coordinates":[[[13.29,64.74],[13.37,64.69],[13.63,64.69],[13.4,64.79],[13.29,64.74]]]},"properties":{"name":null}},
{"type":"Feature","geometry":{"type":"Polygon","coordinates":[[[43.6,33.31],[43.48,33.34],[43.38,33.44],[43.3,33.31],[43.43,33.2],[43.57,33.22],[43.6,33.31]]]},"properties":{"name":"Lake Habbaniyah"}},
{"type":"Feature","geometry":{"type":"Polygon","coordinates":[[[19.29,42.26],[19.22,42.16],[19.39,42.09],[19.48,42.11],[19.36,42.29],[19.29,42.26]]]},"properties":{"name":"Lake Skadar"}},
{"type":"Feature","geometry":{"type":"Polygon","coordinates":[[[-107.93,64.04],[-107.94,64.09],[-108.36,64.18],[-108.43,64.4],[-108.54,64.39],[-108.63,64.17],[-109.03,64.1],[-108.46,63.95],[-108.25,64.02],[-107.93,64.04]]]},"properties":{"name":"Aylmer Lake"}},
{"type":"Feature","geometry":{"type":"Polygon","coordinates":[[[-107.94,64.09],[-107.93,64.04],[-107.62,63.97],[-107.5,63.79],[-107.27,63.78],[-107.11,63.89],[-107.27,63.98],[-107.32,64.13],[-107.75,64.07],[-107.94,64.09]]]},"properties":{"name":"Clinton-Colden Lake"}},
{"type":"Feature","geometry":{"type":"Polygon","coordinates":[[[-99.15,43.43],[-98.93,43.23],[-98.9,43.29],[-99.15,43.43]]]},"properties":{"name":"Lake Francis Case"}},
{"type":"Feature","geometry":{"type":"Polygon","coordinates":[[[-99.18,26.76],[-99.22,26.91],[-99.41,27.04],[-99.36,26.82],[-99.28,26.76],[-99.24,26.58],[-99.15,26.59],[-99.11,26.73],[-99.18,26.76]]]},"properties":{"name":"Falcon Lake"}},
{"type":"Feature","geometry":{"type":"Polygon","coordinates":[[[-107.79,55.21],[-107.79,55.37],[-107.67,55.74],[-107.86,55.66],[-108.04,55.51],[-107.79,55.21]]]},"properties":{"name":"Lac Île-à-la-Crosse"}},
{"type":"Feature","geometry":{"type":"Polygon","coordinates":[[[-103.84,60.55],[-103.98,60.79],[-104.22,60.81],[-104.21,60.94],[-104.42,61.02],[-104.53,60.86],[-104.49,60.73],[-103.95,60.42],[-103.84,60.55]]]},"properties":{"name":"Wholdaia Lake"}},
{"type":"Feature","geometry":{"type":"Polygon","coordinates":[[[-95.25,65],[-95.63,65.04],[-95.93,65],[-95.46,64.79],[-95.46,64.92],[-95.25,65]]]},"properties":{"name":"Tehek Lake"}},
{"type":"Feature","geometry":{"type":"Polygon","coordinates":[[[-69.35,54.08],[-69.7,54.15],[-69.68,54.27],[-69.98,54.24],[-69.98,54.14],[-69.76,54.08],[-69.78,53.95],[-69.41,54.04],[-69.35,54.08]]]},"properties":{"name":"Réservoir de Caniapiscau"}},
{"type":"Feature","geometry":{"type":"Polygon","coordinates":[[[-68.68,53.8],[-68.9,53.99],[-69.06,53.96],[-68.68,53.8]]]},"properties":{"name":null}},
{"type":"Feature","geometry":{"type":"Polygon","coordinates":[[[-70.23,54.44],[-70.02,54.44],[-69.77,54.47],[-69.84,54.52],[-70.23,54.44]]]},"properties":{"name":null}},
{"type":"Feature","geometry":{"type":"Polygon","coordinates":[[[-88.06,36.67],[-88.21,36.97],[-88.27,36.95],[-88.08,36.55],[-88.12,36.29],[-87.91,36.19],[-88.01,36.43],[-88.06,36.67]]]},"properties":{"name":"Kentucky Lake"}},
{"type":"Feature","geometry":{"type":"Polygon","coordinates":[[[-82.41,33.95],[-82.49,33.9],[-82.19,33.69],[-82.41,33.95]]]},"properties":{"name":"J. Strom Thurmond Lake"}},
{"type":"Feature","geometry":{"type":"Polygon","coordinates":[[[-118.4,52.17],[-119.06,52.73],[-118.75,52.4],[-118.55,52.24],[-118.4,52.17]]]},"properties":{"name":"Kinbasket Lake"}},
{"type":"Feature","geometry":{"type":"Polygon","coordinates":[[[-81.68,29.37],[-81.6,29.2],[-81.54,29.29],[-81.68,29.37]]]},"properties":{"name":"Lake George"}},
{"type":"Feature","geometry":{"type":"Polygon","coordinates":[[[-114.36,34.44],[-114.19,34.32],[-114.08,34.32],[-114.33,34.48],[-114.36,34.44]]]},"properties":{"name":"Lake Havasu"}},
{"type":"Feature","geometry":{"type":"Polygon","coordinates":[[[-122.23,40.87],[-122.36,40.72],[-122.24,40.75],[-122.23,40.87]]]},"properties":{"name":"Shasta Lake"}},
{"type":"Feature","geometry":{"type":"Polygon","coordinates":[[[-114.1,65.38],[-113.79,65.24],[-113.51,65.27],[-112.35,65.13],[-112.22,65.23],[-112.68,65.2],[-113.32,65.33],[-113.62,65.42],[-114.1,65.38]]]},"properties":{"name":"Point Lake"}},
{"type":"Feature","geometry":{"type":"Polygon","coordinates":[[[-121.94,42.6],[-122.06,42.47],[-121.81,42.29],[-121.83,42.41],[-121.95,42.5],[-121.94,42.6]]]},"properties":{"name":"Upper Klamath Lake"}},
{"type":"Feature","geometry":{"type":"Polygon","coordinates":[[[-119.2,43.23],[-119.08,43.16],[-119.02,43.26],[-119.13,43.31],[-119.2,43.23]]]},"properties":{"name":"Harney Lake"}},
{"type":"Feature","geometry":{"type":"Polygon","coordinates":[[[-67.71,45.69],[-67.79,45.76],[-67.86,45.74],[-67.78,45.67],[-67.71,45.69]]]},"properties":{"name":"Chiputneticook Lakes"}},
{"type":"Feature","geometry":{"type":"Polygon","coordinates":[[[-49.71,-4.42],[-49.65,-4.48],[-49.71,-4.59],[-49.59,-4.65],[-49.53,-4.85],[-49.28,-5.3],[-49.17,-5.39],[-48.97,-5.33],[-48.96,-5.28],[-49.18,-5.28],[-49.28,-5.16],[-49.35,-4.88],[-49.28,-4.8],[-49.3,-4.68],[-49.43,-4.49],[-49.45,-4.36],[-49.52,-4.26],[-49.63,-3.85],[-49.71,-3.86],[-49.72,-4.03],[-49.87,-4.32],[-49.81,-4.41],[-49.71,-4.42]]]},"properties":{"name":"Represa de Tucuruí"}},
{"type":"Feature","geometry":{"type":"Polygon","coordinates":[[[-44.97,-18.78],[-45.15,-18.73],[-45.13,-18.61],[-45.28,-18.41],[-45.37,-18.49],[-45.26,-18.62],[-45.34,-18.83],[-45.16,-18.95],[-45.12,-18.83],[-44.97,-18.78]]]},"properties":{"name":"Represa Três Marias"}},
{"type":"Feature","geometry":{"type":"Polygon","coordinates":[[[-51.42,-20.43],[-50.98,-20.31],[-50.99,-20.17],[-50.81,-19.93],[-50.95,-19.98],[-50.97,-19.73],[-51.05,-19.78],[-51.05,-20.1],[-51.15,-20.15],[-51.18,-20.26],[-51.44,-20.28],[-51.42,-20.43]]]},"properties":{"name":null}},
{"type":"Feature","geometry":{"type":"Polygon","coordinates":[[[-72.61,-40.66],[-72.46,-40.7],[-72.39,-40.62],[-72.54,-40.62],[-72.61,-40.66]]]},"properties":{"name":null}},
{"type":"Feature","geometry":{"type":"Polygon","coordinates":[[[-68.68,-45.42],[-68.86,-45.39],[-68.97,-45.45],[-68.85,-45.64],[-68.6,-45.64],[-68.57,-45.57],[-68.68,-45.42]]]},"properties":{"name":"Lago Colhué Huapí"}},
{"type":"Feature","geometry":{"type":"Polygon","coordinates":[[[9.13,47.67],[9.09,47.72],[9,47.75],[8.98,47.7],[9.13,47.67]]]},"properties":{"name":null}},
{"type":"Feature","geometry":{"type":"Polygon","coordinates":[[[36.87,62.2],[37.03,62.26],[37.02,62.43],[36.81,62.43],[36.78,62.24],[36.87,62.2]]]},"properties":{"name":null}},
{"type":"Feature","geometry":{"type":"Polygon","coordinates":[[[38.91,60.59],[39.19,60.5],[39.17,60.68],[38.84,60.73],[38.91,60.59]]]},"properties":{"name":null}},
{"type":"Feature","geometry":{"type":"Polygon","coordinates":[[[31.55,64.44],[32,64.41],[31.9,64.51],[31.55,64.44]]]},"properties":{"name":null}},
{"type":"Feature","geometry":{"type":"Polygon","coordinates":[[[32.41,67.46],[32.22,67.54],[31.9,67.51],[32.25,67.41],[32.41,67.46]]]},"properties":{"name":null}},
{"type":"Feature","geometry":{"type":"Polygon","coordinates":[[[35.16,67.81],[35.26,67.88],[35.24,67.96],[35,67.8],[35.16,67.81]]]},"properties":{"name":null}},
{"type":"Feature","geometry":{"type":"Polygon","coordinates":[[[67.99,41.25],[68.02,41.1],[68.28,41.05],[68.39,41.16],[67.99,41.25]]]},"properties":{"name":"Shardara Bögeni"}},
{"type":"Feature","geometry":{"type":"Polygon","coordinates":[[[111.12,62.62],[111.05,62.54],[111.21,62.43],[111.24,62.31],[111.12,62.22],[111.09,62.05],[110.61,62.13],[110.43,62.19],[110.15,62.2],[109.64,62.01],[109.67,61.91],[110.02,62.08],[110.3,62.13],[111.05,61.99],[111.25,61.99],[111.37,62.28],[111.32,62.55],[111.42,62.65],[111.34,62.85],[111.21,63.01],[111.66,63.04],[111.49,62.87],[111.85,62.87],[112.18,62.76],[112.37,62.84],[112.44,63.07],[112.12,63.13],[112.12,62.92],[111.83,62.96],[111.99,63.1],[111.9,63.22],[111.69,63.29],[111.47,63.13],[111.21,63.14],[110.94,63],[110.73,63.09],[110.94,63.16],[110.74,63.24],[110.37,63.24],[110.48,63.14],[110.43,62.99],[110.65,62.98],[111.14,62.85],[111.19,62.71],[111.12,62.62]]]},"properties":{"name":"Vilyuy Reservoir"}},
{"type":"Feature","geometry":{"type":"Polygon","coordinates":[[[139.88,53.56],[139.66,53.46],[139.75,53.35],[139.88,53.56]]]},"properties":{"name":null}},
{"type":"Feature","geometry":{"type":"Polygon","coordinates":[[[174.43,64.57],[174.34,64.44],[174.67,64.48],[174.8,64.65],[174.61,64.65],[174.43,64.57]]]},"properties":{"name":"Ozero Krasnoye"}},
{"type":"Feature","geometry":{"type":"Polygon","coordinates":[[[136.06,35.39],[135.89,35.09],[135.98,35.1],[136.21,35.26],[136.27,35.35],[136.18,35.45],[136.06,35.39]]]},"properties":{"name":"Biwa Ko"}},
{"type":"Feature","geometry":{"type":"Polygon","coordinates":[[[-137.15,61.5],[-137.33,61.61],[-137.52,61.64],[-137.17,61.45],[-137.15,61.5]]]},"properties":{"name":"Aishihik Lake"}},
{"type":"Feature","geometry":{"type":"Polygon","coordinates":[[[-155.45,58.64],[-156.01,58.69],[-156.16,58.6],[-155.65,58.6],[-155.45,58.64]]]},"properties":{"name":null}},
{"type":"Feature","geometry":{"type":"Polygon","coordinates":[[[-162.84,61.04],[-162.8,61.08],[-163,61.11],[-163.03,61.08],[-162.84,61.04]]]},"properties":{"name":null}},
{"type":"Feature","geometry":{"type":"Polygon","coordinates":[[[-154.47,60.22],[-154.72,60.04],[-154.06,60.3],[-154.47,60.22]]]},"properties":{"name":"Lake Clark"}},
{"type":"Feature","geometry":{"type":"Polygon","coordinates":[[[-151.17,60.23],[-150.83,60.13],[-150.89,60.27],[-151.17,60.23]]]},"properties":{"name":null}},
{"type":"Feature","geometry":{"type":"Polygon","coordinates":[[[-160,61.35],[-160.04,61.42],[-160.13,61.36],[-160,61.35]]]},"properties":{"name":null}},
{"type":"Feature","geometry":{"type":"Polygon","coordinates":[[[-162.31,60.95],[-162.37,60.83],[-162.2,60.85],[-162.31,60.95]]]},"properties":{"name":null}},
{"type":"Feature","geometry":{"type":"Polygon","coordinates":[[[-163.71,61.56],[-163.93,61.65],[-163.96,61.62],[-163.73,61.52],[-163.71,61.56]]]},"properties":{"name":null}},
{"type":"Feature","geometry":{"type":"Polygon","coordinates":[[[-163.46,62.67],[-163.62,62.68],[-163.58,62.6],[-163.46,62.67]]]},"properties":{"name":null}},
{"type":"Feature","geometry":{"type":"Polygon","coordinates":[[[-87.66,34.81],[-87.32,34.77],[-86.96,34.57],[-87.01,34.68],[-87.38,34.85],[-87.66,34.81]]]},"properties":{"name":"Wheeler Lake"}},
{"type":"Feature","geometry":{"type":"Polygon","coordinates":[[[91.05,50.21],[90.89,50.14],[90.96,50.08],[91.13,50.13],[91.05,50.21]]]},"properties":{"name":"Üüreg Nuur"}},
{"type":"Feature","geometry":{"type":"Polygon","coordinates":[[[90.4,33.53],[90.19,33.42],[90.25,33.33],[90.39,33.44],[90.4,33.53]]]},"properties":{"name":null}},
{"type":"Feature","geometry":{"type":"Polygon","coordinates":[[[89.71,33.47],[89.92,33.38],[89.97,33.48],[89.71,33.47]]]},"properties":{"name":null}},
{"type":"Feature","geometry":{"type":"Polygon","coordinates":[[[76.17,31.9],[76.09,32.07],[75.94,32.14],[75.97,31.97],[76.17,31.9]]]},"properties":{"name":null}},
{"type":"Feature","geometry":{"type":"Polygon","coordinates":[[[91.47,31.95],[91.53,31.97],[91.53,32.08],[91.42,32.06],[91.47,31.95]]]},"properties":{"name":null}},
{"type":"Feature","geometry":{"type":"Polygon","coordinates":[[[87.41,31.85],[87.53,31.85],[87.55,31.97],[87.42,31.91],[87.41,31.85]]]},"properties":{"name":null}},
{"type":"Feature","geometry":{"type":"Polygon","coordinates":[[[78.44,33.94],[78.73,33.68],[78.76,33.75],[78.49,33.97],[78.44,33.94]]]},"properties":{"name":"Banggong Co"}},
{"type":"Feature","geometry":{"type":"Polygon","coordinates":[[[69.29,50.69],[69.09,50.56],[68.86,50.57],[68.78,50.51],[68.69,50.27],[68.94,50.18],[69.26,50.25],[69.24,50.35],[69.05,50.43],[69.27,50.59],[69.61,50.61],[69.62,50.68],[69.37,50.72],[69.29,50.69]]]},"properties":{"name":"Tengiz Köli"}},
{"type":"Feature","geometry":{"type":"Polygon","coordinates":[[[64.57,52.6],[64.65,52.55],[64.97,52.73],[64.98,52.88],[64.57,52.6]]]},"properties":{"name":"Qusmuryn Köli"}},
{"type":"Feature","geometry":{"type":"Polygon","coordinates":[[[11.8,61.94],[11.78,62.05],[11.74,62.01],[11.75,61.93],[11.8,61.94]]]},"properties":{"name":"Femunden"}},
{"type":"Feature","geometry":{"type":"Polygon","coordinates":[[[11.85,62.21],[11.72,62.1],[11.84,62.05],[11.93,62.21],[11.85,62.21]]]},"properties":{"name":"Femunden"}},
{"type":"Feature","geometry":{"type":"Polygon","coordinates":[[[-76.68,51.37],[-76.82,51.42],[-76.9,51.35],[-76.75,51.29],[-76.68,51.37]]]},"properties":{"name":null}},
{"type":"Feature","geometry":{"type":"Polygon","coordinates":[[[-91.42,51.12],[-91.44,51.16],[-91.61,51.17],[-91.54,51.09],[-91.42,51.12]]]},"properties":{"name":null}},
{"type":"Feature","geometry":{"type":"Polygon","coordinates":[[[-91.97,51.96],[-91.99,51.94],[-91.93,51.89],[-91.9,51.95],[-91.97,51.96]]]},"properties":{"name":null}},
{"type":"Feature","geometry":{"type":"Polygon","coordinates":[[[-78.62,51.08],[-78.79,51.15],[-78.81,51.1],[-78.62,51.08]]]},"properties":{"name":null}},
{"type":"Feature","geometry":{"type":"Polygon","coordinates":[[[-78.63,47.6],[-78.61,47.68],[-78.79,47.69],[-78.76,47.57],[-78.63,47.6]]]},"properties":{"name":null}},
{"type":"Feature","geometry":{"type":"Polygon","coordinates":[[[-77.27,47.59],[-77.29,47.39],[-77.16,47.39],[-77.13,47.56],[-77.27,47.59]]]},"properties":{"name":null}},
{"type":"Feature","geometry":{"type":"Polygon","coordinates":[[[-108.09,64.72],[-107.99,64.71],[-108.02,64.75],[-108.09,64.72]]]},"properties":{"name":null}},
{"type":"Feature","geometry":{"type":"Polygon","coordinates":[[[-108.19,64.65],[-108.24,64.68],[-108.49,64.6],[-108.48,64.56],[-108.19,64.65]]]},"properties":{"name":null}},
{"type":"Feature","geometry":{"type":"Polygon","coordinates":[[[-108.93,64.6],[-108.93,64.71],[-109.06,64.73],[-109.09,64.59],[-108.93,64.6]]]},"properties":{"name":null}},
{"type":"Feature","geometry":{"type":"Polygon","coordinates":[[[-109.25,64.59],[-109.28,64.7],[-109.24,64.74],[-109.35,64.76],[-109.34,64.66],[-109.25,64.59]]]},"properties":{"name":null}},
{"type":"Feature","geometry":{"type":"Polygon","coordinates":[[[-78.87,71.16],[-79.28,71.17],[-79.21,71.1],[-78.9,71.09],[-78.87,71.16]]]},"properties":{"name":null}},
{"type":"Feature","geometry":{"type":"Polygon","coordinates":[[[-104.51,69.72],[-104.36,69.82],[-104.86,69.86],[-104.51,69.72]]]},"properties":{"name":null}},
{"type":"Feature","geometry":{"type":"Polygon","coordinates":[[[-98.38,67.38],[-98.55,67.27],[-98.42,67.19],[-98.23,67.33],[-98.38,67.38]]]},"properties":{"name":null}},
{"type":"Feature","geometry":{"type":"Polygon","coordinates":[[[-96.28,55.24],[-96.11,55.22],[-95.73,55.31],[-95.79,55.4],[-96.05,55.29],[-96.28,55.24]]]},"properties":{"name":null}},
{"type":"Feature","geometry":{"type":"Polygon","coordinates":[[[-102.36,54.58],[-102.26,54.45],[-102.13,54.49],[-102.12,54.71],[-102.29,54.72],[-102.36,54.58]]]},"properties":{"name":null}},
{"type":"Feature","geometry":{"type":"Polygon","coordinates":[[[-105.81,54.23],[-105.67,54.22],[-105.57,54.33],[-105.57,54.46],[-105.68,54.51],[-105.81,54.23]]]},"properties":{"name":null}},
{"type":"Feature","geometry":{"type":"Polygon","coordinates":[[[-70.93,53.52],[-71.02,53.6],[-71.13,53.57],[-70.98,53.43],[-70.93,53.52]]]},"properties":{"name":null}},
{"type":"Feature","geometry":{"type":"Polygon","coordinates":[[[-60.9,52.55],[-61.15,52.59],[-60.79,52.42],[-60.9,52.55]]]},"properties":{"name":null}},
{"type":"Feature","geometry":{"type":"Polygon","coordinates":[[[-112,64.66],[-111.89,64.7],[-112.11,64.85],[-112.33,64.86],[-111.99,64.69],[-112,64.66]]]},"properties":{"name":null}},
{"type":"Feature","geometry":{"type":"Polygon","coordinates":[[[-83.61,48.38],[-83.72,48.42],[-83.85,48.34],[-83.78,48.3],[-83.61,48.38]]]},"properties":{"name":null}},
{"type":"Feature","geometry":{"type":"Polygon","coordinates":[[[-107.06,55.82],[-107.01,55.81],[-106.88,55.91],[-106.95,55.92],[-107.06,55.82]]]},"properties":{"name":null}},
{"type":"Feature","geometry":{"type":"Polygon","coordinates":[[[-106.47,55.63],[-106.34,55.66],[-106.34,55.76],[-106.54,55.69],[-106.47,55.63]]]},"properties":{"name":null}},
{"type":"Feature","geometry":{"type":"Polygon","coordinates":[[[-102.6,62.66],[-102.77,62.7],[-102.68,62.56],[-102.74,62.41],[-102.58,62.45],[-102.55,62.5],[-102.6,62.66]]]},"properties":{"name":null}},
{"type":"Feature","geometry":{"type":"Polygon","coordinates":[[[-103.45,61.37],[-103.3,61.52],[-103.46,61.51],[-103.45,61.37]]]},"properties":{"name":null}},
{"type":"Feature","geometry":{"type":"Polygon","coordinates":[[[-103.84,58.61],[-103.67,58.55],[-103.6,58.66],[-103.79,58.69],[-103.84,58.61]]]},"properties":{"name":null}},
{"type":"Feature","geometry":{"type":"Polygon","coordinates":[[[-69.15,56.51],[-69.27,56.5],[-69.12,56.33],[-69.15,56.51]]]},"properties":{"name":null}},
{"type":"Feature","geometry":{"type":"Polygon","coordinates":[[[-88.93,66.58],[-89.07,66.56],[-89.09,66.48],[-88.93,66.58]]]},"properties":{"name":null}},
{"type":"Feature","geometry":{"type":"Polygon","coordinates":[[[-88.2,66.63],[-88.34,66.71],[-88.61,66.71],[-88.71,66.63],[-88.4,66.66],[-88.2,66.63]]]},"properties":{"name":null}},
{"type":"Feature","geometry":{"type":"Polygon","coordinates":[[[122.82,-23.68],[122.93,-23.59],[122.93,-23.28],[122.7,-23.27],[122.61,-23.47],[122.64,-23.54],[122.82,-23.68]]]},"properties":{"name":"Lake Disappointment"}},
{"type":"Feature","geometry":{"type":"Polygon","coordinates":[[[128.6,-22.65],[128.82,-22.68],[128.9,-22.65],[129.16,-22.45],[129.22,-22.37],[129.06,-22.27],[129.07,-22.17],[129.2,-22.08],[129.14,-22],[129,-22.01],[128.79,-22.22],[128.34,-22.4],[128.32,-22.49],[128.38,-22.6],[128.6,-22.65]]]},"properties":{"name":"Lake Mackay"}},
{"type":"Feature","geometry":{"type":"Polygon","coordinates":[[[135.9,-32.33],[135.97,-32.23],[136.18,-32.25],[136.25,-32.15],[136.31,-31.93],[136.2,-31.58],[136.11,-31.42],[136.08,-31.25],[135.78,-31.24],[135.61,-31.19],[135.49,-31.08],[135.44,-31.23],[135.62,-31.38],[135.64,-31.59],[135.79,-31.62],[135.85,-31.74],[136.05,-31.9],[135.92,-32.15],[135.9,-32.33]]]},"properties":{"name":"Lake Gairdner"}},
{"type":"Feature","geometry":{"type":"Polygon","coordinates":[[[137.83,-31.72],[138.11,-31.39],[138.13,-31.26],[138.03,-31.06],[138.03,-30.95],[137.93,-30.72],[137.75,-30.49],[137.48,-30.38],[137.33,-30.37],[137.43,-30.63],[137.63,-30.67],[137.66,-31],[137.56,-31.16],[137.73,-31.33],[137.7,-31.66],[137.61,-31.81],[137.75,-31.9],[137.83,-31.72]]]},"properties":{"name":"Lake Torrens"}},
{"type":"Feature","geometry":{"type":"Polygon","coordinates":[[[119.8,-29.51],[119.82,-29.41],[119.68,-29.12],[119.94,-28.88],[119.76,-28.89],[119.65,-29.03],[119.55,-29.06],[119.4,-28.99],[119.13,-29.11],[119.14,-29.28],[119.2,-29.35],[119.33,-29.24],[119.44,-29.24],[119.38,-29.54],[119.52,-29.51],[119.55,-29.22],[119.67,-29.21],[119.64,-29.34],[119.69,-29.45],[119.8,-29.51]]]},"properties":{"name":"Lake Barlee"}},
{"type":"Feature","geometry":{"type":"Polygon","coordinates":[[[139.94,-30.96],[139.98,-30.85],[140.04,-30.42],[139.95,-30.32],[139.72,-30.57],[139.49,-30.88],[139.61,-31.01],[139.84,-31.13],[139.94,-30.96]]]},"properties":{"name":"Lake Frome"}},
{"type":"Feature","geometry":{"type":"Polygon","coordinates":[[[137.66,-29.35],[137.72,-29.2],[137.7,-29.13],[137.2,-29.25],[137.12,-29.35],[137.11,-29.45],[137.37,-29.45],[137.66,-29.35]]]},"properties":{"name":"Lake Eyre South"}},
{"type":"Feature","geometry":{"type":"Polygon","coordinates":[[[137.91,-29.1],[137.91,-28.99],[137.79,-28.84],[137.68,-28.65],[137.73,-28.39],[137.7,-28.14],[137.45,-28.09],[137.33,-27.97],[137.03,-27.86],[136.8,-27.97],[136.97,-28.2],[136.97,-28.39],[136.88,-28.45],[136.92,-28.69],[136.89,-28.83],[137.02,-29.01],[137.24,-28.89],[137.34,-29.03],[137.48,-29.01],[137.62,-29.05],[137.78,-29.04],[137.91,-29.1]]]},"properties":{"name":"Lake Eyre North"}}
]}