{"type":"FeatureCollection", "features": [
{"type":"Feature","geometry":{"type":"Point","coordinates":[-58.72,-14.11]},"properties":{"FEATURECLA":"Continent","NAME":"SOUTH AMERICA","LABEL":"SOUTH AMERICA","MIN_LABEL":0,"MAX_LABEL":4,"SCALERANK":0}},
{"type":"Feature","geometry":{"type":"Point","coordinates":[134.55,-24.57]},"properties":{"FEATURECLA":"Continent","NAME":"AUSTRALIA","LABEL":"AUSTRALIA","MIN_LABEL":0,"MAX_LABEL":3,"SCALERANK":0}},
{"type":"Feature","geometry":{"type":"Point","coordinates":[23.63,9.08]},"properties":{"FEATURECLA":"Continent","NAME":"AFRICA","LABEL":"AFRICA","MIN_LABEL":0,"MAX_LABEL":4,"SCALERANK":0}},
{"type":"Feature","geometry":{"type":"Point","coordinates":[44.78,-79.21]},"properties":{"FEATURECLA":"Continent","NAME":"ANTARCTICA","LABEL":null,"MIN_LABEL":0,"MAX_LABEL":4,"SCALERANK":0}},
{"type":"Feature","geometry":{"type":"Point","coordinates":[95.77,46.86]},"properties":{"FEATURECLA":"Continent","NAME":"ASIA","LABEL":"ASIA","MIN_LABEL":0,"MAX_LABEL":4,"SCALERANK":0}},
{"type":"Feature","geometry":{"type":"Point","coordinates":[39.83,55.69]},"properties":{"FEATURECLA":"Continent","NAME":"EUROPE","LABEL":"EUROPE","MIN_LABEL":0,"MAX_LABEL":4,"SCALERANK":0}},
{"type":"Feature","geometry":{"type":"Point","coordinates":[-106.94,50.08]},"properties":{"FEATURECLA":"Continent","NAME":"NORTH AMERICA","LABEL":"NORTH AMERICA","MIN_LABEL":0,"MAX_LABEL":4,"SCALERANK":0}},
{"type":"Feature","geometry":{"type":"Point","coordinates":[163.56,-16.08]},"properties":{"FEATURECLA":"Island group","NAME":"MELANESIA","LABEL":null,"MIN_LABEL":3,"MAX_LABEL":6,"SCALERANK":0}},
{"type":"Feature","geometry":{"type":"Point","coordinates":[157.95,10.09]},"properties":{"FEATURECLA":"Island group","NAME":"MICRONESIA","LABEL":null,"MIN_LABEL":3,"MAX_LABEL":6,"SCALERANK":0}},
{"type":"Feature","geometry":{"type":"Point","coordinates":[-154.08,-13.2]},"properties":{"FEATURECLA":"Island group","NAME":"POLYNESIA","LABEL":null,"MIN_LABEL":2,"MAX_LABEL":6,"SCALERANK":0}},
{"type":"Feature","geometry":{"type":"Point","coordinates":[100.96,-0.38]},"properties":{"FEATURECLA":"Island group","NAME":"MALAY ARCHIPELAGO","LABEL":"MALAY ARCHIPELAGO","MIN_LABEL":3,"MAX_LABEL":6,"SCALERANK":0}},
{"type":"Feature","geometry":{"type":"Point","coordinates":[-18.72,64.75]},"properties":{"FEATURECLA":"Island","NAME":"ICELAND","LABEL":"ICELAND","MIN_LABEL":2,"MAX_LABEL":6,"SCALERANK":1}},
{"type":"Feature","geometry":{"type":"Point","coordinates":[-41.36,74.72]},"properties":{"FEATURECLA":"Island","NAME":"GREENLAND","LABEL":null,"MIN_LABEL":2,"MAX_LABEL":6,"SCALERANK":1}},
{"type":"Feature","geometry":{"type":"Point","coordinates":[46.67,-19.23]},"properties":{"FEATURECLA":"Island","NAME":"MADAGASCAR","LABEL":"MADAGASCAR","MIN_LABEL":3,"MAX_LABEL":6,"SCALERANK":1}},
{"type":"Feature","geometry":{"type":"Point","coordinates":[-74.96,45.64]},"properties":{"FEATURECLA":"Tundra","NAME":"CANADIAN SHIELD","LABEL":"CANADIAN SHIELD","MIN_LABEL":3,"MAX_LABEL":6,"SCALERANK":1}},
{"type":"Feature","geometry":{"type":"Point","coordinates":[-101.43,61.04]},"properties":{"FEATURECLA":"Tundra","NAME":"CANADIAN SHIELD","LABEL":"CANADIAN SHIELD","MIN_LABEL":3,"MAX_LABEL":6,"SCALERANK":1}},
{"type":"Feature","geometry":{"type":"Point","coordinates":[147.28,-22.36]},"properties":{"FEATURECLA":"Range/mtn","NAME":"GREAT DIVIDING RANGE","LABEL":"GREAT DIVIDING RANGE","MIN_LABEL":3.5,"MAX_LABEL":6,"SCALERANK":1}},
{"type":"Feature","geometry":{"type":"Point","coordinates":[10.28,46.77]},"properties":{"FEATURECLA":"Range/mtn","NAME":"ALPS","LABEL":"ALPS","MIN_LABEL":2,"MAX_LABEL":8,"SCALERANK":1}},
{"type":"Feature","geometry":{"type":"Point","coordinates":[77.95,41.77]},"properties":{"FEATURECLA":"Range/mtn","NAME":"TIAN SHAN","LABEL":"TIAN SHAN","MIN_LABEL":2,"MAX_LABEL":6,"SCALERANK":1}},
{"type":"Feature","geometry":{"type":"Point","coordinates":[58.83,56.85]},"properties":{"FEATURECLA":"Range/mtn","NAME":"URAL MOUNTAINS","LABEL":"URAL MOUNTAINS","MIN_LABEL":2,"MAX_LABEL":6,"SCALERANK":1}},
{"type":"Feature","geometry":{"type":"Point","coordinates":[43.75,43.09]},"properties":{"FEATURECLA":"Range/mtn","NAME":"CAUCASUS MTS.","LABEL":null,"MIN_LABEL":2,"MAX_LABEL":6,"SCALERANK":1}},
{"type":"Feature","geometry":{"type":"Point","coordinates":[78.01,32.11]},"properties":{"FEATURECLA":"Range/mtn","NAME":"HIMALAYAS","LABEL":"HIMALAYAS","MIN_LABEL":2,"MAX_LABEL":6,"SCALERANK":1}},
{"type":"Feature","geometry":{"type":"Point","coordinates":[-66.66,-20.13]},"properties":{"FEATURECLA":"Range/mtn","NAME":"ANDES","LABEL":"ANDES","MIN_LABEL":2,"MAX_LABEL":5,"SCALERANK":1}},
{"type":"Feature","geometry":{"type":"Point","coordinates":[-109.8,43.18]},"properties":{"FEATURECLA":"Range/mtn","NAME":"ROCKY MOUNTAINS","LABEL":"ROCKY MOUNTAINS","MIN_LABEL":2,"MAX_LABEL":6,"SCALERANK":1}},
{"type":"Feature","geometry":{"type":"Point","coordinates":[116.82,34.85]},"properties":{"FEATURECLA":"Plain","NAME":"NORTH CHINA PLAIN","LABEL":"NORTH CHINA PLAIN","MIN_LABEL":3,"MAX_LABEL":6,"SCALERANK":1}},
{"type":"Feature","geometry":{"type":"Point","coordinates":[69.48,51.07]},"properties":{"FEATURECLA":"Plain","NAME":"KAZAKH STEPPE","LABEL":null,"MIN_LABEL":3,"MAX_LABEL":6,"SCALERANK":1}},
{"type":"Feature","geometry":{"type":"Point","coordinates":[49.45,63.85]},"properties":{"FEATURECLA":"Plain","NAME":"NORTHERN EUROPEAN PLAIN","LABEL":null,"MIN_LABEL":3,"MAX_LABEL":6,"SCALERANK":1}},
{"type":"Feature","geometry":{"type":"Point","coordinates":[-101.39,44.06]},"properties":{"FEATURECLA":"Plain","NAME":"GREAT PLAINS","LABEL":"GREAT PLAINS","MIN_LABEL":3,"MAX_LABEL":6,"SCALERANK":1}},
{"type":"Feature","geometry":{"type":"Point","coordinates":[21.45,-1.07]},"properties":{"FEATURECLA":"Basin","NAME":"CONGO BASIN","LABEL":"CONGO BASIN","MIN_LABEL":2,"MAX_LABEL":6,"SCALERANK":1}},
{"type":"Feature","geometry":{"type":"Point","coordinates":[-61.94,-7.02]},"properties":{"FEATURECLA":"Basin","NAME":"AMAZON BASIN","LABEL":"AMAZON BASIN","MIN_LABEL":2,"MAX_LABEL":6,"SCALERANK":1}},
{"type":"Feature","geometry":{"type":"Point","coordinates":[78.57,22.95]},"properties":{"FEATURECLA":"Pen/cape","NAME":"INDIA","LABEL":null,"MIN_LABEL":2,"MAX_LABEL":5,"SCALERANK":1}},
{"type":"Feature","geometry":{"type":"Point","coordinates":[14.31,62.65]},"properties":{"FEATURECLA":"Pen/cape","NAME":"SCANDINAVIA","LABEL":null,"MIN_LABEL":3,"MAX_LABEL":6,"SCALERANK":1}},
{"type":"Feature","geometry":{"type":"Point","coordinates":[101.31,18.19]},"properties":{"FEATURECLA":"Pen/cape","NAME":"INDOCHINA PENINSULA","LABEL":null,"MIN_LABEL":3,"MAX_LABEL":6,"SCALERANK":1}},
{"type":"Feature","geometry":{"type":"Point","coordinates":[46.08,22.38]},"properties":{"FEATURECLA":"Pen/cape","NAME":"ARABIAN PENINSULA","LABEL":"ARABIAN PENINSULA","MIN_LABEL":2,"MAX_LABEL":6,"SCALERANK":1}},
{"type":"Feature","geometry":{"type":"Point","coordinates":[103.38,41.98]},"properties":{"FEATURECLA":"Desert","NAME":"GOBI DESERT","LABEL":"GOBI DESERT","MIN_LABEL":3,"MAX_LABEL":6,"SCALERANK":1}},
{"type":"Feature","geometry":{"type":"Point","coordinates":[12.27,22.25]},"properties":{"FEATURECLA":"Desert","NAME":"SAHARA","LABEL":"SAHARA","MIN_LABEL":3,"MAX_LABEL":6,"SCALERANK":1}},
{"type":"Feature","geometry":{"type":"Point","coordinates":[125.46,-24.89]},"properties":{"FEATURECLA":"Plateau","NAME":"WESTERN PLATEAU","LABEL":null,"MIN_LABEL":5,"MAX_LABEL":6,"SCALERANK":1}},
{"type":"Feature","geometry":{"type":"Point","coordinates":[-4.24,40.29]},"properties":{"FEATURECLA":"Plateau","NAME":"PENÍNSULA IBÉRICA","LABEL":null,"MIN_LABEL":3,"MAX_LABEL":6,"SCALERANK":1}},
{"type":"Feature","geometry":{"type":"Point","coordinates":[90.3,33.38]},"properties":{"FEATURECLA":"Plateau","NAME":"PLATEAU OF TIBET","LABEL":null,"MIN_LABEL":3,"MAX_LABEL":6,"SCALERANK":1}},
{"type":"Feature","geometry":{"type":"Point","coordinates":[-85.62,13.98]},"properties":{"FEATURECLA":"Isthmus","NAME":"CENTRAL AMERICA","LABEL":"CENTRAL AMERICA","MIN_LABEL":2,"MAX_LABEL":6,"SCALERANK":1}},
{"type":"Feature","geometry":{"type":"Point","coordinates":[-153.6,65.44]},"properties":{"FEATURECLA":"Geoarea","NAME":"ALASKA","LABEL":"ALASKA","MIN_LABEL":2,"MAX_LABEL":6,"SCALERANK":1}},
{"type":"Feature","geometry":{"type":"Point","coordinates":[110.02,61.46]},"properties":{"FEATURECLA":"Geoarea","NAME":"SIBERIA","LABEL":"SIBERIA","MIN_LABEL":2,"MAX_LABEL":6,"SCALERANK":1}},
{"type":"Feature","geometry":{"type":"Point","coordinates":[86.5,-79.23]},"properties":{"FEATURECLA":"Geoarea","NAME":"East Antarctica","LABEL":null,"MIN_LABEL":2,"MAX_LABEL":6,"SCALERANK":1}},
{"type":"Feature","geometry":{"type":"Point","coordinates":[-91.08,-81.91]},"properties":{"FEATURECLA":"Geoarea","NAME":"West Antarctica","LABEL":null,"MIN_LABEL":2,"MAX_LABEL":6,"SCALERANK":1}},
{"type":"Feature","geometry":{"type":"Point","coordinates":[160.44,-77.11]},"properties":{"FEATURECLA":"Range/mtn","NAME":"Transantarctic Mountains","LABEL":"Transantarctic Mountains","MIN_LABEL":2,"MAX_LABEL":6,"SCALERANK":1}},
{"type":"Feature","geometry":{"type":"Point","coordinates":[-64.54,-70.9]},"properties":{"FEATURECLA":"Peninsula","NAME":"Antarctic Peninsula","LABEL":"Antarctic Peninsula","MIN_LABEL":2,"MAX_LABEL":6,"SCALERANK":1}},
{"type":"Feature","geometry":{"type":"Point","coordinates":[-82.89,-85.57]},"properties":{"FEATURECLA":"Range/mtn","NAME":"Transantarctic Mountains","LABEL":"Transantarctic Mountains","MIN_LABEL":2,"MAX_LABEL":6,"SCALERANK":1}},
{"type":"Feature","geometry":{"type":"Point","coordinates":[75.89,-80.79]},"properties":{"FEATURECLA":"Plateau","NAME":"Polar Plateau","LABEL":"Polar Plateau","MIN_LABEL":2,"MAX_LABEL":6,"SCALERANK":1}},
{"type":"Feature","geometry":{"type":"Point","coordinates":[-75.8,21.1]},"properties":{"FEATURECLA":"Island group","NAME":"WEST INDIES","LABEL":null,"MIN_LABEL":2,"MAX_LABEL":5,"SCALERANK":1}},
{"type":"Feature","geometry":{"type":"Point","coordinates":[-161.79,-0.22]},"properties":{"FEATURECLA":"Island group","NAME":"KIRIBATI","LABEL":null,"MIN_LABEL":3,"MAX_LABEL":6,"SCALERANK":1}},
{"type":"Feature","geometry":{"type":"Point","coordinates":[-165.26,24.27]},"properties":{"FEATURECLA":"Island group","NAME":"HAWAIIAN ISLANDS","LABEL":null,"MIN_LABEL":3,"MAX_LABEL":6,"SCALERANK":1}},
{"type":"Feature","geometry":{"type":"Point","coordinates":[-156.94,-1.09]},"properties":{"FEATURECLA":"Island group","NAME":"LINE ISLANDS","LABEL":null,"MIN_LABEL":3,"MAX_LABEL":6,"SCALERANK":1}},
{"type":"Feature","geometry":{"type":"Point","coordinates":[155.96,5.41]},"properties":{"FEATURECLA":"Island group","NAME":"CAROLINE ISLANDS","LABEL":"CAROLINE ISLANDS","MIN_LABEL":4,"MAX_LABEL":6,"SCALERANK":1}},
{"type":"Feature","geometry":{"type":"Point","coordinates":[-155.51,19.61]},"properties":{"FEATURECLA":"Island group","NAME":"Hawai‘i","LABEL":"Hawai‘i","MIN_LABEL":3,"MAX_LABEL":6,"SCALERANK":1}},
{"type":"Feature","geometry":{"type":"Point","coordinates":[112.55,-2.11]},"properties":{"FEATURECLA":"Island group","NAME":"GREATER SUNDA ISLANDS","LABEL":"GREATER SUNDA ISLANDS","MIN_LABEL":4,"MAX_LABEL":6,"SCALERANK":1}},
{"type":"Feature","geometry":{"type":"Point","coordinates":[122.57,11.19]},"properties":{"FEATURECLA":"Island group","NAME":"PHILIPPINES","LABEL":null,"MIN_LABEL":2,"MAX_LABEL":6,"SCALERANK":1}},
{"type":"Feature","geometry":{"type":"Point","coordinates":[137.49,34.65]},"properties":{"FEATURECLA":"Island group","NAME":"JAPAN","LABEL":null,"MIN_LABEL":2,"MAX_LABEL":5,"SCALERANK":1}},
{"type":"Feature","geometry":{"type":"Point","coordinates":[-88.54,76.58]},"properties":{"FEATURECLA":"Island group","NAME":"ARCTIC ARCHIPELAGO","LABEL":null,"MIN_LABEL":2,"MAX_LABEL":6,"SCALERANK":1}},
{"type":"Feature","geometry":{"type":"Point","coordinates":[-2.59,53.36]},"properties":{"FEATURECLA":"Island group","NAME":"BRITISH ISLES","LABEL":"BRITISH ISLES","MIN_LABEL":2,"MAX_LABEL":5,"SCALERANK":1}},
{"type":"Feature","geometry":{"type":"Point","coordinates":[175.03,-40.28]},"properties":{"FEATURECLA":"Island group","NAME":"NEW ZEALAND","LABEL":"NEW ZEALAND","MIN_LABEL":2,"MAX_LABEL":6,"SCALERANK":1}},
{"type":"Feature","geometry":{"type":"Point","coordinates":[80.71,7.58]},"properties":{"FEATURECLA":"Island","NAME":"SRI LANKA","LABEL":"SRI LANKA","MIN_LABEL":3.5,"MAX_LABEL":7,"SCALERANK":2}},
{"type":"Feature","geometry":{"type":"Point","coordinates":[146.6,-42.06]},"properties":{"FEATURECLA":"Island","NAME":"TASMANIA","LABEL":"TASMANIA","MIN_LABEL":3.5,"MAX_LABEL":7,"SCALERANK":2}},
{"type":"Feature","geometry":{"type":"Point","coordinates":[140.94,-5.34]},"properties":{"FEATURECLA":"Island","NAME":"NEW GUINEA","LABEL":"NEW GUINEA","MIN_LABEL":3.5,"MAX_LABEL":7,"SCALERANK":2}},
{"type":"Feature","geometry":{"type":"Point","coordinates":[114.24,0.82]},"properties":{"FEATURECLA":"Island","NAME":"BORNEO","LABEL":"BORNEO","MIN_LABEL":4.3,"MAX_LABEL":7,"SCALERANK":2}},
{"type":"Feature","geometry":{"type":"Point","coordinates":[101.96,-1.07]},"properties":{"FEATURECLA":"Island","NAME":"SUMATRA","LABEL":"SUMATRA","MIN_LABEL":5.2,"MAX_LABEL":7,"SCALERANK":2}},
{"type":"Feature","geometry":{"type":"Point","coordinates":[138.13,36.06]},"properties":{"FEATURECLA":"Island","NAME":"HONSHÜ","LABEL":"HONSHÜ","MIN_LABEL":4,"MAX_LABEL":7,"SCALERANK":2}},
{"type":"Feature","geometry":{"type":"Point","coordinates":[-7.77,53.35]},"properties":{"FEATURECLA":"Island","NAME":"IRELAND","LABEL":"IRELAND","MIN_LABEL":3.5,"MAX_LABEL":7,"SCALERANK":2}},
{"type":"Feature","geometry":{"type":"Point","coordinates":[-1.6,52.88]},"properties":{"FEATURECLA":"Island","NAME":"GREAT BRITAIN","LABEL":"GREAT BRITAIN","MIN_LABEL":3.5,"MAX_LABEL":6,"SCALERANK":2}},
{"type":"Feature","geometry":{"type":"Point","coordinates":[105.29,75.02]},"properties":{"FEATURECLA":"Pen/cape","NAME":"TAYMYR PENINSULA","LABEL":"TAYMYR PENINSULA","MIN_LABEL":3.5,"MAX_LABEL":7,"SCALERANK":2}},
{"type":"Feature","geometry":{"type":"Point","coordinates":[70.51,70.04]},"properties":{"FEATURECLA":"Pen/cape","NAME":"YAMAL PENINSULA","LABEL":"YAMAL PENINSULA","MIN_LABEL":3.5,"MAX_LABEL":7,"SCALERANK":2}},
{"type":"Feature","geometry":{"type":"Point","coordinates":[159.94,56.58]},"properties":{"FEATURECLA":"Pen/cape","NAME":"KAMCHATKA PENINSULA","LABEL":"KAMCHATKA PENINSULA","MIN_LABEL":3.5,"MAX_LABEL":7,"SCALERANK":2}},
{"type":"Feature","geometry":{"type":"Point","coordinates":[101.81,4.88]},"properties":{"FEATURECLA":"Pen/cape","NAME":"MALAY PENINSULA","LABEL":"MALAY PENINSULA","MIN_LABEL":4,"MAX_LABEL":7,"SCALERANK":2}},
{"type":"Feature","geometry":{"type":"Point","coordinates":[-116.66,39.6]},"properties":{"FEATURECLA":"Basin","NAME":"GREAT BASIN","LABEL":null,"MIN_LABEL":5,"MAX_LABEL":7,"SCALERANK":2}},
{"type":"Feature","geometry":{"type":"Point","coordinates":[141.64,-26.13]},"properties":{"FEATURECLA":"Basin","NAME":"GREAT ARTESIAN BASIN","LABEL":null,"MIN_LABEL":5.3,"MAX_LABEL":7,"SCALERANK":2}},
{"type":"Feature","geometry":{"type":"Point","coordinates":[37.68,10.04]},"properties":{"FEATURECLA":"Range/mtn","NAME":"ETHIOPIAN HIGHLANDS","LABEL":"ETHIOPIAN HIGHLANDS","MIN_LABEL":3.5,"MAX_LABEL":7,"SCALERANK":2}},
{"type":"Feature","geometry":{"type":"Point","coordinates":[51.3,30.35]},"properties":{"FEATURECLA":"Range/mtn","NAME":"ZAGROS MOUNTAINS","LABEL":"ZAGROS MOUNTAINS","MIN_LABEL":4,"MAX_LABEL":7,"SCALERANK":2}},
{"type":"Feature","geometry":{"type":"Point","coordinates":[86.84,49.86]},"properties":{"FEATURECLA":"Range/mtn","NAME":"ALTAY MOUNTAINS","LABEL":"ALTAY MOUNTAINS","MIN_LABEL":4,"MAX_LABEL":7,"SCALERANK":2}},
{"type":"Feature","geometry":{"type":"Point","coordinates":[120.9,47.62]},"properties":{"FEATURECLA":"Range/mtn","NAME":"GREATER KHINGAN RANGE","LABEL":"GREATER KHINGAN RANGE","MIN_LABEL":5,"MAX_LABEL":7,"SCALERANK":2}},
{"type":"Feature","geometry":{"type":"Point","coordinates":[131.24,55.7]},"properties":{"FEATURECLA":"Range/mtn","NAME":"STANOVOY RANGE","LABEL":"STANOVOY RANGE","MIN_LABEL":4,"MAX_LABEL":7,"SCALERANK":2}},
{"type":"Feature","geometry":{"type":"Point","coordinates":[106.88,15.51]},"properties":{"FEATURECLA":"Range/mtn","NAME":"CHAÎNE ANNAMITIQUE","LABEL":null,"MIN_LABEL":5,"MAX_LABEL":7,"SCALERANK":2}},
{"type":"Feature","geometry":{"type":"Point","coordinates":[83.17,28.01]},"properties":{"FEATURECLA":"Range/mtn","NAME":"Siwalik Hills","LABEL":"Siwalik Hills","MIN_LABEL":3.5,"MAX_LABEL":7,"SCALERANK":2}},
{"type":"Feature","geometry":{"type":"Point","coordinates":[73.67,38.46]},"properties":{"FEATURECLA":"Range/mtn","NAME":"PAMIRS","LABEL":"PAMIRS","MIN_LABEL":4,"MAX_LABEL":7,"SCALERANK":2}},
{"type":"Feature","geometry":{"type":"Point","coordinates":[70.9,35.81]},"properties":{"FEATURECLA":"Range/mtn","NAME":"HINDU KUSH","LABEL":"HINDU KUSH","MIN_LABEL":4,"MAX_LABEL":7,"SCALERANK":2}},
{"type":"Feature","geometry":{"type":"Point","coordinates":[77.43,35.44]},"properties":{"FEATURECLA":"Range/mtn","NAME":"KARAKORAM RA.","LABEL":"KARAKORAM RA.","MIN_LABEL":4,"MAX_LABEL":7,"SCALERANK":2}},
{"type":"Feature","geometry":{"type":"Point","coordinates":[86.9,36.6]},"properties":{"FEATURECLA":"Range/mtn","NAME":"KUNLUN MOUNTAINS","LABEL":"KUNLUN MOUNTAINS","MIN_LABEL":4,"MAX_LABEL":7,"SCALERANK":2}},
{"type":"Feature","geometry":{"type":"Point","coordinates":[-2.54,33.29]},"properties":{"FEATURECLA":"Range/mtn","NAME":"ATLAS MOUNTAINS","LABEL":"ATLAS MOUNTAINS","MIN_LABEL":3.5,"MAX_LABEL":7,"SCALERANK":2}},
{"type":"Feature","geometry":{"type":"Point","coordinates":[-83.54,36.52]},"properties":{"FEATURECLA":"Range/mtn","NAME":"APPALACHIAN MTS.","LABEL":null,"MIN_LABEL":3.5,"MAX_LABEL":7,"SCALERANK":2}},
{"type":"Feature","geometry":{"type":"Point","coordinates":[-152.87,68.8]},"properties":{"FEATURECLA":"Range/mtn","NAME":"BROOKS RANGE","LABEL":"BROOKS RANGE","MIN_LABEL":3.5,"MAX_LABEL":7,"SCALERANK":2}},
{"type":"Feature","geometry":{"type":"Point","coordinates":[-128.99,54.76]},"properties":{"FEATURECLA":"Range/mtn","NAME":"COAST MOUNTAINS","LABEL":"COAST MOUNTAINS","MIN_LABEL":3.5,"MAX_LABEL":7,"SCALERANK":2}},
{"type":"Feature","geometry":{"type":"Point","coordinates":[-121.08,48.11]},"properties":{"FEATURECLA":"Range/mtn","NAME":"CASCADE RANGE","LABEL":"CASCADE RANGE","MIN_LABEL":3.5,"MAX_LABEL":7,"SCALERANK":2}},
{"type":"Feature","geometry":{"type":"Point","coordinates":[-151.19,62.44]},"properties":{"FEATURECLA":"Range/mtn","NAME":"ALASKA RANGE","LABEL":"ALASKA RANGE","MIN_LABEL":4,"MAX_LABEL":7,"SCALERANK":2}},
{"type":"Feature","geometry":{"type":"Point","coordinates":[124.59,45.17]},"properties":{"FEATURECLA":"Plain","NAME":"MANCHURIAN PLAIN","LABEL":"MANCHURIAN PLAIN","MIN_LABEL":4,"MAX_LABEL":7,"SCALERANK":2}},
{"type":"Feature","geometry":{"type":"Point","coordinates":[62.53,41.74]},"properties":{"FEATURECLA":"Plain","NAME":"TURAN LOWLAND","LABEL":null,"MIN_LABEL":5,"MAX_LABEL":7,"SCALERANK":2}},
{"type":"Feature","geometry":{"type":"Point","coordinates":[22.73,14.4]},"properties":{"FEATURECLA":"Plain","NAME":"SAHEL","LABEL":"SAHEL","MIN_LABEL":3.5,"MAX_LABEL":7,"SCALERANK":2}},
{"type":"Feature","geometry":{"type":"Point","coordinates":[42.81,49.54]},"properties":{"FEATURECLA":"Plain","NAME":"PONTIC STEPPE","LABEL":null,"MIN_LABEL":4,"MAX_LABEL":7,"SCALERANK":2}},
{"type":"Feature","geometry":{"type":"Point","coordinates":[-83.27,31.17]},"properties":{"FEATURECLA":"Plain","NAME":"COASTAL PLAIN","LABEL":null,"MIN_LABEL":3.5,"MAX_LABEL":7,"SCALERANK":2}},
{"type":"Feature","geometry":{"type":"Point","coordinates":[-91.35,40.93]},"properties":{"FEATURECLA":"Plain","NAME":"CENTRAL LOWLAND","LABEL":null,"MIN_LABEL":4,"MAX_LABEL":7,"SCALERANK":2}},
{"type":"Feature","geometry":{"type":"Point","coordinates":[-60.83,-23.84]},"properties":{"FEATURECLA":"Plain","NAME":"GRAN CHACO","LABEL":"GRAN CHACO","MIN_LABEL":3.5,"MAX_LABEL":7,"SCALERANK":2}},
{"type":"Feature","geometry":{"type":"Point","coordinates":[-68.73,7.23]},"properties":{"FEATURECLA":"Plain","NAME":"LLANOS","LABEL":null,"MIN_LABEL":3.5,"MAX_LABEL":7,"SCALERANK":2}},
{"type":"Feature","geometry":{"type":"Point","coordinates":[-63.48,-34.24]},"properties":{"FEATURECLA":"Plain","NAME":"PAMPAS","LABEL":"PAMPAS","MIN_LABEL":3.5,"MAX_LABEL":7,"SCALERANK":2}},
{"type":"Feature","geometry":{"type":"Point","coordinates":[88.01,24.72]},"properties":{"FEATURECLA":"Plain","NAME":"GANGES PLAIN","LABEL":null,"MIN_LABEL":4,"MAX_LABEL":7,"SCALERANK":2}},
{"type":"Feature","geometry":{"type":"Point","coordinates":[-45.55,-15.88]},"properties":{"FEATURECLA":"Plateau","NAME":"BRAZILIAN HIGHLANDS","LABEL":"BRAZILIAN HIGHLANDS","MIN_LABEL":4,"MAX_LABEL":7,"SCALERANK":2}},
{"type":"Feature","geometry":{"type":"Point","coordinates":[107.75,64.96]},"properties":{"FEATURECLA":"Plateau","NAME":"CENTRAL SIBERIAN PLATEAU","LABEL":"CENTRAL SIBERIAN PLATEAU","MIN_LABEL":3.5,"MAX_LABEL":7,"SCALERANK":2}},
{"type":"Feature","geometry":{"type":"Point","coordinates":[107.7,45.99]},"properties":{"FEATURECLA":"Plateau","NAME":"MONGOLIAN PLATEAU","LABEL":null,"MIN_LABEL":4,"MAX_LABEL":7,"SCALERANK":2}},
{"type":"Feature","geometry":{"type":"Point","coordinates":[77.07,17.34]},"properties":{"FEATURECLA":"Plateau","NAME":"DECCAN PLATEAU","LABEL":"DECCAN PLATEAU","MIN_LABEL":4,"MAX_LABEL":7,"SCALERANK":2}},
{"type":"Feature","geometry":{"type":"Point","coordinates":[-56.3,-10.15]},"properties":{"FEATURECLA":"Plateau","NAME":"PLANALTO DO MATO GROSSO","LABEL":"PLANALTO DO MATO GROSSO","MIN_LABEL":4,"MAX_LABEL":7,"SCALERANK":2}},
{"type":"Feature","geometry":{"type":"Point","coordinates":[71.64,40.67]},"properties":{"FEATURECLA":"Valley","NAME":"Fergana Valley","LABEL":"Fergana Valley","MIN_LABEL":4,"MAX_LABEL":7,"SCALERANK":2}},
{"type":"Feature","geometry":{"type":"Point","coordinates":[44.52,5.63]},"properties":{"FEATURECLA":"Pen/cape","NAME":"SOMALI PENINSULA","LABEL":null,"MIN_LABEL":4,"MAX_LABEL":7,"SCALERANK":2}},
{"type":"Feature","geometry":{"type":"Point","coordinates":[21.96,42.26]},"properties":{"FEATURECLA":"Pen/cape","NAME":"BALKAN PEN.","LABEL":null,"MIN_LABEL":3.5,"MAX_LABEL":7,"SCALERANK":2}},
{"type":"Feature","geometry":{"type":"Point","coordinates":[70.65,44.79]},"properties":{"FEATURECLA":"Desert","NAME":"BETPAQDALA DESERT","LABEL":"BETPAQDALA DESERT","MIN_LABEL":5,"MAX_LABEL":7,"SCALERANK":2}},
{"type":"Feature","geometry":{"type":"Point","coordinates":[73.92,31.03]},"properties":{"FEATURECLA":"Desert","NAME":"PUNJAB","LABEL":null,"MIN_LABEL":3.5,"MAX_LABEL":7,"SCALERANK":2}},
{"type":"Feature","geometry":{"type":"Point","coordinates":[50.54,20.22]},"properties":{"FEATURECLA":"Desert","NAME":"RUB’ AL KHALI","LABEL":"RUB’ AL KHALI","MIN_LABEL":4,"MAX_LABEL":7,"SCALERANK":2}},
{"type":"Feature","geometry":{"type":"Point","coordinates":[-40.01,-6.47]},"properties":{"FEATURECLA":"Desert","NAME":"CAATINGAS","LABEL":null,"MIN_LABEL":4,"MAX_LABEL":7,"SCALERANK":2}},
{"type":"Feature","geometry":{"type":"Point","coordinates":[21.55,-24.66]},"properties":{"FEATURECLA":"Desert","NAME":"KALAHARI DESERT","LABEL":"KALAHARI DESERT","MIN_LABEL":3.5,"MAX_LABEL":7,"SCALERANK":2}},
{"type":"Feature","geometry":{"type":"Point","coordinates":[56.03,66.93]},"properties":{"FEATURECLA":"Tundra","NAME":"Bol’shezemel’skaya Tundra","LABEL":null,"MIN_LABEL":4,"MAX_LABEL":7,"SCALERANK":2}},
{"type":"Feature","geometry":{"type":"Point","coordinates":[-73.16,-3.84]},"properties":{"FEATURECLA":"Foothills","NAME":"SELVAS","LABEL":null,"MIN_LABEL":4,"MAX_LABEL":7,"SCALERANK":2}},
{"type":"Feature","geometry":{"type":"Point","coordinates":[34.98,39.26]},"properties":{"FEATURECLA":"Geoarea","NAME":"ANATOLIA","LABEL":"ANATOLIA","MIN_LABEL":3.5,"MAX_LABEL":7,"SCALERANK":2}},
{"type":"Feature","geometry":{"type":"Point","coordinates":[-69.27,-43.14]},"properties":{"FEATURECLA":"Geoarea","NAME":"PATAGONIA","LABEL":"PATAGONIA","MIN_LABEL":3.5,"MAX_LABEL":7,"SCALERANK":2}},
{"type":"Feature","geometry":{"type":"Point","coordinates":[152.41,-74.63]},"properties":{"FEATURECLA":"Plateau","NAME":"Talos Dome","LABEL":null,"MIN_LABEL":3.5,"MAX_LABEL":7,"SCALERANK":2}},
{"type":"Feature","geometry":{"type":"Point","coordinates":[118.38,-78.26]},"properties":{"FEATURECLA":"Geoarea","NAME":"Wilkes Land","LABEL":"Wilkes Land","MIN_LABEL":3.5,"MAX_LABEL":7,"SCALERANK":2}},
{"type":"Feature","geometry":{"type":"Point","coordinates":[73.24,-74.16]},"properties":{"FEATURECLA":"Plateau","NAME":"American Highland","LABEL":null,"MIN_LABEL":3.5,"MAX_LABEL":7,"SCALERANK":2}},
{"type":"Feature","geometry":{"type":"Point","coordinates":[13.87,-78.01]},"properties":{"FEATURECLA":"Geoarea","NAME":"Queen Maud Land","LABEL":"Queen Maud Land","MIN_LABEL":3.5,"MAX_LABEL":7,"SCALERANK":2}},
{"type":"Feature","geometry":{"type":"Point","coordinates":[-54.94,-83.36]},"properties":{"FEATURECLA":"Range/mtn","NAME":"Pensacola Mountains","LABEL":"Pensacola Mountains","MIN_LABEL":3.5,"MAX_LABEL":7,"SCALERANK":2}},
{"type":"Feature","geometry":{"type":"Point","coordinates":[-84.85,-78.6]},"properties":{"FEATURECLA":"Range/mtn","NAME":"Ellsworth Mountains","LABEL":"Ellsworth Mountains","MIN_LABEL":3.5,"MAX_LABEL":7,"SCALERANK":2}},
{"type":"Feature","geometry":{"type":"Point","coordinates":[-99.03,-79.17]},"properties":{"FEATURECLA":"Plateau","NAME":"Hollick-Kenyon Plateau","LABEL":null,"MIN_LABEL":3.5,"MAX_LABEL":7,"SCALERANK":2}},
{"type":"Feature","geometry":{"type":"Point","coordinates":[-163.83,-85.72]},"properties":{"FEATURECLA":"Range/mtn","NAME":"Queen Maude Mountains","LABEL":"Queen Maude Mts","MIN_LABEL":3.5,"MAX_LABEL":7,"SCALERANK":2}},
{"type":"Feature","geometry":{"type":"Point","coordinates":[-127.85,-80.03]},"properties":{"FEATURECLA":"Geoarea","NAME":"Marie Byrd Land","LABEL":null,"MIN_LABEL":3.5,"MAX_LABEL":7,"SCALERANK":2}},
{"type":"Feature","geometry":{"type":"Point","coordinates":[-136.15,-80.98]},"properties":{"FEATURECLA":"Plateau","NAME":"Rockefeller Plateau","LABEL":null,"MIN_LABEL":3.5,"MAX_LABEL":7,"SCALERANK":2}},
{"type":"Feature","geometry":{"type":"Point","coordinates":[123.38,-75.1]},"properties":{"FEATURECLA":"Plateau","NAME":"Dome C (Charlie)","LABEL":null,"MIN_LABEL":3.5,"MAX_LABEL":7,"SCALERANK":2}},
{"type":"Feature","geometry":{"type":"Point","coordinates":[77.37,-80.37]},"properties":{"FEATURECLA":"Plateau","NAME":"Dome A (Argus)","LABEL":"Dome A (Argus)","MIN_LABEL":3.5,"MAX_LABEL":7,"SCALERANK":2}},
{"type":"Feature","geometry":{"type":"Point","coordinates":[39.7,-77.33]},"properties":{"FEATURECLA":"Plateau","NAME":"Dome F (Fuji)","LABEL":"Dome F (Fuji)","MIN_LABEL":3.5,"MAX_LABEL":7,"SCALERANK":2}},
{"type":"Feature","geometry":{"type":"Point","coordinates":[174.88,-85.24]},"properties":{"FEATURECLA":"Range/mtn","NAME":"Queen Maud Mountains","LABEL":"Queen Maud Mts.","MIN_LABEL":3.5,"MAX_LABEL":7,"SCALERANK":2}},
{"type":"Feature","geometry":{"type":"Point","coordinates":[169.53,-45.11]},"properties":{"FEATURECLA":"Island","NAME":"SOUTH ISLAND","LABEL":"SOUTH ISLAND","MIN_LABEL":4,"MAX_LABEL":7,"SCALERANK":2}},
{"type":"Feature","geometry":{"type":"Point","coordinates":[175.82,-38.73]},"properties":{"FEATURECLA":"Island","NAME":"NORTH ISLAND","LABEL":"NORTH ISLAND","MIN_LABEL":4,"MAX_LABEL":7,"SCALERANK":2}},
{"type":"Feature","geometry":{"type":"Point","coordinates":[92.62,11.95]},"properties":{"FEATURECLA":"Island group","NAME":"ANDAMAN ISLANDS","LABEL":"ANDAMAN ISLANDS","MIN_LABEL":4,"MAX_LABEL":7,"SCALERANK":2}},
{"type":"Feature","geometry":{"type":"Point","coordinates":[93.34,7.81]},"properties":{"FEATURECLA":"Island group","NAME":"NICOBAR ISLANDS","LABEL":"NICOBAR ISLANDS","MIN_LABEL":5,"MAX_LABEL":7,"SCALERANK":2}},
{"type":"Feature","geometry":{"type":"Point","coordinates":[128.4,-4.91]},"properties":{"FEATURECLA":"Island group","NAME":"MOLUCCAS","LABEL":null,"MIN_LABEL":3.5,"MAX_LABEL":7,"SCALERANK":2}},
{"type":"Feature","geometry":{"type":"Point","coordinates":[-166.82,53.79]},"properties":{"FEATURECLA":"Island group","NAME":"ALEUTIAN ISLANDS","LABEL":"ALEUTIAN ISLANDS","MIN_LABEL":3.5,"MAX_LABEL":7,"SCALERANK":2}},
{"type":"Feature","geometry":{"type":"Point","coordinates":[-90.08,78.41]},"properties":{"FEATURECLA":"Island group","NAME":"QUEEN ELIZABETH ISLANDS","LABEL":null,"MIN_LABEL":3.5,"MAX_LABEL":7,"SCALERANK":2}},
{"type":"Feature","geometry":{"type":"Point","coordinates":[112.51,74.33]},"properties":{"FEATURECLA":"Island","NAME":"Bol’shoy Begichev I.","LABEL":"Bol’shoy Begichev I.","MIN_LABEL":5,"MAX_LABEL":8,"SCALERANK":3}},
{"type":"Feature","geometry":{"type":"Point","coordinates":[93.8,7.05]},"properties":{"FEATURECLA":"Island","NAME":"Great Nicobar","LABEL":"Great Nicobar","MIN_LABEL":5,"MAX_LABEL":8,"SCALERANK":3}},
{"type":"Feature","geometry":{"type":"Point","coordinates":[92.69,11.87]},"properties":{"FEATURECLA":"Island","NAME":"S. Andaman","LABEL":"S. Andaman","MIN_LABEL":6,"MAX_LABEL":8,"SCALERANK":3}},
{"type":"Feature","geometry":{"type":"Point","coordinates":[92.84,12.58]},"properties":{"FEATURECLA":"Island","NAME":"Middle Andaman","LABEL":"Middle Andaman","MIN_LABEL":6,"MAX_LABEL":8,"SCALERANK":3}},
{"type":"Feature","geometry":{"type":"Point","coordinates":[92.95,13.25]},"properties":{"FEATURECLA":"Island","NAME":"N. Andaman","LABEL":"N. Andaman","MIN_LABEL":6,"MAX_LABEL":8,"SCALERANK":3}},
{"type":"Feature","geometry":{"type":"Point","coordinates":[-68.64,-53.94]},"properties":{"FEATURECLA":"Island","NAME":"TIERRA DEL FUEGO","LABEL":"TIERRA DEL FUEGO","MIN_LABEL":4,"MAX_LABEL":8,"SCALERANK":3}},
{"type":"Feature","geometry":{"type":"Point","coordinates":[-64.81,44.58]},"properties":{"FEATURECLA":"Island","NAME":"Nova Scotia","LABEL":null,"MIN_LABEL":4,"MAX_LABEL":8,"SCALERANK":3}},
{"type":"Feature","geometry":{"type":"Point","coordinates":[-125.64,49.71]},"properties":{"FEATURECLA":"Island","NAME":"Vancouver Island","LABEL":"Vancouver Island","MIN_LABEL":4,"MAX_LABEL":8,"SCALERANK":3}},
{"type":"Feature","geometry":{"type":"Point","coordinates":[-110.02,70.94]},"properties":{"FEATURECLA":"Island","NAME":"VICTORIA ISLAND","LABEL":null,"MIN_LABEL":3.7,"MAX_LABEL":8,"SCALERANK":3}},
{"type":"Feature","geometry":{"type":"Point","coordinates":[-63.73,56.74]},"properties":{"FEATURECLA":"Island","NAME":"LABRADOR","LABEL":null,"MIN_LABEL":4,"MAX_LABEL":8,"SCALERANK":3}},
{"type":"Feature","geometry":{"type":"Point","coordinates":[-75.44,81.03]},"properties":{"FEATURECLA":"Island","NAME":"ELLESMERE  ISLAND","LABEL":"ELLESMERE ISLAND","MIN_LABEL":4,"MAX_LABEL":8,"SCALERANK":3}},
{"type":"Feature","geometry":{"type":"Point","coordinates":[-70.82,65.64]},"properties":{"FEATURECLA":"Island","NAME":"BAFFIN ISLAND","LABEL":"BAFFIN ISLAND","MIN_LABEL":4,"MAX_LABEL":8,"SCALERANK":3}},
{"type":"Feature","geometry":{"type":"Point","coordinates":[-56.5,48.63]},"properties":{"FEATURECLA":"Island","NAME":"ISLAND OF NEWFOUNDLAND","LABEL":"ISLAND OF NEWFOUNDLAND","MIN_LABEL":5,"MAX_LABEL":8,"SCALERANK":3}},
{"type":"Feature","geometry":{"type":"Point","coordinates":[120.31,-2.01]},"properties":{"FEATURECLA":"Island","NAME":"SULAWESI","LABEL":"SULAWESI","MIN_LABEL":4,"MAX_LABEL":8,"SCALERANK":3}},
{"type":"Feature","geometry":{"type":"Point","coordinates":[110.89,-7.5]},"properties":{"FEATURECLA":"Island","NAME":"JAVA","LABEL":"JAVA","MIN_LABEL":4,"MAX_LABEL":8,"SCALERANK":3}},
{"type":"Feature","geometry":{"type":"Point","coordinates":[124.92,7.69]},"properties":{"FEATURECLA":"Island","NAME":"MINDANAO","LABEL":"MINDANAO","MIN_LABEL":5,"MAX_LABEL":8,"SCALERANK":3}},
{"type":"Feature","geometry":{"type":"Point","coordinates":[121.27,16.79]},"properties":{"FEATURECLA":"Island","NAME":"LUZON","LABEL":"LUZON","MIN_LABEL":5,"MAX_LABEL":8,"SCALERANK":3}},
{"type":"Feature","geometry":{"type":"Point","coordinates":[120.94,23.76]},"properties":{"FEATURECLA":"Island","NAME":"TAIWAN","LABEL":"TAIWAN","MIN_LABEL":4,"MAX_LABEL":8,"SCALERANK":3}},
{"type":"Feature","geometry":{"type":"Point","coordinates":[131.17,32.64]},"properties":{"FEATURECLA":"Island","NAME":"KYÜSHÜ","LABEL":"KYÜSHÜ","MIN_LABEL":5.2,"MAX_LABEL":8,"SCALERANK":3}},
{"type":"Feature","geometry":{"type":"Point","coordinates":[133.98,33.87]},"properties":{"FEATURECLA":"Island","NAME":"SHIKOKU","LABEL":"SHIKOKU","MIN_LABEL":5.2,"MAX_LABEL":8,"SCALERANK":3}},
{"type":"Feature","geometry":{"type":"Point","coordinates":[142.59,43.38]},"properties":{"FEATURECLA":"Island","NAME":"HOKKAIDÖ","LABEL":"HOKKAIDÖ","MIN_LABEL":4,"MAX_LABEL":8,"SCALERANK":3}},
{"type":"Feature","geometry":{"type":"Point","coordinates":[142.88,50.33]},"properties":{"FEATURECLA":"Island","NAME":"SAKHALIN","LABEL":"SAKHALIN","MIN_LABEL":4,"MAX_LABEL":8,"SCALERANK":3}},
{"type":"Feature","geometry":{"type":"Point","coordinates":[9.04,40.1]},"properties":{"FEATURECLA":"Island","NAME":"Sardegna","LABEL":"Sardegna","MIN_LABEL":4,"MAX_LABEL":8,"SCALERANK":3}},
{"type":"Feature","geometry":{"type":"Point","coordinates":[9.1,42.16]},"properties":{"FEATURECLA":"Island","NAME":"Corse","LABEL":"Corse","MIN_LABEL":4,"MAX_LABEL":8,"SCALERANK":3}},
{"type":"Feature","geometry":{"type":"Point","coordinates":[14.37,37.54]},"properties":{"FEATURECLA":"Island","NAME":"Sicilia","LABEL":"Sicilia","MIN_LABEL":4,"MAX_LABEL":8,"SCALERANK":3}},
{"type":"Feature","geometry":{"type":"Point","coordinates":[2.52,34.27]},"properties":{"FEATURECLA":"Range/mtn","NAME":"ATLAS SAHARIEN","LABEL":null,"MIN_LABEL":5,"MAX_LABEL":8,"SCALERANK":3}},
{"type":"Feature","geometry":{"type":"Point","coordinates":[-5.76,32.04]},"properties":{"FEATURECLA":"Range/mtn","NAME":"HAUT ATLAS","LABEL":"HAUT ATLAS","MIN_LABEL":5,"MAX_LABEL":8,"SCALERANK":3}},
{"type":"Feature","geometry":{"type":"Point","coordinates":[29.01,-29.54]},"properties":{"FEATURECLA":"Range/mtn","NAME":"DRAKENSBERG","LABEL":"DRAKENSBERG","MIN_LABEL":4,"MAX_LABEL":8,"SCALERANK":3}},
{"type":"Feature","geometry":{"type":"Point","coordinates":[11.81,-2.26]},"properties":{"FEATURECLA":"Range/mtn","NAME":"CRYSTAL MOUNTAINS","LABEL":"CRYSTAL MOUNTAINS","MIN_LABEL":4,"MAX_LABEL":8,"SCALERANK":3}},
{"type":"Feature","geometry":{"type":"Point","coordinates":[18.22,21.51]},"properties":{"FEATURECLA":"Range/mtn","NAME":"TIBESTI MTS.","LABEL":"TIBESTI MTS.","MIN_LABEL":3.7,"MAX_LABEL":8,"SCALERANK":3}},
{"type":"Feature","geometry":{"type":"Point","coordinates":[5.85,23.86]},"properties":{"FEATURECLA":"Range/mtn","NAME":"AHAGGAR MTS.","LABEL":"AHAGGAR MTS.","MIN_LABEL":4,"MAX_LABEL":8,"SCALERANK":3}},
{"type":"Feature","geometry":{"type":"Point","coordinates":[8.72,18.79]},"properties":{"FEATURECLA":"Range/mtn","NAME":"AÏR MTS.","LABEL":null,"MIN_LABEL":4,"MAX_LABEL":8,"SCALERANK":3}},
{"type":"Feature","geometry":{"type":"Point","coordinates":[28.64,-3.19]},"properties":{"FEATURECLA":"Range/mtn","NAME":"MITUMBA MTS.","LABEL":null,"MIN_LABEL":4,"MAX_LABEL":8,"SCALERANK":3}},
{"type":"Feature","geometry":{"type":"Point","coordinates":[128.87,48.3]},"properties":{"FEATURECLA":"Range/mtn","NAME":"Lesser Khingan Range","LABEL":"Lesser Khingan Range","MIN_LABEL":5,"MAX_LABEL":8,"SCALERANK":3}},
{"type":"Feature","geometry":{"type":"Point","coordinates":[138.58,48.84]},"properties":{"FEATURECLA":"Range/mtn","NAME":"SIKHOTE-ALIN’ RANGE","LABEL":"SIKHOTE-ALIN’ RANGE","MIN_LABEL":5,"MAX_LABEL":8,"SCALERANK":3}},
{"type":"Feature","geometry":{"type":"Point","coordinates":[128.24,66.59]},"properties":{"FEATURECLA":"Range/mtn","NAME":"VERKHOYANSK RANGE","LABEL":"VERKHOYANSK RANGE","MIN_LABEL":4,"MAX_LABEL":8,"SCALERANK":3}},
{"type":"Feature","geometry":{"type":"Point","coordinates":[107.79,13.76]},"properties":{"FEATURECLA":"Range/mtn","NAME":"Central Highlands","LABEL":null,"MIN_LABEL":5,"MAX_LABEL":8,"SCALERANK":3}},
{"type":"Feature","geometry":{"type":"Point","coordinates":[98.72,38.22]},"properties":{"FEATURECLA":"Range/mtn","NAME":"QUILIAN MOUNTAINS","LABEL":"QUILIAN MOUNTAINS","MIN_LABEL":4,"MAX_LABEL":8,"SCALERANK":3}},
{"type":"Feature","geometry":{"type":"Point","coordinates":[97.21,53.59]},"properties":{"FEATURECLA":"Range/mtn","NAME":"EASTERN SAYAN MTS.","LABEL":null,"MIN_LABEL":4,"MAX_LABEL":8,"SCALERANK":3}},
{"type":"Feature","geometry":{"type":"Point","coordinates":[117.03,54.3]},"properties":{"FEATURECLA":"Range/mtn","NAME":"YABLONOVYY RANGE","LABEL":null,"MIN_LABEL":4,"MAX_LABEL":8,"SCALERANK":3}},
{"type":"Feature","geometry":{"type":"Point","coordinates":[115.57,31.37]},"properties":{"FEATURECLA":"Range/mtn","NAME":"Dabie Mts.","LABEL":"Dabie Mts.","MIN_LABEL":5,"MAX_LABEL":8,"SCALERANK":3}},
{"type":"Feature","geometry":{"type":"Point","coordinates":[111.67,24.64]},"properties":{"FEATURECLA":"Range/mtn","NAME":"Nan Ling Mts.","LABEL":"Nan Ling Mts.","MIN_LABEL":5,"MAX_LABEL":8,"SCALERANK":3}},
{"type":"Feature","geometry":{"type":"Point","coordinates":[76.33,11.53]},"properties":{"FEATURECLA":"Range/mtn","NAME":"WESTERN GHATS","LABEL":"WESTERN GHATS","MIN_LABEL":4,"MAX_LABEL":8,"SCALERANK":3}},
{"type":"Feature","geometry":{"type":"Point","coordinates":[82.47,18.7]},"properties":{"FEATURECLA":"Range/mtn","NAME":"EASTERN GHATS","LABEL":"EASTERN GHATS","MIN_LABEL":4,"MAX_LABEL":8,"SCALERANK":3}},
{"type":"Feature","geometry":{"type":"Point","coordinates":[78.38,23.8]},"properties":{"FEATURECLA":"Range/mtn","NAME":"Vindhya Range","LABEL":"Vindhya Range","MIN_LABEL":5,"MAX_LABEL":8,"SCALERANK":3}},
{"type":"Feature","geometry":{"type":"Point","coordinates":[117.09,26.89]},"properties":{"FEATURECLA":"Range/mtn","NAME":"Wuyi Mts.","LABEL":"Wuyi Mts.","MIN_LABEL":5,"MAX_LABEL":8,"SCALERANK":3}},
{"type":"Feature","geometry":{"type":"Point","coordinates":[81.72,47.83]},"properties":{"FEATURECLA":"Range/mtn","NAME":"Tarbagatay Ra.","LABEL":"Tarbagatay Ra.","MIN_LABEL":5,"MAX_LABEL":8,"SCALERANK":3}},
{"type":"Feature","geometry":{"type":"Point","coordinates":[90.23,38.46]},"properties":{"FEATURECLA":"Range/mtn","NAME":"ALTUN MTS.","LABEL":"ALTUN MTS.","MIN_LABEL":4,"MAX_LABEL":8,"SCALERANK":3}},
{"type":"Feature","geometry":{"type":"Point","coordinates":[37.75,26]},"properties":{"FEATURECLA":"Range/mtn","NAME":"HEJAZ MTS.","LABEL":null,"MIN_LABEL":5,"MAX_LABEL":8,"SCALERANK":3}},
{"type":"Feature","geometry":{"type":"Point","coordinates":[42.42,19.38]},"properties":{"FEATURECLA":"Range/mtn","NAME":"ASIR MTS.","LABEL":null,"MIN_LABEL":5,"MAX_LABEL":8,"SCALERANK":3}},
{"type":"Feature","geometry":{"type":"Point","coordinates":[52.45,36.04]},"properties":{"FEATURECLA":"Range/mtn","NAME":"ELBURZ MTS.","LABEL":null,"MIN_LABEL":4,"MAX_LABEL":8,"SCALERANK":3}},
{"type":"Feature","geometry":{"type":"Point","coordinates":[10.04,62.32]},"properties":{"FEATURECLA":"Range/mtn","NAME":"KJØLEN MOUNTAINS","LABEL":null,"MIN_LABEL":4,"MAX_LABEL":8,"SCALERANK":3}},
{"type":"Feature","geometry":{"type":"Point","coordinates":[24.18,46.52]},"properties":{"FEATURECLA":"Range/mtn","NAME":"CARPATHIAN MOUNTAINS","LABEL":"CARPATHIAN MOUNTAINS","MIN_LABEL":4,"MAX_LABEL":8,"SCALERANK":3}},
{"type":"Feature","geometry":{"type":"Point","coordinates":[13.07,42.68]},"properties":{"FEATURECLA":"Range/mtn","NAME":"APPENNINI","LABEL":"APPENNINI","MIN_LABEL":4,"MAX_LABEL":8,"SCALERANK":3}},
{"type":"Feature","geometry":{"type":"Point","coordinates":[0.64,42.75]},"properties":{"FEATURECLA":"Range/mtn","NAME":"PYRENEES","LABEL":"PYRENEES","MIN_LABEL":4,"MAX_LABEL":8,"SCALERANK":3}},
{"type":"Feature","geometry":{"type":"Point","coordinates":[-100.16,18.32]},"properties":{"FEATURECLA":"Range/mtn","NAME":"Sierra Madre del Sur","LABEL":"Sierra Madre del Sur","MIN_LABEL":5,"MAX_LABEL":8,"SCALERANK":3}},
{"type":"Feature","geometry":{"type":"Point","coordinates":[-123.31,41.6]},"properties":{"FEATURECLA":"Range/mtn","NAME":"COAST RANGES","LABEL":null,"MIN_LABEL":4,"MAX_LABEL":8,"SCALERANK":3}},
{"type":"Feature","geometry":{"type":"Point","coordinates":[-101.33,26.1]},"properties":{"FEATURECLA":"Range/mtn","NAME":"SIERRA MADRE ORIENTAL","LABEL":"SIERRA MADRE ORIENTAL","MIN_LABEL":4,"MAX_LABEL":8,"SCALERANK":3}},
{"type":"Feature","geometry":{"type":"Point","coordinates":[-119.73,37.87]},"properties":{"FEATURECLA":"Range/mtn","NAME":"SIERRA NEVADA","LABEL":"SIERRA NEVADA","MIN_LABEL":3,"MAX_LABEL":8,"SCALERANK":3}},
{"type":"Feature","geometry":{"type":"Point","coordinates":[-108.52,27.85]},"properties":{"FEATURECLA":"Range/mtn","NAME":"SIERRA MADRE OCCIDENTAL","LABEL":"SIERRA MADRE OCCIDENTAL","MIN_LABEL":4,"MAX_LABEL":8,"SCALERANK":3}},
{"type":"Feature","geometry":{"type":"Point","coordinates":[-145.07,61.19]},"properties":{"FEATURECLA":"Range/mtn","NAME":"CHUGACH MTS.","LABEL":"CHUGACH MTS.","MIN_LABEL":4,"MAX_LABEL":8,"SCALERANK":3}},
{"type":"Feature","geometry":{"type":"Point","coordinates":[-127.99,63.02]},"properties":{"FEATURECLA":"Range/mtn","NAME":"MACKENZIE MTS.","LABEL":"MACKENZIE MTS.","MIN_LABEL":3.7,"MAX_LABEL":8,"SCALERANK":3}},
{"type":"Feature","geometry":{"type":"Point","coordinates":[-73.73,-14.91]},"properties":{"FEATURECLA":"Range/mtn","NAME":"CORDILLERA OCCIDENTAL","LABEL":"CORDILLERA OCCIDENTAL","MIN_LABEL":5,"MAX_LABEL":8,"SCALERANK":3}},
{"type":"Feature","geometry":{"type":"Point","coordinates":[-66.14,-19.35]},"properties":{"FEATURECLA":"Range/mtn","NAME":"CORDILLERA  REAL","LABEL":"CORDILLERA REAL","MIN_LABEL":4,"MAX_LABEL":8,"SCALERANK":3}},
{"type":"Feature","geometry":{"type":"Point","coordinates":[-64.69,-18.31]},"properties":{"FEATURECLA":"Range/mtn","NAME":"CORDILLERA ORIENTAL","LABEL":null,"MIN_LABEL":5,"MAX_LABEL":8,"SCALERANK":3}},
{"type":"Feature","geometry":{"type":"Point","coordinates":[-77.86,-7.73]},"properties":{"FEATURECLA":"Range/mtn","NAME":"CORD. CENTRAL","LABEL":"CORD. CENTRAL","MIN_LABEL":4,"MAX_LABEL":8,"SCALERANK":3}},
{"type":"Feature","geometry":{"type":"Point","coordinates":[-76.31,5.13]},"properties":{"FEATURECLA":"Range/mtn","NAME":"CORD. OCCIDENTAL","LABEL":null,"MIN_LABEL":4,"MAX_LABEL":8,"SCALERANK":3}},
{"type":"Feature","geometry":{"type":"Point","coordinates":[-75.24,6.22]},"properties":{"FEATURECLA":"Range/mtn","NAME":"CORD. CENTRAL","LABEL":"CORD. CENTRAL","MIN_LABEL":5,"MAX_LABEL":8,"SCALERANK":3}},
{"type":"Feature","geometry":{"type":"Point","coordinates":[-72.66,6.53]},"properties":{"FEATURECLA":"Range/mtn","NAME":"CORDILLERA ORIENTAL","LABEL":null,"MIN_LABEL":4,"MAX_LABEL":8,"SCALERANK":3}},
{"type":"Feature","geometry":{"type":"Point","coordinates":[-89.32,29.23]},"properties":{"FEATURECLA":"Delta","NAME":"Mississippi Delta","LABEL":"Mississippi Delta","MIN_LABEL":5,"MAX_LABEL":8,"SCALERANK":3}},
{"type":"Feature","geometry":{"type":"Point","coordinates":[6.25,5.25]},"properties":{"FEATURECLA":"Delta","NAME":"Niger Delta","LABEL":"Niger Delta","MIN_LABEL":4,"MAX_LABEL":8,"SCALERANK":3}},
{"type":"Feature","geometry":{"type":"Point","coordinates":[48.11,46.15]},"properties":{"FEATURECLA":"Delta","NAME":"Volga Delta","LABEL":"Volga Delta","MIN_LABEL":4,"MAX_LABEL":8,"SCALERANK":3}},
{"type":"Feature","geometry":{"type":"Point","coordinates":[29.3,45.15]},"properties":{"FEATURECLA":"Delta","NAME":"Danube Delta","LABEL":"Danube Delta","MIN_LABEL":5,"MAX_LABEL":8,"SCALERANK":3}},
{"type":"Feature","geometry":{"type":"Point","coordinates":[-49.86,-2.25]},"properties":{"FEATURECLA":"Delta","NAME":"Amazon Delta","LABEL":null,"MIN_LABEL":4,"MAX_LABEL":8,"SCALERANK":3}},
{"type":"Feature","geometry":{"type":"Point","coordinates":[105.76,10.42]},"properties":{"FEATURECLA":"Delta","NAME":"Mekong Delta","LABEL":"Mekong Delta","MIN_LABEL":5,"MAX_LABEL":8,"SCALERANK":3}},
{"type":"Feature","geometry":{"type":"Point","coordinates":[41.29,12.3]},"properties":{"FEATURECLA":"Valley","NAME":"GREAT RIFT VALLEY","LABEL":"GREAT RIFT VALLEY","MIN_LABEL":4,"MAX_LABEL":8,"SCALERANK":3}},
{"type":"Feature","geometry":{"type":"Point","coordinates":[31.17,-7.64]},"properties":{"FEATURECLA":"Valley","NAME":"GREAT RIFT VALLEY","LABEL":"GREAT RIFT VALLEY","MIN_LABEL":3.6,"MAX_LABEL":8,"SCALERANK":3}},
{"type":"Feature","geometry":{"type":"Point","coordinates":[142.62,-13.39]},"properties":{"FEATURECLA":"Pen/cape","NAME":"CAPE YORK PEN.","LABEL":"CAPE YORK PEN.","MIN_LABEL":5,"MAX_LABEL":8,"SCALERANK":3}},
{"type":"Feature","geometry":{"type":"Point","coordinates":[134.27,-13.37]},"properties":{"FEATURECLA":"Pen/cape","NAME":"ARNHEM LAND","LABEL":null,"MIN_LABEL":5,"MAX_LABEL":8,"SCALERANK":3}},
{"type":"Feature","geometry":{"type":"Point","coordinates":[34.31,45.3]},"properties":{"FEATURECLA":"Pen/cape","NAME":"CRIMEA","LABEL":"CRIMEA","MIN_LABEL":4,"MAX_LABEL":8,"SCALERANK":3}},
{"type":"Feature","geometry":{"type":"Point","coordinates":[36.69,67.58]},"properties":{"FEATURECLA":"Pen/cape","NAME":"KOLA PENINSULA","LABEL":"KOLA PENINSULA","MIN_LABEL":4,"MAX_LABEL":8,"SCALERANK":3}},
{"type":"Feature","geometry":{"type":"Point","coordinates":[105.04,8.85]},"properties":{"FEATURECLA":"Pen/cape","NAME":"Cà Mau Point","LABEL":"Cà Mau Point","MIN_LABEL":5.3,"MAX_LABEL":8,"SCALERANK":3}},
{"type":"Feature","geometry":{"type":"Point","coordinates":[-113.43,27.79]},"properties":{"FEATURECLA":"Pen/cape","NAME":"BAJA CALIFORNIA","LABEL":"BAJA CALIFORNIA","MIN_LABEL":4,"MAX_LABEL":8,"SCALERANK":3}},
{"type":"Feature","geometry":{"type":"Point","coordinates":[-89.75,18.35]},"properties":{"FEATURECLA":"Pen/cape","NAME":"PEN. DE YUCATÁN","LABEL":null,"MIN_LABEL":4,"MAX_LABEL":8,"SCALERANK":3}},
{"type":"Feature","geometry":{"type":"Point","coordinates":[-156.38,58.23]},"properties":{"FEATURECLA":"Pen/cape","NAME":"ALASKA PENINSULA","LABEL":"ALASKA PENINSULA","MIN_LABEL":4,"MAX_LABEL":8,"SCALERANK":3}},
{"type":"Feature","geometry":{"type":"Point","coordinates":[-81.59,28.08]},"properties":{"FEATURECLA":"Pen/cape","NAME":"FLORIDA","LABEL":null,"MIN_LABEL":4,"MAX_LABEL":8,"SCALERANK":3}},
{"type":"Feature","geometry":{"type":"Point","coordinates":[-63.91,-42.55]},"properties":{"FEATURECLA":"Pen/cape","NAME":"Península Valdés","LABEL":"Península Valdés","MIN_LABEL":5,"MAX_LABEL":8,"SCALERANK":3}},
{"type":"Feature","geometry":{"type":"Point","coordinates":[120.23,36.82]},"properties":{"FEATURECLA":"Pen/cape","NAME":"Shandong Pen.","LABEL":"Shandong Pen.","MIN_LABEL":5.3,"MAX_LABEL":8,"SCALERANK":3}},
{"type":"Feature","geometry":{"type":"Point","coordinates":[27.36,-10.8]},"properties":{"FEATURECLA":"Plateau","NAME":"KATANGA PLATEAU","LABEL":null,"MIN_LABEL":4,"MAX_LABEL":8,"SCALERANK":3}},
{"type":"Feature","geometry":{"type":"Point","coordinates":[36.85,52.3]},"properties":{"FEATURECLA":"Plateau","NAME":"CENTRAL RUSSIAN UPLAND","LABEL":"CENTRAL RUSSIAN UPLAND","MIN_LABEL":4,"MAX_LABEL":8,"SCALERANK":3}},
{"type":"Feature","geometry":{"type":"Point","coordinates":[129.08,57.87]},"properties":{"FEATURECLA":"Plateau","NAME":"Aldan Upland","LABEL":null,"MIN_LABEL":5,"MAX_LABEL":8,"SCALERANK":3}},
{"type":"Feature","geometry":{"type":"Point","coordinates":[103.84,68.66]},"properties":{"FEATURECLA":"Plateau","NAME":"PUTORANA PLATEAU","LABEL":"PUTORANA PLATEAU","MIN_LABEL":4,"MAX_LABEL":8,"SCALERANK":3}},
{"type":"Feature","geometry":{"type":"Point","coordinates":[103,26.24]},"properties":{"FEATURECLA":"Plateau","NAME":"YUNGUI PLATEAU","LABEL":null,"MIN_LABEL":5,"MAX_LABEL":8,"SCALERANK":3}},
{"type":"Feature","geometry":{"type":"Point","coordinates":[102.57,16.77]},"properties":{"FEATURECLA":"Plateau","NAME":"Khorat Plat.","LABEL":null,"MIN_LABEL":4,"MAX_LABEL":8,"SCALERANK":3}},
{"type":"Feature","geometry":{"type":"Point","coordinates":[96.67,21.47]},"properties":{"FEATURECLA":"Plateau","NAME":"SHAN PLATEAU","LABEL":"SHAN PLATEAU","MIN_LABEL":5,"MAX_LABEL":8,"SCALERANK":3}},
{"type":"Feature","geometry":{"type":"Point","coordinates":[-110.21,36.97]},"properties":{"FEATURECLA":"Plateau","NAME":"COLORADO PLATEAU","LABEL":null,"MIN_LABEL":4,"MAX_LABEL":8,"SCALERANK":3}},
{"type":"Feature","geometry":{"type":"Point","coordinates":[-118.28,45.48]},"properties":{"FEATURECLA":"Plateau","NAME":"COLUMBIA PLAT.","LABEL":null,"MIN_LABEL":5,"MAX_LABEL":8,"SCALERANK":3}},
{"type":"Feature","geometry":{"type":"Point","coordinates":[-104.84,27.64]},"properties":{"FEATURECLA":"Plateau","NAME":"ALTI-PLANICIE MEXICANA","LABEL":null,"MIN_LABEL":5,"MAX_LABEL":8,"SCALERANK":3}},
{"type":"Feature","geometry":{"type":"Point","coordinates":[-77.97,42.39]},"properties":{"FEATURECLA":"Plateau","NAME":"ALLEGHENY PLATEAU","LABEL":"ALLEGHENY PLAT.","MIN_LABEL":4.7,"MAX_LABEL":8,"SCALERANK":3}},
{"type":"Feature","geometry":{"type":"Point","coordinates":[-86.2,36.25]},"properties":{"FEATURECLA":"Plateau","NAME":"CUMBERLAND PLAT.","LABEL":null,"MIN_LABEL":5.2,"MAX_LABEL":8,"SCALERANK":3}},
{"type":"Feature","geometry":{"type":"Point","coordinates":[-136.85,62.33]},"properties":{"FEATURECLA":"Plateau","NAME":"YUKON PLATEAU","LABEL":null,"MIN_LABEL":3.7,"MAX_LABEL":8,"SCALERANK":3}},
{"type":"Feature","geometry":{"type":"Point","coordinates":[-67.76,-20]},"properties":{"FEATURECLA":"Plateau","NAME":"ALTIPLANO","LABEL":"ALTIPLANO","MIN_LABEL":4,"MAX_LABEL":8,"SCALERANK":3}},
{"type":"Feature","geometry":{"type":"Point","coordinates":[-57.21,2.23]},"properties":{"FEATURECLA":"Plateau","NAME":"GUIANA SHIELD","LABEL":"GUIANA SHIELD","MIN_LABEL":4,"MAX_LABEL":8,"SCALERANK":3}},
{"type":"Feature","geometry":{"type":"Point","coordinates":[-48.35,-15.24]},"properties":{"FEATURECLA":"Plateau","NAME":"PLANALTO CENTRAL","LABEL":null,"MIN_LABEL":4,"MAX_LABEL":8,"SCALERANK":3}},
{"type":"Feature","geometry":{"type":"Point","coordinates":[-100.51,64.52]},"properties":{"FEATURECLA":"Tundra","NAME":"BARREN GROUNDS","LABEL":null,"MIN_LABEL":3.7,"MAX_LABEL":8,"SCALERANK":3}},
{"type":"Feature","geometry":{"type":"Point","coordinates":[127.91,-31.01]},"properties":{"FEATURECLA":"Plain","NAME":"NULLARBOR PLAIN","LABEL":"NULLARBOR PLAIN","MIN_LABEL":5,"MAX_LABEL":8,"SCALERANK":3}},
{"type":"Feature","geometry":{"type":"Point","coordinates":[-155.15,69.64]},"properties":{"FEATURECLA":"Plain","NAME":"NORTH SLOPE","LABEL":null,"MIN_LABEL":4,"MAX_LABEL":8,"SCALERANK":3}},
{"type":"Feature","geometry":{"type":"Point","coordinates":[-60.2,-21.12]},"properties":{"FEATURECLA":"Plain","NAME":"CHACO BOREAL","LABEL":null,"MIN_LABEL":4,"MAX_LABEL":8,"SCALERANK":3}},
{"type":"Feature","geometry":{"type":"Point","coordinates":[-61.69,-27.38]},"properties":{"FEATURECLA":"Plain","NAME":"CHACO AUSTRAL","LABEL":null,"MIN_LABEL":5,"MAX_LABEL":8,"SCALERANK":3}},
{"type":"Feature","geometry":{"type":"Point","coordinates":[15.46,-25.51]},"properties":{"FEATURECLA":"Desert","NAME":"NAMIB DESERT","LABEL":"NAMIB DESERT","MIN_LABEL":4,"MAX_LABEL":8,"SCALERANK":3}},
{"type":"Feature","geometry":{"type":"Point","coordinates":[28.33,27.42]},"properties":{"FEATURECLA":"Desert","NAME":"WESTERN DESERT","LABEL":"WESTERN DESERT","MIN_LABEL":3.7,"MAX_LABEL":8,"SCALERANK":3}},
{"type":"Feature","geometry":{"type":"Point","coordinates":[34.19,20.59]},"properties":{"FEATURECLA":"Desert","NAME":"NUBIAN DESERT","LABEL":"NUBIAN DESERT","MIN_LABEL":4,"MAX_LABEL":8,"SCALERANK":3}},
{"type":"Feature","geometry":{"type":"Point","coordinates":[124.92,-20.61]},"properties":{"FEATURECLA":"Desert","NAME":"GREAT SANDY DESERT","LABEL":"GREAT SANDY DESERT","MIN_LABEL":4.7,"MAX_LABEL":8,"SCALERANK":3}},
{"type":"Feature","geometry":{"type":"Point","coordinates":[25.09,21.03]},"properties":{"FEATURECLA":"Desert","NAME":"LIBYAN DESERT","LABEL":"LIBYAN DESERT","MIN_LABEL":4,"MAX_LABEL":8,"SCALERANK":3}},
{"type":"Feature","geometry":{"type":"Point","coordinates":[127.94,-28.24]},"properties":{"FEATURECLA":"Desert","NAME":"GREAT VICTORIA DESERT","LABEL":"GREAT VICTORIA DESERT","MIN_LABEL":5,"MAX_LABEL":8,"SCALERANK":3}},
{"type":"Feature","geometry":{"type":"Point","coordinates":[71.76,27.52]},"properties":{"FEATURECLA":"Desert","NAME":"THAR DESERT","LABEL":"THAR DESERT","MIN_LABEL":4,"MAX_LABEL":8,"SCALERANK":3}},
{"type":"Feature","geometry":{"type":"Point","coordinates":[40.15,32.33]},"properties":{"FEATURECLA":"Desert","NAME":"SYRIAN DESERT","LABEL":"SYRIAN DESERT","MIN_LABEL":4,"MAX_LABEL":8,"SCALERANK":3}},
{"type":"Feature","geometry":{"type":"Point","coordinates":[60.56,39.52]},"properties":{"FEATURECLA":"Desert","NAME":"GARAGUM DESERT","LABEL":null,"MIN_LABEL":4,"MAX_LABEL":8,"SCALERANK":3}},
{"type":"Feature","geometry":{"type":"Point","coordinates":[63.94,43.38]},"properties":{"FEATURECLA":"Desert","NAME":"QIZILQUM DESERT","LABEL":null,"MIN_LABEL":4,"MAX_LABEL":8,"SCALERANK":3}},
{"type":"Feature","geometry":{"type":"Point","coordinates":[-69.25,-23.22]},"properties":{"FEATURECLA":"Desert","NAME":"DESIERTO DE ATACAMA","LABEL":null,"MIN_LABEL":4,"MAX_LABEL":8,"SCALERANK":3}},
{"type":"Feature","geometry":{"type":"Point","coordinates":[-94.69,17.55]},"properties":{"FEATURECLA":"Isthmus","NAME":"Istmo de Tehuantepec","LABEL":"Istmo de Tehuantepec","MIN_LABEL":5,"MAX_LABEL":8,"SCALERANK":3}},
{"type":"Feature","geometry":{"type":"Point","coordinates":[-78.41,8.98]},"properties":{"FEATURECLA":"Isthmus","NAME":"Is. de Panamá","LABEL":"Is. de Panamá","MIN_LABEL":5.3,"MAX_LABEL":8,"SCALERANK":3}},
{"type":"Feature","geometry":{"type":"Point","coordinates":[145.85,-31.46]},"properties":{"FEATURECLA":"Basin","NAME":"MURRAY-DARLING BASIN","LABEL":"MURRAY-DARLING BASIN","MIN_LABEL":4.7,"MAX_LABEL":8,"SCALERANK":3}},
{"type":"Feature","geometry":{"type":"Point","coordinates":[105.26,30.32]},"properties":{"FEATURECLA":"Basin","NAME":"SICHUAN BASIN","LABEL":null,"MIN_LABEL":4,"MAX_LABEL":8,"SCALERANK":3}},
{"type":"Feature","geometry":{"type":"Point","coordinates":[83.23,39.31]},"properties":{"FEATURECLA":"Basin","NAME":"TARIM BASIN","LABEL":"TARIM BASIN","MIN_LABEL":4,"MAX_LABEL":8,"SCALERANK":3}},
{"type":"Feature","geometry":{"type":"Point","coordinates":[98.85,9.72]},"properties":{"FEATURECLA":"Isthmus","NAME":"ISTHMUS OF KRA","LABEL":"ISTHMUS OF KRA","MIN_LABEL":5,"MAX_LABEL":8,"SCALERANK":3}},
{"type":"Feature","geometry":{"type":"Point","coordinates":[-80.8,35.13]},"properties":{"FEATURECLA":"Foothills","NAME":"PIEDMONT","LABEL":null,"MIN_LABEL":5.2,"MAX_LABEL":8,"SCALERANK":3}},
{"type":"Feature","geometry":{"type":"Point","coordinates":[-65.79,-13.79]},"properties":{"FEATURECLA":"Foothills","NAME":"YUNGAS","LABEL":null,"MIN_LABEL":4,"MAX_LABEL":8,"SCALERANK":3}},
{"type":"Feature","geometry":{"type":"Point","coordinates":[-56.49,-17.75]},"properties":{"FEATURECLA":"Wetlands","NAME":"PANTANAL","LABEL":"PANTANAL","MIN_LABEL":4,"MAX_LABEL":8,"SCALERANK":3}},
{"type":"Feature","geometry":{"type":"Point","coordinates":[107.96,71.9]},"properties":{"FEATURECLA":"Lowland","NAME":"NORTH SIBERIAN LOWLAND","LABEL":null,"MIN_LABEL":4,"MAX_LABEL":8,"SCALERANK":3}},
{"type":"Feature","geometry":{"type":"Point","coordinates":[79.79,61.58]},"properties":{"FEATURECLA":"Lowland","NAME":"WESTERN SIBERIAN PLAIN","LABEL":null,"MIN_LABEL":4,"MAX_LABEL":8,"SCALERANK":3}},
{"type":"Feature","geometry":{"type":"Point","coordinates":[48.63,47.77]},"properties":{"FEATURECLA":"Lowland","NAME":"CASPIAN DEPRESSION","LABEL":null,"MIN_LABEL":4,"MAX_LABEL":8,"SCALERANK":3}},
{"type":"Feature","geometry":{"type":"Point","coordinates":[31.48,7.82]},"properties":{"FEATURECLA":"Geoarea","NAME":"SUDD","LABEL":null,"MIN_LABEL":4,"MAX_LABEL":8,"SCALERANK":3}},
{"type":"Feature","geometry":{"type":"Point","coordinates":[-59.18,79.57]},"properties":{"FEATURECLA":"Geoarea","NAME":"KNUD RASMUSSEN LAND","LABEL":null,"MIN_LABEL":4,"MAX_LABEL":8,"SCALERANK":3}},
{"type":"Feature","geometry":{"type":"Point","coordinates":[41.95,35.67]},"properties":{"FEATURECLA":"Geoarea","NAME":"Mesopotamia","LABEL":null,"MIN_LABEL":4,"MAX_LABEL":8,"SCALERANK":3}},
{"type":"Feature","geometry":{"type":"Point","coordinates":[163.59,-72.71]},"properties":{"FEATURECLA":"Geoarea","NAME":"Victoria Land","LABEL":"Victoria Land","MIN_LABEL":4,"MAX_LABEL":8,"SCALERANK":3}},
{"type":"Feature","geometry":{"type":"Point","coordinates":[66.04,-71.01]},"properties":{"FEATURECLA":"Geoarea","NAME":"MacRobertson Land","LABEL":"MacRobertson Land","MIN_LABEL":4,"MAX_LABEL":8,"SCALERANK":3}},
{"type":"Feature","geometry":{"type":"Point","coordinates":[62.93,-68.34]},"properties":{"FEATURECLA":"Coast","NAME":"Mawson Coast","LABEL":"Mawson Coast","MIN_LABEL":4,"MAX_LABEL":8,"SCALERANK":3}},
{"type":"Feature","geometry":{"type":"Point","coordinates":[46.37,-75.18]},"properties":{"FEATURECLA":"Geoarea","NAME":"Enderby Land","LABEL":"Enderby Land","MIN_LABEL":4,"MAX_LABEL":8,"SCALERANK":3}},
{"type":"Feature","geometry":{"type":"Point","coordinates":[29.44,-72.21]},"properties":{"FEATURECLA":"Coast","NAME":"Princess Ragnhild Coast","LABEL":null,"MIN_LABEL":4,"MAX_LABEL":8,"SCALERANK":3}},
{"type":"Feature","geometry":{"type":"Point","coordinates":[12.55,-72.22]},"properties":{"FEATURECLA":"Coast","NAME":"Princess Astrid Coast","LABEL":"Princess Astrid Coast","MIN_LABEL":4,"MAX_LABEL":8,"SCALERANK":3}},
{"type":"Feature","geometry":{"type":"Point","coordinates":[5.27,-76.74]},"properties":{"FEATURECLA":"Geoarea","NAME":"New Swabia","LABEL":"New Swabia","MIN_LABEL":4,"MAX_LABEL":8,"SCALERANK":3}},
{"type":"Feature","geometry":{"type":"Point","coordinates":[77.04,-70.95]},"properties":{"FEATURECLA":"Coast","NAME":"Ingrid Christensen Coast","LABEL":"Ingrid Christensen Coast","MIN_LABEL":4,"MAX_LABEL":8,"SCALERANK":3}},
{"type":"Feature","geometry":{"type":"Point","coordinates":[96.33,-68.19]},"properties":{"FEATURECLA":"Coast","NAME":"Queen Mary Coast","LABEL":"Queen Mary Coast","MIN_LABEL":4,"MAX_LABEL":8,"SCALERANK":3}},
{"type":"Feature","geometry":{"type":"Point","coordinates":[104.71,-68.02]},"properties":{"FEATURECLA":"Coast","NAME":"Knox Coast","LABEL":"Knox Coast","MIN_LABEL":4,"MAX_LABEL":8,"SCALERANK":3}},
{"type":"Feature","geometry":{"type":"Point","coordinates":[118.85,-68.51]},"properties":{"FEATURECLA":"Coast","NAME":"Sabrina Coast","LABEL":"Sabrina Coast","MIN_LABEL":4,"MAX_LABEL":8,"SCALERANK":3}},
{"type":"Feature","geometry":{"type":"Point","coordinates":[138.95,-68.07]},"properties":{"FEATURECLA":"Coast","NAME":"Adélie Coast","LABEL":"Adélie Coast","MIN_LABEL":4,"MAX_LABEL":8,"SCALERANK":3}},
{"type":"Feature","geometry":{"type":"Point","coordinates":[145.97,-68.93]},"properties":{"FEATURECLA":"Coast","NAME":"George V Coast","LABEL":null,"MIN_LABEL":4,"MAX_LABEL":8,"SCALERANK":3}},
{"type":"Feature","geometry":{"type":"Point","coordinates":[-25.24,-77.86]},"properties":{"FEATURECLA":"Geoarea","NAME":"Coats Land","LABEL":"Coats Land","MIN_LABEL":4,"MAX_LABEL":8,"SCALERANK":3}},
{"type":"Feature","geometry":{"type":"Point","coordinates":[-47.71,-79.32]},"properties":{"FEATURECLA":"Island","NAME":"Berkner Island","LABEL":null,"MIN_LABEL":4,"MAX_LABEL":8,"SCALERANK":3}},
{"type":"Feature","geometry":{"type":"Point","coordinates":[-91.38,-76.61]},"properties":{"FEATURECLA":"Geoarea","NAME":"Ellsworth Land","LABEL":"Ellsworth Land","MIN_LABEL":4,"MAX_LABEL":8,"SCALERANK":3}},
{"type":"Feature","geometry":{"type":"Point","coordinates":[157.52,-70.32]},"properties":{"FEATURECLA":"Coast","NAME":"Oates Coast","LABEL":null,"MIN_LABEL":4,"MAX_LABEL":8,"SCALERANK":3}},
{"type":"Feature","geometry":{"type":"Point","coordinates":[60.92,-70.21]},"properties":{"FEATURECLA":"Geoarea","NAME":"Kemp Land","LABEL":"Kemp Land","MIN_LABEL":4,"MAX_LABEL":8,"SCALERANK":3}},
{"type":"Feature","geometry":{"type":"Point","coordinates":[163.43,-83.37]},"properties":{"FEATURECLA":"Coast","NAME":"Shackleton Coast","LABEL":"Shackleton Coast","MIN_LABEL":4,"MAX_LABEL":8,"SCALERANK":3}},
{"type":"Feature","geometry":{"type":"Point","coordinates":[125.78,-68.26]},"properties":{"FEATURECLA":"Coast","NAME":"Banzare Coast","LABEL":"Banzare Coast","MIN_LABEL":4,"MAX_LABEL":8,"SCALERANK":3}},
{"type":"Feature","geometry":{"type":"Point","coordinates":[132.83,-67.95]},"properties":{"FEATURECLA":"Coast","NAME":"Clarie Coast","LABEL":"Clarie Coast","MIN_LABEL":4,"MAX_LABEL":8,"SCALERANK":3}},
{"type":"Feature","geometry":{"type":"Point","coordinates":[112.31,-68]},"properties":{"FEATURECLA":"Coast","NAME":"Budd Coast","LABEL":"Budd Coast","MIN_LABEL":4,"MAX_LABEL":8,"SCALERANK":3}},
{"type":"Feature","geometry":{"type":"Point","coordinates":[86.59,-68.83]},"properties":{"FEATURECLA":"Coast","NAME":"Wilhelm II Coast","LABEL":"Wilhelm II Coast","MIN_LABEL":4,"MAX_LABEL":8,"SCALERANK":3}},
{"type":"Feature","geometry":{"type":"Point","coordinates":[41.24,-71.57]},"properties":{"FEATURECLA":"Coast","NAME":"Prince Harald Coast","LABEL":"Prince Harald Coast","MIN_LABEL":4,"MAX_LABEL":8,"SCALERANK":3}},
{"type":"Feature","geometry":{"type":"Point","coordinates":[51.8,-70.41]},"properties":{"FEATURECLA":"Coast","NAME":"Prince Olav Coast","LABEL":"Prince Olav Coast","MIN_LABEL":4,"MAX_LABEL":8,"SCALERANK":3}},
{"type":"Feature","geometry":{"type":"Point","coordinates":[-6.5,-73.29]},"properties":{"FEATURECLA":"Coast","NAME":"Princess Martha Coast","LABEL":"Princess Martha Coast","MIN_LABEL":4,"MAX_LABEL":8,"SCALERANK":3}},
{"type":"Feature","geometry":{"type":"Point","coordinates":[-107.3,-75.87]},"properties":{"FEATURECLA":"Coast","NAME":"Walgreen Coast","LABEL":"Walgreen Coast","MIN_LABEL":4,"MAX_LABEL":8,"SCALERANK":3}},
{"type":"Feature","geometry":{"type":"Point","coordinates":[-160.47,-84.08]},"properties":{"FEATURECLA":"Coast","NAME":"Gould Coast","LABEL":"Gould Coast","MIN_LABEL":4,"MAX_LABEL":8,"SCALERANK":3}},
{"type":"Feature","geometry":{"type":"Point","coordinates":[-64.7,-71.8]},"properties":{"FEATURECLA":"Geoarea","NAME":"Palmer Land","LABEL":"Palmer Land","MIN_LABEL":4,"MAX_LABEL":8,"SCALERANK":3}},
{"type":"Feature","geometry":{"type":"Point","coordinates":[-63.29,-65.7]},"properties":{"FEATURECLA":"Geoarea","NAME":"Graham Land","LABEL":"Graham Land","MIN_LABEL":4,"MAX_LABEL":8,"SCALERANK":3}},
{"type":"Feature","geometry":{"type":"Point","coordinates":[168.76,-44.38]},"properties":{"FEATURECLA":"Range/mtn","NAME":"SOUTHERN ALPS","LABEL":"SOUTHERN ALPS","MIN_LABEL":5.2,"MAX_LABEL":8,"SCALERANK":3}},
{"type":"Feature","geometry":{"type":"Point","coordinates":[166.87,-15.35]},"properties":{"FEATURECLA":"Island group","NAME":"Espiritu Santo","LABEL":"Espiritu Santo","MIN_LABEL":5,"MAX_LABEL":8,"SCALERANK":3}},
{"type":"Feature","geometry":{"type":"Point","coordinates":[160.63,-9.96]},"properties":{"FEATURECLA":"Island group","NAME":"SOLOMON ISANDS","LABEL":"SOLOMON ISANDS","MIN_LABEL":4,"MAX_LABEL":6,"SCALERANK":3}},
{"type":"Feature","geometry":{"type":"Point","coordinates":[168.02,10]},"properties":{"FEATURECLA":"Island group","NAME":"MARSHALL ISLANDS","LABEL":null,"MIN_LABEL":4,"MAX_LABEL":8,"SCALERANK":3}},
{"type":"Feature","geometry":{"type":"Point","coordinates":[128.75,25.91]},"properties":{"FEATURECLA":"Island group","NAME":"RYÜKYÜ ISLANDS","LABEL":"RYÜKYÜ ISLANDS","MIN_LABEL":5,"MAX_LABEL":7,"SCALERANK":3}},
{"type":"Feature","geometry":{"type":"Point","coordinates":[-141.82,-17.15]},"properties":{"FEATURECLA":"Island group","NAME":"ARCHIPEL DES TUAMOTU","LABEL":null,"MIN_LABEL":5,"MAX_LABEL":8,"SCALERANK":3}},
{"type":"Feature","geometry":{"type":"Point","coordinates":[149.2,-3.48]},"properties":{"FEATURECLA":"Island group","NAME":"Bismarck Archipelago","LABEL":"Bismarck Archipelago","MIN_LABEL":5,"MAX_LABEL":6,"SCALERANK":3}},
{"type":"Feature","geometry":{"type":"Point","coordinates":[155.49,-6.45]},"properties":{"FEATURECLA":"Island group","NAME":"Bougainville","LABEL":"Bougainville","MIN_LABEL":5,"MAX_LABEL":8,"SCALERANK":3}},
{"type":"Feature","geometry":{"type":"Point","coordinates":[160.17,-9.62]},"properties":{"FEATURECLA":"Island group","NAME":"Guadalcanal","LABEL":"Guadalcanal","MIN_LABEL":5,"MAX_LABEL":8,"SCALERANK":3}},
{"type":"Feature","geometry":{"type":"Point","coordinates":[-91.02,-0.79]},"properties":{"FEATURECLA":"Island group","NAME":"Isabela","LABEL":"Isabela","MIN_LABEL":5.4,"MAX_LABEL":8,"SCALERANK":3}},
{"type":"Feature","geometry":{"type":"Point","coordinates":[-149.45,-17.63]},"properties":{"FEATURECLA":"Island group","NAME":"Tahiti","LABEL":"Tahiti","MIN_LABEL":4,"MAX_LABEL":8,"SCALERANK":3}},
{"type":"Feature","geometry":{"type":"Point","coordinates":[-156.32,20.8]},"properties":{"FEATURECLA":"Island group","NAME":"Maui","LABEL":"Maui","MIN_LABEL":4,"MAX_LABEL":8,"SCALERANK":3}},
{"type":"Feature","geometry":{"type":"Point","coordinates":[177.98,-17.82]},"properties":{"FEATURECLA":"Island group","NAME":"Viti Levu","LABEL":"Viti Levu","MIN_LABEL":4,"MAX_LABEL":8,"SCALERANK":3}},
{"type":"Feature","geometry":{"type":"Point","coordinates":[61.02,-20.3]},"properties":{"FEATURECLA":"Island group","NAME":"MASCARENE ISLANDS","LABEL":"MASCARENE ISLANDS","MIN_LABEL":4,"MAX_LABEL":7,"SCALERANK":3}},
{"type":"Feature","geometry":{"type":"Point","coordinates":[44.25,-12.39]},"properties":{"FEATURECLA":"Island group","NAME":"ARCHIPEL DES COMORES","LABEL":null,"MIN_LABEL":4,"MAX_LABEL":6,"SCALERANK":3}},
{"type":"Feature","geometry":{"type":"Point","coordinates":[53.17,-7.61]},"properties":{"FEATURECLA":"Island group","NAME":"SEYCHELLES","LABEL":null,"MIN_LABEL":3.7,"MAX_LABEL":8,"SCALERANK":3}},
{"type":"Feature","geometry":{"type":"Point","coordinates":[98.15,11.91]},"properties":{"FEATURECLA":"Island group","NAME":"Myeik Arch.","LABEL":null,"MIN_LABEL":5.3,"MAX_LABEL":8,"SCALERANK":3}},
{"type":"Feature","geometry":{"type":"Point","coordinates":[96.66,79.83]},"properties":{"FEATURECLA":"Island group","NAME":"SEVERNAYA ZEMLYA","LABEL":"SEVERNAYA ZEMLYA","MIN_LABEL":4,"MAX_LABEL":8,"SCALERANK":3}},
{"type":"Feature","geometry":{"type":"Point","coordinates":[-59.54,-51.74]},"properties":{"FEATURECLA":"Island group","NAME":"FALKLAND IS.","LABEL":"FALKLAND IS.","MIN_LABEL":4,"MAX_LABEL":8,"SCALERANK":3}},
{"type":"Feature","geometry":{"type":"Point","coordinates":[21.37,77.98]},"properties":{"FEATURECLA":"Island group","NAME":"SVALBARD","LABEL":"SVALBARD","MIN_LABEL":4,"MAX_LABEL":8,"SCALERANK":3}},
{"type":"Feature","geometry":{"type":"Point","coordinates":[55.53,80.74]},"properties":{"FEATURECLA":"Island group","NAME":"FRANZ JOSEF LAND","LABEL":"FRANZ JOSEF LAND","MIN_LABEL":4,"MAX_LABEL":8,"SCALERANK":3}},
{"type":"Feature","geometry":{"type":"Point","coordinates":[54.41,72.63]},"properties":{"FEATURECLA":"Island group","NAME":"NOVAYA ZEMLYA","LABEL":"NOVAYA ZEMLYA","MIN_LABEL":4,"MAX_LABEL":8,"SCALERANK":3}},
{"type":"Feature","geometry":{"type":"Point","coordinates":[2.75,39.5]},"properties":{"FEATURECLA":"Island group","NAME":"Balearic Islands","LABEL":"Balearic Is.","MIN_LABEL":4,"MAX_LABEL":6,"SCALERANK":3}},
{"type":"Feature","geometry":{"type":"Point","coordinates":[121.09,-8.94]},"properties":{"FEATURECLA":"Island group","NAME":"LESSER SUNDA ISLANDS","LABEL":"LESSER SUNDA ISLANDS","MIN_LABEL":4,"MAX_LABEL":6,"SCALERANK":3}},
{"type":"Feature","geometry":{"type":"Point","coordinates":[114.63,9.76]},"properties":{"FEATURECLA":"Island group","NAME":"Spratly Islands","LABEL":"Spratly Islands","MIN_LABEL":5,"MAX_LABEL":8,"SCALERANK":3}},
{"type":"Feature","geometry":{"type":"Point","coordinates":[142.6,74.8]},"properties":{"FEATURECLA":"Island group","NAME":"NEW SIBERIAN ISLANDS","LABEL":"NEW SIBERIAN ISLANDS","MIN_LABEL":4,"MAX_LABEL":6,"SCALERANK":3}},
{"type":"Feature","geometry":{"type":"Point","coordinates":[-77.1,19.64]},"properties":{"FEATURECLA":"Island group","NAME":"GREATER ANTILLES","LABEL":"GREATER ANTILLES","MIN_LABEL":4,"MAX_LABEL":7,"SCALERANK":3}},
{"type":"Feature","geometry":{"type":"Point","coordinates":[-75.99,23.8]},"properties":{"FEATURECLA":"Island group","NAME":"BAHAMA ISLANDS","LABEL":"BAHAMA ISLANDS","MIN_LABEL":4.7,"MAX_LABEL":7,"SCALERANK":3}},
{"type":"Feature","geometry":{"type":"Point","coordinates":[-60.59,13.2]},"properties":{"FEATURECLA":"Island group","NAME":"LESSER ANTILLES","LABEL":null,"MIN_LABEL":4,"MAX_LABEL":7,"SCALERANK":3}},
{"type":"Feature","geometry":{"type":"Point","coordinates":[-113.19,76.39]},"properties":{"FEATURECLA":"Island group","NAME":"PARRY ISLANDS","LABEL":null,"MIN_LABEL":4,"MAX_LABEL":8,"SCALERANK":3}},
{"type":"Feature","geometry":{"type":"Point","coordinates":[149.9,-5.9]},"properties":{"FEATURECLA":"Island group","NAME":"NEW BRITAIN","LABEL":"NEW BRITAIN","MIN_LABEL":4,"MAX_LABEL":8,"SCALERANK":3}},
{"type":"Feature","geometry":{"type":"Point","coordinates":[-27.69,38.65]},"properties":{"FEATURECLA":"Island group","NAME":"AÇORES","LABEL":"AÇORES","MIN_LABEL":4,"MAX_LABEL":6,"SCALERANK":3}},
{"type":"Feature","geometry":{"type":"Point","coordinates":[109.74,19.2]},"properties":{"FEATURECLA":"Island","NAME":"HAINAN","LABEL":"HAINAN","MIN_LABEL":5.3,"MAX_LABEL":9,"SCALERANK":4}},
{"type":"Feature","geometry":{"type":"Point","coordinates":[94.95,80.65]},"properties":{"FEATURECLA":"Island","NAME":"Komsomolets I.","LABEL":"Komsomolets I.","MIN_LABEL":5.3,"MAX_LABEL":9,"SCALERANK":4}},
{"type":"Feature","geometry":{"type":"Point","coordinates":[101.93,78.7]},"properties":{"FEATURECLA":"Island","NAME":"Bol’shevik I.","LABEL":"Bol’shevik I.","MIN_LABEL":5.3,"MAX_LABEL":9,"SCALERANK":4}},
{"type":"Feature","geometry":{"type":"Point","coordinates":[97,79.5]},"properties":{"FEATURECLA":"Island","NAME":"October Revolution I.","LABEL":"October Revolution I.","MIN_LABEL":5.3,"MAX_LABEL":9,"SCALERANK":4}},
{"type":"Feature","geometry":{"type":"Point","coordinates":[82.01,75.41]},"properties":{"FEATURECLA":"Island","NAME":"Arctic Institute I.","LABEL":"Arctic Institute I.","MIN_LABEL":5.3,"MAX_LABEL":9,"SCALERANK":4}},
{"type":"Feature","geometry":{"type":"Point","coordinates":[90.73,81.15]},"properties":{"FEATURECLA":"Island","NAME":"Shmidta I.","LABEL":"Shmidta I.","MIN_LABEL":5.3,"MAX_LABEL":9,"SCALERANK":4}},
{"type":"Feature","geometry":{"type":"Point","coordinates":[-73.92,-42.85]},"properties":{"FEATURECLA":"Island","NAME":"Isla de Chiloé","LABEL":"Isla de Chiloé","MIN_LABEL":5.3,"MAX_LABEL":9,"SCALERANK":4}},
{"type":"Feature","geometry":{"type":"Point","coordinates":[130.18,-3.25]},"properties":{"FEATURECLA":"Island","NAME":"Ceram","LABEL":"Ceram","MIN_LABEL":5.3,"MAX_LABEL":9,"SCALERANK":4}},
{"type":"Feature","geometry":{"type":"Point","coordinates":[128.42,1.19]},"properties":{"FEATURECLA":"Island","NAME":"Halmahera","LABEL":"Halmahera","MIN_LABEL":5.3,"MAX_LABEL":9,"SCALERANK":4}},
{"type":"Feature","geometry":{"type":"Point","coordinates":[124.46,-9.59]},"properties":{"FEATURECLA":"Island","NAME":"TIMOR","LABEL":"TIMOR","MIN_LABEL":5.3,"MAX_LABEL":9,"SCALERANK":4}},
{"type":"Feature","geometry":{"type":"Point","coordinates":[117.95,9.08]},"properties":{"FEATURECLA":"Island","NAME":"Palawan","LABEL":"Palawan","MIN_LABEL":5.3,"MAX_LABEL":9,"SCALERANK":4}},
{"type":"Feature","geometry":{"type":"Point","coordinates":[124.22,9.86]},"properties":{"FEATURECLA":"Island","NAME":"Bohol","LABEL":"Bohol","MIN_LABEL":5.3,"MAX_LABEL":9,"SCALERANK":4}},
{"type":"Feature","geometry":{"type":"Point","coordinates":[122.87,9.75]},"properties":{"FEATURECLA":"Island","NAME":"Negros","LABEL":"Negros","MIN_LABEL":5.3,"MAX_LABEL":9,"SCALERANK":4}},
{"type":"Feature","geometry":{"type":"Point","coordinates":[124.85,11.06]},"properties":{"FEATURECLA":"Island","NAME":"Leyte","LABEL":"Leyte","MIN_LABEL":5.3,"MAX_LABEL":9,"SCALERANK":4}},
{"type":"Feature","geometry":{"type":"Point","coordinates":[125.1,12.07]},"properties":{"FEATURECLA":"Island","NAME":"Samar","LABEL":"Samar","MIN_LABEL":5.3,"MAX_LABEL":9,"SCALERANK":4}},
{"type":"Feature","geometry":{"type":"Point","coordinates":[122.45,11.19]},"properties":{"FEATURECLA":"Island","NAME":"Panay","LABEL":"Panay","MIN_LABEL":5.3,"MAX_LABEL":9,"SCALERANK":4}},
{"type":"Feature","geometry":{"type":"Point","coordinates":[121.09,12.96]},"properties":{"FEATURECLA":"Island","NAME":"Mindoro","LABEL":"Mindoro","MIN_LABEL":5.3,"MAX_LABEL":9,"SCALERANK":4}},
{"type":"Feature","geometry":{"type":"Point","coordinates":[33.22,35.05]},"properties":{"FEATURECLA":"Island","NAME":"Cyprus","LABEL":"Cyprus","MIN_LABEL":5.3,"MAX_LABEL":9,"SCALERANK":4}},
{"type":"Feature","geometry":{"type":"Point","coordinates":[-121.34,73.06]},"properties":{"FEATURECLA":"Island","NAME":"BANKS ISLAND","LABEL":"BANKS ISLAND","MIN_LABEL":5.3,"MAX_LABEL":9,"SCALERANK":4}},
{"type":"Feature","geometry":{"type":"Point","coordinates":[-77.32,18.15]},"properties":{"FEATURECLA":"Island","NAME":"Jamaica","LABEL":"Jamaica","MIN_LABEL":5.3,"MAX_LABEL":9,"SCALERANK":4}},
{"type":"Feature","geometry":{"type":"Point","coordinates":[-66.48,18.23]},"properties":{"FEATURECLA":"Island","NAME":"Puerto Rico","LABEL":"Puerto Rico","MIN_LABEL":5.3,"MAX_LABEL":9,"SCALERANK":4}},
{"type":"Feature","geometry":{"type":"Point","coordinates":[-61.26,10.41]},"properties":{"FEATURECLA":"Island","NAME":"Trinidad","LABEL":"Trinidad","MIN_LABEL":5.3,"MAX_LABEL":9,"SCALERANK":4}},
{"type":"Feature","geometry":{"type":"Point","coordinates":[-62.77,46.25]},"properties":{"FEATURECLA":"Island","NAME":"Prince Edward I.","LABEL":"Prince Edward I.","MIN_LABEL":5.3,"MAX_LABEL":9,"SCALERANK":4}},
{"type":"Feature","geometry":{"type":"Point","coordinates":[-60.8,46.36]},"properties":{"FEATURECLA":"Island","NAME":"Cape Breton Island","LABEL":"Cape Breton Island","MIN_LABEL":5.3,"MAX_LABEL":9,"SCALERANK":4}},
{"type":"Feature","geometry":{"type":"Point","coordinates":[-71.27,18.97]},"properties":{"FEATURECLA":"Island","NAME":"HISPANIOLA","LABEL":"HISPANIOLA","MIN_LABEL":5.3,"MAX_LABEL":9,"SCALERANK":4}},
{"type":"Feature","geometry":{"type":"Point","coordinates":[-76.47,20.61]},"properties":{"FEATURECLA":"Island","NAME":"CUBA","LABEL":"CUBA","MIN_LABEL":5.3,"MAX_LABEL":9,"SCALERANK":4}},
{"type":"Feature","geometry":{"type":"Point","coordinates":[36.13,-18.46]},"properties":{"FEATURECLA":"Delta","NAME":"Zambezi Delta","LABEL":null,"MIN_LABEL":5.3,"MAX_LABEL":9,"SCALERANK":4}},
{"type":"Feature","geometry":{"type":"Point","coordinates":[31.05,30.91]},"properties":{"FEATURECLA":"Delta","NAME":"Nile Delta","LABEL":"Nile Delta","MIN_LABEL":5.3,"MAX_LABEL":9,"SCALERANK":4}},
{"type":"Feature","geometry":{"type":"Point","coordinates":[126.19,72.86]},"properties":{"FEATURECLA":"Delta","NAME":"Lena Delta","LABEL":"Lena Delta","MIN_LABEL":5.3,"MAX_LABEL":9,"SCALERANK":4}},
{"type":"Feature","geometry":{"type":"Point","coordinates":[67.83,24.43]},"properties":{"FEATURECLA":"Delta","NAME":"Indus Delta","LABEL":"Indus Delta","MIN_LABEL":5.3,"MAX_LABEL":9,"SCALERANK":4}},
{"type":"Feature","geometry":{"type":"Point","coordinates":[95.33,16.78]},"properties":{"FEATURECLA":"Delta","NAME":"Irrawaddy Delta","LABEL":null,"MIN_LABEL":5.3,"MAX_LABEL":9,"SCALERANK":4}},
{"type":"Feature","geometry":{"type":"Point","coordinates":[89.14,23.17]},"properties":{"FEATURECLA":"Delta","NAME":"Ganges Delta","LABEL":"Ganges Delta","MIN_LABEL":5.3,"MAX_LABEL":9,"SCALERANK":4}},
{"type":"Feature","geometry":{"type":"Point","coordinates":[75.01,12.59]},"properties":{"FEATURECLA":"Coast","NAME":"Malabar Coast","LABEL":null,"MIN_LABEL":5.3,"MAX_LABEL":9,"SCALERANK":4}},
{"type":"Feature","geometry":{"type":"Point","coordinates":[80.23,13.34]},"properties":{"FEATURECLA":"Coast","NAME":"Coromandel Coast","LABEL":"Coromandel Coast","MIN_LABEL":5.3,"MAX_LABEL":9,"SCALERANK":4}},
{"type":"Feature","geometry":{"type":"Point","coordinates":[-7.56,30.36]},"properties":{"FEATURECLA":"Range/mtn","NAME":"Anti Atlas","LABEL":"Anti Atlas","MIN_LABEL":6,"MAX_LABEL":9,"SCALERANK":4}},
{"type":"Feature","geometry":{"type":"Point","coordinates":[29.79,-14.66]},"properties":{"FEATURECLA":"Range/mtn","NAME":"Muchinga Mts.","LABEL":null,"MIN_LABEL":5.3,"MAX_LABEL":9,"SCALERANK":4}},
{"type":"Feature","geometry":{"type":"Point","coordinates":[-49.27,-26.94]},"properties":{"FEATURECLA":"Range/mtn","NAME":"Serra do Mar","LABEL":null,"MIN_LABEL":5.3,"MAX_LABEL":9,"SCALERANK":4}},
{"type":"Feature","geometry":{"type":"Point","coordinates":[-51.47,-26.18]},"properties":{"FEATURECLA":"Range/mtn","NAME":"Serra Geral","LABEL":"Serra Geral","MIN_LABEL":5.3,"MAX_LABEL":9,"SCALERANK":4}},
{"type":"Feature","geometry":{"type":"Point","coordinates":[-45.13,-22.58]},"properties":{"FEATURECLA":"Range/mtn","NAME":"Serra da Mantiqueira","LABEL":"Serra da Mantiqueira","MIN_LABEL":5.3,"MAX_LABEL":9,"SCALERANK":4}},
{"type":"Feature","geometry":{"type":"Point","coordinates":[-64.59,5.23]},"properties":{"FEATURECLA":"Range/mtn","NAME":"GUIANA HIGHLANDS","LABEL":null,"MIN_LABEL":5.3,"MAX_LABEL":9,"SCALERANK":4}},
{"type":"Feature","geometry":{"type":"Point","coordinates":[-92.56,16.59]},"properties":{"FEATURECLA":"Range/mtn","NAME":"Sierra Chiapas","LABEL":"Sierra Chiapas","MIN_LABEL":5.3,"MAX_LABEL":9,"SCALERANK":4}},
{"type":"Feature","geometry":{"type":"Point","coordinates":[-128.12,61.46]},"properties":{"FEATURECLA":"Range/mtn","NAME":"SELWYN MTS.","LABEL":null,"MIN_LABEL":4,"MAX_LABEL":9,"SCALERANK":4}},
{"type":"Feature","geometry":{"type":"Point","coordinates":[-117.83,49.94]},"properties":{"FEATURECLA":"Range/mtn","NAME":"COLUMBIA MTS.","LABEL":"COLUMBIA MTS.","MIN_LABEL":4.7,"MAX_LABEL":9,"SCALERANK":4}},
{"type":"Feature","geometry":{"type":"Point","coordinates":[-64.16,59.23]},"properties":{"FEATURECLA":"Range/mtn","NAME":"TORNGAT MTS.","LABEL":null,"MIN_LABEL":4.7,"MAX_LABEL":9,"SCALERANK":4}},
{"type":"Feature","geometry":{"type":"Point","coordinates":[142.95,-5.34]},"properties":{"FEATURECLA":"Range/mtn","NAME":"NEW GUINEA HIGHLANDS","LABEL":null,"MIN_LABEL":5.3,"MAX_LABEL":9,"SCALERANK":4}},
{"type":"Feature","geometry":{"type":"Point","coordinates":[99.8,47.19]},"properties":{"FEATURECLA":"Range/mtn","NAME":"Hangayn Mts.","LABEL":"Hangayn Mts.","MIN_LABEL":5.3,"MAX_LABEL":9,"SCALERANK":4}},
{"type":"Feature","geometry":{"type":"Point","coordinates":[128.51,41.22]},"properties":{"FEATURECLA":"Range/mtn","NAME":"Hamgyong Mts.","LABEL":"Hamgyong Mts.","MIN_LABEL":5.3,"MAX_LABEL":9,"SCALERANK":4}},
{"type":"Feature","geometry":{"type":"Point","coordinates":[159.98,57.16]},"properties":{"FEATURECLA":"Range/mtn","NAME":"SREDINNYY RANGE","LABEL":"SREDINNYY RANGE","MIN_LABEL":5.3,"MAX_LABEL":9,"SCALERANK":4}},
{"type":"Feature","geometry":{"type":"Point","coordinates":[170.61,62.37]},"properties":{"FEATURECLA":"Range/mtn","NAME":"Koryak Range","LABEL":"Koryak Range","MIN_LABEL":5.3,"MAX_LABEL":9,"SCALERANK":4}},
{"type":"Feature","geometry":{"type":"Point","coordinates":[161.97,63.95]},"properties":{"FEATURECLA":"Range/mtn","NAME":"KOLYMA RANGE","LABEL":"KOLYMA RANGE","MIN_LABEL":5.3,"MAX_LABEL":9,"SCALERANK":4}},
{"type":"Feature","geometry":{"type":"Point","coordinates":[139.46,66.92]},"properties":{"FEATURECLA":"Range/mtn","NAME":"CHERSKIY RANGE","LABEL":"CHERSKIY RANGE","MIN_LABEL":4.7,"MAX_LABEL":9,"SCALERANK":4}},
{"type":"Feature","geometry":{"type":"Point","coordinates":[93.04,22.51]},"properties":{"FEATURECLA":"Range/mtn","NAME":"Chin Hills","LABEL":"Chin Hills","MIN_LABEL":5.3,"MAX_LABEL":9,"SCALERANK":4}},
{"type":"Feature","geometry":{"type":"Point","coordinates":[108.72,41.69]},"properties":{"FEATURECLA":"Range/mtn","NAME":"Yin Mts.","LABEL":null,"MIN_LABEL":5.3,"MAX_LABEL":9,"SCALERANK":4}},
{"type":"Feature","geometry":{"type":"Point","coordinates":[93.45,52.32]},"properties":{"FEATURECLA":"Range/mtn","NAME":"Western Sayan Mts.","LABEL":null,"MIN_LABEL":5.3,"MAX_LABEL":9,"SCALERANK":4}},
{"type":"Feature","geometry":{"type":"Point","coordinates":[89.71,51.86]},"properties":{"FEATURECLA":"Range/mtn","NAME":"Abakanskiy Ra.","LABEL":null,"MIN_LABEL":5.3,"MAX_LABEL":9,"SCALERANK":4}},
{"type":"Feature","geometry":{"type":"Point","coordinates":[91.46,50.77]},"properties":{"FEATURECLA":"Range/mtn","NAME":"Tannu-Ola Ra.","LABEL":"Tannu-Ola Ra.","MIN_LABEL":5.3,"MAX_LABEL":9,"SCALERANK":4}},
{"type":"Feature","geometry":{"type":"Point","coordinates":[113.73,38.4]},"properties":{"FEATURECLA":"Range/mtn","NAME":"Taihang Mts.","LABEL":null,"MIN_LABEL":5.3,"MAX_LABEL":9,"SCALERANK":4}},
{"type":"Feature","geometry":{"type":"Point","coordinates":[112.08,37.48]},"properties":{"FEATURECLA":"Range/mtn","NAME":"Lüliang Mts.","LABEL":"Lüliang Mts.","MIN_LABEL":5.3,"MAX_LABEL":9,"SCALERANK":4}},
{"type":"Feature","geometry":{"type":"Point","coordinates":[109.64,33.56]},"properties":{"FEATURECLA":"Range/mtn","NAME":"Qinling Mountains","LABEL":"Qinling Mountains","MIN_LABEL":5.3,"MAX_LABEL":9,"SCALERANK":4}},
{"type":"Feature","geometry":{"type":"Point","coordinates":[105.78,27.86]},"properties":{"FEATURECLA":"Range/mtn","NAME":"Dalou Mts.","LABEL":"Dalou Mts.","MIN_LABEL":5.3,"MAX_LABEL":9,"SCALERANK":4}},
{"type":"Feature","geometry":{"type":"Point","coordinates":[102.75,14.51]},"properties":{"FEATURECLA":"Range/mtn","NAME":"Dângrêk Ra.","LABEL":"Dângrêk Ra.","MIN_LABEL":5.3,"MAX_LABEL":9,"SCALERANK":4}},
{"type":"Feature","geometry":{"type":"Point","coordinates":[94.35,25.46]},"properties":{"FEATURECLA":"Range/mtn","NAME":"Naga Hills","LABEL":"Naga Hills","MIN_LABEL":5.3,"MAX_LABEL":9,"SCALERANK":4}},
{"type":"Feature","geometry":{"type":"Point","coordinates":[94.46,19.62]},"properties":{"FEATURECLA":"Range/mtn","NAME":"Arakan Yoma","LABEL":"Arakan Yoma","MIN_LABEL":5.3,"MAX_LABEL":9,"SCALERANK":4}},
{"type":"Feature","geometry":{"type":"Point","coordinates":[77.29,9.96]},"properties":{"FEATURECLA":"Range/mtn","NAME":"Southern Ghats","LABEL":null,"MIN_LABEL":5.3,"MAX_LABEL":9,"SCALERANK":4}},
{"type":"Feature","geometry":{"type":"Point","coordinates":[77.52,21.84]},"properties":{"FEATURECLA":"Range/mtn","NAME":"Satpura Range","LABEL":"Satpura Range","MIN_LABEL":5.3,"MAX_LABEL":9,"SCALERANK":4}},
{"type":"Feature","geometry":{"type":"Point","coordinates":[73.88,33.55]},"properties":{"FEATURECLA":"Range/mtn","NAME":"Salt Ra.","LABEL":null,"MIN_LABEL":5.3,"MAX_LABEL":9,"SCALERANK":4}},
{"type":"Feature","geometry":{"type":"Point","coordinates":[84.25,43.91]},"properties":{"FEATURECLA":"Range/mtn","NAME":"Borohoro Mts.","LABEL":"Borohoro Mts.","MIN_LABEL":5.3,"MAX_LABEL":9,"SCALERANK":4}},
{"type":"Feature","geometry":{"type":"Point","coordinates":[80.43,45.13]},"properties":{"FEATURECLA":"Range/mtn","NAME":"Alataw Mts.","LABEL":null,"MIN_LABEL":5.3,"MAX_LABEL":9,"SCALERANK":4}},
{"type":"Feature","geometry":{"type":"Point","coordinates":[92.48,25.75]},"properties":{"FEATURECLA":"Range/mtn","NAME":"Khasi Hills","LABEL":"Khasi Hills","MIN_LABEL":5.3,"MAX_LABEL":9,"SCALERANK":4}},
{"type":"Feature","geometry":{"type":"Point","coordinates":[45.51,40.47]},"properties":{"FEATURECLA":"Range/mtn","NAME":"Lesser Caucasus","LABEL":"Lesser Caucasus","MIN_LABEL":5.3,"MAX_LABEL":9,"SCALERANK":4}},
{"type":"Feature","geometry":{"type":"Point","coordinates":[38.95,40.56]},"properties":{"FEATURECLA":"Range/mtn","NAME":"PONTIC MOUNTAINS","LABEL":"PONTIC MOUNTAINS","MIN_LABEL":5.3,"MAX_LABEL":9,"SCALERANK":4}},
{"type":"Feature","geometry":{"type":"Point","coordinates":[53.97,30.47]},"properties":{"FEATURECLA":"Range/mtn","NAME":"KUH RUD MOUNTAINS","LABEL":null,"MIN_LABEL":5.3,"MAX_LABEL":9,"SCALERANK":4}},
{"type":"Feature","geometry":{"type":"Point","coordinates":[24.93,42.97]},"properties":{"FEATURECLA":"Range/mtn","NAME":"Balkan Mts.","LABEL":"Balkan Mts.","MIN_LABEL":5.3,"MAX_LABEL":9,"SCALERANK":4}},
{"type":"Feature","geometry":{"type":"Point","coordinates":[18.54,43.72]},"properties":{"FEATURECLA":"Range/mtn","NAME":"Dinaric Alps","LABEL":null,"MIN_LABEL":5.3,"MAX_LABEL":9,"SCALERANK":4}},
{"type":"Feature","geometry":{"type":"Point","coordinates":[-5.59,43.11]},"properties":{"FEATURECLA":"Range/mtn","NAME":"Cord. Cantábrica","LABEL":null,"MIN_LABEL":5.3,"MAX_LABEL":9,"SCALERANK":4}},
{"type":"Feature","geometry":{"type":"Point","coordinates":[-3.26,37.35]},"properties":{"FEATURECLA":"Range/mtn","NAME":"S. Nevada","LABEL":"S. Nevada","MIN_LABEL":5.3,"MAX_LABEL":9,"SCALERANK":4}},
{"type":"Feature","geometry":{"type":"Point","coordinates":[-4.89,38.25]},"properties":{"FEATURECLA":"Range/mtn","NAME":"Sierra Morena","LABEL":"Sierra Morena","MIN_LABEL":6,"MAX_LABEL":9,"SCALERANK":4}},
{"type":"Feature","geometry":{"type":"Point","coordinates":[49,15.51]},"properties":{"FEATURECLA":"Range/mtn","NAME":"Hadhramaut","LABEL":null,"MIN_LABEL":5.3,"MAX_LABEL":9,"SCALERANK":4}},
{"type":"Feature","geometry":{"type":"Point","coordinates":[13.21,24.79]},"properties":{"FEATURECLA":"Desert","NAME":"Idhän Murzuq","LABEL":"Idhän Murzuq","MIN_LABEL":5.3,"MAX_LABEL":9,"SCALERANK":4}},
{"type":"Feature","geometry":{"type":"Point","coordinates":[-6.3,28.73]},"properties":{"FEATURECLA":"Desert","NAME":"Hamada du Drâa","LABEL":"Hamada du Drâa","MIN_LABEL":6,"MAX_LABEL":9,"SCALERANK":4}},
{"type":"Feature","geometry":{"type":"Point","coordinates":[12.64,18.72]},"properties":{"FEATURECLA":"Desert","NAME":"Ténéré","LABEL":"Ténéré","MIN_LABEL":5.3,"MAX_LABEL":9,"SCALERANK":4}},
{"type":"Feature","geometry":{"type":"Point","coordinates":[5.96,20.73]},"properties":{"FEATURECLA":"Desert","NAME":"Tassili oua-n-Ahaggar","LABEL":null,"MIN_LABEL":6,"MAX_LABEL":9,"SCALERANK":4}},
{"type":"Feature","geometry":{"type":"Point","coordinates":[8.03,25.71]},"properties":{"FEATURECLA":"Desert","NAME":"Tassili-n-Ajjer","LABEL":null,"MIN_LABEL":5.3,"MAX_LABEL":9,"SCALERANK":4}},
{"type":"Feature","geometry":{"type":"Point","coordinates":[22.06,27.96]},"properties":{"FEATURECLA":"Desert","NAME":"Sarïr Kalanshiyu ar Ramli al Kabi","LABEL":null,"MIN_LABEL":6,"MAX_LABEL":9,"SCALERANK":4}},
{"type":"Feature","geometry":{"type":"Point","coordinates":[7.88,30.65]},"properties":{"FEATURECLA":"Desert","NAME":"Grand Erg Oriental","LABEL":"Grand Erg Oriental","MIN_LABEL":4.7,"MAX_LABEL":9,"SCALERANK":4}},
{"type":"Feature","geometry":{"type":"Point","coordinates":[1.69,30.68]},"properties":{"FEATURECLA":"Desert","NAME":"Grand Erg Occidental","LABEL":"Grand Erg Occidental","MIN_LABEL":5.3,"MAX_LABEL":9,"SCALERANK":4}},
{"type":"Feature","geometry":{"type":"Point","coordinates":[-2.94,24.43]},"properties":{"FEATURECLA":"Desert","NAME":"‘Erg Chech","LABEL":null,"MIN_LABEL":5.3,"MAX_LABEL":9,"SCALERANK":4}},
{"type":"Feature","geometry":{"type":"Point","coordinates":[-6.74,21.46]},"properties":{"FEATURECLA":"Desert","NAME":"El Djouf","LABEL":"El Djouf","MIN_LABEL":5.3,"MAX_LABEL":9,"SCALERANK":4}},
{"type":"Feature","geometry":{"type":"Point","coordinates":[-104.8,29.77]},"properties":{"FEATURECLA":"Desert","NAME":"CHIHUAHUAN DESERT","LABEL":"CHIHUAHUAN DESERT","MIN_LABEL":5.3,"MAX_LABEL":9,"SCALERANK":4}},
{"type":"Feature","geometry":{"type":"Point","coordinates":[-112.69,32.55]},"properties":{"FEATURECLA":"Desert","NAME":"SONORAN DESERT","LABEL":"SONORAN DESERT","MIN_LABEL":4.7,"MAX_LABEL":9,"SCALERANK":4}},
{"type":"Feature","geometry":{"type":"Point","coordinates":[-113.49,40.73]},"properties":{"FEATURECLA":"Desert","NAME":"Great Salt Lake Desert","LABEL":"Great Salt Lake Desert","MIN_LABEL":5.3,"MAX_LABEL":9,"SCALERANK":4}},
{"type":"Feature","geometry":{"type":"Point","coordinates":[124.99,-24.49]},"properties":{"FEATURECLA":"Desert","NAME":"Gibson Desert","LABEL":"Gibson Desert","MIN_LABEL":5.3,"MAX_LABEL":9,"SCALERANK":4}},
{"type":"Feature","geometry":{"type":"Point","coordinates":[108.2,39.08]},"properties":{"FEATURECLA":"Desert","NAME":"Mu Us Desert","LABEL":"Mu Us Desert","MIN_LABEL":5.3,"MAX_LABEL":9,"SCALERANK":4}},
{"type":"Feature","geometry":{"type":"Point","coordinates":[83.09,38.96]},"properties":{"FEATURECLA":"Desert","NAME":"TAKLIMAKAN DESERT","LABEL":"TAKLIMAKAN DESERT","MIN_LABEL":5.3,"MAX_LABEL":9,"SCALERANK":4}},
{"type":"Feature","geometry":{"type":"Point","coordinates":[57.98,31.63]},"properties":{"FEATURECLA":"Desert","NAME":"LUT DESERT","LABEL":"LUT DESERT","MIN_LABEL":5.3,"MAX_LABEL":9,"SCALERANK":4}},
{"type":"Feature","geometry":{"type":"Point","coordinates":[-84.11,13.41]},"properties":{"FEATURECLA":"Coast","NAME":"Costa de los Mosquitos","LABEL":null,"MIN_LABEL":5.3,"MAX_LABEL":9,"SCALERANK":4}},
{"type":"Feature","geometry":{"type":"Point","coordinates":[16.28,43.82]},"properties":{"FEATURECLA":"Coast","NAME":"Dalmatia","LABEL":null,"MIN_LABEL":5.3,"MAX_LABEL":9,"SCALERANK":4}},
{"type":"Feature","geometry":{"type":"Point","coordinates":[-176.3,66.67]},"properties":{"FEATURECLA":"Pen/cape","NAME":"CHUKCHI PENINSULA","LABEL":"CHUKCHI PENINSULA","MIN_LABEL":5.3,"MAX_LABEL":9,"SCALERANK":4}},
{"type":"Feature","geometry":{"type":"Point","coordinates":[-65.18,66.82]},"properties":{"FEATURECLA":"Pen/cape","NAME":"Cumberland Peninsula","LABEL":"Cumberland Peninsula","MIN_LABEL":5.3,"MAX_LABEL":9,"SCALERANK":4}},
{"type":"Feature","geometry":{"type":"Point","coordinates":[-83.98,68.01]},"properties":{"FEATURECLA":"Pen/cape","NAME":"Melville Peninsula","LABEL":null,"MIN_LABEL":5.3,"MAX_LABEL":9,"SCALERANK":4}},
{"type":"Feature","geometry":{"type":"Point","coordinates":[-73.86,59.52]},"properties":{"FEATURECLA":"Pen/cape","NAME":"PÉNINSULE D’UNGAVA","LABEL":null,"MIN_LABEL":4.7,"MAX_LABEL":9,"SCALERANK":4}},
{"type":"Feature","geometry":{"type":"Point","coordinates":[-65.67,48.7]},"properties":{"FEATURECLA":"Pen/cape","NAME":"Gaspé Peninsula","LABEL":"Pén. de Gaspé","MIN_LABEL":5,"MAX_LABEL":9,"SCALERANK":4}},
{"type":"Feature","geometry":{"type":"Point","coordinates":[128.13,36.97]},"properties":{"FEATURECLA":"Pen/cape","NAME":"KOREA","LABEL":"KOREA","MIN_LABEL":5.3,"MAX_LABEL":6,"SCALERANK":4}},
{"type":"Feature","geometry":{"type":"Point","coordinates":[75.95,70.26]},"properties":{"FEATURECLA":"Pen/cape","NAME":"GYDA PENINSULA","LABEL":null,"MIN_LABEL":5.3,"MAX_LABEL":9,"SCALERANK":4}},
{"type":"Feature","geometry":{"type":"Point","coordinates":[104.53,77.44]},"properties":{"FEATURECLA":"Pen/cape","NAME":"Cape Chelyuskin","LABEL":"Cape Chelyuskin","MIN_LABEL":5.3,"MAX_LABEL":9,"SCALERANK":4}},
{"type":"Feature","geometry":{"type":"Point","coordinates":[122.94,40.29]},"properties":{"FEATURECLA":"Pen/cape","NAME":"Liaodong Pen.","LABEL":"Liaodong Pen.","MIN_LABEL":5.3,"MAX_LABEL":9,"SCALERANK":4}},
{"type":"Feature","geometry":{"type":"Point","coordinates":[70.82,21.82]},"properties":{"FEATURECLA":"Pen/cape","NAME":"Kathiawar Pen.","LABEL":"Kathiawar Pen.","MIN_LABEL":5.3,"MAX_LABEL":9,"SCALERANK":4}},
{"type":"Feature","geometry":{"type":"Point","coordinates":[109.94,20.91]},"properties":{"FEATURECLA":"Pen/cape","NAME":"Leizhou Pen.","LABEL":"Leizhou Pen.","MIN_LABEL":5.3,"MAX_LABEL":9,"SCALERANK":4}},
{"type":"Feature","geometry":{"type":"Point","coordinates":[31.96,-5.74]},"properties":{"FEATURECLA":"Plain","NAME":"Iwembere Steppe","LABEL":null,"MIN_LABEL":6,"MAX_LABEL":9,"SCALERANK":4}},
{"type":"Feature","geometry":{"type":"Point","coordinates":[-144.57,66.69]},"properties":{"FEATURECLA":"Plain","NAME":"Yukon Flats","LABEL":null,"MIN_LABEL":5.3,"MAX_LABEL":9,"SCALERANK":4}},
{"type":"Feature","geometry":{"type":"Point","coordinates":[-69.52,50.68]},"properties":{"FEATURECLA":"Plain","NAME":"LES LAURENTIDES","LABEL":null,"MIN_LABEL":4.7,"MAX_LABEL":9,"SCALERANK":4}},
{"type":"Feature","geometry":{"type":"Point","coordinates":[11.82,6.99]},"properties":{"FEATURECLA":"Plateau","NAME":"Adamawa Plateau","LABEL":"Adamawa Plateau","MIN_LABEL":5.3,"MAX_LABEL":9,"SCALERANK":4}},
{"type":"Feature","geometry":{"type":"Point","coordinates":[14.33,-15.85]},"properties":{"FEATURECLA":"Plateau","NAME":"Huíla Plateau","LABEL":null,"MIN_LABEL":5.3,"MAX_LABEL":9,"SCALERANK":4}},
{"type":"Feature","geometry":{"type":"Point","coordinates":[19.21,-13.08]},"properties":{"FEATURECLA":"Plateau","NAME":"Bié Plateau","LABEL":"Bié Plateau","MIN_LABEL":5.3,"MAX_LABEL":9,"SCALERANK":4}},
{"type":"Feature","geometry":{"type":"Point","coordinates":[-45.32,-14.25]},"properties":{"FEATURECLA":"Plateau","NAME":"Campos Sertão","LABEL":null,"MIN_LABEL":5.3,"MAX_LABEL":9,"SCALERANK":4}},
{"type":"Feature","geometry":{"type":"Point","coordinates":[-91.97,36.65]},"properties":{"FEATURECLA":"Plateau","NAME":"Ozark Plateau","LABEL":"Ozark Plateau","MIN_LABEL":5.3,"MAX_LABEL":9,"SCALERANK":4}},
{"type":"Feature","geometry":{"type":"Point","coordinates":[-99.32,31.29]},"properties":{"FEATURECLA":"Plateau","NAME":"Edwards Plateau","LABEL":null,"MIN_LABEL":5.3,"MAX_LABEL":9,"SCALERANK":4}},
{"type":"Feature","geometry":{"type":"Point","coordinates":[-124.04,53.21]},"properties":{"FEATURECLA":"Plateau","NAME":"FRASER PLATEAU","LABEL":null,"MIN_LABEL":5.3,"MAX_LABEL":9,"SCALERANK":4}},
{"type":"Feature","geometry":{"type":"Point","coordinates":[-89.81,46.46]},"properties":{"FEATURECLA":"Plateau","NAME":"Superior Upland","LABEL":null,"MIN_LABEL":5.3,"MAX_LABEL":9,"SCALERANK":4}},
{"type":"Feature","geometry":{"type":"Point","coordinates":[126.72,-16.26]},"properties":{"FEATURECLA":"Plateau","NAME":"KIMBERLEY PLATEAU","LABEL":null,"MIN_LABEL":5.3,"MAX_LABEL":9,"SCALERANK":4}},
{"type":"Feature","geometry":{"type":"Point","coordinates":[73.67,48.55]},"properties":{"FEATURECLA":"Plateau","NAME":"KAZAKH UPLAND","LABEL":null,"MIN_LABEL":5.3,"MAX_LABEL":9,"SCALERANK":4}},
{"type":"Feature","geometry":{"type":"Point","coordinates":[55.3,43.93]},"properties":{"FEATURECLA":"Plateau","NAME":"Ustyurt Plateau","LABEL":"Ustyurt Plateau","MIN_LABEL":5.3,"MAX_LABEL":9,"SCALERANK":4}},
{"type":"Feature","geometry":{"type":"Point","coordinates":[112.47,56.6]},"properties":{"FEATURECLA":"Plateau","NAME":"STANOVOY UPLAND","LABEL":null,"MIN_LABEL":5.3,"MAX_LABEL":9,"SCALERANK":4}},
{"type":"Feature","geometry":{"type":"Point","coordinates":[107.47,36.14]},"properties":{"FEATURECLA":"Plateau","NAME":"Loess Plateau","LABEL":"Loess Plateau","MIN_LABEL":5.3,"MAX_LABEL":9,"SCALERANK":4}},
{"type":"Feature","geometry":{"type":"Point","coordinates":[86.53,45.05]},"properties":{"FEATURECLA":"Basin","NAME":"Junggar Basin","LABEL":null,"MIN_LABEL":5.3,"MAX_LABEL":9,"SCALERANK":4}},
{"type":"Feature","geometry":{"type":"Point","coordinates":[94.06,37.22]},"properties":{"FEATURECLA":"Basin","NAME":"Qaidam Basin","LABEL":null,"MIN_LABEL":5.3,"MAX_LABEL":9,"SCALERANK":4}},
{"type":"Feature","geometry":{"type":"Point","coordinates":[155.49,69.1]},"properties":{"FEATURECLA":"Lowland","NAME":"KOLYMA LOWLAND","LABEL":null,"MIN_LABEL":4.7,"MAX_LABEL":9,"SCALERANK":4}},
{"type":"Feature","geometry":{"type":"Point","coordinates":[52.32,62.38]},"properties":{"FEATURECLA":"Lowland","NAME":"VYCHEGDA LOWLAND","LABEL":null,"MIN_LABEL":5.3,"MAX_LABEL":9,"SCALERANK":4}},
{"type":"Feature","geometry":{"type":"Point","coordinates":[44.28,6.78]},"properties":{"FEATURECLA":"Geoarea","NAME":"Ogaden","LABEL":"Ogaden","MIN_LABEL":5.3,"MAX_LABEL":9,"SCALERANK":4}},
{"type":"Feature","geometry":{"type":"Point","coordinates":[43.16,0.5]},"properties":{"FEATURECLA":"Geoarea","NAME":"Banaadir Coast","LABEL":null,"MIN_LABEL":6,"MAX_LABEL":9,"SCALERANK":4}},
{"type":"Feature","geometry":{"type":"Point","coordinates":[146.2,-34.66]},"properties":{"FEATURECLA":"Geoarea","NAME":"Riverina","LABEL":"Riverina","MIN_LABEL":5.3,"MAX_LABEL":9,"SCALERANK":4}},
{"type":"Feature","geometry":{"type":"Point","coordinates":[99.79,40.06]},"properties":{"FEATURECLA":"Geoarea","NAME":"Hexi Corridor","LABEL":"Hexi Corridor","MIN_LABEL":5.3,"MAX_LABEL":9,"SCALERANK":4}},
{"type":"Feature","geometry":{"type":"Point","coordinates":[62.73,27.64]},"properties":{"FEATURECLA":"Geoarea","NAME":"BALUCHISTAN","LABEL":"BALUCHISTAN","MIN_LABEL":5.3,"MAX_LABEL":9,"SCALERANK":4}},
{"type":"Feature","geometry":{"type":"Point","coordinates":[24.72,67.76]},"properties":{"FEATURECLA":"Geoarea","NAME":"LAPLAND","LABEL":"LAPLAND","MIN_LABEL":5.3,"MAX_LABEL":9,"SCALERANK":4}},
{"type":"Feature","geometry":{"type":"Point","coordinates":[-112.65,36.27]},"properties":{"FEATURECLA":"Gorge","NAME":"Grand Canyon","LABEL":"Grand Canyon","MIN_LABEL":5.3,"MAX_LABEL":9,"SCALERANK":4}},
{"type":"Feature","geometry":{"type":"Point","coordinates":[110.24,30.89]},"properties":{"FEATURECLA":"Gorge","NAME":"Yangtze Gorges","LABEL":null,"MIN_LABEL":5.3,"MAX_LABEL":9,"SCALERANK":4}},
{"type":"Feature","geometry":{"type":"Point","coordinates":[95.22,28.83]},"properties":{"FEATURECLA":"Gorge","NAME":"Tsangpo Gorge","LABEL":"Tsangpo Gorge","MIN_LABEL":5.3,"MAX_LABEL":9,"SCALERANK":4}},
{"type":"Feature","geometry":{"type":"Point","coordinates":[-72.34,-38.28]},"properties":{"FEATURECLA":"Valley","NAME":"Valle Longitudinal","LABEL":"Valle Longitudinal","MIN_LABEL":5.3,"MAX_LABEL":9,"SCALERANK":4}},
{"type":"Feature","geometry":{"type":"Point","coordinates":[-119.84,36.5]},"properties":{"FEATURECLA":"Valley","NAME":"Central Valley","LABEL":"Central Valley","MIN_LABEL":5.6,"MAX_LABEL":9,"SCALERANK":4}},
{"type":"Feature","geometry":{"type":"Point","coordinates":[-58.02,-29.04]},"properties":{"FEATURECLA":"Wetlands","NAME":"Entre Rios","LABEL":null,"MIN_LABEL":5.3,"MAX_LABEL":9,"SCALERANK":4}},
{"type":"Feature","geometry":{"type":"Point","coordinates":[168.89,-71.87]},"properties":{"FEATURECLA":"Range/mtn","NAME":"Admiralty Mountains","LABEL":"Admiralty Mountains","MIN_LABEL":5.3,"MAX_LABEL":9,"SCALERANK":4}},
{"type":"Feature","geometry":{"type":"Point","coordinates":[161.21,-76.54]},"properties":{"FEATURECLA":"Range/mtn","NAME":"Prince Albert Mountains","LABEL":"Prince Albert Mountains","MIN_LABEL":5.3,"MAX_LABEL":9,"SCALERANK":4}},
{"type":"Feature","geometry":{"type":"Point","coordinates":[167.41,-84.13]},"properties":{"FEATURECLA":"Range/mtn","NAME":"Queen Alexandra Range","LABEL":"Queen Alexandra Range","MIN_LABEL":5.3,"MAX_LABEL":9,"SCALERANK":4}},
{"type":"Feature","geometry":{"type":"Point","coordinates":[-69.37,-71.7]},"properties":{"FEATURECLA":"Island","NAME":"Alexander Island","LABEL":null,"MIN_LABEL":5.3,"MAX_LABEL":9,"SCALERANK":4}},
{"type":"Feature","geometry":{"type":"Point","coordinates":[-133.59,-75.91]},"properties":{"FEATURECLA":"Range/mtn","NAME":"Flood Range","LABEL":"Flood Range","MIN_LABEL":5.3,"MAX_LABEL":9,"SCALERANK":4}},
{"type":"Feature","geometry":{"type":"Point","coordinates":[-144.75,-77.25]},"properties":{"FEATURECLA":"Range/mtn","NAME":"Ford Ranges","LABEL":"Ford Ranges","MIN_LABEL":5.3,"MAX_LABEL":9,"SCALERANK":4}},
{"type":"Feature","geometry":{"type":"Point","coordinates":[-153.04,-78.27]},"properties":{"FEATURECLA":"Peninsula","NAME":"Edward VII Peninsula","LABEL":"Edward VII Pen.","MIN_LABEL":5.3,"MAX_LABEL":9,"SCALERANK":4}},
{"type":"Feature","geometry":{"type":"Point","coordinates":[66.31,-72.05]},"properties":{"FEATURECLA":"Range/mtn","NAME":"Prince Charles Mountains","LABEL":"Prince Charles Mountains","MIN_LABEL":5.3,"MAX_LABEL":9,"SCALERANK":4}},
{"type":"Feature","geometry":{"type":"Point","coordinates":[50.28,-67.61]},"properties":{"FEATURECLA":"Range/mtn","NAME":"Scott Mountains","LABEL":"Scott Mountains","MIN_LABEL":5.3,"MAX_LABEL":9,"SCALERANK":4}},
{"type":"Feature","geometry":{"type":"Point","coordinates":[54.67,-66.66]},"properties":{"FEATURECLA":"Range/mtn","NAME":"Napier Mountains","LABEL":"Napier Mountains","MIN_LABEL":5.3,"MAX_LABEL":9,"SCALERANK":4}},
{"type":"Feature","geometry":{"type":"Point","coordinates":[-22.59,-80.55]},"properties":{"FEATURECLA":"Range/mtn","NAME":"Shackleton Range","LABEL":"Shackleton Range","MIN_LABEL":5.3,"MAX_LABEL":9,"SCALERANK":4}},
{"type":"Feature","geometry":{"type":"Point","coordinates":[-86.68,47.38]},"properties":{"FEATURECLA":"Lake","NAME":"GREAT LAKES","LABEL":"GREAT LAKES","MIN_LABEL":3.5,"MAX_LABEL":6,"SCALERANK":4}},
{"type":"Feature","geometry":{"type":"Point","coordinates":[9.11,56.03]},"properties":{"FEATURECLA":"Geoarea","NAME":"JUTLAND","LABEL":"JUTLAND","MIN_LABEL":5.3,"MAX_LABEL":9,"SCALERANK":4}},
{"type":"Feature","geometry":{"type":"Point","coordinates":[151.22,46.87]},"properties":{"FEATURECLA":"Island group","NAME":"KURIL ISLANDS","LABEL":"KURIL ISLANDS","MIN_LABEL":5.3,"MAX_LABEL":9,"SCALERANK":4}},
{"type":"Feature","geometry":{"type":"Point","coordinates":[178.21,-17.06]},"properties":{"FEATURECLA":"Island group","NAME":"FIJI","LABEL":null,"MIN_LABEL":5.3,"MAX_LABEL":9,"SCALERANK":4}},
{"type":"Feature","geometry":{"type":"Point","coordinates":[-174.64,-18.78]},"properties":{"FEATURECLA":"Island group","NAME":"TONGA ISLANDS","LABEL":null,"MIN_LABEL":5.3,"MAX_LABEL":9,"SCALERANK":4}},
{"type":"Feature","geometry":{"type":"Point","coordinates":[170.78,10.25]},"properties":{"FEATURECLA":"Island group","NAME":"RATAK CHAIN","LABEL":null,"MIN_LABEL":5.3,"MAX_LABEL":9,"SCALERANK":4}},
{"type":"Feature","geometry":{"type":"Point","coordinates":[166.64,9.29]},"properties":{"FEATURECLA":"Island group","NAME":"RALIK CHAIN","LABEL":null,"MIN_LABEL":5.3,"MAX_LABEL":9,"SCALERANK":4}},
{"type":"Feature","geometry":{"type":"Point","coordinates":[140.79,28.93]},"properties":{"FEATURECLA":"Island group","NAME":"NAMPÖ-SHOTÖ","LABEL":null,"MIN_LABEL":5.3,"MAX_LABEL":9,"SCALERANK":4}},
{"type":"Feature","geometry":{"type":"Point","coordinates":[-159.32,-20.01]},"properties":{"FEATURECLA":"Island group","NAME":"SOUTHERN COOK ISLANDS","LABEL":null,"MIN_LABEL":5.3,"MAX_LABEL":9,"SCALERANK":4}},
{"type":"Feature","geometry":{"type":"Point","coordinates":[-162.69,-11.46]},"properties":{"FEATURECLA":"Island group","NAME":"NORTHERN COOK ISLANDS","LABEL":"NORTHERN COOK ISLANDS","MIN_LABEL":5.3,"MAX_LABEL":9,"SCALERANK":4}},
{"type":"Feature","geometry":{"type":"Point","coordinates":[152.9,-4.32]},"properties":{"FEATURECLA":"Island group","NAME":"New Ireland","LABEL":"New Ireland","MIN_LABEL":5.3,"MAX_LABEL":9,"SCALERANK":4}},
{"type":"Feature","geometry":{"type":"Point","coordinates":[161.84,-10.58]},"properties":{"FEATURECLA":"Island group","NAME":"San Cristobal","LABEL":"San Cristobal","MIN_LABEL":5.3,"MAX_LABEL":9,"SCALERANK":4}},
{"type":"Feature","geometry":{"type":"Point","coordinates":[159.18,-8.03]},"properties":{"FEATURECLA":"Island group","NAME":"Santa Isabel","LABEL":"Santa Isabel","MIN_LABEL":5.3,"MAX_LABEL":9,"SCALERANK":4}},
{"type":"Feature","geometry":{"type":"Point","coordinates":[167.52,-16.33]},"properties":{"FEATURECLA":"Island group","NAME":"Malakula","LABEL":"Malakula","MIN_LABEL":5.3,"MAX_LABEL":9,"SCALERANK":4}},
{"type":"Feature","geometry":{"type":"Point","coordinates":[-90.36,-0.63]},"properties":{"FEATURECLA":"Island group","NAME":"Santa Cruz","LABEL":"Santa Cruz","MIN_LABEL":5.3,"MAX_LABEL":9,"SCALERANK":4}},
{"type":"Feature","geometry":{"type":"Point","coordinates":[-172.44,-13.63]},"properties":{"FEATURECLA":"Island group","NAME":"Savai‘i","LABEL":"Savai‘i","MIN_LABEL":5.3,"MAX_LABEL":9,"SCALERANK":4}},
{"type":"Feature","geometry":{"type":"Point","coordinates":[-151.44,-16.82]},"properties":{"FEATURECLA":"Island group","NAME":"Raiatea","LABEL":"Raiatea","MIN_LABEL":4.7,"MAX_LABEL":9,"SCALERANK":4}},
{"type":"Feature","geometry":{"type":"Point","coordinates":[-139.02,-9.75]},"properties":{"FEATURECLA":"Island group","NAME":"Hiva Oa","LABEL":"Hiva Oa","MIN_LABEL":5.3,"MAX_LABEL":9,"SCALERANK":4}},
{"type":"Feature","geometry":{"type":"Point","coordinates":[-140.15,-8.85]},"properties":{"FEATURECLA":"Island group","NAME":"Nuku Hiva","LABEL":"Nuku Hiva","MIN_LABEL":5.3,"MAX_LABEL":9,"SCALERANK":4}},
{"type":"Feature","geometry":{"type":"Point","coordinates":[-157.38,1.83]},"properties":{"FEATURECLA":"Island group","NAME":"Kiritimati","LABEL":"Kiritimati","MIN_LABEL":5.3,"MAX_LABEL":9,"SCALERANK":4}},
{"type":"Feature","geometry":{"type":"Point","coordinates":[-157.98,21.52]},"properties":{"FEATURECLA":"Island group","NAME":"O‘ahu","LABEL":"O‘ahu","MIN_LABEL":5.3,"MAX_LABEL":9,"SCALERANK":4}},
{"type":"Feature","geometry":{"type":"Point","coordinates":[-159.52,22.07]},"properties":{"FEATURECLA":"Island group","NAME":"Kaua‘i","LABEL":"Kaua‘i","MIN_LABEL":5.3,"MAX_LABEL":9,"SCALERANK":4}},
{"type":"Feature","geometry":{"type":"Point","coordinates":[179.31,-16.55]},"properties":{"FEATURECLA":"Island group","NAME":"Vanua Levu","LABEL":"Vanua Levu","MIN_LABEL":5.3,"MAX_LABEL":9,"SCALERANK":4}},
{"type":"Feature","geometry":{"type":"Point","coordinates":[144.72,13.41]},"properties":{"FEATURECLA":"Island group","NAME":"Guam","LABEL":"Guam","MIN_LABEL":5.3,"MAX_LABEL":9,"SCALERANK":4}},
{"type":"Feature","geometry":{"type":"Point","coordinates":[155.89,50.44]},"properties":{"FEATURECLA":"Island group","NAME":"Paramushir","LABEL":"Paramushir","MIN_LABEL":5.3,"MAX_LABEL":9,"SCALERANK":4}},
{"type":"Feature","geometry":{"type":"Point","coordinates":[127.8,26.37]},"properties":{"FEATURECLA":"Island group","NAME":"Okinawa","LABEL":null,"MIN_LABEL":5.3,"MAX_LABEL":9,"SCALERANK":4}},
{"type":"Feature","geometry":{"type":"Point","coordinates":[129.38,28.3]},"properties":{"FEATURECLA":"Island group","NAME":"Amami","LABEL":"Amami","MIN_LABEL":5.3,"MAX_LABEL":9,"SCALERANK":4}},
{"type":"Feature","geometry":{"type":"Point","coordinates":[120.81,5.79]},"properties":{"FEATURECLA":"Island group","NAME":"Sulu Archipelago","LABEL":"Sulu Archipelago","MIN_LABEL":5.3,"MAX_LABEL":9,"SCALERANK":4}},
{"type":"Feature","geometry":{"type":"Point","coordinates":[-24.06,15.95]},"properties":{"FEATURECLA":"Island group","NAME":"ILHAS DE CABO VERDE","LABEL":null,"MIN_LABEL":4.7,"MAX_LABEL":6,"SCALERANK":4}},
{"type":"Feature","geometry":{"type":"Point","coordinates":[-15.93,28.49]},"properties":{"FEATURECLA":"Island group","NAME":"ISLAS CANARIAS","LABEL":null,"MIN_LABEL":4,"MAX_LABEL":6,"SCALERANK":4}},
{"type":"Feature","geometry":{"type":"Point","coordinates":[-132.32,53.52]},"properties":{"FEATURECLA":"Island group","NAME":"Haida Gwaii","LABEL":"Haida Gwaii","MIN_LABEL":5.3,"MAX_LABEL":9,"SCALERANK":4}},
{"type":"Feature","geometry":{"type":"Point","coordinates":[-133.59,56.28]},"properties":{"FEATURECLA":"Island group","NAME":"Alexander Archipelago","LABEL":"Alexander Arch.","MIN_LABEL":5.3,"MAX_LABEL":9,"SCALERANK":4}},
{"type":"Feature","geometry":{"type":"Point","coordinates":[-119.25,33.5]},"properties":{"FEATURECLA":"Island group","NAME":"Channel Islands","LABEL":"Channel Islands","MIN_LABEL":5.3,"MAX_LABEL":9,"SCALERANK":4}},
{"type":"Feature","geometry":{"type":"Point","coordinates":[-64.71,18.38]},"properties":{"FEATURECLA":"Island group","NAME":"Virgin Is.","LABEL":null,"MIN_LABEL":5.3,"MAX_LABEL":9,"SCALERANK":4}},
{"type":"Feature","geometry":{"type":"Point","coordinates":[-58.23,-62.05]},"properties":{"FEATURECLA":"Island group","NAME":"South Shetland Islands","LABEL":"South Shetland Islands","MIN_LABEL":5.3,"MAX_LABEL":9,"SCALERANK":4}}
]}