{"type":"FeatureCollection", "features": [
{"type":"Feature","geometry":{"type":"LineString","coordinates":[[51.94,55.7],[51.21,55.5],[50.08,55.38],[49.25,55.11]]},"properties":{"name":"Kama"}},
{"type":"Feature","geometry":{"type":"LineString","coordinates":[[53.69,58.21],[53.43,58.43],[53.22,59.1],[52.61,59.68],[52.98,59.96],[53.99,60.32],[55.15,60.2],[56.11,60.42],[56.68,59.39],[56.24,59.25],[56.39,58.44],[56.31,58.06],[55.25,57.87],[55.54,57.53],[54.98,57.11],[53.75,56.81],[53.87,56.4],[54.16,56.24],[53.5,55.89],[52.71,55.97],[51.94,55.7]]},"properties":{"name":"Kama"}},
{"type":"Feature","geometry":{"type":"LineString","coordinates":[[37.11,11.85],[37.39,11.63]]},"properties":{"name":"Abay"}},
{"type":"Feature","geometry":{"type":"LineString","coordinates":[[38.56,35.86],[38.08,36.07],[38.18,36.34]]},"properties":{"name":"Al Furat"}},
{"type":"Feature","geometry":{"type":"MultiLineString","coordinates":[[[-86.52,33.03],[-86.45,32.81]],[[-86.2,33.59],[-86.33,33.44]]]},"properties":{"name":"Alabama"}},
{"type":"Feature","geometry":{"type":"MultiLineString","coordinates":[[[-91.31,51.06],[-90.42,51.09]],[[-91.6,51.16],[-91.42,51.07]],[[-91.78,51.33],[-91.89,51.46]],[[-91.91,51.76],[-91.89,51.49]],[[-91.93,51.89],[-91.97,51.99]]]},"properties":{"name":"Albany"}},
{"type":"Feature","geometry":{"type":"LineString","coordinates":[[31.37,2.19],[31.47,2.4]]},"properties":{"name":"Albert Nile"}},
{"type":"Feature","geometry":{"type":"MultiLineString","coordinates":[[[137.07,50.45],[136.81,49.76]],[[140.11,51.76],[139.86,51.58]]]},"properties":{"name":"Amur"}},
{"type":"Feature","geometry":{"type":"MultiLineString","coordinates":[[[106.5,52.38],[106.22,52.36],[105.56,51.91],[104.87,51.87]],[[103.37,53.11],[103.38,53.59],[103.06,54.22],[103.24,54.6],[103.11,54.77],[103.33,55.18],[103.19,55.69],[102.89,56.13],[102.54,56.19],[101.86,56.07],[101.8,56.29]],[[102.67,57.94],[102.37,57.45],[102.34,57.19],[102.36,57]]]},"properties":{"name":"Angara"}},
{"type":"Feature","geometry":{"type":"LineString","coordinates":[[35.92,14.94],[35.9,14.62]]},"properties":{"name":"Atbara"}},
{"type":"Feature","geometry":{"type":"MultiLineString","coordinates":[[[-111.02,58.69],[-111.07,58.5]],[[-111.28,58.79],[-111.02,58.69]]]},"properties":{"name":"Athabasca"}},
{"type":"Feature","geometry":{"type":"MultiLineString","coordinates":[[[-108.53,64.56],[-108.18,64.69]],[[-108.09,64.72],[-107.98,64.72]],[[-98.66,65.93],[-98.99,66.08],[-99.85,65.89],[-101.31,65.89],[-101.77,65.95]],[[-97.27,65.97],[-96.99,66.15]]]},"properties":{"name":"Back"}},
{"type":"Feature","geometry":{"type":"LineString","coordinates":[[87.76,51.36],[87.39,51.76]]},"properties":{"name":"Biya"}},
{"type":"Feature","geometry":{"type":"MultiLineString","coordinates":[[[-84.97,30.92],[-84.88,30.72]],[[-85.07,31.64],[-85.06,32.05]],[[-83.81,34.36],[-84.08,34.17]]]},"properties":{"name":"Chattahoochee"}},
{"type":"Feature","geometry":{"type":"LineString","coordinates":[[-64.68,53.13],[-64.68,53.38]]},"properties":{"name":"Churchill"}},
{"type":"Feature","geometry":{"type":"MultiLineString","coordinates":[[[-114.38,34.54],[-114.16,34.25]],[[-114.59,35.35],[-114.65,35.63]],[[-114.74,36.01],[-114.59,36.15],[-114.18,36.03],[-114,36.2],[-113.64,35.83]],[[-110.37,37.9],[-110.92,37.16],[-111.47,36.93]],[[-105.82,40.18],[-105.86,40.16]]]},"properties":{"name":"Colorado"}},
{"type":"Feature","geometry":{"type":"MultiLineString","coordinates":[[[-118.07,48.66],[-118.17,48.23]],[[-118.09,49.8],[-117.91,49.34]],[[-117.91,50.68],[-117.88,50.1]],[[-117.52,51.66],[-117.87,51.87]],[[-118.53,52.1],[-118.37,52.09]]]},"properties":{"name":"Columbia"}},
{"type":"Feature","geometry":{"type":"MultiLineString","coordinates":[[[-112.34,64.9],[-111.97,64.64]],[[-114.17,65.64],[-114.01,65.38],[-112.39,65.14],[-112.32,64.96]]]},"properties":{"name":"Coppermine"}},
{"type":"Feature","geometry":{"type":"MultiLineString","coordinates":[[[16.43,60.16],[16.32,60.12]],[[17.42,60.51],[16.5,60.16]],[[14.55,61],[14.97,60.73]],[[13.72,61.41],[13.21,61.66]]]},"properties":{"name":"Dalälven"}},
{"type":"Feature","geometry":{"type":"LineString","coordinates":[[30.48,46.1],[30.27,46.32]]},"properties":{"name":"Dniester"}},
{"type":"Feature","geometry":{"type":"MultiLineString","coordinates":[[[33.54,46.83],[34,47.41],[34.45,47.54],[35.09,47.53],[35.11,47.84]],[[33.19,49.09],[31.89,49.55]],[[31.44,50],[31.49,49.87],[31.47,49.75]],[[30.51,51.22],[30.51,50.6]]]},"properties":{"name":"Dnipro"}},
{"type":"Feature","geometry":{"type":"LineString","coordinates":[[42.11,47.6],[42.88,47.88],[43.04,48.19],[43.9,48.97],[43.55,49.51]]},"properties":{"name":"Don"}},
{"type":"Feature","geometry":{"type":"LineString","coordinates":[[34.38,11.78],[34.78,11.3]]},"properties":{"name":"El Bahr el Azraq"}},
{"type":"Feature","geometry":{"type":"LineString","coordinates":[[83.36,49.64],[84.2,49.16],[83.53,48.89],[83.52,48.22],[84.36,47.73]]},"properties":{"name":"Ertis"}},
{"type":"Feature","geometry":{"type":"LineString","coordinates":[[38.77,38.81],[38.74,39.08]]},"properties":{"name":"Firat"}},
{"type":"Feature","geometry":{"type":"LineString","coordinates":[[115.98,29.28],[116.2,29.75]]},"properties":{"name":"Gan"}},
{"type":"Feature","geometry":{"type":"MultiLineString","coordinates":[[[-44.39,-21.46],[-44.62,-21.32]],[[-45.2,-21.09],[-45.74,-20.75],[-46.33,-20.67]],[[-47.07,-20.28],[-46.59,-20.62]],[[-50.99,-20.1],[-50.58,-19.82]],[[-49.38,-19.98],[-50.36,-19.86]]]},"properties":{"name":"Grande"}},
{"type":"Feature","geometry":{"type":"LineString","coordinates":[[111.48,32.57],[111,32.74]]},"properties":{"name":"Han"}},
{"type":"Feature","geometry":{"type":"MultiLineString","coordinates":[[[97.29,34.84],[97.07,34.93]],[[97.76,35.09],[97.55,34.88]]]},"properties":{"name":"Huang"}},
{"type":"Feature","geometry":{"type":"LineString","coordinates":[[72.78,34.62],[72.85,34.26],[72.71,34.09]]},"properties":{"name":"Indus"}},
{"type":"Feature","geometry":{"type":"MultiLineString","coordinates":[[[35.42,31.33],[35.56,31.77]],[[35.6,32.9],[35.58,32.72]]]},"properties":{"name":"Jordan"}},
{"type":"Feature","geometry":{"type":"LineString","coordinates":[[27.38,66.76],[27.36,66.47]]},"properties":{"name":"Kemijoki"}},
{"type":"Feature","geometry":{"type":"LineString","coordinates":[[-121.92,42.48],[-121.81,42.25]]},"properties":{"name":"Klamath"}},
{"type":"Feature","geometry":{"type":"LineString","coordinates":[[79,16.23],[79.31,16.58]]},"properties":{"name":"Krishna"}},
{"type":"Feature","geometry":{"type":"MultiLineString","coordinates":[[[-70.84,53.43],[-70.95,53.44],[-71.12,53.59]],[[-72.03,53.6],[-71.82,53.65]],[[-74.43,53.68],[-74.7,53.63],[-75.89,53.71],[-77.04,53.68],[-77.31,53.73],[-77.42,53.8]]]},"properties":{"name":"La Grande Rivière"}},
{"type":"Feature","geometry":{"type":"LineString","coordinates":[[-117.67,61.31],[-116.83,61.08],[-116,61.05],[-115.07,61.3],[-113.7,61.25]]},"properties":{"name":"Mackenzie"}},
{"type":"Feature","geometry":{"type":"LineString","coordinates":[[-111.1,44.76],[-111.31,44.87]]},"properties":{"name":"Madison"}},
{"type":"Feature","geometry":{"type":"LineString","coordinates":[[83.86,21.52],[83.64,21.73],[83.3,21.7]]},"properties":{"name":"Mahäna Nadï"}},
{"type":"Feature","geometry":{"type":"MultiLineString","coordinates":[[[-94.33,47.41],[-94.09,47.43]],[[-94.51,47.46],[-94.64,47.44]]]},"properties":{"name":"Mississippi"}},
{"type":"Feature","geometry":{"type":"MultiLineString","coordinates":[[[-99.36,43.99],[-99.33,43.89],[-99.44,43.67],[-99.2,43.41],[-98.56,43.06]],[[-111.52,46.36],[-111.7,46.66]],[[-100.78,46.71],[-100.57,46.51],[-100.61,46.2],[-100.4,45.82],[-100.32,45.05],[-100.5,44.8],[-100.54,44.48],[-100.39,44.43]],[[-101.4,47.51],[-101.98,47.55],[-102.62,47.88],[-102.87,48.14],[-103.77,48.03]],[[-106.41,48.02],[-106.88,47.71],[-107.69,47.61],[-108.2,47.6]]]},"properties":{"name":"Missouri"}},
{"type":"Feature","geometry":{"type":"LineString","coordinates":[[-1.71,8.63],[-1.38,8.76],[-0.98,8.66]]},"properties":{"name":"Mouhoun"}},
{"type":"Feature","geometry":{"type":"MultiLineString","coordinates":[[[147.04,-36.11],[147.27,-36.05]],[[146.03,-36.01],[146.22,-36.06]]]},"properties":{"name":"Murray"}},
{"type":"Feature","geometry":{"type":"LineString","coordinates":[[-0.97,8.66],[-1.15,9.12]]},"properties":{"name":"Nakanbé"}},
{"type":"Feature","geometry":{"type":"LineString","coordinates":[[73.3,41.78],[72.93,41.79],[72.65,41.67]]},"properties":{"name":"Naryn"}},
{"type":"Feature","geometry":{"type":"MultiLineString","coordinates":[[[-96.6,50.98],[-96.7,51.61],[-97.64,52.53],[-97.91,53.52],[-97.99,53.99],[-97.73,54.08]],[[-97.9,54.7],[-97.79,54.57]],[[-97.95,54.95],[-97.25,55.24]],[[-96.55,56.06],[-95.84,56.29]],[[-95.43,56.34],[-94.78,56.39]]]},"properties":{"name":"Nelson"}},
{"type":"Feature","geometry":{"type":"LineString","coordinates":[[31.04,59.95],[31.41,60.23]]},"properties":{"name":"Neva"}},
{"type":"Feature","geometry":{"type":"MultiLineString","coordinates":[[[4.63,9.86],[4.53,10.24],[4.54,10.42],[4.66,10.61]],[[-3.98,15.28],[-4.3,15.51]]]},"properties":{"name":"Niger"}},
{"type":"Feature","geometry":{"type":"LineString","coordinates":[[32.88,23.99],[32.91,23.33],[32.58,22.81],[32.14,22.73],[31.54,22.25],[31.09,21.61]]},"properties":{"name":"Nile"}},
{"type":"Feature","geometry":{"type":"LineString","coordinates":[[83.03,54.85],[81.74,54.27],[81.33,53.89]]},"properties":{"name":"Ob"}},
{"type":"Feature","geometry":{"type":"MultiLineString","coordinates":[[[25.97,-30.55],[25.51,-30.61]],[[24.73,-29.98],[24.98,-30.26]]]},"properties":{"name":"Orange"}},
{"type":"Feature","geometry":{"type":"LineString","coordinates":[[128.74,-16.13],[128.73,-16.79]]},"properties":{"name":"Ord"}},
{"type":"Feature","geometry":{"type":"LineString","coordinates":[[-79.17,46.83],[-79.36,47.02],[-79.5,47.58]]},"properties":{"name":"Ottawa"}},
{"type":"Feature","geometry":{"type":"LineString","coordinates":[[-79.69,9.1],[-79.92,9.27]]},"properties":{"name":"Panama Canal"}},
{"type":"Feature","geometry":{"type":"MultiLineString","coordinates":[[[-50.49,-19.02],[-50.25,-18.69],[-49.79,-18.61]],[[-48.23,-18.34],[-48.95,-18.33],[-49.11,-18.39]],[[-47.45,-18.17],[-48.02,-18.43]]]},"properties":{"name":"Paranaíba"}},
{"type":"Feature","geometry":{"type":"MultiLineString","coordinates":[[[-54.61,-25.43],[-54.47,-25.22],[-54.27,-24.07]],[[-51.94,-21.42],[-52.4,-22.07],[-52.96,-22.45]],[[-51,-19.67],[-50.99,-20.1],[-51.16,-20.31],[-51.4,-20.44]]]},"properties":{"name":"Paraná"}},
{"type":"Feature","geometry":{"type":"MultiLineString","coordinates":[[[-122.22,56.02],[-123.15,56.01],[-124.08,56.08],[-124.84,56.76]],[[-113.82,58.71],[-113.71,58.67]]]},"properties":{"name":"Peace"}},
{"type":"Feature","geometry":{"type":"LineString","coordinates":[[-122.09,40.78],[-122.37,40.76]]},"properties":{"name":"Pit"}},
{"type":"Feature","geometry":{"type":"MultiLineString","coordinates":[[[-77.46,47.56],[-77.54,47.67]],[[-77.32,47.57],[-76.93,47.49]],[[-78.72,47.68],[-78.81,47.66]],[[-77.53,47.74],[-77.57,47.83]]]},"properties":{"name":"R. des Outaouais"}},
{"type":"Feature","geometry":{"type":"MultiLineString","coordinates":[[[-93.38,48.62],[-92.78,48.68]],[[-91.32,48.83],[-91.63,48.87]]]},"properties":{"name":"Rainy"}},
{"type":"Feature","geometry":{"type":"MultiLineString","coordinates":[[[9.13,47.67],[8.88,47.66]],[[9.18,47.67],[9.55,47.51]]]},"properties":{"name":"Rhein"}},
{"type":"Feature","geometry":{"type":"LineString","coordinates":[[6.13,46.2],[6.43,46.43],[6.87,46.4]]},"properties":{"name":"Rhône"}},
{"type":"Feature","geometry":{"type":"MultiLineString","coordinates":[[[-99.46,27.06],[-99.17,26.56]],[[-101.04,29.46],[-101.3,29.63]],[[-107.29,32.91],[-107.28,33.11]],[[-107.18,33.17],[-107.17,33.36]]]},"properties":{"name":"Rio Grande"}},
{"type":"Feature","geometry":{"type":"MultiLineString","coordinates":[[[-76.82,51.42],[-76.55,51.36]],[[-75.2,51.45],[-74.82,51.41]]]},"properties":{"name":"Rupert"}},
{"type":"Feature","geometry":{"type":"MultiLineString","coordinates":[[[-102.78,20.31],[-102.77,20.2]],[[-103.71,20.94],[-103.59,20.97]],[[-105.1,21.82],[-105.03,21.78]]]},"properties":{"name":"Río Grande de Santiago"}},
{"type":"Feature","geometry":{"type":"LineString","coordinates":[[-122.37,40.76],[-122.41,40.72]]},"properties":{"name":"Sacramento"}},
{"type":"Feature","geometry":{"type":"LineString","coordinates":[[-119.7,37],[-119.6,37.06]]},"properties":{"name":"San Joaquin"}},
{"type":"Feature","geometry":{"type":"LineString","coordinates":[[-84.77,11.12],[-85.25,11.45],[-85.87,12.1]]},"properties":{"name":"San Juan"}},
{"type":"Feature","geometry":{"type":"MultiLineString","coordinates":[[[-99.23,53.19],[-97.91,53.52]],[[-100.32,53.59],[-99.98,53.27],[-99.33,53.16]],[[-103.42,53.65],[-103.89,53.48]],[[-102.44,53.98],[-102.38,53.97]]]},"properties":{"name":"Saskatchewan"}},
{"type":"Feature","geometry":{"type":"LineString","coordinates":[[-7.04,7.04],[-7.01,6.26]]},"properties":{"name":"Sassandra"}},
{"type":"Feature","geometry":{"type":"LineString","coordinates":[[-82.59,34.02],[-82.21,33.66]]},"properties":{"name":"Savannah"}},
{"type":"Feature","geometry":{"type":"MultiLineString","coordinates":[[[29.45,-0.61],[29.6,-0.13]],[[31.37,2.19],[31.16,1.92],[30.94,1.68],[30.48,1.24]]]},"properties":{"name":"Semliki"}},
{"type":"Feature","geometry":{"type":"LineString","coordinates":[[35.26,-14.5],[35.28,-14.76]]},"properties":{"name":"Shire"}},
{"type":"Feature","geometry":{"type":"LineString","coordinates":[[99.43,51.35],[99.31,51.41]]},"properties":{"name":"Shishhid Gol"}},
{"type":"Feature","geometry":{"type":"MultiLineString","coordinates":[[[-113.32,42.65],[-113.47,42.68]],[[-112.86,42.81],[-112.64,43.02]],[[-111.05,43.21],[-111.19,43.34]]]},"properties":{"name":"Snake"}},
{"type":"Feature","geometry":{"type":"LineString","coordinates":[[-106.85,51.26],[-106.69,51.13],[-107.16,50.72],[-108.01,50.66]]},"properties":{"name":"South Saskatchewan"}},
{"type":"Feature","geometry":{"type":"LineString","coordinates":[[32.56,30.18],[32.36,30.42]]},"properties":{"name":"Suez Canal"}},
{"type":"Feature","geometry":{"type":"LineString","coordinates":[[39.05,59.87],[39.8,59.53]]},"properties":{"name":"Sukhona"}},
{"type":"Feature","geometry":{"type":"MultiLineString","coordinates":[[[81.29,30.79],[81.2,30.85]],[[76.76,31.41],[76.44,31.42]]]},"properties":{"name":"Sutlej"}},
{"type":"Feature","geometry":{"type":"LineString","coordinates":[[31.41,60.23],[32.09,60.63],[32.36,60.65],[32.82,60.48]]},"properties":{"name":"Svir’"}},
{"type":"Feature","geometry":{"type":"MultiLineString","coordinates":[[[70.36,40.44],[69.83,40.27]],[[68.46,41.11],[67.99,41.25]],[[61.76,46.02],[61.56,46.11]]]},"properties":{"name":"Syr Darya"}},
{"type":"Feature","geometry":{"type":"MultiLineString","coordinates":[[[-45.09,-19.05],[-45.26,-18.2]],[[-43.15,-11.14],[-42.5,-10.43],[-42.4,-10.09],[-42.13,-9.77],[-41.34,-9.68],[-41,-9.41],[-40.82,-9.44]]]},"properties":{"name":"São  Francisco"}},
{"type":"Feature","geometry":{"type":"MultiLineString","coordinates":[[[-6,39.85],[-5.66,39.8],[-5.21,39.81]],[[-2.73,40.53],[-2.58,40.72]]]},"properties":{"name":"Tajo"}},
{"type":"Feature","geometry":{"type":"MultiLineString","coordinates":[[[-86.9,34.57],[-87.4,34.82],[-87.7,34.77]],[[-87.98,35.95],[-87.96,36.22],[-88.28,37.02]]]},"properties":{"name":"Tennessee"}},
{"type":"Feature","geometry":{"type":"LineString","coordinates":[[-132.1,59.61],[-132.55,60.07],[-133.24,60.45]]},"properties":{"name":"Teslin"}},
{"type":"Feature","geometry":{"type":"MultiLineString","coordinates":[[[-104.83,63.07],[-104.71,63.27]],[[-96.27,64.3],[-95.45,64.16],[-95.05,64.16],[-94.43,64.04],[-94.22,64.08]],[[-101.81,64.41],[-101.54,64.49]],[[-97.1,64.76],[-98.38,64.65],[-98.86,64.49],[-99.95,64.64],[-100.8,64.6]]]},"properties":{"name":"Thelon"}},
{"type":"Feature","geometry":{"type":"LineString","coordinates":[[-49.69,-3.83],[-49.55,-4.55],[-49.28,-5.22],[-48.94,-5.3]]},"properties":{"name":"Tocantins"}},
{"type":"Feature","geometry":{"type":"LineString","coordinates":[[-83.17,34.6],[-82.82,34.37]]},"properties":{"name":"Tugaloo"}},
{"type":"Feature","geometry":{"type":"LineString","coordinates":[[58.84,52.2],[58.63,51.7]]},"properties":{"name":"Ural"}},
{"type":"Feature","geometry":{"type":"MultiLineString","coordinates":[[[26.09,-27.6],[25.62,-27.67]],[[28.5,-26.99],[28.12,-26.87]]]},"properties":{"name":"Vaal"}},
{"type":"Feature","geometry":{"type":"LineString","coordinates":[[91.51,53.74],[91.55,54.08],[91.02,54.63],[91.06,55],[92.18,55.29],[92.41,55.5]]},"properties":{"name":"Verkhniy Yenisey"}},
{"type":"Feature","geometry":{"type":"MultiLineString","coordinates":[[[33.19,0.43],[33.26,0.38],[32.74,-0.55],[32.29,-0.79],[31.77,-0.94]],[[32.54,1.52],[32.89,1.31]],[[32.24,1.67],[32.48,1.55]]]},"properties":{"name":"Victoria Nile"}},
{"type":"Feature","geometry":{"type":"LineString","coordinates":[[109.59,63.46],[110.14,63.48],[110.67,63.01],[111.58,63.13],[112.11,62.86],[112.48,63.02]]},"properties":{"name":"Vilyuy"}},
{"type":"Feature","geometry":{"type":"LineString","coordinates":[[18.81,49.93],[18.94,49.93]]},"properties":{"name":"Vistula"}},
{"type":"Feature","geometry":{"type":"MultiLineString","coordinates":[[[45.66,50.22],[45.84,50.46],[45.68,50.7],[46.03,50.87],[45.84,51.26],[46.29,51.71],[46.77,51.75]],[[49.06,55.48],[49.25,55.11],[48.9,54.91],[48.46,54.26],[48.96,53.83],[49.21,53.46],[49.9,53.46]],[[43.43,56.67],[43.08,57.16],[42.58,57.42]],[[37.15,56.75],[36.88,56.78],[36.37,56.71]],[[37.76,57.29],[38.3,57.57]],[[41.34,57.49],[40.84,57.8],[40.01,57.57]],[[38.44,58.02],[38.7,58.11]]]},"properties":{"name":"Volga"}},
{"type":"Feature","geometry":{"type":"LineString","coordinates":[[-0.98,8.66],[-0.73,8.36],[-0.15,7.95],[0.21,7.36],[0.19,6.69],[0.1,6.34]]},"properties":{"name":"Volta"}},
{"type":"Feature","geometry":{"type":"MultiLineString","coordinates":[[[11.17,59.39],[11.2,59.5]],[[11.2,59.67],[11.16,59.91]]]},"properties":{"name":"Vorma"}},
{"type":"Feature","geometry":{"type":"MultiLineString","coordinates":[[[30.48,60.57],[29.6,60.72]],[[30.53,60.63],[30.98,60.59],[31.41,60.24]]]},"properties":{"name":"Vuoksi"}},
{"type":"Feature","geometry":{"type":"LineString","coordinates":[[175.8,-38.94],[176.06,-38.69]]},"properties":{"name":"Waikato"}},
{"type":"Feature","geometry":{"type":"MultiLineString","coordinates":[[[-94.61,49.99],[-94.55,49.57],[-94.85,49.36],[-94.71,48.86]],[[-96.03,50.28],[-95.99,50.4]],[[-96.6,50.98],[-96.47,50.77],[-96.39,50.69],[-96.29,50.62]]]},"properties":{"name":"Winnipeg"}},
{"type":"Feature","geometry":{"type":"MultiLineString","coordinates":[[[112.9,29.03],[112.54,28.84],[111.99,28.98]],[[112.99,29.15],[113.07,29.39]]]},"properties":{"name":"Yuan"}},
{"type":"Feature","geometry":{"type":"MultiLineString","coordinates":[[[27.02,-17.96],[27.93,-16.9],[28.4,-16.66],[28.76,-16.53]],[[32.71,-15.58],[31.06,-15.7],[30.8,-15.64]]]},"properties":{"name":"Zambezi"}},
{"type":"Feature","geometry":{"type":"MultiLineString","coordinates":[[[-103.79,58.69],[-103.67,58.54]],[[-111.02,58.69],[-110.26,59.03],[-109.39,59.27],[-107.51,59.36],[-106.02,59.27]],[[-105.55,59.15],[-105.01,59.17]]]},"properties":{"name":null}},
{"type":"Feature","geometry":{"type":"MultiLineString","coordinates":[[[-103.22,61.68],[-103.45,61.37]],[[-102.92,62.32],[-102.71,62.18],[-103.16,61.84]],[[-100.55,62.36],[-99.62,62.3]],[[-101.16,62.37],[-100.73,62.36]],[[-101.83,62.52],[-101.37,62.35]],[[-98.35,62.62],[-97.63,62.98]],[[-101.53,62.66],[-102.03,62.92]],[[-102.66,62.76],[-102.74,62.41]],[[-97.46,63.16],[-97.29,63.51]],[[-95.88,63.66],[-96.95,63.64]],[[-95.5,64.05],[-95.45,64.16]]]},"properties":{"name":null}},
{"type":"Feature","geometry":{"type":"LineString","coordinates":[[37.18,11.04],[36.98,11.29],[37.11,11.86]]},"properties":{"name":"Abay"}},
{"type":"Feature","geometry":{"type":"LineString","coordinates":[[37.39,11.63],[37.81,11.29],[38.46,11.04],[38.48,10.31],[38.38,10.14],[37.66,9.88],[37.31,10.04],[37.16,10.27],[36.45,10.45],[36.32,10.23],[35.71,10],[35.35,10.16]]},"properties":{"name":"Abay"}},
{"type":"Feature","geometry":{"type":"MultiLineString","coordinates":[[[38.56,35.86],[39.23,35.88],[39.83,35.68],[40.42,35.17],[40.99,34.43]],[[38.03,36.84],[38.23,36.62],[38.18,36.34]]]},"properties":{"name":"Al Furat"}},
{"type":"Feature","geometry":{"type":"MultiLineString","coordinates":[[[-86.45,32.81],[-86.34,32.41],[-87.12,32.3],[-87.41,32.11],[-87.63,31.41],[-87.95,31.12],[-88.01,30.69]],[[-86.33,33.44],[-86.52,33.03]],[[-85.18,34.26],[-85.7,34.2],[-85.95,34.01],[-86.2,33.59]]]},"properties":{"name":"Alabama"}},
{"type":"Feature","geometry":{"type":"MultiLineString","coordinates":[[[-91.42,51.07],[-91.31,51.06]],[[-90.42,51.09],[-89.86,51.2],[-88.58,51.57],[-87.45,51.26],[-86.7,51.44],[-86.25,51.78],[-85.4,51.6],[-84.91,51.25],[-84.36,51.2],[-83.31,51.57],[-82.89,51.9],[-81.83,52.22]],[[-91.78,51.34],[-91.6,51.16]],[[-91.89,51.49],[-91.89,51.46]],[[-91.93,51.89],[-91.91,51.76]],[[-92.3,51.97],[-91.97,51.99]]]},"properties":{"name":"Albany"}},
{"type":"Feature","geometry":{"type":"LineString","coordinates":[[32.02,3.61],[31.72,3.5],[31.4,2.95],[31.47,2.4]]},"properties":{"name":"Albert Nile"}},
{"type":"Feature","geometry":{"type":"LineString","coordinates":[[123.57,56.53],[123.07,56.58],[123.19,56.95],[123.81,57.72],[123.75,58.07],[124.3,58.37],[124.58,58.72],[125.34,59.07],[125.34,59.32],[126.47,58.9],[127.14,58.75],[128.16,58.82],[128.82,58.55],[129.66,58.5],[130.65,58.87],[131.53,58.95],[132,59.17],[132.96,59.41],[135.47,61.08],[135.53,61.61],[135.83,62.32],[135.49,62.68],[135.11,62.62],[134.33,62.83],[133.23,63.34],[130.43,63.34],[129.38,63.49]]},"properties":{"name":"Aldan"}},
{"type":"Feature","geometry":{"type":"LineString","coordinates":[[-77.86,41.83],[-78.2,41.79],[-78.72,42.14],[-79.31,41.79],[-79.7,41.45],[-79.54,40.82],[-79.99,40.45]]},"properties":{"name":"Allegheny"}},
{"type":"Feature","geometry":{"type":"LineString","coordinates":[[-52.66,-1.55],[-53.14,-1.76],[-53.97,-2.04],[-54.06,-2.27],[-54.64,-2.42],[-54.87,-2.09],[-55.15,-2.18],[-55.55,-1.92],[-55.98,-2.01],[-56.61,-2.56],[-57.14,-2.55],[-57.51,-2.4],[-58.03,-2.85],[-58.27,-3.21],[-58.69,-3.34],[-59.74,-3.08],[-59.9,-3.13],[-60.2,-3.33],[-60.6,-3.32],[-60.86,-3.54],[-61.47,-3.68],[-61.89,-3.95],[-62.37,-3.72],[-63.1,-4.08],[-63.28,-3.92],[-63.75,-3.87],[-64.46,-3.52],[-64.79,-3.22],[-65.48,-2.62],[-65.98,-2.47],[-66.92,-2.73],[-67.38,-2.62],[-67.85,-2.93],[-67.99,-3.33],[-68.27,-3.31],[-69.08,-3.45],[-69.35,-3.55],[-69.43,-4.16],[-69.85,-4.33],[-70.34,-3.81],[-71.06,-3.99],[-71.62,-3.76],[-71.79,-3.36],[-72.29,-3.5],[-72.75,-3.46],[-73.18,-3.64],[-73.19,-4.1],[-73.49,-4.44]]},"properties":{"name":"Amazonas"}},
{"type":"Feature","geometry":{"type":"MultiLineString","coordinates":[[[68.21,37.02],[67.7,37.23],[66.11,37.41],[65.22,37.8],[64.91,38.09],[64.27,38.43],[63.9,38.9],[63.01,39.4],[62.57,39.84],[62.38,40.33],[61.95,41.03],[61.36,41.27],[60.71,41.68],[60.1,42.23],[59.59,42.42],[59.3,42.63],[59.1,43.29]],[[59.1,43.29],[59.26,43.72],[59.08,43.97],[59.54,44.15]],[[59.1,43.29],[59.02,43.73],[58.57,43.95],[58.32,44.43]]]},"properties":{"name":"Amu  Darya"}},
{"type":"Feature","geometry":{"type":"MultiLineString","coordinates":[[[136.81,49.76],[136.16,48.99],[135.74,48.76],[135.18,48.7],[134.96,48.42],[133.84,48.27],[133.14,48.11],[132.56,47.77],[131.79,47.68],[131,47.69],[130.71,48.13],[130.8,48.34],[130.2,48.89],[129.5,49.39],[129.12,49.36],[128.7,49.6],[128,49.57],[127.5,49.87],[127.59,50.21]],[[139.86,51.58],[138.92,51.35],[138.07,50.86],[137.19,50.61],[137.07,50.45]],[[140.11,51.76],[140.42,52.36],[139.8,52.92],[140,53.22],[140.84,53.09]]]},"properties":{"name":"Amur"}},
{"type":"Feature","geometry":{"type":"LineString","coordinates":[[170.97,67.1],[171.56,66.75],[169.82,66.18],[169.77,65.79],[168.57,65.37],[168.9,64.8],[170.63,64.73],[171.58,65.28],[172.18,65.15],[173.14,65.54],[173.68,65.31],[173.57,65.05],[174.55,64.68]]},"properties":{"name":"Anadyr’"}},
{"type":"Feature","geometry":{"type":"MultiLineString","coordinates":[[[104.87,51.87],[104.44,52.17],[103.37,53.11]],[[101.8,56.29],[101.82,56.56],[101.46,56.97],[102.24,56.89],[102.32,56.92],[102.36,57]],[[102.67,57.94],[102.84,58.37],[102.46,58.84]],[[102.49,58.83],[102.46,58.84]],[[102.46,58.84],[102.1,58.93]],[[102.46,58.84],[102.1,58.93]],[[102.1,58.93],[101.28,58.94],[100.44,58.63],[100.25,58.35],[99.11,58.72],[98.56,58.48],[97.17,58.43],[96.1,58.54],[95.42,58.42],[94.97,58.2],[94.11,58.12],[93,58.1]],[[102.1,58.93],[101.95,58.97]]]},"properties":{"name":"Angara"}},
{"type":"Feature","geometry":{"type":"LineString","coordinates":[[-53.12,-17.85],[-53.21,-17.41],[-53.02,-16.91],[-52.68,-16.58],[-52.26,-15.94],[-51.85,-15.75],[-51.59,-15.14],[-51.19,-14.98],[-50.87,-14.1],[-50.8,-13.61],[-50.6,-13.25],[-50.57,-12.82],[-50.71,-11.35],[-50.6,-10.69],[-50.18,-9.73],[-49.83,-9.02],[-49.5,-8.7],[-49.28,-8.3],[-49.17,-7.87],[-49.33,-7.65],[-49.21,-7.01],[-48.65,-6.6],[-48.25,-5.95],[-48.19,-5.57],[-48.72,-5.36],[-48.94,-5.3]]},"properties":{"name":"Araguaia"}},
{"type":"Feature","geometry":{"type":"LineString","coordinates":[[121.41,53.32],[120.7,53.17],[120.09,52.79],[120.66,52.57],[120.75,52.1],[120.07,51.6],[119.19,50.38],[119.26,50.07],[118.45,49.84],[117.87,49.51]]},"properties":{"name":"Argun’"}},
{"type":"Feature","geometry":{"type":"LineString","coordinates":[[-91.08,33.8],[-91.17,33.92],[-91.97,34.27],[-92.16,34.67],[-92.83,35.16],[-93.96,35.49],[-94.53,35.31],[-95.07,35.49],[-95.29,35.78],[-95.63,35.82],[-96.08,36.15],[-97.04,36.62],[-96.86,36.74],[-97.34,37.69],[-97.69,37.93],[-98.63,38.35],[-99.01,38.22],[-99.7,37.7],[-100.78,37.93],[-101.63,37.95],[-102.56,38.12],[-103.59,38.05],[-104.24,38.24],[-104.83,38.3],[-105.09,38.43],[-105.83,38.43],[-106.09,38.61],[-106.38,39.22]]},"properties":{"name":"Arkansas"}},
{"type":"Feature","geometry":{"type":"MultiLineString","coordinates":[[[35.58,16],[34.95,17.02],[34.23,17.45],[33.95,17.7]],[[35.59,16],[35.61,15.72],[35.9,15.17],[35.92,14.94]]]},"properties":{"name":"Atbara"}},
{"type":"Feature","geometry":{"type":"MultiLineString","coordinates":[[[-117.57,52.17],[-117.67,52.54],[-118.08,53.02],[-117.91,53.26],[-117.18,53.68],[-117.11,53.91],[-116.41,54.23],[-115.37,54.15],[-114.4,54.48],[-114.05,55.17]],[[-114.04,55.17],[-113.76,55.23],[-113.26,54.77],[-112.71,55.29],[-112.56,56.16],[-112.65,56.46],[-111.52,56.69],[-111.44,56.93],[-111.64,57.4],[-111.38,57.81],[-111.49,58.43],[-111.07,58.5]],[[-111.28,58.79],[-111.41,59.01]]]},"properties":{"name":"Athabasca"}},
{"type":"Feature","geometry":{"type":"LineString","coordinates":[[97.52,25.7],[97.29,25.12],[97.06,24.84],[97.18,24.21],[96.89,24.17],[96.48,24.32],[96.09,23.65],[95.92,22.66],[96.01,21.91],[95.48,21.87],[95.31,21.46],[94.9,21.23],[94.74,20.85],[94.96,20.07],[95.14,19.84],[95.18,18.77],[95.07,18.59],[95.4,18.18],[95.45,17.86],[95.47,17.74],[95.64,17.44],[95.6,16.9],[95.48,16.81],[94.89,16.18]]},"properties":{"name":"Ayeyarwady"}},
{"type":"Feature","geometry":{"type":"MultiLineString","coordinates":[[[-108.83,64.56],[-108.53,64.56]],[[-108.18,64.69],[-108.09,64.72]],[[-107.98,64.72],[-107.85,64.75],[-107.37,65.11],[-106.65,65.3],[-105.01,65.07],[-103.44,65.37],[-103.06,65.58],[-102.18,65.63],[-102.07,65.83],[-101.77,65.95]],[[-98.66,65.93],[-97.27,65.97]],[[-97,66.15],[-96.48,66.09],[-95.8,66.62]]]},"properties":{"name":"Back"}},
{"type":"Feature","geometry":{"type":"LineString","coordinates":[[-12.09,10.59],[-11.83,10.55],[-11.58,11.07],[-11.09,11.57],[-10.87,11.6],[-10.37,12.18],[-10.22,12.76],[-10.43,13.21],[-10.73,13.45],[-10.89,13.78]]},"properties":{"name":"Bafing"}},
{"type":"Feature","geometry":{"type":"LineString","coordinates":[[30.54,7.77],[30.67,8.52],[30.82,8.99],[31.14,9.43]]},"properties":{"name":"Bahr el  Zeraf"}},
{"type":"Feature","geometry":{"type":"LineString","coordinates":[[32.02,3.61],[31.59,4.1],[31.51,4.5],[31.77,5.3],[31.74,5.8],[31.15,6.83]]},"properties":{"name":"Bahr el Jebel"}},
{"type":"Feature","geometry":{"type":"LineString","coordinates":[[31.15,6.83],[30.77,7.15],[30.55,7.52],[30.51,7.88],[30.33,8.14],[30.23,9.04],[30.46,9.49],[31.12,9.43]]},"properties":{"name":"Bahr el Jebel"}},
{"type":"Feature","geometry":{"type":"LineString","coordinates":[[19.73,7.54],[19.39,7.78],[19.29,8.25],[18.89,8.84]]},"properties":{"name":"Bamingui"}},
{"type":"Feature","geometry":{"type":"LineString","coordinates":[[114.84,0.56],[114.59,0.14],[114.35,0.17],[114.07,-0.38],[114.43,-0.74],[114.82,-0.66],[114.93,-0.89],[114.79,-1.84],[114.88,-2.04],[114.79,-2.95],[114.53,-3.38]]},"properties":{"name":"Barito"}},
{"type":"Feature","geometry":{"type":"LineString","coordinates":[[150.47,-28.65],[150.34,-28.56],[149.51,-28.58],[148.89,-29.05],[148.64,-29.53],[148.25,-29.88],[147.41,-30.12]]},"properties":{"name":"Barwon"}},
{"type":"Feature","geometry":{"type":"LineString","coordinates":[[11.92,9.49],[11.25,9.23],[10.79,8.74],[10.22,8.59],[9.98,8.33],[9.34,7.98],[8.81,7.79],[8.44,7.8],[7.83,7.99],[7.42,8.02],[6.78,7.79]]},"properties":{"name":"Benue"}},
{"type":"Feature","geometry":{"type":"LineString","coordinates":[[87.39,51.76],[87.18,51.85],[87.07,52.29],[86.43,52.63],[85.23,52.53],[85.06,52.43]]},"properties":{"name":"Biya"}},
{"type":"Feature","geometry":{"type":"LineString","coordinates":[[27.27,44.14],[27.93,44.49],[27.88,44.74]]},"properties":{"name":"Borcea"}},
{"type":"Feature","geometry":{"type":"LineString","coordinates":[[-50.48,-12.85],[-50.39,-12.62],[-49.91,-12.03],[-49.89,-11.4],[-49.97,-11],[-49.96,-10.19],[-50.18,-9.73]]},"properties":{"name":"Braco Menor"}},
{"type":"Feature","geometry":{"type":"MultiLineString","coordinates":[[[89.74,24.33],[89.71,23.96],[90.07,23.57],[90.27,23.46]],[[89.74,24.33],[90.22,23.78],[90.56,23.54]],[[95.4,28],[95.37,27.81],[94.88,27.54],[94.52,27.07],[93.75,26.73],[93.4,26.74],[92.31,26.49],[91.64,26.16],[90.58,26.2],[90.09,26.07],[89.89,25.9],[89.7,25.49],[89.62,24.89],[89.74,24.33]]]},"properties":{"name":"Brahmaputra"}},
{"type":"Feature","geometry":{"type":"LineString","coordinates":[[-63.78,2.85],[-63.7,3],[-63.78,3.46],[-63.66,3.71],[-63.19,3.64],[-62.86,3.3],[-62.38,3.14],[-61.09,3.45],[-60.67,3.45],[-60.52,3.15],[-60.98,1.97],[-61.15,1.72],[-61.33,1.11],[-61.76,0.25],[-61.85,-0.42],[-61.88,-1.39]]},"properties":{"name":"Branco"}},
{"type":"Feature","geometry":{"type":"LineString","coordinates":[[29.71,45.26],[29.22,45.4],[28.76,45.23],[28.88,45.18]]},"properties":{"name":"Bratul Chillia"}},
{"type":"Feature","geometry":{"type":"LineString","coordinates":[[28.88,45.18],[29.08,45.1],[29.2,45.08],[29.28,45.01],[29.61,44.92]]},"properties":{"name":"Bratul Sfintu Gheorghe"}},
{"type":"Feature","geometry":{"type":"LineString","coordinates":[[28.88,45.18],[29.68,45.15]]},"properties":{"name":"Bratul Sulina"}},
{"type":"Feature","geometry":{"type":"LineString","coordinates":[[-100.5,32.9],[-100,33.09],[-99.89,33.43],[-99.25,33.56],[-98.43,32.99],[-98.19,32.72],[-97.64,32.38],[-97.26,31.75],[-96.97,31.42],[-96.65,30.79],[-96.15,30.16],[-96.03,29.67],[-95.6,29.51],[-95.62,29.14],[-95.39,28.9]]},"properties":{"name":"Brazos"}},
{"type":"Feature","geometry":{"type":"LineString","coordinates":[[20.75,-0.28],[20.22,-0.23],[19.94,-0.1],[19.41,-0.11],[18.95,-0.22]]},"properties":{"name":"Busira"}},
{"type":"Feature","geometry":{"type":"LineString","coordinates":[[126.69,72.29],[127.73,72.41]]},"properties":{"name":"Bykovskaya Protoka"}},
{"type":"Feature","geometry":{"type":"LineString","coordinates":[[13.52,7.78],[13.96,8.24],[13.92,8.83],[13.48,9.31],[13.08,9.22],[12.82,9.38],[12.58,9.28],[12.19,9.51],[11.92,9.49]]},"properties":{"name":"Bénoué"}},
{"type":"Feature","geometry":{"type":"LineString","coordinates":[[-71.24,-38.77],[-71.13,-38.6],[-71.4,-38.08],[-71.75,-37.75],[-72.09,-37.72],[-72.64,-37.49],[-73.13,-36.79]]},"properties":{"name":"Bío-Bío"}},
{"type":"Feature","geometry":{"type":"LineString","coordinates":[[-76.53,1.33],[-76.42,1],[-76.01,1.02],[-75.41,0.77],[-74.68,0.1],[-74.17,-0.26],[-73.23,-0.58],[-72.97,-0.55],[-72.53,-0.65],[-72.14,-0.59],[-71.48,-1.11],[-71.23,-1.06],[-70.71,-1.37],[-70.03,-1.52],[-69.89,-1.27],[-69.46,-1.23]]},"properties":{"name":"Caquetá"}},
{"type":"Feature","geometry":{"type":"LineString","coordinates":[[103.85,28.67],[104.34,28.64],[104.62,28.78],[105.09,28.72],[105.78,28.91],[107,29.76],[107.35,29.72],[107.84,30.04],[108.5,30.89],[109.98,31.06],[110.47,31.02],[111.16,30.83],[111.57,30.29],[111.82,30.43],[112.25,30.28],[112.41,29.74],[112.71,29.8],[113.13,29.46]]},"properties":{"name":"Chang Jiang"}},
{"type":"Feature","geometry":{"type":"MultiLineString","coordinates":[[[18.89,8.84],[18.62,8.91],[18.48,9.04],[18.23,9.32],[17.79,9.72],[17.37,10.3],[16.96,10.57],[16.61,10.48],[16.18,10.71],[15.6,10.9],[15.47,11.02],[15.28,11.9],[15.08,12.08]],[[15.08,12.08],[14.69,12.14],[14.18,12.47]],[[15.08,12.08],[14.88,12.27],[14.76,12.66],[14.52,12.98]]]},"properties":{"name":"Chari"}},
{"type":"Feature","geometry":{"type":"MultiLineString","coordinates":[[[-84.89,30.72],[-85.12,30.17],[-84.97,29.75]],[[-85.07,31.64],[-85.09,31.3],[-84.97,30.92]],[[-84.08,34.17],[-85.04,33.4],[-85.18,32.94],[-84.93,32.25],[-85.06,32.05]],[[-83.75,34.72],[-83.82,34.36]]]},"properties":{"name":"Chattahoochee"}},
{"type":"Feature","geometry":{"type":"LineString","coordinates":[[-83.12,35.08],[-83.36,34.71]]},"properties":{"name":"Chattooga"}},
{"type":"Feature","geometry":{"type":"MultiLineString","coordinates":[[[72.14,31.18],[71.77,30.61],[71.43,30.38],[71.22,29.99],[71.01,29.33],[70.61,29.02]],[[77.44,32.29],[76.55,32.74],[76.34,33.12],[76.02,33.32],[75.47,33.14],[75.12,33.25],[74.81,33.12],[74.58,32.79],[74.19,32.54],[73.34,32.15],[72.97,31.76],[72.33,31.46],[72.14,31.18]]]},"properties":{"name":"Chenab"}},
{"type":"Feature","geometry":{"type":"LineString","coordinates":[[-91.28,15.02],[-91.26,15.28],[-90.56,15.23],[-90.73,15.95],[-90.51,16.02],[-90.42,16.39]]},"properties":{"name":"Chixoy"}},
{"type":"Feature","geometry":{"type":"MultiLineString","coordinates":[[[-71.22,-43.58],[-70.91,-43.4]],[[-70.9,-43.39],[-70.81,-43.1],[-70.41,-42.63],[-69.69,-42.66],[-69.25,-43.11],[-69.15,-43.45],[-68.77,-43.82],[-68.1,-43.82],[-67.36,-43.71],[-67.16,-43.83],[-66.52,-43.8],[-65.9,-43.39],[-65.48,-43.29],[-65.05,-43.33]]]},"properties":{"name":"Chubut"}},
{"type":"Feature","geometry":{"type":"LineString","coordinates":[[89.66,50.5],[88.76,50.66],[87.86,51.15],[87.76,51.36]]},"properties":{"name":"Chulyshman"}},
{"type":"Feature","geometry":{"type":"MultiLineString","coordinates":[[[-64.62,52.89],[-64.68,53.13]],[[-64.68,53.38],[-64.26,53.55],[-63.38,53.29],[-62.35,53.15],[-62.04,52.91],[-61.65,52.91],[-60.98,53.2],[-60.34,53.28]]]},"properties":{"name":"Churchill"}},
{"type":"Feature","geometry":{"type":"LineString","coordinates":[[-86.84,13.42],[-86.41,13.64],[-85.93,13.5],[-85.68,13.98],[-85.18,14.34],[-84.99,14.75],[-84.65,14.66],[-83.87,14.79],[-83.42,15.01],[-83.16,14.99]]},"properties":{"name":"Coco"}},
{"type":"Feature","geometry":{"type":"MultiLineString","coordinates":[[[-64.97,-38.8],[-64.23,-38.93],[-63.09,-39.45],[-62.52,-39.61],[-62.25,-39.88]],[[-70.3,-35.29],[-70.07,-35.81],[-69.76,-35.96],[-69.67,-36.26],[-69.8,-37.02],[-68.87,-37.38],[-67.78,-37.66],[-67.86,-38.02],[-67.6,-38.22],[-67.15,-38.27],[-66.43,-38.73],[-65.66,-38.81],[-64.98,-38.8]],[[-114.72,32.72],[-115.16,32.18],[-114.93,31.9]],[[-114.16,34.25],[-114.51,33.9],[-114.7,33.17],[-114.49,32.98],[-114.58,32.73],[-114.72,32.72]],[[-114.59,35.35],[-114.61,34.91],[-114.38,34.54]],[[-114.74,36.01],[-114.65,35.63]],[[-112.88,36.28],[-113.21,36.12],[-113.42,35.76],[-113.64,35.83]],[[-111.47,36.93],[-111.85,36.49],[-111.89,36.08],[-112.5,36.25],[-112.53,36.4],[-112.88,36.28]],[[-105.86,40.16],[-106.79,39.92],[-107.24,39.6],[-107.73,39.58],[-108.56,39.09],[-108.95,39.2],[-110.13,37.96],[-110.37,37.9]],[[-105.85,40.4],[-105.82,40.18]]]},"properties":{"name":"Colorado"}},
{"type":"Feature","geometry":{"type":"MultiLineString","coordinates":[[[-122.15,45.59],[-122.73,45.67],[-122.94,46.11],[-123.22,46.15]],[[-118.17,48.23],[-118.38,47.85],[-119.05,48.08],[-119.89,48.03],[-120.27,47.49],[-120.01,47.22],[-119.94,46.78],[-119.51,46.72],[-119.04,46.21],[-119.05,45.98],[-120.35,45.73],[-121.05,45.64],[-121.4,45.71],[-122.15,45.59]],[[-117.91,49.34],[-117.68,49.02],[-118.07,48.66]],[[-117.88,50.1],[-118.09,49.8]],[[-115.87,50.29],[-116.37,50.89],[-117.52,51.66]],[[-117.87,51.87],[-118.37,52.09]],[[-118.53,52.1],[-118.67,51.7],[-117.91,50.68]]]},"properties":{"name":"Columbia"}},
{"type":"Feature","geometry":{"type":"MultiLineString","coordinates":[[[26.44,-8.27],[26.74,-8.19],[26.97,-7.86],[26.84,-7.72],[27.05,-6.99],[26.91,-6.17],[26.93,-5.61]],[[24.29,0.78],[23.73,1.12],[22.97,1.87],[22.4,2.16],[21.72,2.16],[21.3,2.04],[20.42,1.97],[19.9,1.86],[19.14,1.57],[18.44,0.94],[18.18,0.06],[17.75,-0.55],[17.28,-1],[16.85,-1.27],[16.54,-1.84],[16.22,-2.18],[16.19,-3.19],[16.15,-3.46],[15.87,-3.93],[15.6,-4.03],[15.11,-4.46],[14.78,-4.85],[14.05,-4.99],[13.86,-5.28],[13.62,-5.3],[13.51,-5.74],[13.07,-5.86]]]},"properties":{"name":"Congo"}},
{"type":"Feature","geometry":{"type":"LineString","coordinates":[[-143.66,62.47],[-144.2,62.7],[-145.34,62.29],[-145.38,62.07],[-144.45,61.62],[-144.88,61.24],[-144.53,60.83],[-144.69,60.67]]},"properties":{"name":"Copper"}},
{"type":"Feature","geometry":{"type":"MultiLineString","coordinates":[[[-111.21,64.58],[-111.97,64.64]],[[-112.32,64.96],[-112.34,64.9]],[[-114.17,65.64],[-114.37,66.23],[-114.75,66.59],[-116.33,66.89],[-116.07,67.22],[-115.13,67.82]]]},"properties":{"name":"Coppermine"}},
{"type":"Feature","geometry":{"type":"LineString","coordinates":[[16.15,-12.65],[16.33,-12.82],[16.43,-13.44],[16.27,-14.37],[16.57,-14.7],[16.75,-15.17],[17.01,-15.44],[17.38,-15.56],[17.59,-15.85],[17.88,-16.64],[18.59,-17.57],[18.83,-17.77],[19.64,-17.87],[20.39,-17.89],[20.63,-18],[21.29,-17.96],[21.5,-18.06]]},"properties":{"name":"Cubango"}},
{"type":"Feature","geometry":{"type":"LineString","coordinates":[[-54.61,-14.98],[-53.66,-14.59],[-53.2,-13.65],[-52.88,-12.81],[-53.12,-12.36],[-53.6,-11.75],[-53.44,-11.44]]},"properties":{"name":"Culuene"}},
{"type":"Feature","geometry":{"type":"LineString","coordinates":[[100.07,33.01],[100.8,32.43],[101,32.01],[101.21,31.84],[101.88,31.82],[102.04,31.65],[101.88,30.92],[102.06,30.66],[102.21,29.98],[102.21,29.44],[102.88,29.24],[103.51,29.29],[103.72,29.54]]},"properties":{"name":"Dadu"}},
{"type":"Feature","geometry":{"type":"LineString","coordinates":[[131.84,-14.71],[131.26,-14.07],[131.17,-13.85],[130.83,-13.91],[130.26,-13.3]]},"properties":{"name":"Daly"}},
{"type":"Feature","geometry":{"type":"MultiLineString","coordinates":[[[16.43,60.16],[16.5,60.16]],[[17.42,60.51],[17.46,60.64]],[[14.97,60.73],[15.11,60.56],[16.01,60.39],[16.32,60.12]],[[13.72,61.41],[14.55,61]],[[12.1,62.15],[13.21,61.66]]]},"properties":{"name":"Dalälven"}},
{"type":"Feature","geometry":{"type":"LineString","coordinates":[[31.16,30.15],[31.24,30.93],[31.84,31.53]]},"properties":{"name":"Damietta Branch"}},
{"type":"Feature","geometry":{"type":"LineString","coordinates":[[17.21,48.06],[17.76,47.77],[19,47.82],[19.06,47.48],[18.94,47.03],[18.84,45.84],[18.95,45.56],[19.09,45.34],[19.91,45.26],[20.28,45.13],[20.73,44.69],[21.36,44.83],[22.49,44.44],[23.22,43.87],[25.5,43.67],[26.22,44.01],[27.27,44.14],[27.86,44.26],[28.08,44.42],[27.88,44.74],[27.96,45.27],[28.21,45.45],[28.76,45.23]]},"properties":{"name":"Danube"}},
{"type":"Feature","geometry":{"type":"LineString","coordinates":[[147.41,-30.12],[146.66,-29.93],[146.04,-29.98],[145.47,-30.41],[145.16,-30.48],[144.73,-30.84],[144.11,-31.17],[144.02,-31.33],[143.41,-31.58],[142.98,-32.09],[142.4,-32.5],[142.33,-33.14],[142.57,-33.4],[142.45,-33.63],[142,-33.87],[141.93,-34.12]]},"properties":{"name":"Darling"}},
{"type":"Feature","geometry":{"type":"LineString","coordinates":[[32.08,56.91],[32.32,56.75],[32.07,56.19],[31.39,55.99],[31.42,55.66],[30.15,55.19],[29.44,55.11],[28.92,55.45],[27.46,55.8],[26.41,55.96],[26.06,56.42],[25.71,56.61],[25.17,56.59],[24.22,56.89],[24.05,57.07]]},"properties":{"name":"Daugava"}},
{"type":"Feature","geometry":{"type":"LineString","coordinates":[[-67.36,-32.4],[-67.2,-32.8],[-67.17,-33.3],[-66.75,-34.09],[-66.81,-34.35],[-66.52,-35.06],[-66.59,-35.79],[-66.83,-36.39],[-66.78,-37.25],[-65.82,-37.91],[-65.91,-38.28],[-64.97,-38.8]]},"properties":{"name":"Desaguadero"}},
{"type":"Feature","geometry":{"type":"LineString","coordinates":[[39.64,38.42],[40.02,38.35],[40.43,37.83],[41.8,37.71],[41.88,37.44],[42.38,37.06]]},"properties":{"name":"Dicle"}},
{"type":"Feature","geometry":{"type":"LineString","coordinates":[[140.68,-4.86],[140.73,-5.03],[140.22,-5.76],[140.38,-6.62],[140,-7.15],[139.52,-7.25],[139.18,-7.19]]},"properties":{"name":"Digul"}},
{"type":"Feature","geometry":{"type":"LineString","coordinates":[[94.36,29.31],[94.76,29.49],[95.17,29.88],[95.4,29.69],[95.39,29.41],[94.94,29.09],[94.81,28.85],[95.1,28.51],[95.02,28.2],[95.4,28]]},"properties":{"name":"Dihang"}},
{"type":"Feature","geometry":{"type":"LineString","coordinates":[[33.74,55.87],[33.39,54.92]]},"properties":{"name":"Dnepre"}},
{"type":"Feature","geometry":{"type":"MultiLineString","coordinates":[[[30.48,46.1],[30.49,46.09]],[[22.85,49.27],[23.08,49.46],[23.61,49.56],[24.02,49.48],[25.25,48.84],[25.89,48.61],[26.55,48.47],[27.43,48.58],[28.93,47.9],[29.15,47.23],[29.69,46.66],[30.27,46.32]]]},"properties":{"name":"Dniester"}},
{"type":"Feature","geometry":{"type":"MultiLineString","coordinates":[[[32.58,46.62],[33.54,46.83]],[[35.11,47.84],[35.11,48.39],[33.19,49.09]],[[31.89,49.55],[31.69,49.64],[31.46,49.76]],[[31.44,50],[30.71,50.22],[30.51,50.6]],[[33.39,54.92],[32.98,55],[32.51,54.69],[32.01,54.78],[30.46,54.54],[30.3,54.33],[30.37,53.3],[30.03,52.95],[30.35,52.41],[30.8,52],[30.55,51.66],[30.51,51.22]]]},"properties":{"name":"Dnipro"}},
{"type":"Feature","geometry":{"type":"MultiLineString","coordinates":[[[42.11,47.6],[40.93,47.59],[40.11,47.22],[39.29,47.11]],[[43.55,49.51],[43.04,49.35],[42.77,49.57],[41.27,49.61],[40.5,50.12],[40.04,50.1],[40.06,50.41],[39.74,50.96],[39.14,51.02],[39.01,51.6],[39.13,52.01]],[[39.13,52.02],[38.9,52.44],[39.15,53.33],[38.64,53.69],[38.31,54.06]]]},"properties":{"name":"Don"}},
{"type":"Feature","geometry":{"type":"MultiLineString","coordinates":[[[8.22,48.05],[8.49,47.93],[9.3,48.08],[10.71,48.68],[11.68,48.79],[12.24,49.02],[12.51,48.92]],[[17.21,48.06],[16.66,48.16],[16.21,48.38],[15.5,48.42],[15.26,48.23],[14.58,48.22],[13.08,48.69],[12.51,48.93]]]},"properties":{"name":"Donau"}},
{"type":"Feature","geometry":{"type":"LineString","coordinates":[[-101.67,33.54],[-101.25,33.2],[-100.5,32.9]]},"properties":{"name":"Double Mountain Fork Brazos"}},
{"type":"Feature","geometry":{"type":"LineString","coordinates":[[13.82,47.09],[14.75,47.21],[15.15,47.4],[15.63,46.74],[16.04,46.66],[16.87,46.34],[17.31,46],[17.96,45.77],[18.95,45.56]]},"properties":{"name":"Drava"}},
{"type":"Feature","geometry":{"type":"LineString","coordinates":[[-2.84,41.93],[-2.44,41.8],[-2.5,41.52],[-2.93,41.51],[-3.94,41.69],[-5.31,41.46],[-6.18,41.55],[-7.01,41.08],[-7.24,41.19],[-8.43,41.08],[-8.67,41.15]]},"properties":{"name":"Duero"}},
{"type":"Feature","geometry":{"type":"LineString","coordinates":[[-4.19,43.01],[-4.02,42.86],[-3.01,42.76],[-2.64,42.52],[-1.99,42.39],[-1.41,41.98],[-0.3,41.31],[0.17,41.41],[0.65,41.08],[0.55,40.8],[0.89,40.72]]},"properties":{"name":"Ebro"}},
{"type":"Feature","geometry":{"type":"LineString","coordinates":[[31.12,9.43],[31.52,9.38],[32.04,9.83],[32.27,10.15],[32.11,10.51],[32.65,11.1],[32.76,11.8],[32.73,12.19],[32.8,13],[32.59,13.64],[32.3,14.03],[32.2,14.64],[32.44,15.13],[32.49,15.63]]},"properties":{"name":"El Bahr el Abyad"}},
{"type":"Feature","geometry":{"type":"MultiLineString","coordinates":[[[35.35,10.16],[35.15,10.57],[35.16,11.14],[34.78,11.3]],[[34.38,11.78],[34.34,12.31],[34.16,12.53],[33.93,13.26],[33.59,13.57],[33.57,14.34],[33.19,15.06],[32.49,15.63]]]},"properties":{"name":"El Bahr el Azraq"}},
{"type":"Feature","geometry":{"type":"MultiLineString","coordinates":[[[15.58,50.69],[15.89,50.33],[15.82,50.11],[15.24,50.03],[14.63,50.22],[14.04,50.57],[14.14,50.92],[13.44,51.19],[13.18,51.47]],[[13.19,51.47],[12.74,51.84],[12.15,51.87],[11.69,52.07],[11.98,52.44],[12.01,52.77],[11.72,53.01],[11.11,53.15],[10.68,53.37],[10.08,53.44]]]},"properties":{"name":"Elbe"}},
{"type":"Feature","geometry":{"type":"MultiLineString","coordinates":[[[85.27,47.99],[84.36,47.73]],[[83.36,49.64],[83.13,49.68],[82.15,50.22],[80.96,50.39],[80.43,50.37],[79.31,50.66],[78.9,50.65],[78.35,50.86],[77.84,51.42],[77.09,52],[76.66,52.74],[75.85,53.08],[75.05,53.71],[74.99,53.99]]]},"properties":{"name":"Ertis"}},
{"type":"Feature","geometry":{"type":"LineString","coordinates":[[90.33,47.65],[90.25,47.43],[89.41,46.99],[87.56,47.43],[86.61,47.83],[85.27,47.99]]},"properties":{"name":"Ertix"}},
{"type":"Feature","geometry":{"type":"MultiLineString","coordinates":[[[45.46,31.31],[46.48,30.9],[47.47,30.97]],[[40.99,34.43],[41.83,34.51],[42.29,34.29],[42.54,33.89],[43.03,33.5],[43.65,33.38],[44.03,33.16],[44.55,31.65],[44.77,31.48],[45.47,31.31]]]},"properties":{"name":"Euphrates"}},
{"type":"Feature","geometry":{"type":"LineString","coordinates":[[18.92,46.27],[18.84,45.84]]},"properties":{"name":"Ferenc Csatorna"}},
{"type":"Feature","geometry":{"type":"LineString","coordinates":[[-127.24,56.81],[-126.29,57.67],[-125.39,57.26],[-124.84,56.76]]},"properties":{"name":"Finlay"}},
{"type":"Feature","geometry":{"type":"MultiLineString","coordinates":[[[38.77,38.81],[38.37,38.55],[39.08,38.34],[39.24,38.1],[38.81,37.64],[37.97,37.42],[37.86,37.12],[38.03,36.84]],[[41.46,40.18],[40.98,39.94],[40.4,39.94],[40.12,39.57],[39.41,39.68],[38.49,39.45],[38.74,39.08]]]},"properties":{"name":"Firat"}},
{"type":"Feature","geometry":{"type":"LineString","coordinates":[[127.15,-17.38],[126.9,-17.48],[126.24,-17.48],[125.51,-18.28],[124.92,-18.49],[124.58,-18.35],[124.35,-18.09],[123.92,-18.07],[123.56,-17.52]]},"properties":{"name":"Fitzroy"}},
{"type":"Feature","geometry":{"type":"LineString","coordinates":[[-118.32,52.52],[-118.94,52.98],[-119.67,53.06],[-121.02,53.78],[-122.44,54.25],[-122.7,53.95],[-122.67,53.46],[-122.28,52.26],[-122.41,51.76],[-122.23,51.34],[-121.86,50.9],[-121.92,50.7],[-121.51,50.05],[-121.49,49.39],[-122.18,49.14],[-123.08,49.13]]},"properties":{"name":"Fraser"}},
{"type":"Feature","geometry":{"type":"LineString","coordinates":[[114.41,24.71],[114.73,24.88],[115.09,25.75],[114.91,25.99],[114.95,26.24],[114.72,26.61],[114.96,26.81],[115.13,27.51],[115.45,27.97],[115.85,28.32],[115.82,28.59],[116.02,29.05],[115.98,29.28]]},"properties":{"name":"Gan"}},
{"type":"Feature","geometry":{"type":"MultiLineString","coordinates":[[[89.48,22.28],[89.3,22.62]],[[89.3,22.62],[89.35,21.72]],[[88.44,22.99],[88.09,22.22]],[[88.44,22.99],[88.82,22.86],[89.05,22.09]],[[90.07,23.57],[90.44,22.75]],[[89.11,23.99],[89.6,23.44],[89.64,23.25],[90.01,22.69],[89.99,22.47]],[[89.11,23.99],[89.75,23.85]],[[88.4,24.39],[88.87,23.75],[89.11,22.89],[89.3,22.62]],[[88.4,24.39],[88.72,24.27],[89.11,23.99]],[[87.92,24.83],[88.24,24.23],[88.18,23.7],[88.49,23.13],[88.44,22.99]],[[87.92,24.83],[88.15,24.49],[88.4,24.39]],[[79.84,30.89],[79.74,30.54],[79.23,30.3],[78.78,30.26],[78.28,30.09],[78.02,29.49],[78.1,28.88],[78.43,28.15],[79.52,27.57],[79.73,27.22],[80.65,26.14],[80.98,26.05],[81.46,25.65],[81.69,25.52],[81.91,25.49],[81.9,25.41],[82.23,25.24],[82.97,25.19],[83.35,25.5],[83.8,25.52],[84.17,25.72],[84.83,25.75],[85.34,25.54],[85.88,25.46],[86.1,25.32],[86.5,25.44],[86.67,25.28],[87.12,25.26],[87.44,25.39],[87.73,25.24],[87.92,24.83]]]},"properties":{"name":"Ganges"}},
{"type":"Feature","geometry":{"type":"LineString","coordinates":[[1.81,42.63],[1.62,42.86],[1.45,43.42]]},"properties":{"name":"Ariège"}},
{"type":"Feature","geometry":{"type":"LineString","coordinates":[[38.77,6.6],[38.99,6.13],[39.41,5.95],[39.74,5.53],[40.27,5.37],[40.95,5.7],[41.12,5.66],[41.59,4.73],[41.97,4.32]]},"properties":{"name":"Genala"}},
{"type":"Feature","geometry":{"type":"LineString","coordinates":[[45.81,32.5],[46.37,30.96]]},"properties":{"name":"Gharraf Canal"}},
{"type":"Feature","geometry":{"type":"MultiLineString","coordinates":[[[-111.25,33.1],[-111.9,33.13],[-112.51,33.37],[-113.08,33.07],[-114.19,32.7],[-114.58,32.73]],[[-108.2,33.58],[-108.25,33.18],[-108.94,32.66],[-109.32,32.96],[-109.59,32.85],[-110.23,33.19],[-110.81,33.04],[-111.26,33.11]]]},"properties":{"name":"Gila"}},
{"type":"Feature","geometry":{"type":"LineString","coordinates":[[11.48,62.69],[10.66,62.25],[10.86,61.7],[11.58,60.85],[12.03,60.52]]},"properties":{"name":"Glomma"}},
{"type":"Feature","geometry":{"type":"MultiLineString","coordinates":[[[81.74,16.94],[81.86,16.55],[81.71,16.33]],[[81.74,16.94],[82.03,16.71],[82.34,16.71]],[[73.65,20.01],[74.08,20.04],[75.47,19.43],[76.32,19.26],[76.71,18.99],[77.32,19.13],[77.78,18.87],[78.95,19.06],[79.2,18.87],[79.73,18.69],[79.93,18.81],[80.37,18.63],[80.54,18.26],[80.84,18],[80.99,17.62],[81.59,17.41],[81.74,16.94]]]},"properties":{"name":"Godävari"}},
{"type":"Feature","geometry":{"type":"MultiLineString","coordinates":[[[-44.45,-22.16],[-44.06,-21.68],[-44.39,-21.46]],[[-44.62,-21.32],[-45.2,-21.09]],[[-46.33,-20.67],[-46.59,-20.62]],[[-47.07,-20.28],[-47.46,-20],[-48.05,-20.12],[-48.81,-20.16],[-49.2,-20.29],[-49.38,-19.98]],[[-50.36,-19.86],[-50.49,-19.79],[-50.58,-19.82]],[[-63.76,-19.03],[-63.62,-19.07],[-63.07,-18.62],[-62.86,-18.2],[-62.74,-17.24],[-63.26,-16.73],[-63.6,-16.59],[-63.87,-16.32],[-64.66,-15.86]],[[-66.32,-17.58],[-65.79,-18.01],[-65.19,-18.63],[-64.86,-18.5],[-64.44,-18.62],[-63.98,-19.16],[-63.84,-19.03],[-63.75,-19.03]]]},"properties":{"name":"Grande"}},
{"type":"Feature","geometry":{"type":"LineString","coordinates":[[-80.46,36.23],[-80.27,35.65],[-79.88,35.06],[-79.8,34.52],[-79.47,33.93],[-79.12,33.63],[-79.23,33.4]]},"properties":{"name":"Great Pee Dee"}},
{"type":"Feature","geometry":{"type":"LineString","coordinates":[[-65.03,-11.91],[-65.39,-11.25],[-65.33,-10.89],[-65.4,-10.39]]},"properties":{"name":"Guaporé"}},
{"type":"Feature","geometry":{"type":"LineString","coordinates":[[12.33,58.37],[12.03,57.93],[11.73,57.76]]},"properties":{"name":"Göta älv"}},
{"type":"Feature","geometry":{"type":"LineString","coordinates":[[117.87,49.51],[118.44,49.44],[118.75,49.21],[119.45,49.27],[120.12,49.23],[120.91,49.37],[122.29,49.85]]},"properties":{"name":"Hailar"}},
{"type":"Feature","geometry":{"type":"MultiLineString","coordinates":[[[111.48,32.57],[111.78,32.14],[112.19,31.97],[112.39,31.66],[112.43,31.31],[112.72,30.58],[113.51,30.44],[113.96,30.66],[114.29,30.57]],[[106.4,33.07],[107.03,33.04],[107.6,33.2],[108.2,33.02],[108.65,32.51],[109.17,32.77],[109.77,32.93],[110.14,32.82],[110.93,32.82],[111,32.74]]]},"properties":{"name":"Han"}},
{"type":"Feature","geometry":{"type":"LineString","coordinates":[[127.59,50.21],[127.31,50.71],[126.92,51.1],[126.81,51.51],[126.31,52.4],[125.65,53.04],[124.81,53.13],[123.61,53.55],[122.34,53.49],[121.41,53.32]]},"properties":{"name":"Heilong Jiang"}},
{"type":"Feature","geometry":{"type":"LineString","coordinates":[[61.6,31.2],[61.75,31.01],[61.84,30.51],[62.03,30.31],[62.68,30.19],[63.19,30.34],[64.07,30.72],[64.39,31.66],[65.2,32.32],[65.62,32.96],[66.6,33.67],[66.96,33.79],[67.27,34.16],[67.73,34.39],[68.49,34.57]]},"properties":{"name":"Helmand"}},
{"type":"Feature","geometry":{"type":"LineString","coordinates":[[-81.42,37.01],[-82.59,36.61],[-82.94,36.4],[-83.75,36.08],[-83.97,35.87]]},"properties":{"name":"Holston"}},
{"type":"Feature","geometry":{"type":"LineString","coordinates":[[106.52,20.29],[106.29,20.34],[105.73,21.12],[105.33,21.27],[104.69,21.87],[103.48,22.9],[103.16,23.12],[102.12,23.51],[101.6,24.05],[101.35,24.51],[100.81,25],[100.35,25.15],[100.18,25.44]]},"properties":{"name":"Hong"}},
{"type":"Feature","geometry":{"type":"LineString","coordinates":[[106.94,25.22],[107.28,24.87],[107.61,24.28],[107.49,24.09],[107.9,23.72],[108.34,24],[108.55,24.01],[109,23.66],[109.53,23.8]]},"properties":{"name":"Hongshui"}},
{"type":"Feature","geometry":{"type":"MultiLineString","coordinates":[[[97.29,34.84],[97.55,34.88]],[[97.76,35.09],[98.38,34.8],[98.35,34.59],[98.66,34.37],[99,34.43],[99.12,33.92],[99.32,33.75],[99.72,33.79],[100.19,33.6],[100.74,33.93],[100.94,33.78],[101.81,33.61],[102.07,33.36],[102.48,33.48],[102.21,33.9],[101.33,34.27],[100.88,34.68],[100.38,34.83],[100.17,35.42],[100.25,35.7],[101.01,36.14],[101.34,36.06],[101.76,36.15],[102.18,35.84],[102.95,35.81],[103.56,36.16],[104,36.08],[104.18,36.32],[104.71,36.63],[104.33,36.95],[104.58,37.31],[105,37.46],[105.65,37.52],[106.46,38.38],[106.87,39.08],[106.72,40.02],[107.24,40.59],[107.86,40.86],[108.48,40.78],[108.88,40.55],[110.3,40.48],[111.13,40.23],[111.41,40.01],[111.44,39.65],[111.17,39.4],[110.89,38.56],[110.5,38.11],[110.78,37.61],[110.39,36.82],[110.58,35.53],[110.28,35.01],[110.27,34.64],[110.8,34.65],[111.45,34.85],[111.84,35.07],[112.86,34.81],[113.49,34.98],[113.78,34.9],[114.68,34.93],[114.83,35.02]],[[96.16,35.13],[97.07,34.93]]]},"properties":{"name":"Huang"}},
{"type":"Feature","geometry":{"type":"LineString","coordinates":[[114.84,35.02],[114.91,35.23],[115.46,35.68],[115.87,35.88],[117.61,37.23],[118.13,37.35],[118.3,37.54],[119.04,37.81]]},"properties":{"name":"Huang"}},
{"type":"Feature","geometry":{"type":"LineString","coordinates":[[-74.07,44.1],[-74.18,43.86],[-73.89,43.66],[-73.62,43.23],[-73.77,42.39],[-73.94,42.02],[-73.97,41.25]]},"properties":{"name":"Hudson"}},
{"type":"Feature","geometry":{"type":"LineString","coordinates":[[98.01,48],[97.41,48.2],[97.71,48.67],[98.05,48.74],[99.18,48.64],[99.59,48.72],[100.47,49.08],[100.7,49.26]]},"properties":{"name":"Ideriyn"}},
{"type":"Feature","geometry":{"type":"LineString","coordinates":[[-46.5,-20.32],[-45.96,-20.32],[-45.64,-20.07],[-45.28,-19.28],[-45.09,-19.05]]},"properties":{"name":"Indaiá"}},
{"type":"Feature","geometry":{"type":"MultiLineString","coordinates":[[[144.71,62.77],[144.44,63.01],[143.49,63.35],[142.45,63.6],[141.91,63.95],[142.16,64.28],[142.79,64.3],[143.27,64.63],[143.08,65.13],[142.64,65.46],[143.15,66.02],[143.22,66.31],[142.65,67.01],[142.66,67.45],[143.65,67.64],[144.65,67.64],[145.36,68.18],[146.21,68.58],[146.94,68.57],[147.48,68.94],[147.38,70.27],[147.87,70.6],[149.56,70.93],[150.1,71.23]],[[144.71,62.77],[145.01,62.51]]]},"properties":{"name":"Indigirka"}},
{"type":"Feature","geometry":{"type":"LineString","coordinates":[[100.55,-0.57],[100.84,-0.67],[101.48,-0.63],[101.77,-0.49],[102.1,-0.53],[102.37,-0.36],[102.84,-0.51],[103.41,-0.36]]},"properties":{"name":"Indragi"}},
{"type":"Feature","geometry":{"type":"MultiLineString","coordinates":[[[67.86,23.9],[67.93,24]],[[67.65,23.92],[67.71,24.07]],[[67.93,24],[68.04,23.85]],[[67.93,24],[67.71,24.07]],[[67.71,24.07],[67.66,24.1]],[[79.73,32.44],[79.43,32.74]],[[79.44,32.74],[79.04,33.13],[78.25,33.4],[77.53,34.11],[76.97,34.29],[76.22,34.79],[75.86,35.3],[75.33,35.56],[74.83,35.69],[74.22,35.41],[73.42,35.54],[72.87,34.94],[72.78,34.62]],[[72.71,34.09],[72.3,33.96],[71.76,33.37],[71.65,32.99],[71.42,32.84],[71.27,32.31],[70.86,31.57],[70.79,30.21],[70.61,29.02],[69.71,28.44],[69.39,28.17],[69.03,28.04],[68.32,27.42],[67.91,26.91],[67.9,26.37],[68.38,25.79],[68.27,25.01],[68.07,24.87],[67.94,24.43],[67.45,24.04]]]},"properties":{"name":"Indus"}},
{"type":"Feature","geometry":{"type":"MultiLineString","coordinates":[[[94.7,16.51],[94.74,16.91],[94.98,17.35],[95.45,17.86],[95.57,17.9],[95.95,17.07],[96.19,16.77]],[[95.48,16.81],[95.08,15.84]],[[95.6,16.9],[96.04,16.34]],[[95.47,17.74],[95.19,17.08],[95.22,16.8],[94.66,15.99]]]},"properties":{"name":"Irrawaddy Delta"}},
{"type":"Feature","geometry":{"type":"MultiLineString","coordinates":[[[74.99,53.99],[74.56,54.4],[73.73,54.69]],[[73.72,54.69],[73.32,54.89],[73.02,55.3],[73.88,55.69],[74.27,55.74],[74.71,56.06],[74.75,56.4],[74.51,56.89],[73.6,57.27],[72.23,57.58],[71.11,57.71],[70.05,58.01],[68.82,58.01],[68.23,58.17]],[[68.86,61.12],[69.84,60.62],[69.73,60.17],[69.87,59.83],[68.92,59.45],[68.55,58.52],[68.22,58.17]]]},"properties":{"name":"Irtysh"}},
{"type":"Feature","geometry":{"type":"LineString","coordinates":[[143.07,43.7],[142.63,43.89],[141.94,43.65],[141.57,43.13],[141.36,43.24]]},"properties":{"name":"Ishikari"}},
{"type":"Feature","geometry":{"type":"LineString","coordinates":[[31.24,30.12],[31.64,30.48],[32.3,30.59]]},"properties":{"name":"Ismailiya Canal"}},
{"type":"Feature","geometry":{"type":"LineString","coordinates":[[-69.46,-1.23],[-69.45,-1.45],[-69.13,-1.75],[-68.91,-1.82],[-67.96,-1.64],[-67.14,-1.85],[-66.36,-1.71],[-65.98,-1.72],[-65.27,-1.9],[-65.23,-2.14],[-64.77,-3.11],[-64.79,-3.22]]},"properties":{"name":"Japurá"}},
{"type":"Feature","geometry":{"type":"LineString","coordinates":[[-43.41,-18.29],[-43.67,-17.61],[-43.36,-17.51],[-42.7,-16.82],[-42.35,-16.65],[-41.92,-16.7],[-41.33,-16.52],[-40.52,-16.12],[-40.06,-16.09],[-39.51,-15.94],[-39.24,-16.01],[-38.89,-15.84]]},"properties":{"name":"Jequitinhonha"}},
{"type":"Feature","geometry":{"type":"MultiLineString","coordinates":[[[99.4,28.12],[99.6,27.43],[99.95,26.99],[100.43,27.75],[100.55,27.3],[100.41,26.8],[100.46,26.24],[100.8,26.18],[101.73,26.6],[101.91,26.46],[101.85,26.1],[102.13,26.06],[102.58,26.37],[102.75,26.26],[103.04,26.52],[102.9,27.31],[103.15,27.43],[103.48,27.81],[103.44,28.07],[103.86,28.38],[103.85,28.67]],[[98.54,31.69],[98.8,31.44],[98.65,31.12],[98.92,30.77],[99.04,29.85],[99.15,28.64],[99.4,28.13]]]},"properties":{"name":"Jinsha"}},
{"type":"Feature","geometry":{"type":"MultiLineString","coordinates":[[[35.42,31.32],[35.4,31.23]],[[35.58,32.72],[35.56,31.77]],[[35.86,33.6],[35.7,33.43],[35.6,32.9]]]},"properties":{"name":"Jordan"}},
{"type":"Feature","geometry":{"type":"LineString","coordinates":[[41.97,4.32],[42.49,3.94],[42.58,3.07],[42.39,2.84],[42.2,2.25],[42.42,1.46],[42.56,1.22],[42.74,0.58],[42.63,-0.25]]},"properties":{"name":"Jubba"}},
{"type":"Feature","geometry":{"type":"LineString","coordinates":[[-59.07,-14.53],[-59.02,-13.54],[-58.86,-12.18],[-58.62,-11.41],[-58.66,-10.98]]},"properties":{"name":"Juruena"}},
{"type":"Feature","geometry":{"type":"LineString","coordinates":[[14.62,5.87],[14.62,5.5],[14.32,4.94],[14.24,4.6],[14.62,4.17],[15.53,4],[15.65,3.76],[16.03,3.53],[16.25,2.97],[16.1,2.6],[16.1,1.65]]},"properties":{"name":"Kadéï"}},
{"type":"Feature","geometry":{"type":"LineString","coordinates":[[27.16,-11.63],[27.18,-11.85],[27.57,-12.38],[28,-12.47],[28.22,-12.75],[28.12,-13.28],[27.63,-13.53],[27.12,-14.38],[26.66,-14.44],[25.98,-14.91],[25.99,-15.59],[26.29,-15.78],[27.08,-15.61],[27.37,-15.72],[27.89,-15.66],[28.17,-15.78],[28.97,-15.95]]},"properties":{"name":"Kafue"}},
{"type":"Feature","geometry":{"type":"LineString","coordinates":[[29.59,-2.98],[30.02,-3.26],[30.46,-2.99],[30.44,-2.77],[30.77,-2.46],[30.88,-2.14],[30.81,-1.56],[30.47,-1.13],[30.81,-0.99],[31.12,-1.2],[31.51,-1.21],[31.77,-0.94]]},"properties":{"name":"Kagera"}},
{"type":"Feature","geometry":{"type":"LineString","coordinates":[[157.63,54.29],[157.88,54.11],[158.46,54.64],[158.86,54.87],[159.36,55.41],[159.66,55.48],[159.65,55.94],[160.29,56.4],[162.04,56.22],[162.46,56.24]]},"properties":{"name":"Kamchatka"}},
{"type":"Feature","geometry":{"type":"LineString","coordinates":[[113.47,1.2],[113.23,0.96],[112.54,0.8],[111.95,0.6],[111.5,0.1],[110.58,0.06],[110.42,-0.07],[110.01,-0.09],[109.81,-0.27],[109.45,-0.34],[109.15,-0.19]]},"properties":{"name":"Kapuas"}},
{"type":"Feature","geometry":{"type":"LineString","coordinates":[[22.24,-11.25],[22.18,-10.89],[22.3,-10.4],[22.2,-10.04],[21.81,-9.47],[21.91,-8.69],[21.78,-7.87],[21.84,-7.42],[21.69,-7.11],[20.78,-6.37],[20.58,-5.99],[21.04,-5.34],[21.06,-4.8],[20.97,-4.61],[20.46,-4.3],[20.28,-4.39],[19.9,-4.16],[18.74,-3.63],[18.29,-3.46],[17.8,-3.39],[17.36,-3.2],[17.06,-3.06],[16.28,-3.1],[16.19,-3.19]]},"properties":{"name":"Kasai"}},
{"type":"Feature","geometry":{"type":"LineString","coordinates":[[133.13,-13.3],[133.13,-13.74],[132.83,-13.8],[132.69,-14.17],[131.84,-14.71]]},"properties":{"name":"Katherine"}},
{"type":"Feature","geometry":{"type":"LineString","coordinates":[[114.76,1.76],[115.26,2.01],[115.55,1.97],[115.78,2.19],[116.14,2.15],[116.33,2.47],[116.66,2.8],[117.17,2.75],[117.57,2.93]]},"properties":{"name":"Kayan"}},
{"type":"Feature","geometry":{"type":"MultiLineString","coordinates":[[[31.57,63.87],[32.24,63.85],[32.39,64.18],[32.15,64.75]],[[32.04,64.46],[32.2,64.38]],[[32.15,64.75],[33.07,65.11],[34.39,64.94],[34.8,64.99]],[[31.95,64.86],[32.15,64.75]]]},"properties":{"name":"Kem"}},
{"type":"Feature","geometry":{"type":"MultiLineString","coordinates":[[[27.36,66.47],[27.19,66.35],[25.71,66.49],[24.63,65.86]],[[28.78,68.1],[28.72,67.69],[28.06,67.23],[27.5,67.11],[27.38,66.76]]]},"properties":{"name":"Kemijoki"}},
{"type":"Feature","geometry":{"type":"LineString","coordinates":[[105.14,72.78],[103.08,72.35],[102.08,71.95]]},"properties":{"name":"Khatanga"}},
{"type":"Feature","geometry":{"type":"MultiLineString","coordinates":[[[92.22,69.99],[94.01,69.84],[94.82,69.93],[95.74,70.21],[95.85,70.52],[94.14,70.75],[94.37,70.93],[96.01,70.85],[97.84,70.82],[98.3,71.19],[99.1,71.17],[99.51,71.43]],[[102.08,71.95],[101.58,71.82],[99.91,71.66],[99.52,71.43]]]},"properties":{"name":"Kheta"}},
{"type":"Feature","geometry":{"type":"LineString","coordinates":[[30.37,2.33],[30.44,2.66],[30.28,2.88],[29.57,3.09],[29.49,3.25],[29.03,3.6],[28.59,3.6]]},"properties":{"name":"Kibali"}},
{"type":"Feature","geometry":{"type":"MultiLineString","coordinates":[[[-123.78,41.28],[-124.09,41.54]],[[-121.81,42.25],[-122.64,41.87],[-123.34,41.81],[-123.54,41.31],[-123.78,41.28]]]},"properties":{"name":"Klamath"}},
{"type":"Feature","geometry":{"type":"LineString","coordinates":[[22.58,61.21],[21.6,61.58]]},"properties":{"name":"Kokemäenjoki"}},
{"type":"Feature","geometry":{"type":"LineString","coordinates":[[145.22,61.86],[146.1,61.78],[146.66,61.45],[147.37,61.59],[147.34,62.27],[148.52,62.11],[148.76,61.66],[149.5,61.67],[150.06,62.08],[150.71,62.2],[150.84,62.67],[151.74,62.45],[152.27,62.53],[152.58,63.31],[153.44,63.82],[154.52,64.13],[154.03,64.67],[152.49,64.84],[151.61,65.24],[150.87,65.79],[150.8,66.15],[151.6,66.26],[151.78,66.45],[153.02,67.11],[153.63,67.21],[153.64,67.46],[154.86,67.62],[156.22,67.66],[156.67,67.94],[157.43,68.09],[158.55,68.79],[160.13,68.54],[160.86,68.54]]},"properties":{"name":"Kolyma"}},
{"type":"Feature","geometry":{"type":"LineString","coordinates":[[89.39,40.63],[88.71,40.69],[87.66,40.96],[87.26,40.97],[86.75,41.29],[86.37,41.24]]},"properties":{"name":"Konqi"}},
{"type":"Feature","geometry":{"type":"LineString","coordinates":[[20.93,7.34],[20.38,7.03],[19.98,7.2],[19.73,7.54]]},"properties":{"name":"Koukourou"}},
{"type":"Feature","geometry":{"type":"LineString","coordinates":[[-150.82,68.04],[-151.04,67.61],[-150.73,67.28],[-151.62,66.92],[-151.78,66.66],[-153.91,66.31],[-154.85,65.79],[-156.19,66.01],[-156.64,65.47],[-157.61,65.49],[-157.77,64.85]]},"properties":{"name":"Koyukuk"}},
{"type":"Feature","geometry":{"type":"MultiLineString","coordinates":[[[79.31,16.58],[79.99,16.68],[80.63,16.48],[80.78,16.31],[80.86,15.78]],[[73.8,17.99],[74.12,17.63],[74.19,17.2],[74.46,17.02],[74.75,16.6],[75.23,16.62],[76.21,16.17],[76.95,16.53],[77.62,16.35],[78.19,15.96],[78.36,16.07],[78.81,16.06],[79,16.23]]]},"properties":{"name":"Krishna"}},
{"type":"Feature","geometry":{"type":"LineString","coordinates":[[-154.72,63.08],[-155.83,62.74],[-156.24,62.27],[-156.33,61.9],[-156.87,61.71],[-157.88,61.89],[-158.39,61.61],[-160.22,61.54],[-160.54,61.44],[-161.17,60.94],[-161.95,60.68]]},"properties":{"name":"Kuskokwim"}},
{"type":"Feature","geometry":{"type":"LineString","coordinates":[[18.8,-11.26],[18.65,-10.61],[18.5,-10.41],[18.65,-10.07],[18.61,-9.74],[18.19,-9.25],[17.82,-8.53],[16.98,-7.26],[16.74,-6.62],[16.52,-5.39],[16.51,-4.25],[17.18,-3.92],[17.32,-3.61],[17.36,-3.2]]},"properties":{"name":"Kwango"}},
{"type":"Feature","geometry":{"type":"LineString","coordinates":[[98,51.51],[97.3,51.36],[96.1,51.38],[95.78,51.29]]},"properties":{"name":"Kyzyl-Khem"}},
{"type":"Feature","geometry":{"type":"MultiLineString","coordinates":[[[-70.48,53.41],[-70.47,53.49],[-70.84,53.43]],[[-71.12,53.59],[-71.82,53.65]],[[-72.04,53.6],[-73.33,53.92],[-74.44,53.68]],[[-77.42,53.8],[-77.63,53.82],[-78.39,53.76],[-78.95,53.83]]]},"properties":{"name":"La Grande Rivière"}},
{"type":"Feature","geometry":{"type":"LineString","coordinates":[[96.94,31.97],[97.21,31.46],[97.19,31.13],[97.5,30.62],[97.96,30.16],[98.62,29.13],[98.59,29.01],[99.04,27.77],[99.18,26.95],[99.11,26.53],[99.16,25.92],[99.34,25.32],[99.94,24.76],[100.33,24.75],[100.51,24.54],[100.49,24.11],[100.07,23.28],[100.63,22.27],[100.87,21.92],[101.12,21.81],[101.08,21.47],[100.76,21.31],[100.25,20.73],[100.32,20.39],[100.55,20.17],[100.6,19.89],[101.48,19.82],[102.14,20.09],[101.82,19.6],[101.84,18.79],[101.77,18.57],[101.41,18.12],[101.56,17.82]]},"properties":{"name":"Lancang"}},
{"type":"Feature","geometry":{"type":"LineString","coordinates":[[5.33,51.96],[4.6,51.9],[4.08,51.99]]},"properties":{"name":"Lek"}},
{"type":"Feature","geometry":{"type":"MultiLineString","coordinates":[[[120.65,60.4],[119.35,60.19],[118.32,59.72],[117.45,59.99],[116.88,60.38],[115.8,60.72],[114.74,60.69],[114.31,60.37],[113.24,59.78],[112.84,59.67],[112.39,59.27],[111.85,59.19],[110.81,58.66],[109.97,58.61],[109.43,58.21],[109.08,58.26],[107.41,57.27],[106.35,57.05],[105.99,56.83],[106.2,56.41],[105.69,56.27],[105.85,55.98],[105.45,55.33],[105.07,54.91],[105.22,54.38],[106.06,53.86],[106.93,53.88],[107.78,54.29],[107.98,54]],[[126.69,72.29],[127.17,71.85],[127.41,70.74],[126.79,70.54],[125.8,70.45],[126.02,70.23],[125.2,69.9],[124.72,69.4],[124.09,69.1],[123.69,68.26],[123.06,67.69],[123.59,66.58],[124.21,65.87],[124.59,65.1],[125.5,64.67],[126.42,64.4],[127.29,63.97],[128.42,63.53],[129.38,63.49],[130.01,62.48],[129.79,61.89],[129.48,61.63],[128.75,61.32],[127.05,61.1],[126.32,61.07],[125.58,60.86],[124.15,60.6],[122.3,60.58],[121.16,60.62],[120.65,60.41]]]},"properties":{"name":"Lena"}},
{"type":"Feature","geometry":{"type":"LineString","coordinates":[[123.55,43.48],[123.61,42.66],[123.83,42.41],[123.03,42.08],[122.68,41.58],[122.64,41.32],[122.14,40.69]]},"properties":{"name":"Liao"}},
{"type":"Feature","geometry":{"type":"LineString","coordinates":[[-131.37,61.2],[-130.1,60.7],[-128.79,60.03],[-128.16,59.86],[-126.63,59.61],[-125.23,59.31],[-124.55,59.73],[-124.08,59.56],[-123.83,60.02],[-123.42,60.37],[-123.55,60.61],[-123.14,61.1],[-121.52,61.48],[-121.28,61.86]]},"properties":{"name":"Liard"}},
{"type":"Feature","geometry":{"type":"LineString","coordinates":[[26.96,-23.74],[27.09,-23.58],[27.89,-23.07],[28.21,-22.69],[28.84,-22.48],[29.13,-22.21],[29.66,-22.15],[30.46,-22.33],[30.92,-22.29],[31.63,-22.51],[32.19,-23.08],[32.4,-23.42],[32.67,-24.14],[32.87,-24.4],[33.49,-24.77],[33.53,-25.19]]},"properties":{"name":"Limpopo"}},
{"type":"Feature","geometry":{"type":"LineString","coordinates":[[14.67,6.7],[14.39,5.98],[14.2,5.89],[13.8,5.37],[13.38,5.31],[13.36,5.06],[13.13,4.93]]},"properties":{"name":"Lom"}},
{"type":"Feature","geometry":{"type":"MultiLineString","coordinates":[[[105.69,58.07],[107.06,57.8],[107.76,57.9],[108.34,58.21],[108.5,58.59],[108.39,59.13],[107.94,59.66],[108.04,60.2],[107.8,60.34],[107.96,60.84],[108.05,61.93],[108.28,62.26],[107.92,62.44],[108.24,62.75],[108.12,62.99],[106.57,63.53],[105.51,63.33],[105.12,63.46],[103.81,63.62],[102.83,64.1],[102.37,64.05],[101.62,64.2],[101.02,64.13],[100.28,64.29],[99.93,64.16],[98.12,64.15],[97.93,63.93],[96.48,63.82],[94.83,64.16],[93.71,64.23],[92.83,64.44],[92.08,64.41]],[[87.96,65.78],[88.84,65.97],[90.02,65.66],[90.05,65.12],[90.34,64.83],[91.34,64.52],[92.08,64.41]]]},"properties":{"name":"Lower Tunguska"}},
{"type":"Feature","geometry":{"type":"LineString","coordinates":[[26.25,-11.74],[25.89,-11.62],[25.57,-11.05],[25.74,-10.73],[25.42,-10.46],[25.55,-9.81],[25.56,-9.27],[25.9,-9.2],[26.03,-8.79],[26.44,-8.27]]},"properties":{"name":"Lualaba"}},
{"type":"Feature","geometry":{"type":"MultiLineString","coordinates":[[[26.93,-5.61],[27,-5.38],[26.88,-4.73],[26.07,-4.11],[25.9,-3.36],[25.88,-2.74]],[[25.88,-2.75],[25.79,-2.46],[25.82,-1.29],[25.42,-0.55],[25.55,-0.04],[25.41,0.35],[25.14,0.51],[24.29,0.78]]]},"properties":{"name":"Lualaba"}},
{"type":"Feature","geometry":{"type":"MultiLineString","coordinates":[[[-117.67,61.31],[-118.14,61.47],[-118.7,61.3],[-119.77,61.3],[-120.67,61.57],[-120.71,61.79],[-121.28,61.86],[-122.24,62.12],[-123.14,62.2],[-123.31,63.11],[-125.15,64.83],[-125.62,64.9],[-128.03,65.61],[-128.72,65.68],[-129.09,66.11],[-128.67,66.29],[-130.19,66.94],[-130.31,67.26],[-131.44,67.47],[-133.02,67.25],[-134.09,67.63],[-134.44,68.18],[-134.24,68.71]],[[-134.24,68.71],[-134.84,68.96]],[[-134.24,68.71],[-134.63,69.02],[-134.17,69.25]],[[-134.84,68.96],[-135.64,68.89]],[[-134.84,68.96],[-135.25,69.32]]]},"properties":{"name":"Mackenzie"}},
{"type":"Feature","geometry":{"type":"LineString","coordinates":[[-65.4,-10.39],[-65.31,-10.25],[-65.36,-9.56],[-64.91,-9.58],[-64.63,-9.23],[-64.08,-8.94],[-63.91,-8.67],[-63.57,-8.57],[-63.34,-8.19],[-62.87,-7.95],[-62.98,-7.35],[-62.82,-7],[-62.43,-6.75],[-62.23,-6.28],[-61.84,-6.21],[-61.67,-5.93],[-60.73,-5.45],[-60.17,-4.91],[-59.97,-4.85],[-59.7,-4.37],[-59.49,-4.32],[-59,-3.6],[-58.69,-3.34]]},"properties":{"name":"Madeira"}},
{"type":"Feature","geometry":{"type":"MultiLineString","coordinates":[[[-110.74,44.73],[-111.1,44.76]],[[-111.31,44.87],[-111.55,44.89],[-111.7,45.35],[-111.39,46.08],[-111.52,46.36]]]},"properties":{"name":"Madison"}},
{"type":"Feature","geometry":{"type":"LineString","coordinates":[[-72.17,-12.18],[-72.12,-11.74],[-71.6,-11.69],[-70.59,-12.49],[-69.58,-12.66],[-69.34,-12.55],[-68.86,-12.55],[-68.5,-12.41],[-67.64,-11.49],[-67.36,-11.55],[-67.13,-11.36],[-66.41,-11.1],[-65.92,-10.81],[-65.77,-10.6],[-65.4,-10.39]]},"properties":{"name":"Madre de Dios"}},
{"type":"Feature","geometry":{"type":"MultiLineString","coordinates":[[[-76.51,1.94],[-76.18,1.9],[-75.69,2.2],[-75.38,2.77],[-75.16,3.46],[-74.82,4.19],[-74.86,4.42],[-74.58,6.16],[-74.32,6.67],[-73.9,7.08],[-73.79,8.15]],[[-73.8,8.15],[-73.84,8.83],[-73.94,8.99],[-74.79,9.44],[-74.89,10.28],[-74.73,10.68],[-74.84,11.11]]]},"properties":{"name":"Magdalena"}},
{"type":"Feature","geometry":{"type":"MultiLineString","coordinates":[[[80.63,20.6],[80.89,20.97],[81.16,21.08],[81.43,21.59],[82,21.86],[82.38,21.73],[83.3,21.7]],[[83.86,21.52],[83.83,21.05],[83.93,20.86],[84.31,20.85],[84.92,20.48],[85.34,20.36],[85.83,20.45],[86.25,20.05]]]},"properties":{"name":"Mahäna Nadï"}},
{"type":"Feature","geometry":{"type":"LineString","coordinates":[[95.78,51.29],[95.56,51.48],[94.46,51.73]]},"properties":{"name":"Malyy Yenisey"}},
{"type":"Feature","geometry":{"type":"LineString","coordinates":[[138.7,-3.19],[138.22,-2.42],[137.81,-2.03],[137.91,-1.48]]},"properties":{"name":"Mamberamo"}},
{"type":"Feature","geometry":{"type":"LineString","coordinates":[[-64.66,-15.86],[-65.02,-15.08],[-65.08,-14.76],[-64.98,-14.33],[-65.3,-13.69],[-65.19,-13.2],[-65.03,-12.94],[-65.17,-12.16],[-65.03,-11.91]]},"properties":{"name":"Mamoré"}},
{"type":"Feature","geometry":{"type":"LineString","coordinates":[[47.17,-22.01],[46.73,-21.74],[46.49,-21.38],[46.19,-21.28],[45.65,-21.43]]},"properties":{"name":"Mananantanana"}},
{"type":"Feature","geometry":{"type":"LineString","coordinates":[[45.65,-21.43],[45.29,-21.67],[43.99,-21.89],[43.54,-21.32]]},"properties":{"name":"Mangoky"}},
{"type":"Feature","geometry":{"type":"LineString","coordinates":[[82.4,30.41],[82.83,30.37],[83.16,30.13],[84.39,29.53],[84.63,29.25],[85.23,29.31],[85.59,29.2],[86.73,29.21],[87.66,29.15]]},"properties":{"name":"Maquan"}},
{"type":"Feature","geometry":{"type":"LineString","coordinates":[[-76.62,-9.91],[-76.77,-9.47],[-76.73,-9.26],[-77.22,-8.77],[-77.59,-8.16],[-77.72,-7.63],[-78.06,-6.67],[-78.45,-6.15],[-78.72,-5.91],[-78.46,-5.35],[-78.34,-4.8],[-78.2,-4.65],[-77.62,-4.43],[-77.26,-4.69],[-76.14,-5],[-75.63,-5.06],[-75.45,-4.87],[-74.85,-4.69],[-74.55,-4.49],[-73.72,-4.58],[-73.49,-4.44]]},"properties":{"name":"Marañón"}},
{"type":"Feature","geometry":{"type":"MultiLineString","coordinates":[[[104.95,11.59],[105.1,10.88],[105.31,10.54],[105.83,10]],[[104.95,11.59],[105.27,11.36],[105.2,10.98],[105.49,10.53],[105.93,10.28],[106.14,10.22]],[[101.56,17.82],[102.1,18.21],[102.66,17.82],[103.09,18.14]],[[103.09,18.14],[103.37,18.42],[103.95,18.32],[104.43,17.7],[104.82,17.3],[104.75,16.65],[105.05,16.16],[105.41,15.99],[105.62,15.7],[105.67,15.27],[105.93,14.83],[105.86,14.07],[106.02,13.7],[105.92,13.41],[106.02,13.2],[105.98,12.29],[105.64,12.28],[105.39,11.94],[105,11.82],[104.95,11.59]]]},"properties":{"name":"Mekong"}},
{"type":"Feature","geometry":{"type":"LineString","coordinates":[[-70.14,-32.24],[-69.79,-32.03],[-69.46,-31.57],[-69.42,-31.28]]},"properties":{"name":"Mendoza"}},
{"type":"Feature","geometry":{"type":"LineString","coordinates":[[-73.87,4.67],[-73.91,4.45],[-73.73,4.08],[-73.03,3.96],[-72.84,4.28],[-72.05,4.41],[-71.17,4.84],[-70.67,5.38],[-70.23,5.59],[-69.77,6.04],[-69.09,6.18],[-68.47,6.16],[-67.86,6.29],[-67.42,6.2]]},"properties":{"name":"Meta"}},
{"type":"Feature","geometry":{"type":"LineString","coordinates":[[103.72,29.54],[103.93,29.22],[104.38,28.85],[104.62,28.78]]},"properties":{"name":"Min"}},
{"type":"Feature","geometry":{"type":"MultiLineString","coordinates":[[[-89.38,28.98],[-89.02,29.2]],[[-89.26,29.16],[-89.29,29.18]],[[-89.29,29.18],[-89.18,29.34]],[[-89.29,29.18],[-89.97,29.69],[-89.93,29.91],[-90.85,30.04],[-91.18,30.28],[-91.34,30.71],[-91.65,30.95],[-91.63,31.22],[-91.37,31.77],[-90.95,32.24],[-91.15,32.63],[-91.11,33.22],[-91.21,33.68],[-91.08,33.8],[-91.07,33.97],[-90.58,34.5],[-90.54,34.73],[-90.14,35.11],[-89.94,35.68],[-89.7,35.91],[-89.67,36.22],[-89.15,36.99],[-89.41,37.1],[-89.52,37.64],[-90.17,38.07],[-90.37,38.31],[-90.32,38.46],[-90.15,38.78],[-90.13,38.83],[-90.66,38.99],[-90.92,39.39],[-91.38,39.75],[-91.5,40.23],[-91.39,40.54],[-91.1,40.75],[-90.96,41.08],[-91.05,41.37],[-90.44,41.56],[-90.17,42.1],[-90.69,42.61],[-91.07,42.79],[-91.32,43.94],[-92.06,44.4],[-93.18,44.91],[-93.41,45.2],[-94.06,45.44],[-94.37,45.85],[-94.39,46.19],[-94.06,46.54],[-93.49,46.73],[-93.31,47.02],[-94.09,47.43]],[[-95.03,47.16],[-94.64,47.44]],[[-94.51,47.46],[-94.33,47.41]]]},"properties":{"name":"Mississippi"}},
{"type":"Feature","geometry":{"type":"MultiLineString","coordinates":[[[-98.56,43.06],[-97.96,42.81],[-97.24,42.86],[-96.38,42.42],[-95.88,41.29],[-95.86,40.75],[-95.36,40.01],[-94.89,39.78],[-95.08,39.6],[-94.78,39.19],[-94.03,39.15],[-92.94,39.26],[-92.91,39.03],[-92.5,38.89],[-92.12,38.59],[-91.62,38.71],[-90.87,38.58],[-90.4,38.83],[-90.32,38.86],[-90.13,38.82]],[[-100.39,44.44],[-99.92,44.24],[-99.88,44.14],[-99.68,44.11],[-99.63,44.21],[-99.51,44.06],[-99.36,43.99]],[[-111.7,46.66],[-111.96,47.1],[-111.35,47.41],[-110.94,47.74],[-110.17,48.04],[-109.99,47.82],[-108.93,47.8],[-108.79,47.68],[-108.19,47.6]],[[-101.4,47.51],[-100.98,47.23],[-100.78,46.71]],[[-106.41,48.02],[-104.53,48.14],[-103.77,48.03]]]},"properties":{"name":"Missouri"}},
{"type":"Feature","geometry":{"type":"LineString","coordinates":[[143.47,-16.48],[143.14,-16.38],[142.27,-15.87],[141.88,-15.31],[141.58,-15.2]]},"properties":{"name":"Mitchell"}},
{"type":"Feature","geometry":{"type":"LineString","coordinates":[[-5.26,11.14],[-4.71,11.41],[-4.28,11.53],[-3.92,12],[-3.45,12.74],[-2.9,12.37],[-2.79,11.61],[-2.91,10.59],[-2.79,10.4],[-2.75,9.11],[-2.56,8.73],[-2.17,8.2],[-1.89,8.24],[-1.71,8.63]]},"properties":{"name":"Mouhoun"}},
{"type":"Feature","geometry":{"type":"MultiLineString","coordinates":[[[148.01,-36.97],[148.16,-36.73],[147.97,-36.05],[147.76,-35.96],[147.27,-36.05]],[[147.04,-36.11],[146.47,-35.99],[146.22,-36.06]],[[146.03,-36.01],[145.43,-35.83],[145.01,-35.88],[144.67,-36.09],[144.29,-35.73],[143.58,-35.33],[143.22,-34.73],[142.43,-34.59],[142.37,-34.33],[141.93,-34.12],[141.59,-34.19],[140.95,-34],[140.53,-34.43],[140.25,-34.18],[139.75,-34.05],[139.61,-34.38],[139.59,-34.88],[139.4,-34.88],[139.3,-35.4]]]},"properties":{"name":"Murray"}},
{"type":"Feature","geometry":{"type":"LineString","coordinates":[[-151.67,64.3],[-152.21,64.33],[-152.59,63.97],[-153.46,63.65],[-154,63.27],[-154.72,63.08]]},"properties":{"name":"N. Fork Kuskokwim"}},
{"type":"Feature","geometry":{"type":"LineString","coordinates":[[-2.08,14.01],[-2.1,13.04],[-1.79,13.06],[-1.22,12.92],[-1.08,12.62],[-1.04,12.15],[-0.5,11.4],[-0.37,11.08],[-0.34,10.64],[-0.76,10.64],[-1.05,10.5],[-0.98,9.78],[-1.34,9.61],[-1.15,9.12]]},"properties":{"name":"Nakanbé"}},
{"type":"Feature","geometry":{"type":"LineString","coordinates":[[103.92,25.88],[103.87,25.22],[103.49,24.94],[103.16,24.94],[103.05,24.61],[103.2,23.82],[103.53,23.88],[103.59,24.11],[103.99,24.44],[104.94,24.76],[105.21,24.99],[105.73,24.73],[106.07,24.69],[106.17,24.93],[106.94,25.22]]},"properties":{"name":"Nanpan"}},
{"type":"Feature","geometry":{"type":"LineString","coordinates":[[81.57,22.75],[80.85,23.03],[80.51,22.93],[80.5,22.68],[80.06,22.77],[79.83,23.11],[78.67,23.04],[78.13,22.81],[77.88,22.86],[77.46,22.64],[76.46,22.31],[75.61,22.15],[73.7,21.87],[73.52,21.98],[73.11,21.75]]},"properties":{"name":"Narmada"}},
{"type":"Feature","geometry":{"type":"MultiLineString","coordinates":[[[72.65,41.67],[72.35,41.5],[72.05,41.12],[71.6,40.91],[70.86,40.76],[70.36,40.44]],[[77.74,41.88],[77.59,41.54],[75.88,41.46],[74.18,41.4],[73.66,41.78],[73.3,41.78]]]},"properties":{"name":"Naryn"}},
{"type":"Feature","geometry":{"type":"LineString","coordinates":[[6.04,51.87],[5.33,51.96]]},"properties":{"name":"Nederrijn"}},
{"type":"Feature","geometry":{"type":"MultiLineString","coordinates":[[[-68.01,-38.97],[-67.18,-39.12],[-66.37,-39.12],[-65.77,-39.26],[-65.37,-39.74],[-64.62,-40.06],[-64.37,-40.07],[-63.17,-40.74],[-62.8,-41.05]],[[-70.34,2.06],[-69.4,2.26],[-68.81,2.21],[-68.28,2.37],[-67.77,2.83],[-67.21,2.39],[-66.88,1.36],[-66.88,0.94],[-67.14,0.89],[-67.32,0.4],[-67.08,-0.12],[-66.37,-0.38],[-65.84,-0.26],[-65.01,-0.46],[-64.15,-0.31],[-63.8,-0.32],[-63.03,-0.7],[-62.73,-0.98],[-61.88,-1.39],[-61.54,-1.53],[-61.43,-1.81],[-60.9,-2.55],[-60.45,-3.03],[-59.9,-3.13]]]},"properties":{"name":"Negro"}},
{"type":"Feature","geometry":{"type":"MultiLineString","coordinates":[[[-97.73,54.08],[-97.79,54.57]],[[-97.9,54.7],[-97.95,54.95]],[[-97.25,55.24],[-96.83,55.4],[-96.55,56.06]],[[-95.84,56.29],[-95.43,56.34]],[[-94.78,56.39],[-94.34,56.42],[-93.26,56.91],[-92.8,56.93]]]},"properties":{"name":"Nelson"}},
{"type":"Feature","geometry":{"type":"LineString","coordinates":[[-70.8,-36.53],[-70.63,-37.35],[-70.13,-37.47],[-69.93,-37.67],[-69.69,-38.34],[-69.22,-38.6],[-68.77,-38.37],[-68.35,-38.61],[-68.01,-38.97]]},"properties":{"name":"Neuquén"}},
{"type":"Feature","geometry":{"type":"LineString","coordinates":[[31.04,59.95],[30.8,59.81],[30.16,59.9]]},"properties":{"name":"Neva"}},
{"type":"Feature","geometry":{"type":"LineString","coordinates":[[-79.06,43.28],[-79.07,43.11]]},"properties":{"name":"Niagara"}},
{"type":"Feature","geometry":{"type":"MultiLineString","coordinates":[[[6.27,4.99],[6.08,4.71],[6.08,4.29]],[[6.27,4.99],[6.27,4.43]],[[6.45,5.36],[6.09,5.12],[5.48,5.15]],[[6.45,5.36],[6.27,4.99]],[[6.56,5.54],[6.47,5.16],[6.71,4.61],[6.72,4.34]],[[-10.73,9.09],[-10.58,9.36],[-10.82,10.25],[-10.43,10.5],[-10.17,10.47],[-9.66,10.68],[-9.09,11.42],[-8.85,11.5],[-8.43,11.9],[-8.05,12.54],[-7.67,12.75],[-6.95,13.32],[-6.24,13.48],[-5,14.15],[-4.41,14.31],[-3.95,14.96],[-3.98,15.28],[-3.82,15.43],[-3.68,15.87],[-3.5,16.05]],[[4.63,9.86],[4.61,9.37],[4.76,9.18],[5.06,9.15],[5.8,8.74],[6.29,8.71],[6.63,8.27],[6.78,7.79],[6.66,6.97],[6.74,6.2],[6.45,5.36]],[[-4.3,15.51],[-4.19,15.87],[-3.47,16.16]],[[-3.5,16.05],[-3.47,16.16]],[[-3.47,16.16],[-3.22,16.41]],[[-3.22,16.41],[-3.5,16.05]],[[-3.22,16.41],[-3.08,16.61],[-2.1,16.83],[-1.45,17.04],[-1.12,17.05],[-0.35,16.87],[0,16.17],[0.74,15.41],[0.66,15.05],[0.96,14.63],[1.36,14.28],[1.67,13.75],[2.31,13.3],[2.54,12.53],[2.72,12.52],[3.36,11.88],[4.02,11.48],[4.69,10.96],[4.71,10.84],[4.66,10.61]]]},"properties":{"name":"Niger"}},
{"type":"Feature","geometry":{"type":"MultiLineString","coordinates":[[[32.49,15.63],[32.63,16.26],[32.93,16.51],[33.63,16.82],[33.95,17.7],[33.9,18.28],[33.59,18.74],[33.54,19.17],[33.38,19.42],[33.02,19.51],[32.47,19.08],[31.64,18.22],[31.3,18.02],[30.81,18.15],[30.56,18.66],[30.46,19.47],[30.35,19.79],[30.58,19.97],[30.57,20.29],[30.32,20.62],[30.7,21.18],[31.09,21.61]],[[32.88,23.99],[32.92,24.77],[32.85,25.08],[32.54,25.35],[32.7,25.75],[32.68,26.16],[32.36,26.07],[32.02,26.2],[31.34,27.06],[30.87,27.5],[30.86,27.99],[30.74,28.17],[30.9,28.79],[31.22,29.28],[31.24,30.12]]]},"properties":{"name":"Nile"}},
{"type":"Feature","geometry":{"type":"LineString","coordinates":[[97.98,28.42],[98.3,28.13],[98.34,27.84],[98.09,27.49],[98.36,26.97],[98.35,26.7],[98.1,25.87],[97.86,25.64],[97.52,25.7]]},"properties":{"name":"Nmai"}},
{"type":"Feature","geometry":{"type":"MultiLineString","coordinates":[[[-117.13,52.01],[-116.44,52.08],[-116.05,52.44],[-114.97,52.36],[-115.22,52.9],[-114.84,53.28],[-113.69,53.39],[-112.83,54.02],[-112.31,54.04],[-111.29,53.75],[-110.86,53.85],[-109.61,53.55],[-109.14,53.31],[-108.33,52.73]],[[-108.33,52.73],[-107.36,52.34],[-107.06,52.37],[-106.15,53.17],[-105.07,53.24]]]},"properties":{"name":"North Saskatchewan"}},
{"type":"Feature","geometry":{"type":"LineString","coordinates":[[96.6,30.45],[97.29,30.03],[97.48,29.64],[97.95,29.23],[98.34,28.72],[98.47,28.22],[98.68,27.91],[98.87,27.34],[98.86,26.18],[98.93,24.83],[99.09,24.32],[98.42,23.93],[98.64,23.56],[98.59,21.48],[98.77,21.08],[98.51,20.95]]},"properties":{"name":"Nu"}},
{"type":"Feature","geometry":{"type":"LineString","coordinates":[[91.52,31.94],[91.79,31.48],[92.13,31.3],[92.43,31.49],[92.87,31.56],[94.53,31.47],[94.75,31.08],[95.18,31.19],[95.56,30.98],[96.28,30.87],[96.6,30.45]]},"properties":{"name":"Nu"}},
{"type":"Feature","geometry":{"type":"MultiLineString","coordinates":[[[85.06,52.43],[84,52.33],[83.73,52.41],[83.69,53.08],[83.84,53.35],[83.13,53.51],[82.58,53.45],[82.33,53.63],[81.33,53.89]],[[70.35,61.3],[71.2,61.2],[72.35,61.29],[74,61.18],[74.51,61.21],[75.89,61.05],[76.96,60.75],[77.6,60.66],[78.84,60.14],[79.28,59.56],[80.8,59.11],[81.26,59.12],[81.91,58.61],[83.16,58.13],[83.41,57.78],[83.78,57.7],[84,57.31],[84.44,56.91],[84.06,56.46],[83.82,55.83],[83.32,55.48],[82.89,55.4],[83.03,54.85]]]},"properties":{"name":"Ob"}},
{"type":"Feature","geometry":{"type":"LineString","coordinates":[[68.86,61.12],[69.58,61.28],[70.35,61.3]]},"properties":{"name":"Ob"}},
{"type":"Feature","geometry":{"type":"MultiLineString","coordinates":[[[68.86,61.12],[68.35,61.18],[68.32,61.45],[67.59,61.71],[67.29,62.09],[65.99,62.48],[65.26,62.88],[65.15,63.13],[65.77,63.58],[65.92,64.37],[65.28,65.18],[65.88,65.93],[65.82,66.14],[66.45,66.57],[67.31,66.64]],[[67.31,66.64],[68.2,66.54],[68.66,66.75]],[[67.31,66.64],[68.1,66.81],[68.66,66.75]],[[68.66,66.75],[69.01,66.79]]]},"properties":{"name":"Ob"}},
{"type":"Feature","geometry":{"type":"LineString","coordinates":[[17.62,49.74],[17.95,49.64],[18.31,49.89],[18.25,50.22],[17.76,50.78],[16.87,51.23],[16.47,51.24],[16.31,51.65],[15.85,51.74],[15.68,52.01],[14.76,52.08],[14.62,52.53],[14.13,52.88],[14.37,53.11],[14.58,53.64]]},"properties":{"name":"Oder"}},
{"type":"Feature","geometry":{"type":"MultiLineString","coordinates":[[[-85.19,38.69],[-86.1,37.99],[-86.55,37.92],[-87.91,37.9],[-88.04,37.79],[-88.11,37.53],[-88.49,37.36],[-88.47,37.09],[-89.05,37.18],[-89.15,36.99]],[[-79.99,40.45],[-80.34,40.69],[-80.6,40.36],[-80.96,39.57],[-81.66,39.27],[-82.07,38.96],[-82.18,38.64],[-82.62,38.45],[-82.88,38.71],[-83.69,38.65],[-84.23,38.87],[-84.43,39.09],[-84.84,39.08],[-84.8,38.82],[-85.19,38.69]]]},"properties":{"name":"Ohio"}},
{"type":"Feature","geometry":{"type":"MultiLineString","coordinates":[[[24.74,-21.26],[24.37,-20.94],[24.49,-20.44],[24.21,-20.25],[23.88,-20.28],[23.4,-20.12],[23.58,-19.68]],[[23.35,-19.56],[23.58,-19.68]],[[23.53,-19.52],[23.58,-19.68]],[[23.24,-19.34],[23.35,-19.56]],[[23.24,-19.34],[23.53,-19.52]],[[22.53,-18.94],[22.89,-19.47],[23.35,-19.56]],[[22.53,-18.94],[22.89,-19.08],[23.24,-19.34]],[[21.5,-18.06],[22,-18.42],[22.53,-18.94]]]},"properties":{"name":"Okavango"}},
{"type":"Feature","geometry":{"type":"LineString","coordinates":[[126.69,72.29],[126.47,72.35],[125.79,72.34],[124.61,72.66],[122.75,72.91]]},"properties":{"name":"Olenekskaya Protoka"}},
{"type":"Feature","geometry":{"type":"LineString","coordinates":[[104.96,67.57],[106.11,67.59],[106.29,67.37],[108.85,67.12],[110.04,67.2],[110.95,67.57],[110.91,67.79],[112.34,67.84],[112.19,68.49],[113.21,68.43],[114.05,68.52],[115.95,68.24],[116.18,67.76],[116.99,67.9],[117.74,68.47],[118.81,68.85],[118.36,69.12],[118.19,69.63],[119.03,69.75],[119.3,70.08],[118.91,70.31],[119.85,70.53],[122.12,70.53],[122.61,71.3],[123.74,71.74],[123.7,72.02],[121.72,72.71],[119.75,72.98]]},"properties":{"name":"Olenëk"}},
{"type":"Feature","geometry":{"type":"LineString","coordinates":[[37.03,9.15],[37.17,8.66],[37.57,8.23],[37.59,7.88],[37.38,7.29],[37.52,7.18],[37.17,6.66],[36.75,6.71],[36.21,6.41],[35.95,6.17],[35.91,5.39],[36.07,5.36],[36.04,4.54]]},"properties":{"name":"Omo"}},
{"type":"Feature","geometry":{"type":"MultiLineString","coordinates":[[[25.51,-30.61],[24.98,-30.26]],[[24.73,-29.98],[23.92,-29.44],[23.63,-29.07],[22.85,-29.56],[22.27,-29.27],[22.06,-28.85],[21.66,-28.44],[21.49,-28.4],[20.83,-28.75],[20.6,-28.75],[20.06,-28.45],[19.67,-28.5],[19.03,-28.93],[18.31,-28.89],[17.45,-28.7],[17.39,-28.35],[17.06,-28.03],[16.76,-28.45],[16.45,-28.62]],[[29.06,-29.08],[28.72,-29.55],[28.69,-29.98],[28.03,-30.05],[27.59,-30.39],[26.8,-30.68],[26.1,-30.5],[25.97,-30.55]]]},"properties":{"name":"Orange"}},
{"type":"Feature","geometry":{"type":"MultiLineString","coordinates":[[[127.58,-17.62],[127.93,-17.46],[128.4,-17.71],[128.87,-17.34],[128.73,-16.79]],[[128.74,-16.13],[128.75,-15.8],[128.61,-15.56],[128.25,-15.3]]]},"properties":{"name":"Ord"}},
{"type":"Feature","geometry":{"type":"MultiLineString","coordinates":[[[-63.44,2.37],[-63.85,2.16],[-64.47,2.27],[-65.02,2.46],[-65.49,3.12],[-65.94,3.16],[-66.29,3.05],[-67.12,3.95],[-67.73,4.09],[-67.86,4.51],[-67.82,5.27],[-67.47,5.93],[-67.42,6.2],[-67.12,6.56],[-67.07,7.03],[-66.46,7.54],[-65.52,7.9],[-64.89,7.67],[-64.59,7.76],[-64.53,7.98],[-63.85,8.09],[-63.25,8.27],[-62.95,8.28],[-62.15,8.64]],[[-62.15,8.64],[-61.62,8.6],[-61.1,8.94]],[[-62.06,9.04],[-62.15,8.64]],[[-61.74,9.63],[-61.85,9.29],[-62.06,9.04]],[[-62.3,9.79],[-62.41,9.56],[-62.06,9.04]]]},"properties":{"name":"Orinoco"}},
{"type":"Feature","geometry":{"type":"MultiLineString","coordinates":[[[-76.9,45.89],[-76.41,45.5],[-75.9,45.42],[-74.86,45.64],[-74.32,45.53]],[[-77.37,46.06],[-76.9,45.89]],[[-77.68,46.19],[-77.37,46.06]],[[-79.17,46.83],[-78.78,46.39],[-77.68,46.19]]]},"properties":{"name":"Ottawa"}},
{"type":"Feature","geometry":{"type":"LineString","coordinates":[[15.32,6.46],[15.5,6.32],[15.91,6.49],[16.28,6.3],[16.66,6.67],[16.93,6.47],[17.28,6.45],[17.82,6.65],[18.28,7.36],[17.78,7.56],[17.71,8.22],[17.99,9.01],[18.1,9.06],[18.21,9.2],[18.23,9.32]]},"properties":{"name":"Ouham"}},
{"type":"Feature","geometry":{"type":"LineString","coordinates":[[73.6,37.45],[72.9,37.27],[72.66,37.03]]},"properties":{"name":"Pamir"}},
{"type":"Feature","geometry":{"type":"MultiLineString","coordinates":[[[-79.69,9.1],[-79.55,8.92]],[[-79.92,9.27],[-79.92,9.36]]]},"properties":{"name":"Panama Canal"}},
{"type":"Feature","geometry":{"type":"LineString","coordinates":[[72.66,37.03],[72.36,36.98],[71.8,36.69],[71.6,36.73],[71.43,37.13],[71.55,37.93],[71.28,37.92],[71.26,38.31],[70.88,38.46],[70.62,38.33],[70.21,37.92],[70.25,37.66],[69.49,37.55],[69.26,37.11],[68.96,37.33],[68.21,37.02]]},"properties":{"name":"Panj"}},
{"type":"Feature","geometry":{"type":"MultiLineString","coordinates":[[[-45.05,-23.05],[-45.61,-23.35],[-45.94,-23.2],[-44.86,-22.55],[-44.36,-22.43],[-43.99,-22.5],[-43.14,-22.1]],[[-43.14,-22.1],[-42.28,-21.71],[-41.85,-21.58],[-41.21,-21.71],[-41.02,-21.61]]]},"properties":{"name":"Paraiba"}},
{"type":"Feature","geometry":{"type":"MultiLineString","coordinates":[[[-46.31,-19.17],[-46.56,-18.85],[-46.53,-18.56],[-46.7,-18.35],[-47.45,-18.17]],[[-48.02,-18.43],[-48.23,-18.34]],[[-49.11,-18.39],[-49.34,-18.58],[-49.79,-18.61]]]},"properties":{"name":"Paranaíba"}},
{"type":"Feature","geometry":{"type":"MultiLineString","coordinates":[[[-59.18,-33.81],[-58.59,-34.04],[-58.43,-33.99]],[[-60.39,-33.17],[-59.85,-33.53],[-59.18,-33.81]],[[-60.39,-33.17],[-59.66,-33.32],[-59.18,-33.81]],[[-58.6,-27.31],[-58.88,-27.51],[-58.86,-27.97],[-59.04,-28.14],[-59.21,-29.03],[-59.53,-29.25],[-59.65,-29.9],[-59.64,-30.67],[-60.3,-31.55],[-60.67,-31.77],[-60.71,-31.96],[-60.7,-32.78],[-60.39,-33.17]],[[-54.61,-25.43],[-54.68,-26.31],[-54.83,-26.65],[-55.14,-26.93],[-55.43,-27.01],[-55.79,-27.42],[-56.16,-27.32],[-56.44,-27.55],[-58.17,-27.27],[-58.6,-27.31]],[[-53.79,-23.33],[-54.27,-24.07],[-54.07,-24],[-53.79,-23.33]],[[-52.96,-22.45],[-53.48,-22.85],[-53.79,-23.33]],[[-51.4,-20.44],[-51.53,-20.56],[-51.62,-20.81],[-51.87,-21.18],[-51.94,-21.42]],[[-50.49,-19.02],[-50.71,-19.16],[-51,-19.67]],[[-55.08,-14.32],[-55.43,-14.36],[-56.32,-14.78],[-56.5,-15.04],[-55.89,-16.07],[-55.97,-16.36],[-56.38,-16.56],[-56.62,-16.87],[-56.59,-17.07],[-57.08,-17.73],[-57.37,-17.88],[-57.39,-18.32],[-57.67,-18.98],[-57.37,-19.07],[-57.41,-19.59],[-58.15,-20.18],[-57.82,-21.01],[-57.98,-22.09],[-57.79,-22.59],[-57.9,-22.75],[-57.56,-23.21],[-57.32,-23.69],[-57.3,-23.97],[-57.08,-24.4],[-57.21,-24.96],[-57.64,-25.33],[-57.57,-25.53],[-58.2,-26.38],[-58.19,-26.63],[-58.64,-27.2],[-58.6,-27.31]]]},"properties":{"name":"Paraná"}},
{"type":"Feature","geometry":{"type":"MultiLineString","coordinates":[[[-122.22,56.02],[-121.36,56.24],[-120.24,56.12],[-119.14,56.32],[-118.87,56.02],[-118.07,55.95],[-117.46,56.15],[-117.17,56.43],[-117.32,56.84],[-117.05,57.6],[-117.12,58.02],[-116.59,58.11],[-116,58.45],[-114.97,58.37],[-113.82,58.71]],[[-113.71,58.67],[-113.27,58.78],[-112.69,59.15],[-111.41,59.01]]]},"properties":{"name":"Peace"}},
{"type":"Feature","geometry":{"type":"MultiLineString","coordinates":[[[59.29,62.06],[58.44,62.07],[57.41,61.72],[57.01,61.73],[56.64,62.1],[56.63,62.6],[56.26,62.71],[55.94,63.16],[56.42,63.31],[56.71,63.76],[57.47,63.91],[57.84,64.81],[57.07,65.15],[56.78,65.68],[56.84,65.97],[56.28,66.33],[55.26,66.14],[55.09,65.91],[54.31,65.52],[53.19,65.33],[52.15,65.47],[52.57,66.02],[52.38,67.11],[52.13,67.56],[52.63,67.7]],[[52.63,67.7],[53.11,67.86]],[[52.63,67.7],[53.02,67.68],[54.07,68.08],[54.23,68.27]],[[53.11,67.86],[53.26,68.27]],[[53.91,68.23],[53.11,67.86]]]},"properties":{"name":"Pechora"}},
{"type":"Feature","geometry":{"type":"LineString","coordinates":[[-117.68,49.02],[-117.39,48.75],[-117.24,48.33],[-116.57,48.25]]},"properties":{"name":"Pend Oreille"}},
{"type":"Feature","geometry":{"type":"LineString","coordinates":[[-66.44,-19.37],[-66.3,-19.17],[-65.98,-19.37],[-65.58,-19.12],[-64.97,-19.37],[-64.68,-19.89],[-64.57,-20.34],[-64.27,-20.59],[-63.92,-21.12],[-63.12,-21.47],[-62.63,-22.29],[-62.21,-22.61],[-61.93,-23.06],[-60.84,-23.86],[-59.89,-24.09],[-59.37,-24.45],[-58.37,-24.96],[-57.82,-25.14],[-57.64,-25.33]]},"properties":{"name":"Pilcomayo"}},
{"type":"Feature","geometry":{"type":"LineString","coordinates":[[-120.43,41.71],[-120.51,41.5],[-121.12,41.29],[-121.13,41.02],[-121.83,40.99],[-122.09,40.78]]},"properties":{"name":"Pit"}},
{"type":"Feature","geometry":{"type":"LineString","coordinates":[[7.11,44.71],[7.62,44.85],[7.82,45.19],[8.36,45.2],[8.64,45.05],[9.22,45.14],[10.05,45.06],[10.49,44.93],[11.19,45.06],[11.57,44.91],[12.08,45.02],[12.52,44.97]]},"properties":{"name":"Po"}},
{"type":"Feature","geometry":{"type":"LineString","coordinates":[[-139.81,65.65],[-139.61,65.99],[-139.07,66.06],[-138.74,66.38],[-137.5,67],[-137.79,67.44],[-138.67,67.65],[-139.83,67.57],[-142.18,67.22],[-142.86,67],[-145.45,66.59]]},"properties":{"name":"Porcupine"}},
{"type":"Feature","geometry":{"type":"LineString","coordinates":[[-78.33,39.64],[-77.88,39.61],[-77.48,39.11],[-77.03,38.89]]},"properties":{"name":"Potomac"}},
{"type":"Feature","geometry":{"type":"LineString","coordinates":[[143.49,-5.94],[143.77,-6.54],[144.01,-6.62],[144.36,-6.49],[144.83,-6.91],[145.19,-7.03],[145.3,-7.29],[145.1,-7.47],[145.19,-7.84]]},"properties":{"name":"Purari"}},
{"type":"Feature","geometry":{"type":"LineString","coordinates":[[-72.43,-10.84],[-72.22,-10.9],[-71.38,-10.54],[-71.14,-10.36],[-70.93,-9.91],[-70.29,-9.17],[-69.62,-9.06],[-69.01,-8.74],[-68.71,-8.8],[-68.59,-9.01],[-68.18,-9.07],[-67.38,-8.68],[-67.41,-8.42],[-67.2,-7.94],[-66.92,-7.67],[-66.37,-7.51],[-66.02,-7.7],[-65.67,-7.69],[-65.15,-7.33],[-64.79,-7.25],[-64.58,-7.05],[-64.6,-6.77],[-64.35,-6.57],[-64.26,-6.25],[-64.45,-5.87],[-64.29,-5.6],[-63.93,-5.59],[-63.62,-5.79],[-63.38,-5.76],[-62.83,-5.39],[-62.75,-4.97],[-62.21,-4.72],[-62.02,-4.44],[-61.68,-4.25],[-61.44,-3.97],[-61.47,-3.68]]},"properties":{"name":"Purús"}},
{"type":"Feature","geometry":{"type":"LineString","coordinates":[[-98.59,21.98],[-97.78,22.28]]},"properties":{"name":"Pánuco"}},
{"type":"Feature","geometry":{"type":"LineString","coordinates":[[109.53,23.8],[109.8,23.45],[110.09,23.4]]},"properties":{"name":"Quan"}},
{"type":"Feature","geometry":{"type":"MultiLineString","coordinates":[[[-76.82,47.52],[-76.93,47.49]],[[-77.32,47.57],[-77.46,47.56]],[[-78.81,47.66],[-79.5,47.58]],[[-77.54,47.67],[-77.53,47.74]],[[-77.57,47.83],[-78.13,47.69],[-78.72,47.68]]]},"properties":{"name":"R. des Outaouais"}},
{"type":"Feature","geometry":{"type":"MultiLineString","coordinates":[[[-93.38,48.62],[-93.46,48.56],[-93.71,48.53],[-94.62,48.74],[-94.71,48.86]],[[-91.63,48.87],[-92.78,48.68]],[[-90.5,49.33],[-90.64,49.09],[-91.32,48.83]]]},"properties":{"name":"Rainy"}},
{"type":"Feature","geometry":{"type":"MultiLineString","coordinates":[[[8.75,46.68],[9.42,46.83]],[[9.41,46.83],[9.55,47.51]],[[9.13,47.67],[9.18,47.67]]]},"properties":{"name":"Rhein"}},
{"type":"Feature","geometry":{"type":"LineString","coordinates":[[8.88,47.66],[8.48,47.58],[7.57,47.61],[7.58,48.06],[7.84,48.64],[8.23,48.97]]},"properties":{"name":"Rhin"}},
{"type":"Feature","geometry":{"type":"LineString","coordinates":[[8.23,48.97],[8.5,49.4],[8.24,50.02],[7.61,50.22],[7.03,50.8],[6.6,51.64],[6.04,51.87],[4.99,51.82]]},"properties":{"name":"Rhine"}},
{"type":"Feature","geometry":{"type":"MultiLineString","coordinates":[[[4.62,43.71],[4.41,43.45]],[[6.13,46.2],[5.9,46.12],[5.68,45.68],[5.35,45.85],[4.95,45.81],[4.78,45.44],[4.86,44.91],[4.64,43.83],[4.79,43.4]],[[8.25,46.48],[7.09,46.15],[6.87,46.4]]]},"properties":{"name":"Rhône"}},
{"type":"Feature","geometry":{"type":"MultiLineString","coordinates":[[[-99.17,26.56],[-99.11,26.45],[-98.08,26.06],[-97.36,25.87],[-97.15,25.96]],[[-101.04,29.46],[-100.66,29.07],[-100.3,28.33],[-99.75,27.73],[-99.51,27.55],[-99.46,27.06]],[[-106.57,31.82],[-105.28,30.81],[-104.98,30.65],[-104.5,29.68],[-104.11,29.39],[-103.26,29],[-102.89,29.22],[-102.73,29.64],[-102.27,29.87],[-101.44,29.78],[-101.3,29.63]],[[-107.29,32.91],[-106.98,32.58],[-106.57,31.82]],[[-107.18,33.17],[-107.28,33.12]],[[-107.43,37.78],[-106.92,37.81],[-106.2,37.65],[-105.76,37.41],[-105.69,36.65],[-105.76,36.34],[-106.01,36.13],[-106.69,35.09],[-106.93,33.75],[-107.17,33.36]]]},"properties":{"name":"Rio Grande"}},
{"type":"Feature","geometry":{"type":"LineString","coordinates":[[31.24,30.12],[31.16,30.15],[30.85,30.35],[30.72,31.06],[30.4,31.46]]},"properties":{"name":"Rosetta Branch"}},
{"type":"Feature","geometry":{"type":"LineString","coordinates":[[18.95,-0.22],[18.18,0.06]]},"properties":{"name":"Ruki"}},
{"type":"Feature","geometry":{"type":"MultiLineString","coordinates":[[[-74.82,51.41],[-74.49,51.49],[-73.89,51.35],[-73.64,51.08]],[[-75.2,51.45],[-75.48,51.55],[-76.55,51.36]],[[-78.73,51.5],[-77.71,51.35],[-76.82,51.42]]]},"properties":{"name":"Rupert"}},
{"type":"Feature","geometry":{"type":"LineString","coordinates":[[35.6,-10.81],[35.2,-10.88],[35.45,-11.59],[35.79,-11.45],[36.19,-11.67],[36.52,-11.72],[36.98,-11.57],[37.54,-11.68],[37.92,-11.29],[38.49,-11.41],[38.79,-11.23],[39.32,-11.12],[39.99,-10.82],[40.46,-10.46]]},"properties":{"name":"Ruvuma"}},
{"type":"Feature","geometry":{"type":"MultiLineString","coordinates":[[[-102.78,20.31],[-103.07,20.44],[-103.59,20.97]],[[-103.71,20.94],[-104.08,21.21]],[[-104.08,21.21],[-104.25,21.22],[-104.66,21.76],[-105.03,21.78]],[[-105.1,21.82],[-105.46,21.67]]]},"properties":{"name":"Río Grande de Santiago"}},
{"type":"Feature","geometry":{"type":"LineString","coordinates":[[-79.57,38.41],[-79.25,38.9],[-78.71,39.45],[-78.33,39.64]]},"properties":{"name":"S. Branch Potomac"}},
{"type":"Feature","geometry":{"type":"MultiLineString","coordinates":[[[-121.58,38.66],[-121.57,38.2],[-121.75,38.08]],[[-122.41,40.72],[-121.96,39.75],[-122.01,39.32],[-121.58,38.66]]]},"properties":{"name":"Sacramento"}},
{"type":"Feature","geometry":{"type":"LineString","coordinates":[[-70.26,46.18],[-70.01,46.49],[-69.26,47.08],[-68.31,47.35],[-67.71,46.98],[-67.73,46.7],[-67.5,46.03],[-66.24,45.83],[-66.07,45.63],[-66.18,45.34]]},"properties":{"name":"Saint John"}},
{"type":"Feature","geometry":{"type":"LineString","coordinates":[[-65.87,-24.21],[-65.76,-24.79],[-65.38,-25.24],[-64.97,-25.15],[-64.72,-25.35],[-64.2,-25.1],[-63.74,-26.09],[-63.69,-27.07],[-63.44,-27.96],[-62.88,-28.52],[-62.63,-28.99],[-62.33,-29.28],[-61.79,-29.3],[-61.06,-29.6],[-60.74,-29.8],[-60.62,-30.73],[-60.82,-30.83],[-60.89,-31.28],[-60.71,-31.96]]},"properties":{"name":"Salado"}},
{"type":"Feature","geometry":{"type":"LineString","coordinates":[[98.51,20.95],[98.68,20.27],[98.55,20.15],[97.77,19.85],[97.53,19.33],[97.34,18.63],[97.72,18.04],[97.75,17.44],[97.61,16.95],[97.67,16.55]]},"properties":{"name":"Salween"}},
{"type":"Feature","geometry":{"type":"MultiLineString","coordinates":[[[-119.7,37],[-120.2,36.81],[-120.86,37.28],[-121.2,37.65]],[[-118.74,37.1],[-119.19,37.46],[-119.6,37.06]],[[-121.2,37.65],[-121.53,38.06]]]},"properties":{"name":"San Joaquin"}},
{"type":"Feature","geometry":{"type":"MultiLineString","coordinates":[[[-69.42,-31.28],[-69.18,-31.27],[-68.83,-31.53],[-68.45,-31.47],[-68.27,-32.07],[-68.09,-32.07],[-67.36,-32.39]],[[-84.77,11.12],[-84.35,10.98],[-84.17,10.78],[-83.81,10.74],[-83.64,10.91]],[[-86.1,12.21],[-85.87,12.1]]]},"properties":{"name":"San Juan"}},
{"type":"Feature","geometry":{"type":"LineString","coordinates":[[13.13,4.93],[12.63,4.94],[12.13,4.58],[11.74,4.42],[11.3,4.41],[10.86,4.11],[10.39,4.05],[9.94,3.64],[9.77,3.62]]},"properties":{"name":"Sanaga"}},
{"type":"Feature","geometry":{"type":"LineString","coordinates":[[16.1,1.65],[16.15,1.49],[16.55,1.18],[16.73,0.52],[17.18,0.21],[17.16,-0.44],[17.23,-0.74],[16.85,-1.27]]},"properties":{"name":"Sangha"}},
{"type":"Feature","geometry":{"type":"LineString","coordinates":[[-71.98,-50.22],[-70.24,-50.24],[-68.98,-50]]},"properties":{"name":"Santa Cruz"}},
{"type":"Feature","geometry":{"type":"MultiLineString","coordinates":[[[-99.33,53.16],[-99.23,53.18]],[[-105.07,53.24],[-104.24,53.28],[-103.89,53.48]],[[-103.42,53.65],[-102.9,54.06],[-102.43,53.98]],[[-102.38,53.97],[-102.04,53.88],[-101.46,53.99],[-100.95,53.69],[-100.32,53.59]]]},"properties":{"name":"Saskatchewan"}},
{"type":"Feature","geometry":{"type":"MultiLineString","coordinates":[[[-7.01,6.26],[-6.7,5.97],[-6.48,5.54],[-6.06,4.95]],[[-7.24,8.95],[-7.1,8.17],[-7.04,7.04]],[[-7.17,9.71],[-7.24,8.95]]]},"properties":{"name":"Sassandra"}},
{"type":"Feature","geometry":{"type":"MultiLineString","coordinates":[[[-82.21,33.66],[-81.49,32.94],[-81.07,32.11],[-80.87,32.03]],[[-82.82,34.37],[-82.59,34.02]]]},"properties":{"name":"Savannah"}},
{"type":"Feature","geometry":{"type":"LineString","coordinates":[[4.71,47.58],[4.57,47.89],[3.76,48.55],[3.04,48.39],[2.43,48.65],[2.11,48.96],[1.72,48.99],[1.19,49.31],[0.44,49.47]]},"properties":{"name":"Seine"}},
{"type":"Feature","geometry":{"type":"MultiLineString","coordinates":[[[100.7,49.26],[101.37,49.46],[102.15,49.36],[103.44,49.36],[104.34,49.51],[105.6,49.96],[106.16,50.25],[106.3,50.93],[106.68,51.09],[107.39,51.61],[107.46,52.13],[106.62,52.15]],[[106.62,52.15],[106.75,52.32]],[[106.62,52.15],[106.5,52.38]]]},"properties":{"name":"Selenge (Selenga)"}},
{"type":"Feature","geometry":{"type":"MultiLineString","coordinates":[[[29.84,-1.2],[29.37,-1.1],[29.45,-0.61]],[[29.6,-0.13],[29.54,0.31],[29.7,0.67],[30.48,1.24]]]},"properties":{"name":"Semliki"}},
{"type":"Feature","geometry":{"type":"LineString","coordinates":[[37.82,13.88],[37.63,13.97],[37.26,14.45],[37.02,14.27],[35.98,14.26],[35.9,14.62]]},"properties":{"name":"Setit"}},
{"type":"Feature","geometry":{"type":"LineString","coordinates":[[47.47,30.97],[47.79,30.56],[48.33,30.29],[48.55,29.96]]},"properties":{"name":"Shatt al Arab"}},
{"type":"Feature","geometry":{"type":"LineString","coordinates":[[81.64,31.45],[81.19,31.67],[81.37,32],[81.19,32.32],[80.53,32.55],[79.73,32.44]]},"properties":{"name":"Shiquan"}},
{"type":"Feature","geometry":{"type":"MultiLineString","coordinates":[[[35.28,-14.76],[35.25,-15.06],[34.74,-15.68],[34.98,-16.39],[35.28,-16.81],[35.29,-17.71]],[[35.26,-14.5],[35.24,-14.4]]]},"properties":{"name":"Shire"}},
{"type":"Feature","geometry":{"type":"MultiLineString","coordinates":[[[98.81,50.63],[99.06,50.55],[99.48,51.05],[99.42,51.35]],[[99.31,51.41],[98,51.51]]]},"properties":{"name":"Shishhid Gol"}},
{"type":"Feature","geometry":{"type":"LineString","coordinates":[[-128.57,57.08],[-127.62,56.57],[-127.38,56.32],[-127.97,56.17],[-127.63,55.4],[-128.22,55.07],[-128.47,54.57],[-129.63,54.23]]},"properties":{"name":"Skeena"}},
{"type":"Feature","geometry":{"type":"LineString","coordinates":[[-111.41,59.01],[-111.45,59.68],[-112.07,60.03],[-112.55,60.54],[-113.25,60.91],[-113.21,61.24],[-113.7,61.25]]},"properties":{"name":"Slave"}},
{"type":"Feature","geometry":{"type":"MultiLineString","coordinates":[[[-113.47,42.67],[-114.01,42.52],[-114.81,42.71],[-115.18,42.99],[-115.97,42.98],[-116.61,43.36],[-117.06,43.73],[-116.91,44.2],[-117.2,44.34],[-116.48,45.64],[-116.93,46.06],[-117.07,46.45],[-117.5,46.71],[-118.39,46.59],[-119.04,46.21]],[[-112.86,42.81],[-113.32,42.65]],[[-111.19,43.34],[-111.42,43.56],[-111.89,43.73],[-112.07,43.45],[-112.64,43.02]],[[-110.63,43.84],[-111.05,43.21]]]},"properties":{"name":"Snake"}},
{"type":"Feature","geometry":{"type":"MultiLineString","coordinates":[[[124.67,45.45],[125.16,45.39],[125.74,45.49],[125.98,45.65],[126.53,45.74],[126.92,46],[129.14,45.95],[129.95,46.72],[130.33,46.83]],[[132.56,47.77],[132.01,47.28],[130.81,47.15],[130.33,46.84]]]},"properties":{"name":"Songhua"}},
{"type":"Feature","geometry":{"type":"LineString","coordinates":[[19.06,47.48],[18.94,47.03]]},"properties":{"name":"Soroksari Duna"}},
{"type":"Feature","geometry":{"type":"MultiLineString","coordinates":[[[-106.85,51.26],[-107.06,51.53],[-106.15,52.62],[-106.05,52.87],[-105.07,53.24]],[[-116.42,51.67],[-115.86,51.27],[-115.1,51.1],[-114.48,51.2],[-113.94,50.85],[-113.31,50.85],[-112.52,50.73],[-112.03,50.21],[-111.42,49.93],[-110.66,50.06],[-109.9,50.94],[-108.93,51],[-108.01,50.66]]]},"properties":{"name":"South Saskatchewan"}},
{"type":"Feature","geometry":{"type":"LineString","coordinates":[[-120.88,42.4],[-121.78,42.58],[-121.92,42.48]]},"properties":{"name":"Sprague"}},
{"type":"Feature","geometry":{"type":"LineString","coordinates":[[-82.42,43.02],[-82.65,42.56]]},"properties":{"name":"St. Clair"}},
{"type":"Feature","geometry":{"type":"LineString","coordinates":[[-74.71,45],[-75.18,44.9],[-75.79,44.5]]},"properties":{"name":"St. Lawrence"}},
{"type":"Feature","geometry":{"type":"LineString","coordinates":[[-128.13,57.29],[-127.6,57.43],[-127.62,57.68],[-128.43,57.96],[-129.45,57.93],[-130.48,58.15],[-131.42,57.82],[-131.73,57.55],[-131.83,56.71],[-132.36,56.63]]},"properties":{"name":"Stikine"}},
{"type":"Feature","geometry":{"type":"MultiLineString","coordinates":[[[32.56,30.18],[32.57,29.97]],[[32.36,30.42],[32.3,30.59],[32.32,31.26]]]},"properties":{"name":"Suez Canal"}},
{"type":"Feature","geometry":{"type":"MultiLineString","coordinates":[[[39.8,59.53],[40.53,59.32],[41.56,59.43],[42.57,59.75],[42.85,59.98],[43.73,60.19],[44.96,60.57],[46.34,60.75]],[[39.05,59.87],[38.66,59.93]]]},"properties":{"name":"Sukhona"}},
{"type":"Feature","geometry":{"type":"LineString","coordinates":[[-146.68,62.5],[-147.1,62.7],[-147.89,62.81],[-149.69,62.8],[-150.16,62.43],[-150.17,61.84],[-150.57,61.31]]},"properties":{"name":"Susitna"}},
{"type":"Feature","geometry":{"type":"MultiLineString","coordinates":[[[81.38,30.76],[81.29,30.79]],[[81.2,30.85],[80.73,31.12],[80.42,31.06],[79.92,31.43],[78.92,31.7],[78.75,31.84],[78.27,31.54],[77.76,31.51],[77.27,31.27],[76.76,31.41]],[[76.44,31.42],[76.53,31],[75.3,31.03],[74.98,31.18],[74.34,30.89],[73.81,30.36],[73.38,30.23],[72.12,29.56],[71.56,29.38],[71.01,29.33]]]},"properties":{"name":"Sutlej"}},
{"type":"Feature","geometry":{"type":"LineString","coordinates":[[46.34,60.75],[46.59,61.29],[45.29,61.84],[44.83,62.29],[44.18,62.38],[42.08,63.14],[41.89,63.55],[41.45,63.73],[41.86,64.24],[40.53,64.56],[40.41,64.75]]},"properties":{"name":"Severnaya Dvina"}},
{"type":"Feature","geometry":{"type":"LineString","coordinates":[[32.82,60.48],[33,60.51],[33.29,60.68],[33.71,60.81],[33.92,60.96],[34.09,60.93],[34.85,61.03]]},"properties":{"name":"Svir’"}},
{"type":"Feature","geometry":{"type":"MultiLineString","coordinates":[[[69.83,40.27],[69.3,40.23],[69.08,40.6],[68.46,41.11]],[[67.99,41.25],[68.07,41.83],[68.28,42.3],[68.25,42.66],[67.79,43.34],[67.51,43.46],[67.11,43.95],[66.77,43.96],[65.79,44.72],[65.23,44.99],[64.47,45.11],[63.7,45.72],[63.12,45.63],[62.57,45.81],[61.9,45.7],[61.76,46.02]],[[61.56,46.11],[60.88,46.14]]]},"properties":{"name":"Syr Darya"}},
{"type":"Feature","geometry":{"type":"MultiLineString","coordinates":[[[-45.26,-18.2],[-45.01,-17.72],[-44.82,-17.13],[-45.09,-16.48],[-45.05,-15.99],[-44.56,-15.71],[-44.15,-15.31],[-43.72,-14.26],[-43.48,-13.56],[-43.44,-13.01],[-43.24,-12.7],[-43.24,-12.22],[-43.37,-11.69],[-43.15,-11.14]],[[-40.82,-9.44],[-40.41,-9.4],[-40.27,-9.15],[-39.91,-8.98],[-39.68,-8.68],[-39.33,-8.57],[-39.09,-8.72],[-38.34,-9.01],[-38.22,-9.35],[-37.94,-9.54],[-37.02,-9.96],[-36.88,-10.15],[-36.41,-10.49]]]},"properties":{"name":"São  Francisco"}},
{"type":"Feature","geometry":{"type":"LineString","coordinates":[[-10.89,13.78],[-11.3,14.34],[-11.62,14.56],[-12.3,14.82],[-12.86,15.24],[-13.26,15.7],[-13.41,16.06],[-13.87,16.15],[-14.3,16.58],[-14.53,16.66],[-15.11,16.64],[-15.62,16.51],[-16.17,16.55],[-16.44,16.2],[-16.54,15.84]]},"properties":{"name":"Sénégal"}},
{"type":"Feature","geometry":{"type":"MultiLineString","coordinates":[[[-6,39.85],[-7.12,39.68]],[[-2.73,40.53],[-3.23,40.09],[-4.32,39.84],[-4.76,39.98],[-5.07,39.8],[-5.22,39.81]],[[-1.91,40.6],[-2.24,40.81],[-2.58,40.72]]]},"properties":{"name":"Tajo"}},
{"type":"Feature","geometry":{"type":"LineString","coordinates":[[-142.02,62.03],[-142.05,62.22],[-141.4,62.6],[-142,63.1],[-143.04,63.43],[-144.68,63.79],[-144.91,64.03],[-146.93,64.38],[-147.46,64.75],[-147.99,64.78],[-149.12,64.58],[-149.19,64.9],[-149.84,64.81],[-150.89,64.97],[-151.42,64.9],[-152.05,65.17]]},"properties":{"name":"Tanana"}},
{"type":"Feature","geometry":{"type":"LineString","coordinates":[[-58.66,-10.98],[-58.25,-10.02],[-58.26,-9.61],[-58.64,-9.18],[-58.39,-8.75],[-58.33,-7.78],[-58.15,-7.26],[-58.46,-6.79],[-58.37,-6.57],[-57.75,-6.23],[-57.65,-6],[-57.2,-5.6],[-56.82,-5.06],[-56.69,-4.74],[-56.4,-4.69],[-56.27,-4.43],[-55.79,-4.13],[-55.39,-3.63],[-55.23,-3.28],[-54.99,-2.42],[-54.64,-2.42]]},"properties":{"name":"Tapajós"}},
{"type":"Feature","geometry":{"type":"LineString","coordinates":[[80.89,40.47],[81.24,40.53],[82.49,40.99],[83.08,40.93],[83.9,41],[84.48,41.19],[85.41,40.98],[86.04,41.07],[86.37,41.24],[85.88,41.43],[85.83,41.71],[86.75,41.83]]},"properties":{"name":"Tarim"}},
{"type":"Feature","geometry":{"type":"LineString","coordinates":[[140.3,-3.71],[139.49,-3.47],[139.21,-3.44],[138.7,-3.19]]},"properties":{"name":"Taritatu"}},
{"type":"Feature","geometry":{"type":"LineString","coordinates":[[84.22,62.64],[84.58,62.89],[85.62,63.3],[84.64,63.7],[83.77,63.68],[83.32,63.88],[82.69,63.76],[81.79,64.22],[81.43,64.98],[82.03,65.26],[82.4,65.65],[82.07,66.29],[82.28,66.66],[81.9,66.9],[80.73,67.12],[79.63,67.21],[78.59,67.58]]},"properties":{"name":"Taz"}},
{"type":"Feature","geometry":{"type":"LineString","coordinates":[[-7.12,39.68],[-7.45,39.68],[-7.98,39.49],[-8.38,39.47],[-8.79,39.08]]},"properties":{"name":"Tejo"}},
{"type":"Feature","geometry":{"type":"MultiLineString","coordinates":[[[-87.7,34.77],[-88.31,35.13],[-88.03,35.4],[-87.98,35.95]],[[-83.97,35.87],[-84.34,35.74],[-84.54,35.86],[-85.29,35.06],[-85.63,35.05],[-86.29,34.4],[-86.9,34.57]],[[-88.28,37.02],[-88.47,37.09]]]},"properties":{"name":"Tennessee"}},
{"type":"Feature","geometry":{"type":"MultiLineString","coordinates":[[[-131.21,59.09],[-131.79,59.14],[-132.1,59.61]],[[-133.24,60.45],[-134.29,61.09],[-134.91,61.57]]]},"properties":{"name":"Teslin"}},
{"type":"Feature","geometry":{"type":"LineString","coordinates":[[-2.02,51.69],[-1.28,51.76],[-1.07,51.48],[-0.5,51.42],[0.42,51.47]]},"properties":{"name":"Thames"}},
{"type":"Feature","geometry":{"type":"MultiLineString","coordinates":[[[-105.94,62.36],[-104.77,62.46],[-104.83,63.07]],[[-104.71,63.27],[-104.35,63.77],[-103.69,64.23],[-102.97,64.33],[-102.58,64.16],[-101.81,64.41]],[[-94.22,64.08],[-93.66,63.97]],[[-101.54,64.49],[-100.8,64.6]],[[-97.1,64.76],[-96.58,64.66],[-96.27,64.3]]]},"properties":{"name":"Thelon"}},
{"type":"Feature","geometry":{"type":"LineString","coordinates":[[42.38,37.06],[42.77,36.54],[43.17,36.33],[43.35,35.95],[43.26,35.47],[43.96,34.1],[44.4,33.97],[44.36,33.35],[44.67,33.02],[45.81,32.5],[46.14,32.63],[46.69,32.44],[46.71,32.15],[47.14,31.83],[47.43,31.29],[47.44,31]]},"properties":{"name":"Tigris"}},
{"type":"Feature","geometry":{"type":"LineString","coordinates":[[20.18,46.26],[20.07,45.63],[20.28,45.13]]},"properties":{"name":"Tisa"}},
{"type":"Feature","geometry":{"type":"MultiLineString","coordinates":[[[21.35,48.03],[20.55,47.51],[20.21,47.18],[20.08,46.81],[20.18,46.26]],[[24.26,48.32],[24.17,47.95],[23.31,48.14],[22.42,48.1],[22.22,48.41],[21.34,48.03]]]},"properties":{"name":"Tisza"}},
{"type":"Feature","geometry":{"type":"LineString","coordinates":[[60.91,51.67],[61.01,51.49],[61.59,51.51],[61.51,52.16],[61.73,52.44],[62.59,52.61],[63.59,53.15],[63.86,53.42],[63.77,53.98],[64.06,54.3],[64.81,54.48],[64.97,54.97],[65.58,55.65],[65.76,56.03],[66.34,56.48],[66.43,56.82],[66.93,57.16],[67.31,57.83],[68.05,57.91],[68.22,58.17]]},"properties":{"name":"Tobol"}},
{"type":"Feature","geometry":{"type":"MultiLineString","coordinates":[[[-49.18,-15.93],[-49.55,-15.48],[-49.56,-15.24],[-49.01,-14.63],[-49.01,-14.33],[-48.8,-14.13],[-48.55,-14.13],[-48.22,-13.82],[-48.18,-12.9],[-48.26,-12.37],[-48.52,-12.03],[-48.65,-11.54],[-48.52,-11.38],[-48.53,-10.98],[-48.34,-9.87],[-48.38,-9.4],[-48.18,-8.92],[-48.11,-8.47],[-48.16,-8.14],[-47.72,-7.71],[-47.5,-7.36],[-47.54,-7.03],[-47.41,-6.42],[-47.49,-5.56],[-47.95,-5.26],[-48.38,-5.17],[-48.72,-5.36]],[[-49.69,-3.83],[-49.65,-3.36],[-49.72,-2.74],[-49.63,-2.65]]]},"properties":{"name":"Tocantins"}},
{"type":"Feature","geometry":{"type":"LineString","coordinates":[[89.77,53.65],[89.39,53.44],[88.91,53.65],[88.23,53.66],[87.17,53.86],[87.52,54.17],[87.5,54.57],[87.09,54.72],[87.11,55],[86.44,55.11],[85.7,55.64],[84.97,55.77],[84.91,56.52],[84.44,56.91]]},"properties":{"name":"Tom’"}},
{"type":"Feature","geometry":{"type":"LineString","coordinates":[[92.99,34.1],[93.71,34.24],[94.01,34.5],[94.66,34.74],[95.4,34.44],[96.09,33.78],[96.36,33.74],[96.96,33.33],[97.62,32.61],[98.21,32.33],[98.54,31.69]]},"properties":{"name":"Tongtian"}},
{"type":"Feature","geometry":{"type":"LineString","coordinates":[[126.47,72.35],[127.07,72.97],[128.26,73.27]]},"properties":{"name":"Trofimovskaya Protoka"}},
{"type":"Feature","geometry":{"type":"LineString","coordinates":[[24.59,-3.18],[24.58,-2.9],[24.09,-2.09],[23.92,-1.52],[23.67,-1.27],[23.17,-1.15],[22.46,-0.8],[22.27,-0.65],[21.62,-0.39],[20.88,-0.2],[20.75,-0.28]]},"properties":{"name":"Tshuapa"}},
{"type":"Feature","geometry":{"type":"LineString","coordinates":[[-83.36,34.71],[-83.17,34.6]]},"properties":{"name":"Tugaloo"}},
{"type":"Feature","geometry":{"type":"LineString","coordinates":[[126.47,72.35],[126.35,72.9],[126.55,73.33]]},"properties":{"name":"Tumatskaya Protoka"}},
{"type":"Feature","geometry":{"type":"LineString","coordinates":[[90.79,34.3],[91.65,34.28],[92.04,34.16],[92.31,34.24],[92.99,34.1]]},"properties":{"name":"Tuotuo"}},
{"type":"Feature","geometry":{"type":"LineString","coordinates":[[18.6,3.68],[18.62,3.3],[18.07,2.01],[18.06,1.53],[17.9,1.12],[17.89,0.23],[17.72,-0.28],[17.75,-0.55]]},"properties":{"name":"Ubangi"}},
{"type":"Feature","geometry":{"type":"LineString","coordinates":[[-71.67,-15.34],[-71.46,-14.69],[-71.52,-14.26],[-71.91,-13.81],[-72.23,-13.74],[-72.95,-13.41],[-73.22,-13.42],[-73.56,-13.06],[-73.64,-12.76],[-74.03,-12.17],[-74.03,-11.72],[-74.26,-11.26],[-73.72,-11.27],[-73.8,-10.68],[-74.03,-10.4],[-74,-10.07],[-74.21,-9.5],[-74.38,-9.37],[-74.54,-8.85],[-74.5,-8.45],[-74.67,-7.99],[-74.95,-7.88],[-74.98,-7.44],[-75.28,-7.16],[-75.09,-6.83],[-75.18,-6.16],[-74.72,-5.99],[-74.56,-5.76],[-74.19,-5.6],[-74.05,-5.03],[-73.9,-5.06],[-73.56,-4.7],[-73.49,-4.44]]},"properties":{"name":"Ucayali"}},
{"type":"Feature","geometry":{"type":"LineString","coordinates":[[28.59,3.6],[28.08,3.74],[27.56,3.64],[27.23,3.85],[27.15,3.62],[26.88,3.52],[26.66,4.01],[26.23,3.68],[25.92,3.71],[25.76,3.54],[25.31,3.53],[25.03,3.4],[23.54,3.84],[22.85,3.85],[22.42,4.13],[21.91,4.25],[21.54,4.24],[20.56,4.46],[20.23,4.83],[19.81,5.09],[19.5,5.13],[19.07,4.89],[18.57,4.26],[18.6,3.68]]},"properties":{"name":"Uele"}},
{"type":"Feature","geometry":{"type":"MultiLineString","coordinates":[[[58.63,51.7],[58.74,51.35],[58.18,51.07],[56.22,51.47],[55.71,51.7],[55.12,51.77],[53.23,51.48],[52.01,51.39],[51.4,51.15],[51.18,50.83],[51.11,50.31],[51.32,49.96],[51.95,49.21],[51.8,48.62],[51.57,48.17],[51.67,47.58],[51.93,47.2],[51.72,46.94]],[[59.43,54.52],[59.09,54.09],[59.24,53.61],[58.91,52.94],[59.06,52.42],[58.83,52.2]]]},"properties":{"name":"Ural"}},
{"type":"Feature","geometry":{"type":"LineString","coordinates":[[-49.74,-28.51],[-50.58,-28.39],[-51.12,-27.81],[-52.14,-27.28],[-52.64,-27.26],[-53.46,-27.1],[-53.94,-27.16],[-54.33,-27.42],[-54.83,-27.55],[-55.1,-27.87],[-55.73,-28.2],[-56.94,-29.59],[-57.65,-30.23],[-57.87,-30.59],[-57.81,-30.86],[-58.19,-31.92],[-58.2,-32.47]]},"properties":{"name":"Uruguay"}},
{"type":"Feature","geometry":{"type":"MultiLineString","coordinates":[[[-90.42,16.39],[-90.71,16.71],[-91.42,17.26],[-91.38,17.69],[-91.99,17.89],[-92.21,18.2]],[[-92.21,18.2],[-92.65,18.33],[-92.71,18.61]],[[-92.21,18.2],[-92.49,18.66]]]},"properties":{"name":"Usumacinta"}},
{"type":"Feature","geometry":{"type":"MultiLineString","coordinates":[[[25.62,-27.67],[24.77,-28.15],[24.58,-28.58],[24.3,-28.43],[23.99,-28.88],[23.63,-29.07]],[[28.12,-26.87],[28,-26.72],[26.99,-26.89],[26.45,-27.18],[26.43,-27.4],[26.09,-27.6]],[[30.13,-26.38],[30.19,-26.56],[29.84,-26.81],[29.16,-27.02],[28.5,-26.99]]]},"properties":{"name":"Vaal"}},
{"type":"Feature","geometry":{"type":"LineString","coordinates":[[-100.34,22.12],[-99.99,21.95],[-99.78,21.7],[-99.32,21.67],[-98.59,21.98]]},"properties":{"name":"Verde"}},
{"type":"Feature","geometry":{"type":"MultiLineString","coordinates":[[[94.46,51.73],[93.65,51.57],[92.77,51.58],[92.04,51.9],[92.44,52.3],[92.31,52.57],[91.37,52.71],[91.47,53.14],[91.95,53.4],[91.51,53.74]],[[93,58.1],[93.22,57.9],[93.38,56.99],[93.74,56.48],[93.15,56.09],[92.3,55.92],[92.41,55.5]]]},"properties":{"name":"Verkhniy Yenisey"}},
{"type":"Feature","geometry":{"type":"MultiLineString","coordinates":[[[32.89,1.31],[33.01,0.81],[33.19,0.43]],[[32.48,1.55],[32.54,1.52]],[[31.37,2.19],[31.39,2.2],[31.75,2.32],[32.25,2.24],[32.34,1.91],[32.24,1.67]]]},"properties":{"name":"Victoria Nile"}},
{"type":"Feature","geometry":{"type":"MultiLineString","coordinates":[[[126.42,64.4],[126.09,64.06],[125.45,63.9],[123.62,64.09],[123.22,63.94],[120.95,63.75],[120.33,63.51],[118.89,63.48],[118.68,63.31],[117.77,63.22],[117.42,62.57],[117.67,62.11],[117.04,61.94],[116.35,62.06],[115.41,62.62],[115.28,62.95],[113.75,63.25],[113.36,63.04],[112.48,63.02]],[[103.52,65.99],[104.81,65.65],[105.49,65.76],[105.97,65.42],[107.42,65.62],[107.88,65.38],[109.43,64.99],[109.55,64.63],[109.07,64.2],[109.54,63.82],[109.59,63.46]]]},"properties":{"name":"Vilyuy"}},
{"type":"Feature","geometry":{"type":"MultiLineString","coordinates":[[[18.88,49.64],[18.81,49.93]],[[18.94,49.93],[19.2,50.04],[19.85,50.01],[20.52,50.14],[21.29,50.39],[21.78,50.69],[21.93,51.44],[21.55,51.65],[21.22,52.07],[20.73,52.42],[19.96,52.42],[19.2,52.64],[18.27,53.09],[18.74,53.52],[18.98,54.35]]]},"properties":{"name":"Vistula"}},
{"type":"Feature","geometry":{"type":"MultiLineString","coordinates":[[[47.84,46.73],[48.11,46.68],[48.68,46.09]],[[45.66,50.22],[44.98,49.19],[44.59,48.73],[45.04,48.43],[45.56,48.45],[46.08,48.22],[46.15,47.99],[47.09,47.21],[47.8,46.77],[48,46.37],[47.56,45.79],[47.65,45.66]],[[49.9,53.46],[49.96,53.19],[48.92,53.21],[48.56,52.92],[48.03,52.27],[46.77,51.75]],[[43.43,56.67],[44.57,56.09],[45.94,56.16],[46.49,56.34],[47.17,56.15],[47.83,56.15],[48.21,55.87],[48.81,55.78],[49.06,55.48]],[[37.15,56.75],[37.39,56.86],[37.48,56.93],[37.76,57.29]],[[32.6,57.25],[32.73,56.94],[33.67,56.77],[33.86,56.42],[34.67,56.21],[34.94,56.55],[35.91,56.87],[36.37,56.71]],[[41.34,57.49],[42.58,57.42]],[[40.01,57.57],[39.52,57.91],[38.7,58.11]],[[38.3,57.57],[38.44,58.02]]]},"properties":{"name":"Volga"}},
{"type":"Feature","geometry":{"type":"LineString","coordinates":[[0.1,6.34],[0.28,6.06],[0.54,6.02],[0.67,5.76]]},"properties":{"name":"Volta"}},
{"type":"Feature","geometry":{"type":"MultiLineString","coordinates":[[[11.17,59.39],[10.95,59.17]],[[11.2,59.67],[11.2,59.5]],[[12.03,60.52],[11.16,59.91]]]},"properties":{"name":"Vorma"}},
{"type":"Feature","geometry":{"type":"MultiLineString","coordinates":[[[30.48,60.57],[30.53,60.63]],[[28.79,61.2],[29.6,60.72]]]},"properties":{"name":"Vuoksi"}},
{"type":"Feature","geometry":{"type":"MultiLineString","coordinates":[[[53.69,61.65],[52.58,61.93],[50.88,61.72],[50.26,62.22],[49.61,62.09],[48.9,62.1],[47.8,61.49],[46.59,61.29]],[[55.4,62.36],[54.8,62.51],[54.3,62.4],[54.3,62.04],[54.88,61.63],[54.13,61.53],[53.68,61.65]]]},"properties":{"name":"Vychegda"}},
{"type":"Feature","geometry":{"type":"LineString","coordinates":[[4.99,51.82],[4.58,51.72],[3.98,51.85]]},"properties":{"name":"Waal"}},
{"type":"Feature","geometry":{"type":"LineString","coordinates":[[-84.75,40.36],[-84.79,40.57],[-85.49,40.87],[-86.62,40.66],[-87.4,40.21],[-87.45,39.47],[-87.65,39.17],[-87.53,38.91],[-87.64,38.54],[-87.98,38.25],[-88.04,37.79]]},"properties":{"name":"Wabash"}},
{"type":"Feature","geometry":{"type":"MultiLineString","coordinates":[[[175.74,-39.07],[175.8,-38.94]],[[176.06,-38.69],[176.3,-38.57],[175.68,-38.27],[175.66,-37.96],[175.24,-37.73],[175,-37.29],[174.77,-37.34]]]},"properties":{"name":"Waikato"}},
{"type":"Feature","geometry":{"type":"LineString","coordinates":[[170.51,-44],[170.28,-44.32],[170.26,-44.36],[170.56,-44.8],[171,-44.91]]},"properties":{"name":"Waitaki"}},
{"type":"Feature","geometry":{"type":"LineString","coordinates":[[151.86,-28.74],[151.39,-29.14],[151.23,-28.9],[150.86,-28.66],[150.47,-28.65]]},"properties":{"name":"Weir"}},
{"type":"Feature","geometry":{"type":"LineString","coordinates":[[-122.09,43.42],[-122.52,43.79],[-123.12,44.15],[-123.22,44.51],[-122.98,45.27],[-122.62,45.37],[-122.73,45.67]]},"properties":{"name":"Willamette"}},
{"type":"Feature","geometry":{"type":"MultiLineString","coordinates":[[[-94.61,49.99],[-95.4,50.37],[-95.73,50.17],[-95.99,50.15],[-96.05,50.2],[-96.03,50.28]],[[-95.99,50.4],[-96,50.45],[-96.08,50.51],[-96.3,50.62]]]},"properties":{"name":"Winnipeg"}},
{"type":"Feature","geometry":{"type":"LineString","coordinates":[[117.21,42.59],[117.22,42.99],[118.17,43.27],[119.22,43.23],[120.76,43.42]]},"properties":{"name":"Xar Moron"}},
{"type":"Feature","geometry":{"type":"MultiLineString","coordinates":[[[113.04,22.8],[113.42,22.18]],[[113.04,22.8],[113.55,22.59]],[[112.98,23.04],[113.45,23.06]],[[112.8,23.15],[113.04,22.8]],[[112.8,23.15],[113.09,22.91],[113.34,22.89]],[[111.3,23.48],[111.71,23.16],[112.5,23.08],[112.8,23.15]]]},"properties":{"name":"Xi"}},
{"type":"Feature","geometry":{"type":"LineString","coordinates":[[120.76,43.42],[121.06,43.51],[122.03,43.52],[122.45,43.75],[122.89,43.81],[123.55,43.48]]},"properties":{"name":"Xiliao"}},
{"type":"Feature","geometry":{"type":"MultiLineString","coordinates":[[[-53.44,-11.44],[-53.1,-10.71],[-52.94,-10],[-52.48,-9.6],[-52.21,-9.58],[-52.04,-9.24],[-52.13,-8.88],[-52.57,-8.52],[-52.77,-7.99],[-52.74,-7.73],[-52.51,-7.13],[-52.01,-6.77],[-52.06,-6.59],[-52.44,-6.29],[-52.67,-5.56],[-52.88,-5.3],[-52.86,-4.93],[-52.68,-4.44],[-52.61,-3.86]],[[-52.61,-3.86],[-52.18,-3.3],[-51.91,-3.54],[-51.69,-3.45],[-51.66,-3.15],[-51.95,-2.89],[-52.22,-2.04],[-52.2,-1.64]]]},"properties":{"name":"Xingu"}},
{"type":"Feature","geometry":{"type":"LineString","coordinates":[[110.09,23.41],[110.33,23.56],[111,23.4],[111.3,23.48]]},"properties":{"name":"Xun"}},
{"type":"Feature","geometry":{"type":"LineString","coordinates":[[-81.58,36.07],[-80.67,36.26],[-80.46,36.23]]},"properties":{"name":"Yadkin"}},
{"type":"Feature","geometry":{"type":"LineString","coordinates":[[78.34,30.92],[77.99,30.57],[77.66,30.46],[77.19,29.87],[77.07,29.54],[77.25,28.65],[77.49,28.37],[77.55,27.86],[77.77,27.37],[78.02,27.2],[79.02,26.72],[79.8,26.11],[80.9,25.7],[81.4,25.29],[81.8,25.35],[81.9,25.41]]},"properties":{"name":"Yamuna"}},
{"type":"Feature","geometry":{"type":"MultiLineString","coordinates":[[[113.13,29.46],[113.7,29.95],[114.29,30.57],[114.78,30.6],[115.38,29.97],[115.84,29.76],[116.21,29.79]],[[116.2,29.75],[116.21,29.79]],[[116.21,29.79],[116.85,30.17],[116.9,30.4],[117.25,30.67],[117.6,30.78],[117.84,31.12],[118.31,31.34],[118.4,31.65],[118.69,32.07],[118.96,32.2],[119.64,32.24],[120.07,31.96]]]},"properties":{"name":"Yangtze"}},
{"type":"Feature","geometry":{"type":"LineString","coordinates":[[77.52,35.52],[77.7,36.1],[77.47,36.39],[76.52,36.43],[75.97,36.89],[75.97,37.3],[76.23,37.52],[76.22,37.87],[76.72,37.89],[77.23,38.23],[77.62,39.11],[78.35,39.53],[79.27,39.71],[80.1,40.11],[80.57,40.42],[80.89,40.47]]},"properties":{"name":"Yarkant"}},
{"type":"Feature","geometry":{"type":"LineString","coordinates":[[87.66,29.15],[87.82,29.35],[89.4,29.37],[92.08,29.28],[92.69,29.1],[93.33,29.05],[94.36,29.31]]},"properties":{"name":"Yarlung"}},
{"type":"Feature","geometry":{"type":"LineString","coordinates":[[83.11,70.11],[83.79,69.79],[84.49,69.65],[85.1,69.79],[85.95,69.49],[85.99,68.84],[86.54,68.21],[86.29,67.66],[86.57,67.42],[86.73,66.85],[87.03,66.56],[87.91,66.06],[87.79,65.82],[88.03,65.69],[87.82,64.88],[87.56,64.59],[87.55,63.89],[87.28,63.36],[88.02,63.09],[88.96,62.44],[89.33,61.89],[89.84,61.59],[89.64,61.24],[90.17,60.31],[90.7,59.93],[90.88,59.6],[91.43,59.16],[91.98,58.88],[92.14,58.5],[92.54,58.2],[93,58.1]]},"properties":{"name":"Yenisey"}},
{"type":"Feature","geometry":{"type":"MultiLineString","coordinates":[[[107.5,26.34],[108.16,26.81],[108.57,26.64],[109.07,26.61],[109.44,26.89],[109.44,27.08],[110.05,27.19],[110.37,27.73],[110.11,28.08],[110.48,28.6],[111.52,28.99],[111.99,28.98]],[[112.9,29.03],[112.99,29.15]],[[113.07,29.39],[113.13,29.46]]]},"properties":{"name":"Yuan"}},
{"type":"Feature","geometry":{"type":"MultiLineString","coordinates":[[[-134.92,61.57],[-134.96,61.91],[-136.31,62.12],[-136.58,62.43],[-137.36,62.78],[-138.4,62.8],[-139.42,63.01],[-139.73,63.51],[-139.59,64.23],[-140.3,64.37],[-141.06,64.73],[-141.4,65.09],[-142,65.3],[-143.59,65.43],[-144.09,65.66],[-144.05,65.91],[-145.45,66.59],[-145.83,66.61]],[[-163.26,62.02],[-164.75,61.76],[-165.24,61.27]],[[-163.26,62.02],[-163.9,62.13],[-163.86,62.45],[-164.59,62.71]],[[-145.83,66.61],[-147.58,66.28],[-148.97,66.08],[-150.32,65.52],[-152.05,65.17],[-153.01,65.19],[-155.58,64.76],[-156.73,64.66],[-157.77,64.85],[-158.68,64.34],[-159.45,63.44],[-160.02,62.92],[-160.17,62.59],[-159.96,62.28],[-160.09,61.97],[-161.07,61.91],[-161.92,61.58],[-162.47,61.99],[-163.26,62.02]]]},"properties":{"name":"Yukon"}},
{"type":"Feature","geometry":{"type":"LineString","coordinates":[[94.08,33.16],[94.78,33.18],[95.73,32.67],[96.38,32.43],[96.51,32.23],[96.94,31.97]]},"properties":{"name":"Za"}},
{"type":"Feature","geometry":{"type":"MultiLineString","coordinates":[[[36.04,-18.34],[36.12,-18.84]],[[36.04,-18.34],[36.5,-18.58]],[[28.76,-16.53],[28.83,-16.42],[28.88,-16.04],[28.97,-15.95],[29.73,-15.64],[30.8,-15.64]],[[32.71,-15.58],[33.03,-15.63],[33.98,-16.6],[34.8,-16.92],[35.1,-17.52],[35.29,-17.71],[36.04,-18.34]],[[24.27,-11.38],[24.02,-11.13],[22.76,-11.95],[22.54,-12.52],[22.75,-13.13],[23.02,-13.35],[23.23,-13.78],[23.22,-14.32],[23.03,-14.78],[22.98,-15.28],[23.29,-16.26],[23.49,-16.55],[24.08,-17.14],[24.24,-17.48],[24.93,-17.54],[25.26,-17.79],[25.86,-17.95],[26.33,-17.93],[26.78,-18.04],[27.02,-17.96]]]},"properties":{"name":"Zambezi"}},
{"type":"Feature","geometry":{"type":"LineString","coordinates":[[170,-44.29],[170.26,-44.36]]},"properties":{"name":null}},
{"type":"Feature","geometry":{"type":"LineString","coordinates":[[170.2,-44.17],[170.28,-44.32]]},"properties":{"name":null}},
{"type":"Feature","geometry":{"type":"MultiLineString","coordinates":[[[-103.55,58.46],[-103.67,58.54]],[[-103.79,58.69],[-104.14,58.98],[-105.01,59.17]],[[-105.55,59.15],[-106.02,59.27]]]},"properties":{"name":null}},
{"type":"Feature","geometry":{"type":"LineString","coordinates":[[-137,61.23],[-137.09,60.91],[-137.77,60.76],[-138,60.23],[-137.82,59.51],[-138.51,59.17]]},"properties":{"name":null}},
{"type":"Feature","geometry":{"type":"LineString","coordinates":[[-123.47,65.15],[-123.74,65.06],[-125.41,64.98],[-125.62,64.9]]},"properties":{"name":null}},
{"type":"Feature","geometry":{"type":"LineString","coordinates":[[168.77,-45.33],[168.64,-45.57],[168.92,-46.03],[168.77,-46.57]]},"properties":{"name":null}},
{"type":"Feature","geometry":{"type":"LineString","coordinates":[[-72.99,46.18],[-73.16,46.04]]},"properties":{"name":null}},
{"type":"Feature","geometry":{"type":"MultiLineString","coordinates":[[[-103.45,61.37],[-103.72,60.95]],[[-103.16,61.84],[-103.22,61.68]],[[-99.62,62.3],[-98.21,62.25],[-98.35,62.62]],[[-101.37,62.35],[-101.32,62.34]],[[-100.73,62.36],[-100.55,62.36]],[[-102.74,62.41],[-102.92,62.32]],[[-101.83,62.52],[-101.53,62.66]],[[-102.03,62.92],[-102.66,62.76]],[[-97.63,62.98],[-97.46,63.16]],[[-97.29,63.51],[-97.24,63.57],[-96.95,63.64]],[[-95.88,63.66],[-95.5,64.05]]]},"properties":{"name":null}},
{"type":"Feature","geometry":{"type":"MultiLineString","coordinates":[[[106.46,10.3],[106.14,10.31]],[[106.14,10.31],[105.93,10.28]],[[106.14,10.31],[106.66,9.95]]]},"properties":{"name":null}},
{"type":"Feature","geometry":{"type":"LineString","coordinates":[[-101.16,62.37],[-101.32,62.34]]},"properties":{"name":null}},
{"type":"Feature","geometry":{"type":"LineString","coordinates":[[1.45,43.42],[1.08,44.03],[0.32,44.3],[0,44.56],[-0.34,44.64],[-0.55,45]]},"properties":{"name":"Garonne"}},
{"type":"Feature","geometry":null,"properties":{"name":"Loire"}},
{"type":"Feature","geometry":{"type":"MultiLineString","coordinates":[[[3.08,46.99],[2.79,47.59],[2.36,47.8],[1.77,47.87],[1.16,47.47],[-0.04,47.25],[-0.42,47.4],[-1.06,47.37],[-1.74,47.22]],[[3.08,46.99],[3.49,46.83],[3.98,46.46],[4.26,45.48],[3.91,45.12],[4.2,44.82]]]},"properties":{"name":"Loire"}}
]}