{"type":"FeatureCollection", "features": [
{"type":"Feature","geometry":{"type":"MultiPolygon","coordinates":[[[[-90.3,-73.19],[-89.95,-73.13],[-89.28,-73.11],[-89.09,-72.96],[-89.11,-72.76],[-89.35,-72.63],[-88.22,-72.71],[-88.11,-72.84],[-88.41,-72.92],[-88.71,-73.12],[-88.44,-73.26],[-87.5,-73.2],[-86.95,-73.38],[-86.37,-73.26],[-85.68,-73.18],[-85.54,-73.37],[-85.1,-73.49],[-83.88,-73.67],[-82.93,-73.71],[-82.06,-73.89],[-81.23,-73.73],[-81.12,-73.57],[-81.33,-73.48],[-81.31,-73.27],[-80.81,-73.26],[-80.44,-73.19],[-80.65,-73.08],[-80.38,-72.95],[-79.65,-73.04],[-78.74,-73.36],[-78.87,-73.58],[-78.2,-73.56],[-77.53,-73.47],[-76.7,-73.55],[-77.24,-73.81],[-76.28,-73.82],[-75.27,-73.62],[-74.11,-73.72],[-73.07,-73.44],[-72.51,-73.46],[-72.24,-73.39],[-71.42,-73.35],[-70.88,-73.26],[-70.29,-73.29],[-69.92,-73.22],[-68.67,-73.09],[-68.47,-73.02],[-67.51,-72.83],[-66.75,-72.09],[-66.8,-71.96],[-67.42,-71.62],[-67.62,-71.43],[-67.41,-70.99],[-67.64,-70.85],[-67.68,-70.63],[-67.95,-70.31],[-68.48,-70.05],[-68.36,-69.68],[-68.82,-69.43],[-68.65,-69.38],[-67.95,-69.37],[-67.53,-69.43],[-67.25,-69.27],[-67.01,-69.26],[-66.76,-69.07],[-66.88,-68.96],[-67.27,-68.94],[-67.38,-68.79],[-67.02,-68.79],[-66.95,-68.22],[-67.27,-67.97],[-66.87,-67.92],[-67.02,-67.74],[-66.63,-67.54],[-66.99,-67.47],[-67.47,-67.55],[-67.54,-67.14],[-66.92,-66.96],[-66.61,-67.04],[-66.44,-66.85],[-66.51,-66.63],[-66.29,-66.59],[-65.8,-66.72],[-65.64,-66.38],[-65.64,-66.21],[-65.26,-65.96],[-64.92,-65.93],[-64.69,-66.04],[-64.15,-65.62],[-63.68,-65.52],[-64.11,-65.27],[-63.83,-65.03],[-63.08,-65.17],[-63.23,-64.97],[-62.9,-64.93],[-62.52,-64.73],[-62.14,-64.78],[-61.92,-64.57],[-61.6,-64.56],[-61.58,-64.44],[-61.11,-64.38],[-60.97,-64.3],[-60.88,-64.05],[-60.31,-63.92],[-59.95,-63.95],[-59.91,-63.85],[-59.49,-63.88],[-58.92,-63.65],[-58.9,-63.54],[-58.13,-63.44],[-57.88,-63.31],[-57.29,-63.21],[-57.11,-63.24],[-56.78,-63.56],[-57.13,-63.5],[-57.75,-63.66],[-58.08,-63.66],[-58.73,-64.03],[-58.77,-64.28],[-58.99,-64.44],[-59.28,-64.45],[-59.42,-64.33],[-60.23,-64.52],[-60.64,-64.7],[-61.05,-65.01],[-61.74,-65.09],[-62.2,-65.3],[-61.96,-65.49],[-62.07,-65.69],[-62.34,-65.8],[-62.37,-65.92],[-62.02,-66.11],[-61.71,-66.14],[-61.34,-66.09],[-61.24,-65.91],[-60.58,-65.94],[-61.02,-66.13],[-61.25,-66.16],[-61.68,-66.32],[-62.22,-66.17],[-62.67,-66.23],[-62.55,-66.41],[-62.91,-66.48],[-63.23,-66.24],[-63.76,-66.21],[-63.91,-66.5],[-63.94,-66.7],[-63.75,-66.79],[-63.83,-66.92],[-64.37,-66.91],[-64.77,-66.85],[-64.97,-67.03],[-64.75,-67.31],[-65.33,-67.4],[-65.59,-67.55],[-65.55,-67.72],[-65.67,-67.89],[-64.99,-68.09],[-65.48,-68.31],[-64.98,-68.41],[-65.34,-68.56],[-64.36,-68.78],[-64.08,-68.71],[-64.13,-68.55],[-63.33,-68.42],[-63.47,-68.55],[-63.74,-68.57],[-63.81,-68.72],[-63.21,-68.84],[-63.87,-69.01],[-63.32,-69.05],[-62.96,-69.38],[-62.65,-69.39],[-62.4,-69.52],[-62.53,-69.86],[-62.01,-70.08],[-62.26,-70.22],[-62.38,-70.41],[-61.35,-70.56],[-62.01,-70.79],[-61.26,-70.89],[-61.33,-71.04],[-60.93,-71.18],[-61.13,-71.41],[-61.73,-71.53],[-61.56,-71.69],[-61.12,-71.54],[-60.77,-71.76],[-61.09,-71.87],[-61.5,-71.85],[-62.44,-71.92],[-62.11,-72.01],[-61.43,-72.07],[-60.66,-72.26],[-60.64,-72.43],[-61.37,-72.47],[-61.04,-72.7],[-60.52,-72.68],[-60.62,-72.94],[-60.25,-73.03],[-59.9,-72.99],[-60.09,-73.3],[-60.7,-73.39],[-61.17,-73.32],[-61.71,-73.46],[-60.8,-73.58],[-60.73,-73.72],[-60.91,-73.9],[-61.79,-73.91],[-61.06,-74.1],[-60.68,-74.32],[-61.07,-74.52],[-61.54,-74.54],[-62.33,-74.46],[-61.78,-74.72],[-62.13,-74.95],[-62.59,-74.95],[-62.67,-74.7],[-63.29,-74.72],[-63.57,-74.87],[-63.04,-75.15],[-64.27,-75.24],[-63.16,-75.41],[-66.22,-76.01],[-68.1,-76.15],[-68.02,-76.22],[-69.47,-76.34],[-70.18,-76.45],[-69.98,-76.53],[-70.33,-76.68],[-71.71,-76.76],[-72.41,-76.69],[-73.94,-76.65],[-74.08,-76.69],[-75.21,-76.57],[-75.89,-76.62],[-76.5,-76.52],[-76.93,-76.6],[-77.51,-76.56],[-77.52,-76.73],[-77.19,-76.83],[-76.32,-77.26],[-75.92,-77.34],[-75.53,-77.54],[-75.08,-77.44],[-72.72,-77.58],[-72.8,-77.7],[-73.63,-78.02],[-74.27,-78.13],[-75.22,-78.14],[-77.69,-77.93],[-79.15,-77.84],[-79.42,-77.88],[-80.76,-77.79],[-81.62,-77.86],[-79.28,-78.17],[-77.41,-78.42],[-77.36,-78.62],[-77.75,-78.74],[-80.3,-78.85],[-82.49,-78.47],[-83.68,-78.01],[-83.68,-78.33],[-83.89,-78.42],[-83.25,-78.77],[-82.58,-78.94],[-81.11,-79.2],[-81.32,-79.3],[-81.12,-79.47],[-80.49,-79.58],[-80.43,-79.26],[-76.53,-79.31],[-75.92,-79.52],[-76.1,-79.73],[-76.63,-79.94],[-77.42,-80.01],[-79.69,-79.98],[-78.37,-80.15],[-77.67,-80.18],[-76.27,-80.08],[-76.12,-80.28],[-75.58,-80.4],[-75.71,-80.64],[-74.84,-80.92],[-74.05,-80.8],[-72.77,-80.97],[-72.56,-80.8],[-71.28,-80.66],[-70.43,-80.66],[-70.4,-80.82],[-69.98,-80.98],[-68.37,-81.11],[-65.17,-81.51],[-62.41,-81.56],[-62.21,-81.69],[-65.69,-81.71],[-65.62,-81.78],[-63.48,-81.78],[-63.58,-81.87],[-65.8,-81.89],[-66.06,-82.2],[-65.07,-82.41],[-63.84,-82.3],[-62.47,-82.26],[-61.12,-82.34],[-62.8,-82.52],[-61.93,-82.97],[-60.98,-82.98],[-61.62,-83.31],[-60.45,-83.47],[-59.47,-83.46],[-57.7,-82.91],[-56.34,-82.65],[-55.93,-82.48],[-55.19,-82.46],[-54.76,-82.3],[-53.22,-82.13],[-52.64,-82.16],[-50.56,-81.99],[-48.38,-81.89],[-46.28,-81.91],[-46.09,-82.22],[-46.69,-82.41],[-45.52,-82.53],[-44.01,-82.39],[-43.15,-82.11],[-43.19,-81.9],[-41.99,-81.62],[-41.76,-81.41],[-41.12,-81.23],[-40.4,-81.17],[-38.76,-80.87],[-37.62,-81],[-36.03,-80.92],[-35.21,-80.7],[-35.36,-80.62],[-33.48,-80.62],[-32.03,-80.44],[-30.51,-80.48],[-31.28,-80.3],[-29.92,-80.28],[-29.76,-80.18],[-24.25,-80.08],[-24.07,-80.01],[-22.91,-79.98],[-23.74,-79.83],[-24.73,-79.78],[-28.69,-79.65],[-30.67,-79.59],[-29.54,-79.28],[-30.45,-79.22],[-30.61,-79.07],[-32.82,-79.24],[-34.22,-79.14],[-34.26,-79.08],[-36.25,-78.85],[-36.44,-78.61],[-36.01,-78.21],[-35.58,-78.15],[-35.31,-77.84],[-34.66,-77.85],[-34.71,-77.63],[-33.72,-77.31],[-32.5,-77.13],[-31.92,-77.15],[-31.7,-76.98],[-30.69,-76.85],[-30.15,-76.64],[-28.86,-76.35],[-27.34,-76.17],[-26.99,-76.17],[-25.95,-75.93],[-24.33,-75.78],[-23.27,-75.74],[-22.3,-75.64],[-21.17,-75.71],[-20.4,-75.47],[-19.77,-75.55],[-19.24,-75.55],[-18.51,-75.42],[-18.87,-75.25],[-18.54,-75.05],[-17.8,-74.78],[-17.97,-74.64],[-17.62,-74.59],[-17.46,-74.34],[-16.6,-74.31],[-15.75,-74.43],[-15.2,-74.36],[-15.3,-74.22],[-14.83,-74.08],[-14.36,-73.86],[-14.7,-73.79],[-15.69,-73.95],[-16.2,-73.83],[-16.6,-73.63],[-16.44,-73.41],[-15.98,-73.3],[-15.98,-73.19],[-15.54,-73.08],[-14.88,-73.04],[-14.1,-73.13],[-13.9,-72.99],[-14.22,-72.83],[-13.18,-72.8],[-12.46,-72.56],[-11.36,-72.4],[-11.25,-72.1],[-11.03,-72.05],[-10.95,-71.74],[-11.53,-71.76],[-12.18,-71.62],[-12.38,-71.4],[-11.88,-71.26],[-11.61,-71.42],[-11.07,-71.55],[-10.6,-71.53],[-10.6,-71.3],[-10.1,-71.18],[-9.94,-71.06],[-9.11,-71.19],[-8.61,-71.7],[-8.3,-71.63],[-7.82,-71.67],[-7.6,-71.59],[-7.77,-71.43],[-7.57,-71.33],[-7.56,-71.15],[-7.89,-70.97],[-7.86,-70.83],[-7.28,-70.79],[-6.62,-70.92],[-6.32,-70.71],[-5.68,-70.73],[-5.57,-70.84],[-5.74,-71.04],[-6.02,-71.11],[-6.15,-71.37],[-5.19,-71.33],[-3.71,-71.39],[-3.34,-71.43],[-2.89,-71.27],[-2.24,-71.39],[-2.13,-71.48],[-0.81,-71.38],[-0.95,-71.62],[-0.47,-71.75],[0,-71.5],[0.23,-71.35],[0.93,-71.18],[1.45,-71.12],[2.52,-70.9],[3.07,-70.89],[4.22,-70.78],[5.01,-70.64],[5.59,-70.65],[7.57,-70.52],[7.42,-70.2],[7.84,-70.16],[7.93,-70.47],[8.44,-70.48],[9.17,-70.31],[8.89,-70.22],[9.08,-70.09],[9.4,-70.1],[9.98,-70.45],[10.72,-70.64],[11.85,-70.78],[12.32,-70.37],[13.02,-70.24],[13.85,-70.35],[14.51,-70.28],[15.83,-70.38],[15.96,-70.19],[16.52,-70.13],[16.6,-70.37],[16.87,-70.44],[18.09,-70.54],[18.5,-70.5],[18.32,-70.32],[19.15,-70.2],[19.3,-70.37],[18.93,-70.74],[19.29,-70.91],[20.4,-70.92],[21.2,-70.81],[21.21,-70.58],[21.61,-70.27],[21.8,-70.24],[22.58,-70.54],[22.33,-70.76],[22.94,-70.83],[23.32,-70.81],[23.75,-70.4],[24.11,-70.41],[24.41,-70.53],[24.32,-70.74],[24.97,-70.95],[26.45,-71.03],[27.2,-70.9],[27.63,-70.74],[28.45,-70.69],[29.02,-70.57],[29.45,-70.4],[29.84,-70.31],[30.94,-70.21],[31.28,-70.24],[32.57,-70.05],[32.85,-69.95],[32.98,-69.67],[32.93,-69.34],[32.53,-69.12],[32.5,-68.93],[32.84,-68.75],[33.22,-68.67],[34.21,-68.68],[34.09,-68.85],[33.77,-69.05],[34.36,-69.13],[34.59,-69.07],[35.2,-69.29],[35.1,-69.46],[35.24,-69.74],[35.71,-69.67],[36.75,-69.64],[36.97,-69.79],[37.54,-69.68],[38.04,-69.72],[38.14,-69.88],[38.71,-70.19],[39.08,-70.17],[38.8,-69.99],[39.19,-69.89],[39.21,-69.71],[39.71,-69.59],[39.84,-69.39],[39.71,-69.07],[39.86,-68.83],[40.47,-68.73],[40.89,-68.71],[41.01,-68.6],[41.98,-68.41],[42.54,-68.38],[42.55,-68.25],[42.86,-68.1],[43.41,-68.03],[43.78,-68.05],[44,-67.97],[44.83,-67.97],[44.72,-67.78],[45.39,-67.7],[46.22,-67.65],[46.28,-67.33],[46.89,-67.26],[47.02,-67.35],[46.92,-67.51],[47.26,-67.65],[48.17,-67.66],[48.61,-67.88],[48.72,-67.68],[48.63,-67.45],[49.17,-67.38],[49.35,-67.18],[49.04,-67.15],[48.73,-67.22],[48.45,-67.18],[48.36,-67.02],[48.59,-66.94],[49.33,-66.88],[49.31,-67.05],[49.79,-67.03],[50.59,-67.22],[50.93,-67.12],[50.48,-67.05],[50.43,-66.96],[50.61,-66.76],[50.29,-66.77],[50.19,-66.59],[50.32,-66.39],[50.54,-66.3],[51.35,-66.22],[51.77,-66.04],[52.22,-65.97],[52.85,-65.96],[53.73,-65.85],[55.18,-65.93],[55.61,-66.03],[56.38,-66.45],[56.81,-66.41],[57.21,-66.53],[57.24,-66.72],[56.5,-66.69],[56.39,-66.83],[56.6,-66.94],[56.56,-67.11],[56.97,-67.05],[57.28,-67.08],[57.56,-66.99],[58.14,-67.15],[58.87,-67.17],[58.79,-67.34],[59.26,-67.48],[59.66,-67.51],[59.68,-67.39],[60.62,-67.4],[61.17,-67.51],[62.12,-67.56],[62.62,-67.66],[63.11,-67.53],[63.65,-67.5],[64.72,-67.65],[66.72,-67.79],[67.34,-67.81],[68.38,-67.9],[69.11,-67.85],[69.56,-67.74],[69.68,-67.86],[69.6,-68.02],[69.81,-68.29],[70.16,-68.49],[70.41,-68.27],[70.06,-68.08],[70.27,-67.98],[70.05,-67.83],[70.33,-67.62],[69.73,-67.48],[68.75,-67.48],[68.46,-67.55],[68.38,-67.7],[67.87,-67.75],[66.75,-67.66],[66.7,-67.55],[67.37,-67.52],[67.24,-67.38],[66.07,-67.4],[65.79,-67.51],[65.26,-67.6],[65.12,-67.55],[64.54,-67.58],[64.28,-67.43],[64.83,-67.43],[65.24,-67.36],[65.78,-67.35],[65.24,-67.05],[65.53,-66.95],[65.95,-66.98],[66.09,-67.13],[66.46,-67.24],[66.77,-67.16],[66.14,-66.89],[64.97,-66.86],[65.1,-67.04],[64.64,-67.05],[64.37,-66.98],[63.63,-67],[63.2,-66.95],[63.02,-67.22],[63.32,-67.34],[62.83,-67.39],[62.75,-67.58],[62,-67.51],[61.77,-67.39],[61.23,-67.43],[60.99,-67.24],[60.63,-67.23],[60.65,-67.11],[61.06,-67],[61.28,-66.86],[60.65,-66.8],[60.48,-66.73],[60.03,-66.78],[59.09,-66.64],[59.05,-66.82],[59.35,-66.82],[59.54,-67.04],[59.14,-67.29],[58.89,-67.06],[58.11,-67.02],[58.01,-66.87],[57.38,-66.97],[56.83,-66.9],[56.9,-66.78],[57.92,-66.66],[58.28,-66.5],[57.69,-66.13],[57.17,-65.92],[56.86,-66.1],[56.25,-66.27],[55.99,-66.16],[56,-65.99],[56.38,-65.99],[56.54,-65.91],[56.36,-65.78],[55.57,-65.71],[55.2,-65.57],[54.56,-65.53],[54.21,-65.42],[54.05,-65.58],[54.5,-65.64],[54.88,-65.8],[54.78,-65.86],[54.21,-65.8],[53.7,-65.8],[52.77,-65.91],[52.62,-65.78],[52.26,-65.7],[52.03,-65.74],[51.59,-65.7],[50.82,-65.98],[50.73,-66.08],[50.42,-66.12],[50.15,-66.28],[50.07,-66.5],[50.22,-66.81],[50.36,-66.9],[50.29,-67.1],[49.65,-67],[49.24,-66.79],[48.26,-66.95],[48.18,-67.11],[48.56,-67.29],[48.33,-67.42],[48.44,-67.55],[48.15,-67.6],[47.78,-67.54],[47.31,-67.24],[46.46,-67.23],[46.03,-67.47],[46.16,-67.59],[45.64,-67.67],[44.75,-67.71],[44.32,-67.93],[43.95,-67.94],[43.7,-68.02],[42.35,-67.98],[42.42,-68.15],[41.98,-68.2],[41.74,-68.32],[41.33,-68.37],[40.66,-68.54],[40.28,-68.71],[39.73,-68.75],[39.23,-68.74],[38.73,-68.91],[39.17,-69.09],[39.61,-69.19],[39.64,-69.42],[39.37,-69.62],[38.81,-69.66],[38.59,-69.75],[37.77,-69.57],[38.03,-69.36],[37.57,-69.3],[37.22,-69.5],[37.02,-69.26],[36.41,-69.06],[36.12,-69.06],[35.83,-68.92],[35.65,-69.12],[35.07,-69.02],[34.8,-68.7],[34.92,-68.52],[34.73,-68.43],[34.35,-68.6],[33.94,-68.49],[33.51,-68.55],[33.17,-68.42],[32.84,-68.47],[32.78,-68.66],[32.32,-68.6],[32.24,-68.51],[31.62,-68.59],[31.39,-68.68],[30.9,-68.71],[30.87,-69],[30.61,-69.04],[30.33,-69.26],[29.99,-69.21],[29.22,-69.45],[29.02,-69.69],[28.73,-69.59],[28.93,-69.43],[28.44,-69.38],[28.06,-69.49],[27.65,-69.69],[27.82,-69.88],[26.53,-69.9],[26.39,-70.02],[25.9,-70.18],[25.75,-70.03],[25.2,-70],[24.84,-70.07],[24.45,-70.27],[23.85,-70.26],[23.36,-70.16],[22.69,-70.08],[22.16,-70.15],[21.63,-70.01],[21.19,-69.82],[20.66,-69.8],[19.91,-69.72],[19.39,-69.89],[18.99,-69.9],[18.08,-69.71],[17.91,-69.53],[17.56,-69.49],[16.31,-69.58],[16.09,-69.45],[15.65,-69.4],[15.7,-69.23],[15.44,-69.22],[15.28,-69.36],[14.77,-69.47],[13.75,-69.54],[13.45,-69.65],[12.5,-69.49],[11.87,-69.56],[11.51,-69.49],[11.2,-69.6],[11.35,-69.69],[8.68,-69.8],[8.35,-69.74],[7.41,-69.87],[7.06,-69.83],[6.36,-70.01],[5.6,-69.95],[5.08,-70.04],[4.16,-70],[3.75,-70.08],[3.14,-70.01],[2.17,-70.02],[2,-69.93],[1.21,-69.99],[0.98,-69.82],[0.61,-69.83],[0.27,-69.75],[0,-69.59],[-0.58,-69.65],[-0.96,-69.64],[-1.29,-69.71],[-1.99,-70.12],[-3.24,-70.3],[-3.5,-70.42],[-3.99,-70.4],[-4.34,-70.22],[-5.21,-70.25],[-5.51,-70.39],[-6.73,-70.46],[-7.06,-70.42],[-7.84,-70.66],[-8.16,-70.49],[-8.75,-70.53],[-9.73,-70.77],[-11.11,-70.96],[-11.75,-71.12],[-12.42,-71.33],[-12.24,-71.66],[-12.93,-71.88],[-13.43,-71.97],[-14.52,-72.07],[-15.2,-72.17],[-15.53,-72.27],[-16.36,-72.38],[-16.53,-72.47],[-17.52,-72.5],[-17.91,-72.63],[-18.32,-72.58],[-19.32,-72.67],[-20.44,-73.31],[-20.73,-73.58],[-20.94,-73.63],[-21.12,-73.91],[-21.9,-74.01],[-22.15,-74.1],[-22.76,-74.07],[-22.96,-73.97],[-24.16,-73.87],[-25.66,-74.09],[-25.77,-74.23],[-25.29,-74.54],[-25.49,-74.71],[-25.14,-74.98],[-25.36,-75.2],[-25.98,-75.3],[-26.28,-75.43],[-27.09,-75.48],[-27.64,-75.62],[-27.08,-75.72],[-26.66,-75.88],[-26.67,-76.02],[-29.2,-76.36],[-30.75,-76.73],[-32.11,-76.81],[-32.18,-76.97],[-33.02,-76.99],[-33.53,-77.25],[-34.43,-77.44],[-35.96,-78.07],[-36.25,-78.24],[-38.13,-78.21],[-40.28,-78.1],[-40.7,-78.01],[-41.88,-78.04],[-43.34,-78.18],[-45.71,-77.79],[-47.61,-77.47],[-49.15,-77.23],[-49.3,-77.11],[-49.86,-77.1],[-49.96,-76.98],[-50.85,-76.94],[-51.34,-77.07],[-51.94,-76.86],[-52.77,-76.84],[-54.33,-76.35],[-54.32,-76.31],[-56.15,-75.96],[-57.98,-75.62],[-60.27,-75.19],[-60.66,-75.05],[-61.64,-74.84],[-61.32,-74.65],[-60.89,-74.53],[-60.51,-74.29],[-60.65,-74.07],[-60.59,-73.79],[-60.2,-73.64],[-60.14,-73.37],[-59.6,-73.16],[-59.49,-73.03],[-59.8,-72.95],[-59.17,-72.62],[-59.5,-72.22],[-59.78,-72.21],[-60.29,-72.06],[-60.3,-71.8],[-60.15,-71.55],[-60.14,-71.08],[-59.53,-70.81],[-59.56,-70.72],[-59.26,-70.55],[-59.8,-70.23],[-60.4,-70.03],[-60.86,-69.94],[-60.84,-69.78],[-61.22,-69.61],[-61.43,-69.4],[-60.91,-69.26],[-60.92,-69.06],[-60.71,-68.93],[-60.54,-68.66],[-60.52,-68.49],[-60.72,-68.43],[-60.52,-67.88],[-60.73,-67.82],[-60.82,-67.6],[-60.02,-67.63],[-59.84,-67.51],[-60,-67.26],[-59.47,-67.1],[-59.54,-66.9],[-59.33,-66.74],[-59.68,-66.7],[-59.71,-66.54],[-60.12,-66.57],[-60.3,-66.33],[-59.8,-66.33],[-59.59,-66.21],[-59.85,-66.04],[-60.06,-66.03],[-60.76,-65.77],[-61.1,-65.78],[-61.1,-65.59],[-61.46,-65.54],[-61.72,-65.34],[-61.32,-65.26],[-61.12,-65.15],[-60.67,-65.18],[-60.2,-65.14],[-59.9,-65.3],[-59.44,-65.31],[-59.49,-65.07],[-59.93,-65.08],[-60.64,-64.85],[-60.57,-64.75],[-60.1,-64.54],[-59.63,-64.66],[-59.2,-64.54],[-58.88,-64.6],[-58.7,-64.54],[-58.74,-64.24],[-58.47,-64.16],[-58.34,-64.32],[-58.25,-64.4],[-58.06,-64.39],[-57.67,-64.54],[-57.38,-64.69],[-56.88,-64.56],[-56.67,-64.6],[-56.58,-64.4],[-56.32,-64.27],[-56.79,-64.15],[-56.9,-63.94],[-57.33,-63.67],[-56.92,-63.69],[-56.5,-63.64],[-56.44,-63.56],[-56.83,-63.45],[-56.7,-63.3],[-56.37,-63.49],[-56.21,-63.67],[-55.65,-63.72],[-55.57,-63.61],[-55.75,-63.33],[-55.25,-63.39],[-55.05,-63.35],[-55.08,-63.19],[-55.58,-63.1],[-55.75,-63.02],[-55.61,-62.9],[-55.31,-62.95],[-55.26,-62.81],[-55.77,-62.71],[-56.02,-62.71],[-56,-62.9],[-56.16,-62.96],[-56.42,-62.83],[-56.5,-62.67],[-56.9,-62.69],[-57.01,-62.77],[-57.46,-62.77],[-58,-63.02],[-58.47,-63.07],[-58.77,-63.04],[-59.07,-63.16],[-59,-63.29],[-59.29,-63.35],[-59.06,-63.55],[-59.09,-63.65],[-59.58,-63.64],[-60.13,-63.91],[-60.55,-63.91],[-60.51,-63.68],[-60.85,-63.57],[-61.25,-63.72],[-61.06,-63.94],[-61.22,-64.29],[-61.65,-64.34],[-61.67,-64.45],[-62.03,-64.49],[-62.2,-64.62],[-62.47,-64.54],[-62.15,-64.39],[-61.97,-64.12],[-61.6,-63.8],[-61.89,-63.74],[-61.95,-63.94],[-62.08,-64.02],[-62.42,-63.98],[-62.61,-63.89],[-62.88,-63.95],[-62.84,-64.3],[-63.34,-64.21],[-63.59,-64.12],[-63.85,-64.35],[-64.12,-64.48],[-64.34,-64.34],[-64.63,-64.49],[-64.67,-64.78],[-64.13,-64.95],[-64.49,-65.05],[-64.6,-65.15],[-64.67,-65.53],[-64.64,-65.69],[-65.03,-65.73],[-64.77,-65.27],[-64.83,-65.07],[-65.11,-65.08],[-65.26,-65.22],[-65.63,-65.31],[-65.85,-65.45],[-66.18,-65.48],[-66.45,-65.61],[-66.6,-65.89],[-67.06,-66.14],[-67.28,-66.14],[-67.46,-66.35],[-67.39,-66.5],[-66.92,-66.53],[-66.5,-66.14],[-66.45,-65.95],[-66.04,-66.09],[-66.69,-66.38],[-66.69,-66.69],[-66.87,-66.85],[-67.16,-66.73],[-67.55,-66.66],[-67.79,-66.53],[-68.37,-66.64],[-68.6,-66.86],[-68.7,-67.06],[-68.97,-67.3],[-69.21,-67.34],[-69.36,-67.53],[-69.77,-67.41],[-70,-67.55],[-69.31,-67.91],[-69.16,-68.13],[-68.74,-68.14],[-68.73,-68.01],[-68.36,-67.84],[-68.27,-67.67],[-67.82,-67.58],[-67.77,-67.84],[-67.97,-67.97],[-67.67,-68.06],[-67.6,-68.18],[-67.89,-68.24],[-67.48,-68.42],[-67.17,-68.7],[-67.6,-68.74],[-67.44,-69.05],[-67.52,-69.22],[-67.89,-69.28],[-68.46,-69.1],[-68.72,-69.19],[-68.83,-69.38],[-68.9,-69.47],[-68.61,-69.74],[-68.66,-69.96],[-69.01,-70.03],[-69.21,-69.9],[-69.24,-69.68],[-69.64,-69.3],[-69.95,-69.27],[-70,-68.96],[-70.16,-68.77],[-70.89,-68.71],[-71.06,-68.8],[-71.58,-68.83],[-71.88,-68.71],[-72.21,-68.83],[-72.41,-68.7],[-72.7,-68.83],[-72.3,-68.98],[-73.04,-69.16],[-73.05,-69.38],[-73.34,-69.42],[-73.18,-69.62],[-72.62,-69.81],[-72.91,-70.03],[-73.2,-70.07],[-74.33,-69.95],[-74.36,-69.75],[-74.61,-69.59],[-76.15,-69.67],[-76.14,-70.06],[-76.06,-70.16],[-74.6,-70.26],[-74.21,-70.44],[-74.3,-70.55],[-74.72,-70.6],[-75.26,-70.58],[-76.07,-70.81],[-76.53,-70.87],[-76.63,-70.99],[-76.48,-71.18],[-75.51,-71.17],[-75.24,-71.1],[-74.78,-71.11],[-74.3,-71.03],[-74.01,-71.18],[-74.83,-71.47],[-75.31,-71.54],[-75.64,-71.67],[-75.45,-71.97],[-74.9,-72.14],[-74.48,-72.13],[-74.08,-72.24],[-73.25,-72.13],[-73.1,-72.28],[-73.22,-72.5],[-72.51,-72.74],[-72.29,-73.1],[-72.65,-73.15],[-73.65,-73.07],[-74.16,-73.1],[-74.24,-72.89],[-74.36,-72.85],[-76.06,-72.77],[-76.44,-72.66],[-76.47,-72.54],[-77.05,-72.6],[-77.43,-72.39],[-77.88,-72.4],[-78.65,-72.25],[-79.69,-72.28],[-79.71,-72.57],[-79.24,-72.62],[-79.08,-72.79],[-79.34,-72.84],[-79.3,-73.04],[-78.93,-73.17],[-78.19,-73.12],[-78.58,-73.34],[-79.66,-72.98],[-80.37,-72.89],[-80.78,-73.03],[-80.69,-73.22],[-81.2,-73.19],[-81.43,-73.28],[-81.35,-73.63],[-81.81,-73.75],[-82.24,-73.77],[-83.25,-73.58],[-83.39,-73.5],[-85.03,-73.39],[-85.27,-73.26],[-85.45,-73.02],[-85.91,-72.99],[-86.11,-72.8],[-86.54,-72.63],[-86.97,-72.61],[-87.22,-72.49],[-87.97,-72.43],[-89.09,-72.4],[-89.75,-72.3],[-90,-72.33],[-91.02,-72.32],[-91.29,-72.27],[-91.84,-72.38],[-92.02,-72.6],[-92.43,-72.63],[-92.9,-72.5],[-93.39,-72.55],[-93.71,-72.49],[-94.18,-72.52],[-94.77,-72.41],[-95.16,-72.28],[-95.07,-72.07],[-95.6,-72.02],[-95.93,-71.73],[-96.28,-71.8],[-97.24,-71.8],[-98.47,-71.56],[-98.91,-71.61],[-99.19,-71.78],[-99.94,-71.78],[-100.43,-71.71],[-100.6,-71.85],[-100.98,-71.73],[-101.51,-71.76],[-101.78,-71.9],[-102.43,-71.97],[-102.74,-72.27],[-103.55,-72.22],[-103.54,-72.29],[-102.87,-72.55],[-102.91,-72.65],[-103.79,-72.68],[-103.55,-72.81],[-103.46,-73.19],[-102.96,-73.35],[-101.86,-73.33],[-101.65,-73.61],[-102.7,-73.55],[-103.28,-73.59],[-102.96,-74.03],[-103.63,-74.11],[-103.07,-74.31],[-102.79,-74.25],[-102.18,-74.28],[-102.44,-74.48],[-102.16,-74.66],[-101.82,-74.67],[-101.57,-74.82],[-102.09,-75.08],[-104.76,-75.04],[-105.39,-74.79],[-106.5,-74.79],[-106.9,-74.29],[-107.99,-74.3],[-108.61,-74.45],[-108.64,-74.7],[-108.28,-75],[-108.98,-75],[-109.2,-74.79],[-109.43,-74.78],[-110.09,-74.45],[-110.21,-74.18],[-110.96,-74.04],[-111.52,-74.04],[-112.03,-74.22],[-113.3,-74.17],[-113.51,-73.99],[-114.23,-73.82],[-114.92,-73.93],[-115.2,-74.1],[-115.91,-73.99],[-116.23,-73.84],[-116.64,-73.89],[-117.38,-74.05],[-118.66,-73.95],[-118.91,-73.77],[-119.63,-73.77],[-121.68,-73.66],[-123.21,-73.65],[-123.47,-73.84],[-124,-73.86],[-124.58,-73.69],[-124.84,-73.54],[-125.28,-73.58],[-125.54,-73.41],[-126.49,-73.18],[-126.97,-73.17],[-127.58,-73.39],[-127.39,-73.75],[-127.56,-73.93],[-128.11,-74.2],[-128.7,-74.34],[-129.98,-74.42],[-131.56,-74.3],[-131.95,-74.3],[-132.14,-74.37],[-132.65,-74.35],[-133.03,-74.43],[-133.79,-74.47],[-134.68,-74.56],[-135.48,-74.52],[-135.8,-74.6],[-136.41,-74.6],[-136.95,-74.75],[-137.24,-74.92],[-139.21,-75.02],[-139.41,-75.1],[-140.1,-75.13],[-140.95,-75.44],[-141.27,-75.44],[-141.86,-75.03],[-142.64,-75.08],[-142.39,-75.23],[-142.44,-75.41],[-143,-75.37],[-142.83,-75.07],[-143.37,-74.8],[-143.67,-74.85],[-142.91,-75.11],[-142.95,-75.2],[-143.71,-75.38],[-144.26,-75.33],[-145.24,-75.38],[-145.37,-75.06],[-145.92,-75.18],[-146.86,-75.24],[-146.99,-75.33],[-147.88,-75.52],[-148.53,-75.47],[-149.15,-75.62],[-149.78,-75.65],[-149.92,-76],[-149.52,-76.14],[-149.59,-76.25],[-150.19,-76.41],[-150.93,-76.41],[-151.19,-76.19],[-151.67,-76.12],[-152.5,-76.29],[-152.76,-76.24],[-153.83,-76.27],[-153.28,-76.43],[-152.13,-76.46],[-151.96,-76.8],[-151.72,-76.92],[-151.98,-77.12],[-152.46,-77.19],[-153.07,-77.19],[-154.04,-77.08],[-154.27,-77.01],[-157.08,-77.05],[-157.94,-76.96],[-158.65,-76.96],[-158.4,-77.2],[-158.42,-77.47],[-158.87,-77.92],[-162.44,-78.48],[-165.11,-78.61],[-169.04,-78.5],[-172.98,-78.38],[-176.91,-78.27],[-176.86,-78.12],[-180,-77.87],[-180,-77],[-180,-76],[-180,-74.5],[-180,-73],[-180,-72],[-180,-71],[-180,-69.5],[-180,-68.5],[-180,-67.5],[-180,-66.5],[-180,-65],[-180,-64],[-180,-62.5],[-180,-61.5],[-180,-60.5],[-180,-59.5],[-180,-58.5],[-180,-57],[-180,-56],[-180,-54.5],[-180,-53.5],[-180,-52],[-180,-51],[-180,-50],[-180,-49],[-180,-48],[-180,-47],[-180,-45.5],[-180,-44.5],[-180,-43.5],[-180,-42.5],[-180,-41.5],[-180,-40.5],[-180,-39.5],[-180,-38.5],[-180,-36.97],[-180,-35.5],[-180,-34.5],[-180,-33.5],[-180,-32.5],[-180,-31],[-180,-29.5],[-180,-28.5],[-180,-27],[-180,-25.5],[-180,-24],[-180,-22.5],[-180,-21],[-180,-20],[-180,-18.48],[-180,-16.99],[-179.75,-16.84],[-179.62,-16.8],[-179.59,-16.7],[-179.78,-16.62],[-179.78,-16.46],[-180,-16.21],[-179.8,-16.17],[-179.62,-16.21],[-179.44,-16.05],[-179.38,-16.19],[-179.5,-16.25],[-179.56,-16.43],[-179.42,-16.75],[-179.35,-16.6],[-179.39,-16.4],[-179.24,-16.33],[-179.22,-16.15],[-179.14,-16.13],[-179.23,-15.91],[-179.35,-15.91],[-179.51,-16.03],[-179.7,-16.07],[-179.91,-16.05],[-180,-16.09],[-180,-15],[-180,-13.5],[-180,-12.5],[-180,-11.8],[-179.91,-11.8],[-179.71,-11.99],[-179.76,-12.14],[-179.59,-12.31],[-179.39,-12.37],[-179.35,-12.23],[-179.23,-12.13],[-179.4,-12.07],[-179.73,-11.66],[-179.86,-11.61],[-180,-11.73],[-180,-10.5],[-180,-9.5],[-180,-8.5],[-180,-7.5],[-180,-6],[-180,-5],[-180,-4],[-180,-3],[-180,-1.5],[-180,0],[-180,1],[-180,2.5],[-180,3.5],[-180,4.5],[-180,5.5],[-180,6.5],[-180,7.5],[-180,9],[-180,10],[-180,11],[-180,12],[-180,13.5],[-180,14.5],[-180,16],[-180,17.5],[-180,18.5],[-180,20],[-180,21],[-180,22],[-180,23],[-180,24],[-180,25.5],[-180,27],[-180,28.5],[-180,30],[-180,31.5],[-180,33],[-180,34.5],[-180,35.5],[-180,37],[-180,38],[-180,39.5],[-180,40.5],[-180,42],[-180,43],[-180,44],[-180,45.24],[-180,46.5],[-180,47.5],[-180,48.5],[-180,50],[-180,51],[-180,52.02],[-179.82,52.12],[-179.76,52.36],[-179.5,52.51],[-179.73,52.58],[-179.86,52.4],[-180,52.45],[-180,54],[-180,55],[-180,56],[-180,57],[-180,58],[-180,59],[-180,60],[-180,60.93],[-179.76,60.95],[-179.58,60.87],[-179.41,61.11],[-179.26,61.16],[-178.99,61.4],[-178.75,61.32],[-179.05,61.05],[-179,60.92],[-178.79,60.85],[-178.46,60.32],[-178.6,60.1],[-178.97,60.13],[-178.84,59.89],[-178.17,59.53],[-177.77,59.7],[-177.52,59.43],[-177.69,59.17],[-178.09,59.28],[-178.41,59.24],[-178.29,59.05],[-177.79,58.88],[-177.44,58.69],[-177.19,58.61],[-176.03,58.59],[-175.6,58.42],[-175.3,58.4],[-175.38,58.63],[-174.66,58.68],[-174.5,58.44],[-174.31,58.32],[-174.13,58.11],[-173.69,57.77],[-174.17,57.64],[-173.9,57.58],[-173.91,57.45],[-173.67,57.16],[-173.47,57.22],[-173.58,57.52],[-173.15,57.58],[-173.07,57.47],[-173.28,57.31],[-173.42,57.07],[-173.31,56.73],[-172.65,56.52],[-172.4,56.67],[-172.15,56.55],[-171.81,56.48],[-171.58,56.5],[-171.26,56.26],[-171.02,56.26],[-170.83,56.17],[-170.44,56.13],[-170.15,56],[-169.58,56.06],[-169.68,56.28],[-169.43,56.31],[-168.98,56.19],[-168.87,56.26],[-168.59,56.24],[-168.38,56.12],[-168.41,56.02],[-168.83,55.94],[-168.75,55.68],[-168.53,55.6],[-168.22,55.64],[-168.21,55.5],[-167.88,55.41],[-167.66,55.21],[-167.08,54.94],[-166.43,54.81],[-165.48,54.78],[-165.45,54.68],[-165.69,54.44],[-165.98,54.29],[-167.09,53.97],[-167.37,53.74],[-167.67,53.58],[-168.19,53.61],[-168.59,53.45],[-168.81,53.24],[-169.34,52.93],[-169.51,52.9],[-169.53,53.09],[-169.96,53.14],[-170.3,53.06],[-170.32,52.79],[-170.17,52.67],[-169.91,52.73],[-169.76,52.54],[-169.64,52.51],[-169.43,52.64],[-169.05,52.64],[-168.5,52.85],[-167.74,53],[-167.47,53],[-166.22,53.43],[-165.64,53.55],[-165.43,53.69],[-165.13,53.76],[-164.77,53.7],[-163.72,53.81],[-163.34,53.91],[-162.94,54.05],[-162.79,54.03],[-162.42,54.17],[-162.19,54.05],[-161.69,54.09],[-161.27,54.3],[-160.52,54.28],[-160,54.41],[-159.58,54.4],[-158.43,54.66],[-158.3,54.84],[-158.14,54.74],[-157.27,54.98],[-157.17,55.09],[-156.45,55.23],[-156.09,55.37],[-155.92,55.55],[-155.73,55.52],[-155.54,55.64],[-155.27,55.69],[-155.01,55.82],[-154.87,55.98],[-154.45,56.05],[-154.23,55.94],[-154.04,56.02],[-153.69,55.93],[-153.55,56.01],[-153.56,56.16],[-153.2,56.31],[-152.87,56.29],[-152.54,56.52],[-152.23,56.49],[-151.91,56.62],[-151.43,57.09],[-151.09,57.22],[-150.92,57.22],[-150.55,57.41],[-149.97,57.8],[-150.23,57.88],[-150.29,58.14],[-150,58.16],[-149.79,58.08],[-149.61,57.87],[-149.33,58.05],[-149.2,57.97],[-148.96,58.01],[-148.78,58.26],[-148.57,58.37],[-148.5,58.57],[-148.72,58.71],[-148.97,58.73],[-149.3,58.85],[-149.74,58.76],[-150.12,58.92],[-150.05,59.09],[-149.66,59.14],[-149.08,58.99],[-148.76,59.02],[-148.52,59.11],[-148.19,58.98],[-147.81,59.06],[-147.88,59.21],[-146.78,59.26],[-146.05,59.38],[-145.73,59.54],[-145.3,59.47],[-144.96,59.56],[-144.61,59.53],[-144.25,59.66],[-143.73,59.61],[-143.53,59.64],[-143.73,59.89],[-143.41,59.94],[-143.13,59.69],[-142.81,59.73],[-142.67,59.81],[-142.27,59.5],[-141.8,59.26],[-141.61,59.27],[-141.5,59.41],[-140.84,59.61],[-140.71,59.62],[-140.14,59.47],[-140.23,59.41],[-140.71,59.48],[-141.01,59.4],[-141.14,59.24],[-140.94,58.87],[-140.6,58.7],[-140.43,58.75],[-139.94,58.66],[-139.8,58.55],[-139.46,58.73],[-138.99,58.84],[-138.95,58.76],[-139.44,58.57],[-139.43,58.45],[-139.15,58.27],[-138.76,58.17],[-138.64,58.09],[-137.73,57.97],[-137.32,57.88],[-137.13,58.08],[-136.71,58.08],[-136.83,57.92],[-136.76,57.74],[-136.51,57.61],[-136.36,57.43],[-136,56.84],[-135.81,56.79],[-135.45,56.26],[-134.71,56.13],[-134.6,56.26],[-134.59,56.74],[-134.77,57.14],[-134.82,57.62],[-134.65,57.55],[-134.68,57.25],[-134.6,56.95],[-134.46,56.8],[-134.36,56.43],[-134.36,56.14],[-134.47,56.02],[-134.9,55.96],[-135.07,55.88],[-134.92,55.69],[-134.5,55.72],[-134.28,55.61],[-134.54,55.54],[-134.68,55.4],[-134.54,55.3],[-134.16,55.24],[-134.27,55.08],[-134.07,54.82],[-133.8,54.73],[-133,54.68],[-132.65,54.58],[-132.42,54.61],[-132.16,54.56],[-131.92,54.75],[-131.94,55.22],[-132.07,55.41],[-131.95,55.47],[-131.84,55.18],[-131.65,54.95],[-131.63,54.65],[-131.53,54.51],[-131.9,54.27],[-132.51,54.3],[-132.83,54.25],[-133.07,54.31],[-133.23,54.26],[-133.51,54.06],[-133.5,53.96],[-133.24,53.74],[-132.88,53.32],[-132.62,53.07],[-131.47,52.23],[-130.93,51.8],[-130.82,51.93],[-130.92,52.14],[-130.65,52.16],[-130.48,52.24],[-130.34,52.61],[-130.35,53.04],[-130.17,53.05],[-129.95,52.95],[-129.84,52.76],[-129.86,52.61],[-129.74,52.42],[-129.56,52.31],[-129.37,51.87],[-129.81,51.63],[-129.86,51.48],[-129.59,51.32],[-128.56,51.47],[-128.57,51.4],[-128.94,51.24],[-129.26,51.15],[-129.52,50.91],[-129.33,50.74],[-128.88,50.69],[-128.66,50.61],[-128.51,50.45],[-128.15,50.26],[-128.01,50.06],[-127.83,50.03],[-127.63,49.77],[-127.5,49.74],[-127.21,49.49],[-127.13,49.34],[-126.93,49.21],[-126.8,49.05],[-126.59,49],[-126.46,48.82],[-126.28,48.77],[-126.11,48.47],[-125.68,48.24],[-125.55,47.96],[-125.33,48.04],[-125.1,47.82],[-125.06,47.62],[-124.8,47.41],[-124.96,47.15],[-124.82,46.74],[-124.55,46.55],[-124.53,46.46],[-124.69,46.03],[-124.66,45.88],[-124.43,45.61],[-124.31,45.24],[-124.35,45.04],[-124.58,44.77],[-124.63,44.57],[-124.95,44.24],[-124.96,43.99],[-124.88,43.93],[-124.6,43.9],[-124.58,43.5],[-124.68,43.36],[-124.72,43.15],[-124.86,43.04],[-124.73,42.79],[-124.7,42.58],[-124.77,42.49],[-124.6,42.25],[-124.6,42.09],[-124.49,41.81],[-124.49,41.45],[-124.36,41.1],[-124.53,40.64],[-124.64,40.51],[-124.51,40.37],[-124.47,40.21],[-124.21,40.05],[-123.96,39.62],[-123.97,39.13],[-123.93,38.89],[-123.42,38.25],[-123.51,38.08],[-123.35,37.81],[-123.07,37.66],[-122.86,37.31],[-122.6,37.02],[-122.39,36.99],[-122.15,36.82],[-122.01,36.79],[-122.01,36.5],[-122.06,36.35],[-121.99,36.25],[-121.77,36.17],[-121.53,35.91],[-121.46,35.74],[-121.31,35.58],[-121.1,35.45],[-120.88,35],[-120.88,34.73],[-120.73,34.5],[-120.42,34.38],[-120.24,34.41],[-119.83,34.35],[-119.53,34.11],[-120.18,34.14],[-120.48,34.21],[-120.56,34.05],[-120.38,33.92],[-120.13,33.87],[-120,33.65],[-119.87,33.68],[-119.84,33.93],[-119.68,33.92],[-119.33,33.98],[-119.26,34.06],[-118.81,33.96],[-118.67,33.98],[-118.62,33.84],[-118.23,33.57],[-118.05,33.58],[-117.83,33.51],[-117.38,33.1],[-117.34,33],[-117.4,32.81],[-117.4,32.6],[-117.3,32.38],[-117.14,32.16],[-116.97,32.16],[-116.91,31.95],[-116.78,31.71],[-116.85,31.6],[-116.63,31.28],[-116.62,31.14],[-116.51,31.01],[-116.41,30.77],[-116.22,30.53],[-116.13,30.27],[-115.99,30.05],[-115.84,29.69],[-115.24,28.92],[-115.2,28.71],[-115.32,28.53],[-115.31,28.4],[-115.43,28.22],[-115.56,28.34],[-115.67,28.22],[-115.57,27.92],[-115.32,27.74],[-115,27.63],[-114.7,27.22],[-114.57,27.2],[-114.3,26.95],[-114.06,26.66],[-113.86,26.58],[-113.85,26.41],[-113.54,26.09],[-113.36,26.07],[-113.36,25.85],[-113.18,25.66],[-113.06,25.35],[-112.96,25.45],[-113.04,25.7],[-112.74,25.48],[-112.67,25.3],[-112.56,25.2],[-112.5,25.02],[-112.65,24.92],[-112.49,24.69],[-112.07,24.32],[-111.92,24.04],[-111.76,24.04],[-111.63,24.19],[-111.19,24.01],[-110.85,23.65],[-110.83,23.54],[-110.6,23.34],[-110.43,23.5],[-110.28,23.38],[-110.11,22.94],[-110.03,22.86],[-109.86,22.86],[-109.63,23.01],[-109.47,23],[-109.36,23.11],[-109.4,23.25],[-109.38,23.48],[-109.46,23.65],[-109.66,23.71],[-109.69,23.85],[-109.78,23.93],[-109.75,24.17],[-109.86,24.37],[-110.01,24.32],[-110.21,24.38],[-110.28,24.61],[-110.61,24.56],[-110.47,24.77],[-110.55,25.06],[-110.7,25.2],[-110.87,25.18],[-110.97,25.42],[-111.06,26.13],[-111.26,26.14],[-111.27,26.28],[-111.41,26.43],[-111.42,26.58],[-111.53,26.75],[-111.74,26.9],[-112.03,27.25],[-112.22,27.34],[-112.34,27.59],[-112.64,27.79],[-112.63,28.08],[-112.67,28.36],[-112.83,28.52],[-113.01,28.53],[-113.16,28.84],[-113.44,29.04],[-113.71,29.4],[-113.99,29.66],[-114.19,29.89],[-114.3,30.16],[-114.24,30.25],[-113.95,30.49],[-113.78,30.39],[-113.75,30.21],[-113.5,29.8],[-113.15,29.74],[-112.94,29.6],[-112.79,29.26],[-112.6,29.18],[-112.54,29.09],[-112.66,28.74],[-112.22,28.47],[-112,28.25],[-111.69,28.11],[-111.44,28.09],[-111.31,27.99],[-110.84,27.74],[-110.77,27.68],[-110.63,27.29],[-110.22,26.85],[-109.85,26.58],[-109.67,26.38],[-109.65,26.19],[-109.79,26.12],[-109.65,25.93],[-109.53,25.66],[-109.4,25.59],[-109.4,25.44],[-109.27,25.32],[-109.14,25.3],[-109.06,25.13],[-108.8,24.9],[-108.63,24.93],[-108.49,24.87],[-108.4,24.75],[-108.15,24.59],[-108.18,24.33],[-108.14,24.17],[-107.99,24.05],[-107.8,24.01],[-107.72,23.92],[-107.44,23.81],[-107.35,23.65],[-107.08,23.41],[-106.81,23.28],[-106.75,23.14],[-106.46,22.83],[-106.45,22.68],[-106.34,22.53],[-106.31,22.21],[-106.37,22.03],[-106.32,21.84],[-106.35,21.7],[-106.15,21.65],[-105.81,21.39],[-105.67,21.39],[-105.53,21.19],[-105.64,20.93],[-105.79,20.89],[-105.92,20.69],[-105.76,20.64],[-105.6,20.67],[-105.36,20.55],[-105.59,20.5],[-105.73,20.42],[-105.76,20.25],[-105.64,20.09],[-105.54,19.84],[-105.28,19.52],[-104.87,19.19],[-104.56,19.09],[-104.45,18.99],[-104.03,18.8],[-103.97,18.69],[-103.69,18.5],[-103.47,18.27],[-103,18.09],[-102.8,17.97],[-102.6,17.94],[-102.55,17.81],[-101.91,17.88],[-101.72,17.66],[-101.68,17.55],[-100.96,17.16],[-100.48,17.02],[-100.34,16.93],[-100.06,16.85],[-99.66,16.55],[-99.33,16.59],[-99.11,16.54],[-98.82,16.38],[-98.83,16.22],[-98.54,16.11],[-98.27,16.16],[-98.03,15.99],[-97.79,15.92],[-97.65,15.92],[-97.46,15.85],[-97.24,15.86],[-96.96,15.7],[-96.52,15.63],[-96.35,15.64],[-95.7,15.8],[-95.49,15.8],[-95.2,15.85],[-94.97,15.68],[-94.96,15.92],[-94.86,15.93],[-94.75,15.75],[-94.43,15.75],[-94.19,15.56],[-93.96,15.45],[-94.07,15.32],[-94.03,15.13],[-93.93,15.01],[-93.67,14.82],[-93.56,14.97],[-93.42,14.92],[-93.21,14.66],[-93.24,14.46],[-93.06,14.35],[-92.89,14.45],[-92.75,14.38],[-92.38,14.02],[-92.13,14],[-92.11,13.83],[-91.18,13.32],[-90.94,13.32],[-90.82,13.49],[-90.82,13.67],[-90.74,13.76],[-90.62,13.73],[-90.41,13.25],[-90.11,13.09],[-90,13.1],[-89.82,13.08],[-89.76,12.94],[-89.54,12.91],[-89.37,12.73],[-89.06,12.55],[-88.95,12.56],[-88.81,12.44],[-88.59,12.63],[-88.36,12.62],[-88.21,12.5],[-88.11,12.3],[-87.88,12.05],[-87.64,11.93],[-87.46,11.89],[-87.43,11.77],[-87.2,11.6],[-87.2,11.51],[-87.02,11.38],[-86.92,11.24],[-86.73,11.07],[-86.67,10.94],[-86.51,10.78],[-86.34,10.85],[-86.15,10.68],[-86.16,10.41],[-85.76,9.89],[-85.67,9.74],[-85.43,9.7],[-85.3,9.55],[-85.12,9.49],[-84.89,9.58],[-84.81,9.56],[-84.67,9.23],[-84.44,9.3],[-84.28,9.24],[-84.18,9.04],[-84.21,8.86],[-84.06,8.74],[-84.06,8.65],[-83.88,8.48],[-83.71,8.41],[-83.49,8.41],[-83.16,8.33],[-82.99,8.19],[-82.99,8.02],[-82.86,7.98],[-82.77,8.2],[-82.32,7.63],[-82.3,7.46],[-82.21,7.44],[-82.11,7.7],[-81.99,7.68],[-81.91,7.57],[-81.95,7.4],[-81.83,7.18],[-81.48,7.21],[-81.23,7.25],[-80.96,7.18],[-80.63,7.2],[-80.38,7.16],[-79.91,7.34],[-79.77,7.49],[-79.34,7.75],[-78.98,7.61],[-78.52,7.57],[-78.04,7.32],[-77.8,7.06],[-77.76,6.73],[-77.56,6.55],[-77.45,6.54],[-77.54,6.26],[-77.52,6.16],[-77.32,5.79],[-77.34,5.68],[-77.54,5.62],[-77.58,5.46],[-77.52,5.33],[-77.58,5.19],[-77.47,5],[-77.43,4.73],[-77.57,4.48],[-77.63,4.19],[-77.63,3.91],[-77.73,3.68],[-77.75,3.46],[-77.88,3.24],[-78.09,3.17],[-78.23,2.98],[-78.44,2.77],[-78.65,2.75],[-78.76,2.81],[-78.95,2.68],[-78.76,2.57],[-78.69,2.43],[-78.79,2.17],[-78.89,2.03],[-78.95,1.82],[-79.06,1.66],[-79.12,1.47],[-79.39,1.21],[-79.68,1.12],[-79.82,1.16],[-79.95,1.32],[-80.18,0.92],[-80.22,0.72],[-80.34,0.58],[-80.38,0.3],[-80.55,0.21],[-80.6,0],[-80.84,-0.23],[-80.89,-0.34],[-80.85,-0.55],[-80.98,-0.78],[-81.01,-1.08],[-81.15,-1.23],[-81.19,-1.39],[-81.14,-1.63],[-81.16,-1.81],[-81.11,-2.01],[-81.18,-2.22],[-81.09,-2.54],[-80.93,-2.69],[-80.99,-3.11],[-80.95,-3.29],[-80.97,-3.71],[-81.1,-3.91],[-81.15,-4.06],[-81.31,-4.19],[-81.4,-4.41],[-81.45,-4.69],[-81.39,-5],[-81.39,-5.24],[-81.29,-5.49],[-81.31,-5.68],[-81.23,-6.06],[-81.09,-6.23],[-80.95,-6.56],[-80.79,-6.61],[-80.87,-6.79],[-80.8,-7.23],[-80.66,-7.42],[-80.34,-7.58],[-80.16,-7.93],[-80.25,-8.1],[-80.19,-8.22],[-80.01,-8.25],[-79.88,-8.44],[-79.9,-8.89],[-79.85,-9.01],[-79.48,-9.31],[-79.58,-9.52],[-79.52,-9.64],[-79.16,-9.85],[-78.95,-10.31],[-78.87,-10.41],[-78.68,-10.43],[-78.51,-10.3],[-78.41,-10.34],[-78.04,-10.94],[-77.95,-11.27],[-77.97,-11.44],[-77.81,-11.91],[-77.66,-12.04],[-77.51,-12.27],[-77.03,-12.64],[-76.84,-12.95],[-76.77,-13.43],[-76.34,-14.3],[-76.32,-14.51],[-75.83,-14.99],[-75.67,-15.07],[-75.33,-15.37],[-75.06,-15.54],[-74.7,-15.71],[-74.62,-15.8],[-74.47,-15.81],[-74.32,-15.89],[-74.12,-16.13],[-73.98,-16.14],[-73.89,-16.27],[-73.45,-16.4],[-73.34,-16.48],[-73.16,-16.5],[-73.1,-16.61],[-72.93,-16.67],[-72.79,-16.85],[-72.67,-16.89],[-72.4,-16.86],[-72.09,-17.08],[-71.99,-17.3],[-71.8,-17.44],[-71.62,-17.36],[-71.54,-17.41],[-71.44,-17.73],[-71.27,-17.85],[-71.01,-18.11],[-70.72,-18.35],[-70.61,-18.38],[-70.4,-18.6],[-70.43,-18.79],[-70.37,-19.11],[-70.41,-19.43],[-70.26,-19.66],[-70.22,-19.96],[-70.24,-20.23],[-70.36,-20.63],[-70.51,-20.74],[-70.36,-20.9],[-70.38,-21.12],[-70.27,-21.31],[-70.29,-22.24],[-70.34,-22.39],[-70.34,-22.7],[-70.46,-22.79],[-70.47,-22.95],[-70.63,-23.07],[-70.65,-23.51],[-70.54,-23.74],[-70.6,-24.08],[-70.55,-24.17],[-70.63,-24.33],[-70.6,-24.5],[-70.65,-24.64],[-70.62,-24.86],[-70.54,-24.95],[-70.57,-25.1],[-70.53,-25.34],[-70.67,-25.48],[-70.77,-25.75],[-70.7,-26.04],[-70.81,-26.29],[-70.77,-26.54],[-70.89,-26.78],[-70.89,-26.93],[-71.03,-27.19],[-71.04,-27.61],[-71.23,-28.05],[-71.23,-28.22],[-71.35,-28.58],[-71.34,-28.67],[-71.55,-28.8],[-71.56,-29.12],[-71.61,-29.38],[-71.42,-29.45],[-71.39,-29.83],[-71.48,-30.13],[-71.68,-30.23],[-71.75,-30.52],[-71.7,-30.94],[-71.71,-31.23],[-71.64,-31.43],[-71.68,-31.67],[-71.58,-32],[-71.57,-32.44],[-71.65,-32.61],[-71.65,-32.84],[-71.83,-33.03],[-71.86,-33.39],[-71.81,-33.55],[-72.07,-33.8],[-72.21,-34.06],[-72.16,-34.24],[-72.21,-34.53],[-72.17,-34.67],[-72.35,-34.87],[-72.53,-34.87],[-72.64,-35.08],[-72.57,-35.22],[-72.87,-35.32],[-73.02,-35.49],[-73.05,-35.78],[-72.93,-35.99],[-73.02,-36.14],[-73.21,-36.17],[-73.41,-36.04],[-73.54,-36.18],[-73.56,-36.67],[-73.43,-36.84],[-73.67,-36.97],[-73.77,-37.1],[-73.8,-37.44],[-73.77,-37.71],[-73.92,-37.93],[-73.77,-38.12],[-73.85,-38.27],[-74.04,-38.22],[-74.11,-38.36],[-73.91,-38.56],[-73.89,-38.78],[-73.75,-38.96],[-73.89,-39.16],[-73.88,-39.47],[-74.02,-39.73],[-73.92,-39.96],[-74.01,-40.04],[-73.94,-40.18],[-74.15,-40.39],[-74.25,-40.78],[-74.18,-41.15],[-74.25,-41.33],[-74.18,-41.54],[-74.3,-41.78],[-74.44,-41.77],[-74.41,-41.55],[-74.67,-41.65],[-74.79,-41.95],[-74.68,-42.05],[-74.8,-42.19],[-74.63,-42.25],[-74.6,-42.42],[-74.4,-42.53],[-74.66,-42.59],[-74.97,-42.87],[-74.94,-43.21],[-74.99,-43.37],[-74.95,-43.53],[-75.17,-43.51],[-75.16,-43.63],[-74.95,-43.77],[-75.19,-43.96],[-75.08,-44.06],[-74.85,-44.07],[-74.96,-44.27],[-75.2,-44.25],[-75.3,-44.34],[-75.27,-44.63],[-75.45,-44.74],[-75.42,-44.92],[-75.16,-45.06],[-74.92,-45.11],[-74.93,-45.35],[-75.27,-45.27],[-75.33,-45.31],[-75.55,-45.81],[-75.45,-46.02],[-75.47,-46.18],[-75.38,-46.34],[-75.6,-46.41],[-75.59,-46.54],[-75.73,-46.62],[-75.74,-46.8],[-75.52,-47],[-75.57,-47.15],[-75.53,-47.36],[-75.71,-47.97],[-75.89,-48.06],[-75.95,-48.62],[-75.86,-48.76],[-75.98,-48.9],[-75.98,-49.26],[-75.91,-49.41],[-75.92,-49.7],[-75.82,-50.01],[-75.89,-50.46],[-76.07,-50.56],[-76.1,-50.83],[-75.91,-51.01],[-75.87,-51.21],[-75.71,-51.42],[-75.78,-51.6],[-75.73,-51.78],[-75.83,-51.95],[-75.68,-52.2],[-75.37,-52.46],[-75.24,-52.83],[-74.85,-53.11],[-74.81,-53.24],[-74.59,-53.46],[-74.44,-53.52],[-74.29,-53.79],[-74,-53.93],[-73.96,-54.11],[-73.61,-54.01],[-73.25,-54.25],[-73.36,-54.61],[-72.86,-54.83],[-72.79,-54.93],[-72.38,-55.07],[-72.19,-55.03],[-72.07,-55.14],[-71.73,-55.12],[-71.64,-55.02],[-71.11,-55.17],[-71.13,-55.45],[-70.81,-55.53],[-70.61,-55.67],[-70.41,-55.89],[-70.01,-55.99],[-69.75,-56.11],[-69.57,-56.4],[-68.95,-56.64],[-68.67,-56.65],[-68.4,-56.75],[-68.14,-56.75],[-67.89,-56.93],[-67.79,-56.83],[-67.07,-56.48],[-66.95,-56.32],[-66.78,-56.26],[-66.28,-55.79],[-66.02,-55.29],[-65.98,-55.09],[-65.36,-55.04],[-65.3,-54.95],[-64.85,-54.93],[-64.34,-54.95],[-63.99,-54.9],[-63.36,-54.65],[-63.46,-54.53],[-63.38,-54.29],[-63.65,-54.06],[-63.86,-53.97],[-63.96,-53.8],[-64.05,-53.49],[-64.23,-53.4],[-64.48,-53.13],[-64.36,-52.95],[-64.59,-52.92],[-64.56,-52.73],[-64.43,-52.62],[-64.27,-52.28],[-63.91,-52.1],[-63.66,-52.21],[-63.2,-51.91],[-62.96,-51.7],[-62.95,-51.57],[-62.51,-51.57],[-62.36,-51.46],[-62.45,-51.3],[-62.38,-51.23],[-62.01,-51.21],[-61.94,-51.31],[-62.03,-51.63],[-62.18,-51.74],[-61.91,-51.84],[-61.69,-52.08],[-61.2,-52.37],[-60.93,-52.46],[-60.59,-52.52],[-60.41,-52.69],[-60.23,-52.68],[-59.95,-52.92],[-59.45,-53.05],[-59.13,-53.06],[-58.93,-53],[-58.73,-52.76],[-58.5,-52.58],[-58.29,-52.53],[-58.1,-52.39],[-57.76,-52.22],[-57.52,-52],[-57.5,-51.9],[-57.21,-51.51],[-57.09,-51.28],[-56.91,-51.16],[-56.87,-50.95],[-57.48,-50.56],[-57.62,-50.56],[-57.95,-50.35],[-58.34,-50.34],[-58.42,-50.25],[-58.78,-50.31],[-58.9,-50.43],[-59.11,-50.38],[-59.03,-50.2],[-58.77,-50.06],[-58.75,-49.88],[-58.93,-49.88],[-59.14,-50.13],[-59.34,-50.09],[-59.66,-50.26],[-59.95,-50.25],[-60.09,-49.93],[-59.82,-49.85],[-59.77,-49.71],[-60.12,-49.47],[-60.41,-49.5],[-60.69,-49.36],[-60.69,-49.15],[-60.89,-49.15],[-61.17,-49.08],[-61.31,-48.97],[-61.3,-48.79],[-61.4,-48.64],[-61.07,-48.45],[-61.01,-48.33],[-61.14,-47.9],[-61.06,-47.38],[-61.18,-47.2],[-61.01,-47.15],[-60.7,-46.81],[-60.45,-46.6],[-60.39,-46.39],[-60.25,-46.28],[-60.13,-46],[-60.14,-45.58],[-60.07,-45.43],[-59.99,-45.06],[-59.99,-44.59],[-59.9,-44.48],[-59.9,-44.28],[-59.8,-44.18],[-59.8,-44.01],[-60.22,-43.95],[-60.37,-43.81],[-59.94,-43.66],[-59.72,-43.39],[-59.58,-43.51],[-59.3,-43.29],[-59.21,-43.02],[-58.92,-42.89],[-58.74,-42.65],[-58.54,-42.51],[-58.49,-42.37],[-58.12,-42.11],[-57.57,-41.61],[-57.46,-41.45],[-57.29,-41.41],[-57.3,-41.15],[-57.14,-41.13],[-56.99,-40.86],[-56.78,-40.75],[-56.31,-40.24],[-55.9,-39.62],[-55.66,-39.06],[-55.46,-38.78],[-55.34,-38.33],[-55.25,-38.19],[-55.21,-37.96],[-54.8,-37.49],[-54.26,-37.03],[-54.25,-36.97],[-54.07,-36.91],[-53.73,-36.46],[-53.44,-36.26],[-53.25,-36.19],[-53.08,-36.01],[-52.99,-35.83],[-53.08,-35.61],[-52.93,-35.48],[-52.8,-35.62],[-52.54,-35.42],[-52.51,-35.26],[-52.35,-35.05],[-52.14,-34.85],[-51.96,-34.59],[-51.95,-34.43],[-51.69,-34.27],[-51.74,-34.12],[-51.49,-33.91],[-51.46,-33.75],[-51.24,-33.64],[-50.93,-33.57],[-50.85,-33.43],[-50.69,-33.39],[-50.44,-33.02],[-50.46,-32.82],[-50.25,-32.35],[-50.11,-32.13],[-50.08,-31.96],[-49.86,-31.55],[-49.69,-31.33],[-49.56,-31.24],[-49.27,-30.91],[-49.1,-30.83],[-48.59,-30.45],[-48.68,-30.33],[-48.7,-30.13],[-48.54,-30.15],[-48.32,-30.07],[-48.37,-29.9],[-48.25,-29.76],[-48.24,-29.6],[-48.15,-29.45],[-48.13,-29.23],[-47.95,-29.06],[-47.85,-28.86],[-47.71,-28.7],[-47.39,-28.55],[-47.32,-28.1],[-47.39,-28],[-47.62,-28.02],[-47.59,-27.9],[-47.37,-27.78],[-47.34,-27.49],[-47.03,-27.11],[-46.66,-26.81],[-46.74,-26.71],[-46.63,-26.36],[-46.46,-26.18],[-46.3,-26.14],[-46.19,-25.99],[-45.81,-25.75],[-45.64,-25.86],[-45.51,-25.8],[-45.34,-25.84],[-44.48,-24.51],[-44.4,-24.43],[-44.06,-24.26],[-43.95,-24.28],[-43.63,-24.2],[-43,-23.9],[-42.15,-23.59],[-42.01,-23.52],[-41.91,-23.66],[-41.64,-23.79],[-41.37,-23.66],[-41.12,-23.43],[-40.88,-23.02],[-40.53,-22.56],[-40.02,-22.18],[-40.03,-21.95],[-40.13,-21.78],[-40.16,-21.58],[-40.24,-21.44],[-40.24,-21.1],[-40.08,-20.88],[-39.91,-20.71],[-39.91,-20.56],[-39.83,-20.44],[-39.75,-20.06],[-39.61,-19.85],[-39.24,-19.61],[-39.13,-19.57],[-38.56,-19.54],[-38.04,-19.35],[-37.86,-19.11],[-37.89,-18.88],[-37.86,-18.6],[-37.76,-18.29],[-37.32,-18.09],[-37.29,-17.87],[-37.53,-17.7],[-37.72,-17.71],[-37.84,-17.62],[-38.02,-17.6],[-38.11,-17.51],[-38.39,-17.42],[-38.62,-17.15],[-38.66,-16.91],[-38.64,-16.65],[-38.37,-16.39],[-37.96,-16.29],[-37.94,-16],[-38.07,-15.91],[-38.44,-15.91],[-38.63,-15.79],[-38.63,-15.5],[-38.73,-15.19],[-38.8,-15.11],[-38.9,-14.66],[-38.87,-14.27],[-38.8,-14],[-38.73,-13.87],[-38.72,-13.35],[-38.54,-13.19],[-37.99,-12.84],[-37.87,-12.59],[-37.6,-12.35],[-37.41,-11.97],[-37.31,-11.86],[-37.24,-11.61],[-37.04,-11.33],[-36.85,-11.2],[-36.77,-11],[-36.66,-11.01],[-36.42,-10.84],[-36.29,-10.68],[-36.16,-10.65],[-35.89,-10.27],[-35.84,-10.14],[-35.66,-9.98],[-35.45,-9.89],[-35.06,-9.47],[-34.91,-9.19],[-34.76,-8.85],[-34.75,-8.61],[-34.49,-8],[-34.44,-7.83],[-34.44,-7.21],[-34.48,-7.09],[-34.71,-6.6],[-34.75,-6.26],[-34.84,-6.21],[-34.87,-6.02],[-34.97,-5.82],[-34.94,-5.56],[-35.09,-4.87],[-35.15,-4.75],[-35.37,-4.69],[-35.66,-4.7],[-35.97,-4.82],[-36.38,-4.77],[-36.47,-4.7],[-36.94,-4.53],[-37.24,-4.17],[-37.43,-4.03],[-37.58,-3.86],[-37.79,-3.7],[-38.18,-3.28],[-38.59,-3.14],[-39.06,-2.78],[-39.33,-2.44],[-39.91,-2.14],[-40.36,-2.06],[-40.59,-2.12],[-40.71,-2.1],[-40.89,-1.91],[-41.01,-2.06],[-41.66,-2.18],[-41.8,-2.11],[-42.02,-2.13],[-42.26,-2.03],[-42.55,-2.01],[-42.86,-1.87],[-43.31,-1.39],[-43.36,-1.22],[-43.56,-0.99],[-43.58,-0.91],[-43.79,-0.62],[-44.3,-0.11],[-44.34,0],[-44.5,0.18],[-44.62,0.19],[-44.71,0.32],[-45.11,0.38],[-45.35,0.46],[-45.47,0.58],[-46.15,0.94],[-46.46,1.18],[-46.51,1.33],[-46.95,1.69],[-46.96,1.85],[-47.32,2.05],[-47.49,2.26],[-47.63,2.53],[-47.86,2.71],[-47.9,2.84],[-48.16,3.03],[-48.35,3.29],[-48.47,3.31],[-48.62,3.5],[-48.68,3.68],[-49.11,3.82],[-49.22,3.99],[-49.8,4.29],[-49.99,4.46],[-50,4.58],[-50.33,4.77],[-50.51,5.09],[-50.67,5.2],[-50.69,5.38],[-50.82,5.43],[-50.93,5.3],[-51.07,5.53],[-51.5,5.91],[-51.86,6.08],[-52.07,6.01],[-52.39,6.03],[-52.46,6.2],[-52.57,6.28],[-52.51,6.44],[-52.27,6.41],[-52.39,6.58],[-52.59,6.76],[-53.23,7.06],[-53.42,7.23],[-53.73,7.3],[-53.92,7.4],[-54.07,7.33],[-54.3,7.44],[-54.5,7.4],[-54.67,7.44],[-54.86,7.4],[-54.99,7.42],[-55.19,7.3],[-55.38,7.37],[-55.53,7.25],[-55.67,7.28],[-55.85,7.09],[-55.96,7.11],[-56.19,7.26],[-56.41,7.3],[-56.5,7.45],[-56.78,7.63],[-56.99,7.7],[-57.44,8],[-57.64,8.1],[-57.82,8.1],[-58.12,8.29],[-58.24,8.44],[-58.42,8.5],[-58.53,8.6],[-58.72,8.67],[-58.84,8.79],[-59.25,9.08],[-59.28,9.18],[-59.45,9.4],[-59.69,9.55],[-59.9,9.88],[-60.05,10.04],[-60.11,10.2],[-60.27,10.3],[-60.31,10.4],[-60.26,10.8],[-60.37,11.07],[-60.47,11.2],[-60.51,11.39],[-60.69,11.36],[-60.87,11.43],[-61.06,11.41],[-61.56,11.47],[-61.71,11.53],[-61.93,11.45],[-62.21,11.46],[-62.41,11.52],[-62.78,11.55],[-62.9,11.51],[-63.09,11.6],[-63.3,11.6],[-63.49,11.65],[-63.83,11.6],[-64.19,11.5],[-64.46,11.31],[-64.65,11.26],[-64.81,11.15],[-65.67,11.14],[-65.9,11.09],[-66.22,10.82],[-66.52,10.71],[-66.97,10.67],[-67.2,10.59],[-67.77,10.54],[-67.84,10.59],[-67.96,10.83],[-68.22,11.19],[-68.58,11.46],[-68.83,11.5],[-68.99,11.6],[-69.23,11.64],[-69.57,11.84],[-69.74,12.03],[-69.75,12.22],[-69.85,12.34],[-69.85,12.46],[-70.03,12.65],[-70.24,12.58],[-70.43,12.61],[-70.54,12.73],[-70.85,12.79],[-71.13,12.63],[-71.55,12.58],[-71.95,12.48],[-72.19,12.37],[-72.48,12.35],[-72.63,12.14],[-72.92,12.06],[-72.97,11.88],[-73.17,11.82],[-73.2,11.62],[-73.41,11.45],[-73.65,11.38],[-74.06,11.42],[-74.22,11.37],[-74.36,11.14],[-74.59,11.12],[-74.75,11.17],[-75.06,11.07],[-75.29,11.07],[-75.45,11.01],[-75.6,10.81],[-75.61,10.58],[-75.83,10.38],[-75.89,10.22],[-76.05,10.09],[-76.25,9.79],[-76.44,9.39],[-76.51,9.16],[-76.79,8.95],[-77.04,8.91],[-77.29,8.84],[-77.49,8.99],[-77.66,9.02],[-77.87,9.27],[-78.33,9.52],[-78.47,9.53],[-78.64,9.63],[-79,9.63],[-79.36,9.75],[-79.69,9.71],[-80.03,9.51],[-80.13,9.41],[-80.59,9.22],[-80.87,8.98],[-81.13,8.92],[-81.34,8.91],[-81.46,8.98],[-81.41,9.18],[-81.55,9.19],[-81.7,9.27],[-81.85,9.28],[-81.96,9.36],[-82.11,9.36],[-82.22,9.49],[-82.7,9.73],[-82.89,10.01],[-83.11,10.13],[-83.47,10.76],[-83.47,10.95],[-83.54,11.15],[-83.5,11.26],[-83.24,11.48],[-83.19,11.68],[-83.05,11.78],[-82.91,11.99],[-82.79,12.08],[-82.7,12.25],[-82.48,12.46],[-82.36,12.73],[-82.35,13.05],[-82.07,13.47],[-81.95,13.76],[-81.98,13.9],[-81.94,14.18],[-81.82,14.52],[-81.66,14.68],[-81.54,14.89],[-81.62,15.31],[-81.32,15.29],[-81.14,15.22],[-81.02,15.26],[-80.99,15.41],[-80.91,15.5],[-81.02,15.63],[-81.04,15.77],[-81.22,16.28],[-80.99,15.96],[-80.82,15.97],[-80.88,16.12],[-81.09,16.47],[-81.38,16.54],[-81.59,16.38],[-81.77,16.46],[-81.8,16.57],[-82.04,16.83],[-82.15,16.81],[-82.25,16.62],[-82.4,16.7],[-82.61,16.62],[-82.84,16.66],[-83.05,16.49],[-83.51,16.37],[-83.7,16.22],[-84.21,16.09],[-84.75,16.14],[-85.18,16.06],[-85.46,16.13],[-85.64,16.26],[-86.69,16.06],[-86.87,16.18],[-87.11,16.06],[-87.27,16.13],[-87.52,16.09],[-87.71,15.98],[-87.91,15.97],[-88.15,15.8],[-88.23,15.85],[-88.26,16.04],[-88.12,16.3],[-87.95,16.52],[-88.02,16.78],[-87.96,17.06],[-87.77,17.29],[-87.7,17.6],[-87.77,17.67],[-88.01,17.57],[-87.93,17.86],[-87.79,18.13],[-87.76,18.34],[-87.59,18.77],[-87.52,19.07],[-87.37,19.17],[-87.4,19.41],[-87.34,19.86],[-87.43,19.99],[-87.3,20.1],[-87.2,20.4],[-87.13,20.26],[-86.96,20.25],[-86.71,20.5],[-86.64,20.66],[-86.78,20.81],[-86.63,21.1],[-86.54,21.15],[-86.39,21.46],[-86.49,21.99],[-86.56,22.16],[-86.75,22.35],[-86.92,22.41],[-86.97,22.59],[-87.11,22.88],[-87.14,23.28],[-87.11,23.4],[-87.27,23.58],[-87.71,23.73],[-88.12,23.9],[-88.39,23.72],[-88.53,23.81],[-88.55,23.98],[-88.76,23.98],[-89.08,23.72],[-89.2,23.44],[-89.34,23.25],[-89.55,23.26],[-89.8,23.17],[-90.03,22.95],[-90.17,22.92],[-90.33,22.71],[-90.73,22.54],[-91.39,22.43],[-91.53,22.33],[-91.67,22.3],[-92.01,22.16],[-92.2,22.14],[-92.42,21.92],[-92.49,21.53],[-92.47,21.41],[-92.51,21.05],[-92.47,20.72],[-92.2,20.17],[-92.23,19.9],[-92.66,19.61],[-92.85,19.28],[-92.98,19.25],[-92.98,19.09],[-93.14,19.06],[-93.23,18.97],[-93.5,18.94],[-93.69,18.82],[-93.95,18.73],[-94.18,18.7],[-94.83,18.76],[-94.96,18.85],[-95.44,18.98],[-95.71,19.23],[-95.83,19.28],[-96.02,19.52],[-96.28,20.02],[-96.59,20.41],[-96.6,20.56],[-96.82,20.79],[-97,21.27],[-97.04,21.48],[-97.16,21.66],[-97.35,22.1],[-97.44,22.59],[-97.39,22.77],[-97.38,23.37],[-97.32,23.7],[-97.05,24.32],[-96.91,24.32],[-96.91,24.56],[-96.76,24.85],[-96.57,25.04],[-96.35,25.59],[-96.33,26.53],[-96.45,26.74],[-96.4,27.07],[-96.16,27.41],[-95.65,27.71],[-94.72,27.87],[-94.34,27.82],[-94.07,27.85],[-93.67,27.76],[-93.55,27.81],[-93.34,27.75],[-93.11,27.84],[-92.89,27.82],[-92.77,27.92],[-92.38,27.87],[-92.23,27.92],[-92.06,27.87],[-91.78,27.86],[-91.62,27.97],[-91.46,27.91],[-91.35,27.99],[-91.12,27.95],[-90.87,28.02],[-90.58,28.04],[-90.14,28.16],[-89.9,28.33],[-89.96,28.54],[-89.9,28.64],[-89.69,28.57],[-89.37,28.59],[-89.18,28.81],[-88.48,29.19],[-88.22,29.21],[-88.05,29.29],[-87.86,29.28],[-87.58,29.38],[-87.43,29.47],[-87.25,29.7],[-87.04,29.8],[-86.56,29.57],[-86.15,29.31],[-85.83,28.98],[-85.58,28.59],[-84.83,27.97],[-84.73,27.79],[-84.59,26.81],[-84.56,26.65],[-84.42,26.48],[-84.36,25.93],[-84.42,25.7],[-84.38,25.47],[-84.15,24.99],[-84.07,24.89],[-83.56,24.53],[-83.07,24.35],[-82.57,24.3],[-81.14,24.38],[-80.91,24.57],[-80.75,24.58],[-80.67,24.67],[-80.4,24.79],[-80.18,25.02],[-80.03,25.35],[-80.06,25.88],[-79.91,26.86],[-79.95,28.21],[-79.96,28.66],[-80.2,29.65],[-80.2,30.22],[-80.03,30.75],[-79.96,30.84],[-79.63,31.43],[-78.66,32.5],[-78.55,32.57],[-78.31,32.61],[-78.12,32.76],[-77.12,33.27],[-76.8,33.55],[-76.39,33.87],[-75.8,34.47],[-75.21,35.08],[-75.03,35.22],[-74.83,35.45],[-74.8,35.61],[-74.85,35.87],[-74.78,36.05],[-74.78,36.37],[-74.63,36.77],[-74.62,37.03],[-74.54,37.13],[-74.47,37.42],[-73.91,38.02],[-73.71,38.16],[-73.53,38.42],[-73.36,38.45],[-72.62,39.17],[-72.32,39.32],[-72.28,39.51],[-72.12,39.55],[-71.95,39.75],[-71.73,39.89],[-71.44,39.94],[-71.16,40.07],[-70.63,40.02],[-70.23,40.06],[-69.92,39.93],[-69.34,39.97],[-68.16,40.28],[-67.37,40.48],[-67.07,40.67],[-66.84,40.75],[-66.14,41.36],[-65.99,41.47],[-65.73,41.86],[-65.84,42.02],[-66.08,42.16],[-66.88,42.21],[-67.15,42.23],[-67.45,42.15],[-67.63,42.2],[-67.94,42.1],[-68.17,41.9],[-68.31,41.91],[-68.24,42.11],[-67.78,42.38],[-67.98,42.55],[-67.9,42.63],[-67.64,42.65],[-67.51,42.73],[-67.73,42.82],[-67.48,43.06],[-67.17,43.09],[-66.99,42.98],[-67.04,42.78],[-66.97,42.7],[-66.69,42.58],[-66.19,42.56],[-65.9,42.41],[-65.58,42.14],[-65.45,42.15],[-65.15,42.32],[-64.5,42.56],[-64.17,42.74],[-63.9,42.82],[-62.68,42.86],[-62.45,42.99],[-62.31,42.95],[-61.75,43.01],[-61.22,43.28],[-60.93,43.28],[-60.55,43.42],[-60.23,43.45],[-60.09,43.54],[-59.35,43.66],[-59.1,43.75],[-59.01,44.09],[-58.84,43.93],[-58.26,44.15],[-57.98,44.31],[-57.55,44.33],[-57.24,44.49],[-57.19,44.57],[-57.26,44.77],[-57.67,45.17],[-57.77,45.38],[-58.01,45.62],[-58.05,45.73],[-58.28,45.91],[-58.48,45.97],[-59.89,46.92],[-60.17,47.07],[-60.09,47.24],[-60.31,47.29],[-60.29,47.43],[-60.43,47.51],[-60.56,47.72],[-60.79,47.9],[-61.12,48.08],[-62.08,48.34],[-62.54,48.37],[-62.8,48.41],[-63.11,48.53],[-63.35,48.75],[-63.81,48.87],[-63.98,48.87],[-64.24,49.01],[-64.77,49.23],[-65.29,49.32],[-65.75,49.33],[-66.79,49.18],[-67,49.06],[-67.58,48.95],[-68.06,48.78],[-68.32,48.87],[-68.23,48.98],[-68.03,49.02],[-67.75,49.23],[-67.28,49.27],[-66.93,49.52],[-66.85,49.82],[-66.52,49.97],[-66.39,49.95],[-66.11,50.03],[-65.92,49.93],[-65.73,49.93],[-65.39,49.81],[-65.11,49.78],[-64.75,49.69],[-64.58,49.69],[-63.86,49.49],[-63.62,49.3],[-63.14,49.13],[-62.92,49.11],[-62.3,48.94],[-61.41,48.89],[-61.12,48.82],[-60.77,48.81],[-60.53,49.04],[-60.58,49.1],[-61.29,49.45],[-61.8,49.54],[-61.99,49.61],[-62.27,49.63],[-62.35,49.73],[-62.2,49.85],[-60.78,49.83],[-60.36,49.62],[-60.11,49.39],[-59.97,49.4],[-59.68,49.83],[-59.49,49.97],[-59.13,50.12],[-58.83,50.19],[-58.53,50.33],[-57.59,50.69],[-57.64,50.43],[-57.98,50.14],[-58.19,50.12],[-58.81,49.81],[-58.89,49.67],[-59.11,49.54],[-59.25,49.24],[-59.55,48.88],[-59.72,48.6],[-59.7,48.26],[-59.57,48.14],[-59.55,47.91],[-59.27,47.53],[-58.87,47.43],[-58.45,47.29],[-58.24,47.36],[-58.34,47.57],[-57.99,47.53],[-57.53,47.55],[-57.47,47.38],[-57.71,47.39],[-57.83,47.26],[-58.11,47.16],[-58.05,46.99],[-57.87,46.88],[-57.5,47.09],[-57.17,47.36],[-56.78,47.36],[-56.61,47.53],[-56.18,47.6],[-56.24,47.41],[-56.66,47.12],[-56.87,47.05],[-57.43,46.71],[-57.43,46.5],[-57.26,46.25],[-56.92,45.97],[-56.87,45.85],[-56.47,45.46],[-56.25,45.22],[-56.08,44.91],[-55.88,44.9],[-55.49,45.08],[-55.35,45.03],[-55.14,45.15],[-54.95,45.08],[-54.51,45.11],[-54.26,44.79],[-54.12,44.8],[-53.71,44.58],[-53.59,44.47],[-53.42,44.48],[-53.22,44.39],[-53.01,44.41],[-52.82,44.12],[-52.34,43.79],[-52.13,43.71],[-51.89,43.49],[-51.65,43.41],[-50.51,42.86],[-49.91,42.93],[-49.6,43.21],[-49.55,43.37],[-49.39,43.4],[-49.45,43.56],[-49.12,43.92],[-49.19,44.07],[-49.03,44.12],[-49,44.38],[-49.09,44.55],[-49.05,44.69],[-49.13,44.89],[-48.88,45.08],[-48.68,45.51],[-48.4,45.58],[-48.28,45.7],[-47.84,45.93],[-47.6,46.26],[-47.42,46.6],[-47.42,46.79],[-47.51,46.99],[-47.63,47.09],[-47.52,47.21],[-47.73,47.26],[-48.04,47.43],[-48.17,47.59],[-48.6,47.69],[-48.74,47.79],[-49.82,48.15],[-50,48.32],[-50.11,48.56],[-50.24,48.61],[-50.89,48.61],[-51.02,48.68],[-51.49,48.69],[-51.84,48.5],[-52.12,48.44],[-52.35,48.49],[-52.54,48.36],[-52.73,48.34],[-53.13,48.12],[-53.2,48.25],[-52.79,48.54],[-52.69,48.73],[-52.77,48.89],[-52.93,48.99],[-53.36,48.71],[-53.54,48.75],[-53.32,49.06],[-53.09,49.23],[-53.13,49.45],[-53.06,49.62],[-53.08,49.81],[-53.39,49.94],[-53.49,50.07],[-53.9,50.09],[-54.23,49.88],[-54.49,49.81],[-54.81,49.78],[-55.01,49.6],[-55.37,49.57],[-55.69,49.74],[-55.66,49.81],[-55.22,50],[-55.03,49.98],[-54.68,50.12],[-55.11,50.15],[-55.27,50.21],[-55.61,50.1],[-55.69,50.26],[-55.88,50.3],[-56.15,50.21],[-56.49,49.95],[-56.65,49.99],[-56.35,50.36],[-55.93,50.46],[-55.77,50.57],[-55.32,50.52],[-55.19,50.33],[-54.96,50.47],[-54.77,50.73],[-54.6,50.83],[-54.69,51.46],[-54.53,51.59],[-54.71,51.67],[-54.86,51.85],[-55.11,51.9],[-54.99,52.08],[-54.77,51.98],[-54.21,52.01],[-54.39,52.13],[-54.47,52.3],[-54.64,52.42],[-54.2,52.46],[-54.26,52.59],[-54.53,52.63],[-54.47,52.82],[-54.8,52.81],[-54.98,53.19],[-55.15,53.26],[-55.14,53.41],[-55.31,53.53],[-55.43,53.76],[-55.21,53.8],[-54.86,53.57],[-54.26,53.33],[-53.82,53.3],[-53.46,53.46],[-53.4,53.6],[-53.59,53.63],[-54.05,54.06],[-54.13,54.21],[-54.32,54.24],[-54.43,54.44],[-54.64,54.46],[-55.03,54.85],[-55.39,54.73],[-55.47,54.48],[-55.46,54.34],[-55.54,53.96],[-56.16,54.15],[-56.2,54.37],[-56.36,54.45],[-56.73,54.8],[-57.02,54.87],[-57.25,55.02],[-57.49,55.03],[-57.85,55.15],[-57.87,55.22],[-57.38,55.23],[-57.07,55.41],[-56.83,55.33],[-57.07,55.13],[-56.98,54.99],[-56.73,55],[-56.48,54.76],[-56.27,54.89],[-56.22,55.2],[-56.37,55.33],[-56.56,55.35],[-56.83,55.49],[-57.33,55.53],[-57.44,55.82],[-58.29,55.72],[-58.39,55.6],[-58.12,55.36],[-58.14,55.24],[-58.65,55.35],[-58.91,55.37],[-59.2,55.66],[-59.38,55.72],[-59.85,56.12],[-60.1,56.27],[-60.14,56.41],[-60.55,56.72],[-60.55,56.88],[-60.65,57.07],[-60.35,57.05],[-60.35,56.88],[-60.11,56.67],[-59.79,56.47],[-59.62,56.45],[-59.24,56.22],[-59.02,56.25],[-58.67,56.38],[-58.55,56.6],[-58.82,56.58],[-59.2,56.91],[-59.34,57.21],[-59.92,57.73],[-60.55,57.73],[-60.8,57.57],[-61.08,57.72],[-61.27,57.99],[-61.61,58.12],[-61.78,58.25],[-61.75,58.36],[-61.03,58.19],[-60.64,58.23],[-60.16,58.33],[-60.22,58.6],[-60.58,58.98],[-60.85,59.1],[-61.05,59.3],[-60.99,59.42],[-61.19,59.73],[-61.78,59.97],[-61.94,60.15],[-62.39,60.29],[-62.69,60.27],[-63.51,60.37],[-63.69,60.22],[-64.2,60.5],[-64.53,60.53],[-64.37,60.77],[-64.55,60.8],[-64.94,60.68],[-64.87,60.51],[-65.11,60.44],[-65.61,60.73],[-66.58,60.84],[-66.75,60.78],[-68.19,60.78],[-68.59,60.95],[-68.95,60.98],[-69.28,61.21],[-69.56,61.2],[-69.87,61.54],[-69.58,61.95],[-69.21,62.17],[-68.72,62.18],[-68.42,61.98],[-68.09,61.93],[-67.91,62.02],[-67.42,61.93],[-66.95,61.76],[-66.81,61.44],[-65.59,61.18],[-65.35,61.42],[-65.11,61.27],[-64.68,61.31],[-64.35,61.7],[-64.89,61.97],[-65.47,62.02],[-65.69,62.12],[-65.86,62.31],[-66.23,62.45],[-67.64,63.13],[-67.36,63.09],[-67.07,62.93],[-66.59,62.86],[-65.97,62.62],[-65.11,62.21],[-64.24,62.12],[-63.94,62.2],[-63.36,62.58],[-62.85,62.73],[-62.78,63.01],[-62.85,63.22],[-62.99,63.34],[-63.02,63.51],[-63.32,63.79],[-63.7,63.76],[-63.91,64.06],[-63.93,64.36],[-64.7,64.49],[-65.32,64.83],[-66.11,65],[-66.35,65.22],[-66.21,65.31],[-66.55,65.57],[-66.52,65.8],[-66.31,66.07],[-65.97,65.81],[-65.87,65.66],[-65.48,65.48],[-65.31,65.49],[-65.11,65.25],[-64.88,65.21],[-64.27,64.88],[-63.31,64.78],[-63.07,64.92],[-62.59,64.93],[-62.33,65.17],[-62.03,65.27],[-61.95,65.56],[-61.61,65.7],[-61.16,66.01],[-61.07,66.49],[-61.23,66.98],[-61.47,67.35],[-61.83,67.52],[-62.51,67.59],[-63.12,67.85],[-63.33,67.69],[-63.38,67.46],[-63.73,67.51],[-63.57,67.78],[-63.57,67.93],[-64.4,68.23],[-64.47,68.45],[-64.91,68.61],[-64.53,68.81],[-64.94,68.85],[-65.66,68.62],[-65.87,68.27],[-66.22,68.35],[-66.31,68.51],[-66.98,68.69],[-67.18,68.7],[-67.27,68.96],[-67.06,69.06],[-66.57,69.07],[-66.06,68.96],[-65.6,69.13],[-65.42,69.32],[-65.56,69.58],[-65.45,69.68],[-65.7,69.88],[-65.94,70.23],[-67.07,70.64],[-67.29,70.79],[-68.11,70.97],[-68.88,70.92],[-68.65,71.27],[-69.05,71.21],[-69.11,71.38],[-69.69,71.43],[-70.3,71.33],[-70.41,71.16],[-70.15,71.02],[-69.21,71],[-69.17,70.89],[-69.88,70.91],[-70.63,70.76],[-70.41,70.97],[-70.71,71.13],[-71.1,71.25],[-70.54,71.51],[-70.62,71.61],[-71.24,71.61],[-71.7,71.76],[-71.81,71.91],[-73.02,71.7],[-73.6,71.81],[-74.14,71.84],[-74.01,71.96],[-73.39,71.91],[-73,72.05],[-73.25,72.12],[-73.88,72.53],[-74.31,72.64],[-74.59,72.59],[-74.3,72.41],[-74.51,72.27],[-74.85,72.34],[-75.11,72.58],[-76.67,72.72],[-75.65,72.93],[-76.14,73.24],[-77.39,73.58],[-78.09,73.71],[-80.33,73.76],[-79.45,73.64],[-78.14,73.67],[-77.21,73.51],[-76.76,73.32],[-76.52,73.13],[-76.27,73.1],[-76.32,72.82],[-78.17,72.9],[-79.18,72.75],[-79.95,72.85],[-80.18,73.05],[-80.16,73.23],[-81.06,73.27],[-81.26,73.79],[-82.97,73.78],[-83.56,73.7],[-85.13,73.35],[-85.57,73.12],[-86.1,72.74],[-85.86,72.72],[-85.56,72.4],[-86.01,72.37],[-86.15,72.52],[-86.6,72.71],[-86.53,72.9],[-85.73,73.41],[-84.62,73.71],[-84.57,73.83],[-85,73.88],[-87.09,73.88],[-87.83,73.82],[-88.7,73.64],[-88.89,73.54],[-89.87,73.31],[-90.03,73.06],[-89.53,73.01],[-89.98,72.73],[-90.21,72.78],[-90.28,72.67],[-90.36,72.55],[-90.4,72.48],[-90.42,72.45],[-90.64,72.44],[-90.64,72.1],[-90.63,71.91],[-90.78,71.58],[-91.01,71.47],[-91.05,71.31],[-91.4,71.31],[-91.75,71.19],[-92.2,71.15],[-92.32,71.36],[-92.25,71.59],[-92.39,71.69],[-92.25,71.93],[-92.37,72.1],[-91.98,72.73],[-91.6,72.78],[-91.34,72.99],[-90.6,72.97],[-90.57,73.16],[-90.81,73.37],[-90.47,73.69],[-90.07,73.78],[-89.82,74.13],[-91.53,74.15],[-92.38,74.33],[-92.63,74.48],[-92.4,74.55],[-91.77,74.41],[-90.66,74.39],[-90.76,74.52],[-89.41,74.53],[-87.64,74.43],[-85.06,74.47],[-83.45,74.53],[-82.23,74.48],[-81.78,74.43],[-81.31,74.53],[-80.27,74.55],[-79.82,74.78],[-79.17,74.84],[-79.5,75.18],[-79.39,75.41],[-79.85,75.5],[-79.99,75.69],[-80.46,75.71],[-81.14,75.82],[-82.48,75.89],[-84.88,75.82],[-85.36,75.73],[-86.08,75.81],[-87.31,75.87],[-88.13,76.05],[-88.01,76.27],[-87.11,76.23],[-86.5,76.26],[-86.13,76.17],[-84.15,76.18],[-83.54,76.39],[-81.64,76.32],[-81.45,76.11],[-80.41,76.14],[-79.96,76.11],[-79.83,75.83],[-79.22,75.68],[-78.19,75.73],[-77.4,75.82],[-77.46,76.02],[-77.82,76.11],[-78.03,76.32],[-77.61,76.47],[-77.27,76.78],[-76.6,76.16],[-75.82,76.26],[-75.95,76.36],[-75.59,76.47],[-76.19,76.93],[-77.16,77.11],[-77.54,77.38],[-77.06,77.49],[-77.13,77.86],[-76.31,77.86],[-75.57,78.03],[-74.82,78.35],[-75.06,78.51],[-74.49,78.53],[-74,78.73],[-74.13,78.95],[-73.18,79.05],[-73.2,79.22],[-73.82,79.3],[-73.46,79.47],[-71.57,79.66],[-70.91,79.68],[-70.73,79.85],[-70.11,79.92],[-70.21,80.19],[-71.14,79.79],[-72.23,79.66],[-73.39,79.75],[-73.13,79.56],[-75.03,79.37],[-76.89,79.35],[-75.95,79.24],[-74.47,79.23],[-75.09,79.03],[-76.13,79.12],[-75.74,78.9],[-74.77,78.83],[-75.01,78.54],[-76.08,78.47],[-75.11,78.38],[-75.63,78.2],[-76.6,78.26],[-76.82,78.19],[-75.58,78.11],[-76.88,77.91],[-77.15,77.95],[-78.43,77.91],[-77.98,77.82],[-77.74,77.6],[-78.29,77.38],[-78.82,77.38],[-79.43,77.24],[-78.87,76.92],[-78.09,77.02],[-77.72,76.82],[-77.77,76.66],[-78.14,76.53],[-80.67,76.16],[-81.1,76.22],[-80.77,76.42],[-81.94,76.49],[-82.28,76.4],[-82.8,76.39],[-84.24,76.45],[-84.94,76.42],[-85.25,76.32],[-86.22,76.37],[-87.09,76.38],[-87.63,76.34],[-89.17,76.42],[-89.66,76.57],[-89.42,76.69],[-89.54,76.86],[-88.29,77.14],[-87.47,77.11],[-87.13,77.21],[-87.68,77.35],[-87.65,77.49],[-88.19,77.64],[-88.18,77.8],[-87.19,77.9],[-86.22,77.79],[-85.78,77.5],[-85.4,77.4],[-84.62,77.38],[-84.76,77.52],[-85.28,77.66],[-85.19,77.8],[-86.23,78.06],[-87.49,78.13],[-87.48,78.45],[-86.61,78.81],[-85.76,78.83],[-85.25,78.92],[-83.75,78.84],[-83.16,78.72],[-82.97,78.94],[-84.28,78.96],[-84.75,79.04],[-84.33,79.19],[-84.49,79.41],[-85.32,79.68],[-86.45,79.75],[-86.64,80.15],[-86.44,80.32],[-85.32,80.27],[-83.79,80.25],[-82.17,79.87],[-82.17,80.02],[-83.16,80.34],[-80.35,80.47],[-79.96,80.61],[-78.53,80.78],[-79.15,81.1],[-79.61,80.83],[-80.56,80.65],[-80.49,80.5],[-82.07,80.45],[-83.68,80.29],[-86.46,80.37],[-87.24,80.11],[-87.55,80.45],[-90,80.57],[-91.2,80.88],[-91.71,81.21],[-92.87,81.39],[-94.29,81.44],[-94.64,81.25],[-95.58,81.11],[-96.09,81.44],[-96.73,81.41],[-96.7,81.23],[-97.05,81.1],[-97.08,81.09],[-96.59,80.91],[-95.88,80.81],[-96.23,80.6],[-96.84,80.5],[-96.73,80.28],[-96.85,79.99],[-97.42,80.02],[-99.32,80.43],[-100.19,80.48],[-100.65,80.4],[-101.04,80.14],[-99.99,79.85],[-99.49,79.58],[-98.81,79.6],[-98.51,79.49],[-97.74,79.43],[-97.66,79.26],[-97,79.23],[-96.71,79.35],[-96.45,79.24],[-95.81,79.26],[-95.36,78.83],[-95.71,78.68],[-96.93,78.77],[-97.29,79.05],[-97.99,78.93],[-99.91,78.85],[-100.89,79.06],[-101.07,79.27],[-101.74,79.39],[-104.49,79.39],[-105.04,79.52],[-105.87,79.53],[-105.62,79.34],[-105.93,79.26],[-106.22,78.89],[-106.23,78.66],[-106.84,78.64],[-106.74,78.92],[-107.35,78.94],[-107.35,78.77],[-109.22,78.8],[-110.8,78.89],[-111.52,78.77],[-112.41,78.92],[-113.23,78.87],[-113.69,78.74],[-114.32,78.69],[-114.3,78.42],[-115,78.44],[-114.75,78.6],[-115.42,78.7],[-115.81,78.43],[-116.47,78.31],[-116.35,78.16],[-117.74,77.99],[-118.91,77.6],[-119.56,77.6],[-120.3,77.51],[-120.46,77.32],[-120.87,77.35],[-121.81,76.98],[-122.93,76.74],[-122.99,76.58],[-124.03,76.27],[-123.27,75.85],[-122.78,75.89],[-122.42,75.73],[-121.82,75.87],[-121.48,75.65],[-120.93,75.46],[-120.18,75.56],[-119.72,75.56],[-119.37,75.46],[-118.6,75.46],[-118.75,75.29],[-118.5,75.23],[-117.85,75.36],[-117.84,75.02],[-117.22,75.14],[-116.99,74.97],[-116.56,74.93],[-116.12,75.01],[-115.05,74.9],[-115.17,74.72],[-114.46,74.62],[-113.51,74.33],[-112.99,74.24],[-112.88,74.12],[-112.02,74.25],[-111.58,74.47],[-111.21,74.53],[-110.21,74.53],[-109.52,74.6],[-109.27,74.72],[-108.44,74.64],[-107.76,74.69],[-106.91,74.69],[-106.08,74.6],[-105.45,74.6],[-104.96,74.69],[-104.19,74.58],[-103.92,74.41],[-104.63,74.33],[-104.6,74.21],[-104.25,74.07],[-105.22,74.06],[-105.75,73.93],[-106.07,74.05],[-106.79,73.93],[-107.92,73.97],[-108.11,74.07],[-109.65,74.05],[-109.87,73.93],[-110.75,73.96],[-110.91,73.78],[-112.1,73.78],[-112.39,73.66],[-112.39,73.52],[-111.49,73.4],[-110.45,73.33],[-109.52,73.42],[-109.17,73.08],[-109.93,73.07],[-110.22,73.22],[-111.11,73.18],[-111.29,73.01],[-112.34,73.04],[-112.62,73.19],[-112.41,73.31],[-112.96,73.37],[-113.07,73.51],[-113.71,73.64],[-114.82,73.61],[-115.32,73.72],[-115.84,73.9],[-116.09,74.09],[-116.53,74.1],[-116.8,74.27],[-117.69,74.35],[-118.02,74.45],[-118.34,74.33],[-118.79,74.29],[-120.02,74.33],[-120.73,74.5],[-120.65,74.62],[-120.08,74.76],[-121.16,74.94],[-121.38,74.72],[-122.61,74.57],[-123.1,74.62],[-123.46,74.48],[-123.98,74.53],[-124.72,74.48],[-125.42,74.24],[-125.82,74],[-125.87,73.87],[-126.4,73.67],[-126.47,73.43],[-126.37,73.26],[-126.9,72.96],[-126.98,72.7],[-126.33,72.73],[-125.61,72.5],[-126.66,72.38],[-126.86,72.13],[-126.59,71.88],[-126.09,71.71],[-125.06,71.51],[-124.41,71.59],[-124.07,71.51],[-123.89,71.22],[-123.36,71.15],[-122.95,71.02],[-122.7,71.09],[-121.58,71.07],[-121.2,71.02],[-120.9,71.09],[-120.5,70.97],[-119.62,70.95],[-118.98,71.04],[-118.41,70.78],[-117.89,70.67],[-117.52,70.52],[-117.69,70.42],[-117.3,70.3],[-117.11,70.52],[-116.86,70.47],[-116.85,70.28],[-117.25,70.23],[-117.68,70.11],[-117.61,69.77],[-117.33,69.61],[-117.2,69.36],[-117.85,69.41],[-118.17,69.3],[-119.66,69.56],[-120.57,69.63],[-121.13,69.84],[-122.99,69.99],[-124.36,70.37],[-124.97,70.59],[-125.52,70.55],[-125.58,70.33],[-126.03,70.29],[-126.06,70.03],[-126.6,70.05],[-126.71,70.27],[-127.27,70.47],[-127.42,70.63],[-127.36,70.88],[-127.39,71.21],[-127.98,71.42],[-129.89,71.55],[-130.47,71.55],[-131.16,71.34],[-133.67,71.07],[-133.94,71],[-134.9,70.93],[-135.62,70.66],[-136.33,70.48],[-137.03,70.38],[-137.79,70.34],[-138.11,70.18],[-138.27,69.91],[-138.85,69.93],[-139.21,70.14],[-140.47,70.28],[-141.07,70.4],[-141.39,70.4],[-141.76,70.52],[-143.13,70.57],[-143.59,70.65],[-143.94,70.64],[-144.93,70.78],[-145.51,70.83],[-145.75,70.9],[-146.63,70.93],[-147.83,71.07],[-147.98,71.14],[-150.09,71.26],[-151.01,71.36],[-151.78,71.39],[-152.05,71.44],[-152.44,71.65],[-153.43,71.84],[-154.08,71.85],[-154.41,71.98],[-154.63,71.84],[-155.47,71.65],[-155.25,71.89],[-155.65,71.92],[-155.76,72.04],[-156.28,72.19],[-156.93,72.25],[-157.39,72.17],[-157.59,72.27],[-157.69,72.56],[-158.72,72.68],[-158.93,72.81],[-159.43,72.96],[-159.84,72.95],[-159.92,73.09],[-160.33,73.07],[-160.41,72.89],[-160.06,72.41],[-160.72,72.44],[-161.35,72.64],[-161.72,72.89],[-162.32,73.03],[-161.71,73.14],[-161.96,73.28],[-161.28,73.46],[-161.51,73.72],[-162.21,73.77],[-162.53,73.59],[-163.7,73.46],[-163.84,73.96],[-163.53,74.05],[-163.8,74.21],[-164.18,74.02],[-165.23,73.96],[-165.64,74.08],[-166.15,73.93],[-166.79,73.9],[-168.65,73.95],[-168.63,74.21],[-168.85,74.25],[-168.7,74.53],[-169.11,74.75],[-169.53,74.6],[-171.06,74.61],[-170.75,74.51],[-170.9,74.33],[-170.54,74.32],[-170.42,74.47],[-170.01,74.48],[-169.82,74.11],[-169.05,74.14],[-169.15,74.03],[-170.82,73.99],[-170.7,73.78],[-171.55,73.72],[-171.87,73.78],[-172.69,73.72],[-172.89,73.6],[-173.59,73.9],[-174.08,74],[-174.76,73.8],[-175.18,73.52],[-175.64,73.43],[-175.92,73.3],[-177.87,73.43],[-177.61,73.67],[-178.15,73.66],[-178.4,73.57],[-179.1,73.75],[-179.79,73.7],[-179.89,73.87],[-179.28,73.95],[-179.72,74.23],[-180,74.31],[-180,90],[-180,89.5],[-180,89],[-180,88.5],[-180,88.01],[-180,87.51],[-180,87.01],[-180,86.51],[-180,86.01],[-180,85.51],[-180,85.01],[-180,84.52],[-180,84.02],[-180,83.52],[-180,83.02],[-180,82.52],[-180,82.02],[-180,81.52],[-180,81.02],[-180,80.53],[-180,80.03],[-180,79.53],[-180,79.03],[-180,78.53],[-180,78.03],[-180,77.53],[-180,77.04],[-180,76.54],[-180,76.04],[-180,75.54],[-180,75.04],[-180,74.54],[-180,74.04],[-180,73.55],[-180,73.05],[-180,72.55],[-180,72.05],[-180,71.55],[-180,71.54],[-179.07,71.6],[-178.39,71.54],[-177.44,71.24],[-177.93,71.04],[-178.88,70.98],[-179.34,70.91],[-180,70.99],[-180,70.55],[-180,70.06],[-180,69.56],[-180,69.06],[-180,68.98],[-179.51,68.92],[-179.36,68.83],[-178.84,68.75],[-178.7,68.54],[-178.04,68.43],[-177.61,68.2],[-177.26,68.21],[-176.72,68.03],[-176.5,67.89],[-176.05,67.85],[-176.3,67.72],[-175.91,67.59],[-175.82,67.81],[-175.29,67.67],[-175.16,67.34],[-174.81,67.36],[-174.91,67.04],[-174.69,66.76],[-174.97,66.67],[-174.44,66.53],[-174.43,66.36],[-173.83,66.51],[-174.03,66.96],[-173.55,67.09],[-173,66.92],[-172.67,66.89],[-171.9,66.97],[-171.33,66.74],[-171.36,66.67],[-170.86,66.51],[-170.57,66.35],[-169.7,66.13],[-170.53,65.85],[-170.49,65.67],[-170.67,65.6],[-171.25,65.52],[-171.81,65.49],[-172.16,65.42],[-172.2,65.22],[-172.09,65.05],[-172.7,64.88],[-172.82,64.61],[-172.47,64.56],[-172.39,64.41],[-173.11,64.24],[-173.99,64.41],[-174.07,64.55],[-174.65,64.73],[-175.46,64.8],[-175.77,64.94],[-175.74,65.12],[-175.91,65.4],[-176.98,65.61],[-177.42,65.44],[-178.28,65.44],[-178.53,65.51],[-178.41,65.68],[-178.87,65.89],[-178.68,66.1],[-178.98,66.16],[-179.77,66.1],[-179.83,65.93],[-179.72,65.78],[-179.28,65.63],[-179.26,65.53],[-179.5,65.4],[-179.66,65.14],[-180,65.07],[-180,64.57],[-180,64.07],[-180,63.57],[-180,63.07],[-180,62.58],[-180,62.08],[-180,61.58],[-180,61.08],[-180,60.58],[-180,60.08],[-180,59.58],[-180,59.09],[-180,58.59],[-180,58.09],[-180,57.59],[-180,57.09],[-180,56.59],[-180,56.09],[-180,55.6],[-180,55.1],[-180,54.6],[-180,54.1],[-180,53.6],[-180,53.1],[-180,52.6],[-180,52.11],[-180,51.61],[-180,51.11],[-180,50.61],[-180,50.11],[-180,49.61],[-180,49.11],[-180,48.61],[-180,48.12],[-180,47.62],[-180,47.12],[-180,46.62],[-180,46.12],[-180,45.62],[-180,45.24],[-180,45.12],[-180,44.63],[-180,44.13],[-180,43.63],[-180,43.13],[-180,42.63],[-180,42.13],[-180,41.63],[-180,41.14],[-180,40.64],[-180,40.14],[-180,39.64],[-180,39.14],[-180,38.64],[-180,38.14],[-180,37.65],[-180,37.15],[-180,36.65],[-180,36.15],[-180,35.65],[-180,35.15],[-180,34.65],[-180,34.16],[-180,33.66],[-180,33.16],[-180,32.66],[-180,32.16],[-180,31.66],[-180,31.16],[-180,30.66],[-180,30.17],[-180,29.67],[-180,29.17],[-180,28.67],[-180,28.17],[-180,27.67],[-180,27.17],[-180,26.68],[-180,26.18],[-180,25.68],[-180,25.18],[-180,24.68],[-180,24.18],[-180,23.68],[-180,23.19],[-180,22.69],[-180,22.19],[-180,21.69],[-180,21.19],[-180,20.69],[-180,20.19],[-180,19.7],[-180,19.2],[-180,18.7],[-180,18.2],[-180,17.7],[-180,17.2],[-180,16.7],[-180,16.2],[-180,15.71],[-180,15.21],[-180,14.71],[-180,14.21],[-180,13.71],[-180,13.21],[-180,12.71],[-180,12.22],[-180,11.72],[-180,11.22],[-180,10.72],[-180,10.22],[-180,9.72],[-180,9.22],[-180,8.73],[-180,8.23],[-180,7.73],[-180,7.23],[-180,6.73],[-180,6.23],[-180,5.73],[-180,5.24],[-180,4.74],[-180,4.24],[-180,3.74],[-180,3.24],[-180,2.74],[-180,2.24],[-180,1.75],[-180,1.25],[-180,0.75],[-180,0.25],[-180,0],[-180,-0.25],[-180,-0.75],[-180,-1.25],[-180,-1.75],[-180,-2.24],[-180,-2.74],[-180,-3.24],[-180,-3.74],[-180,-4.24],[-180,-4.74],[-180,-5.24],[-180,-5.73],[-180,-6.23],[-180,-6.73],[-180,-7.23],[-180,-7.73],[-180,-8.23],[-180,-8.73],[-180,-9.22],[-180,-9.72],[-180,-10.22],[-180,-10.72],[-180,-11.22],[-180,-11.72],[-180,-12.22],[-180,-12.71],[-180,-13.21],[-180,-13.71],[-180,-14.21],[-180,-14.71],[-180,-15.21],[-180,-15.71],[-180,-16.15],[-180,-16.17],[-180,-16.2],[-180,-16.49],[-180,-16.54],[-180,-16.7],[-180,-16.79],[-180,-16.96],[-180,-17.2],[-180,-17.7],[-180,-18.2],[-180,-18.7],[-180,-19.2],[-180,-19.7],[-180,-20.19],[-180,-20.69],[-180,-21.19],[-180,-21.69],[-180,-22.19],[-180,-22.69],[-180,-23.19],[-180,-23.68],[-180,-24.18],[-180,-24.68],[-180,-25.18],[-180,-25.68],[-180,-26.18],[-180,-26.68],[-180,-27.17],[-180,-27.67],[-180,-28.17],[-180,-28.67],[-180,-29.17],[-180,-29.67],[-180,-30.17],[-180,-30.66],[-180,-31.16],[-180,-31.66],[-180,-32.16],[-180,-32.66],[-180,-33.16],[-180,-33.66],[-180,-34.16],[-180,-34.65],[-180,-35.15],[-180,-35.65],[-180,-36.15],[-180,-36.65],[-180,-36.97],[-180,-37.15],[-180,-37.65],[-180,-38.14],[-180,-38.64],[-180,-39.14],[-180,-39.64],[-180,-40.14],[-180,-40.64],[-180,-41.14],[-180,-41.63],[-180,-42.13],[-180,-42.63],[-180,-43.13],[-180,-43.63],[-180,-44.13],[-180,-44.63],[-180,-45.12],[-180,-45.62],[-180,-46.12],[-180,-46.62],[-180,-47.12],[-180,-47.62],[-180,-48.12],[-180,-48.61],[-180,-49.11],[-180,-49.61],[-180,-50.11],[-180,-50.61],[-180,-51.11],[-180,-51.61],[-180,-52.11],[-180,-52.6],[-180,-53.1],[-180,-53.6],[-180,-54.1],[-180,-54.6],[-180,-55.1],[-180,-55.6],[-180,-56.09],[-180,-56.59],[-180,-57.09],[-180,-57.59],[-180,-58.09],[-180,-58.59],[-180,-59.09],[-180,-59.58],[-180,-60.08],[-180,-60.58],[-180,-61.08],[-180,-61.58],[-180,-62.08],[-180,-62.58],[-180,-63.07],[-180,-63.57],[-180,-64.07],[-180,-64.57],[-180,-65.07],[-180,-65.57],[-180,-66.07],[-180,-66.57],[-180,-67.06],[-180,-67.56],[-180,-68.06],[-180,-68.56],[-180,-69.06],[-180,-69.56],[-180,-70.06],[-180,-70.55],[-180,-71.05],[-180,-71.55],[-180,-72.05],[-180,-72.55],[-180,-73.05],[-180,-73.55],[-180,-74.04],[-180,-74.54],[-180,-75.04],[-180,-75.54],[-180,-76.04],[-180,-76.54],[-180,-77.04],[-180,-77.53],[-180,-78.03],[-180,-78.53],[-180,-79.03],[-180,-79.53],[-180,-80.03],[-180,-80.53],[-180,-81.02],[-180,-81.52],[-180,-82.02],[-180,-82.52],[-180,-83.02],[-180,-83.52],[-180,-84.02],[-180,-84.35],[-178.3,-84.31],[-176,-84.49],[-175.18,-84.41],[-168.25,-84.65],[-168.02,-84.78],[-162.85,-84.88],[-156.01,-85.22],[-155.5,-85.13],[-156.94,-85.01],[-155.64,-84.83],[-158.25,-84.77],[-163.86,-84.55],[-165.41,-84.36],[-164.16,-84.29],[-165.15,-84.14],[-163.7,-84.05],[-163.99,-83.94],[-165.42,-83.77],[-166.07,-83.82],[-168.05,-83.75],[-168.58,-83.53],[-169.43,-83.41],[-174.03,-82.92],[-172.51,-82.87],[-171.41,-82.95],[-170.72,-83.2],[-168.09,-83.26],[-167.33,-83.2],[-165.09,-83.2],[-164.98,-83.34],[-164.17,-83.4],[-162.87,-83.32],[-162.17,-83.52],[-159,-83.46],[-157.56,-83.39],[-156.92,-83.23],[-158.5,-83.12],[-155.59,-83.05],[-155.06,-82.8],[-152.54,-82.55],[-152.9,-82.37],[-154.8,-81.97],[-153.79,-81.69],[-155,-81.49],[-157.06,-81.35],[-156.45,-81.15],[-152.53,-81.05],[-147.63,-80.92],[-148.41,-80.75],[-149.46,-80.72],[-149.02,-80.59],[-149.67,-80.53],[-150.61,-80.27],[-150.13,-80.19],[-150.37,-80.07],[-148.83,-80.13],[-148.52,-79.89],[-147.95,-79.79],[-149.09,-79.63],[-150.45,-79.56],[-152.41,-79.26],[-152.23,-79.11],[-153.08,-79.14],[-154.97,-79.03],[-156.53,-78.66],[-156.05,-78.49],[-154.73,-78.45],[-154.14,-78.25],[-156.35,-78.2],[-157.2,-78.25],[-158.64,-77.86],[-158.14,-77.43],[-158.31,-77.13],[-157.93,-77.06],[-157.08,-77.35],[-156.81,-77.19],[-156.32,-77.07],[-155.87,-77.06],[-155.48,-77.17],[-154.89,-77.1],[-153.53,-77.25],[-153.25,-77.45],[-152.58,-77.5],[-152.49,-77.32],[-151.51,-77.42],[-149.97,-77.82],[-148.67,-77.67],[-148.8,-77.58],[-147.76,-77.46],[-149.02,-77.34],[-148.87,-77.14],[-148.51,-77.11],[-147.85,-77.26],[-147.7,-77.41],[-146.89,-77.26],[-146.4,-77.5],[-145.41,-77.48],[-145.96,-77.25],[-145.28,-77.22],[-145.59,-76.92],[-146.62,-76.53],[-147.08,-76.43],[-148.04,-76.45],[-148.45,-76.51],[-149.64,-76.43],[-149.48,-76.29],[-148.54,-76.23],[-148.2,-76.09],[-147.16,-76.23],[-146.25,-76.42],[-145.35,-76.43],[-145.54,-76.32],[-146.5,-76.09],[-146.21,-75.92],[-145.18,-75.91],[-144.16,-75.8],[-144.31,-75.64],[-143.39,-75.54],[-142.68,-75.56],[-142.47,-75.43],[-141.86,-75.52],[-141.53,-75.77],[-140.91,-75.76],[-141.24,-75.6],[-140.28,-75.43],[-139.57,-75.15],[-137.48,-75.09],[-136.88,-75.04],[-136.88,-74.83],[-136.22,-74.7],[-135.7,-74.68],[-135.34,-74.56],[-134.52,-74.64],[-134.59,-74.74],[-133.87,-74.93],[-132.79,-74.77],[-132.09,-74.76],[-131.56,-74.85],[-131.01,-74.82],[-129.98,-74.91],[-128.47,-74.76],[-126.94,-74.68],[-126.11,-74.76],[-125.74,-74.7],[-124.37,-74.71],[-124.05,-74.81],[-122.2,-74.75],[-120.83,-74.74],[-119.13,-74.6],[-118.98,-74.4],[-118.12,-74.31],[-117.66,-74.5],[-116.69,-74.56],[-116.05,-74.5],[-115.65,-74.53],[-114.84,-74.47],[-115.12,-74.09],[-114.73,-73.93],[-114.21,-73.86],[-113.61,-74.03],[-113.42,-74.17],[-113.88,-74.24],[-113.65,-74.59],[-113.97,-74.88],[-113.79,-74.98],[-112.92,-74.87],[-111.54,-74.8],[-111.92,-74.62],[-111.7,-74.42],[-111.89,-74.23],[-111.23,-74.2],[-110.74,-74.32],[-110.45,-74.27],[-110.1,-74.55],[-110.29,-74.78],[-110.68,-74.83],[-111.02,-74.99],[-111.53,-75.11],[-111.48,-75.2],[-110.45,-75.19],[-109.69,-75.15],[-108.1,-75.26],[-107.87,-75.32],[-106.45,-75.32],[-105.14,-75.18],[-103.81,-75.15],[-103.3,-75.09],[-101.56,-75.15],[-101.66,-75.31],[-101.15,-75.37],[-100.14,-75.38],[-99.43,-75.3],[-98.64,-75.31],[-98.9,-75.17],[-99.38,-75.11],[-99.32,-74.96],[-100.08,-74.85],[-100.13,-74.47],[-100.93,-74.55],[-101.4,-74.5],[-101.31,-74.31],[-101.59,-74],[-102.92,-73.86],[-102.89,-73.59],[-101.39,-73.67],[-101.16,-73.77],[-99.87,-73.73],[-98.89,-73.59],[-99.49,-73.55],[-99.77,-73.36],[-101.86,-73.3],[-102.87,-73.31],[-103.29,-73.16],[-103.43,-72.85],[-103.04,-72.71],[-102.09,-72.77],[-102.19,-72.89],[-101.96,-73.06],[-100.77,-72.98],[-100.38,-73.07],[-99.68,-73.02],[-97.72,-73.03],[-97.42,-73.12],[-96.47,-73.3],[-95.84,-73.33],[-95.19,-73.21],[-94.58,-73.24],[-94.34,-73.32],[-93.57,-73.18],[-92.8,-73.14],[-91.95,-73.18],[-91.11,-73.3],[-90.53,-73.28],[-90.3,-73.19]],[[-90.9,-72.82],[-90.74,-72.86],[-90.92,-73.1],[-91.52,-73.19],[-91.33,-72.9],[-91.69,-72.61],[-91.04,-72.54],[-90.76,-72.7],[-90.9,-72.82]],[[-95.5,-72.32],[-96.02,-72.44],[-96.05,-72.58],[-96.94,-72.58],[-97.26,-72.51],[-97.6,-72.56],[-98.58,-72.57],[-98.54,-72.46],[-99.4,-72.5],[-100.21,-72.27],[-102.29,-72.13],[-102.09,-71.97],[-100.44,-71.88],[-99.94,-71.89],[-99.75,-72.04],[-99.1,-71.92],[-98.83,-71.76],[-98.53,-71.76],[-97.98,-71.86],[-98.23,-72.05],[-97.31,-72.18],[-97.05,-71.88],[-96.36,-71.84],[-96.07,-71.91],[-96.44,-72.19],[-95.72,-72.1],[-95.5,-72.32]],[[-127.47,-73.55],[-127.3,-73.32],[-126.53,-73.27],[-126.1,-73.3],[-125.6,-73.43],[-125.27,-73.7],[-124.95,-73.81],[-124.63,-73.73],[-124.11,-73.83],[-124.21,-73.93],[-123.78,-74.11],[-124.24,-74.21],[-124.78,-74.23],[-125.11,-74.12],[-126.48,-73.84],[-126.55,-73.67],[-127.47,-73.55]],[[-120.26,-73.93],[-120.28,-74],[-121,-74.15],[-121.1,-74.35],[-122.24,-74.41],[-122.9,-74.34],[-123.03,-74.25],[-122.73,-74],[-123.29,-73.77],[-123.07,-73.68],[-120.69,-73.77],[-120.65,-73.9],[-120.26,-73.93]],[[-116.14,-73.9],[-116.6,-74.14],[-117.2,-74.2],[-117.37,-74.08],[-116.4,-73.87],[-116.14,-73.9]],[[-119.82,-74.12],[-119.64,-74],[-119.81,-73.89],[-119.49,-73.77],[-118.97,-73.8],[-119,-73.98],[-119.82,-74.12]],[[-127.13,-74.47],[-127.55,-74.64],[-127.91,-74.55],[-128.19,-74.32],[-127.76,-74.34],[-127.13,-74.47]],[[-130.92,-74.44],[-131.21,-74.61],[-132.18,-74.42],[-131.81,-74.32],[-130.92,-74.44]],[[-146.16,-76.93],[-146.96,-77.01],[-147.07,-76.82],[-146.16,-76.93]],[[-149.73,-77.13],[-150.42,-77.09],[-150.78,-76.97],[-149.96,-76.87],[-149.44,-77.02],[-149.73,-77.13]],[[-159.84,-79.35],[-158.97,-79.72],[-159.07,-79.82],[-160.71,-79.85],[-163.94,-79.41],[-164.3,-79.23],[-164.15,-78.99],[-163.27,-78.76],[-162.35,-78.75],[-159.84,-79.35]],[[-160.57,-81.6],[-163.73,-81.48],[-163.85,-81.32],[-162.98,-81.27],[-160.68,-81.46],[-160.57,-81.6]],[[-162.34,-82.92],[-161.58,-83.02],[-162.4,-83.15],[-163.26,-83.08],[-163.75,-82.83],[-162.34,-82.92]],[[-73.17,-36.97],[-73.16,-36.73],[-73,-36.71],[-72.83,-36.31],[-72.78,-35.95],[-72.6,-35.81],[-72.65,-35.57],[-72.53,-35.49],[-72.36,-35.21],[-72.23,-35.12],[-72.19,-34.89],[-72.06,-34.66],[-72.03,-34.16],[-71.81,-33.78],[-71.69,-33.72],[-71.64,-33.5],[-71.72,-33.17],[-71.57,-33],[-71.45,-32.64],[-71.48,-32.54],[-71.41,-32.37],[-71.54,-32.19],[-71.51,-31.78],[-71.67,-31.15],[-71.65,-30.98],[-71.71,-30.61],[-71.64,-30.25],[-71.52,-30.28],[-71.38,-30.15],[-71.41,-29.99],[-71.29,-29.91],[-71.34,-29.52],[-71.31,-29.42],[-71.49,-29.19],[-71.52,-28.94],[-71.3,-28.67],[-71.31,-28.58],[-71.17,-28.36],[-71.14,-27.95],[-71.04,-27.67],[-70.91,-27.62],[-70.96,-27.16],[-70.79,-27],[-70.82,-26.89],[-70.73,-26.75],[-70.71,-26.49],[-70.64,-26.32],[-70.63,-26.01],[-70.71,-25.84],[-70.65,-25.54],[-70.44,-25.34],[-70.47,-24.98],[-70.58,-24.73],[-70.58,-24.52],[-70.5,-24.1],[-70.5,-23.78],[-70.41,-23.65],[-70.41,-23.51],[-70.59,-23.42],[-70.56,-23.06],[-70.45,-23.1],[-70.3,-22.92],[-70.2,-22.01],[-70.15,-21.66],[-70.06,-21.43],[-70.08,-21.23],[-70.16,-21.04],[-70.13,-20.94],[-70.21,-20.74],[-70.19,-20.37],[-70.12,-20.07],[-70.15,-19.72],[-70.29,-19.3],[-70.28,-19.11],[-70.36,-18.77],[-70.3,-18.45],[-70.42,-18.32],[-70.68,-18.16],[-70.91,-17.95],[-71.09,-17.87],[-71.36,-17.63],[-71.4,-17.4],[-71.51,-17.28],[-71.81,-17.19],[-71.95,-17.07],[-72.29,-16.88],[-72.36,-16.76],[-72.59,-16.66],[-72.69,-16.66],[-73.28,-16.39],[-73.42,-16.29],[-73.7,-16.22],[-74.03,-16.01],[-74.05,-15.96],[-74.44,-15.8],[-74.46,-15.73],[-74.85,-15.57],[-75.16,-15.39],[-75.24,-15.21],[-75.36,-15.14],[-75.55,-14.88],[-75.93,-14.65],[-75.98,-14.46],[-76.09,-14.37],[-76.15,-14.22],[-76.28,-14.14],[-76.28,-13.95],[-76.18,-13.54],[-76.22,-13.36],[-76.48,-13.04],[-76.52,-12.87],[-76.68,-12.62],[-76.81,-12.48],[-76.85,-12.3],[-77.04,-12.2],[-77.17,-12.07],[-77.15,-11.93],[-77.23,-11.63],[-77.32,-11.49],[-77.65,-11.29],[-77.59,-11.17],[-77.67,-10.93],[-78.06,-10.35],[-78.23,-9.95],[-78.23,-9.79],[-78.37,-9.62],[-78.48,-9.33],[-78.5,-9.19],[-78.76,-8.78],[-78.76,-8.61],[-78.94,-8.44],[-78.99,-8.22],[-79.3,-7.94],[-79.47,-7.72],[-79.58,-7.46],[-79.61,-7.27],[-79.71,-7.11],[-79.93,-6.88],[-79.96,-6.79],[-80.3,-6.54],[-80.79,-6.3],[-81.1,-6.07],[-81.15,-5.88],[-80.94,-5.85],[-80.86,-5.65],[-80.93,-5.46],[-81.2,-5.21],[-81.17,-5.09],[-81.06,-5.02],[-81.34,-4.68],[-81.33,-4.48],[-81.25,-4.24],[-81.07,-4.1],[-80.87,-3.87],[-80.77,-3.71],[-80.61,-3.62],[-80.54,-3.51],[-80.37,-3.47],[-80.34,-3.37],[-80.14,-3.33],[-80.07,-3.22],[-79.95,-3.2],[-79.83,-2.81],[-79.73,-2.57],[-79.84,-2.38],[-79.92,-2.57],[-80.18,-2.59],[-80.32,-2.71],[-80.47,-2.62],[-80.66,-2.42],[-80.91,-2.32],[-80.95,-2.24],[-80.74,-2.1],[-80.73,-1.9],[-80.85,-1.62],[-80.74,-1.34],[-80.92,-1.07],[-80.82,-0.95],[-80.62,-0.94],[-80.42,-0.6],[-80.5,-0.38],[-80.37,-0.22],[-80.11,0],[-80.04,0.18],[-80.02,0.56],[-80.09,0.65],[-80.08,0.82],[-79.86,0.88],[-79.77,0.96],[-79.57,0.98],[-79.46,1.07],[-79.15,1.11],[-79.07,1.21],[-78.96,1.16],[-78.82,1.46],[-79,1.61],[-78.85,1.82],[-78.57,1.78],[-78.59,2],[-78.67,2.03],[-78.7,2.19],[-78.59,2.4],[-78.43,2.59],[-78.09,2.51],[-78.1,2.65],[-77.95,2.67],[-77.9,2.58],[-77.75,2.63],[-77.81,2.75],[-77.64,2.9],[-77.65,3.07],[-77.51,3.19],[-77.46,3.36],[-77.37,3.4],[-77.31,3.55],[-77.2,3.62],[-77.15,3.8],[-77.43,4],[-77.44,4.16],[-77.35,4.22],[-77.39,4.35],[-77.32,4.55],[-77.37,5],[-77.36,5.3],[-77.49,5.59],[-77.36,5.61],[-77.25,5.79],[-77.35,6.03],[-77.48,6.19],[-77.42,6.24],[-77.34,6.54],[-77.41,6.69],[-77.53,6.71],[-77.7,6.92],[-77.65,6.98],[-77.79,7.15],[-77.92,7.24],[-78.14,7.5],[-78.43,8.08],[-78.29,8.08],[-78.31,8.25],[-78.16,8.39],[-78.3,8.45],[-78.45,8.39],[-78.5,8.63],[-78.61,8.67],[-78.76,8.83],[-79.18,9.01],[-79.48,9],[-79.76,8.8],[-79.77,8.58],[-80.22,8.3],[-80.38,8.31],[-80.47,8.22],[-80.46,8.04],[-80.14,7.75],[-79.99,7.5],[-80.14,7.42],[-80.36,7.38],[-80.47,7.25],[-80.87,7.21],[-80.95,7.56],[-81.09,7.79],[-81.2,7.64],[-81.53,7.71],[-81.71,8.13],[-82.11,8.23],[-82.2,8.2],[-82.28,8.34],[-82.51,8.28],[-82.66,8.32],[-82.97,8.22],[-83.15,8.37],[-83.14,8.55],[-83.38,8.74],[-83.4,8.59],[-83.29,8.52],[-83.28,8.4],[-83.58,8.44],[-83.74,8.62],[-83.59,8.84],[-83.63,9.04],[-83.92,9.29],[-84.27,9.48],[-84.52,9.52],[-84.68,9.69],[-84.63,9.78],[-84.76,9.98],[-84.85,9.97],[-85.09,10.17],[-85.24,10.12],[-85.14,10],[-84.96,9.95],[-84.86,9.82],[-85.15,9.61],[-85.33,9.83],[-85.64,9.91],[-85.78,10.08],[-85.86,10.35],[-85.81,10.49],[-85.63,10.62],[-85.67,10.78],[-85.82,11.19],[-85.93,11.31],[-86.34,11.61],[-86.5,11.76],[-86.8,12.22],[-87.07,12.39],[-87.45,12.74],[-87.65,12.87],[-87.58,13.06],[-87.44,12.92],[-87.29,13.01],[-87.62,13.42],[-87.93,13.16],[-88.21,13.16],[-88.47,13.22],[-88.79,13.25],[-89.25,13.47],[-89.81,13.53],[-90,13.69],[-90.4,13.86],[-90.71,13.93],[-90.91,13.91],[-91.32,13.96],[-91.76,14.18],[-92.25,14.55],[-92.7,15],[-92.82,15.17],[-92.98,15.27],[-93.23,15.5],[-93.66,15.84],[-93.94,16.01],[-94.13,16.22],[-94.36,16.29],[-94.44,16.19],[-94.65,16.36],[-94.76,16.29],[-94.85,16.43],[-95.23,16.16],[-95.43,15.98],[-95.96,15.83],[-96.24,15.68],[-96.56,15.66],[-96.85,15.73],[-97.27,15.94],[-97.77,15.98],[-98.12,16.21],[-98.57,16.32],[-98.78,16.56],[-98.86,16.53],[-99.37,16.67],[-99.74,16.73],[-99.99,16.91],[-101.01,17.25],[-101.18,17.41],[-101.46,17.53],[-101.64,17.67],[-101.81,17.89],[-102.04,17.99],[-102.19,17.92],[-102.6,18.05],[-102.74,18.07],[-103.02,18.19],[-103.36,18.27],[-103.5,18.33],[-103.7,18.65],[-103.98,18.87],[-104.33,19.02],[-104.45,19.1],[-104.81,19.23],[-105.02,19.37],[-105.09,19.56],[-105.25,19.67],[-105.53,20.03],[-105.55,20.2],[-105.7,20.41],[-105.58,20.49],[-105.33,20.51],[-105.23,20.64],[-105.36,20.76],[-105.51,20.77],[-105.31,21.03],[-105.23,21.06],[-105.24,21.34],[-105.18,21.44],[-105.41,21.6],[-105.63,21.96],[-105.66,22.26],[-105.8,22.64],[-106.03,22.83],[-106.22,23.05],[-106.43,23.23],[-106.52,23.41],[-106.79,23.63],[-106.9,23.85],[-107.04,23.98],[-107.38,24.21],[-107.62,24.46],[-107.82,24.6],[-108,24.65],[-108.04,24.79],[-108.19,24.99],[-108.11,25.12],[-108.33,25.16],[-108.45,25.27],[-108.89,25.49],[-109.12,25.54],[-109.17,25.65],[-109.44,25.79],[-109.43,26.02],[-109.27,26.18],[-109.23,26.33],[-109.26,26.5],[-109.43,26.67],[-109.55,26.73],[-109.69,26.68],[-109.86,26.8],[-109.92,27.06],[-110.29,27.15],[-110.55,27.38],[-110.63,27.61],[-110.59,27.84],[-110.81,27.93],[-111.06,27.94],[-111.25,28.05],[-111.47,28.38],[-111.71,28.46],[-111.89,28.78],[-112.15,28.96],[-112.26,29.33],[-112.42,29.38],[-112.38,29.49],[-112.51,29.62],[-112.69,29.91],[-112.75,29.92],[-112.75,30.19],[-112.87,30.43],[-113.08,30.67],[-113.13,30.81],[-113.05,31.16],[-113.12,31.22],[-113.55,31.3],[-113.66,31.5],[-113.88,31.6],[-114.03,31.49],[-114.16,31.49],[-114.49,31.68],[-114.58,31.76],[-114.83,31.79],[-114.78,31.66],[-114.85,31.53],[-114.89,31.16],[-114.83,31.01],[-114.72,30.94],[-114.7,30.64],[-114.63,30.42],[-114.66,30.18],[-114.39,29.78],[-114.27,29.77],[-113.77,29.41],[-113.48,28.95],[-113.26,28.84],[-113.1,28.5],[-112.9,28.48],[-112.87,28.28],[-112.79,28.19],[-112.77,27.86],[-112.6,27.65],[-112.37,27.56],[-112.15,27.16],[-112.01,27.12],[-112.02,26.98],[-111.82,26.9],[-111.56,26.7],[-111.57,26.58],[-111.44,26.52],[-111.46,26.4],[-111.32,26.07],[-111.36,25.96],[-111.31,25.78],[-111.03,25.46],[-110.9,25.14],[-110.76,25.01],[-110.66,24.81],[-110.74,24.55],[-110.68,24.36],[-110.56,24.21],[-110.4,24.18],[-110.17,24.25],[-110.02,24.17],[-109.99,24.05],[-109.7,23.8],[-109.68,23.65],[-109.48,23.56],[-109.43,23.3],[-109.53,23.11],[-109.71,23.03],[-109.9,22.87],[-110.1,23.02],[-110.17,23.32],[-110.31,23.54],[-110.58,23.68],[-111.04,24.1],[-111.44,24.32],[-111.62,24.47],[-111.68,24.59],[-111.85,24.65],[-111.97,24.78],[-112.09,24.77],[-112.14,25.09],[-112.08,25.26],[-112.08,25.71],[-112.2,26],[-112.34,26.18],[-112.73,26.37],[-113.06,26.6],[-113.14,26.76],[-113.5,26.79],[-113.64,26.73],[-113.82,26.95],[-114.01,26.98],[-114.11,27.11],[-114.49,27.24],[-114.51,27.41],[-114.73,27.52],[-114.89,27.69],[-114.92,27.84],[-114.5,27.77],[-114.33,27.87],[-114.17,27.83],[-114.04,28.03],[-114.12,28.26],[-114.04,28.46],[-114.17,28.65],[-114.27,28.66],[-114.4,28.86],[-114.53,28.93],[-114.63,29.09],[-114.72,29.12],[-114.97,29.38],[-115.19,29.43],[-115.29,29.53],[-115.5,29.61],[-115.7,29.76],[-115.84,30.35],[-116.05,30.48],[-116.07,30.81],[-116.25,30.96],[-116.31,31.15],[-116.53,31.44],[-116.68,31.55],[-116.62,31.86],[-116.84,31.99],[-116.95,32.25],[-117.12,32.45],[-117.14,32.62],[-117.26,32.7],[-117.25,32.89],[-117.32,33.11],[-117.51,33.34],[-118.09,33.73],[-118.39,33.84],[-118.54,34.04],[-118.94,34.04],[-119.22,34.15],[-119.27,34.25],[-119.62,34.42],[-119.88,34.41],[-120.13,34.47],[-120.47,34.45],[-120.65,34.59],[-120.6,34.7],[-120.67,34.91],[-120.64,35.14],[-120.9,35.25],[-120.87,35.41],[-121.01,35.46],[-121.17,35.64],[-121.27,35.66],[-121.46,35.89],[-121.49,35.98],[-121.9,36.31],[-121.95,36.49],[-121.79,36.81],[-121.94,36.98],[-122.15,36.98],[-122.4,37.19],[-122.4,37.36],[-122.52,37.53],[-122.36,37.59],[-122.15,37.58],[-122.4,37.97],[-122.23,38.06],[-122.4,38.15],[-122.49,38.1],[-122.53,37.82],[-122.92,38.03],[-122.97,38.27],[-123.13,38.45],[-123.25,38.51],[-123.65,38.85],[-123.82,39.35],[-123.77,39.54],[-123.85,39.83],[-124.12,40.11],[-124.36,40.26],[-124.41,40.44],[-124.21,40.7],[-124.11,41.02],[-124.12,41.18],[-124.06,41.44],[-124.22,41.85],[-124.22,42.01],[-124.36,42.11],[-124.43,42.33],[-124.41,42.66],[-124.55,42.85],[-124.44,43.03],[-124.38,43.34],[-124.28,43.42],[-124.15,43.88],[-124.06,44.61],[-124.07,44.82],[-123.97,45.24],[-123.92,45.66],[-123.98,45.76],[-123.94,46.08],[-123.87,46.16],[-123.61,46.19],[-123.69,46.31],[-123.93,46.25],[-124.06,46.36],[-123.9,46.44],[-123.91,46.73],[-124.09,46.74],[-124.01,46.98],[-124.17,47.04],[-124.21,47.23],[-124.32,47.36],[-124.42,47.74],[-124.64,47.91],[-124.73,48.17],[-124.57,48.37],[-124.05,48.18],[-123.7,48.16],[-122.79,48.08],[-122.47,47.76],[-122.63,47.69],[-122.51,47.52],[-122.59,47.34],[-122.8,47.2],[-122.72,47.09],[-122.32,47.37],[-122.41,47.64],[-122.32,47.94],[-122.39,48.31],[-122.53,48.37],[-122.44,48.58],[-122.53,48.77],[-122.77,48.89],[-122.78,49.02],[-123.21,49.13],[-123.25,49.6],[-123.49,49.52],[-123.55,49.39],[-123.96,49.52],[-124.17,49.78],[-124.4,49.77],[-124.73,49.95],[-124.61,50.23],[-124.71,50.32],[-125.06,50.33],[-125.13,50.44],[-125.39,50.5],[-125.7,50.44],[-126.24,50.5],[-126.22,50.64],[-126.02,50.67],[-126.18,50.85],[-126.49,50.82],[-126.86,50.94],[-127.02,50.82],[-127.43,50.94],[-127.78,51.17],[-127.66,51.4],[-127.87,51.67],[-127.85,51.92],[-127.68,51.95],[-127.64,52.08],[-127.28,52.24],[-127.16,52.36],[-127.22,52.46],[-127.8,52.26],[-128.02,52.35],[-128.09,52.51],[-128.24,52.56],[-128.13,52.75],[-128.48,52.87],[-128.55,53.14],[-128.88,53.31],[-128.78,53.56],[-128.86,53.83],[-129.23,53.63],[-129.33,53.4],[-130.1,53.95],[-130.11,54.16],[-130.46,54.35],[-130.37,54.66],[-130.2,54.73],[-130.06,55],[-130.23,55.04],[-130.58,54.81],[-130.93,54.82],[-130.95,55.07],[-131.06,55.2],[-130.87,55.34],[-130.89,55.72],[-131.17,55.94],[-131.41,56.01],[-131.74,55.89],[-131.96,55.5],[-132.17,55.59],[-132.26,55.74],[-131.94,56.01],[-131.96,56.16],[-131.81,56.2],[-131.97,56.36],[-132.48,56.6],[-132.48,56.74],[-132.86,56.92],[-133.09,57.09],[-133.55,57.18],[-133.39,57.34],[-133.57,57.72],[-133.86,57.96],[-134.06,58.07],[-134.07,58.28],[-134.24,58.21],[-134.5,58.35],[-134.77,58.4],[-135.14,58.83],[-135.23,58.61],[-135.05,58.31],[-135.31,58.25],[-135.42,58.39],[-135.84,58.53],[-136.06,58.83],[-136.27,58.76],[-136.03,58.39],[-136.6,58.22],[-136.98,58.41],[-137.13,58.4],[-137.52,58.56],[-137.93,58.8],[-138.18,59.03],[-138.98,59.27],[-139.21,59.32],[-139.86,59.55],[-139.66,59.58],[-139.47,59.72],[-139.62,59.89],[-140.32,59.7],[-140.86,59.75],[-141.27,59.85],[-141.39,60.03],[-141.73,59.96],[-141.97,60.03],[-142.8,60.11],[-143.61,60.05],[-143.92,60],[-144.35,60.2],[-144.57,60.19],[-144.91,60.38],[-145.24,60.37],[-145.57,60.45],[-145.94,60.46],[-145.69,60.66],[-146.51,60.82],[-146.82,61.03],[-147.1,61.02],[-147.36,60.89],[-147.94,60.91],[-148.17,61.02],[-148.31,60.9],[-148.26,60.76],[-147.94,60.44],[-148.28,60.28],[-148.14,60.23],[-148.4,59.99],[-148.56,59.96],[-149.34,60.02],[-149.74,59.89],[-149.92,59.72],[-150.33,59.48],[-150.65,59.42],[-151.09,59.29],[-151.74,59.17],[-151.98,59.28],[-151.89,59.41],[-151.27,59.56],[-151.75,59.68],[-151.88,59.79],[-151.71,60.04],[-151.47,60.19],[-151.28,60.54],[-151.42,60.72],[-151.07,60.79],[-150.45,61.03],[-150.04,60.92],[-149.62,60.99],[-150.07,61.16],[-150.63,61.3],[-151.06,61.16],[-151.15,61.06],[-151.75,60.92],[-151.84,60.75],[-152.34,60.48],[-152.42,60.3],[-152.7,60.17],[-152.59,60.09],[-152.74,59.91],[-153.02,59.89],[-153.06,59.71],[-153.57,59.64],[-153.72,59.47],[-154.08,59.38],[-154.2,59.08],[-153.71,59.07],[-153.33,58.93],[-153.44,58.73],[-153.69,58.62],[-153.9,58.62],[-154,58.39],[-154.3,58.32],[-154.17,58.22],[-154.44,58.14],[-154.58,58.02],[-155.02,58.03],[-155.07,57.9],[-155.33,57.83],[-155.39,57.73],[-156.34,57.42],[-156.35,57.18],[-156.57,56.98],[-156.77,57.01],[-157.19,56.78],[-157.4,56.77],[-157.91,56.65],[-158.07,56.51],[-158.36,56.47],[-158.32,56.17],[-158.48,56.03],[-158.86,56.01],[-159.1,55.93],[-159.63,55.81],[-159.83,55.85],[-160.48,55.49],[-161.02,55.43],[-161.28,55.35],[-161.52,55.38],[-161.39,55.57],[-161.62,55.61],[-161.72,55.39],[-161.96,55.13],[-162.27,55.02],[-162.42,55.1],[-162.88,54.94],[-163.04,55.1],[-162.65,55.36],[-162.23,55.7],[-161.83,55.88],[-161.46,55.95],[-161.12,55.96],[-160.82,55.74],[-160.52,55.94],[-160.57,56.01],[-160.37,56.28],[-159.75,56.58],[-159.46,56.63],[-158.95,56.84],[-158.68,56.79],[-158.68,57.02],[-158.31,57.31],[-157.71,57.57],[-157.71,57.73],[-157.5,58.46],[-157.06,58.73],[-157.08,58.89],[-158.15,58.61],[-158.41,58.77],[-158.79,58.82],[-158.89,58.71],[-158.77,58.52],[-159.05,58.42],[-159.38,58.76],[-159.73,58.91],[-159.91,58.78],[-160.26,58.91],[-160.35,59.07],[-161.36,58.73],[-161.56,58.6],[-161.91,58.63],[-161.72,58.75],[-161.8,58.98],[-161.97,59.13],[-161.95,59.39],[-161.71,59.5],[-162.37,60.18],[-162.53,60],[-163.09,59.86],[-163.61,59.8],[-164.1,59.83],[-164.2,60.03],[-164.49,60.18],[-164.99,60.34],[-165.31,60.58],[-164.67,60.83],[-163.96,60.78],[-163.79,60.58],[-163.46,60.68],[-163.42,60.76],[-163.77,60.89],[-164.56,60.85],[-164.63,60.93],[-165.13,60.92],[-165.06,61.06],[-165.37,61.07],[-165.62,61.14],[-165.62,61.28],[-165.92,61.4],[-165.78,61.52],[-166.2,61.59],[-165.91,61.7],[-166.1,61.82],[-165.61,61.85],[-165.74,61.97],[-165.71,62.12],[-165.13,62.52],[-164.81,62.62],[-164.88,62.84],[-164.58,63.14],[-164.15,63.26],[-163.77,63.22],[-163.35,63.03],[-163.09,63.06],[-162.6,63.28],[-162.24,63.55],[-162.09,63.45],[-161.57,63.46],[-161.19,63.51],[-160.79,63.75],[-160.97,64.25],[-161.46,64.52],[-161.04,64.51],[-160.8,64.64],[-160.88,64.81],[-161.18,64.94],[-161.42,64.77],[-161.72,64.79],[-162.08,64.72],[-162.61,64.51],[-163.05,64.51],[-163.13,64.41],[-163.54,64.56],[-164.34,64.59],[-165.04,64.45],[-166.19,64.59],[-166.48,64.73],[-166.39,64.9],[-166.75,65.06],[-166.25,65.26],[-166.31,65.31],[-167.4,65.4],[-168.08,65.59],[-167.35,65.9],[-167.06,65.88],[-166.72,66.06],[-165.89,66.24],[-165.31,66.44],[-164.95,66.46],[-164.72,66.56],[-163.99,66.61],[-163.76,66.5],[-163.9,66.4],[-163.89,66.17],[-163.68,66.08],[-162.65,66.04],[-162.18,66.08],[-161.92,66.04],[-161.57,66.26],[-161.11,66.21],[-161.14,66.34],[-161.74,66.41],[-162.26,66.72],[-162.64,66.9],[-162.33,66.96],[-162.01,66.77],[-162.08,66.67],[-161.61,66.45],[-161.06,66.49],[-160.78,66.37],[-160.25,66.4],[-160.22,66.53],[-160.88,66.67],[-161.31,66.54],[-161.56,66.57],[-161.87,66.71],[-161.73,66.95],[-161.84,67.05],[-162.44,66.99],[-163.69,67.1],[-163.81,67.34],[-164.15,67.62],[-165.44,68.06],[-165.93,68.14],[-166.55,68.36],[-166.24,68.56],[-166.24,68.87],[-165.66,68.86],[-164.35,68.93],[-163.62,69.12],[-163.16,69.36],[-162.95,69.79],[-162.54,69.96],[-162.46,70.06],[-162.01,70.28],[-161.34,70.26],[-160.86,70.35],[-159.95,70.64],[-159.67,70.8],[-159.36,70.76],[-158.04,70.84],[-157.23,71.07],[-156.82,71.31],[-156,71.19],[-155.59,71.07],[-156.09,70.93],[-155.92,70.83],[-155.54,70.87],[-155.11,71.15],[-154.6,71],[-154.54,70.83],[-154.13,70.79],[-153.89,70.9],[-153.3,70.93],[-152.55,70.89],[-152.22,70.82],[-152.51,70.69],[-152.46,70.56],[-151.76,70.57],[-151.98,70.45],[-151.18,70.45],[-150.51,70.5],[-150.12,70.44],[-149.89,70.51],[-149.34,70.51],[-148.38,70.31],[-147.12,70.17],[-146.85,70.19],[-145.88,70.17],[-145.6,70.08],[-144.94,69.98],[-144.39,70.04],[-143.24,70.12],[-142.6,70.01],[-142.27,69.86],[-141.22,69.67],[-140.64,69.62],[-139.92,69.62],[-139.14,69.51],[-138.64,69.28],[-138.1,69.14],[-137.19,68.95],[-136.66,68.88],[-136.07,68.89],[-135.97,69.22],[-135.84,69.31],[-135.16,69.48],[-134.64,69.48],[-134.41,69.66],[-133.63,69.4],[-133.2,69.41],[-132.89,69.66],[-132.55,69.74],[-132.14,69.69],[-131.62,69.88],[-131.26,69.94],[-130.94,70.08],[-130.32,70.14],[-129.93,70.08],[-129.65,70.22],[-129.41,70.12],[-129.6,69.99],[-131.09,69.63],[-131.98,69.54],[-132.11,69.36],[-132.77,69.26],[-133.21,68.95],[-132.83,68.92],[-132.86,69.07],[-132.37,69.15],[-131.88,69.28],[-131.6,69.47],[-130.75,69.45],[-130.34,69.7],[-129.17,69.83],[-128.99,69.68],[-128.31,69.99],[-128.37,70.1],[-128.03,70.29],[-128.2,70.45],[-127.93,70.57],[-127.14,70.25],[-126.7,69.77],[-125.94,69.41],[-125.45,69.32],[-125.15,69.45],[-125.42,69.6],[-125.03,69.75],[-124.9,69.94],[-124.99,70.05],[-124.38,70.14],[-124.51,69.74],[-124.07,69.67],[-124.43,69.47],[-124.44,69.37],[-123.54,69.38],[-123.18,69.5],[-123.16,69.77],[-122.95,69.84],[-122.04,69.82],[-121.43,69.77],[-120.81,69.62],[-120.28,69.41],[-118.67,69.23],[-118.04,69.02],[-116.21,68.83],[-116.16,68.98],[-115.59,68.98],[-114.99,68.87],[-114.2,68.57],[-114.06,68.3],[-114.84,68.26],[-115.18,68.14],[-115.53,67.93],[-115.12,67.8],[-114.79,67.82],[-113.86,67.7],[-112.42,67.68],[-111.29,67.83],[-111.02,67.77],[-110.42,67.95],[-109.97,67.97],[-109.7,67.81],[-109.07,67.72],[-108.93,67.53],[-108.6,67.63],[-108.44,67.43],[-107.99,67.28],[-107.88,67.05],[-108.21,67.03],[-107.66,66.71],[-107.25,67.08],[-107.53,67.21],[-107.66,67.37],[-107.59,67.5],[-107.99,67.69],[-107.94,67.85],[-107.43,68.04],[-106.49,68.25],[-106.28,68.39],[-105.7,68.49],[-105.88,68.64],[-106.52,68.53],[-106.57,68.42],[-107.13,68.3],[-107.85,68.33],[-107.73,68.21],[-108.34,68.16],[-108.4,68.27],[-108.82,68.27],[-108.28,68.62],[-107.29,68.7],[-106.2,68.94],[-105.75,68.87],[-105.47,68.72],[-105.41,68.53],[-105.54,68.45],[-105.1,68.27],[-104.6,68.24],[-104.48,68.03],[-103.88,68.02],[-103.53,68.13],[-103.37,68.02],[-102.95,67.93],[-102.76,67.82],[-102.24,67.73],[-101.94,67.79],[-101.53,67.68],[-101.25,67.77],[-100.96,67.75],[-100.72,67.85],[-99.42,67.79],[-98.92,67.71],[-98.36,67.81],[-98.73,67.96],[-98.52,68.05],[-98.09,67.76],[-97.59,67.6],[-97.06,67.68],[-97.12,67.78],[-97.64,68.01],[-98.17,67.88],[-98.45,68.07],[-98.54,68.34],[-98.19,68.31],[-97.79,68.41],[-97.86,68.54],[-97.26,68.47],[-97.01,68.35],[-96.4,68.17],[-96.01,68.25],[-96.22,67.78],[-96.17,67.7],[-96.47,67.55],[-96.08,67.23],[-95.73,67.38],[-95.52,67.22],[-95.26,67.26],[-95.46,67.64],[-95.7,67.71],[-95.58,67.9],[-95.23,68.07],[-94.86,68.03],[-94.34,68.24],[-94.2,68.37],[-93.73,68.61],[-93.58,68.86],[-93.9,69.02],[-94.11,68.76],[-94.64,68.76],[-94.55,68.89],[-94.14,69.13],[-94.24,69.34],[-94.03,69.37],[-93.7,69.23],[-93.43,69.36],[-93.56,69.53],[-93.93,69.44],[-94.32,69.45],[-94.56,69.64],[-94.88,69.57],[-95.65,69.78],[-95.98,69.79],[-96.49,70.1],[-96.56,70.32],[-96.19,70.62],[-96.62,70.83],[-96.56,71.13],[-96.21,71.39],[-95.66,71.29],[-95.46,71.48],[-95.94,71.55],[-95.49,71.72],[-95.23,71.95],[-94.55,72],[-94.54,71.77],[-94.05,71.79],[-93.82,71.66],[-92.99,71.36],[-92.86,71.15],[-92.91,70.9],[-92.61,70.69],[-92.25,70.63],[-91.99,70.33],[-91.72,70.36],[-91.55,70.14],[-91.94,70.02],[-92.47,69.7],[-91.8,69.51],[-91.43,69.67],[-91.11,69.51],[-90.65,69.54],[-91.03,69.22],[-90.67,69.09],[-90.45,68.89],[-90.49,68.59],[-90.6,68.44],[-90,68.38],[-89.84,68.54],[-89.94,68.62],[-89.69,68.82],[-89.67,69.04],[-89.33,69.25],[-89.04,69.27],[-88.79,69.12],[-88.02,68.81],[-87.79,68.33],[-87.94,68.2],[-88.28,68.13],[-88.37,67.98],[-88.15,67.68],[-87.48,67.36],[-87.33,67.17],[-86.96,67.26],[-86.78,67.42],[-86.5,67.38],[-86.53,67.69],[-85.9,68.05],[-85.72,68.4],[-85.67,68.73],[-85.22,68.72],[-84.77,69.09],[-85.22,69.13],[-85.53,69.46],[-85.54,69.65],[-85.33,69.79],[-84.34,69.86],[-83.75,69.71],[-82.58,69.67],[-82.62,69.57],[-82.28,69.42],[-82.24,69.24],[-81.75,69.27],[-81.34,69.19],[-81.7,68.91],[-81.37,68.86],[-81.27,68.64],[-81.63,68.51],[-82.37,68.36],[-82.31,68.15],[-82.11,68.11],[-82.09,67.9],[-81.46,67.63],[-81.24,67.46],[-81.53,67],[-81.95,66.98],[-82.18,66.77],[-82.63,66.56],[-83.03,66.5],[-83.37,66.35],[-83.68,66.53],[-83.96,66.48],[-83.69,66.2],[-84.38,66.19],[-85.27,66.29],[-85.42,66.57],[-85.75,66.52],[-86.62,66.51],[-86.62,66.31],[-85.86,66.16],[-85.97,66.04],[-86.41,65.9],[-86.47,65.73],[-87.38,65.33],[-87.93,65.33],[-88.21,65.41],[-88.58,65.65],[-88.97,65.7],[-89.69,65.95],[-89.84,65.83],[-89.39,65.5],[-89.04,65.33],[-87.05,65.24],[-86.94,65.14],[-87.6,64.56],[-87.76,64.52],[-88.04,64.18],[-88.73,63.97],[-89.18,64.04],[-89.81,63.96],[-90.17,63.66],[-90.97,63.58],[-91.37,63.7],[-92.37,63.78],[-92.79,63.9],[-93.48,64.03],[-93.77,63.99],[-93.53,63.85],[-93.22,63.91],[-92.63,63.78],[-92.13,63.71],[-91.78,63.71],[-91.59,63.58],[-91.02,63.47],[-90.7,63.27],[-90.64,63.07],[-90.83,62.94],[-91.03,62.95],[-91.44,62.79],[-91.98,62.85],[-92.45,62.79],[-92.26,62.56],[-92.72,62.46],[-92.59,62.24],[-93.5,61.86],[-93.3,61.75],[-93.84,61.56],[-93.98,61.46],[-93.83,61.33],[-94.01,61.24],[-94.24,60.9],[-94.35,60.86],[-94.71,60.27],[-94.82,59.96],[-94.82,59.65],[-94.72,59.37],[-94.81,59.02],[-94.4,58.71],[-93.72,58.79],[-93.19,58.76],[-93.13,58.53],[-92.81,58.08],[-92.76,57.87],[-92.46,57.45],[-92.46,57.22],[-92.67,57],[-92.22,57.02],[-91.03,57.26],[-90.59,57.23],[-89.83,56.98],[-88.92,56.85],[-88.31,56.54],[-87.98,56.44],[-87.62,56.1],[-87.32,55.96],[-86.87,55.91],[-86.29,55.73],[-85.68,55.59],[-85.44,55.43],[-85.13,55.3],[-84.61,55.25],[-83.93,55.33],[-83.24,55.22],[-82.92,55.22],[-82.82,55.15],[-82.46,55.14],[-82.28,55.05],[-82.2,54.83],[-82.42,54.38],[-82.43,54.23],[-82.24,54.07],[-82.13,53.81],[-82.22,53.6],[-82.12,53.28],[-82.24,53.22],[-82.3,52.97],[-81.99,52.8],[-81.92,52.68],[-81.56,52.46],[-81.58,52.32],[-81.39,52.13],[-80.98,52],[-80.59,51.71],[-80.43,51.36],[-80.11,51.3],[-79.74,51.12],[-79.7,51.39],[-79.56,51.56],[-79.35,51.66],[-78.88,51.4],[-78.79,51.61],[-79.01,51.8],[-78.84,51.84],[-78.59,52.11],[-78.5,52.36],[-78.52,52.48],[-78.79,52.66],[-78.78,52.87],[-78.98,53.07],[-78.9,53.2],[-79.06,53.62],[-79.01,53.85],[-79.13,54.11],[-79.46,54.31],[-79.53,54.58],[-79.68,54.69],[-78.97,54.85],[-78.39,55.03],[-77.78,55.27],[-77.11,55.68],[-77.04,55.78],[-76.66,56.07],[-76.55,56.3],[-76.5,56.78],[-76.59,57.27],[-76.81,57.68],[-77.08,57.96],[-77.6,58.27],[-78.03,58.39],[-78.47,58.72],[-78.56,58.94],[-78.3,58.96],[-78.11,59.21],[-77.82,59.29],[-77.88,59.48],[-77.72,59.62],[-77.46,59.68],[-77.28,60.03],[-77.56,60.05],[-77.47,60.22],[-77.74,60.43],[-77.59,60.5],[-77.83,60.64],[-77.61,60.76],[-78.17,60.87],[-77.81,61.09],[-77.79,61.45],[-77.71,61.62],[-77.94,61.69],[-78.08,61.89],[-78.15,62.3],[-77.49,62.59],[-76.76,62.51],[-75.83,62.31],[-75.33,62.32],[-75.01,62.27],[-74.42,62.25],[-73.67,62.48],[-73.57,62.39],[-73.21,62.31],[-73.06,62.19],[-72.62,62.1],[-72.61,61.94],[-72.23,61.88],[-71.96,61.71],[-71.65,61.65],[-71.86,61.42],[-71.7,61.28],[-71.4,61.15],[-70.6,61.03],[-70.33,61.1],[-70.11,61.06],[-70.06,60.86],[-69.92,60.81],[-69.54,61.08],[-69.38,60.8],[-69.72,60.68],[-69.75,60.33],[-69.6,60.22],[-69.77,59.97],[-69.59,59.88],[-69.66,59.7],[-69.57,59.6],[-69.67,59.46],[-69.25,59.32],[-69.24,59.23],[-69.53,59.19],[-69.45,58.9],[-70.03,58.81],[-69.83,58.6],[-69.26,58.9],[-68.79,58.92],[-68.36,58.78],[-68.35,58.62],[-67.65,58.25],[-67.06,58.39],[-66.95,58.5],[-66.63,58.59],[-66.39,58.85],[-66.11,58.78],[-65.98,58.92],[-65.64,59.07],[-65.74,59.27],[-65.41,59.42],[-65.55,59.73],[-65.14,59.9],[-65.12,60.01],[-64.85,60.37],[-64.42,60.26],[-64.45,60.07],[-64.22,60.05],[-64.13,59.91],[-64.15,59.68],[-63.73,59.51],[-63.81,59.37],[-63.53,59.35],[-63.37,59.22],[-63.44,59.12],[-62.93,58.82],[-62.85,58.67],[-63.18,58.5],[-63.01,58.43],[-62.58,58.5],[-62.66,58.18],[-62.31,58.03],[-61.89,57.62],[-62.29,57.52],[-61.82,57.38],[-61.87,57.17],[-61.38,57.12],[-61.5,56.98],[-61.81,56.79],[-61.87,56.64],[-61.76,56.49],[-61.83,56.38],[-61.55,56.2],[-61.37,56.23],[-61.35,55.97],[-60.78,55.86],[-60.35,55.58],[-60.42,55.43],[-60.29,55.23],[-59.94,55.24],[-59.86,55.14],[-59.43,55.14],[-59.25,55.22],[-59.01,55.15],[-59.03,55.02],[-58.68,54.82],[-58.2,54.8],[-58.14,54.74],[-57.85,54.74],[-57.67,54.63],[-57.45,54.65],[-57.39,54.5],[-57.68,54.38],[-58.19,54.36],[-58.25,54.25],[-58.47,54.23],[-58.97,53.97],[-59.53,53.82],[-59.79,53.85],[-60.11,53.76],[-60.04,53.48],[-59.51,53.56],[-59.37,53.65],[-59.08,53.69],[-59.07,53.8],[-58.85,53.94],[-58.22,54.06],[-58.23,54.24],[-58.01,54.24],[-57.36,54.14],[-57.15,53.74],[-56.63,53.74],[-56.63,53.66],[-56.04,53.58],[-56.03,53.43],[-55.81,53.33],[-55.75,53.15],[-55.96,53.02],[-55.81,52.83],[-56.06,52.77],[-55.93,52.64],[-56,52.52],[-55.65,52.44],[-55.82,52.31],[-55.68,52.11],[-55.93,51.93],[-56.34,51.78],[-56.97,51.43],[-57.25,51.51],[-57.67,51.43],[-58.23,51.28],[-58.45,51.32],[-58.72,51.11],[-58.95,51.04],[-58.99,50.79],[-59.41,50.67],[-59.58,50.48],[-59.8,50.45],[-59.85,50.31],[-60.06,50.25],[-60.54,50.23],[-60.84,50.26],[-61.31,50.2],[-61.72,50.1],[-61.85,50.22],[-62.85,50.29],[-63.18,50.29],[-63.44,50.22],[-63.72,50.3],[-64.25,50.27],[-64.47,50.32],[-64.89,50.27],[-65.26,50.32],[-65.74,50.26],[-65.93,50.29],[-66.16,50.2],[-66.54,50.22],[-66.75,50.05],[-66.95,49.99],[-67.13,49.83],[-67.25,49.46],[-67.38,49.34],[-68.12,49.27],[-68.18,49.12],[-68.37,49.14],[-69.07,48.76],[-69.14,48.6],[-69.45,48.3],[-69.74,48.12],[-69.93,47.77],[-70.2,47.6],[-70.24,47.5],[-70.5,47.43],[-70.71,47.12],[-70.96,47.02],[-71.35,46.74],[-71.69,46.67],[-71.88,46.69],[-72.23,46.55],[-72.26,46.47],[-72.46,46.4],[-72.6,46.3],[-72.99,46.21],[-73.16,46.07],[-73.29,45.88],[-73.5,45.73],[-73.76,45.68],[-74.08,45.46],[-73.96,45.35],[-73.69,45.43],[-73.56,45.41],[-73.41,45.75],[-73.26,45.85],[-73.14,46.06],[-72.73,46.18],[-72.5,46.36],[-72.27,46.42],[-72.19,46.53],[-71.85,46.67],[-71.71,46.63],[-71.3,46.75],[-71.16,46.84],[-70.53,47.01],[-70.39,47.12],[-70.03,47.47],[-69.8,47.62],[-69.05,48.23],[-68.21,48.64],[-67.96,48.7],[-66.62,49.12],[-66.22,49.21],[-65.57,49.27],[-64.96,49.22],[-64.61,49.12],[-64.22,48.89],[-64.28,48.73],[-64.16,48.63],[-64.33,48.42],[-64.7,48.32],[-64.78,48.2],[-65.29,48.01],[-65.78,48.12],[-65.95,48.2],[-66.26,48.01],[-65.82,47.91],[-65.63,47.67],[-65.48,47.68],[-65.21,47.82],[-64.83,47.82],[-64.68,47.72],[-64.89,47.56],[-64.96,47.29],[-65.33,47.1],[-64.83,47.09],[-64.91,46.89],[-64.71,46.69],[-64.72,46.58],[-64.51,46.24],[-64.25,46.23],[-63.81,46.14],[-63.9,45.98],[-63.81,45.89],[-63.19,45.74],[-63.07,45.78],[-62.74,45.76],[-62.47,45.61],[-61.92,45.89],[-61.89,45.7],[-61.62,45.61],[-61.47,45.68],[-61.07,45.22],[-61.33,45.23],[-61.64,45.09],[-62.55,44.87],[-63.02,44.7],[-63.28,44.64],[-63.59,44.66],[-63.52,44.52],[-63.72,44.46],[-63.93,44.51],[-63.94,44.62],[-64.35,44.46],[-64.34,44.33],[-64.56,44.08],[-64.82,43.95],[-65.03,43.71],[-65.25,43.67],[-65.46,43.53],[-65.67,43.5],[-65.77,43.67],[-66.12,43.74],[-66.21,44.11],[-66.11,44.34],[-65.85,44.56],[-65.79,44.7],[-64.86,45.14],[-64.51,45.23],[-64.22,45.11],[-64.12,45.22],[-63.83,45.28],[-63.59,45.4],[-64.07,45.41],[-64.39,45.37],[-64.58,45.42],[-64.72,45.32],[-64.94,45.35],[-64.83,45.48],[-64.43,45.71],[-64.59,45.83],[-64.76,45.63],[-65.32,45.46],[-65.54,45.33],[-65.91,45.21],[-66.13,45.28],[-66.19,45.18],[-66.43,45.08],[-66.49,45.16],[-66.75,45.06],[-67.02,45.17],[-67.1,45.04],[-66.98,44.82],[-67.22,44.64],[-67.57,44.55],[-67.81,44.58],[-67.9,44.42],[-68.1,44.39],[-68.27,44.49],[-68.76,44.33],[-68.83,44.48],[-68.99,44.42],[-69.12,44.04],[-69.26,43.93],[-69.65,43.9],[-69.79,43.74],[-69.99,43.86],[-70.24,43.7],[-70.2,43.56],[-70.36,43.53],[-70.38,43.39],[-70.54,43.33],[-70.82,42.87],[-70.82,42.72],[-70.65,42.6],[-70.86,42.55],[-71.04,42.31],[-70.78,42.26],[-70.63,42.09],[-70.53,41.82],[-70.27,41.72],[-70.07,41.77],[-69.94,41.67],[-70.43,41.63],[-70.66,41.52],[-70.66,41.72],[-71.19,41.47],[-71.21,41.65],[-71.36,41.75],[-71.5,41.37],[-71.9,41.35],[-72.29,41.28],[-72.78,41.27],[-73.17,41.17],[-73.63,41.01],[-73.82,40.84],[-73.93,40.8],[-74.1,40.65],[-74.21,40.63],[-74.28,40.5],[-74.03,40.42],[-73.97,40.33],[-74.17,39.7],[-74.36,39.55],[-74.75,39.05],[-75.03,39.21],[-75.16,39.2],[-75.36,39.34],[-75.39,39.06],[-75.17,38.79],[-75.08,38.8],[-75.06,38.55],[-75.15,38.24],[-75.43,37.96],[-75.49,37.83],[-75.89,37.36],[-75.92,37.61],[-75.71,37.83],[-75.81,38.14],[-75.91,38.27],[-76.03,38.24],[-76.22,38.34],[-76.32,38.47],[-76.15,38.67],[-76.34,38.73],[-76.15,38.9],[-76.13,39.12],[-76.27,39.15],[-76.17,39.32],[-76.42,39.32],[-76.4,39.01],[-76.55,38.78],[-76.51,38.53],[-76.32,38.14],[-76.61,38.15],[-76.53,38.03],[-76.25,37.9],[-76.36,37.52],[-76.24,37.45],[-76.38,37.27],[-76.27,36.96],[-75.99,36.91],[-75.93,36.71],[-75.92,36.4],[-75.86,36.16],[-76.02,36.19],[-76.2,36.1],[-76.41,36.08],[-76.39,35.94],[-76.2,35.99],[-75.85,35.98],[-75.72,35.83],[-75.75,35.61],[-75.9,35.58],[-76.15,35.35],[-76.44,35.4],[-76.56,35.12],[-76.55,35],[-76.34,34.9],[-76.5,34.77],[-76.66,34.72],[-76.9,34.74],[-77.2,34.65],[-77.54,34.47],[-77.83,34.21],[-77.91,33.96],[-78.03,33.89],[-78.25,33.93],[-78.56,33.87],[-78.76,33.78],[-78.94,33.64],[-79.13,33.42],[-79.2,33.19],[-79.39,33.02],[-79.58,33.01],[-79.61,32.92],[-79.85,32.76],[-80.01,32.61],[-80.41,32.48],[-80.44,32.37],[-80.89,32.07],[-80.84,32],[-81.06,31.79],[-81.2,31.72],[-81.36,31.42],[-81.27,31.27],[-81.5,30.97],[-81.5,30.7],[-81.26,29.79],[-81.18,29.59],[-80.92,29.07],[-80.61,28.61],[-80.77,28.61],[-80.74,28.37],[-80.38,27.67],[-80.35,27.51],[-80.08,26.97],[-80.04,26.81],[-80.13,25.89],[-80.31,25.62],[-80.31,25.37],[-80.43,25.22],[-80.58,25.24],[-80.71,25.15],[-80.85,25.19],[-81.09,25.12],[-81.18,25.23],[-81.15,25.4],[-81.32,25.78],[-81.66,25.98],[-81.8,26.1],[-81.86,26.45],[-82.04,26.53],[-82.08,26.68],[-82.31,26.85],[-82.56,27.28],[-82.66,27.52],[-82.4,27.8],[-82.6,27.98],[-82.64,27.7],[-82.84,27.83],[-82.77,28.11],[-82.79,28.19],[-82.66,28.45],[-82.64,28.9],[-82.85,29.18],[-83.02,29.17],[-83.22,29.41],[-83.4,29.53],[-83.41,29.67],[-83.53,29.72],[-83.68,29.92],[-84.02,30.11],[-84.27,30.09],[-84.51,29.92],[-84.89,29.73],[-85.31,29.69],[-85.36,29.89],[-85.67,30.12],[-85.71,30.25],[-85.86,30.22],[-86.07,30.31],[-86.36,30.38],[-86.48,30.48],[-86.68,30.42],[-87.16,30.47],[-87.33,30.32],[-87.79,30.24],[-87.92,30.42],[-87.94,30.66],[-88.05,30.65],[-88.12,30.34],[-88.36,30.4],[-88.47,30.32],[-88.74,30.35],[-88.93,30.44],[-89.01,30.38],[-89.33,30.3],[-89.44,30.19],[-89.71,30.18],[-89.97,30.26],[-90.06,30.36],[-90.22,30.39],[-90.41,30.22],[-90.34,30.07],[-90.04,30.04],[-89.88,30.15],[-89.84,30],[-89.69,29.88],[-89.43,30.06],[-89.46,29.83],[-89.64,29.62],[-89.67,29.52],[-89.34,29.35],[-89.2,29.35],[-89.02,29.15],[-89.19,29.03],[-89.38,29.09],[-89.48,29.24],[-89.76,29.34],[-89.91,29.48],[-90.04,29.37],[-90.08,29.17],[-90.25,29.25],[-90.56,29.3],[-90.71,29.12],[-91.23,29.24],[-91.22,29.4],[-91.32,29.5],[-91.53,29.53],[-91.68,29.75],[-91.88,29.76],[-91.98,29.83],[-92.13,29.76],[-92.11,29.62],[-92.28,29.53],[-92.68,29.6],[-93.2,29.77],[-93.74,29.74],[-93.85,29.99],[-93.93,29.78],[-94.06,29.68],[-94.65,29.45],[-94.76,29.52],[-94.69,29.7],[-94.88,29.67],[-95.02,29.72],[-95.02,29.54],[-94.89,29.38],[-95.16,29.15],[-95.16,29.05],[-95.38,28.88],[-95.6,28.76],[-95.82,28.73],[-96.2,28.59],[-96.56,28.65],[-96.58,28.58],[-96.4,28.43],[-96.65,28.32],[-97.02,28.04],[-97.18,27.84],[-97.39,27.83],[-97.26,27.68],[-97.42,27.33],[-97.52,27.23],[-97.45,27.13],[-97.55,27.01],[-97.35,26.35],[-97.31,26.12],[-97.14,25.97],[-97.17,25.72],[-97.32,25.39],[-97.46,25.18],[-97.65,24.52],[-97.72,24.01],[-97.77,23.26],[-97.74,22.97],[-97.89,22.63],[-97.77,22.25],[-97.76,22.1],[-97.61,21.84],[-97.66,21.64],[-97.5,21.4],[-97.2,20.81],[-97.15,20.65],[-96.68,20.16],[-96.46,19.87],[-96.28,19.31],[-95.98,19.06],[-95.85,18.72],[-95.73,18.76],[-95.5,18.71],[-95.21,18.71],[-95,18.56],[-94.81,18.52],[-94.58,18.19],[-94.47,18.14],[-94.21,18.19],[-93.44,18.44],[-92.94,18.45],[-92.68,18.62],[-92.41,18.67],[-91.95,18.69],[-91.99,18.54],[-91.83,18.48],[-91.54,18.45],[-91.33,18.57],[-91.27,18.74],[-91.43,18.88],[-90.94,19.16],[-90.73,19.38],[-90.71,19.69],[-90.66,19.78],[-90.48,19.92],[-90.5,20.07],[-90.49,20.53],[-90.36,21],[-90.1,21.16],[-89.79,21.28],[-89.12,21.36],[-88.7,21.46],[-88.45,21.58],[-88.28,21.56],[-88.13,21.62],[-87.96,21.6],[-87.47,21.47],[-87.24,21.44],[-87,21.57],[-86.83,21.43],[-86.82,21.2],[-86.74,21.16],[-86.88,20.86],[-87.07,20.62],[-87.23,20.49],[-87.44,20.19],[-87.47,19.88],[-87.63,19.71],[-87.67,19.55],[-87.42,19.56],[-87.53,19.41],[-87.5,19.33],[-87.61,19.02],[-87.66,18.77],[-87.72,18.68],[-87.77,18.41],[-88.08,18.5],[-88,18.69],[-88.04,18.87],[-88.31,18.44],[-88.11,18.37],[-88.09,18.12],[-88.21,17.88],[-88.28,17.58],[-88.23,17.5],[-88.3,17.18],[-88.22,16.97],[-88.28,16.89],[-88.31,16.65],[-88.54,16.27],[-88.74,16.23],[-88.75,16.15],[-88.93,15.98],[-88.91,15.89],[-88.63,15.75],[-88.45,15.86],[-88.15,15.68],[-87.91,15.87],[-87.72,15.92],[-87.51,15.8],[-87.35,15.85],[-86.88,15.76],[-86.47,15.8],[-86.34,15.78],[-86.21,15.87],[-85.99,15.9],[-85.9,15.98],[-85.7,15.98],[-85.49,15.87],[-85.25,15.88],[-85,15.99],[-84.68,15.88],[-84.66,15.77],[-84.29,15.81],[-84.02,15.54],[-84.08,15.36],[-83.91,15.38],[-83.77,15.29],[-83.41,15.27],[-83.28,15.07],[-83.18,14.99],[-83.41,14.83],[-83.3,14.77],[-83.19,14.39],[-83.22,14.25],[-83.43,13.96],[-83.49,13.74],[-83.57,13.29],[-83.51,12.9],[-83.59,12.63],[-83.77,12.55],[-83.66,12.26],[-83.71,12.05],[-83.84,11.87],[-83.7,11.85],[-83.65,11.61],[-83.76,11.56],[-83.87,11.37],[-83.84,11.14],[-83.75,10.98],[-83.64,10.93],[-83.47,10.49],[-83.2,10.13],[-83.02,9.96],[-82.77,9.66],[-82.64,9.63],[-82.35,9.4],[-82.39,9.29],[-82.26,9.18],[-82.25,9.01],[-82.11,8.94],[-81.9,8.97],[-81.76,9.06],[-81.54,8.81],[-81.3,8.78],[-81.09,8.81],[-80.82,8.89],[-80.64,9.05],[-80.1,9.22],[-79.91,9.31],[-79.55,9.63],[-79.19,9.54],[-79.06,9.46],[-78.44,9.4],[-78.02,9.23],[-77.57,8.79],[-77.48,8.67],[-77.35,8.67],[-77.27,8.5],[-77.13,8.41],[-77.05,8.28],[-76.83,8.14],[-76.93,7.96],[-76.76,7.92],[-76.73,8.08],[-76.77,8.4],[-76.89,8.62],[-76.67,8.68],[-76.26,9.01],[-76.17,9.25],[-75.91,9.43],[-75.81,9.39],[-75.62,9.45],[-75.58,9.62],[-75.66,9.71],[-75.57,10.07],[-75.65,10.19],[-75.52,10.32],[-75.51,10.59],[-75.31,10.71],[-75.27,10.8],[-75.04,10.92],[-74.84,11.11],[-74.5,10.97],[-74.46,10.75],[-74.36,10.78],[-74.22,11.08],[-74.19,11.32],[-74,11.36],[-73.83,11.28],[-73.29,11.29],[-73.05,11.49],[-72.76,11.7],[-72.45,11.79],[-72.26,11.89],[-72.14,12.1],[-72.17,12.23],[-72,12.26],[-71.91,12.21],[-71.66,12.47],[-71.24,12.33],[-71.11,12.09],[-71.3,11.92],[-71.38,11.76],[-71.96,11.59],[-71.94,11.38],[-71.77,11.11],[-71.69,10.84],[-71.58,10.72],[-71.63,10.45],[-71.78,10.34],[-71.9,10.14],[-71.98,10.09],[-72.12,9.83],[-72,9.65],[-71.97,9.5],[-71.73,9.36],[-71.76,9.12],[-71.51,9.05],[-71.27,9.14],[-71.06,9.36],[-71.09,9.56],[-71.04,9.76],[-71.21,9.98],[-71.27,10.15],[-71.36,10.22],[-71.53,10.54],[-71.53,10.75],[-71.45,10.8],[-71.46,10.97],[-71.29,10.99],[-70.87,11.2],[-70.51,11.25],[-70.18,11.38],[-70.05,11.52],[-69.81,11.43],[-69.75,11.48],[-69.85,11.69],[-70.19,11.6],[-70.3,11.87],[-70.21,12.11],[-70.02,12.2],[-69.84,12.02],[-69.81,11.8],[-69.7,11.54],[-69.62,11.47],[-69.27,11.54],[-69.06,11.45],[-68.86,11.45],[-68.66,11.35],[-68.42,11.18],[-68.26,10.9],[-68.33,10.81],[-68.24,10.58],[-68.13,10.49],[-67.94,10.47],[-67.56,10.53],[-67.17,10.56],[-67.01,10.61],[-66.54,10.63],[-66.12,10.6],[-66.12,10.5],[-65.87,10.31],[-65.58,10.19],[-65.17,10.1],[-64.75,10.11],[-64.63,10.25],[-64.49,10.24],[-64.34,10.39],[-64.14,10.48],[-63.82,10.45],[-63.85,10.56],[-63.76,10.67],[-63.53,10.63],[-63.17,10.73],[-62.9,10.7],[-62.72,10.76],[-62.15,10.69],[-62.33,10.53],[-62.66,10.57],[-62.86,10.53],[-62.83,10.41],[-62.52,10.18],[-62.41,9.92],[-62.26,9.94],[-62.2,10.02],[-62.03,9.96],[-61.88,9.82],[-61.59,9.78],[-61.44,9.82],[-61.13,9.57],[-61.05,9.58],[-60.86,9.46],[-60.78,9.34],[-60.98,9.17],[-61.1,8.96],[-61.21,8.61],[-61.52,8.6],[-61.43,8.48],[-61.28,8.4],[-61.18,8.49],[-60.98,8.57],[-60.69,8.6],[-60.46,8.53],[-60.37,8.64],[-60.02,8.56],[-59.81,8.35],[-59.76,8.41],[-59.17,8.06],[-58.78,7.66],[-58.66,7.59],[-58.46,7.31],[-58.49,7.01],[-58.55,6.95],[-58.61,6.69],[-58.4,6.88],[-58.07,6.82],[-57.89,6.7],[-57.6,6.43],[-57.29,6.23],[-57.07,5.95],[-56.96,6.01],[-56.66,5.98],[-56,5.81],[-55.84,5.98],[-55.34,5.96],[-54.77,5.99],[-54.47,5.94],[-54.04,5.84],[-53.99,5.75],[-53.78,5.71],[-53.52,5.58],[-53.25,5.55],[-52.99,5.46],[-52.4,4.97],[-52.09,4.76],[-51.93,4.59],[-51.8,4.61],[-51.65,4.19],[-51.55,4.26],[-51.52,4.44],[-51.39,4.36],[-51.22,4.17],[-51.08,3.88],[-51.09,3.38],[-50.94,2.82],[-50.9,2.79],[-50.74,2.38],[-50.71,2.24],[-50.47,1.82],[-50.18,1.82],[-49.95,1.72],[-49.91,1.66],[-49.87,1.36],[-49.98,1.07],[-50.31,0.82],[-50.47,0.65],[-50.61,0.37],[-50.79,0.17],[-50.93,0.16],[-51.07,-0.02],[-51.2,-0.05],[-51.32,-0.22],[-51.45,-0.47],[-51.7,-0.75],[-51.72,-1.04],[-51.93,-1.18],[-51.92,-1.33],[-52.07,-1.41],[-52.2,-1.34],[-52.4,-1.42],[-52.12,-1.62],[-51.91,-1.57],[-51.67,-1.4],[-51.27,-1.22],[-51.03,-1.04],[-50.94,-0.91],[-50.82,-1.03],[-50.9,-1.12],[-50.82,-1.23],[-50.82,-1.44],[-50.69,-1.61],[-50.57,-1.89],[-50.37,-1.97],[-50.28,-1.89],[-49.98,-1.83],[-49.68,-1.91],[-49.49,-1.76],[-49.38,-1.9],[-49.45,-2.18],[-49.33,-2.2],[-49.23,-1.95],[-49.12,-1.77],[-48.97,-1.6],[-48.81,-1.62],[-48.64,-1.39],[-48.54,-1.58],[-48.48,-1.28],[-48.34,-1.32],[-48.16,-0.96],[-48.15,-0.78],[-47.95,-0.74],[-47.58,-0.58],[-47.41,-0.66],[-47.29,-0.59],[-47.08,-0.75],[-46.86,-0.77],[-46.77,-0.87],[-46.61,-0.81],[-46.48,-1.02],[-46.22,-1.01],[-45.96,-1.22],[-45.81,-1.28],[-45.7,-1.16],[-45.4,-1.44],[-45.34,-1.58],[-45.09,-1.46],[-44.72,-1.72],[-44.71,-1.81],[-44.52,-1.85],[-44.5,-2.15],[-44.36,-2.31],[-44.47,-2.4],[-44.65,-2.77],[-44.69,-2.99],[-44.61,-3.11],[-44.43,-2.95],[-44.37,-2.55],[-44.07,-2.4],[-44.01,-2.63],[-43.74,-2.52],[-43.48,-2.54],[-43.45,-2.34],[-43.31,-2.35],[-42.71,-2.56],[-42.45,-2.75],[-42.22,-2.81],[-42,-2.81],[-42,-2.72],[-41.82,-2.73],[-41.68,-2.88],[-41.34,-2.92],[-40.58,-2.83],[-40.5,-2.79],[-39.99,-2.85],[-39.49,-3.15],[-39.36,-3.18],[-38.66,-3.68],[-38.46,-3.72],[-38.38,-3.87],[-38.25,-3.96],[-38.11,-4.16],[-37.85,-4.38],[-37.77,-4.4],[-37.61,-4.61],[-37.32,-4.7],[-37.18,-4.91],[-36.9,-4.94],[-36.79,-5.05],[-36.59,-5.1],[-36.13,-5.1],[-36,-5.05],[-35.51,-5.14],[-35.42,-5.21],[-35.26,-5.48],[-35.09,-6.19],[-35.04,-6.24],[-34.97,-6.62],[-34.86,-7.07],[-34.8,-7.16],[-34.81,-7.62],[-34.9,-7.72],[-34.81,-7.91],[-34.93,-8.24],[-34.94,-8.35],[-35.13,-8.81],[-35.15,-8.91],[-35.31,-9.19],[-35.48,-9.37],[-35.58,-9.53],[-35.85,-9.73],[-35.88,-9.86],[-36.04,-10.06],[-36.25,-10.25],[-36.41,-10.5],[-36.58,-10.55],[-36.9,-10.77],[-37.04,-10.95],[-37.17,-11.2],[-37.29,-11.32],[-37.43,-11.57],[-37.65,-12.05],[-38.05,-12.64],[-38.32,-12.94],[-38.51,-13.02],[-38.51,-12.72],[-38.74,-12.74],[-38.74,-12.88],[-38.84,-13.16],[-39.06,-13.4],[-38.97,-13.67],[-39.01,-13.83],[-38.92,-14],[-39.07,-14.67],[-39.02,-14.82],[-39,-15.23],[-38.92,-15.72],[-38.86,-15.84],[-39.05,-16.44],[-39.14,-16.8],[-39.12,-16.9],[-39.21,-17.16],[-39.18,-17.6],[-39.14,-17.68],[-39.28,-17.87],[-39.5,-18.01],[-39.62,-18.19],[-39.72,-18.52],[-39.74,-18.9],[-39.7,-19.24],[-39.71,-19.42],[-39.83,-19.66],[-40.03,-19.76],[-40.19,-20.19],[-40.35,-20.5],[-40.58,-20.8],[-40.73,-20.84],[-40.97,-21.27],[-41.07,-21.52],[-40.97,-21.95],[-41,-22.01],[-41.24,-22.15],[-41.67,-22.28],[-41.97,-22.54],[-41.99,-22.83],[-42.06,-22.95],[-42.62,-22.94],[-43.03,-22.97],[-43.12,-22.93],[-43.03,-22.78],[-43.08,-22.67],[-43.27,-22.75],[-43.16,-22.9],[-43.22,-23],[-43.54,-23.05],[-43.86,-22.9],[-44.06,-22.94],[-44.19,-23.05],[-44.44,-23],[-44.67,-23.06],[-44.71,-23.19],[-44.51,-23.27],[-44.58,-23.35],[-44.84,-23.39],[-44.92,-23.35],[-45.08,-23.5],[-45.43,-23.66],[-45.51,-23.84],[-45.86,-23.76],[-46.08,-23.83],[-46.23,-23.99],[-46.41,-24.01],[-46.97,-24.3],[-47.18,-24.53],[-47.54,-24.7],[-47.83,-24.89],[-47.95,-25.2],[-48.25,-25.41],[-48.41,-25.28],[-48.46,-25.47],[-48.43,-25.62],[-48.61,-26.04],[-48.58,-26.16],[-48.8,-26.3],[-48.64,-26.38],[-48.68,-26.72],[-48.58,-27.02],[-48.65,-27.48],[-48.65,-27.65],[-48.57,-27.86],[-48.66,-28.21],[-48.82,-28.61],[-48.94,-28.65],[-49.34,-28.92],[-49.55,-29.13],[-49.81,-29.44],[-50.05,-29.81],[-50.32,-30.46],[-50.72,-31.04],[-51.15,-31.48],[-51.56,-31.78],[-51.86,-31.93],[-52.03,-32.11],[-52.09,-31.86],[-51.92,-31.87],[-51.67,-31.77],[-51.43,-31.5],[-51.33,-31.52],[-51.18,-31.36],[-51.18,-31.15],[-50.99,-31.05],[-50.94,-30.9],[-50.73,-30.79],[-50.54,-30.32],[-50.9,-30.31],[-51.12,-30.26],[-51.29,-30.62],[-51.38,-30.66],[-51.36,-30.88],[-51.46,-30.89],[-51.44,-31.08],[-51.62,-31.14],[-51.65,-31.26],[-51.92,-31.31],[-52,-31.55],[-52.25,-31.84],[-52.17,-31.94],[-52.26,-32.05],[-52.13,-32.18],[-52.25,-32.28],[-52.38,-32.5],[-52.47,-32.8],[-52.62,-33.1],[-52.82,-33.32],[-53.47,-33.83],[-53.54,-34.06],[-53.71,-34.2],[-53.76,-34.39],[-53.97,-34.49],[-54.15,-34.67],[-54.31,-34.71],[-54.94,-34.97],[-55.08,-34.88],[-55.26,-34.9],[-55.38,-34.8],[-55.79,-34.77],[-56.07,-34.9],[-56.31,-34.91],[-56.45,-34.76],[-56.8,-34.7],[-57.12,-34.46],[-57.54,-34.45],[-57.82,-34.48],[-58.08,-34.19],[-58.38,-34.19],[-58.51,-34.44],[-58.47,-34.52],[-58.15,-34.75],[-57.87,-34.83],[-57.52,-35.01],[-57.25,-35.25],[-57.14,-35.48],[-57.35,-35.73],[-57.37,-35.99],[-57.25,-36.17],[-56.93,-36.36],[-56.7,-36.4],[-56.67,-36.89],[-56.73,-36.97],[-57.06,-37.41],[-57.51,-37.87],[-57.59,-38.15],[-58.16,-38.43],[-59.06,-38.69],[-59.89,-38.84],[-60.87,-38.98],[-61.52,-39.01],[-62.03,-38.94],[-62.16,-38.81],[-62.38,-38.8],[-62.27,-38.95],[-62.36,-39.1],[-62.32,-39.27],[-62.06,-39.45],[-62.16,-39.86],[-62.31,-39.87],[-62.37,-40.21],[-62.48,-40.29],[-62.41,-40.46],[-62.25,-40.62],[-62.34,-40.87],[-62.73,-41.04],[-63.1,-41.15],[-63.78,-41.16],[-64.06,-41],[-64.17,-41.01],[-64.77,-40.81],[-64.95,-40.71],[-65.12,-40.83],[-65.18,-41.01],[-65.06,-41.45],[-64.99,-41.55],[-65,-41.79],[-65.07,-41.99],[-64.86,-42.19],[-64.53,-42.24],[-64.57,-42.44],[-64.13,-42.43],[-64.07,-42.27],[-64.16,-42.21],[-63.81,-42.07],[-63.59,-42.34],[-63.62,-42.75],[-63.74,-42.82],[-64.11,-42.88],[-64.25,-42.75],[-64.32,-42.54],[-64.61,-42.52],[-64.95,-42.65],[-65,-42.78],[-64.51,-42.94],[-64.45,-43.07],[-64.77,-43.15],[-65.03,-43.3],[-65.03,-43.38],[-65.33,-43.67],[-65.22,-44.04],[-65.31,-44.2],[-65.22,-44.37],[-65.33,-44.51],[-65.69,-44.71],[-65.72,-44.87],[-65.6,-45.03],[-66.2,-44.99],[-66.47,-45.08],[-66.52,-45.22],[-66.87,-45.24],[-67.06,-45.35],[-67.33,-45.61],[-67.36,-45.78],[-67.55,-45.93],[-67.62,-46.16],[-67.54,-46.4],[-67.42,-46.57],[-67.13,-46.71],[-66.79,-47.01],[-66.2,-47.09],[-65.98,-47.07],[-65.74,-47.2],[-65.74,-47.51],[-65.85,-47.74],[-65.85,-47.94],[-65.96,-48.06],[-66.3,-48.25],[-66.47,-48.4],[-66.65,-48.43],[-67.11,-48.67],[-67.2,-48.82],[-67.56,-49.02],[-67.7,-49.3],[-67.65,-49.38],[-67.73,-49.78],[-67.83,-49.95],[-68.08,-50.09],[-68.33,-50.12],[-68.44,-50.2],[-68.88,-50.33],[-69.08,-50.56],[-69.17,-50.98],[-68.94,-51.65],[-68.69,-52.01],[-68.37,-52.31],[-68.57,-52.34],[-68.9,-52.3],[-69.23,-52.2],[-69.48,-52.29],[-69.67,-52.53],[-69.85,-52.49],[-70.32,-52.64],[-70.58,-52.67],[-70.81,-52.82],[-70.82,-52.99],[-70.99,-53.38],[-70.97,-53.76],[-71.23,-53.87],[-71.64,-53.82],[-72.05,-53.71],[-72.28,-53.58],[-72.45,-53.41],[-72.28,-53.24],[-71.83,-53.25],[-71.47,-53.13],[-71.25,-53.02],[-71.17,-52.81],[-71.53,-52.87],[-71.91,-53.01],[-72.09,-53.13],[-72.47,-53.28],[-72.52,-53.54],[-73.2,-53.24],[-72.89,-53.06],[-72.96,-52.82],[-72.61,-52.74],[-72.56,-52.83],[-72.16,-52.65],[-71.85,-52.69],[-71.48,-52.65],[-71.57,-52.56],[-72.33,-52.53],[-72.41,-52.65],[-72.66,-52.52],[-72.8,-52.62],[-72.79,-52.75],[-73.01,-52.83],[-72.95,-53.02],[-73.12,-53.1],[-73.33,-53.07],[-73.27,-52.67],[-73.69,-52.6],[-73.53,-52.46],[-73.58,-52.21],[-73.33,-52.22],[-73.09,-52.08],[-72.89,-52.06],[-72.8,-51.94],[-72.53,-51.95],[-72.47,-51.79],[-72.92,-51.86],[-73.15,-51.94],[-73.18,-52.08],[-73.32,-52.17],[-73.54,-52.06],[-73.68,-51.77],[-73.9,-51.61],[-73.93,-51.4],[-73.72,-51.36],[-73.78,-51.22],[-74.13,-51.19],[-74.26,-50.94],[-73.95,-50.83],[-74.13,-50.76],[-74.57,-50.1],[-74.25,-50.08],[-74.32,-49.63],[-74.21,-49.52],[-74.42,-49.37],[-74.4,-48.97],[-74.45,-48.83],[-74.39,-48.6],[-74.2,-48.47],[-74.32,-48.21],[-74.44,-48.18],[-74.63,-48],[-74.42,-47.98],[-73.89,-48.02],[-73.59,-48.14],[-73.71,-47.78],[-73.92,-47.84],[-74.07,-47.77],[-74.63,-47.77],[-74.74,-47.7],[-74.53,-47.42],[-74.32,-47.22],[-74.14,-47.22],[-73.96,-47.06],[-74.12,-46.99],[-74.27,-46.78],[-74.65,-46.79],[-74.68,-46.88],[-75.02,-46.72],[-75.08,-46.64],[-75.44,-46.65],[-75.35,-46.9],[-75.55,-46.95],[-75.71,-46.79],[-75.7,-46.64],[-75.52,-46.55],[-75.09,-46.22],[-74.96,-46.22],[-74.71,-45.98],[-74.69,-45.84],[-74.19,-45.79],[-73.77,-46.23],[-73.79,-46.36],[-73.99,-46.56],[-73.83,-46.58],[-73.74,-46.42],[-73.58,-46.31],[-73.66,-45.98],[-73.55,-45.88],[-73.58,-45.72],[-73.52,-45.46],[-73.33,-45.34],[-73.46,-45.27],[-73.3,-45.14],[-73.35,-44.96],[-73.12,-44.95],[-72.73,-44.76],[-72.69,-44.49],[-73.28,-44.11],[-72.98,-43.76],[-72.97,-43.62],[-73.11,-43.46],[-73.08,-43.32],[-72.91,-43.24],[-72.93,-43.1],[-72.76,-43.01],[-72.84,-42.84],[-72.82,-42.5],[-72.68,-42.5],[-72.81,-42.24],[-72.62,-42.18],[-72.49,-42.06],[-72.74,-42.01],[-72.86,-41.91],[-72.65,-41.72],[-72.75,-41.55],[-72.96,-41.48],[-73.11,-41.59],[-73.06,-41.7],[-73.2,-41.78],[-73.52,-41.8],[-73.66,-41.76],[-73.69,-41.59],[-73.8,-41.57],[-73.95,-40.97],[-73.84,-40.67],[-73.73,-40.54],[-73.78,-40.44],[-73.68,-39.94],[-73.4,-39.8],[-73.41,-39.69],[-73.24,-39.49],[-73.22,-39.34],[-73.28,-39.08],[-73.54,-38.42],[-73.46,-38.09],[-73.5,-37.93],[-73.67,-37.72],[-73.6,-37.51],[-73.67,-37.36],[-73.61,-37.16],[-73.47,-37.23],[-73.21,-37.16],[-73.17,-36.97]],[[-2.72,-70.82],[-2.08,-70.83],[-2.56,-71.13],[-2.84,-71.06],[-3.19,-70.82],[-3.18,-70.67],[-2.62,-70.7],[-2.72,-70.82]],[[-60.44,-70.6],[-60.86,-70.71],[-60.96,-70.54],[-60.44,-70.6]],[[-3.43,-70.54],[-3.26,-70.33],[-2.83,-70.28],[-2.69,-70.47],[-3.43,-70.54]],[[-61.76,-69.45],[-62.2,-69.51],[-62.58,-69.19],[-62.19,-69.19],[-61.76,-69.45]],[[-57.51,-64.34],[-57.8,-64.38],[-58.19,-64.38],[-58.28,-64.3],[-58.13,-64.1],[-58.46,-64.09],[-58.26,-63.91],[-57.81,-63.82],[-57.83,-64.07],[-57.52,-64.02],[-57.16,-64.09],[-57.51,-64.34]],[[-55.72,-63.48],[-55.96,-63.58],[-56.21,-63.44],[-55.81,-63.41],[-55.72,-63.48]],[[-55.16,-63.2],[-55.17,-63.36],[-55.9,-63.3],[-56.09,-63.39],[-56.45,-63.43],[-56.37,-63.23],[-55.97,-63.15],[-55.58,-63.13],[-55.16,-63.2]],[[-56.55,-63.1],[-56.47,-62.98],[-56.05,-63.02],[-56.27,-63.18],[-56.55,-63.1]],[[-68,-55.63],[-68.25,-55.52],[-68.6,-55.46],[-68.87,-55.51],[-68.97,-55.43],[-68.86,-55.26],[-69.27,-55.21],[-69.61,-55.37],[-70.03,-55.15],[-69.89,-55.06],[-69.32,-54.99],[-68.44,-54.94],[-68.53,-55.11],[-68.24,-55.29],[-68.24,-55.4],[-68,-55.63]],[[-70.3,-55.08],[-70.72,-55.12],[-70.99,-55.03],[-70.99,-54.95],[-70.51,-54.99],[-70.3,-55.08]],[[-65.16,-54.64],[-65.33,-54.91],[-65.97,-54.9],[-65.99,-54.97],[-66.54,-55.05],[-67.03,-54.91],[-68.33,-54.84],[-69.07,-54.95],[-69.79,-54.79],[-70.24,-54.86],[-71.29,-54.68],[-71.48,-54.68],[-71.94,-54.51],[-71.73,-54.41],[-71.01,-54.45],[-70.86,-54.32],[-70.93,-54.11],[-70.32,-54.33],[-70.07,-54.25],[-69.5,-54.34],[-70.06,-54.09],[-70.19,-53.81],[-70.14,-53.74],[-69.65,-53.64],[-69.36,-53.52],[-69.35,-53.36],[-69.68,-53.36],[-70.26,-53.46],[-70.47,-53.31],[-70.42,-53.01],[-70.24,-53.06],[-70,-52.84],[-69.73,-52.77],[-69.59,-52.64],[-69.58,-52.51],[-69.37,-52.47],[-69.14,-52.68],[-68.75,-52.56],[-68.59,-52.65],[-68.27,-52.98],[-68.52,-53.12],[-68.45,-53.3],[-68.11,-53.34],[-67.98,-53.6],[-67.56,-53.84],[-67.57,-53.91],[-67.3,-54.05],[-66.77,-54.25],[-66.48,-54.47],[-65.84,-54.65],[-65.16,-54.64]],[[-63.89,-54.73],[-64.61,-54.9],[-64.76,-54.83],[-64.38,-54.72],[-63.89,-54.73]],[[-67.88,-55.24],[-68.16,-55.2],[-68.19,-54.98],[-67.94,-54.91],[-67.3,-54.93],[-67.06,-55.07],[-67.09,-55.19],[-67.27,-55.31],[-67.42,-55.22],[-67.88,-55.24]],[[-69.9,-55],[-69.67,-54.87],[-69.23,-54.93],[-69.78,-55.03],[-69.9,-55]],[[-72.02,-54.2],[-72.23,-54.06],[-72.26,-53.95],[-71.95,-53.85],[-71.73,-53.9],[-71.71,-54.15],[-72.02,-54.2]],[[-72.53,-54.08],[-72.82,-54.13],[-72.93,-54.06],[-72.74,-53.89],[-73.07,-53.83],[-73.2,-53.99],[-73.36,-53.71],[-73.58,-53.58],[-73.13,-53.49],[-72.66,-53.54],[-72.4,-53.63],[-72.19,-53.78],[-72.33,-53.84],[-72.53,-54.08]],[[-70.46,-53.61],[-70.45,-53.89],[-70.34,-54.01],[-70.54,-54.22],[-70.82,-54.11],[-70.88,-54.03],[-70.88,-53.84],[-70.7,-53.79],[-70.71,-53.7],[-70.46,-53.61]],[[-71.63,-54.08],[-71.46,-53.94],[-71.3,-53.99],[-71.21,-54.15],[-70.99,-54.27],[-71.11,-54.38],[-71.5,-54.21],[-71.63,-54.08]],[[-57.82,-51.69],[-58.14,-51.76],[-58.6,-52],[-58.95,-52.06],[-59.14,-51.98],[-59.22,-52.21],[-59.39,-52.11],[-59.63,-52.11],[-59.58,-51.91],[-59.36,-51.82],[-59.1,-51.62],[-59.08,-51.41],[-58.48,-51.3],[-58.33,-51.42],[-57.91,-51.38],[-57.78,-51.62],[-57.82,-51.69]],[[-59.63,-51.74],[-59.87,-51.95],[-60.26,-51.99],[-60.36,-52.15],[-60.54,-52.22],[-60.8,-52.17],[-60.89,-52.04],[-60.4,-51.92],[-60.61,-51.74],[-60.25,-51.61],[-60.49,-51.53],[-60.48,-51.44],[-60.15,-51.49],[-60.03,-51.39],[-59.75,-51.45],[-59.26,-51.39],[-59.43,-51.62],[-59.63,-51.74]],[[-73.21,-53.32],[-73.42,-53.28],[-73.88,-53.06],[-74.26,-53.09],[-74.41,-52.91],[-73.88,-53],[-73.44,-53.14],[-73.21,-53.32]],[[-73.84,-52.7],[-74.13,-52.67],[-73.89,-52.41],[-73.68,-52.47],[-73.84,-52.7]],[[-74.39,-50.98],[-74.89,-51.05],[-74.88,-50.89],[-74.39,-50.98]],[[-75.13,-50.49],[-75.29,-50.65],[-75.43,-50.51],[-75.13,-50.49]],[[-74.31,-50.83],[-74.58,-50.63],[-74.38,-50.46],[-74.19,-50.83],[-74.31,-50.83]],[[-75.04,-50.29],[-75.46,-50.35],[-75.4,-50.17],[-75.2,-50.26],[-75.13,-50.08],[-74.95,-50.11],[-75.04,-50.29]],[[-75.2,-49.77],[-75.47,-49.33],[-75.43,-49.28],[-74.93,-49.31],[-74.8,-49.1],[-75.05,-48.86],[-74.99,-48.76],[-74.76,-48.68],[-74.53,-48.72],[-74.45,-49.32],[-74.54,-49.51],[-74.42,-49.69],[-74.49,-49.95],[-74.66,-50.05],[-74.87,-50.02],[-74.96,-49.79],[-75.2,-49.77]],[[-75.45,-49.77],[-75.61,-49.64],[-75.36,-49.61],[-75.21,-49.79],[-75.45,-49.77]],[[-75.22,-49.01],[-75.32,-48.97],[-75.65,-48.97],[-75.61,-48.86],[-75.31,-48.86],[-75.22,-49.01]],[[-75.15,-48.66],[-75.3,-48.58],[-75.27,-48.42],[-75.56,-48.38],[-75.59,-48.09],[-75.38,-48.01],[-75.07,-48.6],[-75.15,-48.66]],[[-75.33,-48.55],[-75.63,-48.63],[-75.61,-48.44],[-75.37,-48.45],[-75.33,-48.55]],[[-74.41,-47.94],[-74.25,-47.81],[-73.93,-47.88],[-74.32,-47.98],[-74.41,-47.94]],[[-75.16,-48.3],[-75.26,-48.07],[-74.83,-48.15],[-74.84,-48.34],[-75.03,-48.44],[-75.16,-48.3]],[[-74.5,-48.58],[-74.62,-48.69],[-74.95,-48.62],[-75.03,-48.5],[-74.67,-48.26],[-74.5,-48.58]],[[-74.75,-45.81],[-74.77,-45.99],[-74.92,-46.1],[-75.07,-46.09],[-75.11,-45.89],[-74.89,-45.88],[-74.75,-45.81]],[[-74.5,-45.73],[-74.42,-45.45],[-74.29,-45.48],[-74.21,-45.64],[-74.34,-45.73],[-74.5,-45.73]],[[-73.67,-45.44],[-73.59,-45.48],[-73.68,-45.75],[-73.82,-45.64],[-73.67,-45.44]],[[-73.73,-45.21],[-74.01,-45.23],[-74.21,-45.04],[-73.91,-45],[-73.71,-45.11],[-73.73,-45.21]],[[-73.93,-44.63],[-74.01,-44.72],[-74.28,-44.8],[-74.4,-44.63],[-73.93,-44.63]],[[-73.38,-44.59],[-73.26,-44.48],[-73,-44.36],[-72.72,-44.53],[-72.84,-44.71],[-73.15,-44.91],[-73.41,-44.82],[-73.47,-44.64],[-73.38,-44.59]],[[-74.33,-43.28],[-74.34,-43.1],[-74.23,-43.02],[-74.13,-42.67],[-74.19,-42.43],[-74.15,-42.22],[-74.05,-42.13],[-74.06,-41.95],[-73.69,-41.81],[-73.54,-41.84],[-73.49,-42.15],[-73.37,-42.26],[-73.68,-42.37],[-73.71,-42.54],[-73.81,-42.61],[-73.52,-42.79],[-73.65,-42.88],[-73.49,-43.1],[-73.72,-43.14],[-73.68,-43.38],[-73.88,-43.42],[-74.33,-43.28]],[[-62.66,-64.5],[-62.47,-64.25],[-62.62,-64.13],[-62.48,-64.01],[-62.06,-64.23],[-62.39,-64.47],[-62.66,-64.5]],[[-62.91,-64.52],[-63.34,-64.76],[-63.65,-64.82],[-64.03,-64.77],[-64.2,-64.59],[-63.9,-64.53],[-63.57,-64.27],[-63.31,-64.25],[-63.33,-64.45],[-62.91,-64.52]],[[-69.11,-67.63],[-69.15,-67.48],[-68.84,-67.27],[-68.38,-66.82],[-67.86,-66.63],[-67.98,-67.07],[-67.68,-67.15],[-68.25,-67.37],[-67.97,-67.39],[-68.14,-67.57],[-68.88,-67.76],[-69.11,-67.63]],[[-67.29,-67.73],[-67.65,-67.78],[-67.77,-67.67],[-67.5,-67.59],[-67.29,-67.73]],[[-71.46,-72.63],[-72.41,-72.67],[-73.11,-72.47],[-73.09,-72.38],[-72.68,-72.27],[-71.87,-72.35],[-70.71,-72.4],[-70.18,-72.27],[-70.46,-72.14],[-71.04,-72.26],[-71.55,-72.28],[-72.01,-72.12],[-71.09,-72.05],[-70.72,-71.91],[-71.83,-71.8],[-72.34,-71.61],[-73.04,-71.93],[-73.5,-72.01],[-74,-72.17],[-74.4,-72.04],[-74.82,-72.06],[-75.36,-71.92],[-75.4,-71.67],[-74.89,-71.53],[-74.39,-71.67],[-74.42,-71.43],[-74.12,-71.38],[-73.46,-71.6],[-73.34,-71.54],[-73.67,-71.37],[-73.41,-71.32],[-72.76,-71.4],[-72.32,-71.29],[-72.9,-71.23],[-72.79,-71.06],[-72.4,-71.07],[-71.69,-71.16],[-71.03,-70.96],[-70.21,-70.99],[-69.95,-70.88],[-70.7,-70.83],[-71.27,-70.68],[-71,-70.47],[-70.12,-70.33],[-70.23,-70.14],[-70.78,-70.13],[-71.32,-70.18],[-71.91,-69.97],[-71.91,-69.71],[-71.62,-69.45],[-72.14,-69.23],[-72.17,-69.06],[-72.01,-68.96],[-71.4,-68.86],[-70.4,-68.79],[-70.11,-68.89],[-70.08,-69.29],[-69.7,-69.32],[-69.32,-69.63],[-69.28,-69.92],[-68.72,-70.37],[-68.3,-70.87],[-68.27,-71.44],[-68.16,-71.61],[-68.41,-72.22],[-68.67,-72.22],[-69.14,-72.38],[-69.22,-72.54],[-70.52,-72.67],[-71.46,-72.63]],[[-74.91,-71.02],[-76.13,-71.14],[-76.54,-70.97],[-76.11,-70.84],[-75.2,-70.78],[-74.82,-70.61],[-73.88,-70.57],[-73.62,-70.77],[-74.4,-70.98],[-74.91,-71.02]],[[-75.48,-70.13],[-75.83,-70.02],[-75.78,-69.92],[-74.96,-69.72],[-74.41,-69.94],[-74.87,-70.18],[-75.48,-70.13]],[[-72.85,-69.59],[-72.83,-69.43],[-72.4,-69.47],[-72.14,-69.62],[-72.21,-69.73],[-72.85,-69.59]],[[-89.89,-72.88],[-89.33,-72.93],[-89.59,-73.07],[-90.13,-73.09],[-89.89,-72.88]],[[-74.85,-72.87],[-74.5,-72.88],[-74.22,-72.99],[-74.55,-73.39],[-74.36,-73.46],[-74.59,-73.61],[-75.87,-73.35],[-76.13,-73.16],[-75.5,-72.99],[-75.76,-72.9],[-75.3,-72.82],[-74.85,-72.87]],[[-73.89,-73.12],[-73.52,-73.13],[-73.89,-73.37],[-74.15,-73.32],[-73.89,-73.12]],[[-20.37,-74.43],[-20.81,-74.48],[-20.96,-74.24],[-21.34,-74],[-21.01,-73.87],[-20.5,-73.79],[-20.69,-74.1],[-20.37,-74.43]],[[-52.52,-80.2],[-50.26,-79.54],[-50.71,-79.28],[-50.21,-78.83],[-50.2,-78.59],[-49.28,-78.2],[-49.07,-78.04],[-47.22,-77.77],[-45.93,-77.82],[-44.51,-78.04],[-43.82,-78.25],[-43.72,-78.37],[-43.96,-78.6],[-45.16,-78.66],[-45.22,-78.82],[-43.74,-78.8],[-43.46,-78.96],[-43.35,-79.24],[-42.97,-79.43],[-43.02,-79.85],[-43.53,-80.2],[-45.91,-80.39],[-49.72,-80.69],[-49.8,-80.79],[-54.16,-80.88],[-54.41,-80.74],[-54.16,-80.53],[-53.46,-80.16],[-52.52,-80.2]],[[-59.29,-80.21],[-59.76,-80.34],[-59.82,-80.74],[-60.65,-80.96],[-62.52,-80.86],[-62.96,-80.78],[-63.14,-80.59],[-63.79,-80.61],[-64.28,-80.75],[-66.7,-80.41],[-65.92,-80.39],[-61.75,-80.37],[-61.52,-80.24],[-61.81,-80.05],[-61.47,-79.88],[-60.4,-79.76],[-59.82,-79.77],[-59.78,-80.05],[-59.29,-80.21]],[[-66.15,-79.63],[-66.27,-79.72],[-65.57,-79.81],[-65.51,-79.96],[-66.97,-79.92],[-66.93,-79.79],[-67.83,-79.58],[-66.92,-79.57],[-66.15,-79.63]],[[-66.73,-78.44],[-68.95,-79.1],[-69.8,-79.47],[-69.65,-79.6],[-70.34,-79.7],[-71.44,-79.65],[-71.82,-79.48],[-71.4,-79.1],[-70.59,-78.89],[-69.44,-78.69],[-66.99,-78.31],[-66.73,-78.44]],[[-68.23,-79.29],[-67.61,-79.21],[-67.06,-79.26],[-67.51,-79.4],[-68.39,-79.47],[-68.23,-79.29]],[[-33.92,-79.31],[-34.07,-79.36],[-36.73,-79.3],[-36.66,-79.22],[-35.5,-79.09],[-33.92,-79.31]],[[-29.62,-79.91],[-29.99,-79.97],[-31.54,-79.9],[-32.09,-79.81],[-31.59,-79.65],[-31.1,-79.81],[-29.91,-79.82],[-29.62,-79.91]],[[-72.95,-41.92],[-72.67,-42.09],[-72.94,-42.27],[-73.09,-42],[-72.95,-41.92]],[[-59.49,-43.19],[-59.66,-43.14],[-59.59,-42.98],[-59.4,-43.09],[-59.49,-43.19]],[[-59.89,-43.42],[-60.24,-43.43],[-60.03,-43.22],[-59.85,-43.29],[-59.89,-43.42]],[[-74.37,-43.64],[-73.81,-43.66],[-73.74,-43.76],[-74.13,-43.75],[-74.33,-43.81],[-74.37,-43.64]],[[-61.65,-49.58],[-61.96,-49.58],[-61.97,-49.43],[-61.72,-49.31],[-61.43,-49.07],[-61.14,-49.14],[-61.05,-49.29],[-61.26,-49.49],[-61.65,-49.58]],[[-62.53,-51.27],[-62.69,-51.27],[-62.85,-51.09],[-62.47,-50.9],[-62.21,-50.93],[-62.53,-51.27]],[[-74.39,-52.73],[-74.18,-52.82],[-73.9,-52.79],[-73.85,-52.94],[-74.21,-52.92],[-74.39,-52.73]],[[-63.22,-51.52],[-63.23,-51.78],[-63.43,-51.86],[-63.65,-51.84],[-63.59,-51.57],[-63.22,-51.52]],[[-72.09,-54.7],[-71.94,-54.96],[-72.14,-54.99],[-72.28,-54.85],[-72.09,-54.7]],[[-70.95,-53.91],[-71.03,-53.85],[-70.87,-53.61],[-70.85,-53.36],[-70.55,-53.38],[-70.63,-53.61],[-70.73,-53.64],[-70.79,-53.77],[-70.92,-53.85],[-70.95,-53.91]],[[16.25,-69.71],[16.33,-69.83],[16.17,-70.07],[15.59,-69.93],[15.72,-69.76],[16.25,-69.71]],[[26.77,-70.22],[26.84,-70.41],[26.46,-70.45],[26.06,-70.39],[25.99,-70.2],[26.33,-70.07],[26.59,-70.07],[26.77,-70.22]],[[1.41,-70.04],[1.28,-70.27],[0.96,-70.19],[1.04,-70.05],[1.41,-70.04]],[[4.05,-70.3],[4.57,-70.28],[4.6,-70.42],[4.2,-70.47],[4.05,-70.3]],[[3.22,-70.39],[2.96,-70.61],[2.58,-70.52],[3.22,-70.39]],[[57.1,-66.18],[57.55,-66.23],[57.68,-66.38],[57.29,-66.47],[56.92,-66.34],[57.1,-66.18]],[[60.29,-66.91],[60.07,-66.98],[60.16,-67.15],[59.89,-67.32],[59.69,-67.22],[59.8,-66.9],[60.29,-66.91]],[[-49.83,-0.1],[-49.63,0.06],[-49.43,0.07],[-49.35,-0.01],[-49.44,-0.12],[-49.69,-0.14],[-49.83,-0.1]],[[-50.97,-0.29],[-51.03,-0.17],[-50.95,-0.01],[-50.77,0.05],[-50.63,-0.09],[-50.92,-0.33],[-50.97,-0.29]],[[-50.63,0.07],[-50.61,0.18],[-50.45,0.13],[-50.45,-0.02],[-50.63,0.07]],[[-50.38,0.24],[-50.52,0.21],[-50.35,0.57],[-50.32,0.29],[-50.38,0.24]],[[-50.04,0.3],[-49.92,0.29],[-49.65,0.39],[-49.53,0.3],[-49.69,0.21],[-49.83,0.01],[-50,-0.05],[-50.07,0.02],[-50.3,0.01],[-50.37,0.21],[-50.11,0.22],[-50.04,0.3]],[[-50.31,0.41],[-50.24,0.59],[-50.04,0.61],[-50.04,0.51],[-50.28,0.36],[-50.31,0.41]],[[-48.46,-0.58],[-48.54,-0.89],[-48.64,-1.08],[-48.84,-1.21],[-48.84,-1.44],[-49.07,-1.53],[-49.18,-1.4],[-49.22,-1.62],[-49.56,-1.65],[-49.56,-1.72],[-49.82,-1.82],[-50.05,-1.7],[-50.16,-1.78],[-50.41,-1.83],[-50.56,-1.8],[-50.59,-1.68],[-50.8,-1.42],[-50.78,-1.17],[-50.8,-0.91],[-50.78,-0.66],[-50.7,-0.36],[-50.58,-0.19],[-50.37,-0.11],[-50.1,-0.13],[-49.65,-0.24],[-49.43,-0.23],[-49.22,-0.14],[-48.93,-0.16],[-48.89,-0.22],[-48.43,-0.26],[-48.37,-0.37],[-48.46,-0.58]],[[-48.19,-0.82],[-48.21,-1.02],[-48.32,-0.97],[-48.19,-0.82]],[[-51.19,-0.61],[-51.16,-0.68],[-51.27,-1.02],[-51.43,-1.19],[-51.79,-1.45],[-51.95,-1.42],[-51.87,-1.24],[-51.72,-1.13],[-51.68,-0.85],[-51.51,-0.61],[-51.31,-0.52],[-51.19,-0.61]],[[-50.82,-0.62],[-50.84,-0.72],[-51.1,-0.83],[-51.1,-0.73],[-50.96,-0.61],[-50.82,-0.62]],[[-45.21,-23.91],[-45.45,-23.88],[-45.32,-23.73],[-45.21,-23.91]],[[-80.06,-2.66],[-79.95,-2.71],[-80.13,-3.02],[-80.27,-3.02],[-80.21,-2.72],[-80.06,-2.66]],[[-94.6,78.56],[-94.28,78.64],[-95.14,79.07],[-94.27,79.09],[-94.37,78.96],[-93.87,78.71],[-92.9,78.39],[-93.3,78.21],[-93.18,78.06],[-93.88,77.99],[-94.17,78.41],[-94.26,78.44],[-94.6,78.56]],[[-92.46,77.55],[-91.89,77.61],[-91.73,77.19],[-92.76,77.21],[-93.06,77.35],[-92.46,77.55]],[[-97.84,77.14],[-97.89,77.11],[-98.22,77.26],[-98.11,77.37],[-96.93,77.25],[-97.84,77.14]],[[-90.29,73.92],[-90.51,73.7],[-91.18,73.35],[-91.86,72.85],[-92.38,72.71],[-93.4,72.79],[-93.79,72.69],[-93.46,72.46],[-93.81,72.32],[-94.09,72.06],[-95.15,71.97],[-95.21,72.2],[-95.14,72.46],[-95.59,72.7],[-95.72,73.01],[-95.58,73.16],[-95.61,73.6],[-95.25,74.01],[-94.37,74.13],[-93.27,74.18],[-92.8,74.13],[-92.11,73.98],[-91.81,74.03],[-90.99,74.01],[-90.29,73.92]],[[-96.32,72.47],[-96.72,72.3],[-96.48,72.13],[-96.56,71.84],[-96.96,71.81],[-97.46,71.62],[-97.97,71.66],[-98.22,71.41],[-98.54,71.29],[-99.24,71.35],[-99.41,71.55],[-99.86,71.86],[-100.04,71.87],[-100.64,72.19],[-101.84,72.33],[-101.97,72.5],[-102.61,72.66],[-102.76,72.81],[-102.48,73.04],[-102.11,73.09],[-101.76,73.02],[-101.3,72.72],[-100.43,72.74],[-100.11,73.03],[-100.47,73.2],[-101.29,73.36],[-101.56,73.47],[-100.89,73.83],[-100.3,73.86],[-100,73.95],[-99.22,73.74],[-98.1,73.82],[-97.57,73.89],[-96.96,73.74],[-96.99,73.63],[-97.67,73.49],[-97.3,73.37],[-97.83,73.28],[-98.35,73.04],[-97.66,73.04],[-96.93,72.68],[-96.45,72.64],[-96.32,72.47]],[[-100.87,69.81],[-100.96,69.66],[-101.71,69.69],[-102.02,69.81],[-102.58,69.74],[-102.51,69.56],[-103.04,69.52],[-103.04,69.37],[-102.05,69.48],[-101.77,69.12],[-101.96,68.97],[-102.52,68.87],[-103.38,68.78],[-104.45,68.94],[-104.59,68.86],[-105.12,68.9],[-104.92,69.05],[-105.89,69.18],[-106.2,69.15],[-106.32,69.4],[-106.58,69.5],[-106.93,69.24],[-107.33,69.03],[-107.94,68.94],[-108.54,68.95],[-108.95,68.74],[-109.62,68.64],[-110.61,68.62],[-111.25,68.52],[-111.53,68.54],[-112.58,68.51],[-112.75,68.46],[-113.35,68.59],[-113.66,68.8],[-113.58,69.2],[-114.4,69.29],[-115.19,69.24],[-115.97,69.3],[-116.63,69.46],[-116.62,69.57],[-117.25,69.76],[-117.44,69.99],[-116.97,70.13],[-116.03,70.22],[-114.18,70.32],[-112.59,70.2],[-112.26,70.31],[-111.81,70.35],[-112.14,70.49],[-112.93,70.57],[-113.21,70.65],[-113.99,70.72],[-114.18,70.67],[-115.58,70.58],[-116.23,70.64],[-117.59,70.61],[-118.19,70.84],[-118.39,71.02],[-117.8,71.17],[-117.47,71.19],[-115.9,71.39],[-116.18,71.5],[-117.55,71.37],[-118.31,71.43],[-118.08,71.66],[-119.05,71.63],[-119.05,71.94],[-118.68,72.14],[-118.13,72.23],[-118.12,72.31],[-118.59,72.43],[-118.19,72.64],[-117.87,72.7],[-117.37,72.92],[-115.57,73.2],[-114.58,73.38],[-114.27,73.34],[-113.96,73.12],[-114.02,72.8],[-114.36,72.75],[-114.32,72.59],[-113.6,72.78],[-113.02,73.02],[-112.08,72.9],[-111.22,72.72],[-111.41,72.43],[-111.09,72.41],[-110.73,72.57],[-109.79,72.5],[-110.48,72.84],[-110.7,73.01],[-110.08,73],[-108.63,72.57],[-108.66,72.36],[-108.19,71.95],[-108.29,71.8],[-107.99,71.68],[-107.67,71.71],[-107.25,71.9],[-107.78,72.14],[-107.72,72.3],[-108.3,73.13],[-107.66,73.33],[-107.17,73.2],[-106.82,73.31],[-106.23,73.09],[-105.83,73.05],[-105.33,72.75],[-105.46,72.7],[-105.28,72.44],[-104.96,72.18],[-105.04,72.11],[-104.38,71.6],[-104.28,71.36],[-104.59,71.07],[-104.11,70.9],[-104.02,70.78],[-103.54,70.6],[-103.13,70.58],[-102.41,70.43],[-101.58,70.13],[-101,70.17],[-100.87,69.81]],[[-95.21,68.86],[-95.44,68.74],[-95.81,68.73],[-96.3,68.48],[-96.52,68.45],[-97.04,68.55],[-97.56,68.56],[-97.76,68.65],[-98.52,68.75],[-98.86,68.83],[-99.42,68.89],[-99.59,69.04],[-99.31,69.16],[-98.71,69.2],[-98.41,69.35],[-98.61,69.44],[-98.37,69.57],[-98.22,69.8],[-97.93,69.9],[-97.22,69.68],[-96.89,69.5],[-96.22,69.31],[-95.95,69.14],[-95.85,68.89],[-95.21,68.86]],[[-101.69,68.77],[-101.83,68.58],[-102.29,68.66],[-101.98,68.83],[-101.69,68.77]],[[-100.21,68.8],[-100.62,68.77],[-100.63,69],[-100.4,69.03],[-100.21,68.8]],[[-95.94,69.42],[-95.92,69.59],[-95.63,69.62],[-95.38,69.52],[-95.94,69.42]],[[-115.32,73.51],[-115.75,73.36],[-116.46,73.26],[-117.22,73.07],[-119.16,72.63],[-119.34,72.35],[-119.77,72.23],[-120.2,72.22],[-120.43,71.96],[-120.38,71.7],[-120.64,71.49],[-121.42,71.38],[-121.7,71.47],[-122.16,71.26],[-123.1,71.08],[-123.44,71.25],[-123.62,71.46],[-124.06,71.7],[-125.23,71.94],[-125.79,71.95],[-125.75,72.15],[-124.95,72.7],[-125.04,72.83],[-124.49,72.93],[-124.86,73.09],[-124.45,73.42],[-124.07,73.54],[-123.77,73.77],[-124.15,73.85],[-124.76,74.35],[-123.3,74.45],[-122.62,74.46],[-121.58,74.56],[-120.16,74.28],[-119.66,74.23],[-118.73,74.22],[-118.07,74.28],[-117.42,74.23],[-116.87,74.09],[-115.32,73.51]],[[-105.4,75.67],[-105.69,75.53],[-105.66,75.36],[-106.01,75.06],[-106.76,75],[-107.01,74.92],[-107.69,74.98],[-108.42,74.92],[-108.82,75.07],[-109.58,74.86],[-110.34,74.8],[-111,74.62],[-112.44,74.41],[-113.02,74.4],[-113.69,74.44],[-114.44,74.68],[-112.8,74.99],[-111.56,75.01],[-111.03,75.18],[-113.89,75.06],[-113.78,75.34],[-114.05,75.37],[-114.44,75.07],[-114.96,74.97],[-115.41,75.1],[-115.72,74.97],[-117.51,75.2],[-117.67,75.29],[-117.2,75.48],[-116.04,75.48],[-115.59,75.59],[-117.2,75.58],[-116.71,75.9],[-116.53,76.16],[-115.84,76.18],[-115.87,76.36],[-115.51,76.46],[-114.21,76.47],[-113.96,76.19],[-112.99,76.27],[-112.43,76.17],[-112.36,76.03],[-111.86,75.95],[-111.36,75.72],[-111.27,75.53],[-110.51,75.57],[-108.9,75.49],[-108.83,75.62],[-109.1,75.75],[-110.05,75.9],[-109.43,76],[-109.54,76.19],[-110.38,76.3],[-110.4,76.4],[-109.55,76.63],[-109.18,76.82],[-108.75,76.86],[-108.45,76.73],[-108.69,76.6],[-108.62,76.42],[-108.08,76.29],[-108.46,76.1],[-107.86,76.07],[-107.05,75.89],[-106.61,76.06],[-105.76,75.99],[-105.51,75.89],[-105.4,75.67]],[[-97.42,75.52],[-97.92,75.52],[-98.12,75.3],[-97.68,75.17],[-98.04,75.03],[-99.65,74.98],[-100.33,75.01],[-100.25,75.26],[-100.68,75.34],[-100.28,75.53],[-100.22,75.67],[-102.06,75.55],[-102.78,75.54],[-102.26,75.87],[-101.59,75.92],[-102.1,76.22],[-102.04,76.41],[-101.41,76.44],[-101.13,76.26],[-100.48,76.23],[-100.96,76.48],[-100.27,76.65],[-98.51,76.64],[-97.67,76.49],[-97.79,76.32],[-97.5,76.16],[-97.57,75.87],[-97.42,75.52]],[[-93.44,74.94],[-93.61,74.65],[-94.72,74.63],[-95.31,74.81],[-95.9,74.83],[-96.4,74.94],[-96.6,75.06],[-95.79,75.5],[-94.9,75.64],[-94.39,75.6],[-93.5,75.27],[-93.44,74.94]],[[-103.64,75.2],[-104.23,75.02],[-104.91,75.12],[-104.68,75.35],[-104.4,75.43],[-103.82,75.37],[-103.64,75.2]],[[-102.87,75.77],[-103.04,75.91],[-102.21,75.99],[-102.5,75.8],[-102.87,75.77]],[[-102.57,75.99],[-103.69,75.89],[-103.73,75.98],[-102.57,75.99]],[[-103.81,76.03],[-104.37,76.08],[-104.31,76.21],[-102.73,76.32],[-102.53,76.16],[-102.84,76.08],[-103.81,76.03]],[[-104.4,76.47],[-103.88,76.58],[-103.02,76.42],[-103.34,76.33],[-104.38,76.32],[-104.4,76.47]],[[-117.78,75.9],[-117.93,75.74],[-118.61,75.5],[-119.41,75.6],[-118.62,75.92],[-117.46,76.09],[-117.78,75.9]],[[-119.32,76.2],[-119.86,75.86],[-120.49,75.85],[-120.72,76.03],[-121.44,75.94],[-121.85,76.05],[-122.43,75.93],[-122.73,75.98],[-122.49,76.14],[-122.86,76.18],[-122.38,76.41],[-121.55,76.44],[-121.2,76.68],[-120.37,76.81],[-120.09,77.01],[-118.82,77.36],[-117.85,77.39],[-117.23,77.29],[-116.91,77.47],[-116.41,77.56],[-115.4,77.32],[-116.25,77.2],[-116.22,77.04],[-115.83,76.97],[-116.04,76.83],[-115.89,76.7],[-116.32,76.58],[-117.07,76.53],[-116.93,76.36],[-117.35,76.26],[-118.01,76.4],[-118.65,76.43],[-118.65,76.29],[-119.32,76.2]],[[-109.6,78.07],[-109.69,77.97],[-110.84,77.87],[-110.13,77.78],[-110.24,77.5],[-111.28,77.43],[-112.11,77.33],[-113.2,77.53],[-113.24,77.9],[-112.27,78.02],[-110.71,78.1],[-109.6,78.07]],[[-105.61,79.1],[-105.45,79.27],[-103.72,79.36],[-103.12,79.29],[-102.61,79.08],[-101.65,79.08],[-99.56,78.6],[-99.8,78.31],[-99.04,78.08],[-99.02,77.89],[-99.94,77.78],[-100.61,77.86],[-101.04,78.2],[-102.16,78.29],[-102.74,78.38],[-103.66,78.32],[-103.95,78.24],[-104.82,78.36],[-105.02,78.52],[-104.64,78.58],[-103.5,78.51],[-103.38,78.77],[-104.95,79.05],[-105.61,79.1]],[[-96.91,77.8],[-96.99,77.92],[-97.74,78.04],[-96.87,78.14],[-97.77,78.25],[-98.36,78.45],[-98.36,78.77],[-97.45,78.8],[-96.54,78.69],[-96.27,78.54],[-95.7,78.53],[-94.83,78.36],[-95.37,78.25],[-94.89,78.11],[-95.06,77.97],[-96.63,77.88],[-96.91,77.8]],[[-93.25,77.64],[-93.48,77.49],[-95.99,77.48],[-96.24,77.71],[-95.51,77.81],[-93.61,77.78],[-93.25,77.64]],[[-104.39,77.19],[-104.75,77.11],[-105.54,77.3],[-105.77,77.47],[-105.5,77.72],[-104.42,77.31],[-104.39,77.19]],[[-102.45,77.74],[-102.4,77.89],[-101.65,77.89],[-100.96,77.76],[-101.79,77.68],[-102.45,77.74]],[[-109.26,78.46],[-109.82,78.3],[-110.84,78.32],[-111.78,78.27],[-112.18,78.38],[-113.06,78.27],[-113.21,78.41],[-110.43,78.77],[-109.35,78.54],[-109.26,78.46]],[[-113.69,77.87],[-114.3,77.71],[-115.12,77.96],[-114.68,78.03],[-114.11,78],[-113.69,77.87]],[[-114.84,76.76],[-114.43,76.88],[-113.85,76.9],[-113.83,76.73],[-114.84,76.76]],[[-99.25,73.86],[-99.39,73.92],[-98.75,74.03],[-97.73,74.12],[-97.81,73.98],[-98.14,73.88],[-98.83,73.83],[-99.25,73.86]],[[-104.68,73.63],[-104.5,73.57],[-104.57,73.33],[-105.2,72.94],[-105.49,72.96],[-106.12,73.29],[-106.51,73.41],[-107.04,73.48],[-106.6,73.71],[-105.17,73.76],[-104.68,73.63]],[[-100.15,80],[-99.78,80.15],[-98.87,80.08],[-98.65,79.79],[-99.3,79.76],[-100.15,80]],[[-168.74,63.28],[-168.81,63.17],[-169.29,63.19],[-169.72,63.02],[-170.44,63.36],[-170.86,63.46],[-171.08,63.44],[-171.44,63.32],[-171.74,63.38],[-171.85,63.52],[-171.72,63.75],[-171.5,63.65],[-170.94,63.57],[-170.66,63.67],[-170.3,63.7],[-170.04,63.53],[-169.55,63.36],[-169.01,63.35],[-168.74,63.28]],[[-165.58,59.95],[-166.24,59.81],[-166.61,59.86],[-167.19,60.03],[-167.44,60.2],[-167.29,60.24],[-166.87,60.21],[-166.46,60.39],[-166.19,60.4],[-165.99,60.32],[-165.68,60.3],[-165.73,60.18],[-165.58,59.95]],[[-163.07,54.69],[-163.43,54.68],[-163.62,54.61],[-164.13,54.62],[-164.41,54.44],[-164.85,54.42],[-164.96,54.59],[-164.7,54.68],[-164.55,54.88],[-164.31,54.89],[-163.92,55.04],[-163.57,55.06],[-163.37,54.79],[-163.07,54.69]],[[-132.7,54.7],[-133.04,54.88],[-132.94,54.95],[-132.7,54.7]],[[-131.98,54.83],[-132,54.69],[-132.3,54.74],[-132.26,54.84],[-132.58,54.95],[-132.61,55.12],[-132.96,55.28],[-133.21,55.28],[-133.06,55.62],[-133.25,55.58],[-133.39,55.71],[-133.15,55.82],[-133.24,55.9],[-133.29,56.17],[-133.61,56.21],[-133.59,56.35],[-133.18,56.33],[-133.05,56.23],[-133.06,56.05],[-132.74,56],[-132.35,55.64],[-132.4,55.52],[-132.09,55.28],[-131.99,55.27],[-131.98,54.83]],[[-160.5,55.19],[-160.85,55.21],[-160.85,55.33],[-160.7,55.41],[-160.5,55.19]],[[-133.88,56.49],[-133.98,56.28],[-133.95,56.09],[-134.2,56.15],[-134.28,56.36],[-134.07,56.48],[-134.36,56.68],[-134.41,56.84],[-134.18,56.92],[-133.8,56.78],[-133.71,56.6],[-133.88,56.49]],[[-132.61,56.4],[-132.65,56.28],[-132.87,56.24],[-133.05,56.36],[-132.92,56.45],[-132.61,56.4]],[[-132.55,56.3],[-132.09,56.11],[-132.12,55.95],[-132.3,55.92],[-132.45,56.06],[-132.65,56.06],[-132.68,56.23],[-132.55,56.3]],[[-132,56.34],[-131.93,56.19],[-132.07,56.12],[-132.35,56.28],[-132,56.34]],[[-133.91,57.08],[-132.98,56.94],[-132.99,56.81],[-132.93,56.64],[-133.15,56.46],[-133.66,56.46],[-133.7,56.83],[-134.02,57.02],[-133.91,57.08]],[[-132.96,56.79],[-132.82,56.8],[-132.53,56.6],[-132.79,56.5],[-132.94,56.52],[-132.89,56.63],[-132.96,56.79]],[[-134.62,56.74],[-134.63,56.26],[-134.75,56.22],[-135.05,56.54],[-135.15,56.75],[-135.37,56.83],[-135.31,57.05],[-135.67,57.35],[-135.38,57.55],[-134.99,57.4],[-134.81,57.18],[-134.62,56.74]],[[-152.16,57.63],[-152.33,57.45],[-152.59,57.45],[-152.69,57.28],[-153.25,57.24],[-153.56,56.99],[-153.96,56.75],[-154.24,56.9],[-154.53,56.99],[-154.54,57.17],[-154.81,57.35],[-154.61,57.53],[-154.24,57.67],[-153.75,57.56],[-153.92,57.81],[-153.57,57.84],[-153.19,57.81],[-153.2,57.95],[-152.49,57.91],[-152.47,57.66],[-152.16,57.63]],[[-135.85,57.39],[-136.39,57.89],[-136.3,58.01],[-136.41,58.13],[-135.98,58.17],[-135.81,58.27],[-134.92,58.03],[-134.94,57.81],[-134.81,57.5],[-135.06,57.47],[-135.63,57.71],[-135.55,57.47],[-135.85,57.39]],[[-151.97,58.33],[-152.13,58.17],[-152.33,58.17],[-152.8,57.99],[-153.23,58.17],[-153.04,58.31],[-152.79,58.29],[-152.65,58.48],[-152.48,58.36],[-151.97,58.33]],[[-134.35,57.09],[-134.62,57.11],[-134.62,57.23],[-134.46,57.39],[-134.65,57.6],[-134.8,58.11],[-134.69,58.17],[-134.19,58.17],[-134.17,58.08],[-134.31,57.98],[-133.94,57.62],[-133.86,57.36],[-134.13,57.26],[-134.35,57.09]],[[-152.91,57.16],[-153.33,57.02],[-153.26,57.21],[-152.91,57.16]],[[-130.96,55.59],[-131.07,55.26],[-131.19,55.19],[-131.66,55.34],[-131.81,55.48],[-131.67,55.84],[-131.28,55.97],[-130.94,55.65],[-130.96,55.59]],[[-132.58,53.21],[-132.76,53.32],[-132.52,53.41],[-132.93,53.52],[-132.89,53.62],[-133.14,53.9],[-133.04,54.16],[-132.65,54.14],[-132.54,54.04],[-132.3,54.11],[-132.13,54.03],[-131.69,53.99],[-131.87,53.78],[-131.94,53.52],[-131.91,53.36],[-132.01,53.25],[-132.4,53.15],[-132.58,53.21]],[[-166.29,53.73],[-166.55,53.63],[-166.66,53.5],[-166.88,53.48],[-167.67,53.24],[-167.85,53.31],[-167.47,53.43],[-167.16,53.48],[-167.16,53.62],[-166.95,53.72],[-167.16,53.86],[-167.02,53.96],[-166.75,54.02],[-166.46,53.9],[-166.29,53.73]],[[-167.86,53.39],[-168.29,53.24],[-168.49,53.04],[-168.75,52.96],[-168.76,53.19],[-168.61,53.28],[-168.36,53.27],[-168.41,53.41],[-168.2,53.54],[-168.01,53.57],[-167.79,53.5],[-167.86,53.39]],[[-131.11,52.17],[-131.38,52.2],[-131.68,52.49],[-131.88,52.58],[-132.5,53.04],[-132.37,53.13],[-132.07,53.16],[-131.9,53.24],[-131.61,53.06],[-131.62,52.92],[-131.85,52.87],[-131.66,52.54],[-131.41,52.45],[-131.33,52.3],[-131.14,52.32],[-131.11,52.17]],[[-127.24,52.43],[-127.28,52.29],[-127.64,52.14],[-127.7,52],[-127.89,51.95],[-127.82,52.2],[-127.24,52.43]],[[-128.8,52.7],[-129.06,52.74],[-129.19,53.02],[-129.09,53.09],[-129.08,53.3],[-128.91,53.29],[-128.63,53.16],[-128.54,53.02],[-128.61,52.61],[-128.8,52.7]],[[-129.74,53.24],[-129.94,53.17],[-130.09,53.31],[-130.31,53.39],[-130.53,53.56],[-130.26,53.58],[-129.97,53.46],[-129.74,53.24]],[[-130.25,53.89],[-129.83,53.74],[-129.34,53.36],[-129.57,53.22],[-129.8,53.38],[-129.93,53.6],[-130.2,53.73],[-130.25,53.89]],[[-165.74,54.13],[-166.04,54.04],[-166.07,54.19],[-165.88,54.21],[-165.74,54.13]],[[-123.32,48.5],[-123.55,48.33],[-123.89,48.37],[-124.67,48.57],[-125.09,48.73],[-125.19,48.8],[-124.97,48.99],[-125.37,48.99],[-125.49,48.92],[-125.74,49.05],[-125.7,49.18],[-125.96,49.23],[-126.08,49.38],[-126.57,49.41],[-126.56,49.59],[-126.65,49.9],[-127.14,49.87],[-127.49,50.13],[-127.78,50.09],[-127.78,50.23],[-127.92,50.47],[-128.06,50.45],[-128.32,50.61],[-128.41,50.78],[-128.08,50.87],[-127.88,50.87],[-127.51,50.77],[-127.2,50.62],[-126.46,50.47],[-126.12,50.46],[-125.44,50.31],[-125.35,50.12],[-125.18,49.92],[-124.88,49.72],[-124.91,49.62],[-124.79,49.47],[-124.55,49.38],[-124.16,49.31],[-123.81,49.12],[-123.78,48.99],[-123.59,48.84],[-123.54,48.64],[-123.32,48.5]],[[-126.66,49.79],[-126.68,49.59],[-126.91,49.69],[-126.97,49.83],[-126.77,49.88],[-126.66,49.79]],[[-126.62,50.67],[-126.4,50.81],[-126.29,50.65],[-126.62,50.67]],[[-147.11,60.29],[-147.49,59.94],[-147.7,60],[-147.11,60.29]],[[-103.94,78.13],[-103.19,78],[-103.53,77.8],[-104.32,77.86],[-104.65,78.13],[-103.94,78.13]],[[-101.95,77.17],[-99.9,77.12],[-99.89,76.96],[-99.14,77.02],[-98.87,76.83],[-100.87,76.9],[-101.98,76.78],[-103.13,76.89],[-103.05,77.05],[-102.27,77],[-101.95,77.17]],[[-106.47,76.47],[-107.11,76.13],[-107.59,76.21],[-107.53,76.43],[-107.13,76.66],[-106.5,76.55],[-106.47,76.47]],[[-119.23,75.77],[-119.76,75.64],[-119.97,75.79],[-119.23,75.77]],[[-117.55,75.57],[-117.89,75.6],[-117.69,75.8],[-117.35,75.77],[-117.55,75.57]],[[-96.93,75.2],[-96.72,74.83],[-97.22,74.76],[-97.3,74.95],[-96.93,75.2]],[[-97.02,74.24],[-96.51,74.02],[-96.9,73.98],[-97.48,74.15],[-97.02,74.24]],[[-102.62,73.9],[-103.25,73.85],[-103.08,74.03],[-102.55,74.05],[-102.62,73.9]],[[-103.35,73.17],[-104.21,73.22],[-103.9,73.42],[-103.35,73.17]],[[-118.53,71.41],[-117.97,71.23],[-118.54,71.17],[-119.02,71.2],[-118.53,71.41]],[[-110.25,68.33],[-110.38,68.13],[-111.33,67.9],[-111.86,67.83],[-112.72,67.89],[-111.42,68.04],[-110.78,68.25],[-110.25,68.33]],[[-179.39,61.31],[-179.74,61.3],[-180,61.17],[-180,61.95],[-179.71,61.9],[-179.44,61.7],[-179.64,61.49],[-179.39,61.31]],[[-146.98,59.63],[-146.92,59.45],[-147.3,59.51],[-147.14,59.65],[-147.19,60.12],[-146.89,60.3],[-147.09,60.46],[-147.32,60.78],[-146.9,60.88],[-146.73,60.63],[-146.76,60.24],[-147.09,60.05],[-147.11,59.81],[-146.98,59.63]],[[-147.55,60.73],[-147.82,60.5],[-147.95,60.64],[-147.55,60.73]],[[-172.56,57.96],[-172.91,57.95],[-173.03,58.06],[-172.86,58.15],[-172.56,57.96]],[[-105.33,78.45],[-105.33,78.22],[-105.98,78.13],[-106.3,77.96],[-107.07,78.04],[-107.42,77.88],[-106.26,77.58],[-106.79,77.26],[-107.71,77.4],[-108.15,77.28],[-107.38,77.07],[-107.37,76.79],[-107.99,76.81],[-108.17,76.99],[-109.68,77],[-109.74,76.82],[-111.32,76.71],[-111.99,76.73],[-111.71,76.48],[-110.87,76.37],[-110.83,76.18],[-110.47,76.13],[-110.77,75.93],[-111.27,76.22],[-111.91,76.18],[-111.97,76.45],[-112.52,76.28],[-113.02,76.39],[-113.02,76.93],[-112.51,77.21],[-112.05,77.12],[-110.53,77.35],[-110.47,77.21],[-111.42,77.15],[-110.15,77.03],[-109.75,77.26],[-109.41,77.29],[-109.33,77.54],[-108.8,77.61],[-109.61,77.87],[-109.3,78.04],[-109.39,78.18],[-108.98,78.24],[-108.76,78.44],[-108.04,78.46],[-107.45,78.39],[-107.73,78.22],[-107.29,78.15],[-106.62,78.36],[-105.33,78.45]],[[-105.65,76.5],[-105.33,76.32],[-104.82,76.19],[-105.67,76.11],[-106.17,76.25],[-106.22,76.4],[-105.65,76.5]],[[-103.9,72.83],[-103.61,72.95],[-103.19,72.97],[-103.05,72.82],[-103.15,72.57],[-102.91,72.41],[-103.45,72.28],[-103.69,72.34],[-103.71,72.58],[-104.46,72.67],[-104.33,72.89],[-103.9,72.83]],[[-173,56.96],[-173.25,57.13],[-173.14,57.29],[-172.91,57.4],[-172.79,57.14],[-173,56.96]],[[-158.47,55.28],[-158.38,55.09],[-158.54,54.99],[-158.79,55.08],[-158.85,55.23],[-158.47,55.28]],[[-154.13,57.94],[-154.18,57.81],[-154.83,57.52],[-154.99,57.32],[-155.02,57.12],[-155.4,56.69],[-155.68,56.62],[-155.85,56.49],[-156.12,56.45],[-155.97,56.31],[-156.05,56.14],[-156.26,56.1],[-156.21,55.93],[-156.04,55.72],[-156.14,55.45],[-156.42,55.48],[-156.67,55.59],[-156.77,55.77],[-156.96,55.85],[-156.37,55.97],[-156.58,56.08],[-156.48,56.28],[-156.5,56.6],[-156.32,56.58],[-156.11,56.81],[-155.97,57.26],[-155.07,57.82],[-154.6,57.99],[-154.33,58.04],[-153.92,58.35],[-153.81,58.32],[-154.13,57.94]],[[-124.14,49.43],[-123.97,49.45],[-123.69,49.3],[-123.35,49.28],[-123.39,49.05],[-123.57,49.07],[-123.65,49.19],[-124.14,49.35],[-124.14,49.43]],[[-68.36,42.66],[-68.44,42.34],[-68.63,42.61],[-68.46,42.69],[-68.36,42.66]],[[-52.63,47.53],[-52.79,47.31],[-52.94,46.79],[-53.21,46.64],[-53.37,46.73],[-53.62,46.66],[-53.57,47.16],[-54.05,46.81],[-54.19,46.83],[-54.15,47.01],[-53.91,47.37],[-53.89,47.53],[-54.01,47.81],[-54.14,47.84],[-54.46,47.5],[-54.6,47.41],[-54.87,47.38],[-54.99,47.28],[-55.1,47.06],[-55.25,46.92],[-55.85,46.87],[-55.98,46.97],[-55.87,47.08],[-55.49,47.14],[-55.3,47.27],[-55.07,47.6],[-55.38,47.69],[-55.44,47.47],[-55.77,47.46],[-55.97,47.76],[-56.23,47.63],[-56.67,47.63],[-56.78,47.53],[-57.12,47.57],[-57.33,47.63],[-57.85,47.65],[-58.1,47.7],[-59.11,47.56],[-59.3,47.61],[-59.28,47.76],[-59.4,47.88],[-59.24,48.02],[-59,48.12],[-58.54,48.45],[-58.7,48.55],[-58.67,48.73],[-58.44,49.06],[-58.14,49.09],[-58.23,49.27],[-58.19,49.44],[-57.93,49.59],[-57.94,49.71],[-57.61,50.17],[-57.46,50.48],[-57.3,50.65],[-56.98,50.88],[-56.98,50.99],[-56.8,51.14],[-56.72,51.32],[-56.11,51.53],[-55.51,51.6],[-55.49,51.39],[-55.62,51.3],[-55.97,51.35],[-56.02,51.22],[-55.72,51.18],[-55.87,50.92],[-56.43,50.38],[-56.52,50.2],[-56.74,50.03],[-56.8,49.8],[-56.73,49.69],[-56.15,50.16],[-55.72,49.93],[-55.94,49.61],[-55.64,49.39],[-55.58,49.47],[-55.16,49.55],[-55.22,49.26],[-54.74,49.32],[-54.04,49.48],[-53.68,49.37],[-53.45,49.24],[-53.61,49.04],[-53.92,48.92],[-53.88,48.75],[-53.7,48.66],[-53.77,48.55],[-53.52,48.46],[-53.41,48.62],[-53.26,48.53],[-53.14,48.64],[-52.98,48.6],[-53.06,48.44],[-53.64,48.17],[-53.62,48],[-53.85,47.71],[-53.61,47.54],[-53.5,47.75],[-53.28,48.02],[-52.87,48.12],[-53.05,47.93],[-53.24,47.59],[-53.11,47.43],[-52.7,47.76],[-52.63,47.53]],[[-60.08,45.79],[-60.4,45.64],[-60.73,45.57],[-61.01,45.61],[-61.33,45.57],[-61.46,45.71],[-61.54,46.04],[-61.29,46.24],[-61.09,46.45],[-60.87,46.8],[-60.6,47.03],[-60.49,46.91],[-60.31,46.85],[-60.35,46.62],[-60.51,46.37],[-60.43,46.28],[-60.7,46.09],[-60.98,45.82],[-60.73,45.71],[-60.72,45.9],[-60.62,46.1],[-60.35,46.31],[-60.17,46.23],[-59.88,46.18],[-59.86,45.94],[-60.08,45.79]],[[-62,46.46],[-62.31,46.34],[-62.44,46.22],[-62.58,46.24],[-62.55,45.97],[-62.78,45.96],[-62.93,46.04],[-63,46.18],[-63.23,46.15],[-63.63,46.22],[-64.11,46.54],[-64.42,46.68],[-64.23,46.9],[-64.05,47.02],[-63.97,46.89],[-64.09,46.78],[-63.83,46.61],[-63.19,46.43],[-62.95,46.42],[-62.52,46.48],[-62,46.46]],[[-64.32,49.79],[-64.45,49.91],[-64.13,49.95],[-63.94,49.9],[-63.37,49.83],[-62.96,49.74],[-62.53,49.6],[-62.2,49.41],[-61.88,49.35],[-61.66,49.15],[-61.81,49.07],[-62.25,49.07],[-63.09,49.23],[-63.59,49.39],[-63.64,49.51],[-63.93,49.67],[-64.32,49.79]],[[-61.63,56.85],[-61.35,56.86],[-61.37,56.69],[-61.65,56.74],[-61.63,56.85]],[[-57.87,54.82],[-58.16,54.76],[-58.23,54.85],[-57.94,54.93],[-57.87,54.82]],[[-67.88,60.5],[-67.96,60.33],[-68.32,60.2],[-68.44,60.26],[-68.24,60.59],[-67.88,60.5]],[[-64.84,61.35],[-65.49,61.6],[-65.05,61.7],[-64.72,61.66],[-64.7,61.46],[-64.84,61.35]],[[-72.95,66.73],[-72.8,67.04],[-72.35,67.12],[-72.19,67.28],[-72.37,67.33],[-72.44,67.53],[-72.86,67.86],[-72.99,68.17],[-73.2,68.28],[-73.73,68.31],[-73.95,68.41],[-73.89,68.55],[-74.37,68.54],[-74.88,68.83],[-75.5,68.93],[-76.33,68.7],[-76.67,68.77],[-76.42,69.06],[-75.99,69.01],[-75.57,69.16],[-75.69,69.29],[-76.63,69.55],[-77.04,69.61],[-76.87,69.82],[-77.49,69.86],[-77.68,70.18],[-77.89,70.26],[-78.39,70.22],[-78.74,70.46],[-79.16,70.5],[-79.57,70.39],[-78.77,70.19],[-78.67,70.01],[-78.89,69.89],[-79.68,69.85],[-79.84,69.95],[-81.07,70.1],[-81.19,70],[-81.6,69.98],[-82.13,69.82],[-82.44,69.84],[-83.05,70.01],[-83.67,69.95],[-84.69,70.01],[-84.95,70.07],[-85.78,70],[-86.27,70.11],[-86.64,70.33],[-87.03,70.47],[-87.43,70.32],[-87.85,70.24],[-88.14,70.4],[-88.69,70.47],[-89.45,70.91],[-89.13,71.03],[-88.64,71.05],[-88.32,70.96],[-87.36,70.95],[-87.23,71.01],[-88.07,71.21],[-89.81,71.33],[-89.96,71.42],[-89.98,71.66],[-89.8,71.76],[-90.1,71.92],[-89.76,72.13],[-89.96,72.26],[-89.75,72.61],[-89.32,72.88],[-89.31,73.05],[-89.05,73.25],[-88.41,73.53],[-87.76,73.72],[-86.71,73.85],[-86.02,73.85],[-85.11,73.81],[-84.95,73.67],[-85.58,73.51],[-86.03,73.3],[-86.7,72.82],[-86.68,72.65],[-86.25,72.39],[-86.46,72.2],[-86.41,72.01],[-86.13,71.79],[-85.5,71.51],[-84.96,71.43],[-84.53,71.47],[-84.89,71.63],[-85.26,71.67],[-85.75,71.95],[-85.5,72.21],[-85.04,72.25],[-84.78,72.36],[-85.34,72.41],[-85.7,72.63],[-85.46,73.11],[-84.84,73.39],[-84.01,73.5],[-82.83,73.74],[-81.53,73.72],[-81.23,73.54],[-81.13,73.25],[-80.64,73.17],[-80.64,72.93],[-80.27,72.73],[-80.56,72.63],[-80.51,72.38],[-80.83,72.26],[-80.76,71.98],[-80.4,72.05],[-80.48,72.18],[-80.05,72.4],[-79.28,72.39],[-78.94,72.2],[-78.57,72.36],[-78.54,72.51],[-77.98,72.7],[-77.6,72.76],[-76.89,72.74],[-76.65,72.64],[-75.74,72.58],[-75.2,72.5],[-74.94,72.26],[-75.06,72.13],[-74.24,72.08],[-74.12,71.97],[-74.26,71.82],[-73.6,71.76],[-73.69,71.59],[-73.25,71.33],[-72.47,71.65],[-71.58,71.52],[-71.12,71.27],[-71.45,71.07],[-72.05,71.08],[-72.36,70.88],[-72.16,70.83],[-72.34,70.76],[-71.95,70.79],[-71.32,70.89],[-71.15,71.04],[-70.79,71.11],[-70.52,70.94],[-70.71,70.84],[-70.62,70.73],[-69.91,70.88],[-69.59,70.77],[-69.1,70.72],[-68.36,70.58],[-68.46,70.37],[-69.47,70.25],[-68.64,70.15],[-68.34,70.07],[-68.16,70.32],[-67.81,70.26],[-67.25,69.96],[-67.12,69.73],[-68.01,69.78],[-68.59,69.59],[-68.01,69.46],[-67.23,69.46],[-66.79,69.34],[-66.67,69.18],[-67.68,69.18],[-67.74,69.04],[-68.04,68.97],[-68.13,68.84],[-68.55,68.75],[-68.36,68.63],[-67.93,68.53],[-67.66,68.56],[-67.06,68.47],[-66.77,68.24],[-66.31,68.13],[-66.21,68.01],[-65.18,67.97],[-64.72,67.99],[-64.61,67.83],[-64.29,67.73],[-63.89,67.24],[-63.41,67.22],[-63.25,67.13],[-63.35,66.89],[-62.91,66.97],[-62.28,66.95],[-62,67.04],[-61.61,66.87],[-61.27,66.6],[-61.58,66.55],[-61.49,66.37],[-61.93,66.29],[-62.22,66.4],[-62.54,66.23],[-61.95,66.02],[-62.43,65.98],[-62.31,65.83],[-62.59,65.66],[-63.16,65.65],[-63.5,65.37],[-63.41,65.03],[-63.66,64.92],[-63.89,65.09],[-64.18,65.18],[-64.9,65.28],[-65.11,65.5],[-65.29,65.56],[-65.5,65.77],[-65.35,65.91],[-65.9,65.95],[-66.47,66.34],[-66.73,66.37],[-66.96,66.54],[-67.3,66.28],[-67.57,66.42],[-67.75,66.25],[-67.29,66.11],[-67.17,65.93],[-67.81,65.88],[-67.93,65.62],[-67.45,65.68],[-67.43,65.5],[-67.06,65.45],[-67.17,65.27],[-66.94,65.22],[-66.97,65.09],[-66.65,64.97],[-65.82,64.88],[-65.58,64.76],[-65.73,64.52],[-65.08,64.48],[-65.31,64.19],[-65.08,64.08],[-64.66,64.03],[-64.9,63.9],[-64.68,63.74],[-64.48,63.29],[-64.77,63.33],[-64.93,63.57],[-65.1,63.55],[-64.76,63.06],[-64.89,62.87],[-65.2,62.9],[-64.96,62.66],[-65.17,62.57],[-65.6,62.83],[-65.67,62.91],[-66.05,63],[-66.19,62.95],[-66.52,63.08],[-66.7,63.04],[-67.01,63.29],[-67.5,63.44],[-67.87,63.46],[-68.5,63.74],[-68.93,63.76],[-68.76,63.55],[-68.4,63.38],[-68.15,63.16],[-67.8,63.09],[-67.2,62.88],[-66.98,62.7],[-66.55,62.56],[-66.3,62.35],[-65.93,62.2],[-66.13,62.09],[-65.95,61.9],[-66.27,61.86],[-66.77,62.02],[-67.4,62.15],[-68.55,62.25],[-69.03,62.38],[-69.45,62.55],[-69.63,62.79],[-70.24,62.75],[-70.49,62.87],[-70.83,62.9],[-71.03,63.08],[-71.37,63.05],[-71.69,63.17],[-71.77,63.28],[-71.57,63.69],[-72.32,63.68],[-72.32,63.78],[-72.6,63.87],[-73.13,64.29],[-73.39,64.28],[-73.45,64.59],[-73.89,64.55],[-74.08,64.64],[-74.55,64.63],[-74.71,64.38],[-75.24,64.46],[-75.71,64.58],[-75.86,64.38],[-76.73,64.3],[-77.76,64.34],[-78.18,64.59],[-78.07,64.82],[-78.14,64.96],[-77.96,65.05],[-77.31,65.2],[-77.51,65.33],[-77.44,65.46],[-76.68,65.41],[-75.76,65.21],[-75.72,65.31],[-75.22,65.25],[-74.87,65.4],[-74.5,65.34],[-74.18,65.53],[-73.5,65.49],[-73.72,65.77],[-74.01,65.86],[-74.42,66.08],[-74.35,66.23],[-73.46,66.55],[-73.33,66.66],[-72.95,66.73]],[[-75.03,68.17],[-75.16,67.95],[-75.04,67.82],[-75.07,67.55],[-75.39,67.36],[-75.89,67.26],[-76.98,67.24],[-77.18,67.43],[-77.32,67.71],[-77.21,67.87],[-76.69,68.26],[-75.91,68.34],[-75.14,68.24],[-75.03,68.17]],[[-73.36,67.84],[-73.41,67.78],[-74.4,67.78],[-74.64,67.86],[-74.76,68.06],[-74.28,68.08],[-73.41,67.97],[-73.36,67.84]],[[-74.84,68.42],[-75.38,68.5],[-75.26,68.72],[-74.99,68.67],[-74.84,68.42]],[[-79.08,68.88],[-79.42,68.93],[-79.2,69.08],[-78.86,69.15],[-78.73,69.33],[-78.31,69.39],[-78.83,68.92],[-79.08,68.88]],[[-76.69,69.41],[-76.68,69.31],[-76.99,69.15],[-77.26,69.15],[-77.36,69.39],[-77.11,69.45],[-76.69,69.41]],[[-79.97,69.63],[-80.21,69.62],[-80.8,69.7],[-80.5,69.79],[-79.97,69.73],[-79.67,69.82],[-79.35,69.69],[-79.97,69.63]],[[-71.51,71.02],[-71.44,70.91],[-72.12,70.83],[-72.23,70.92],[-72.05,70.95],[-72.01,71.05],[-71.51,71.02]],[[-64.38,62.53],[-64.59,62.37],[-64.92,62.42],[-64.84,62.56],[-64.38,62.53]],[[-70.24,62.62],[-70.36,62.53],[-70.68,62.55],[-70.96,62.8],[-70.49,62.77],[-70.24,62.62]],[[-82.19,62.99],[-81.86,62.92],[-81.96,62.7],[-82.3,62.59],[-82.75,62.31],[-83.13,62.18],[-83.28,62.25],[-83.67,62.15],[-83.91,62.49],[-83.55,62.7],[-83.52,62.83],[-83.3,62.93],[-83.12,62.85],[-82.74,62.94],[-82.19,62.99]],[[-79.28,62.27],[-79.27,62.15],[-79.55,61.76],[-79.75,61.59],[-80.18,61.77],[-80.29,61.93],[-80.21,62.14],[-79.83,62.41],[-79.56,62.42],[-79.28,62.27]],[[-77.54,63.29],[-77.64,63.14],[-77.94,63.09],[-78.53,63.39],[-78.19,63.49],[-77.7,63.44],[-77.54,63.29]],[[-80.18,63.77],[-80.47,63.73],[-81.02,63.45],[-82.07,63.69],[-82.48,63.69],[-82.36,63.85],[-82.53,63.97],[-83.14,64.01],[-83.01,64.19],[-83.54,64.11],[-83.69,64.01],[-83.63,63.77],[-84.06,63.62],[-84.41,63.55],[-84.59,63.32],[-85.27,63.12],[-85.64,63.24],[-85.62,63.67],[-85.79,63.71],[-86.29,63.65],[-86.66,63.66],[-87.06,63.55],[-87.22,63.66],[-86.9,63.93],[-86.19,64.1],[-86.41,64.44],[-86.35,64.65],[-86.16,64.94],[-86.17,65.29],[-86.03,65.67],[-85.61,65.91],[-85.49,65.8],[-85.2,65.81],[-85.05,65.61],[-85.08,65.46],[-84.85,65.21],[-84.58,65.49],[-84.15,65.33],[-84.1,65.21],[-83.4,65.14],[-83.21,64.95],[-82.71,64.78],[-82.37,64.77],[-81.77,64.51],[-81.63,64.12],[-81.06,64.03],[-80.89,64.12],[-80.18,63.77]],[[-76.69,63.49],[-76.98,63.41],[-77.42,63.59],[-77.12,63.69],[-76.71,63.57],[-76.69,63.49]],[[-85,66.01],[-84.71,65.84],[-84.57,65.64],[-84.71,65.56],[-85.11,65.76],[-85.19,65.95],[-85,66.01]],[[-84.47,66.09],[-84.07,66.06],[-83.69,65.93],[-83.87,65.78],[-84.47,66.09]],[[-79.56,74.99],[-79.4,74.88],[-80.25,74.76],[-80.16,74.62],[-80.54,74.56],[-81.32,74.56],[-81.79,74.46],[-83.49,74.58],[-84.26,74.51],[-87.64,74.46],[-88.52,74.5],[-88.41,74.76],[-89.08,74.72],[-89.15,74.61],[-89.95,74.53],[-90.7,74.65],[-90.89,74.76],[-91.62,74.71],[-92.02,74.78],[-92.06,74.96],[-92.5,75.22],[-92.3,75.51],[-92,75.6],[-92.18,75.89],[-93.13,76.37],[-93.59,76.3],[-94.85,76.27],[-95.82,76.4],[-96.5,76.7],[-96.31,76.81],[-96.85,76.93],[-95.77,77.08],[-93.7,76.92],[-92.95,76.63],[-92.69,76.6],[-91.44,76.69],[-90.57,76.56],[-90.45,76.41],[-89.3,76.3],[-89.38,76.18],[-91.24,76.16],[-90.19,76.07],[-89.2,75.8],[-89.26,75.64],[-88.58,75.66],[-88.25,75.48],[-87.75,75.58],[-87.11,75.59],[-86.78,75.48],[-86.2,75.42],[-86.01,75.54],[-85.3,75.57],[-85.04,75.66],[-84.29,75.71],[-83.92,75.81],[-83.09,75.74],[-82.33,75.84],[-81.11,75.78],[-81.29,75.66],[-80.5,75.66],[-79.5,75.39],[-79.63,75.18],[-80.44,75.04],[-80.2,74.96],[-79.56,74.99]],[[-89.67,76.73],[-90.06,76.49],[-90.57,76.72],[-89.98,76.84],[-89.67,76.73]],[[-89.66,77.36],[-90.09,77.2],[-90.92,77.31],[-91.2,77.41],[-91.17,77.62],[-90.3,77.63],[-89.78,77.49],[-89.66,77.36]],[[-96.62,80.04],[-94.85,80.05],[-96.32,80.26],[-96.03,80.58],[-94.38,80.62],[-94.7,80.73],[-95.5,80.81],[-95.23,81.02],[-94.16,81.1],[-93.31,81.09],[-93.22,81.21],[-94.4,81.26],[-94.19,81.37],[-93.1,81.35],[-92.24,81.26],[-90.64,80.57],[-89.32,80.54],[-89.26,80.3],[-88.47,80.44],[-87.7,80.41],[-87.58,80.18],[-86.97,79.88],[-87.19,79.63],[-86.31,79.65],[-85.56,79.58],[-84.92,79.3],[-85.51,79.17],[-86.5,79.07],[-86.61,78.97],[-87.86,78.69],[-88.04,78.48],[-88.55,78.43],[-88.77,78.19],[-89.71,78.23],[-90.88,78.14],[-92.12,78.23],[-92.95,78.44],[-92.66,78.61],[-93.35,78.61],[-94.27,78.97],[-93.43,79.16],[-92.63,79.25],[-92.58,79.38],[-94.39,79.37],[-94.96,79.29],[-95.65,79.39],[-95.61,79.56],[-96.54,79.85],[-96.62,80.04]],[[-86.58,68.29],[-86.41,68.21],[-86.41,67.84],[-86.84,67.79],[-86.99,68.07],[-86.75,68.29],[-86.58,68.29]],[[-79.55,56.04],[-79.87,55.84],[-80.03,55.9],[-79.74,56.16],[-79.41,56.23],[-79.23,56.55],[-79.04,56.37],[-79.47,55.88],[-79.55,56.04]],[[-80.76,52.92],[-80.67,52.74],[-81.03,52.75],[-82.06,53.02],[-81.88,53.18],[-81.42,53.23],[-81.12,53.2],[-80.76,52.92]],[[-73.5,45.71],[-73.54,45.48],[-73.79,45.47],[-73.5,45.71]],[[-87.58,78.23],[-87.68,78.03],[-88.68,77.92],[-89.43,77.77],[-90.31,77.71],[-90.83,77.74],[-91.53,77.96],[-90.04,77.99],[-90.02,78.15],[-89.11,78.08],[-88.35,78.21],[-88.02,78.35],[-87.8,78.65],[-87.01,78.68],[-87.62,78.44],[-87.58,78.23]],[[-77.33,72.83],[-78.38,72.62],[-79.24,72.51],[-79.87,72.62],[-79.83,72.68],[-78.95,72.75],[-78.17,72.87],[-77.33,72.83]],[[-86.71,69.67],[-86.37,69.65],[-85.88,69.53],[-86.18,69.45],[-86.71,69.67]],[[-64.87,68.3],[-65.26,68.15],[-65.56,68.27],[-65.32,68.33],[-64.87,68.3]],[[-61.68,67.33],[-62.18,67.16],[-62.52,67.26],[-62.37,67.4],[-61.79,67.42],[-61.68,67.33]],[[-63.62,63.46],[-63.64,63.22],[-63.87,63.23],[-63.62,63.46]],[[-86.67,60.38],[-87.25,60.33],[-86.95,60.22],[-86.11,60.14],[-86.2,60.01],[-86.95,60.01],[-86.86,59.89],[-86.44,59.95],[-86.28,59.9],[-86.21,59.72],[-86.33,59.54],[-86.32,59.4],[-86.52,59.25],[-86.67,59.38],[-86.94,59.42],[-87.02,59.57],[-87.33,59.6],[-87.64,59.47],[-87.86,59.48],[-87.98,59.6],[-87.78,59.87],[-87.52,59.89],[-87.64,60.21],[-87.48,60.37],[-88.01,60.34],[-87.84,60.47],[-86.62,60.48],[-86.67,60.38]],[[-65.8,60.06],[-65.35,60.09],[-65.42,59.95],[-65.79,59.78],[-66.15,59.45],[-66.33,59.47],[-66.67,59.31],[-66.81,59.5],[-67.07,59.66],[-66.35,59.81],[-66.24,59.91],[-66.37,60.15],[-66.06,60.34],[-65.85,60.34],[-65.8,60.06]],[[-67.08,59.46],[-67.13,59.38],[-67.49,59.38],[-67.43,59.57],[-67.08,59.46]],[[-54.88,46.35],[-54.99,46.45],[-54.99,46.83],[-54.6,47.14],[-54.59,46.85],[-54.79,46.59],[-54.88,46.35]],[[-58.58,45.87],[-58.86,45.64],[-59.06,45.68],[-58.89,45.86],[-58.58,45.87]],[[-63.23,43.44],[-63.31,43.6],[-63.07,43.8],[-63.07,44],[-62.79,44.26],[-62.69,44.24],[-62.71,43.97],[-62.79,43.7],[-63.23,43.44]],[[-67.48,43.94],[-67.31,43.92],[-67.37,43.77],[-67.26,43.56],[-67.09,43.58],[-67.1,43.26],[-67.46,43.43],[-67.62,43.2],[-67.9,43.19],[-68.15,43.23],[-68.17,43.35],[-67.84,43.85],[-67.63,44.09],[-67.46,44.09],[-67.48,43.94]],[[-63.52,43.71],[-63.76,43.39],[-63.98,43.64],[-64.15,43.72],[-63.58,43.99],[-63.43,43.97],[-63.52,43.71]],[[-88.55,77.35],[-88.45,77.28],[-89.3,77.19],[-89.31,77.7],[-88.48,77.56],[-88.55,77.35]],[[-81.04,65.41],[-80.41,65.19],[-80.13,65],[-79.78,65.01],[-79.09,64.75],[-78.91,64.56],[-78.58,64.51],[-78.53,64.39],[-77.89,64.25],[-77.95,64.13],[-78.31,64.17],[-78.48,63.84],[-77.95,63.82],[-77.71,63.7],[-77.73,63.52],[-78.06,63.6],[-78.5,63.61],[-78.68,63.54],[-78.98,63.59],[-79.15,63.48],[-78.9,63.09],[-78.67,63.01],[-77.97,62.93],[-77.37,62.96],[-77.27,63.01],[-77.25,63.27],[-76.38,63.13],[-75.91,63.2],[-76.13,63.43],[-76.42,63.46],[-76.7,63.68],[-77.03,63.75],[-77.57,63.74],[-77.34,63.88],[-77.59,64.15],[-76.94,64.16],[-76.6,64.09],[-76.27,63.94],[-75.59,63.89],[-75.44,64.01],[-75.15,63.78],[-74.81,63.98],[-74.42,63.87],[-73.98,63.8],[-73.23,63.77],[-73.16,63.64],[-72.64,63.54],[-72.47,63.41],[-72.27,63.4],[-71.8,63.09],[-71.47,62.97],[-71.18,62.62],[-70.89,62.52],[-70.87,62.07],[-70.93,61.9],[-71.15,61.83],[-71.71,62.05],[-72.5,62.26],[-72.74,62.38],[-73.12,62.43],[-73.28,62.56],[-73.53,62.62],[-73.65,62.84],[-74.44,62.98],[-74.66,63.08],[-75.43,63.17],[-75.71,63.15],[-75.93,63.01],[-75.7,62.84],[-75.5,62.84],[-75.11,62.62],[-75.47,62.55],[-75.66,62.42],[-76.46,62.5],[-76.66,62.59],[-78.23,62.66],[-78.67,62.59],[-79.69,62.57],[-79.79,62.53],[-80.78,62.6],[-81.28,62.74],[-81.4,62.84],[-82.11,63.15],[-80.58,63.13],[-79.88,63.31],[-79.76,63.45],[-79.31,63.51],[-79.37,63.69],[-79.74,63.7],[-80.06,63.89],[-80.1,64.04],[-80.51,64.09],[-80.87,64.28],[-81.57,64.44],[-81.76,64.59],[-82.31,64.85],[-82.64,64.89],[-83.11,65.02],[-83.63,65.26],[-83.95,65.29],[-84.47,65.55],[-84.33,65.73],[-83.88,65.56],[-82.97,65.34],[-82.75,65.43],[-82.97,65.61],[-83,65.81],[-82.56,65.82],[-82.48,65.62],[-81.98,65.56],[-81.88,65.69],[-81.4,65.67],[-81.3,65.52],[-81.04,65.41]],[[-81.4,61.97],[-81.71,61.66],[-81.99,61.57],[-82.29,61.62],[-82.6,61.29],[-82.97,61.42],[-83.2,61.37],[-83.86,61.4],[-83.95,61.11],[-84.32,61.08],[-84.39,61.2],[-84.82,61.45],[-84.85,61.59],[-84.6,61.64],[-84.28,61.57],[-84.31,61.45],[-83.91,61.48],[-83.8,61.61],[-83.44,61.62],[-82.8,61.8],[-82.49,61.94],[-82.27,61.89],[-82.12,62.14],[-81.96,62.16],[-81.41,62.36],[-81.27,62.29],[-81.44,62.13],[-81.4,61.97]],[[-86.21,61.69],[-85.52,61.16],[-85.3,61.22],[-85.05,61.16],[-85.12,60.97],[-85.49,61.11],[-85.67,61.03],[-86.25,61.06],[-86.73,60.87],[-86.83,60.99],[-87.42,60.88],[-87.55,61.29],[-87.16,61.45],[-87.34,61.62],[-86.96,61.7],[-86.76,61.67],[-86.21,61.69]],[[-78.54,8.46],[-78.39,8.23],[-78.58,8.18],[-78.8,8.33],[-78.81,8.52],[-78.71,8.6],[-78.54,8.46]],[[-112.27,28.77],[-112.58,28.88],[-112.49,28.97],[-112.44,29.2],[-112.28,29.23],[-112.2,29.02],[-112.27,28.77]],[[-71.92,41.06],[-71.93,41.04],[-72.61,40.8],[-73.23,40.71],[-73.71,40.58],[-73.83,40.65],[-73.91,40.79],[-73.49,40.95],[-73.22,40.91],[-73.11,40.97],[-72.61,40.99],[-72.46,40.91],[-72.16,41.05],[-71.92,41.06]],[[-86.75,20.59],[-86.93,20.31],[-87.02,20.33],[-86.94,20.55],[-86.75,20.59]],[[-63.85,11.14],[-63.79,11],[-63.9,10.88],[-64.04,10.87],[-64.18,10.97],[-64.41,10.97],[-64.37,11.06],[-64.2,11.09],[-64.05,10.99],[-63.99,11.11],[-63.85,11.14]],[[-61,10.7],[-61.04,10.51],[-61,10.14],[-61.19,10.07],[-61.64,10.06],[-61.71,10.16],[-61.46,10.3],[-61.47,10.59],[-61.6,10.75],[-61.37,10.8],[-61.18,10.8],[-60.95,10.85],[-61,10.7]],[[-60.95,8.83],[-60.74,8.87],[-60.69,8.79],[-60.85,8.64],[-61.09,8.63],[-61.17,8.7],[-60.95,8.83]],[[-50.45,2.11],[-50.31,1.95],[-50.46,1.88],[-50.52,2],[-50.45,2.11]],[[-69.42,42.25],[-69.12,41.98],[-69.5,41.89],[-69.61,41.92],[-69.92,42.31],[-69.89,42.61],[-69.97,42.77],[-69.97,43.01],[-69.82,43],[-69.64,42.8],[-69.21,42.65],[-69.08,42.54],[-68.9,42.58],[-68.74,42.42],[-68.84,42.3],[-69.07,42.29],[-69.21,42.23],[-69.42,42.25]],[[-64.36,10.83],[-64.4,10.76],[-64.3,10.53],[-64.41,10.42],[-64.96,10.42],[-65.24,10.5],[-65.57,10.43],[-65.75,10.47],[-65.99,10.65],[-65.95,10.85],[-65.56,10.95],[-65.32,10.86],[-65.16,10.88],[-65,10.83],[-64.76,10.98],[-64.58,11.02],[-64.44,10.97],[-64.36,10.83]],[[-45.16,0.06],[-45.33,0.13],[-45.25,0.23],[-45.09,0.25],[-45.16,0.06]]],[[[-177.69,-43.72],[-177.82,-43.85],[-177.66,-43.96],[-177.34,-43.88],[-176.87,-44.11],[-176.87,-44.27],[-176.3,-44.56],[-176.16,-44.56],[-175.6,-44.27],[-175.71,-44.07],[-175.52,-44.04],[-175.29,-43.91],[-175.37,-43.77],[-175.78,-43.86],[-176.01,-43.86],[-176.04,-43.72],[-176.17,-43.6],[-176.4,-43.58],[-176.46,-43.44],[-176.7,-43.39],[-177.14,-43.4],[-177.26,-43.49],[-177.29,-43.67],[-177.49,-43.79],[-177.69,-43.72]],[[-176.38,-43.9],[-176.3,-44.04],[-176.61,-44.11],[-176.66,-44.02],[-176.52,-43.92],[-176.64,-43.8],[-176.6,-43.71],[-176.29,-43.77],[-176.38,-43.9]]],[[[-179.17,-44],[-179.1,-43.84],[-179.2,-43.76],[-179.73,-43.76],[-179.65,-43.88],[-179.17,-44]]],[[[-121.44,-69.22],[-121.3,-69.44],[-120.91,-69.4],[-121.44,-69.22]]],[[[-126.4,-72.65],[-126.75,-72.75],[-126.86,-72.92],[-126.29,-72.9],[-126.4,-72.65]]],[[[-134.45,-73.83],[-134.13,-73.89],[-134.15,-74.04],[-133.44,-74],[-133.93,-73.81],[-134.45,-73.83]]],[[[-135.08,-73.84],[-135.55,-73.87],[-135.84,-74.14],[-135.38,-74.11],[-135.08,-73.84]]],[[[-144.69,-75.06],[-143.92,-74.93],[-144.39,-74.87],[-144.69,-75.06]]],[[[-151.33,-76.03],[-151,-76.19],[-150.39,-76.03],[-150.43,-75.93],[-151.33,-76.03]]],[[[-104.95,-73.22],[-104.54,-73.12],[-104.93,-72.92],[-105.18,-73],[-104.95,-73.22]]],[[[-92.75,-72.06],[-92.61,-72.19],[-92.19,-72.27],[-92.11,-71.95],[-92.54,-71.97],[-92.75,-72.06]]],[[[0,-42.17],[0.26,-42.17],[0.37,-41.96],[0.2,-41.82],[0,-41.91],[-0.09,-42.04],[0,-42.17]]],[[[-66.14,-64.99],[-66.02,-65.14],[-65.73,-65.18],[-65.68,-64.98],[-66,-64.9],[-66.14,-64.99]]],[[[-67.05,-65.75],[-66.99,-65.63],[-67.33,-65.38],[-67.67,-65.47],[-67.72,-65.63],[-67.53,-65.71],[-67.05,-65.75]]],[[[-56.96,-69.93],[-57.25,-69.95],[-57.22,-70.21],[-56.81,-70.26],[-56.96,-69.93]]],[[[-58.88,-71.14],[-59.21,-71.26],[-59.52,-71.25],[-59.68,-71.43],[-59.36,-71.46],[-58.81,-71.23],[-58.88,-71.14]]],[[[-59.2,-71.54],[-59.52,-71.62],[-59.36,-71.81],[-58.99,-71.79],[-58.94,-71.66],[-59.2,-71.54]]],[[[-54.3,-63.72],[-54.74,-63.66],[-54.94,-63.75],[-55.02,-63.94],[-54.36,-63.8],[-54.3,-63.72]]],[[[-54.69,-63.56],[-54.47,-63.42],[-54.11,-63.34],[-54.44,-63.18],[-54.92,-63.39],[-54.69,-63.56]]],[[[-54.31,-62.77],[-54.3,-62.68],[-54.82,-62.62],[-54.78,-62.87],[-54.24,-62.89],[-54.31,-62.77]]],[[[-60.28,-62.82],[-59.31,-62.47],[-59.22,-62.39],[-58.89,-62.4],[-58.78,-62.27],[-58.43,-62.3],[-57.95,-62.13],[-57.69,-62.13],[-57.25,-62.01],[-57.67,-61.8],[-58.63,-61.81],[-58.94,-61.97],[-59.12,-61.86],[-59.62,-61.99],[-59.88,-62],[-60.11,-62.12],[-60.5,-62.13],[-60.71,-62.32],[-61.01,-62.25],[-61.19,-62.42],[-61.51,-62.41],[-61.86,-62.66],[-61.82,-62.95],[-61.3,-62.94],[-61.07,-62.85],[-60.77,-63.05],[-60.48,-62.92],[-60.71,-62.76],[-60.55,-62.71],[-60.28,-62.82]],[[-61.16,-62.66],[-60.67,-62.55],[-60.49,-62.58],[-60.01,-62.53],[-59.99,-62.63],[-60.25,-62.75],[-60.38,-62.61],[-60.81,-62.67],[-61.16,-62.66]],[[-58.47,-62.16],[-58.58,-62.25],[-58.95,-62.16],[-58.68,-62],[-58.41,-61.93],[-58.01,-61.9],[-58.24,-62.18],[-58.47,-62.16]]],[[[-62.46,-63.12],[-62.7,-63.25],[-62.6,-63.38],[-62.79,-63.45],[-62.68,-63.58],[-62.23,-63.55],[-61.82,-63.45],[-61.89,-63.28],[-62.46,-63.12]]],[[[-60.17,-63.4],[-59.91,-63.46],[-59.6,-63.44],[-59.74,-63.26],[-60.17,-63.4]]],[[[-55.79,-62.63],[-55.32,-62.64],[-55.14,-62.45],[-55.36,-62.42],[-55.8,-62.45],[-55.79,-62.63]]],[[[-55.83,-61.54],[-55.43,-61.47],[-55.21,-61.36],[-54.67,-61.19],[-54.65,-61.08],[-55.26,-61],[-55.57,-60.88],[-55.87,-60.96],[-56.04,-61.1],[-56.04,-61.27],[-55.71,-61.33],[-55.83,-61.54]],[[-55.08,-61.09],[-55.28,-61.26],[-55.45,-61.12],[-55.08,-61.09]]],[[[-46.47,-60.5],[-46.79,-60.4],[-47.01,-60.44],[-47,-60.57],[-46.72,-60.79],[-46.15,-60.92],[-45.94,-60.95],[-45.43,-60.79],[-44.98,-60.9],[-44.52,-60.88],[-44.09,-60.76],[-44.19,-60.64],[-44.58,-60.57],[-45.06,-60.57],[-45.18,-60.52],[-46.13,-60.38],[-46.54,-60.38],[-46.47,-60.5]]],[[[-35.02,-55.32],[-34.45,-55.14],[-34.39,-55.01],[-34.57,-54.87],[-34.85,-54.91],[-35,-54.84],[-35.39,-54.83],[-35.24,-54.57],[-35.36,-54.52],[-35.67,-54.59],[-35.84,-54.34],[-36.08,-54.19],[-36.3,-54.19],[-36.3,-53.98],[-36.74,-53.95],[-37,-53.74],[-37,-53.61],[-37.36,-53.65],[-37.25,-53.85],[-37.59,-53.78],[-37.6,-53.65],[-37.98,-53.6],[-38.02,-53.75],[-38.4,-53.82],[-38.61,-53.78],[-39.12,-53.88],[-39.09,-54.03],[-38.73,-54.02],[-38.42,-54.21],[-38.1,-54.22],[-38.07,-54.38],[-37.94,-54.48],[-37.67,-54.43],[-37.58,-54.5],[-37.58,-54.8],[-37.14,-54.69],[-36.84,-54.74],[-36.83,-54.93],[-36.6,-54.89],[-36.29,-54.95],[-36.19,-55.2],[-35.98,-55.21],[-35.09,-55.43],[-35.02,-55.32]],[[-35.91,-54.69],[-35.89,-54.78],[-36.1,-54.89],[-36.3,-54.74],[-36.46,-54.54],[-36.81,-54.45],[-37.39,-54.15],[-37.17,-54.04],[-36.62,-54.12],[-36.68,-54.25],[-36.39,-54.24],[-36.04,-54.46],[-35.91,-54.69]]],[[[-57.7,-54.9],[-57.35,-54.83],[-57.11,-54.73],[-56.92,-54.86],[-56.68,-54.88],[-56.28,-54.58],[-56.3,-54.36],[-56.9,-54.28],[-57.09,-54.21],[-58.24,-54.04],[-58.67,-53.87],[-59.35,-53.88],[-59.47,-53.92],[-61.27,-53.77],[-61.72,-54.07],[-61.64,-54.31],[-61.48,-54.45],[-61.47,-54.58],[-60.96,-54.69],[-60.79,-54.79],[-60.42,-54.76],[-59.66,-54.78],[-59.45,-54.69],[-59.24,-54.78],[-59.07,-54.71],[-58.74,-54.75],[-58.44,-54.61],[-58.09,-54.58],[-58.02,-54.73],[-57.7,-54.9]]],[[[-41.76,-53.8],[-41.54,-53.81],[-41.37,-53.92],[-40.94,-53.85],[-40.9,-53.7],[-41.08,-53.56],[-41.55,-53.53],[-41.69,-53.44],[-42.13,-53.37],[-42.26,-53.58],[-42.09,-53.73],[-41.76,-53.8]]],[[[-38.4,-54.55],[-38.18,-54.73],[-37.87,-54.76],[-37.93,-54.56],[-38.28,-54.47],[-38.4,-54.55]]],[[[-35.75,-53.99],[-35.62,-54.29],[-35.39,-54.26],[-35.54,-53.95],[-35.75,-53.99]]],[[[-1.38,-42.48],[-1.34,-42.38],[-1.54,-42.33],[-1.69,-42.53],[-1.58,-42.62],[-1.38,-42.48]]],[[[-0.37,-42.46],[-0.13,-42.39],[-0.29,-42.26],[-0.37,-42.46]]],[[[-5.98,-39.52],[-6.33,-39.6],[-6.25,-39.67],[-5.99,-39.73],[-5.85,-39.63],[-5.98,-39.52]]],[[[-6.44,-39.58],[-6.52,-39.4],[-6.69,-39.43],[-6.91,-39.61],[-6.64,-39.67],[-6.44,-39.58]]],[[[90,-66.78],[90.37,-66.82],[91.15,-66.57],[91.38,-66.6],[91.96,-66.5],[92.76,-66.63],[92.97,-66.57],[93.62,-66.58],[93.75,-66.74],[94,-66.73],[94.55,-66.54],[94.92,-66.48],[95.32,-66.56],[95.64,-66.68],[96.41,-66.58],[96.61,-66.61],[96.97,-66.51],[97.24,-66.51],[97.47,-66.63],[98.25,-66.45],[98.53,-66.45],[98.62,-66.61],[98.91,-66.78],[99.92,-66.5],[100.47,-66.4],[100.82,-66.38],[101.33,-66.08],[101.34,-65.94],[102.34,-65.95],[102.71,-65.86],[103.31,-65.93],[103.56,-66],[103.91,-65.98],[106.77,-66.46],[107.12,-66.46],[108.14,-66.62],[108.3,-66.76],[108.58,-66.81],[108.83,-66.97],[109.15,-66.89],[109.39,-66.93],[109.85,-66.85],[110.45,-66.66],[110.72,-66.41],[110.49,-66.31],[110.93,-66.05],[111.62,-65.93],[111.85,-65.93],[113.2,-65.77],[113.31,-65.84],[113.78,-65.95],[114.41,-66.24],[114.32,-66.33],[114.67,-66.48],[115.11,-66.48],[115.6,-66.59],[115.78,-66.79],[115.6,-66.92],[115.16,-67.05],[114.77,-67.07],[114.03,-67.19],[113.87,-67.36],[114.03,-67.48],[114.67,-67.34],[115.21,-67.33],[115.34,-67.22],[115.97,-67.2],[116.5,-67.12],[117.59,-67.11],[118.37,-67.05],[118.67,-67.18],[119.33,-67.13],[120.35,-66.93],[120.34,-67.01],[118.73,-67.28],[119.02,-67.41],[120.5,-67.23],[120.92,-67.13],[121.52,-67.09],[121.85,-67.02],[122.24,-66.84],[123.15,-66.73],[123.52,-66.75],[123.73,-66.65],[124.26,-66.59],[124.62,-66.76],[125.15,-66.66],[125.41,-66.42],[125.9,-66.31],[126.12,-66.44],[126.85,-66.45],[126.72,-66.59],[126.97,-66.81],[127,-66.93],[127.43,-67.07],[127.84,-67.02],[128.52,-67.15],[128.76,-67.03],[129.2,-67.1],[129.43,-66.97],[129.58,-66.75],[129.53,-66.61],[129.72,-66.44],[130.1,-66.28],[130.34,-66.3],[130.73,-66.15],[131.76,-66.24],[132.48,-66.15],[132.83,-66.19],[133.12,-66.1],[133.79,-66.11],[134.26,-66.28],[134.42,-66.5],[134.74,-66.37],[135.18,-66.33],[135.34,-66.1],[135.65,-66.28],[136.16,-66.25],[136.64,-66.46],[136.94,-66.33],[137.73,-66.37],[138.02,-66.49],[138.73,-66.57],[139.25,-66.57],[140.08,-66.73],[141,-66.77],[141.26,-66.86],[141.58,-66.78],[141.98,-66.8],[142.48,-67.03],[142.82,-67.02],[143.47,-66.85],[143.88,-66.94],[143.86,-67.09],[144.51,-67.02],[144.66,-67.12],[144.19,-67.58],[143.91,-67.76],[143.88,-67.93],[144.94,-67.72],[145.24,-67.53],[146.05,-67.59],[146.11,-67.75],[146.39,-67.92],[146.8,-68],[147.07,-68.12],[146.72,-68.3],[147.26,-68.41],[147.63,-68.36],[148.44,-68.47],[149.39,-68.38],[150.38,-68.44],[150.85,-68.35],[151.09,-68.41],[150.97,-68.72],[151.57,-68.92],[151.61,-68.7],[152.4,-68.7],[153.25,-68.88],[153.41,-68.77],[153.84,-68.76],[153.7,-68.55],[153.84,-68.27],[154.72,-68.53],[155.01,-68.9],[155.31,-68.89],[155.89,-68.98],[156.35,-69.2],[157.14,-69.16],[157.37,-69.35],[157.63,-69.2],[157.99,-69.17],[158.45,-69.33],[158.79,-69.31],[159.04,-69.49],[159.28,-69.43],[159.75,-69.5],[160.33,-69.8],[159.76,-69.89],[160.64,-70.05],[161.19,-70.41],[161.42,-70.9],[161.99,-70.92],[162.43,-71.03],[162.08,-70.68],[162,-70.46],[162.09,-70.31],[162.6,-70.27],[162.92,-70.5],[163.42,-70.65],[164.2,-70.64],[164.24,-70.49],[164.88,-70.57],[165.31,-70.56],[165.93,-70.68],[166.37,-70.58],[166.72,-70.62],[166.47,-70.77],[167.42,-70.76],[167.83,-70.86],[167.88,-71.01],[168.1,-71.11],[168.5,-71.16],[168.76,-71.28],[169.79,-71.52],[170.08,-71.66],[170.36,-71.54],[170.81,-71.7],[170.95,-71.86],[170.77,-71.95],[170.26,-71.95],[170.02,-72.17],[169.78,-72.24],[170.28,-72.33],[170.34,-72.44],[170.26,-72.6],[169.13,-72.49],[168.71,-72.36],[168.32,-72.37],[168.87,-72.58],[169.93,-72.74],[169.22,-73.13],[168.75,-73.08],[168.33,-73.17],[167.17,-73.15],[166.87,-73.22],[167.36,-73.39],[167.03,-73.57],[165.87,-73.57],[166.29,-73.73],[165.26,-73.89],[165.23,-73.59],[164.91,-73.66],[164.59,-73.93],[165.29,-74.47],[165.24,-74.55],[164.59,-74.57],[164.32,-74.5],[163.79,-74.62],[163.47,-74.34],[163.01,-74.7],[162.59,-74.75],[162.54,-74.95],[162.79,-74.99],[162.54,-75.24],[161.78,-75.19],[161.09,-75.38],[162.19,-75.39],[162.2,-75.64],[162.9,-75.82],[162.74,-76.07],[162.12,-76.17],[162.77,-76.24],[162.88,-76.44],[162.42,-76.64],[162.93,-76.71],[162.47,-77.02],[163.07,-77.02],[163.72,-77.4],[163.91,-77.7],[164.5,-77.85],[164.53,-77.99],[164.21,-78.23],[164.53,-78.32],[165.69,-78.26],[165.79,-78.42],[167.22,-78.6],[166.55,-78.71],[166.09,-78.57],[164.41,-78.6],[163.85,-78.74],[163.04,-78.74],[162.91,-78.88],[162.13,-78.76],[161.76,-78.84],[162.07,-79.07],[161.13,-79.05],[160.39,-79.17],[160.71,-79.42],[159.88,-79.66],[160.76,-79.65],[160.33,-79.86],[160.85,-79.96],[158.78,-80.26],[158.21,-80.41],[158.59,-80.48],[160.75,-80.38],[160.61,-80.55],[161.2,-80.65],[161.01,-80.76],[160.16,-80.78],[160.91,-80.99],[160.92,-81.27],[161.45,-81.42],[161.01,-81.55],[162.48,-81.69],[162.39,-81.8],[163.84,-82.23],[160.64,-82.42],[160.86,-82.5],[163.32,-82.48],[164.67,-82.34],[166.11,-82.65],[167.31,-82.82],[167.42,-83.03],[168.59,-83],[168.76,-83.19],[167.75,-83.26],[168.66,-83.4],[169.38,-83.34],[171.19,-83.45],[171.33,-83.56],[172.82,-83.67],[173.96,-83.88],[174.97,-83.83],[175.68,-83.96],[177.54,-84.06],[179.35,-84.2],[180,-84.35],[180,-84.02],[180,-83.52],[180,-83.02],[180,-82.52],[180,-82.02],[180,-81.52],[180,-81.02],[180,-80.53],[180,-80.03],[180,-79.53],[180,-79.03],[180,-78.53],[180,-78.03],[180,-77.87],[176.23,-77.7],[176.05,-77.64],[171.6,-77.5],[171.29,-77.1],[170.44,-77.1],[170.01,-77.48],[169.2,-77.39],[168.18,-77.33],[167.37,-77.35],[167.09,-77.17],[166.31,-77.22],[166.45,-77.36],[166.13,-77.55],[166.66,-77.75],[166.48,-77.89],[165.84,-77.82],[164.67,-77.87],[164.57,-77.73],[164.69,-77.42],[163.97,-77.51],[163.47,-77.18],[163.33,-76.99],[162.81,-76.96],[163.18,-76.63],[163.51,-76.61],[163.64,-76.36],[163.09,-76.24],[162.97,-75.64],[163.09,-75.51],[165.67,-75.62],[165.77,-75.52],[165.27,-75.33],[163.88,-75.28],[163.56,-75.23],[163.83,-74.97],[164.29,-74.75],[164.91,-74.64],[165.41,-74.68],[165.62,-74.45],[165.23,-74.22],[165.65,-74.06],[166.3,-74.12],[166.26,-73.82],[167.08,-73.71],[167.47,-73.74],[168.01,-73.55],[168.3,-73.6],[169.13,-73.47],[169.35,-73.19],[169.64,-73.12],[170.02,-72.79],[170.35,-72.59],[170.43,-72.37],[170.35,-72.29],[170.08,-72.29],[170.24,-72.05],[170.62,-72.05],[171.05,-71.85],[170.74,-71.6],[170.74,-71.45],[170.14,-71.24],[170.1,-71.44],[169.61,-71.47],[168.73,-71.12],[168.3,-71.13],[168.03,-71],[167.68,-70.68],[167.29,-70.69],[166.44,-70.33],[165.48,-70.12],[164.89,-70.07],[163.91,-70.15],[163.97,-70.47],[163.54,-70.55],[163.21,-70.5],[162.94,-70.15],[163.63,-69.94],[163.28,-69.79],[162.56,-69.89],[162.53,-69.74],[162.2,-69.7],[161.97,-69.82],[162.15,-70.05],[162.1,-70.17],[161.02,-70.15],[160.71,-69.91],[160.82,-69.62],[160.39,-69.63],[160.34,-69.42],[159.92,-69.35],[159.33,-69.35],[158.69,-69.27],[158.02,-69.13],[157.18,-69.07],[156.99,-68.94],[157.14,-68.78],[157.69,-68.77],[158.09,-68.67],[158.14,-68.58],[157.92,-68.31],[157.61,-68.35],[156.85,-68.35],[156.63,-68.27],[155.89,-68.3],[155.75,-68.46],[156.35,-68.66],[156.23,-68.93],[155.55,-68.89],[154.68,-68.45],[154.61,-68.3],[154.35,-68.2],[154.13,-68.3],[153.81,-68.23],[152.87,-68.33],[151.99,-68.38],[151.85,-68.5],[151.19,-68.61],[151.09,-68.21],[150.63,-68.18],[150.51,-68.39],[149.84,-68.36],[149.18,-68.25],[148.95,-68.36],[148.3,-68.34],[148.21,-68.2],[147.93,-68.17],[147.49,-68.01],[147.84,-67.88],[147.83,-67.76],[147.03,-67.39],[146.37,-67.38],[146.39,-67.54],[146.02,-67.53],[145.85,-67.36],[146.1,-67.28],[146.18,-67.12],[146.63,-66.83],[146.21,-66.68],[145.99,-66.71],[144.95,-67.17],[144.78,-67.13],[144.64,-66.93],[143.91,-66.81],[143.72,-66.71],[143.27,-66.74],[142.89,-66.88],[142.26,-66.82],[142.36,-66.62],[141.99,-66.64],[141.62,-66.46],[140.95,-66.39],[140.72,-66.45],[140.96,-66.62],[140.51,-66.6],[140.17,-66.64],[139.72,-66.48],[139.25,-66.5],[138.42,-66.49],[137.55,-66.29],[136.77,-66.25],[136.42,-66.29],[136.22,-66.22],[136.57,-66.04],[136.7,-65.81],[136.62,-65.55],[135.48,-65.55],[135.64,-65.71],[135.59,-65.85],[135.89,-65.96],[135.95,-66.14],[135.59,-66.16],[135.37,-66.05],[134.85,-66.01],[134.89,-65.87],[135.2,-65.61],[134.91,-65.44],[134.53,-65.42],[134.36,-65.32],[134.05,-65.37],[133.61,-65.54],[133.58,-65.68],[134.02,-65.73],[133.4,-65.97],[132.89,-66.05],[132.56,-65.93],[132.19,-65.86],[132.53,-65.65],[132.21,-65.54],[131.8,-65.5],[131.66,-65.61],[131.72,-65.82],[131.25,-65.96],[131.08,-66.07],[130.57,-66.11],[130.32,-66.08],[129.7,-66.4],[129.47,-66.61],[129.26,-66.9],[128.88,-66.98],[128.48,-66.99],[127.91,-66.89],[127.23,-66.5],[126.85,-66.38],[126.13,-66.21],[125.96,-66.08],[125.7,-66.21],[125.26,-66.17],[125.02,-66.39],[124.57,-66.38],[124.4,-66.47],[124.04,-66.5],[123.46,-66.69],[122.66,-66.72],[122.04,-66.54],[121.82,-66.42],[121.39,-66.45],[121.05,-66.57],[120.28,-66.66],[120.08,-66.55],[119.8,-66.68],[119.5,-66.64],[119.22,-66.92],[118.49,-66.88],[118.23,-66.93],[117.75,-66.76],[117.27,-66.71],[116.81,-66.6],[116.69,-66.4],[116.31,-66.4],[115.78,-66.26],[115.06,-66.4],[114.69,-66.38],[114.57,-66.19],[114.01,-66],[113.83,-65.81],[113.18,-65.66],[112.94,-65.67],[112.39,-65.47],[112.29,-65.85],[111.56,-65.87],[111.31,-65.95],[110.82,-65.96],[110.51,-65.72],[110.18,-65.69],[110.17,-65.93],[109.94,-66.01],[110.23,-66.27],[110.04,-66.46],[109.78,-66.47],[109.28,-66.77],[108.65,-66.76],[108.42,-66.56],[105.99,-66.27],[105.3,-66.04],[104.96,-66.06],[104.41,-65.99],[104.05,-65.87],[104.05,-65.53],[104.73,-65.45],[104.73,-65.28],[105.56,-65.49],[106.01,-65.46],[105.74,-65.15],[105.39,-65.03],[104.6,-65.04],[104.14,-64.96],[103.72,-65.02],[103.4,-65.22],[103.22,-65.09],[102.85,-65.06],[102.76,-64.85],[102.32,-64.75],[101.88,-64.76],[101.59,-64.67],[101.41,-64.46],[100.88,-64.26],[100.49,-64.24],[99.98,-64.29],[99.99,-64.45],[100.3,-64.55],[100.35,-64.76],[100.56,-64.93],[101.17,-65.13],[101.66,-65.01],[102.61,-65.13],[102.72,-65.28],[103.04,-65.4],[102.88,-65.73],[102.7,-65.77],[102.32,-65.63],[101.58,-65.59],[101.62,-65.39],[101.06,-65.36],[100.71,-65.25],[100.49,-65.37],[100.16,-65.42],[99.97,-65.29],[99.73,-65.39],[99.54,-65.76],[99.16,-65.64],[98.54,-65.65],[98.19,-65.5],[98.15,-65.3],[97.89,-65.28],[97.78,-65.41],[97.09,-65.05],[96.86,-64.86],[96.89,-64.67],[96.52,-64.5],[96.2,-64.46],[96.17,-64.6],[96.44,-64.69],[96.52,-64.93],[95.92,-64.92],[96.04,-64.62],[95.6,-64.54],[95.5,-64.66],[95.65,-64.76],[95.48,-65.25],[95.55,-65.4],[95.41,-65.53],[95.54,-65.66],[95.49,-65.86],[95.56,-66.17],[95.31,-66.24],[94.95,-66.22],[94.97,-66.42],[94.17,-66.54],[93.26,-66.5],[92.58,-66.57],[92.24,-66.47],[91.73,-66.45],[91.28,-66.51],[91.03,-66.3],[90.79,-66.34],[90.85,-66.53],[90.15,-66.71],[90,-66.63],[89.65,-66.58],[89.63,-66.74],[88.74,-66.71],[88.21,-66.55],[87.87,-66.54],[87.34,-66.43],[86.44,-66.31],[86.03,-66.3],[85.09,-66.51],[84.96,-66.63],[84.55,-66.57],[84.08,-66.67],[83.97,-66.78],[84.12,-66.9],[83.32,-67.15],[82.62,-67.25],[82.69,-66.78],[82.37,-66.42],[82.04,-66.33],[81.57,-66.4],[81.28,-66.52],[81.22,-67],[81.46,-67.24],[81.42,-67.43],[81.13,-67.79],[80.24,-67.87],[79.73,-67.99],[78.17,-68.25],[78.46,-68.34],[78.1,-68.51],[77.65,-68.62],[77.79,-68.83],[77.45,-69.04],[77.19,-69.04],[76.47,-69.33],[75.96,-69.38],[75.36,-69.53],[75.11,-69.31],[74.84,-69.38],[74.79,-69.6],[74.21,-69.52],[74.27,-69.35],[73.49,-68.88],[72.7,-68.63],[71.89,-68.59],[71.36,-68.61],[71.06,-68.7],[70.37,-68.71],[70.24,-68.51],[69.66,-68.58],[69.62,-68.74],[69.28,-68.83],[69.66,-68.98],[69.3,-69.05],[69.73,-69.17],[69.71,-69.33],[68.97,-69.31],[68.74,-69.39],[69.05,-69.56],[69.36,-69.62],[69.16,-69.88],[68.61,-70.03],[68.27,-69.83],[67.61,-70.01],[67.47,-70.21],[68.08,-70.45],[68.75,-70.33],[69.25,-70.41],[69.21,-70.67],[69.01,-70.94],[68.67,-71.2],[68.34,-71.26],[67.83,-71.54],[67.88,-71.67],[67.45,-71.9],[67,-72.9],[66.35,-73.13],[66.39,-73.2],[67.34,-73.3],[67.96,-73.15],[68.12,-72.95],[67.92,-72.71],[68.49,-72.47],[69.04,-72.42],[69.52,-72.43],[69.95,-72.08],[70.53,-72.05],[70.69,-71.83],[71.12,-71.73],[71.2,-71.34],[71.54,-70.96],[71.85,-70.84],[71.8,-70.72],[72.19,-70.65],[72.87,-70.43],[72.63,-70.19],[72.77,-70.07],[73.23,-69.98],[73.47,-69.78],[74.22,-69.73],[74.27,-69.91],[75.22,-69.87],[75.44,-69.94],[75.88,-69.78],[75.82,-69.53],[76.22,-69.42],[76.83,-69.35],[77,-69.21],[77.84,-69.13],[77.99,-68.82],[78.67,-68.7],[78.46,-68.5],[78.75,-68.26],[79.13,-68.15],[80.74,-67.88],[80.88,-67.89],[82.06,-67.67],[82.36,-67.7],[82.59,-67.6],[83.22,-67.58],[83.72,-67.31],[84.25,-67.22],[84.41,-67.12],[84.96,-67.08],[85.17,-67.16],[85.62,-67.19],[86.07,-67.04],[86.7,-67.06],[87.11,-66.93],[87.97,-66.77],[88.23,-66.85],[88.74,-66.78],[89.65,-66.84],[90,-66.78]],[[85.66,-66.74],[85.94,-66.89],[85.79,-66.97],[85.37,-66.88],[85.66,-66.74]],[[72.2,-70.61],[71.83,-70.62],[71.67,-70.52],[71.89,-70.41],[72.2,-70.61]],[[100.57,-65.4],[101.13,-65.41],[101.23,-65.57],[100.97,-65.68],[100.3,-65.66],[100.39,-65.48],[100.57,-65.4]],[[96.92,-66.05],[96.91,-66.21],[96.41,-66.23],[96.42,-66.07],[96.92,-66.05]],[[169.27,-77.45],[169.32,-77.54],[168.4,-77.7],[166.39,-77.61],[166.65,-77.36],[167.07,-77.32],[167.57,-77.41],[168.22,-77.37],[169.27,-77.45]]],[[[90,-66.49],[90.17,-66.57],[90.36,-66.5],[90,-66.19],[89.73,-66.2],[89.57,-66.08],[89.26,-66.2],[89.19,-66.43],[89.32,-66.59],[89.65,-66.47],[90,-66.49]]],[[[73.25,-53.11],[73.19,-53.26],[73.61,-53.27],[73.86,-53.14],[74,-52.99],[73.8,-52.92],[73.77,-52.78],[73.57,-52.77],[73.42,-52.89],[73.24,-52.85],[73.13,-53.04],[73.25,-53.11]],[[73.74,-53.11],[73.47,-53.19],[73.33,-53.03],[73.56,-53.02],[73.74,-53.11]]],[[[44.39,-52.9],[44.56,-52.62],[44.38,-52.6],[44.1,-52.86],[44.39,-52.9]]],[[[74.13,-52.62],[74.33,-52.5],[74.1,-52.3],[74.01,-52.35],[74.13,-52.62]]],[[[71.98,-52.33],[71.68,-52.43],[71.72,-52.52],[71.98,-52.52],[72.13,-52.41],[71.98,-52.33]]],[[[74.6,-52.58],[74.31,-52.72],[74.13,-52.73],[74.08,-52.89],[74.36,-52.91],[74.38,-52.72],[74.68,-52.67],[74.6,-52.58]]],[[[76.33,-51.78],[76.3,-51.64],[76.11,-51.57],[75.94,-51.31],[75.75,-51.28],[75.81,-51.55],[76.01,-51.71],[76.33,-51.78]]],[[[71.04,-51.38],[70.9,-51.24],[70.44,-51.03],[70.26,-51.03],[70.44,-51.34],[70.66,-51.35],[70.89,-51.45],[71.04,-51.38]]],[[[71.81,-51.36],[71.98,-51.36],[72.03,-51.2],[71.8,-51.08],[71.63,-51.15],[71.81,-51.36]]],[[[68.79,-47.59],[68.74,-47.79],[68.92,-47.93],[69.01,-48.13],[68.68,-48.23],[68.45,-48.16],[68.32,-48.23],[68.29,-48.42],[68.19,-48.55],[68.28,-48.68],[68.15,-48.81],[67.74,-48.85],[67.57,-48.57],[67.65,-48.33],[67.56,-48.3],[67.18,-48.72],[67.13,-48.85],[67.25,-49.2],[67.48,-49.23],[67.48,-49.37],[67.34,-49.42],[67.47,-49.63],[67.81,-49.7],[67.57,-49.18],[67.6,-49.01],[67.73,-48.98],[67.96,-49.07],[68.18,-49.07],[68.29,-49.22],[68.18,-49.33],[68.16,-49.61],[67.97,-49.77],[67.93,-49.94],[68.19,-50.06],[68.58,-50.01],[68.75,-50.15],[69.03,-50.07],[69.32,-50.05],[69.5,-50.19],[69.63,-50.09],[69.85,-50.15],[70.13,-50.11],[70.23,-49.97],[70.46,-49.86],[70.69,-49.89],[70.82,-49.69],[71.04,-49.71],[70.98,-49.53],[71.12,-49.37],[70.85,-49.31],[70.91,-49.05],[70.79,-48.75],[70.81,-48.56],[70.96,-48.46],[71.03,-48.22],[71.45,-48.02],[71.55,-47.91],[71.36,-47.78],[71.18,-47.98],[71.08,-47.94],[71.19,-47.69],[71.1,-47.59],[71.19,-47.42],[70.93,-47.29],[70.71,-47.68],[70.51,-47.8],[70.26,-47.8],[70.3,-47.94],[70.69,-47.94],[70.77,-48.02],[70.74,-48.25],[70.54,-48.2],[70.34,-48.24],[70.17,-48.07],[69.82,-47.96],[69.56,-47.75],[69.11,-47.78],[68.99,-47.83],[68.79,-47.59]],[[70.55,-49.18],[70.46,-49.36],[70.14,-49.34],[69.81,-49.53],[70.07,-49.57],[70.12,-49.71],[69.47,-49.63],[69.37,-49.57],[69.11,-49.6],[69.07,-49.69],[68.83,-49.72],[68.78,-49.59],[68.9,-49.43],[68.79,-49.25],[68.76,-49.05],[68.88,-48.94],[68.96,-48.67],[69.12,-48.73],[69.08,-48.97],[69.21,-49.12],[69.44,-49.01],[69.5,-49.24],[69.71,-49.31],[69.85,-49.21],[70.27,-49.08],[70.52,-49.1],[70.55,-49.18]],[[69.78,-48.15],[69.52,-48.31],[69.26,-48.22],[69.47,-48.03],[69.68,-48.01],[69.78,-48.15]]],[[[68.2,-47.58],[68.53,-47.27],[68.2,-47.25],[68.03,-47.29],[68.02,-47.44],[67.83,-47.62],[68.2,-47.58]]],[[[67,-47.33],[66.73,-47.25],[66.7,-47.35],[66.91,-47.49],[67,-47.33]]],[[[69.56,-47.35],[69.77,-47.4],[70.03,-47.38],[69.97,-47.27],[69.63,-47.19],[69.56,-47.35]]],[[[65.16,-50.05],[65.32,-50.01],[65.22,-49.83],[64.81,-49.79],[64.79,-49.98],[65.16,-50.05]]],[[[37.84,-46.82],[37.7,-46.79],[37.55,-46.9],[37.63,-47],[37.88,-46.98],[37.84,-46.82]]],[[[37.97,-46.82],[38.12,-46.68],[37.85,-46.59],[37.97,-46.82]]],[[[39.64,-46.62],[39.94,-46.53],[39.8,-46.39],[39.56,-46.44],[39.64,-46.62]]],[[[42.7,-46.61],[42.92,-46.28],[42.83,-46.19],[42.46,-46.17],[42.73,-46.49],[42.7,-46.61]]],[[[49.55,-46.59],[49.75,-46.56],[49.88,-46.3],[49.89,-46.13],[49.72,-45.97],[49.43,-45.97],[49.23,-46.27],[49.31,-46.49],[49.55,-46.59]]],[[[49.95,-46],[50.28,-46.23],[50.21,-46.34],[50.25,-46.53],[50.49,-46.49],[50.37,-46.14],[50.54,-46.1],[50.94,-46.14],[51.01,-46.09],[50.91,-45.88],[50.97,-45.71],[50.84,-45.57],[50.71,-45.56],[50.5,-45.69],[50.43,-45.85],[50.27,-45.9],[50.06,-45.77],[50.29,-45.65],[50.14,-45.48],[49.89,-45.56],[49.81,-45.65],[49.89,-45.77],[49.79,-45.86],[49.95,-46]]],[[[51.53,-46.65],[51.28,-46.66],[51.25,-46.79],[51.82,-46.77],[51.73,-46.63],[51.53,-46.65]]],[[[88.51,-65.81],[88.77,-66.07],[89.18,-66],[88.51,-65.81]]],[[[80.98,-66.21],[81.03,-66.06],[80.67,-66.08],[80.69,-66.34],[80.99,-66.36],[80.98,-66.21]]],[[[86.8,-66.15],[87.29,-66.11],[87.58,-66.14],[87.74,-65.99],[86.81,-65.97],[86.8,-66.15]]],[[[53.33,-65.61],[53.07,-65.56],[52.76,-65.71],[53.26,-65.73],[53.33,-65.61]]],[[[48.68,-66.67],[48.01,-66.71],[48.3,-66.86],[48.76,-66.81],[48.68,-66.67]]],[[[42.08,-68.03],[42.16,-67.78],[41.87,-67.82],[42.08,-68.03]]],[[[35.62,-68.38],[35.15,-68.54],[35.43,-68.66],[35.9,-68.6],[36,-68.46],[35.62,-68.38]]],[[[78.71,-66.67],[78.46,-66.75],[78.79,-66.89],[78.98,-66.72],[78.71,-66.67]]],[[[78.08,-66.98],[77.72,-66.86],[77.56,-67.02],[77.89,-67.19],[78.08,-66.98]]],[[[62.86,-67.02],[62.07,-67.1],[61.92,-67.28],[62.71,-67.35],[62.91,-67.1],[62.86,-67.02]]],[[[76.18,-67.24],[75.74,-67.29],[75.49,-67.61],[75.8,-67.59],[76.19,-67.47],[76.37,-67.31],[76.18,-67.24]]],[[[77.77,-67.53],[77.73,-67.71],[78.03,-67.79],[78.54,-67.67],[78.62,-67.48],[77.91,-67.48],[77.77,-67.53]]],[[[172.42,-34.05],[172.26,-34.17],[172.04,-34.11],[171.94,-34.23],[172.11,-34.34],[172.23,-34.52],[172.23,-34.68],[172.45,-34.94],[172.49,-35.05],[172.93,-35.37],[173.13,-35.62],[173.3,-35.68],[173.34,-35.92],[173.48,-35.92],[173.57,-36.04],[173.93,-36.69],[173.99,-36.99],[174.08,-37.1],[174.18,-37.47],[174.05,-37.96],[173.84,-38.15],[173.6,-38.3],[173.48,-38.29],[173.26,-38.44],[172.93,-38.47],[172.75,-38.6],[172.52,-38.9],[172.52,-39.07],[172.37,-39.21],[172.35,-39.45],[172.58,-39.67],[172.54,-39.91],[172.4,-40.01],[172.38,-40.14],[171.88,-40.48],[171.59,-40.8],[171.28,-41.01],[171.07,-41.22],[170.98,-41.41],[171.03,-41.53],[170.79,-41.77],[170.81,-41.95],[170.75,-42.1],[170.91,-42.16],[170.79,-42.38],[170.77,-42.56],[170.3,-42.6],[170.09,-42.75],[170.07,-42.93],[169.93,-43.12],[169.82,-43.13],[169.69,-43.33],[169.29,-43.46],[169.22,-43.64],[168.9,-43.76],[168.66,-43.75],[168.59,-43.93],[168.35,-43.94],[168.02,-44.21],[167.85,-44.43],[167.5,-44.71],[167.26,-44.85],[166.88,-45.19],[166.74,-45.4],[166.35,-45.81],[166.36,-46.06],[166.82,-46.5],[166.89,-46.63],[167.1,-46.54],[167.29,-46.87],[167.25,-47.04],[167.12,-47.15],[167.07,-47.36],[166.9,-47.52],[166.82,-47.68],[166.43,-47.85],[166.6,-47.93],[166.47,-48.16],[166.85,-48.38],[166.64,-48.55],[166.45,-48.47],[166.33,-48.54],[166.39,-48.7],[166.69,-48.9],[166.83,-48.85],[167.04,-48.97],[167.21,-48.86],[167.53,-48.74],[167.61,-48.61],[167.89,-48.43],[168.3,-48.24],[168.28,-48.11],[168.03,-47.97],[168.14,-47.85],[168.33,-47.83],[168.53,-47.9],[168.73,-47.87],[168.95,-47.57],[168.92,-47.39],[169.16,-47.38],[169.5,-47.12],[169.57,-47.01],[170.14,-46.67],[170.31,-46.48],[170.96,-46.1],[171.09,-45.83],[171.09,-45.64],[171.68,-45.16],[171.81,-45.02],[172.8,-44.52],[173.38,-44.27],[174,-43.82],[173.98,-43.53],[173.65,-43.2],[173.65,-42.95],[173.69,-42.67],[173.6,-42.6],[174.18,-42.18],[174.32,-42.16],[174.44,-41.99],[174.78,-41.87],[174.85,-41.7],[174.78,-41.55],[174.96,-41.46],[175.14,-41.65],[175.48,-41.62],[175.89,-41.41],[176.04,-41.37],[176.29,-41.2],[176.33,-41.09],[176.5,-40.97],[176.58,-40.73],[176.81,-40.6],[176.87,-40.35],[177.05,-40.23],[177.12,-40],[177.43,-39.74],[177.73,-39.67],[178.16,-39.45],[178.2,-39.3],[178.04,-39.18],[178.15,-39.1],[178.24,-38.91],[178.49,-38.66],[178.65,-38.57],[178.78,-38.23],[178.69,-38.06],[178.76,-37.84],[179.02,-37.64],[178.9,-37.43],[178.71,-37.53],[178.4,-37.52],[178.17,-37.44],[177.8,-37.51],[177.64,-37.58],[177.42,-37.54],[177.25,-37.67],[177,-37.46],[176.89,-37.64],[176.77,-37.64],[176.55,-37.51],[176.53,-37.39],[176.36,-37.24],[176.17,-37.15],[176.23,-36.79],[176.01,-36.4],[176.02,-36.17],[175.96,-36.06],[175.71,-35.95],[175.53,-35.76],[174.99,-35.59],[174.94,-35.42],[174.63,-35.18],[174.35,-35.01],[174.25,-35.01],[173.84,-34.75],[173.68,-34.74],[173.44,-34.63],[173.31,-34.48],[172.74,-34.03],[172.42,-34.05]],[[176.95,-39.68],[177.04,-39.75],[176.84,-40.18],[176.7,-40.29],[176.35,-40.7],[176.22,-40.93],[175.97,-41.25],[175.33,-41.61],[175.22,-41.61],[175.18,-41.42],[174.87,-41.42],[174.61,-41.29],[174.94,-40.97],[175.14,-40.67],[175.24,-40.3],[175.15,-40.09],[174.97,-39.92],[174.57,-39.83],[174.32,-39.61],[173.99,-39.54],[173.78,-39.39],[173.78,-39.21],[173.85,-39.13],[174.21,-38.97],[174.37,-38.98],[174.58,-38.84],[174.71,-38.12],[174.85,-37.76],[174.69,-37.33],[174.7,-37.18],[174.88,-37.08],[174.83,-36.94],[174.49,-37.01],[174.36,-36.63],[174.47,-36.58],[174.44,-36.41],[174.29,-36.32],[174.08,-36.4],[173.86,-36.07],[173.1,-35.22],[173.2,-35.06],[173.14,-34.93],[172.8,-34.55],[173.05,-34.6],[173.12,-34.81],[173.48,-34.99],[173.66,-34.97],[173.89,-35.01],[174.14,-35.32],[174.33,-35.29],[174.57,-35.59],[174.52,-35.72],[174.58,-35.85],[174.5,-35.99],[174.76,-36.24],[174.72,-36.59],[174.82,-36.82],[175.24,-36.94],[175.33,-37.02],[175.37,-37.21],[175.6,-37.21],[175.53,-36.96],[175.5,-36.65],[175.79,-36.78],[175.88,-36.93],[176,-37.63],[176.23,-37.67],[176.52,-37.76],[176.72,-37.88],[176.95,-37.93],[177.15,-38.02],[177.44,-37.98],[177.56,-37.91],[177.74,-37.68],[178.03,-37.55],[178.28,-37.56],[178.56,-37.72],[178.35,-38],[178.29,-38.54],[177.96,-38.76],[177.88,-39.09],[178,-39.13],[177.87,-39.29],[177.76,-39.08],[177.39,-39.08],[177.06,-39.2],[176.94,-39.35],[176.95,-39.68]],[[172.5,-43.27],[172.76,-43.29],[172.72,-43.42],[172.8,-43.61],[173.05,-43.65],[173.11,-43.83],[172.88,-43.9],[172.5,-43.72],[171.87,-44.06],[171.55,-44.16],[171.33,-44.3],[171.2,-44.57],[171.2,-44.91],[170.98,-45.15],[170.91,-45.4],[170.7,-45.68],[170.79,-45.86],[170.33,-45.98],[170.23,-46.15],[169.86,-46.38],[169.85,-46.47],[169.64,-46.58],[169.04,-46.68],[168.84,-46.56],[168.59,-46.61],[168.37,-46.54],[168.22,-46.35],[167.85,-46.4],[167.7,-46.19],[167.46,-46.15],[167.41,-46.25],[166.76,-46.22],[166.47,-45.98],[166.49,-45.81],[166.8,-45.72],[166.7,-45.54],[166.88,-45.28],[167.2,-44.95],[167.42,-44.84],[168.34,-44.12],[168.41,-44.03],[168.65,-43.96],[168.86,-43.97],[169.19,-43.76],[169.73,-43.57],[169.9,-43.39],[170.29,-43.11],[170.71,-42.95],[171.12,-42.59],[171.3,-42.29],[171.33,-42.15],[171.49,-41.83],[171.9,-41.61],[172.07,-41.41],[172.11,-41.25],[172.11,-40.89],[172.64,-40.51],[172.72,-40.55],[172.69,-40.73],[172.86,-40.84],[173.06,-40.89],[173.03,-41.15],[173.21,-41.3],[173.57,-41.07],[173.93,-41.05],[174.02,-40.97],[174.21,-41],[174.26,-41.12],[174.06,-41.42],[174.23,-41.72],[174.2,-41.88],[174,-42.03],[173.89,-42.24],[173.56,-42.49],[173.29,-42.95],[172.81,-43.17],[172.74,-43.27],[172.5,-43.27]],[[168.2,-47.05],[167.9,-47.19],[167.65,-47.21],[167.65,-47.05],[167.82,-46.9],[167.79,-46.7],[167.92,-46.68],[168.18,-46.86],[168.2,-47.05]],[[167.33,-47.75],[167.29,-47.88],[167.02,-47.9],[166.83,-48.02],[166.79,-47.81],[166.89,-47.76],[167.33,-47.75]],[[167.48,-47.95],[167.62,-48.25],[167.5,-48.3],[167.26,-48.11],[167.18,-47.99],[167.48,-47.95]]],[[[175.45,-43.05],[175.11,-43.05],[174.94,-43.28],[175.1,-43.55],[175.46,-43.57],[175.67,-43.38],[175.67,-43.14],[175.45,-43.05]]],[[[177.08,-43.36],[177.36,-43.41],[177.38,-43.33],[177.1,-43.24],[177.08,-43.36]]],[[[175.93,-44.36],[176.03,-44.39],[176.19,-44.22],[175.95,-44.11],[175.88,-44.23],[175.93,-44.36]]],[[[179.41,-47.34],[179.22,-47.41],[179,-47.35],[178.91,-47.46],[178.91,-47.68],[178.81,-47.94],[178.93,-47.99],[179.54,-47.98],[179.35,-48.14],[179.37,-48.25],[179.72,-48.21],[179.83,-47.69],[179.63,-47.66],[179.41,-47.34]]],[[[166.19,-46.63],[166.11,-46.46],[166.26,-46.42],[166.28,-46.09],[166.04,-46.05],[165.92,-46.25],[165.99,-46.37],[165.86,-46.6],[166.03,-46.79],[166.19,-46.63]]],[[[171.6,-49.43],[171.88,-49.53],[172.09,-49.39],[172.11,-49.21],[171.84,-49.06],[171.58,-49.23],[171.6,-49.43]]],[[[166.09,-49.61],[166.08,-49.69],[166.2,-50.1],[166.18,-50.27],[165.87,-50.44],[165.73,-50.63],[165.8,-50.87],[166.34,-51.05],[166.55,-50.95],[166.75,-50.93],[166.88,-50.78],[167.37,-50.49],[167.58,-50.41],[167.6,-50.26],[167.79,-50.26],[167.85,-50.02],[167.65,-49.99],[167.41,-49.79],[167.15,-49.8],[166.94,-49.68],[166.66,-49.79],[166.29,-49.55],[166.09,-49.61]]],[[[165.52,-51.51],[165.69,-51.49],[165.85,-51.31],[165.6,-51.18],[165.39,-51.35],[165.52,-51.51]]],[[[169.88,-51.97],[169.64,-52.08],[169.4,-52.09],[169.24,-51.98],[168.88,-52.05],[168.85,-52.29],[168.7,-52.36],[168.66,-52.54],[168.75,-52.7],[169.11,-52.89],[169.3,-52.89],[169.46,-53.06],[169.7,-53.14],[170,-53.17],[170.18,-52.96],[170.07,-52.78],[170.07,-52.57],[169.99,-52.45],[170.24,-52.03],[170.2,-51.96],[169.88,-51.97]]],[[[171.44,-53],[171.74,-52.96],[172.01,-52.68],[171.96,-52.55],[171.68,-52.56],[171.47,-52.83],[171.44,-53]]],[[[158.8,-54.84],[158.9,-54.76],[159.05,-54.33],[158.82,-54.48],[158.8,-54.84]]],[[[162.32,-66.43],[163.23,-66.9],[163.42,-66.79],[163.18,-66.65],[162.82,-66.59],[162.33,-66.23],[162.14,-66.27],[162.32,-66.43]]],[[[164.61,-67.58],[164.87,-67.64],[165.08,-67.41],[164.81,-67.24],[164.51,-67.25],[164.41,-67.37],[164.61,-67.58]]],[[[154.99,-68.04],[154.89,-68.2],[155.36,-68.36],[155.59,-68.31],[155.58,-68.15],[154.99,-68.04]]],[[[169.43,-70.87],[169.04,-71.02],[169.18,-71.21],[169.73,-71.23],[169.72,-70.93],[169.43,-70.87]]],[[[163.99,-76.92],[163.62,-77.15],[164.12,-77.17],[163.99,-76.92]]],[[[140.09,-66.31],[140.57,-66.26],[140.43,-66.09],[139.73,-65.97],[139.86,-66.21],[140.09,-66.31]]],[[[140.37,-65.87],[140.42,-65.77],[139.95,-65.68],[140.07,-65.86],[140.37,-65.87]]],[[[137.3,-65.46],[137.08,-65.31],[136.7,-65.43],[137.3,-65.46]]],[[[116.21,-65.63],[116.62,-65.53],[116.89,-65.28],[116.82,-65.16],[116.26,-65.18],[116.04,-65.31],[115.66,-65.25],[114.55,-65.37],[114.21,-65.47],[114.92,-65.56],[115.09,-65.49],[115.73,-65.47],[115.95,-65.41],[116.21,-65.63]]],[[[126.78,-65.62],[126.51,-65.61],[126.09,-65.82],[126.77,-65.87],[126.78,-65.62]]],[[[124.34,-65.94],[123.93,-66.03],[123.5,-65.99],[123.45,-66.12],[124.33,-66.17],[124.34,-65.94]]],[[[120.04,-65.97],[119.69,-65.9],[119.61,-66.06],[120.01,-66.11],[120.04,-65.97]]],[[[124.83,-65.77],[125.24,-65.69],[124.82,-65.56],[124.59,-65.66],[124.83,-65.77]]],[[[131.29,-65.13],[132.15,-65.05],[132.03,-64.91],[130.93,-64.92],[130.72,-65.01],[130.21,-65.02],[130.12,-65.09],[131.29,-65.13]]],[[[98.33,-64.23],[98.14,-64.28],[98.29,-64.47],[98.52,-64.36],[98.33,-64.23]]],[[[97.75,-64.3],[97.66,-64.55],[97.97,-64.52],[97.75,-64.3]]],[[[91.52,-65.4],[91.78,-65.55],[92.05,-65.49],[91.91,-65.29],[91.52,-65.4]]],[[[93.16,-65.54],[93.2,-65.63],[92.52,-65.6],[92.2,-65.7],[92.37,-65.87],[93.13,-65.82],[93.42,-65.57],[93.16,-65.54]]],[[[43.03,0],[43.25,0.29],[43.73,0.72],[44.45,1.37],[44.53,1.4],[44.67,1.59],[44.93,1.71],[45.1,1.85],[45.46,1.97],[46.07,2.34],[46.32,2.61],[46.6,2.82],[46.97,3.2],[47.24,3.37],[47.61,3.7],[47.77,3.87],[48.1,4.16],[48.2,4.37],[48.19,4.5],[48.41,4.82],[48.54,4.92],[48.86,5.6],[49.01,5.72],[49.15,5.9],[49.2,6.13],[49.61,6.97],[50.13,7.84],[50.37,8.3],[50.47,8.63],[51.23,9.79],[51.39,9.81],[51.46,10.11],[51.61,10.3],[51.7,10.53],[51.59,10.73],[51.46,10.79],[51.32,11.03],[51.46,11.33],[51.65,11.48],[51.75,11.66],[51.63,11.83],[51.44,11.91],[51.27,11.91],[51,12.03],[50.85,12.06],[50.58,12.01],[50.44,11.78],[50.24,11.63],[50.08,11.64],[49.83,11.53],[49.61,11.52],[49,11.33],[48.68,11.4],[48.52,11.39],[48.15,11.21],[47.77,11.17],[47.66,11.23],[47.52,11.22],[47.28,11.3],[47.09,11.08],[46.72,10.84],[46.57,10.78],[46.11,10.83],[45.97,10.93],[45.67,10.9],[45.39,10.76],[45.13,10.56],[44.96,10.49],[44.67,10.54],[44.54,10.61],[44.35,10.6],[44.11,10.75],[43.9,11.02],[43.81,11.21],[43.87,11.37],[43.73,11.46],[43.69,11.62],[43.28,11.77],[42.94,11.63],[43.23,11.93],[43.49,12.04],[43.56,12.2],[43.51,12.54],[43.78,12.41],[44,12.41],[44.17,12.35],[44.44,12.37],[44.78,12.44],[45.15,12.63],[45.64,13.08],[45.79,13.31],[46,13.37],[46.2,13.26],[46.32,13.35],[46.48,13.26],[46.71,13.32],[46.85,13.47],[47.07,13.54],[47.26,13.44],[47.41,13.63],[47.77,13.85],[47.9,13.81],[48.15,13.88],[48.3,13.97],[48.58,13.89],[48.76,14.01],[49.02,14.28],[49.1,14.44],[49.36,14.61],[49.61,14.71],[49.97,14.81],[50.22,14.81],[50.66,15.03],[50.78,14.93],[50.9,15.08],[51.08,15.08],[51.35,15.18],[51.45,15.17],[51.59,15.05],[51.82,15.15],[51.97,15.15],[52.28,15.29],[52.31,15.5],[52.09,15.37],[52.04,15.49],[52.23,15.57],[52.29,15.73],[52.44,15.8],[52.33,16.09],[52.38,16.22],[52.54,16.4],[52.67,16.39],[52.75,16.49],[52.94,16.57],[53.31,16.61],[53.49,16.72],[53.81,16.71],[54.15,16.78],[54.35,16.97],[54.6,17],[54.82,16.92],[55.04,16.99],[55.22,17.1],[55.39,17.53],[55.62,17.45],[55.8,17.49],[56.05,17.45],[56.46,17.49],[56.27,17.66],[56.79,17.62],[56.91,17.67],[57.08,17.6],[57.21,17.72],[57.32,17.91],[57.44,18.25],[57.86,18.8],[57.97,18.86],[58.15,19.12],[58.29,19.53],[58.54,19.73],[58.66,20.05],[58.83,20.24],[58.97,20.25],[59.21,20.57],[59.35,20.7],[59.5,21.03],[59.51,21.21],[59.77,21.81],[59.76,22.07],[59.91,22.3],[59.89,22.52],[59.81,22.58],[59.5,22.66],[59.33,22.8],[59.26,22.96],[59.03,23.2],[58.97,23.38],[58.79,23.61],[58.68,23.64],[58.52,23.83],[58.35,23.91],[57.86,23.95],[57.63,24.03],[57.56,24.2],[57.39,24.13],[57.39,24.29],[57.22,24.41],[56.88,24.59],[56.65,24.96],[56.72,25.18],[57.2,25.64],[57.43,25.57],[57.6,25.46],[57.73,25.56],[57.89,25.58],[58.16,25.41],[58.05,25.32],[58.09,25.22],[58.33,25.33],[58.47,25.25],[58.85,25.31],[59.14,25.2],[59.41,25.18],[59.6,25.25],[59.89,25.26],[60.24,25.1],[60.5,25.07],[60.71,25.23],[60.79,25.08],[60.98,25.08],[61.18,24.91],[61.55,24.78],[61.87,24.85],[62.02,24.92],[62.13,24.87],[62.39,25.02],[63,24.92],[63.29,24.92],[63.4,24.96],[63.63,24.94],[63.8,24.82],[64.13,24.99],[64.31,24.94],[64.68,25.03],[64.88,25.04],[65.11,25.15],[65.3,25.11],[65.45,24.99],[65.64,24.92],[65.86,24.94],[66.01,24.89],[66.08,24.68],[65.91,24.53],[65.82,24.36],[65.94,24.24],[66.51,23.4],[66.76,23.12],[66.97,23.07],[67.04,22.73],[67.63,22.22],[67.76,22.14],[68.02,21.85],[68.07,21.45],[68.29,21.29],[68.5,21.27],[68.77,21.2],[69.23,20.95],[69.22,20.81],[69.32,20.65],[69.32,20.53],[69.41,20.36],[69.44,20.12],[69.51,19.95],[69.51,19.71],[69.65,19.47],[69.73,19.28],[70.04,19.01],[70.19,18.84],[70.35,18.82],[70.35,18.64],[70.66,18.17],[70.85,17.83],[71.31,17.5],[71.48,17.46],[71.58,17.35],[71.81,17.27],[72.13,16.78],[72.24,16.55],[72.37,16.47],[72.44,16.13],[72.68,15.96],[72.8,15.6],[72.9,15.42],[72.93,15.23],[73.42,14.01],[73.4,13.8],[73.47,13.5],[73.59,13.3],[73.84,13.04],[73.97,12.97],[74.13,12.75],[74.43,11.98],[74.48,11.78],[74.62,11.57],[74.93,11.26],[75.38,10.61],[75.46,10.45],[75.62,10.36],[75.66,10.25],[75.59,9.91],[75.67,9.63],[75.8,9.49],[75.89,9.25],[75.94,8.96],[76,8.86],[76.57,8.31],[76.71,8.05],[76.69,7.85],[76.81,7.47],[76.98,7.27],[77.07,7.28],[77.26,7.19],[77.5,7.28],[77.6,7.25],[77.77,7.35],[77.92,7.37],[77.94,7.53],[78.32,8.05],[78.39,8.41],[78.46,8.59],[78.64,8.8],[78.82,8.9],[79.2,8.99],[79.44,8.9],[79.69,8.45],[79.61,8.17],[79.64,8.04],[79.61,6.85],[79.72,6.61],[79.72,6.44],[79.82,6.28],[79.89,6],[80.11,5.83],[80.2,5.81],[80.52,5.86],[80.86,5.86],[81.07,5.89],[81.32,5.89],[81.74,6.23],[81.77,6.4],[81.95,6.56],[82.01,6.7],[81.99,7.37],[81.91,7.75],[81.78,7.9],[81.56,8.43],[81.49,8.54],[81.32,8.62],[81.22,8.9],[81.1,9.05],[81.01,9.34],[80.91,9.51],[80.89,9.8],[80.69,10.25],[80.55,10.46],[80.4,10.48],[80.24,10.76],[80.23,10.96],[80.02,11.36],[79.97,11.79],[80.13,11.93],[80.22,12.12],[80.48,12.29],[80.71,12.6],[80.62,12.94],[80.65,13.03],[80.57,13.31],[80.6,13.4],[80.5,13.66],[80.5,13.83],[80.43,14.14],[80.34,14.34],[80.41,14.54],[80.36,14.67],[80.44,15.03],[80.59,15.31],[80.86,15.58],[81.01,15.61],[81.39,15.87],[81.53,16.07],[81.8,16.16],[81.95,16.15],[82.18,16.28],[82.57,16.76],[82.76,16.83],[83.1,17.08],[83.26,17.12],[83.72,17.5],[84.13,17.93],[84.22,17.96],[84.58,18.32],[84.73,18.39],[84.75,18.53],[84.86,18.53],[85,18.64],[85.05,18.78],[85.23,18.96],[85.35,18.97],[85.4,19.16],[85.53,19.22],[85.61,19.35],[85.82,19.51],[86.05,19.54],[86.6,19.78],[86.93,20.05],[87.1,20.05],[87.42,20.19],[87.59,20.19],[87.74,20.28],[88.08,20.19],[88.25,20.23],[88.86,20.45],[89.06,20.66],[89.02,20.79],[89.17,20.98],[89.31,21.01],[89.19,20.69],[89.25,20.51],[89.42,20.3],[89.55,20.24],[90.1,20.19],[90.49,20.09],[90.77,20.12],[91.15,20.07],[91.22,20.09],[92.08,19.94],[92.27,19.68],[92.53,19.57],[92.7,19.55],[92.96,19.24],[93.07,19.03],[93.38,18.76],[93.54,18.36],[93.65,18.29],[93.82,18.11],[93.87,17.96],[94.16,17.62],[94.16,17.38],[94.23,17.17],[93.93,16.77],[94,16.56],[93.91,16.41],[93.89,16.23],[93.66,16.14],[93.66,15.92],[93.72,15.68],[93.65,15.54],[93.63,15.12],[93.39,14.78],[93.44,14.68],[93.84,14.47],[94.1,14.42],[94.21,14.23],[94.46,14.1],[95,14.13],[95.2,14.08],[95.36,13.97],[95.53,14.07],[95.56,13.92],[95.73,13.87],[95.87,13.9],[96.01,14.05],[96.12,13.95],[96,13.83],[96.32,13.66],[96.49,13.37],[96.56,13.01],[96.83,12.76],[96.99,12.52],[97,12.2],[97.08,12.03],[97.02,11.89],[97.1,11.7],[97.02,11.55],[97.21,11.48],[97.24,11.33],[97.19,11.22],[97.37,10.97],[97.33,10.82],[97.41,10.67],[97.33,10.46],[97.35,10.11],[97.3,9.89],[97.33,9.61],[97.24,9.28],[97.3,9.15],[97.43,9.09],[97.47,8.87],[97.45,8.56],[97.56,8.38],[97.56,8.13],[97.71,8.12],[97.85,7.93],[97.95,7.47],[98.14,7.23],[98.21,7.04],[98.25,6.76],[98.08,6.63],[98.03,6.46],[97.84,6.26],[97.7,6.18],[97.6,5.9],[97.49,5.74],[97.42,5.53],[97.14,5.31],[96.95,5.33],[96.61,5.26],[96.4,5.34],[96.15,5.37],[95.98,5.53],[95.48,5.69],[95.39,5.78],[95.34,5.93],[95.19,5.87],[95.3,5.73],[95.23,5.67],[94.99,5.9],[94.88,5.91],[94.86,5.74],[94.97,5.65],[95.02,5.33],[95.09,5.19],[95.14,4.93],[95.33,4.48],[95.63,4.14],[95.67,3.99],[95.9,3.79],[96.12,3.65],[96.46,3.51],[96.63,3.51],[96.9,3.42],[97.06,3.3],[97.04,3.17],[97.19,2.88],[97.33,2.79],[97.38,2.47],[97.33,2.39],[97.13,2.4],[96.97,2.31],[96.7,2.28],[96.61,2.45],[96.45,2.54],[96.34,2.72],[96.2,2.71],[95.99,2.88],[95.94,3],[95.76,3.01],[95.55,2.92],[95.46,3.01],[95.35,2.95],[95.56,2.8],[95.63,2.61],[96.01,2.46],[96.13,2.32],[96.47,2.29],[96.58,2.22],[96.65,2.02],[96.87,2.08],[96.99,1.95],[97.01,1.81],[97.42,1.85],[97.39,1.65],[97.23,1.52],[97.03,1.42],[97.06,1.21],[97.16,1.1],[97.2,0.93],[97.3,0.79],[97.58,0.73],[97.61,0.51],[97.78,0.3],[97.81,0.14],[97.96,0.22],[97.93,0.42],[98.06,0.72],[98.06,1.01],[97.96,1.15],[97.73,1.22],[97.57,1.41],[97.52,1.84],[97.64,1.93],[97.86,1.87],[98.26,1.18],[98.24,0.67],[98.25,0.44],[98.32,0.21],[98.13,-0.05],[98,-0.01],[97.78,-0.04],[97.8,-0.17],[98.24,-0.25],[98.26,-0.47],[98.19,-0.58],[98.3,-0.68],[98.6,-0.68],[98.6,-0.93],[98.45,-1.17],[98.74,-1.7],[98.98,-1.9],[99.23,-1.91],[99.46,-2.15],[99.55,-2.33],[99.85,-2.56],[99.93,-2.84],[100.1,-2.96],[100.13,-3.12],[100.61,-3.62],[100.7,-3.77],[100.85,-3.84],[100.89,-4.03],[101.13,-4.33],[101.17,-4.43],[101.33,-4.53],[101.46,-4.5],[101.24,-4.1],[101.12,-3.93],[100.95,-3.83],[100.93,-3.69],[100.42,-2.9],[100.09,-2.47],[99.94,-2.41],[99.81,-2.24],[99.72,-2.04],[99.5,-1.84],[99.1,-1.24],[99.03,-1],[98.91,-0.84],[98.72,-0.48],[99.15,-0.36],[99.64,-0.55],[99.87,-0.74],[99.95,-0.89],[100.16,-0.94],[100.17,-1.09],[100.35,-1.37],[100.35,-1.48],[100.61,-2.06],[101.24,-2.92],[101.24,-3.07],[101.77,-3.76],[102.03,-3.86],[102.05,-4.07],[102.22,-4.34],[102.41,-4.55],[102.73,-4.65],[102.87,-4.63],[103.18,-4.72],[103.29,-4.9],[103.49,-4.99],[103.66,-5.11],[104.09,-5.54],[104.17,-5.59],[104.41,-5.92],[104.59,-6.25],[104.55,-6.42],[104.72,-6.38],[104.8,-6.26],[104.75,-5.94],[105.01,-5.78],[105.25,-5.96],[105.25,-6.33],[105.23,-6.42],[105.09,-6.55],[105.09,-6.64],[105.27,-6.88],[105.34,-7.04],[105.6,-7.07],[105.95,-6.95],[106.19,-7.04],[106.38,-7.06],[106.35,-7.24],[106.39,-7.4],[106.49,-7.41],[106.49,-7.56],[106.87,-7.57],[107.03,-7.48],[107.44,-7.55],[107.75,-7.69],[107.9,-7.87],[108.08,-7.91],[108.26,-8.01],[108.78,-8.16],[108.92,-8.08],[109.04,-8.18],[109.23,-8.16],[109.35,-8.08],[109.71,-8.01],[109.93,-8.11],[110.09,-8.09],[110.25,-8.19],[110.52,-8.26],[110.68,-8.44],[110.91,-8.34],[111.67,-8.47],[111.84,-8.38],[112.03,-8.45],[112.78,-8.55],[113.09,-8.35],[113.24,-8.58],[113.31,-8.61],[113.49,-8.52],[113.82,-8.66],[114.12,-8.66],[114.29,-8.81],[114.46,-8.8],[114.7,-8.88],[114.74,-8.8],[114.65,-8.65],[114.66,-8.49],[114.76,-8.47],[114.81,-8.66],[114.96,-8.74],[115.04,-8.92],[115.15,-8.93],[115.4,-8.83],[115.57,-8.85],[115.68,-8.74],[115.53,-8.64],[115.74,-8.36],[115.52,-8.15],[115.23,-8.03],[115.09,-8.05],[114.95,-8.14],[114.58,-8.08],[114.51,-7.89],[114.55,-7.64],[114.85,-7.42],[114.99,-7.41],[115.3,-7.19],[115.63,-7.15],[115.81,-7.24],[116.12,-7.18],[116.31,-7],[116.29,-6.84],[116.41,-6.64],[116.39,-6.49],[116.5,-6.23],[116.82,-5.63],[117.03,-5.23],[117.13,-5.13],[117.23,-4.88],[117.2,-4.6],[117.41,-4],[117.65,-3.78],[117.78,-3.59],[117.94,-3.47],[118.09,-3.47],[118.33,-3.31],[118.42,-3.12],[118.4,-2.97],[118.23,-2.69],[118.11,-2.63],[117.97,-2.47],[117.65,-2.18],[117.53,-2.23],[117.32,-2.06],[117.35,-1.68],[117.42,-1.53],[117.52,-1.46],[117.82,-1.1],[117.87,-0.86],[117.94,-0.76],[117.99,-0.47],[117.92,-0.16],[117.8,0],[119,0],[119.55,0],[119.75,-0.3],[119.73,-0.54],[119.45,-0.86],[119.43,-1.02],[119.29,-1.17],[119.21,-1.43],[119.26,-1.75],[119.25,-1.93],[119.05,-2.26],[119,-2.49],[118.9,-2.61],[118.81,-2.59],[118.73,-2.78],[118.78,-2.89],[118.78,-3.03],[118.74,-3.08],[118.78,-3.18],[118.88,-3.59],[119.02,-3.61],[119.34,-3.5],[119.44,-3.58],[119.42,-3.84],[119.53,-4.22],[119.43,-4.34],[119.25,-4.26],[119.03,-4.33],[119.13,-4.56],[118.91,-4.7],[119.07,-5.13],[118.95,-5.41],[119.1,-5.55],[119.3,-5.66],[119.49,-5.68],[119.84,-5.9],[120.1,-5.78],[120.23,-5.82],[120.42,-5.76],[120.37,-6.02],[120.25,-6.11],[120.38,-6.45],[120.25,-6.59],[120.28,-6.7],[120.47,-6.71],[120.58,-6.33],[120.61,-6.04],[120.5,-5.74],[120.49,-5.27],[120.52,-5.18],[120.71,-5.14],[120.78,-4.99],[120.75,-4.74],[120.53,-4.48],[120.5,-4.37],[120.53,-3.69],[120.49,-3.52],[120.53,-3.31],[120.66,-3.15],[120.87,-3.23],[120.82,-3.59],[120.99,-3.79],[120.99,-3.91],[121.11,-4.09],[121.33,-4.29],[121.38,-4.56],[121.39,-4.87],[121.57,-5.13],[121.59,-5.26],[121.71,-5.44],[122.04,-5.56],[122.37,-5.44],[122.46,-5.45],[122.44,-5.71],[122.68,-5.74],[122.85,-5.7],[122.99,-5.46],[123.22,-5.37],[123.27,-5.26],[123.01,-5.06],[123.02,-4.97],[123.25,-4.88],[123.32,-4.68],[123.1,-4.34],[123.33,-4.1],[123.3,-4.01],[123.01,-3.93],[122.87,-3.95],[122.82,-3.86],[122.68,-3.86],[122.57,-3.76],[122.6,-3.54],[122.66,-3.45],[122.81,-3.45],[123.04,-3.68],[123.21,-3.66],[123.14,-3.45],[123.02,-3.32],[122.86,-3.35],[122.67,-3.19],[122.61,-2.99],[122.44,-2.96],[122.25,-2.77],[122.11,-2.69],[121.88,-2.33],[121.81,-2.12],[121.94,-1.9],[122.21,-1.77],[122.62,-1.31],[122.67,-1.19],[122.86,-0.97],[123.01,-0.93],[123.18,-1.11],[122.9,-1.15],[122.76,-1.3],[122.75,-1.58],[122.82,-1.68],[123.04,-1.83],[123.03,-1.93],[122.84,-2.15],[122.94,-2.21],[123.08,-2.16],[123.17,-2.26],[123.34,-2.18],[123.46,-2.27],[123.63,-2.2],[123.93,-2.16],[124.19,-2.01],[124.4,-2.13],[124.78,-1.99],[125.08,-1.98],[125.24,-1.91],[125.37,-1.98],[125.6,-1.96],[125.81,-2.08],[125.96,-2.45],[126.12,-2.45],[126,-2.15],[126.07,-1.97],[126.23,-1.91],[126.46,-1.88],[126.49,-1.78],[126.12,-1.78],[125.74,-1.7],[125.36,-1.72],[124.96,-1.55],[124.83,-1.6],[124.42,-1.52],[124.19,-1.43],[123.88,-1.48],[123.69,-1.4],[123.56,-1.22],[123.35,-1.13],[123.55,-0.72],[123.42,-0.54],[123.31,-0.49],[123.07,-0.49],[122.79,-0.28],[122.6,-0.28],[122.38,-0.14],[122.22,-0.09],[121.97,-0.1],[121.81,-0.16],[121.63,-0.07],[121.53,-0.16],[121.63,-0.31],[121.5,-0.53],[121.54,-0.72],[121.37,-0.88],[121.32,-1.03],[121.16,-1.21],[120.99,-1.26],[120.76,-1.23],[120.7,-1.14],[120.76,-0.96],[121.03,-0.78],[121.04,-0.61],[120.82,-0.64],[120.42,-0.85],[120.2,-0.71],[120.12,-0.61],[120.08,-0.22],[120.23,0],[121.71,0],[123.19,0],[124.17,0],[125.16,0],[126.14,0],[127.13,0],[126.99,-0.22],[127.02,-0.48],[127.14,-0.8],[127.32,-0.86],[127.54,-0.87],[127.71,-0.95],[127.91,-0.88],[128.02,-0.92],[128.12,-1.07],[128.36,-1.19],[128.52,-1.22],[128.6,-1.11],[128.49,-0.97],[128.51,-0.84],[128.67,-0.69],[128.63,-0.58],[128.47,-0.42],[128.35,-0.43],[128.09,-0.33],[127.98,0],[129.29,0],[129.34,-0.19],[129.58,-0.23],[129.7,0],[129.87,0],[130.06,-0.28],[130.09,-0.55],[129.97,-0.65],[129.76,-0.64],[129.59,-0.78],[129.6,-0.91],[129.69,-1.03],[129.68,-1.16],[129.56,-1.21],[129.4,-1.08],[129.27,-1.17],[129.33,-1.26],[129.5,-1.34],[129.58,-1.26],[129.78,-1.3],[129.99,-1.19],[129.87,-0.98],[130.07,-0.77],[130.25,-0.93],[130.51,-0.95],[130.55,-1.09],[130.23,-1.35],[130.14,-1.36],[129.99,-1.55],[129.71,-1.61],[129.53,-1.82],[129.64,-1.89],[129.49,-2.06],[129.4,-1.91],[129.24,-1.95],[129.41,-2.15],[129.68,-2.11],[129.98,-2.17],[130.34,-2.35],[130.66,-2.42],[130.88,-2.37],[130.97,-2.5],[131.08,-2.5],[131.29,-2.73],[131.45,-2.76],[131.62,-2.87],[131.72,-3.04],[131.97,-3.11],[132.21,-3.09],[132.46,-3.26],[132.53,-3.47],[132.68,-3.69],[132.69,-3.84],[132.86,-4.14],[133.15,-4.12],[133.46,-4.35],[133.65,-4.34],[133.68,-4.07],[133.75,-4.01],[133.96,-3.99],[134.2,-4.07],[134.4,-4.05],[134.53,-4.24],[134.69,-4.34],[134.71,-4.58],[134.52,-4.69],[134.46,-4.84],[134.55,-5.08],[134.31,-5.35],[134.25,-5.37],[134.12,-5.59],[134.12,-5.75],[133.95,-6.11],[133.77,-6.29],[133.74,-6.51],[133.45,-6.53],[133.09,-6.88],[132.92,-7.33],[132.87,-7.82],[132.9,-8.17],[132.85,-8.34],[132.66,-8.42],[132.56,-8.54],[132.76,-8.6],[133.14,-8.81],[133.24,-9],[133.07,-8.99],[132.69,-9.27],[132.61,-9.45],[132.56,-9.84],[132.4,-9.95],[132.22,-9.81],[132.2,-9.73],[132.39,-9.67],[132.4,-9.52],[132.25,-9.28],[132.07,-9.21],[131.96,-9.3],[131.83,-9.24],[131.69,-9.34],[131.47,-9.26],[131.32,-9.31],[131.07,-9.54],[131.09,-9.71],[131.02,-9.79],[130.88,-9.71],[130.77,-9.83],[130.61,-9.86],[130.47,-9.96],[130.01,-9.95],[129.92,-9.89],[129.71,-9.92],[129.53,-9.76],[129.31,-9.65],[129.05,-9.67],[128.95,-9.56],[128.42,-9.48],[128.27,-9.5],[128.02,-9.62],[127.81,-9.83],[127.76,-9.97],[127.64,-9.95],[127.31,-10.03],[127.08,-10.21],[126.85,-10.12],[126.69,-10.17],[126.56,-10.43],[126.45,-10.58],[126.31,-10.65],[126.17,-10.6],[125.99,-10.65],[125.86,-10.6],[125.67,-10.67],[125.53,-10.82],[125.52,-11.04],[125.17,-11.42],[125.24,-11.56],[124.68,-11.84],[124.6,-11.71],[124.61,-11.58],[124.76,-11.36],[124.61,-11.1],[124.4,-11.23],[124.22,-11.45],[123.96,-11.52],[123.63,-11.49],[123.49,-11.58],[123.32,-11.59],[123.16,-11.87],[123.29,-11.94],[123.33,-12.06],[123.46,-12.05],[123.46,-11.9],[123.59,-11.89],[123.55,-12.21],[123.46,-12.23],[123.31,-12.12],[123.17,-12.09],[122.97,-12.16],[122.94,-12.31],[123.42,-12.41],[123.53,-12.57],[123.81,-12.57],[123.92,-12.67],[123.8,-12.78],[123.79,-12.88],[123.91,-13.03],[124.1,-13.03],[124.09,-13.12],[123.95,-13.21],[123.89,-13.39],[123.68,-13.5],[123.74,-13.71],[123.47,-13.95],[123.33,-14],[123.23,-14.17],[122.89,-14.2],[122.75,-14.35],[122.58,-14.36],[122.5,-14.49],[122.33,-14.56],[122.1,-14.77],[121.66,-15],[121.57,-15.21],[121.3,-15.52],[121.18,-15.57],[121.04,-15.71],[120.94,-15.98],[120.94,-16.15],[120.86,-16.36],[120.89,-16.81],[120.84,-16.94],[120.7,-17.05],[120.66,-17.19],[120.51,-17.3],[120.48,-17.43],[120.17,-17.73],[119.85,-17.76],[119.62,-17.94],[119.43,-17.8],[119.25,-17.93],[118.81,-18.11],[118.63,-18.29],[118.23,-18.46],[118.1,-18.58],[117.21,-19.04],[116.19,-19.25],[116.02,-19.35],[115.75,-19.56],[115.49,-19.63],[115.06,-20.09],[114.83,-20.46],[114.81,-20.65],[114.75,-20.75],[114.72,-21.01],[114.55,-21.2],[114.2,-21.4],[114.04,-21.6],[113.87,-21.73],[113.75,-21.98],[113.63,-22.08],[113.76,-22.18],[113.6,-22.28],[113.43,-22.59],[113.45,-22.87],[113.2,-23.41],[112.68,-24.05],[112.51,-24.29],[112.37,-24.56],[112.28,-25.06],[112.18,-25.26],[112.28,-25.59],[112.16,-25.71],[112.31,-25.83],[112.4,-26.2],[112.52,-26.37],[112.84,-27.02],[112.86,-27.3],[113.06,-27.52],[113.11,-27.71],[113.26,-27.91],[113.22,-28.03],[113.3,-28.12],[113.54,-28.54],[113.59,-28.77],[113.77,-28.96],[114.27,-29.61],[114.44,-29.87],[114.65,-30.45],[114.71,-30.77],[114.82,-30.91],[114.97,-31.27],[114.98,-31.49],[115.06,-31.67],[115.05,-31.78],[115.21,-31.96],[115.2,-32.13],[114.73,-32.87],[114.56,-33.27],[114.58,-33.42],[114.5,-33.56],[114.5,-34.24],[114.68,-34.7],[114.89,-34.91],[115.21,-35.05],[115.47,-35.06],[115.8,-35.14],[116.02,-35.27],[116.26,-35.35],[116.87,-35.45],[117.08,-35.39],[117.44,-35.39],[117.73,-35.47],[118.01,-35.46],[118.13,-35.39],[118.37,-35.37],[118.59,-35.23],[118.83,-35.13],[119.33,-34.82],[119.72,-34.67],[120.25,-34.55],[121.69,-34.55],[122.33,-34.63],[122.48,-34.7],[122.79,-34.63],[123.37,-34.65],[123.51,-34.7],[123.79,-34.6],[124.14,-34.37],[124.84,-34.12],[124.94,-34.12],[125.37,-33.89],[125.8,-33.58],[125.9,-33.37],[126.07,-33.25],[126.63,-33.28],[126.89,-33.19],[127.18,-33.28],[127.59,-33.28],[127.84,-33.22],[128.19,-33.23],[128.5,-33.16],[128.56,-33.31],[129.04,-33.28],[129.23,-33.35],[129.38,-33.29],[129.53,-33.35],[129.74,-33.35],[129.85,-33.23],[130.2,-33.28],[130.38,-33.1],[130.52,-33.08],[130.76,-33.16],[130.76,-33.28],[130.95,-33.35],[131.12,-33.34],[131.35,-33.47],[131.56,-33.45],[131.88,-33.54],[131.97,-33.67],[132.1,-33.71],[132.55,-34.11],[132.75,-34.14],[133.01,-34.25],[132.88,-34.42],[133.1,-34.53],[133.41,-34.81],[133.51,-34.62],[133.68,-34.75],[133.64,-34.89],[133.98,-34.99],[134.29,-34.94],[134.7,-34.99],[135.07,-35.21],[135.14,-35.35],[134.81,-35.33],[134.89,-35.49],[135.39,-35.66],[135.52,-35.78],[135.68,-35.81],[135.89,-36.1],[135.99,-36.31],[136.17,-36.49],[136.34,-36.51],[136.26,-36.32],[136.56,-36.21],[136.74,-36.23],[136.97,-36.43],[137.06,-36.66],[137.37,-36.78],[137.56,-36.69],[137.6,-36.97],[137.72,-36.98],[137.88,-37.1],[138.39,-37.1],[138.89,-37.19],[139.2,-37.13],[139.14,-37.31],[139.23,-37.53],[139.46,-37.51],[139.78,-37.72],[139.95,-37.94],[140.07,-37.99],[140.42,-38.22],[141.17,-38.54],[141.43,-38.76],[141.62,-38.8],[142.01,-38.83],[142.29,-38.92],[142.39,-39.01],[142.55,-39.04],[142.61,-39.17],[142.89,-39.44],[143.25,-39.66],[143.2,-39.79],[143.3,-40.09],[143.48,-40.18],[143.43,-40.43],[143.57,-40.7],[143.91,-41.03],[144.05,-41.08],[144.39,-41.44],[144.53,-41.81],[144.63,-41.99],[144.81,-42.12],[144.94,-42.59],[144.94,-42.76],[145.01,-42.93],[145.45,-43.29],[145.81,-43.51],[146.03,-43.84],[146.24,-43.99],[146.66,-44.08],[146.86,-44.02],[147.01,-44.11],[147.45,-44.04],[147.7,-43.92],[147.87,-43.75],[147.96,-43.54],[148.18,-43.39],[148.23,-43.12],[148.34,-42.95],[148.4,-42.71],[148.54,-42.47],[148.61,-42.23],[148.66,-41.18],[148.8,-40.96],[148.76,-40.79],[148.88,-40.49],[148.88,-40.06],[148.79,-39.87],[148.8,-39.5],[148.5,-38.87],[148.36,-38.77],[148.45,-38.62],[148.47,-38.4],[148.64,-38.3],[148.79,-38.32],[149,-38.23],[149.21,-38.24],[149.4,-38.11],[149.6,-38.15],[149.86,-38.13],[150.05,-37.92],[150.24,-37.78],[150.27,-37.48],[150.36,-37.25],[150.32,-36.88],[150.33,-36.37],[150.44,-36.06],[151.09,-35.06],[151.18,-34.65],[151.37,-34.37],[151.54,-34],[151.81,-33.71],[152.65,-32.87],[152.77,-32.71],[153.01,-32.23],[153.09,-31.99],[153.2,-31.86],[153.16,-31.59],[153.56,-30.21],[153.83,-29.29],[153.92,-28.41],[153.89,-28.1],[153.8,-27.33],[153.73,-27.21],[153.66,-26.74],[153.69,-26.64],[153.88,-26.4],[153.9,-26.1],[153.68,-25.05],[153.53,-24.74],[153.51,-24.62],[153.36,-24.42],[152.84,-24.05],[152.49,-23.76],[152.22,-23.37],[152.24,-23.26],[152.47,-23.04],[152.74,-22.84],[152.85,-22.86],[152.93,-23.12],[153.09,-23.14],[153.11,-22.88],[153.25,-22.77],[153.39,-22.29],[153.36,-22.18],[153.2,-21.97],[153.06,-22.08],[152.89,-21.81],[152.98,-21.72],[152.95,-21.54],[152.77,-21.59],[152.87,-21.17],[153.09,-21.12],[153.05,-20.9],[152.75,-21.01],[152.42,-20.84],[152.3,-20.56],[152.15,-20.54],[152.03,-20.32],[151.93,-20.31],[151.76,-20.5],[151.65,-20.26],[151.48,-20.35],[151.61,-20.54],[151.59,-20.61],[151.33,-20.51],[151.25,-20.39],[151.06,-20.35],[150.89,-20.13],[150.7,-19.99],[150.6,-19.81],[150,-19.49],[149.96,-19.38],[150.07,-19.29],[149.88,-19.22],[149.74,-19.38],[149.58,-19.36],[149.43,-19.19],[149.06,-19.09],[148.78,-18.93],[148.24,-18.78],[147.95,-18.6],[147.89,-18.49],[147.68,-18.35],[147.51,-18.34],[147.3,-18.17],[147.16,-18.14],[146.86,-17.79],[146.83,-17.61],[146.73,-17.41],[146.7,-17.19],[146.59,-17.07],[146.48,-16.82],[146.38,-16.75],[146.18,-16.49],[145.92,-16.09],[145.86,-15.86],[145.85,-15.45],[145.78,-15.21],[145.77,-14.78],[145.74,-14.69],[145.52,-14.43],[145.21,-14.25],[144.91,-14.17],[144.8,-13.98],[144.65,-13.89],[144.45,-13.91],[144.21,-13.62],[144.01,-13.25],[144,-13.07],[143.9,-13.01],[143.87,-12.87],[143.91,-12.67],[143.88,-12.45],[144.01,-12.22],[144.02,-12.05],[144.14,-11.79],[144.08,-11.61],[144.13,-11.49],[144.08,-11.36],[144.15,-11.18],[144.05,-10.67],[144.08,-10.54],[144.01,-10.42],[144.03,-10.23],[144.17,-9.98],[144.5,-9.78],[144.73,-9.75],[144.96,-9.55],[144.93,-9.3],[145.19,-9.13],[145.23,-8.82],[145.47,-8.64],[145.53,-8.53],[145.74,-8.42],[145.91,-8.39],[146.15,-8.48],[146.19,-8.66],[146.34,-8.86],[146.6,-9.09],[146.62,-9.2],[146.82,-9.23],[146.79,-9.38],[147.02,-9.5],[147.37,-9.76],[147.51,-10.07],[147.74,-10.12],[147.99,-10.24],[148.47,-10.33],[148.61,-10.39],[148.92,-10.43],[149.15,-10.37],[149.28,-10.49],[149.41,-10.5],[149.61,-10.63],[150.84,-11],[151.2,-11.2],[152.19,-11.3],[152.53,-11.35],[153.14,-11.73],[153.44,-11.78],[153.64,-11.75],[153.88,-11.78],[154.04,-11.69],[154.18,-11.72],[154.39,-11.66],[154.35,-11.52],[154.44,-11.41],[154.27,-11.25],[153.73,-11.22],[153.58,-11.32],[153.19,-11.08],[152.61,-10.83],[152.44,-10.66],[152.34,-10.65],[152.18,-10.78],[152.19,-10.86],[152.48,-10.89],[152.18,-11.17],[151.66,-11.11],[151.51,-10.99],[151.27,-10.95],[151.21,-10.8],[151.49,-10.72],[151.72,-10.85],[151.98,-10.86],[151.98,-10.73],[151.71,-10.64],[151.91,-10.56],[151.71,-10.43],[151.57,-10.42],[151.43,-10.31],[151.26,-10.25],[151.33,-10],[151.32,-9.9],[151.08,-9.89],[150.98,-9.71],[151.12,-9.62],[151.12,-9.33],[151.2,-9.21],[151.18,-9.02],[151.23,-8.84],[151.16,-8.67],[151.18,-8.44],[151.02,-8.4],[150.82,-8.28],[150.13,-8.25],[149.99,-8.36],[149.78,-8.3],[149.67,-8.32],[149.22,-8.22],[148.96,-8.37],[148.64,-8.23],[148.49,-8.05],[148.24,-8.05],[148.07,-7.88],[147.89,-7.86],[147.86,-7.76],[147.25,-7.31],[147.15,-6.98],[147.04,-6.77],[147.41,-6.79],[147.86,-6.76],[147.92,-6.43],[147.87,-6.31],[147.75,-6.25],[147.67,-6.1],[147.34,-5.87],[147.14,-5.92],[146.4,-5.53],[146.21,-5.53],[145.91,-5.46],[145.81,-5.37],[145.86,-5.2],[145.84,-4.85],[145.35,-4.34],[145.06,-4.3],[144.81,-3.99],[144.66,-3.95],[144.49,-3.7],[144.16,-3.6],[144,-3.71],[143.7,-3.51],[143.64,-3.33],[143.47,-3.28],[143.24,-3.17],[143.12,-3.32],[142.82,-3.26],[142.46,-3.08],[142.3,-3.07],[142.13,-2.89],[141.91,-2.9],[141.78,-2.8],[141.66,-2.8],[141.29,-2.61],[140.92,-2.55],[140.81,-2.47],[140.33,-2.37],[140.12,-2.29],[139.85,-2.33],[139.58,-2.19],[139.51,-2.07],[139.36,-2.04],[139.19,-1.89],[138.91,-1.88],[138.82,-1.82],[138.87,-1.66],[138.72,-1.5],[138.58,-1.55],[138.22,-1.41],[138,-1.4],[137.82,-1.27],[137.59,-1.26],[137.41,-1.33],[137.14,-1.29],[136.93,-1.32],[136.75,-1.16],[136.6,-1.11],[136.41,-1.12],[136.38,-1.03],[136.21,-0.93],[136.02,-0.71],[135.9,-0.66],[135.69,-0.66],[135.38,-0.54],[135.39,-0.4],[135.25,-0.34],[135.13,-0.5],[135.16,-0.7],[135.33,-0.82],[135.44,-0.98],[135.63,-0.96],[135.73,-1.01],[135.84,-1.21],[136.04,-1.21],[136.19,-1.36],[136.48,-1.43],[136.59,-1.39],[136.75,-1.62],[136.61,-1.68],[136.17,-1.58],[136.04,-1.6],[135.85,-1.48],[135.71,-1.5],[135.56,-1.43],[135.14,-1.38],[135.08,-1.34],[134.7,-1.34],[134.54,-1.3],[134.52,-1.43],[134.69,-1.41],[134.9,-1.53],[135.01,-1.5],[135.16,-1.58],[135.31,-1.55],[135.43,-1.69],[135.55,-1.74],[135.74,-1.95],[135.99,-2.07],[136.02,-1.93],[136.23,-1.98],[136.26,-2.2],[136.05,-2.2],[135.94,-2.28],[135.87,-2.52],[135.98,-2.63],[135.96,-2.72],[135.67,-2.75],[135.57,-2.84],[135.59,-2.97],[135.51,-3.05],[135.49,-3.23],[135.38,-3.29],[135.17,-3.27],[135.16,-3.11],[135.06,-2.96],[135.01,-2.66],[135.13,-2.5],[135.16,-2.35],[135.39,-2.19],[135.3,-2.06],[135.07,-2.13],[135.01,-2.1],[134.82,-1.8],[134.69,-1.84],[134.64,-2.06],[134.49,-2.03],[134.37,-1.86],[134.43,-1.73],[134.19,-1.63],[134.39,-1.31],[134.14,-1.11],[134.17,-0.83],[134,-0.69],[133.49,-0.7],[133.28,-0.54],[132.88,-0.41],[132.78,-0.33],[132.22,-0.3],[132.06,-0.49],[131.79,-0.64],[131.23,-0.79],[130.83,-0.66],[130.8,-0.56],[131,-0.45],[131.26,-0.43],[131.45,-0.28],[131.41,-0.2],[131.11,0],[132.61,0],[133.61,0],[134.6,0],[135.6,0],[136.6,0],[137.6,0],[138.59,0],[139.59,0],[140.59,0],[141.59,0],[142.58,0],[143.58,0],[144.58,0],[145.58,0],[147.07,0],[148.07,0],[149.07,0],[150.07,0],[151.07,0],[152.06,0],[153.06,0],[154.06,0],[155.06,0],[156.05,0],[157.05,0],[158.05,0],[159.05,0],[160.05,0],[161.04,0],[162.04,0],[163.04,0],[164.04,0],[165.03,0],[166.03,0],[167.03,0],[168.03,0],[169.02,0],[170.02,0],[171.02,0],[172.02,0],[173.02,0],[174.51,0],[175.51,0],[176.51,0],[177.51,0],[178.5,0],[180,0],[179,0],[178,0],[177.01,0],[175.51,0],[174.51,0],[173.51,0],[172.52,0],[171.52,0],[170.52,0],[169.52,0],[168.53,0],[167.53,0],[166.53,0],[165.03,0],[164.04,0],[163.04,0],[162.04,0],[161.04,0],[160.05,0],[159.05,0],[158.05,0],[157.05,0],[156.05,0],[155.06,0],[154.06,0],[153.06,0],[152.06,0],[151.07,0],[149.57,0],[148.57,0],[147.57,0],[146.58,0],[145.58,0],[144.58,0],[143.58,0],[142.58,0],[141.59,0],[140.59,0],[139.59,0],[138.59,0],[137.6,0],[136.6,0],[135.6,0],[134.6,0],[133.61,0],[132.61,0],[131.11,0],[130.92,0.11],[130.72,0.11],[130.36,0.17],[130.22,0.33],[130.02,0.31],[130.01,0.45],[129.74,0.46],[129.71,0.34],[129.82,0.16],[129.82,0.05],[129.36,0.11],[129.29,0],[127.98,0],[128.05,0.17],[127.99,0.27],[128.13,0.38],[128.33,0.36],[128.84,0.2],[128.91,0.51],[128.71,0.64],[128.58,0.81],[128.75,1.01],[128.82,1.32],[128.77,1.63],[128.57,1.63],[128.22,1.48],[128.14,1.5],[128.13,1.77],[128.2,1.9],[128.48,1.99],[128.67,2.14],[128.67,2.29],[128.76,2.44],[128.65,2.62],[128.51,2.72],[128.32,2.51],[128.14,2.42],[128.03,2.26],[127.76,2.32],[127.71,2.27],[127.7,2.03],[127.47,1.66],[127.49,1.48],[127.37,1.25],[127.4,1.13],[127.25,0.82],[127.36,0.54],[127.23,0.45],[127.09,0.12],[127.13,0.03],[127.13,0],[126.14,0],[125.16,0],[123.68,0],[122.69,0],[121.71,0],[120.23,0],[120.26,0.15],[120.54,0.32],[121.17,0.25],[121.37,0.34],[121.58,0.38],[121.78,0.34],[122.53,0.37],[122.88,0.46],[123.06,0.43],[123.25,0.27],[123.75,0.25],[124.1,0.34],[124.3,0.32],[124.57,0.41],[124.65,0.66],[124.85,0.85],[125.1,0.98],[125.11,1.22],[125.29,1.38],[125.33,1.55],[125.21,1.66],[125.2,1.87],[125.04,1.88],[124.92,1.78],[124.76,1.83],[124.69,1.71],[124.74,1.51],[124.55,1.44],[124.4,1.25],[123.98,0.97],[123.72,1.03],[123.51,0.99],[123.36,1.09],[123.26,1.06],[122.55,1.07],[122.41,1.17],[122.22,1.13],[122.06,1.18],[121.82,1.18],[121.62,1.13],[121.53,1.31],[121.21,1.33],[120.94,1.42],[120.82,1.39],[120.56,1.16],[120.54,0.95],[120.45,0.88],[120.41,1.11],[120.15,0.99],[120.16,0.85],[119.83,0.59],[119.85,0.43],[119.75,0.19],[119.55,0],[119,0],[117.8,0],[117.71,0.18],[117.78,0.29],[117.75,0.46],[117.87,0.61],[118.07,0.64],[118.22,0.72],[118.45,0.61],[118.75,0.76],[118.95,0.8],[119.04,0.99],[118.98,1.25],[119.03,1.3],[119,1.61],[118.83,1.57],[118.64,1.64],[118.59,1.93],[118.73,1.95],[118.91,1.74],[119.06,1.76],[118.92,1.99],[118.59,2.36],[118.27,2.4],[118.01,2.69],[118.02,3.05],[118.22,3.29],[118.24,3.53],[118.16,3.63],[118.27,3.79],[118.23,4],[118.29,4.12],[118.49,4.22],[118.69,4.11],[118.95,4.2],[118.92,4.38],[119.07,4.42],[119.17,4.37],[119.32,4.42],[119.52,4.57],[119.6,4.73],[119.55,4.93],[119.55,5.12],[119.39,5.19],[119.31,5.62],[119.56,5.74],[119.74,5.77],[119.74,5.91],[119.6,5.88],[119.42,5.76],[119.01,5.9],[119,6.11],[118.77,6.32],[118.74,6.49],[118.63,6.69],[118.62,6.84],[118.54,7.07],[118.52,7.37],[118.45,7.61],[118.58,7.76],[118.48,7.88],[118.28,7.85],[118.13,7.74],[118,7.8],[117.83,8.19],[117.9,8.35],[118.21,8.45],[118.24,8.8],[118.45,9.01],[118.64,9.1],[118.74,9.24],[118.73,9.54],[118.77,9.64],[118.9,9.71],[119.03,9.68],[119.25,9.9],[119.49,9.87],[119.54,10.02],[119.75,10.09],[119.98,10.33],[120.2,10.4],[120.37,10.56],[120.56,10.42],[120.85,10.52],[121,10.45],[121.3,10.54],[121.63,10.89],[121.7,11.09],[121.55,11.22],[121.73,11.28],[121.7,11.4],[121.37,11.41],[121.23,11.45],[121.04,11.43],[120.92,11.48],[120.89,11.67],[120.71,11.98],[120.55,12.09],[120.53,12.38],[120.37,12.42],[120.25,12.68],[120.15,12.51],[119.99,12.7],[119.88,12.67],[119.58,12.32],[119.52,12.15],[119.29,11.92],[119.15,11.61],[118.96,11.49],[118.84,11.16],[118.71,11.02],[118.67,10.73],[118.49,10.7],[118.42,10.54],[118.21,10.33],[118.18,10.16],[118.02,10.05],[118.01,9.92],[117.8,9.57],[117.53,9.39],[117.15,8.96],[116.91,8.57],[116.81,8.48],[116.79,8.14],[116.7,7.83],[116.72,7.72],[116.62,7.57],[116.41,7.44],[116.22,7.22],[115.64,6.75],[115.33,6.41],[115.18,6.29],[114.94,6.01],[114.7,5.84],[114.53,5.79],[114.34,5.65],[114.29,5.43],[114.11,5.25],[113.7,5.01],[113.45,4.98],[113.16,5.04],[112.85,5.24],[112.66,5.34],[112.54,5.65],[112.6,5.89],[112.49,5.96],[112.41,5.81],[112.23,5.76],[112.09,5.62],[111.49,5.41],[111.2,5.43],[110.88,5.4],[110.49,5.61],[110.32,5.59],[110.04,5.86],[110,6.03],[109.8,6.13],[109.46,6.46],[109.28,6.68],[109.24,6.83],[109.12,6.96],[109.13,7.11],[109.09,7.54],[109.1,7.84],[109.15,8.03],[109.04,8.09],[109.11,8.36],[109.06,8.69],[109.16,9.08],[109.19,9.35],[108.95,9.35],[108.8,9.24],[108.63,9.41],[108.82,9.56],[108.96,9.44],[109.06,9.51],[109.16,9.7],[109.18,9.87],[109.33,10.07],[109.26,10.27],[109.47,10.45],[109.45,10.64],[109.58,10.83],[109.57,11],[109.63,11.24],[109.76,11.44],[109.73,11.67],[109.79,11.94],[109.72,13.1],[109.67,13.24],[109.59,13.75],[109.61,13.85],[109.54,14.21],[109.57,14.48],[109.52,14.81],[109.52,15.15],[109.45,15.37],[109.46,15.53],[109.4,15.65],[109.49,15.96],[109.49,16.16],[109.43,16.4],[109.47,16.66],[109.64,16.81],[109.88,17.23],[110.09,17.45],[110.19,17.48],[110.37,17.64],[110.61,17.97],[110.79,18.02],[111.16,18.36],[111.61,18.58],[111.77,18.92],[111.91,18.85],[112.13,19.01],[112.3,19.09],[112.59,19.3],[113.09,19.51],[113.36,19.67],[113.38,19.76],[113.59,19.77],[113.64,19.99],[113.78,19.83],[113.85,19.99],[114.06,20.02],[114.13,20.14],[114.34,20.02],[114.63,20.05],[114.76,20.14],[114.97,20.17],[115.19,20.42],[115.12,20.58],[115.3,20.59],[115.33,20.8],[115.45,20.91],[115.7,20.99],[115.97,21.27],[116.06,21.47],[116.79,21.76],[117.14,21.77],[117.51,21.92],[117.78,21.99],[118,22.01],[118.18,22.17],[118.47,22.25],[118.81,22.2],[118.96,22.28],[119.07,22.25],[119.26,22.33],[119.48,22.47],[119.72,22.73],[119.81,22.76],[120.07,22.65],[120.2,22.54],[120.35,22.27],[120.58,22.22],[120.65,22.14],[120.63,21.89],[120.83,21.75],[120.94,22.06],[120.97,22.45],[121.05,22.63],[121.17,22.67],[121.29,22.86],[121.42,22.95],[121.53,23.48],[121.61,23.6],[121.63,23.81],[121.71,23.97],[121.69,24.17],[121.95,24.53],[122.19,24.67],[122.14,24.8],[122.03,24.82],[122.11,25.08],[122.26,25.22],[122.07,25.34],[122.11,25.44],[122.31,25.49],[122.48,25.61],[122.7,25.66],[122.96,25.77],[123.34,25.7],[124.08,25.77],[124.55,26.02],[124.65,26.15],[124.62,26.28],[124.8,26.44],[124.81,26.59],[125.11,26.58],[125.32,26.73],[125.51,26.79],[125.68,26.93],[125.87,27.25],[126.09,27.45],[126.09,27.64],[126.34,27.89],[126.65,28.13],[126.75,28.3],[126.82,28.63],[127.05,28.97],[127.61,29.93],[127.64,30.08],[127.88,30.65],[127.99,31.03],[128.3,31.38],[128.29,31.61],[128.38,31.83],[128.5,32],[128.4,32.25],[128.28,32.32],[128.06,32.6],[128.2,32.67],[128.29,32.8],[128.53,32.55],[128.78,32.51],[128.85,32.35],[129.05,32.59],[129.27,32.55],[129.38,32.46],[129.41,32.31],[129.59,32.28],[129.77,32.17],[129.8,31.9],[129.66,31.69],[129.7,31.6],[129.9,31.72],[129.98,31.46],[130.2,31.2],[130.49,31.16],[130.66,30.84],[130.62,30.71],[130.46,30.62],[130.43,30.45],[130.36,30.4],[130.37,30.26],[130.45,30.16],[130.89,30.13],[130.99,30.19],[131.09,30.45],[131.27,30.57],[131.32,30.8],[131.5,31.27],[131.76,31.7],[131.72,32.05],[131.99,32.62],[132.14,32.75],[132.41,32.74],[132.73,32.63],[132.81,32.5],[133.06,32.52],[133.21,32.81],[133.36,32.94],[133.46,33.12],[133.7,33.29],[133.94,33.31],[134.16,33.11],[134.23,33.15],[134.25,33.39],[134.45,33.51],[134.8,33.63],[134.88,33.69],[135.18,33.66],[135.44,33.49],[135.78,33.41],[135.89,33.45],[136.14,33.77],[136.52,34.15],[136.88,34.16],[137.43,34.42],[137.54,34.52],[137.9,34.6],[138.11,34.5],[138.15,34.35],[138.32,34.36],[138.37,34.49],[138.33,34.73],[138.39,34.85],[138.53,34.93],[138.61,35.07],[138.75,35.01],[138.72,34.69],[138.87,34.52],[138.97,34.54],[139.05,34.72],[139.17,34.86],[139.17,35.18],[139.39,35.28],[139.61,35.07],[139.79,34.82],[139.94,34.83],[140.16,35.02],[140.48,35.02],[140.61,35.08],[140.91,35.33],[141.23,35.5],[141.22,35.77],[141,35.99],[140.9,36.27],[140.92,36.42],[141.08,36.63],[141.57,37.2],[141.58,37.52],[141.68,37.9],[141.83,38.05],[141.82,38.19],[141.87,38.74],[141.94,38.81],[142.13,39.29],[142.26,39.95],[142.01,40.69],[141.83,40.83],[141.53,40.91],[141.48,41.08],[141.62,41.58],[141.59,41.71],[141.52,41.7],[141.32,41.48],[141.13,41.55],[141.18,41.65],[141.25,41.8],[141.21,41.94],[141.3,42.28],[141.51,42.4],[141.75,42.39],[141.89,42.32],[142.39,42.21],[142.72,42.02],[142.83,41.82],[143.08,41.64],[143.54,41.65],[143.65,41.74],[143.64,41.9],[143.69,42.27],[144.28,42.84],[144.63,42.67],[144.91,42.7],[145.83,43.04],[146.02,43.16],[146.15,43.16],[146.56,43.33],[146.86,43.52],[147.02,43.52],[147.25,43.78],[147.61,44.02],[147.73,44.2],[147.37,44.31],[147.2,44.19],[146.74,44.17],[146.63,44.36],[146.77,44.75],[146.54,44.62],[146.36,44.62],[146.08,44.52],[145.83,44.24],[145.43,43.99],[145.26,44.03],[145.4,44.23],[145.17,44.22],[144.73,44.09],[144.48,44.12],[144.35,44.27],[144.08,44.31],[144.07,44.48],[144.26,44.46],[144.29,44.69],[144.41,44.85],[144.11,44.92],[143.77,45.15],[143.75,45.53],[143.71,45.77],[143.87,46.08],[143.77,46.21],[143.86,46.3],[143.75,46.46],[143.89,46.65],[143.93,46.83],[143.72,47.1],[143.75,47.48],[144.46,47.73],[144.67,47.73],[145.04,47.6],[145.38,47.77],[145.38,48.09],[145.52,48.29],[145.38,48.41],[145.38,48.6],[145.15,48.65],[145.06,48.96],[145.35,49.2],[145.3,49.37],[145.36,49.55],[145.16,49.64],[144.83,49.96],[144.61,50.08],[144.41,50.48],[144.21,50.61],[144.22,51.05],[144.03,51.16],[144.06,51.32],[144.25,51.44],[144.29,51.85],[144.46,51.93],[144.46,52.04],[144.28,52.49],[144.18,52.57],[144.06,53.05],[143.91,53.2],[143.84,53.49],[144.01,53.81],[143.85,54.15],[143.89,54.37],[143.67,54.41],[143.76,54.83],[143.54,54.95],[143.3,55.36],[143.53,55.57],[142.96,55.66],[143.02,55.77],[143.32,55.79],[143.57,55.88],[143.93,55.9],[144.13,56],[144.49,55.98],[144.56,56.1],[144.32,56.14],[144.25,56.36],[143.98,56.38],[143.71,56.49],[143.94,56.82],[144.2,56.79],[144.31,56.98],[144.2,57.03],[144.16,57.3],[144.35,57.5],[144.95,57.58],[145.04,57.41],[144.9,57.33],[144.58,57.41],[144.71,57.12],[144.9,57.02],[144.85,56.78],[145.14,56.9],[145.26,57.05],[145.52,57.1],[145.37,56.52],[145.77,56.46],[146.02,56.6],[146.57,56.72],[146.69,56.63],[146.62,56.47],[146.65,56.26],[147.34,56.11],[147.58,56.12],[147.65,56.21],[147.26,56.24],[147.08,56.32],[146.89,56.49],[147.01,56.6],[147.71,56.64],[147.92,56.4],[148.13,56.42],[148.36,56.33],[148.67,56.31],[148.75,56.06],[148.99,56.02],[149.19,56.09],[149.6,56.09],[149.79,56],[149.93,56.2],[149.93,56.34],[149.78,56.52],[150.02,56.57],[150.02,56.3],[150.08,56.15],[150.29,56.09],[150.33,56.29],[150.59,56.22],[150.86,56.32],[150.73,56.5],[151.03,56.66],[150.39,56.98],[150.48,57.07],[150.82,57.05],[151.08,57.45],[151.57,57.68],[151.56,57.88],[151.85,57.98],[152.07,57.81],[152.32,57.79],[152.61,57.85],[152.67,57.94],[153.01,58.11],[153.34,58.2],[153.79,58.24],[154.31,58.4],[154.35,58.26],[155.3,58.54],[155.6,58.66],[155.93,58.66],[156.53,59],[156.82,59.23],[157.05,59.1],[156.98,58.96],[156.63,58.73],[156.27,58.61],[156.22,58.45],[155.91,58.21],[155.78,57.99],[155.61,57.9],[155.57,57.67],[155.26,57.34],[154.43,56.99],[154.33,56.86],[154.21,56.19],[154.38,55.91],[154.44,55.51],[154.54,55.21],[154.42,54.94],[154.65,54.66],[154.37,54.4],[154.42,54.27],[154.42,53.78],[154.7,53.45],[154.76,53.19],[154.65,53.04],[154.83,52.85],[154.79,52.59],[155.04,52.4],[155.11,52.15],[155.4,52.1],[155.62,51.89],[155.77,51.89],[156.31,51.42],[156.34,51.32],[155.86,50.74],[155.69,50.7],[155.65,50.53],[155.49,50.41],[155.22,50.33],[155.12,50.09],[154.97,49.94],[155.18,49.79],[155.69,49.84],[155.78,49.71],[155.53,49.47],[155.31,49.37],[155.38,49.23],[155.57,49.15],[155.69,49.4],[155.91,49.47],[156.17,49.66],[156.42,49.76],[156.43,50.08],[156.55,50.27],[156.85,50.31],[157.09,50.43],[157.3,50.46],[157.53,50.78],[157.9,51.14],[158.01,51.21],[158.17,51.49],[158.36,51.68],[158.48,51.89],[158.77,52.12],[158.82,52.24],[158.74,52.44],[158.77,52.76],[159.1,52.89],[159.22,52.81],[159.62,52.72],[159.77,52.88],[159.96,52.91],[160.4,52.69],[160.66,52.75],[160.66,52.85],[160.37,53],[160.21,53.28],[160.23,53.6],[160.6,53.67],[160.44,53.79],[160.48,54.03],[161.15,54.31],[161.64,54.38],[161.9,54.55],[162.13,54.58],[162.31,54.71],[162.27,54.89],[162.05,55.1],[161.94,55.35],[162.14,55.78],[162.42,55.84],[162.43,56.05],[162.76,56.07],[162.85,55.93],[163.14,55.9],[163.23,56.06],[163.61,56.17],[163.71,56.32],[163.48,56.44],[163.52,56.59],[163.42,56.8],[163.21,56.82],[163.12,56.92],[163.31,57.01],[163.29,57.21],[163.46,57.25],[163.3,57.49],[163.8,57.71],[163.58,57.98],[163.81,58.01],[164,58.26],[163.92,58.47],[164.33,58.59],[164.99,58.95],[165.12,59.2],[165.53,59.36],[165.53,59.1],[165.75,59.14],[166.14,59.09],[166.48,59.31],[166.38,59.52],[166.93,59.81],[167.11,59.77],[167.6,59.84],[167.89,60.01],[168.2,60.11],[168.46,60.13],[168.65,60.05],[168.94,60.05],[169.99,59.83],[170.12,59.64],[170.35,59.62],[170.5,59.77],[170.69,59.81],[170.93,60.05],[171.01,60.3],[171.41,60.46],[172.1,60.66],[172.5,60.64],[172.75,60.81],[173.03,60.87],[173.36,60.83],[173.84,60.83],[174.18,60.89],[174.65,61.09],[175.16,61.4],[175.64,61.49],[175.95,61.64],[176.19,61.66],[176.78,61.84],[177.63,61.84],[177.55,61.65],[177.65,61.57],[178.46,61.5],[178.59,61.25],[179.04,60.99],[179.5,60.92],[179.68,60.85],[180,60.93],[180,61.08],[180,61.17],[179.7,61.35],[179.26,61.4],[179.08,61.5],[179.36,61.62],[179.06,61.78],[179.57,61.9],[179.76,62],[180,61.95],[180,62.08],[180,62.58],[180,63.07],[180,63.57],[180,64.07],[180,64.57],[180,65.07],[179.78,65.02],[179.48,64.82],[179.25,64.81],[178.76,64.64],[177.74,64.71],[177.3,64.84],[177.03,64.77],[176.85,64.85],[176.21,64.87],[176.32,64.77],[176.73,64.58],[176.99,64.71],[177.49,64.77],[177.36,64.56],[177.45,64.42],[178,64.21],[178.4,64.24],[178.47,63.99],[178.69,63.91],[178.76,63.64],[178.6,63.41],[179.33,63.2],[179.25,62.98],[179.54,62.85],[179.61,62.71],[179.38,62.52],[179.15,62.5],[179.15,62.34],[178.49,62.44],[178.06,62.54],[177.31,62.58],[177.33,62.69],[176.93,62.69],[177.01,62.55],[176.59,62.49],[176.28,62.32],[175.63,62.19],[175.17,62.02],[174.82,61.95],[174.49,61.81],[174.14,61.84],[173.99,61.71],[173.54,61.75],[173.5,61.57],[172.93,61.35],[172.48,61.06],[172.24,61.02],[172.01,60.86],[171.41,60.75],[171.18,60.56],[170.58,60.43],[170.4,59.97],[170.27,59.92],[169.96,60.06],[169.71,60.4],[169.17,60.57],[168.1,60.57],[167.05,60.33],[166.29,59.84],[166.11,59.83],[166.18,60.12],[166.29,60.22],[166.25,60.38],[166.05,60.45],[165.72,60.27],[165.13,60.08],[165.2,60.01],[165.01,59.85],[164.81,59.79],[164.72,59.96],[164.49,60.11],[164.34,59.99],[163.65,60.05],[163.7,59.9],[163.38,59.81],[163.39,59.63],[163.17,59.51],[163.31,59.29],[163.08,59.27],[162.89,59.11],[163.07,58.97],[162.82,58.89],[162.41,58.65],[162.17,58.41],[161.99,58.09],[162.03,57.93],[162.21,57.82],[162.46,57.78],[162.53,57.94],[162.71,57.97],[163.33,57.71],[163.07,57.46],[162.83,57.38],[162.79,57.15],[162.86,57.05],[162.78,56.76],[163.28,56.69],[163.24,56.59],[163.37,56.18],[162.82,56.06],[162.64,56.22],[162.74,56.48],[162.4,56.37],[162.59,56.27],[162.14,56.13],[161.78,55.61],[161.75,55.38],[161.81,55.18],[162.15,54.85],[162.13,54.77],[161.75,54.52],[161.31,54.49],[161.07,54.6],[160.74,54.54],[160.05,54.18],[159.9,53.98],[159.84,53.8],[159.97,53.57],[159.92,53.28],[159.63,53.26],[159,53.08],[158.52,52.75],[158.55,52.3],[158.29,52.03],[158.29,51.97],[157.76,51.54],[157.54,51.49],[157.45,51.35],[157.05,51.12],[156.72,50.89],[156.72,51.2],[156.54,51.29],[156.48,51.52],[156.5,51.78],[156.44,52.22],[156.37,52.4],[156.43,52.52],[156.27,52.6],[156.11,52.94],[155.94,53.87],[155.73,54.43],[155.61,54.89],[155.55,55.28],[155.69,56.04],[155.76,56.11],[155.92,56.58],[156.13,56.83],[156.39,56.91],[156.83,57.21],[157,57.43],[156.93,57.66],[156.8,57.77],[156.98,57.86],[157.24,57.77],[157.47,57.8],[157.72,58.02],[158.17,58.02],[158.65,58.27],[159.02,58.41],[159.75,58.93],[159.86,59.14],[160.31,59.35],[160.5,59.55],[160.8,59.61],[161.28,59.87],[161.53,60.07],[161.9,60.2],[161.94,60.42],[162.21,60.54],[162.75,60.65],[162.89,60.75],[163.35,60.8],[163.77,60.92],[163.49,61],[164.03,61.35],[163.76,61.48],[163.87,61.65],[164.04,61.68],[164.13,62.26],[164.54,62.45],[164.99,62.4],[164.6,62.67],[164.06,62.66],[163.27,62.52],[163.23,62.31],[163.09,62.23],[163.15,62.04],[162.98,61.81],[163.33,61.66],[162.42,61.68],[161.99,61.37],[161.6,61.26],[161.18,60.99],[160.92,60.9],[160.83,60.75],[160.38,60.7],[160.17,60.82],[160.42,60.98],[160,61.11],[159.97,61.38],[160.41,61.76],[160.3,61.94],[159.97,61.76],[159.58,61.65],[159.36,61.89],[158.92,61.9],[158.85,61.83],[158.26,61.83],[158.08,61.73],[157.46,61.78],[156.68,61.52],[156.55,61.21],[156.01,60.95],[155.92,60.75],[154.95,60.37],[154.56,60.09],[154.49,59.9],[154.22,59.87],[154.28,59.65],[154.08,59.51],[154.26,59.44],[154.43,59.55],[154.96,59.5],[155.21,59.34],[155.19,59.18],[154.5,59.22],[154.36,59.11],[154.05,59.05],[153.8,59.17],[153.37,59.24],[153.34,59.09],[153.09,59.08],[152.92,58.92],[152.56,58.95],[152.4,59.02],[152.17,58.98],[152.02,58.88],[151.36,58.86],[151.22,59.09],[151.44,59.17],[151.77,59.13],[152.11,59.16],[152.14,59.3],[151.76,59.3],[151.64,59.48],[151.32,59.56],[150.94,59.56],[150.84,59.45],[150.46,59.61],[149.6,59.76],[149.13,59.64],[148.97,59.45],[148.99,59.36],[148.79,59.24],[148.44,59.26],[148.39,59.38],[147.91,59.39],[147.59,59.3],[146.72,59.38],[146.44,59.46],[146.31,59.28],[146.05,59.14],[145.68,59.42],[145,59.37],[143.84,59.4],[143.49,59.32],[143.16,59.35],[142.26,59.12],[141.95,58.94],[141.58,58.62],[140.9,58.38],[140.67,58.19],[140.5,57.84],[139.98,57.69],[139.79,57.48],[139.56,57.43],[139.42,57.3],[139.2,57.27],[138.66,56.98],[138.11,56.53],[138.22,56.42],[137.91,56.36],[137.83,56.23],[137.57,56.12],[136.77,55.66],[136.57,55.62],[136.32,55.49],[136.22,55.35],[135.87,55.17],[135.53,55.09],[135.22,54.89],[135.27,54.72],[135.65,54.67],[135.75,54.57],[136.25,54.62],[136.88,54.59],[136.74,54.41],[136.82,54.32],[136.68,53.81],[137.19,53.85],[137.29,54.04],[137.06,54.15],[137.45,54.32],[137.68,54.28],[137.49,54.11],[137.6,53.82],[137.34,53.53],[137.92,53.59],[138.3,53.76],[138.25,53.53],[138.5,53.54],[138.66,53.73],[138.76,53.98],[138.74,54.32],[139.16,54.2],[139.37,54.2],[139.8,54.3],[139.82,54.22],[140.24,54.06],[140.25,53.89],[140.54,53.67],[140.95,53.49],[141.25,53.31],[141.43,53.15],[141.19,52.99],[141.28,52.58],[141.12,52.45],[141.17,52.36],[141.51,52.17],[141.31,52.04],[141.43,51.94],[141.2,51.82],[141.11,51.68],[140.91,51.62],[140.9,51.43],[140.71,51.33],[140.66,50.94],[140.54,50.88],[140.44,50.54],[140.55,50.34],[140.52,50.15],[140.66,50.06],[140.42,49.86],[140.54,49.76],[140.56,49.58],[140.34,49.22],[140.38,49.14],[140.19,48.65],[140.17,48.45],[139.39,47.9],[138.96,47.31],[138.89,47.31],[138.53,46.99],[138.35,46.66],[138.34,46.55],[138.2,46.45],[138.1,46.23],[137.78,45.95],[137.67,45.79],[137.4,45.62],[137.14,45.37],[136.83,45.2],[136.55,44.89],[136.36,44.79],[136.13,44.48],[135.89,44.4],[135.66,44.17],[135.49,43.83],[135.23,43.68],[135.14,43.51],[134.97,43.46],[134.59,43.23],[134.19,43.08],[133.93,42.88],[133.6,42.85],[133.16,42.69],[133,42.8],[132.77,42.88],[132.58,42.84],[132.4,42.94],[132.29,42.88],[132.36,43.29],[131.95,43.07],[131.75,43.23],[131.52,43.01],[131.47,42.87],[131.13,42.65],[130.66,42.66],[130.86,42.52],[130.7,42.29],[130.48,42.34],[130.07,42.08],[129.96,41.9],[129.69,41.65],[129.66,41.46],[129.8,41.37],[129.71,41.12],[129.75,40.91],[129.21,40.68],[129.08,40.47],[128.66,40.32],[128.66,40.2],[128.3,40.03],[128.01,40.05],[127.87,39.89],[127.62,39.83],[127.52,39.75],[127.57,39.6],[127.38,39.37],[127.45,39.17],[127.77,39.11],[128.01,38.86],[128.28,38.76],[128.63,38.14],[128.92,37.8],[129.06,37.68],[129.15,37.51],[129.33,37.28],[129.47,36.77],[129.42,36.62],[129.44,36.41],[129.38,36.2],[129.54,36.07],[129.45,35.51],[129.36,35.45],[129.19,35.16],[129,35.08],[128.53,35.1],[128.44,34.84],[128.02,35],[127.64,34.9],[127.77,34.83],[127.64,34.7],[127.51,34.88],[127.39,34.76],[127.5,34.61],[127.32,34.44],[127.22,34.55],[127.29,34.72],[127.01,34.61],[126.81,34.45],[126.48,34.35],[126.49,34.51],[126.27,34.64],[126.41,34.84],[126.37,35.02],[126.45,35.07],[126.36,35.27],[126.51,35.58],[126.73,35.89],[126.53,36.22],[126.57,36.31],[126.42,36.61],[126.13,36.77],[126.34,36.82],[126.57,36.99],[126.76,37.05],[126.6,37.44],[126.53,37.75],[126.4,37.89],[126.06,37.8],[125.9,37.86],[125.8,37.99],[125.61,37.81],[125.35,37.74],[125.3,37.9],[125.01,37.91],[125.01,38.06],[124.9,38.12],[124.88,38.36],[125.06,38.57],[125.26,38.67],[125.14,38.8],[125.29,39.15],[125.43,39.3],[125.23,39.59],[125.05,39.6],[124.87,39.71],[124.67,39.62],[124.55,39.82],[124.32,39.91],[123.99,39.81],[123.62,39.87],[123.17,39.67],[123.01,39.68],[122.4,39.41],[122.12,39.2],[122.13,39.14],[121.65,38.86],[121.34,38.81],[121.15,38.73],[121.09,38.9],[121.67,39.09],[121.55,39.36],[121.44,39.51],[121.46,39.75],[121.54,39.86],[121.77,39.92],[122.09,40.23],[122.11,40.31],[122.3,40.5],[122.05,40.75],[121.85,40.83],[121.58,40.84],[121.36,40.94],[121.18,40.92],[120.99,40.83],[120.94,40.69],[120.62,40.47],[120.44,40.19],[119.95,40.06],[119.91,40],[119.54,39.89],[119.34,39.72],[119.26,39.54],[119.31,39.43],[118.94,39.14],[118.62,39.16],[118.34,39.03],[118.24,39.05],[118.05,39.22],[117.89,39.2],[117.72,39.09],[117.58,38.81],[117.57,38.61],[117.72,38.38],[118.08,38.14],[118.54,38.07],[118.65,38.15],[118.84,38.15],[119,37.96],[119.24,37.77],[119.04,37.72],[118.98,37.61],[118.97,37.28],[119.15,37.18],[119.44,37.12],[119.77,37.15],[119.9,37.25],[119.86,37.36],[120.06,37.44],[120.46,37.75],[120.74,37.83],[120.93,37.82],[121.14,37.7],[121.19,37.58],[121.38,37.57],[121.48,37.47],[122.13,37.48],[122.55,37.31],[122.45,37.15],[122.53,36.94],[122.32,36.82],[122.04,36.98],[121.56,36.77],[121.41,36.75],[120.75,36.46],[120.65,36.33],[120.7,36.14],[120.35,36.04],[120.36,36.19],[120.11,36.2],[120.1,36.1],[120.24,35.97],[119.81,35.65],[119.65,35.58],[119.55,35.38],[119.42,35.31],[119.36,35.1],[119.21,35.05],[119.2,34.78],[119.35,34.78],[119.64,34.55],[119.94,34.46],[120.26,34.31],[120.41,33.86],[120.63,33.48],[120.73,33.2],[120.9,33.01],[120.86,32.72],[120.91,32.63],[121.35,32.41],[121.44,32.11],[121.66,32.06],[121.82,31.95],[121.92,31.75],[121.68,31.72],[121.29,31.89],[121.12,31.8],[121.14,31.68],[121.32,31.5],[121.73,31.28],[121.98,30.91],[121.91,30.86],[121.63,30.84],[121.41,30.77],[120.98,30.54],[120.94,30.42],[120.73,30.23],[120.89,30.17],[121.15,30.33],[121.38,30.33],[121.68,30],[121.91,29.92],[121.98,29.82],[121.7,29.57],[121.46,29.53],[121.47,29.42],[121.92,29.64],[121.97,29.6],[121.91,29.28],[121.84,29.16],[121.61,29.21],[121.68,29.03],[121.67,28.83],[121.51,28.66],[121.66,28.34],[121.24,28.31],[121.01,28.1],[120.97,27.99],[120.84,27.96],[120.81,27.83],[120.67,27.63],[120.68,27.49],[120.55,27.4],[120.52,27.2],[120.36,27.1],[120.24,26.93],[120.13,26.93],[120.08,26.65],[119.58,26.79],[119.55,26.62],[119.68,26.62],[119.67,26.28],[119.57,26.05],[119.62,25.89],[119.56,25.56],[119.37,25.52],[119.11,25.41],[119.29,25.33],[119.29,25.19],[118.99,25.22],[118.88,25.04],[119,24.95],[118.72,24.84],[118.75,24.72],[118.57,24.57],[118.13,24.62],[118.04,24.58],[117.99,24.39],[118.13,24.26],[117.99,24.19],[117.89,24.03],[117.58,23.89],[117.46,23.79],[117.29,23.76],[117.26,23.66],[117.08,23.56],[116.92,23.64],[116.87,23.45],[116.73,23.26],[116.53,23.11],[116.49,22.94],[116.3,22.96],[116.17,22.86],[115.81,22.81],[115.58,22.88],[115.52,22.74],[115.37,22.69],[115.25,22.84],[115.07,22.8],[114.87,22.6],[114.74,22.61],[114.72,22.79],[114.4,22.61],[114.25,22.57],[114.28,22.27],[114.11,22.37],[113.91,22.38],[113.74,22.76],[113.66,22.8],[113.61,22.99],[113.37,22.88],[113.44,22.74],[113.6,22.58],[113.55,22.44],[113.59,22.24],[113.48,22.16],[113.3,22.18],[113.23,22.04],[113.03,21.96],[112.96,21.88],[112.83,21.97],[112.61,21.78],[112.44,21.83],[112.24,21.71],[112.17,21.81],[111.99,21.76],[111.69,21.6],[111.63,21.53],[111.3,21.5],[111.21,21.53],[110.87,21.38],[110.79,21.4],[110.64,21.23],[110.48,21.22],[110.16,20.99],[110.16,20.85],[110.39,20.83],[110.34,20.73],[110.53,20.48],[110.4,20.3],[110.13,20.25],[110.02,20.42],[109.82,20.52],[109.75,20.63],[109.77,20.82],[109.66,20.93],[109.67,21.12],[109.77,21.22],[109.81,21.36],[109.92,21.49],[109.53,21.49],[109.21,21.42],[109.14,21.6],[108.75,21.65],[108.57,21.81],[108.45,21.66],[108.14,21.58],[107.93,21.44],[107.88,21.53],[107.6,21.3],[107.39,21.28],[107.33,21.01],[107.16,20.93],[106.76,20.94],[106.7,20.69],[106.57,20.52],[106.57,20.23],[106.4,20.2],[106.26,20.06],[105.96,19.93],[105.92,19.77],[105.81,19.6],[105.74,19.11],[105.64,19.07],[105.65,18.89],[105.78,18.75],[105.83,18.59],[106.1,18.29],[106.4,18.11],[106.52,17.95],[106.47,17.75],[106.63,17.47],[106.76,17.34],[107.11,17.09],[107.22,16.91],[107.76,16.46],[107.81,16.31],[107.95,16.36],[108.15,16.22],[108.31,15.96],[108.7,15.45],[108.88,15.34],[108.94,14.98],[109.08,14.73],[109.07,14.58],[109.18,14.3],[109.3,13.76],[109.3,13.58],[109.23,13.39],[109.31,13.34],[109.31,13.13],[109.47,12.91],[109.2,12.65],[109.2,11.95],[109.13,11.86],[109.24,11.74],[109.14,11.57],[109.03,11.52],[109.02,11.36],[108.82,11.32],[108.73,11.18],[108.58,11.18],[108.34,10.95],[108.11,10.92],[108,10.7],[107.88,10.72],[107.33,10.44],[106.96,10.5],[106.88,10.65],[106.73,10.52],[106.79,10.39],[106.67,10.03],[106.58,9.65],[106.4,9.54],[106.2,9.54],[106.19,9.37],[105.54,9.13],[105.33,8.84],[105.1,8.63],[104.86,8.57],[104.85,8.73],[104.77,8.82],[104.81,9.05],[104.84,9.56],[104.89,9.85],[105.09,10],[104.9,10.1],[104.8,10.21],[104.59,10.26],[104.45,10.43],[104.29,10.54],[103.85,10.59],[103.62,10.5],[103.51,10.64],[103.67,10.76],[103.72,10.89],[103.66,11.03],[103.47,11.13],[103.4,10.88],[103.1,10.93],[103.11,11.16],[103.08,11.27],[103.11,11.46],[102.98,11.53],[102.91,11.74],[102.78,11.9],[102.75,12.04],[102.3,12.19],[102.07,12.49],[101.83,12.67],[101.44,12.62],[101.09,12.68],[100.93,12.62],[100.84,12.71],[100.88,13.1],[100.98,13.36],[100.95,13.47],[100.65,13.52],[100.29,13.51],[100.04,13.4],[99.97,13.26],[100.1,13.06],[99.99,12.79],[99.96,12.63],[100.02,12.19],[99.86,11.97],[99.82,11.74],[99.75,11.71],[99.57,11.33],[99.59,11.2],[99.49,11.11],[99.51,10.9],[99.24,10.54],[99.15,10.36],[99.18,9.64],[99.32,9.39],[99.26,9.23],[99.47,9.2],[99.69,9.32],[99.85,9.29],[99.92,9.1],[99.96,8.64],[100.1,8.42],[100.22,8.45],[100.44,7.48],[100.32,7.62],[100.31,7.76],[100.14,7.7],[100.19,7.51],[100.4,7.21],[100.49,7.14],[100.61,7.19],[100.77,6.98],[101,6.86],[101.39,6.91],[101.57,6.83],[101.77,6.5],[102.16,6.2],[102.38,6.13],[102.5,5.9],[103.12,5.38],[103.45,4.8],[103.49,4.34],[103.4,4.12],[103.44,3.98],[103.34,3.76],[103.48,3.51],[103.43,3.37],[103.46,3.2],[103.43,2.96],[103.47,2.85],[103.64,2.67],[103.77,2.62],[103.95,2.34],[103.98,2.19],[104.12,1.95],[104.26,1.64],[104.29,1.45],[104.22,1.35],[103.84,1.48],[103.68,1.44],[103.5,1.29],[103.37,1.54],[102.8,1.86],[102.72,1.85],[102.49,2.09],[102.19,2.22],[101.99,2.39],[101.86,2.42],[101.78,2.58],[101.54,2.66],[101.28,2.91],[101.37,3],[101.3,3.27],[101.11,3.47],[101.04,3.62],[100.72,3.87],[100.78,4.09],[100.63,4.16],[100.57,4.32],[100.63,4.53],[100.58,4.85],[100.45,4.91],[100.36,5.08],[100.43,5.3],[100.39,5.38],[100.34,5.67],[100.38,5.81],[100.35,6.01],[100.17,6.29],[100.1,6.52],[99.8,6.82],[99.69,6.88],[99.69,7.12],[99.58,7.16],[99.52,7.31],[99.37,7.34],[99.29,7.62],[99.14,7.74],[98.92,8.05],[98.75,8.07],[98.74,8.21],[98.6,8.37],[98.45,8.33],[98.42,8.15],[98.28,8.24],[98.2,8.53],[98.22,8.74],[98.38,9.07],[98.33,9.2],[98.47,9.62],[98.54,9.71],[98.51,9.84],[98.6,9.95],[98.52,10.03],[98.49,10.2],[98.53,10.36],[98.46,10.72],[98.58,10.77],[98.71,10.92],[98.71,11.1],[98.76,11.27],[98.7,11.39],[98.68,11.68],[98.61,11.73],[98.72,11.96],[98.55,12.28],[98.69,12.71],[98.58,13.03],[98.58,13.19],[98.48,13.28],[98.43,13.48],[98.24,13.71],[98.1,13.7],[98.06,14.01],[98.11,14.13],[97.79,14.88],[97.81,15.17],[97.73,15.34],[97.79,15.41],[97.73,15.84],[97.58,16.01],[97.65,16.28],[97.55,16.54],[97.4,16.52],[97.26,16.7],[97.2,17],[97.07,17.25],[96.91,17.28],[96.85,17.21],[96.91,17.02],[96.8,16.74],[96.62,16.52],[96.34,16.44],[96.29,16.37],[96.07,16.31],[95.98,16.22],[95.76,16.15],[95.66,15.95],[95.4,15.72],[95.17,15.78],[95.12,15.89],[94.98,15.76],[94.86,15.78],[94.84,15.96],[94.66,15.85],[94.56,15.96],[94.68,16.21],[94.64,16.28],[94.52,16.29],[94.51,16.19],[94.34,16],[94.24,15.98],[94.22,16.16],[94.27,16.54],[94.4,16.79],[94.38,16.89],[94.57,17.31],[94.55,17.54],[94.6,17.62],[94.45,17.97],[94.48,18.09],[94.39,18.36],[94.28,18.48],[94.21,18.74],[94.13,18.85],[93.93,18.86],[93.75,18.97],[93.5,19.31],[93.67,19.31],[93.8,19.24],[93.93,19.3],[93.99,19.39],[93.98,19.46],[93.91,19.47],[93.74,19.62],[93.6,19.78],[93.57,19.92],[93.41,19.98],[93.37,20.09],[93.15,19.99],[92.77,20.2],[92.9,20.31],[92.83,20.48],[92.65,20.42],[92.45,20.67],[92.3,20.76],[92.19,21],[92.05,21.15],[92.05,21.3],[91.96,21.42],[92.02,21.6],[91.91,21.78],[91.86,22.11],[91.68,22.53],[91.46,22.78],[91.24,22.7],[91.2,22.54],[90.95,22.58],[90.77,22.78],[90.63,23.09],[90.47,23.08],[90.51,22.94],[90.41,22.76],[90.49,22.72],[90.61,22.47],[90.61,22.31],[90.46,22.09],[90.33,22.04],[90.27,21.86],[90.18,21.8],[90.02,21.86],[89.93,22],[89.81,21.84],[89.47,21.78],[89.37,21.83],[89.19,21.79],[88.99,21.91],[89.08,21.62],[88.88,21.67],[88.76,21.56],[88.68,21.7],[88.58,21.57],[88.39,21.6],[88.25,21.56],[88.18,21.68],[88.2,21.81],[88.05,21.99],[87.97,21.84],[87.7,21.66],[87.25,21.56],[87.06,21.48],[86.92,21.33],[86.84,21.08],[87,20.66],[86.73,20.46],[86.7,20.28],[86.5,20.18],[86.37,19.96],[86.27,19.91],[85.74,19.77],[85.55,19.69],[85.57,19.88],[85.46,19.9],[85.22,19.74],[85.1,19.51],[85.18,19.48],[84.87,19.22],[84.42,18.64],[84.28,18.53],[84.08,18.27],[83.61,18.05],[83.43,17.85],[83.24,17.59],[82.9,17.41],[82.72,17.35],[82.47,17.21],[82.3,17.03],[82.27,16.87],[82.37,16.81],[82.31,16.58],[81.99,16.41],[81.76,16.32],[81.32,16.37],[81.25,16.32],[81.16,15.99],[81,15.85],[80.69,15.9],[80.47,15.83],[80.26,15.67],[80.09,15.3],[80.05,15.01],[80.11,14.7],[80.2,14.57],[80.12,14.24],[80.16,13.99],[80.24,13.84],[80.12,13.5],[80.33,13.43],[80.33,13.2],[80.29,13.07],[80.23,12.67],[80.16,12.47],[79.86,12.02],[79.75,11.58],[79.82,11.39],[79.86,11.16],[79.84,10.95],[79.86,10.38],[79.76,10.26],[79.4,10.32],[79.24,10.17],[79.28,10.04],[78.98,9.67],[78.91,9.47],[78.96,9.27],[78.62,9.14],[78.45,9.12],[78.24,8.97],[78.18,8.86],[78.13,8.49],[78.06,8.37],[77.51,8.08],[77.32,8.13],[77,8.37],[76.54,8.91],[76.31,9.49],[76.36,9.92],[76.18,10.17],[76.05,10.51],[75.92,10.77],[75.83,11.1],[75.7,11.42],[75.62,11.47],[75.53,11.69],[75.29,11.98],[75.19,12.02],[75.13,12.21],[74.96,12.54],[74.82,12.86],[74.61,13.84],[74.5,14.01],[74.39,14.41],[74.31,14.52],[74.26,14.7],[74.11,14.78],[73.95,15.16],[73.89,15.44],[73.77,15.5],[73.59,15.9],[73.45,16.07],[73.32,16.51],[73.32,16.69],[73.23,17.3],[73.13,17.54],[73.12,17.72],[72.98,18.08],[72.98,18.3],[72.89,18.44],[72.92,18.55],[72.85,18.77],[72.93,18.83],[72.82,19.05],[72.72,19.61],[72.65,19.84],[72.75,20.28],[72.88,20.51],[72.94,20.77],[72.78,21.04],[72.8,21.13],[72.61,21.27],[72.62,21.49],[72.8,21.67],[72.53,21.71],[72.51,21.96],[72.55,22.28],[72.32,22.18],[72.26,22.01],[72.13,21.98],[72.17,21.79],[72.3,21.65],[72.24,21.48],[72.1,21.32],[72.1,21.21],[71.72,21.03],[71.46,20.89],[70.98,20.71],[70.84,20.7],[70.54,20.81],[70.34,20.93],[70.06,21.15],[69.81,21.43],[69.48,21.75],[69.2,21.98],[68.99,22.2],[68.97,22.4],[69.21,22.4],[69.36,22.33],[69.62,22.36],[69.96,22.54],[70.18,22.56],[70.4,22.95],[70.27,22.96],[69.83,22.86],[69.72,22.75],[69.24,22.84],[68.87,23.02],[68.55,23.26],[68.56,23.36],[68.42,23.45],[68.33,23.59],[68.18,23.59],[67.86,23.87],[67.63,23.8],[67.44,24.07],[67.3,24.19],[67.25,24.47],[67.15,24.64],[67.18,24.76],[66.97,24.84],[66.68,24.83],[66.72,25.23],[66.44,25.6],[66.25,25.47],[65.86,25.42],[65.67,25.35],[65.4,25.39],[65.16,25.3],[64.81,25.33],[64.66,25.23],[64.07,25.35],[63.57,25.36],[63.5,25.19],[63.18,25.26],[63.03,25.22],[62.77,25.26],[62.48,25.26],[62.37,25.18],[62.08,25.2],[62.08,25.1],[61.88,25.1],[61.68,25.2],[61.5,25.21],[61.41,25.06],[61.03,25.21],[60.63,25.27],[60.55,25.45],[60.36,25.33],[60.08,25.37],[59.9,25.33],[59.77,25.39],[59.54,25.4],[59.45,25.46],[59.12,25.39],[58.99,25.42],[58.81,25.56],[58.55,25.59],[58.07,25.56],[57.96,25.69],[57.33,25.78],[57.16,26.09],[57.08,26.45],[57.09,26.62],[56.97,26.97],[56.81,27.14],[56.35,27.2],[56.12,27.16],[55.94,27.03],[55.68,27],[55.55,26.81],[55.27,26.79],[54.8,26.5],[54.62,26.51],[54.39,26.61],[54.31,26.71],[54,26.75],[53.72,26.71],[53.49,26.85],[53.41,26.99],[53.07,27.1],[52.6,27.35],[52.57,27.54],[52.42,27.65],[52.24,27.68],[52.01,27.83],[51.59,27.85],[51.38,27.99],[51.26,28.16],[51.26,28.27],[51.14,28.4],[51.06,28.74],[50.81,28.91],[50.92,29.07],[50.84,29.14],[50.64,29.14],[50.66,29.45],[50.4,29.65],[50.14,29.94],[50.07,30.2],[49.91,30.2],[49.6,30.03],[49.48,30.16],[49.25,30.16],[49,30.31],[49.17,30.51],[48.98,30.52],[48.86,30.35],[48.93,30.08],[48.52,29.93],[48.21,30.02],[47.95,29.99],[48.02,29.78],[48.18,29.56],[47.97,29.58],[47.73,29.36],[48.09,29.29],[48.16,29.02],[48.33,28.76],[48.41,28.57],[48.49,28.5],[48.61,28.13],[48.88,27.84],[48.79,27.74],[48.87,27.61],[49.09,27.55],[49.3,27.33],[49.41,27.13],[49.52,27.19],[49.7,26.96],[49.94,26.86],[50.03,26.49],[50.19,26.4],[50.22,26.22],[50.1,25.99],[50.23,25.62],[50.35,25.48],[50.46,25.45],[50.56,25.05],[50.73,24.88],[50.78,25.09],[50.75,25.42],[50.88,25.63],[50.9,25.79],[51.05,26.05],[51.25,26.16],[51.39,25.97],[51.58,25.88],[51.55,25.65],[51.47,25.52],[51.51,25.31],[51.62,25.14],[51.59,24.95],[51.44,24.68],[51.27,24.62],[51.4,24.49],[51.28,24.3],[51.48,24.31],[51.63,24.23],[51.78,24.24],[51.81,24],[52.22,23.97],[52.34,24.01],[52.63,24.19],[52.67,24.14],[53.25,24.1],[53.44,24.12],[53.58,24.05],[53.85,24.06],[54.12,24.14],[54.45,24.32],[54.56,24.46],[54.71,24.8],[55.08,25.02],[55.52,25.54],[55.84,25.71],[56.01,25.88],[56.18,26.25],[56.3,26.21],[56.4,25.99],[56.28,25.63],[56.37,25.53],[56.36,25.06],[56.41,24.9],[56.61,24.5],[56.94,24.12],[57.15,23.95],[57.91,23.72],[58.04,23.72],[58.41,23.62],[58.49,23.66],[58.79,23.51],[59.08,23.06],[59.21,22.97],[59.3,22.79],[59.54,22.58],[59.78,22.54],[59.84,22.45],[59.79,22.2],[59.69,22.08],[59.65,21.93],[59.5,21.76],[59.34,21.44],[59.17,21.36],[58.92,21.14],[58.79,20.93],[58.68,20.83],[58.52,20.42],[58.47,20.37],[58.22,20.4],[58.26,20.59],[58.1,20.58],[57.86,20.26],[57.85,20.11],[57.7,19.75],[57.7,19.55],[57.77,19.41],[57.75,19.27],[57.84,19.02],[57.71,18.94],[57.5,18.95],[57.21,18.91],[56.92,18.81],[56.66,18.6],[56.56,18.15],[56.34,17.94],[56.19,17.96],[55.65,17.9],[55.45,17.84],[55.23,17.52],[55.3,17.42],[55.25,17.23],[55.03,17.01],[54.81,16.95],[54.59,17.04],[54.39,17.04],[54.02,16.99],[53.98,16.91],[53.75,16.87],[53.58,16.75],[53.34,16.73],[52.6,16.48],[52.29,16.26],[52.16,15.98],[52.22,15.85],[52.23,15.62],[52.05,15.57],[51.68,15.4],[51.37,15.23],[51.07,15.15],[50.55,15.05],[50.18,14.84],[49.94,14.84],[49.58,14.74],[49.08,14.51],[49,14.32],[48.68,14.04],[48.34,14.02],[48.19,13.97],[48.02,14.06],[47.67,13.89],[47.4,13.65],[46.91,13.53],[46.7,13.43],[46.31,13.41],[46.23,13.44],[45.67,13.34],[45.4,13.07],[45.19,13.01],[44.87,12.73],[44.69,12.8],[44.54,12.8],[44.43,12.69],[44.19,12.62],[43.95,12.6],[43.91,12.65],[43.59,12.75],[43.47,12.85],[43.25,13.21],[43.28,13.72],[43.23,13.88],[43.1,14.08],[42.99,14.45],[43.03,14.54],[42.94,14.79],[42.94,14.95],[42.8,15.25],[42.77,15.49],[42.7,15.72],[42.82,15.87],[42.84,16.05],[42.79,16.47],[42.74,16.67],[42.54,16.88],[42.54,17],[42.34,17.17],[42.3,17.45],[42.09,17.65],[41.72,17.91],[41.45,18.36],[41.44,18.46],[41.21,18.7],[41.25,18.83],[41.14,18.96],[40.96,19.34],[40.94,19.51],[40.78,19.6],[40.79,19.71],[40.63,19.79],[40.52,19.97],[40.27,20.13],[40.07,20.29],[39.92,20.26],[39.65,20.46],[39.51,20.75],[39.3,20.93],[39.08,21.32],[39.17,21.4],[39.08,21.71],[38.98,21.86],[39.04,22.24],[39.14,22.39],[38.96,22.77],[38.96,22.87],[38.81,22.98],[38.6,23.57],[38.49,23.64],[38.45,23.78],[38.08,24.07],[37.87,24.15],[37.68,24.29],[37.52,24.27],[37.46,24.44],[37.15,24.85],[37.28,24.96],[37.23,25.19],[37.11,25.32],[36.94,25.65],[36.66,25.86],[36.7,26.02],[36.54,26.08],[36.23,26.63],[35.83,27.09],[35.81,27.19],[35.56,27.46],[35.49,27.63],[35.32,27.88],[35.05,28.12],[34.9,28.08],[34.63,28.16],[34.8,28.53],[34.78,28.66],[34.85,29.05],[35,29.52],[34.85,29.46],[34.74,29.31],[34.67,29.11],[34.63,28.77],[34.41,28.31],[34.46,28.17],[34.43,27.98],[34.24,27.79],[34.08,27.8],[33.76,28.02],[33.56,28.3],[33.43,28.37],[33.23,28.57],[33.15,29.03],[32.89,29.24],[32.68,29.6],[32.69,29.73],[32.56,29.97],[32.34,29.6],[32.59,29.35],[32.66,29.09],[32.63,28.97],[32.82,28.75],[32.87,28.58],[33,28.49],[33.13,28.29],[33.51,27.96],[33.56,27.54],[33.69,27.34],[33.83,27.26],[33.84,27.12],[34,26.85],[33.94,26.65],[34.01,26.61],[34.34,26],[34.55,25.73],[34.68,25.43],[34.99,24.91],[35.24,24.4],[35.39,24.28],[35.51,23.98],[35.49,23.5],[35.57,23.21],[35.7,22.93],[35.89,22.74],[36.2,22.65],[36.44,22.36],[36.9,22.07],[36.87,21.82],[36.98,21.47],[37.15,21.17],[37.09,21.06],[37.15,20.94],[37.23,20.57],[37.18,20.35],[37.22,20.12],[37.2,19.98],[37.26,19.82],[37.24,19.66],[37.33,19.16],[37.43,18.86],[37.55,18.71],[37.67,18.74],[37.93,18.59],[38.15,18.25],[38.25,18.24],[38.58,18.08],[38.62,17.95],[38.93,17.4],[39.06,17.03],[39.16,16.63],[39.24,16.11],[39.31,15.89],[39.43,15.82],[39.48,15.61],[39.59,15.53],[39.72,15.26],[39.88,15.5],[40.07,15.35],[40.03,15.24],[40.16,14.98],[40.3,14.92],[40.38,14.99],[40.55,14.99],[40.81,14.7],[41.16,14.64],[41.62,14.06],[41.68,13.94],[41.98,13.84],[42.1,13.65],[42.29,13.57],[42.38,13.22],[42.52,13.24],[42.74,13.02],[42.77,12.86],[43.09,12.82],[43.16,12.64],[43.31,12.48],[43.41,12.24],[43.38,12],[43.21,11.96],[43.04,11.8],[42.75,11.71],[42.68,11.58],[43.12,11.58],[43.46,11.35],[43.49,11.24],[43.66,10.99],[43.83,10.8],[44.27,10.46],[44.39,10.4],[44.59,10.38],[44.75,10.43],[44.96,10.42],[45.34,10.67],[45.49,10.68],[45.8,10.88],[46.1,10.77],[46.21,10.8],[46.45,10.69],[46.66,10.75],[47.01,10.94],[47.18,11.08],[47.37,11.17],[47.52,11.19],[47.68,11.11],[48.16,11.15],[48.34,11.28],[48.65,11.33],[48.9,11.25],[49.24,11.3],[49.52,11.39],[49.58,11.46],[49.85,11.46],[50.27,11.59],[50.51,11.77],[50.58,11.92],[50.8,11.99],[51.03,11.89],[51.29,11.83],[51.25,11.65],[51.12,11.51],[51.09,11.19],[51.14,10.68],[51.24,10.43],[50.93,10.33],[50.9,10.02],[50.81,9.62],[50.84,9.46],[50.68,9.26],[50.65,9.11],[50.42,8.86],[50.29,8.49],[50.06,8.13],[49.84,7.96],[49.82,7.74],[49.59,7.31],[49.37,7.03],[49.25,6.81],[49.07,6.42],[49.04,6.14],[48.65,5.48],[48.2,4.91],[47.95,4.46],[47.58,4.06],[47.49,3.94],[46.63,3.02],[46.24,2.67],[46.03,2.44],[45.23,1.97],[45,1.87],[44.55,1.56],[44.15,1.23],[43.93,1.01],[43.78,0.92],[43.47,0.62],[42.89,0],[42.65,-0.23],[42.08,-0.86],[41.84,-1.22],[41.65,-1.57],[41.3,-1.96],[41.2,-1.94],[40.9,-2.08],[40.83,-2.37],[40.62,-2.55],[40.39,-2.56],[40.17,-2.76],[40.16,-2.93],[40.23,-2.99],[40.13,-3.25],[39.97,-3.4],[39.85,-3.63],[39.79,-3.92],[39.67,-4.09],[39.55,-4.4],[39.36,-4.63],[39.26,-4.61],[39.21,-4.87],[39.13,-4.92],[39.14,-5.1],[39.07,-5.19],[39,-5.47],[38.83,-5.82],[38.78,-6.03],[38.86,-6.16],[38.85,-6.35],[39.04,-6.47],[39.21,-6.64],[39.29,-6.82],[39.46,-6.86],[39.55,-6.99],[39.55,-7.12],[39.43,-7.19],[39.3,-7.45],[39.3,-7.69],[39.44,-7.83],[39.45,-8.01],[39.35,-8.26],[39.28,-8.31],[39.41,-8.87],[39.49,-8.94],[39.49,-9.08],[39.64,-9.19],[39.65,-9.44],[39.75,-9.75],[39.78,-9.93],[39.99,-10.14],[40.23,-10.2],[40.42,-10.44],[40.51,-10.48],[40.6,-10.82],[40.5,-10.96],[40.55,-11.07],[40.51,-11.19],[40.35,-11.32],[40.47,-11.42],[40.43,-11.64],[40.54,-12],[40.49,-12.25],[40.53,-12.39],[40.48,-12.48],[40.65,-12.76],[40.56,-12.81],[40.57,-13.37],[40.54,-13.66],[40.65,-14.03],[40.61,-14.14],[40.75,-14.27],[40.84,-14.46],[40.84,-14.8],[40.67,-14.98],[40.68,-15.23],[40.57,-15.5],[40.43,-15.62],[40.16,-15.92],[39.99,-16.22],[39.81,-16.28],[39.7,-16.53],[39.2,-16.82],[39.09,-16.98],[38.6,-17.09],[38.04,-17.33],[37.91,-17.36],[37.36,-17.65],[37.09,-17.87],[36.89,-18.19],[36.55,-18.49],[36.24,-18.88],[36.11,-18.81],[35.66,-19.13],[35.34,-19.52],[35.13,-19.71],[34.88,-19.86],[34.76,-19.87],[34.78,-20.14],[34.68,-20.35],[34.74,-20.55],[34.85,-20.67],[34.99,-20.73],[35.12,-20.97],[35.06,-21.14],[35.15,-21.45],[35.27,-21.64],[35.34,-22.09],[35.5,-22.14],[35.54,-22.41],[35.49,-22.56],[35.52,-22.91],[35.6,-22.94],[35.48,-23.18],[35.42,-23.48],[35.39,-23.84],[35.54,-23.86],[35.49,-24.11],[35.11,-24.6],[34.65,-24.81],[34.48,-24.85],[33.73,-25.11],[33.15,-25.37],[32.87,-25.54],[32.69,-25.89],[32.59,-25.97],[32.68,-26.19],[32.93,-26.27],[32.89,-26.85],[32.84,-27.12],[32.68,-27.52],[32.54,-28.19],[32.42,-28.38],[32.38,-28.55],[32.01,-28.87],[31.75,-28.97],[31.49,-29.21],[31.19,-29.56],[31.02,-29.87],[30.39,-30.85],[30.01,-31.29],[29.78,-31.43],[29.39,-31.74],[29.15,-31.97],[28.87,-32.29],[28.55,-32.56],[28.21,-32.77],[27.9,-33.04],[27.73,-33.11],[27.38,-33.36],[26.52,-33.76],[26.29,-33.77],[25.96,-33.71],[25.68,-33.8],[25.6,-34.05],[25.1,-33.96],[24.95,-33.99],[24.84,-34.13],[24.58,-34.18],[24.16,-34.05],[23.64,-33.98],[23.43,-34.01],[23.41,-34.11],[22.94,-34.08],[22.63,-34],[22.28,-34.06],[22.11,-34.19],[21.92,-34.25],[21.89,-34.34],[21.7,-34.39],[21.52,-34.35],[21.26,-34.42],[20.96,-34.36],[20.52,-34.45],[20.21,-34.67],[19.95,-34.81],[19.86,-34.75],[19.64,-34.77],[19.4,-34.6],[19.3,-34.42],[19.09,-34.34],[18.81,-34.36],[18.86,-34.15],[18.74,-34.08],[18.56,-34.07],[18.44,-34.14],[18.31,-34.03],[18.48,-33.9],[18.43,-33.7],[18.31,-33.48],[18.15,-33.36],[18.08,-33.2],[17.91,-33.05],[17.85,-32.83],[17.97,-32.7],[18.08,-32.78],[18.27,-32.65],[18.33,-32.49],[18.35,-32.26],[18.28,-31.89],[18.17,-31.66],[17.89,-31.34],[17.56,-30.84],[17.54,-30.75],[17.28,-30.35],[17.1,-29.88],[17.06,-29.68],[16.81,-29.08],[16.6,-28.86],[16.56,-28.71],[16.35,-28.56],[16.04,-28.26],[15.68,-27.95],[15.52,-27.63],[15.3,-27.32],[15.23,-26.97],[15.08,-26.7],[15.17,-26.6],[15.13,-26.46],[14.97,-26.34],[14.98,-26.06],[14.84,-25.76],[14.88,-25.58],[14.8,-25.26],[14.85,-25.06],[14.78,-24.8],[14.6,-24.56],[14.61,-24.45],[14.47,-24.16],[14.5,-23.58],[14.43,-23.42],[14.49,-23.31],[14.41,-22.97],[14.52,-22.92],[14.51,-22.55],[14.39,-22.28],[14.14,-21.95],[13.95,-21.78],[13.96,-21.7],[13.83,-21.46],[13.6,-21.16],[13.39,-20.82],[13.15,-20.15],[13.07,-20.11],[13.01,-19.94],[12.7,-19.41],[12.57,-19.1],[12.29,-18.7],[12.03,-18.51],[11.94,-18.23],[11.85,-18.14],[11.72,-17.55],[11.76,-17.03],[11.82,-16.78],[11.82,-16.48],[11.74,-15.9],[11.99,-15.62],[12.06,-15.23],[12.1,-15.17],[12.21,-14.83],[12.27,-14.75],[12.33,-14.43],[12.33,-14.09],[12.42,-13.88],[12.5,-13.86],[12.51,-13.44],[12.63,-13.34],[12.94,-12.98],[12.94,-12.82],[13.18,-12.6],[13.36,-12.59],[13.51,-12.37],[13.64,-12.25],[13.77,-11.92],[13.79,-11.77],[13.79,-11.34],[13.85,-11.11],[13.83,-10.91],[13.74,-10.78],[13.75,-10.65],[13.52,-10.39],[13.51,-10.28],[13.32,-9.98],[13.33,-9.89],[13.2,-9.71],[13.22,-9.61],[13.17,-9.4],[13,-9.09],[13.21,-8.81],[13.38,-8.76],[13.41,-8.64],[13.34,-8.47],[13.37,-8.32],[13.28,-8.18],[12.85,-7.27],[12.82,-6.95],[12.62,-6.73],[12.28,-6.15],[12.65,-6.03],[12.74,-6.05],[12.93,-5.98],[12.82,-5.83],[12.72,-5.98],[12.45,-6.05],[12.25,-5.83],[12.15,-5.62],[12.23,-5.48],[12.12,-5.18],[12.13,-5.01],[12.01,-5.02],[11.78,-4.68],[11.81,-4.58],[11.4,-4.22],[11.36,-4.11],[11.02,-3.86],[10.98,-3.71],[10.65,-3.45],[10.64,-3.31],[10.45,-3.13],[9.9,-2.7],[9.84,-2.5],[9.6,-2.35],[9.57,-2.19],[9.37,-2],[9.24,-1.79],[9.3,-1.58],[9.29,-1.42],[9.03,-1.3],[9.02,-1.17],[8.88,-0.97],[8.8,-0.73],[8.93,-0.69],[9,-0.81],[9.1,-0.6],[9.27,-0.41],[9.35,0],[9.5,0.29],[9.31,0.61],[9.52,0.68],[9.62,0.81],[9.51,1.14],[9.36,1.15],[9.41,1.28],[9.56,1.5],[9.62,1.67],[9.8,1.9],[9.77,2.09],[9.88,2.88],[9.96,3.08],[9.9,3.27],[9.78,3.44],[9.64,3.54],[9.59,3.81],[9.66,3.94],[9.58,4.01],[9.41,3.9],[8.97,4.1],[8.87,4.6],[8.7,4.5],[8.58,4.49],[8.47,4.71],[8.3,4.55],[8.03,4.56],[7.76,4.52],[7.56,4.53],[7.17,4.61],[7.18,4.5],[6.97,4.37],[6.1,4.28],[5.95,4.34],[5.59,4.64],[5.49,4.84],[5.36,5.17],[5.34,5.34],[5.2,5.5],[5.01,5.85],[4.72,6.16],[4.41,6.36],[4.13,6.41],[3.54,6.45],[3.38,6.4],[2.93,6.39],[2.31,6.33],[1.88,6.27],[1.43,6.18],[1.13,6.07],[1,5.84],[0.91,5.78],[0.72,5.76],[0.32,5.78],[0,5.62],[-0.37,5.49],[-0.51,5.37],[-0.64,5.34],[-0.8,5.21],[-1.05,5.2],[-1.23,5.1],[-1.57,5.02],[-1.75,4.88],[-2.09,4.74],[-2.36,4.92],[-2.69,5.01],[-2.96,5.05],[-3.21,5.22],[-3.31,5.12],[-3.84,5.2],[-4.13,5.31],[-4.48,5.29],[-4.44,5.23],[-4.78,5.14],[-5.52,5.1],[-5.85,5.03],[-6.58,4.76],[-6.91,4.66],[-7.06,4.54],[-7.17,4.52],[-7.46,4.34],[-7.71,4.36],[-7.83,4.45],[-8.26,4.58],[-8.61,4.79],[-9.01,4.98],[-9.28,5.15],[-9.5,5.39],[-10.04,5.85],[-10.05,5.9],[-10.4,6.18],[-10.66,6.23],[-10.79,6.29],[-10.82,6.44],[-11.05,6.58],[-11.35,6.7],[-11.37,6.81],[-11.49,6.93],[-11.84,7.15],[-12.31,7.33],[-12.51,7.39],[-12.43,7.53],[-12.53,7.69],[-12.71,7.71],[-12.88,7.83],[-12.9,8.08],[-12.98,8.24],[-13.16,8.19],[-13.14,8.43],[-13.24,8.67],[-13.24,8.83],[-13.32,9.08],[-13.32,9.35],[-13.43,9.37],[-13.56,9.51],[-13.62,9.72],[-13.75,9.77],[-13.95,9.97],[-14.15,10.06],[-14.46,10.33],[-14.63,10.62],[-14.79,10.75],[-14.75,10.82],[-14.9,10.99],[-14.97,10.82],[-15.07,10.84],[-15.15,11.09],[-15.41,11.19],[-15.4,11.53],[-15.55,11.73],[-15.58,11.85],[-15.83,11.75],[-15.97,11.77],[-15.98,11.92],[-16.13,11.89],[-16.33,12],[-16.37,12.19],[-16.47,12.19],[-16.8,12.43],[-16.76,12.71],[-16.79,12.84],[-16.75,13.04],[-16.83,13.34],[-16.58,13.64],[-16.71,13.77],[-16.8,14.11],[-16.94,14.36],[-17.06,14.45],[-17.18,14.65],[-17.37,14.8],[-17.14,14.93],[-16.88,15.23],[-16.54,15.77],[-16.54,16.27],[-16.46,16.64],[-16.34,16.94],[-16.17,17.26],[-16.05,17.67],[-16.02,17.96],[-16.07,18.48],[-16.13,18.63],[-16.2,18.98],[-16.28,19.13],[-16.47,19.27],[-16.36,19.42],[-16.38,19.57],[-16.23,19.79],[-16.3,19.92],[-16.21,20.03],[-16.2,20.22],[-16.3,20.33],[-16.39,20.57],[-16.55,20.58],[-16.67,20.67],[-16.75,20.87],[-16.93,21.15],[-17,20.93],[-17.1,20.84],[-16.97,21.78],[-16.82,22.13],[-16.71,22.28],[-16.52,22.31],[-16.36,22.58],[-16.29,22.9],[-16.17,22.97],[-16.14,23.19],[-15.97,23.51],[-15.77,23.79],[-15.77,23.96],[-15.62,24.03],[-15.17,24.49],[-15.01,24.56],[-14.91,24.69],[-14.84,24.92],[-14.85,25.21],[-14.78,25.45],[-14.62,25.78],[-14.52,25.92],[-14.49,26.13],[-14.41,26.26],[-14.16,26.43],[-13.92,26.5],[-13.62,26.69],[-13.5,26.86],[-13.4,27.18],[-13.3,27.32],[-13.17,27.69],[-13.06,27.74],[-12.97,27.91],[-12.84,27.97],[-12.51,28],[-12.06,28.09],[-11.49,28.33],[-11.33,28.52],[-11.05,28.76],[-10.57,28.99],[-10.14,29.43],[-10.05,29.6],[-9.82,29.84],[-9.66,30.13],[-9.61,30.4],[-9.7,30.54],[-9.89,30.69],[-9.82,30.79],[-9.85,31.4],[-9.67,31.73],[-9.37,32.03],[-9.27,32.23],[-9.26,32.58],[-8.87,32.88],[-8.63,33.13],[-8.24,33.4],[-8.11,33.43],[-7.5,33.65],[-7.1,33.84],[-6.82,34.04],[-6.56,34.42],[-6.29,34.88],[-6.02,35.5],[-5.93,35.78],[-5.6,35.82],[-5.45,35.92],[-5.35,35.83],[-5.25,35.58],[-5.07,35.42],[-4.77,35.24],[-4.38,35.15],[-3.96,35.25],[-3.76,35.22],[-3.67,35.29],[-3.41,35.2],[-3.2,35.24],[-2.96,35.37],[-2.88,35.15],[-2.56,35.1],[-2.42,35.15],[-2.05,35.08],[-1.76,35.13],[-1.51,35.3],[-1.27,35.39],[-1.19,35.57],[-0.83,35.77],[-0.68,35.72],[-0.35,35.91],[-0.12,35.79],[0,35.84],[0.13,36.05],[0.66,36.33],[0.86,36.38],[1.04,36.49],[1.91,36.57],[2.31,36.63],[2.63,36.61],[2.93,36.81],[3.18,36.74],[3.24,36.81],[3.46,36.78],[3.83,36.91],[4.1,36.88],[4.44,36.91],[4.79,36.9],[5.1,36.78],[5.3,36.64],[5.46,36.67],[5.58,36.76],[6.2,36.9],[6.34,37.07],[6.46,37.09],[6.58,36.99],[6.91,36.89],[7.24,36.97],[7.38,37.08],[7.71,36.96],[7.91,36.85],[8.23,36.96],[8.5,36.9],[8.9,37.02],[9.21,37.23],[9.34,37.24],[9.67,37.34],[9.86,37.33],[10.15,37.24],[10.22,36.98],[10.35,36.88],[10.32,36.75],[10.54,36.77],[11.01,37.08],[11.12,36.84],[11.02,36.79],[10.8,36.45],[10.52,36.34],[10.48,36.08],[10.61,35.86],[10.84,35.7],[11.01,35.66],[11.04,35.33],[11.11,35.21],[10.92,34.96],[10.92,34.87],[10.6,34.54],[10.13,34.33],[10.01,34.17],[10.05,33.98],[10.33,33.7],[10.49,33.65],[10.72,33.71],[10.72,33.48],[11.11,33.55],[11.09,33.45],[11.18,33.21],[11.44,33.2],[11.64,33.11],[11.85,33.08],[12.12,32.92],[12.35,32.83],[12.73,32.8],[13.35,32.9],[13.57,32.8],[13.79,32.8],[14.18,32.72],[14.47,32.52],[14.73,32.45],[15.2,32.39],[15.37,32.16],[15.37,31.93],[15.49,31.66],[15.76,31.39],[16.04,31.28],[16.36,31.23],[16.73,31.22],[17.37,31.09],[17.85,30.92],[17.93,30.86],[18.18,30.79],[18.65,30.42],[19.06,30.27],[19.34,30.3],[19.75,30.51],[20.04,30.82],[20.15,31.05],[20.15,31.22],[20.02,31.4],[19.92,31.72],[19.94,31.96],[20.07,32.18],[20.56,32.56],[21.1,32.78],[21.45,32.81],[21.61,32.93],[21.88,32.9],[22.1,32.92],[22.38,32.87],[22.51,32.79],[23.09,32.65],[23.15,32.48],[23.1,32.32],[23.24,32.22],[23.67,32.18],[24,32.09],[24.09,32.01],[24.55,31.99],[24.67,32.03],[24.98,31.97],[25.16,31.66],[25.19,31.53],[25.4,31.5],[25.82,31.61],[25.97,31.62],[26.36,31.52],[26.97,31.45],[27.32,31.38],[27.38,31.27],[27.66,31.18],[27.86,31.23],[27.9,31.11],[28.32,31.06],[28.4,31.09],[28.82,30.95],[29.03,30.83],[29.22,30.84],[29.5,30.96],[29.84,31.15],[30.04,31.32],[30.17,31.22],[30.27,31.26],[30.36,31.51],[30.74,31.41],[30.91,31.42],[31.22,31.58],[31.52,31.45],[31.84,31.53],[31.79,31.34],[32.06,31.08],[32.25,31.11],[32.3,31.28],[32.51,31.11],[32.73,31.04],[32.97,31.09],[33.1,31.19],[33.19,31.06],[33.5,31.13],[33.65,31.12],[34.05,31.23],[34.22,31.33],[34.44,31.53],[34.71,31.95],[34.84,32.28],[34.95,32.81],[35.08,32.91],[35.1,33.1],[35.17,33.17],[35.27,33.46],[35.35,33.51],[35.48,33.8],[35.58,33.92],[35.65,34.12],[35.63,34.2],[35.81,34.46],[35.98,34.54],[35.87,34.92],[35.96,35.2],[35.91,35.43],[35.78,35.54],[35.78,35.68],[35.98,36.02],[35.79,36.32],[36.04,36.53],[36.19,36.6],[36.19,36.8],[36.02,36.93],[35.81,36.78],[35.61,36.74],[35.51,36.61],[35.35,36.54],[34.77,36.82],[34.55,36.77],[34.28,36.59],[34.08,36.41],[34.08,36.33],[33.54,36.14],[32.94,36.1],[32.67,36.05],[32.37,36.18],[32.03,36.54],[31.41,36.76],[31.34,36.81],[30.69,36.89],[30.57,36.78],[30.57,36.53],[30.44,36.24],[30.25,36.31],[29.91,36.22],[29.8,36.15],[29.32,36.25],[29.12,36.42],[29.1,36.67],[28.6,36.73],[28.42,36.83],[28.11,36.6],[28.04,36.72],[27.99,37.04],[27.78,36.99],[27.26,36.96],[27.3,37.12],[27.55,37.13],[27.55,37.27],[27.19,37.36],[27.25,37.74],[27.24,37.99],[26.95,38.07],[26.76,38.22],[26.61,38.11],[26.27,38.29],[26.48,38.37],[26.35,38.62],[26.51,38.65],[26.77,38.36],[26.94,38.43],[26.72,38.72],[27.01,38.87],[26.81,38.95],[26.88,39.07],[26.67,39.31],[26.93,39.49],[26.89,39.58],[26.15,39.46],[26.15,39.94],[26.31,40.02],[26.74,40.4],[27.01,40.39],[27.3,40.46],[27.45,40.32],[27.79,40.32],[27.97,40.5],[28.11,40.4],[28.64,40.37],[28.77,40.4],[28.79,40.55],[28.99,40.64],[29.28,40.67],[29.36,40.76],[29.26,40.87],[29.03,40.98],[29.13,41.21],[29.23,41.24],[29.88,41.15],[30.14,41.14],[30.27,41.21],[30.83,41.08],[31.25,41.11],[31.4,41.2],[31.4,41.32],[31.66,41.4],[32.13,41.6],[32.26,41.72],[32.61,41.84],[32.93,41.88],[33.32,42.02],[34.33,41.95],[34.69,41.95],[35.1,42.02],[35.1,41.91],[35.22,41.76],[35.53,41.63],[35.89,41.71],[36.12,41.63],[36.13,41.46],[36.45,41.24],[36.62,41.38],[36.98,41.29],[37.04,41.18],[37.26,41.15],[37.5,41.04],[37.66,41.12],[37.9,40.98],[38.33,40.92],[38.72,40.95],[38.93,41.04],[39.27,41.05],[39.43,41.11],[39.59,41.03],[40.14,40.92],[40.46,41.05],[40.7,41.1],[40.83,41.2],[41.02,41.22],[41.39,41.38],[41.77,41.82],[41.76,42.01],[41.66,42.11],[41.5,42.64],[41.38,42.76],[41.15,42.8],[41.02,42.99],[40.86,43.06],[40.34,43.14],[40.22,43.32],[39.96,43.39],[39.33,43.9],[38.98,44.15],[38.6,44.33],[38.18,44.41],[37.92,44.61],[37.48,44.68],[37.19,44.99],[36.84,45.11],[36.78,45.39],[36.83,45.44],[37.16,45.33],[37.64,45.33],[37.74,45.37],[37.6,45.64],[37.83,45.75],[37.94,46.02],[38.25,46.14],[38.45,46.03],[38.56,46.12],[38.3,46.22],[38.12,46.38],[37.83,46.48],[37.85,46.62],[38.04,46.63],[38.4,46.82],[38.8,46.89],[39.08,47.03],[39.26,47.01],[39.26,47.26],[39.09,47.29],[38.94,47.19],[38.13,47.07],[37.58,47.09],[37.34,46.88],[37.21,46.93],[36.89,46.8],[36.19,46.67],[35.9,46.65],[35.51,46.46],[35.29,46.29],[35.08,46.27],[34.81,46.17],[34.87,45.93],[35.04,45.67],[35.33,45.37],[35.48,45.3],[35.79,45.41],[36.02,45.37],[36.3,45.47],[36.61,45.41],[36.42,45.23],[36.44,45.07],[36.22,45.01],[36.05,45.05],[35.85,44.99],[35.55,45.12],[35.39,45],[35.01,44.84],[34.76,44.82],[34.47,44.73],[34.34,44.56],[33.96,44.38],[33.72,44.4],[33.48,44.61],[33.62,44.93],[33.56,45.09],[33.41,45.18],[33.26,45.16],[32.9,45.35],[32.51,45.34],[32.53,45.46],[32.94,45.66],[33.71,45.91],[33.61,46.15],[33.42,46.05],[33.29,46.14],[32.79,46.13],[32.5,46.08],[32.26,46.13],[31.97,46.35],[32.11,46.51],[31.86,46.63],[31.48,46.65],[31.34,46.6],[30.99,46.6],[30.75,46.52],[30.77,46.4],[30.49,46.08],[30.14,45.82],[29.97,45.84],[29.87,45.67],[29.59,45.56],[29.75,45.46],[29.76,45.32],[29.61,44.85],[29.1,44.78],[29.05,45],[28.88,44.95],[28.92,44.76],[28.79,44.71],[28.84,44.49],[28.64,44.33],[28.67,44],[28.58,43.8],[28.56,43.45],[28.09,43.36],[27.89,43.01],[27.89,42.71],[27.74,42.72],[27.51,42.55],[27.69,42.43],[27.75,42.28],[27.99,42.07],[28.04,41.89],[27.97,41.82],[28.11,41.61],[28.38,41.45],[28.91,41.27],[29.11,41.24],[28.98,41],[28.63,40.97],[28.24,41.09],[27.94,40.97],[27.74,41.01],[27.52,40.99],[27.42,40.83],[27.18,40.63],[27.05,40.61],[26.68,40.46],[26.38,40.15],[26.22,40.33],[26.83,40.6],[26.79,40.66],[26.3,40.6],[26.08,40.61],[26.01,40.82],[25.54,40.87],[25.3,40.95],[24.99,40.94],[24.8,40.85],[24.63,40.86],[24.42,40.95],[24.34,40.83],[24.11,40.73],[23.81,40.78],[23.69,40.7],[23.88,40.56],[23.87,40.41],[23.7,40.33],[23.78,40.2],[23.99,40.12],[23.82,40.02],[23.68,40.22],[23.4,40.28],[23.3,40.24],[23.03,40.33],[22.83,40.49],[22.71,40.51],[22.55,40.17],[22.57,40.05],[22.86,39.77],[22.93,39.6],[23.1,39.5],[23.34,39.19],[23.02,39.32],[22.83,39.22],[23.02,39.01],[22.85,38.93],[22.77,38.78],[23.2,38.68],[23.42,38.5],[23.6,38.47],[23.59,38.43],[23.71,38.34],[23.95,38.29],[24.07,37.86],[24.07,37.69],[23.76,37.82],[23.68,37.95],[23.45,38.02],[23.09,37.91],[23.18,37.81],[23.17,37.61],[23.37,37.56],[23.45,37.41],[23.13,37.45],[22.96,37.52],[22.72,37.54],[22.76,37.4],[23,37.03],[23.1,36.81],[23.03,36.72],[23.08,36.58],[22.97,36.52],[22.77,36.8],[22.53,36.71],[22.47,36.45],[22.35,36.51],[22.37,36.67],[22.15,37.02],[21.94,36.98],[21.95,36.79],[21.71,36.82],[21.7,36.96],[21.57,37.16],[21.68,37.28],[21.67,37.4],[21.55,37.56],[21.3,37.67],[21.3,37.77],[21.12,37.84],[21.33,38.02],[21.38,38.2],[21.6,38.15],[21.76,38.3],[21.96,38.34],[22.23,38.19],[22.68,38.07],[22.87,37.94],[22.94,38.08],[23.11,38.21],[22.69,38.32],[22.55,38.3],[21.99,38.41],[21.76,38.33],[21.54,38.31],[21.37,38.41],[21.16,38.3],[21.02,38.61],[20.76,38.89],[21.16,39],[20.89,39.08],[20.69,39.07],[20.29,39.33],[20.14,39.54],[20.18,39.62],[19.98,39.7],[20.02,39.85],[19.86,40.05],[19.48,40.21],[19.48,40.45],[19.31,40.64],[19.41,40.87],[19.52,41.26],[19.41,41.38],[19.57,41.59],[19.59,41.82],[19.17,41.94],[19.14,42.04],[18.91,42.22],[18.24,42.56],[18.22,42.62],[17.81,42.81],[17.44,42.87],[17.44,43.03],[17.07,43.24],[16.88,43.41],[16.63,43.45],[16.43,43.55],[16.1,43.48],[15.92,43.59],[15.93,43.68],[15.47,43.92],[15.14,44.2],[15.31,44.35],[14.9,44.69],[14.92,44.96],[14.83,45.11],[14.51,45.3],[14.33,45.35],[14.23,45.15],[13.97,44.83],[13.86,44.83],[13.64,45.07],[13.51,45.51],[13.75,45.55],[13.73,45.7],[13.13,45.77],[12.94,45.63],[12.49,45.46],[12.27,45.46],[12.17,45.26],[12.3,45.23],[12.38,45.04],[12.53,44.94],[12.44,44.82],[12.25,44.75],[12.28,44.49],[12.37,44.25],[12.71,43.98],[12.95,43.9],[13.25,43.7],[13.62,43.53],[13.83,43.13],[13.94,42.8],[14.08,42.6],[14.74,42.08],[15.12,41.93],[15.45,41.91],[16.03,41.94],[16.19,41.79],[15.93,41.64],[15.91,41.5],[16.02,41.43],[16.59,41.21],[17.06,41.08],[17.48,40.83],[18.01,40.65],[18.04,40.56],[18.24,40.46],[18.44,40.27],[18.52,40.11],[18.38,39.81],[18.21,39.84],[18.01,39.99],[18,40.12],[17.85,40.29],[17.51,40.3],[17.21,40.41],[17.05,40.52],[16.91,40.45],[16.6,40.08],[16.63,39.97],[16.49,39.81],[16.52,39.69],[16.75,39.62],[17.16,39.41],[17.12,39.34],[17.13,38.93],[16.84,38.92],[16.61,38.82],[16.54,38.72],[16.57,38.43],[16.34,38.3],[16.17,38.14],[16.09,37.95],[15.76,37.93],[15.67,37.97],[15.65,38.24],[15.79,38.28],[15.9,38.47],[15.84,38.66],[16.12,38.72],[16.22,38.9],[16.08,39.08],[16,39.44],[15.87,39.56],[15.78,39.87],[15.61,40.07],[15.41,39.99],[15.13,40.17],[14.91,40.24],[15,40.4],[14.75,40.68],[14.54,40.61],[14.47,40.73],[14.29,40.84],[14.05,40.84],[13.85,41.15],[13.72,41.25],[13.51,41.23],[13.32,41.29],[13.04,41.23],[12.89,41.4],[12.62,41.46],[12.45,41.63],[12.24,41.74],[12.15,41.9],[11.83,42.03],[11.66,42.28],[11.19,42.52],[10.99,42.71],[10.73,42.8],[10.68,42.95],[10.5,42.94],[10.55,43.15],[10.44,43.39],[10.33,43.48],[10.26,43.81],[10.11,44.02],[9.77,44.08],[9.23,44.35],[8.76,44.43],[8.47,44.3],[8.41,44.19],[8.23,44.1],[8.14,43.95],[7.96,43.85],[7.5,43.79],[7.15,43.65],[6.89,43.43],[6.73,43.41],[6.68,43.2],[6.03,43.08],[5.54,43.21],[5.35,43.22],[5.34,43.33],[5.06,43.33],[5.02,43.55],[4.82,43.35],[4.57,43.37],[4.51,43.46],[4.21,43.46],[4.11,43.55],[3.94,43.53],[3.39,43.28],[3.11,43.11],[3.04,42.94],[3.05,42.55],[3.17,42.36],[3.12,42.14],[3.24,41.97],[3.15,41.85],[2.78,41.65],[2.3,41.47],[2.06,41.27],[1.54,41.19],[0.99,41.04],[0.71,40.82],[0.87,40.71],[0.55,40.57],[0.35,40.28],[0,39.94],[-0.32,39.52],[-0.3,39.32],[-0.21,39.08],[-0.01,38.87],[0.23,38.76],[-0.09,38.54],[-0.33,38.47],[-0.61,38.18],[-0.65,37.99],[-0.85,37.72],[-0.71,37.62],[-0.93,37.56],[-1.32,37.56],[-1.67,37.36],[-1.81,37.21],[-1.9,36.95],[-2.07,36.78],[-2.2,36.74],[-2.36,36.84],[-2.58,36.81],[-2.76,36.68],[-2.93,36.75],[-3.23,36.75],[-3.42,36.7],[-3.6,36.74],[-4.06,36.75],[-4.43,36.71],[-4.52,36.58],[-4.72,36.49],[-4.9,36.51],[-5.19,36.41],[-5.45,36.06],[-5.61,36.01],[-5.92,36.18],[-6.04,36.19],[-6.22,36.4],[-6.23,36.58],[-6.39,36.64],[-6.36,36.79],[-6.5,36.96],[-6.74,37.1],[-7.03,37.21],[-7.51,37.17],[-7.79,37.02],[-7.98,37],[-8.18,37.09],[-8.63,37.12],[-8.88,37.05],[-8.88,37.23],[-8.8,37.49],[-8.8,37.84],[-8.87,37.97],[-8.77,38.19],[-8.8,38.36],[-8.91,38.51],[-9.2,38.41],[-9.25,38.67],[-9.49,38.71],[-9.44,39.03],[-9.35,39.2],[-9.35,39.37],[-9.09,39.58],[-8.87,40.12],[-8.87,40.28],[-8.77,40.58],[-8.64,40.69],[-8.7,40.78],[-8.66,40.99],[-8.77,41.47],[-8.88,41.74],[-8.9,42.1],[-8.8,42.26],[-8.87,42.41],[-8.82,42.57],[-9.07,42.6],[-9.14,42.92],[-9.25,43.02],[-9.22,43.16],[-9.05,43.2],[-8.84,43.34],[-8.51,43.33],[-8.31,43.55],[-8.06,43.71],[-7.77,43.74],[-7.37,43.68],[-7.23,43.57],[-6.65,43.58],[-6.51,43.55],[-6.22,43.6],[-5.42,43.56],[-5.18,43.49],[-4.73,43.42],[-4.19,43.41],[-3.83,43.5],[-3.55,43.52],[-3.47,43.45],[-3.11,43.35],[-2.76,43.45],[-2.37,43.32],[-2.1,43.3],[-1.66,43.4],[-1.48,43.58],[-1.35,44.01],[-1.25,44.5],[-1.2,45.12],[-1.14,45.49],[-0.84,45.51],[-1.19,45.71],[-1.05,46.04],[-1.18,46.23],[-1.5,46.42],[-1.8,46.5],[-1.86,46.64],[-2.12,46.82],[-1.99,47.05],[-2.4,47.29],[-2.5,47.53],[-2.74,47.55],[-2.76,47.64],[-3.07,47.58],[-3.35,47.72],[-3.85,47.8],[-4.09,47.88],[-4.23,47.8],[-4.43,47.98],[-4.36,48.12],[-4.46,48.25],[-4.78,48.38],[-4.76,48.52],[-4.56,48.63],[-3.97,48.73],[-3.61,48.68],[-3.52,48.84],[-3.08,48.83],[-2.64,48.54],[-2.31,48.69],[-2.22,48.6],[-1.98,48.69],[-1.84,48.62],[-1.58,48.64],[-1.55,48.75],[-1.61,49.22],[-1.82,49.4],[-1.88,49.53],[-1.81,49.69],[-1.6,49.65],[-1.39,49.71],[-1.31,49.56],[-1.07,49.4],[-0.41,49.34],[-0.22,49.28],[0,49.33],[0.26,49.46],[0.08,49.54],[0.24,49.73],[0.67,49.88],[1.17,49.96],[1.39,50.08],[1.52,50.21],[1.57,50.45],[1.58,50.87],[1.97,51.01],[2.47,51.07],[3.12,51.33],[3.54,51.42],[3.46,51.56],[3.83,51.61],[4.06,51.51],[4.12,51.63],[4.01,51.98],[4.14,52.01],[4.51,52.34],[4.6,52.51],[4.75,52.97],[4.91,52.91],[5.38,53.1],[5.59,53.3],[5.98,53.41],[6.73,53.46],[7.02,53.45],[7.23,53.67],[7.95,53.72],[8.17,53.55],[8.48,53.68],[8.57,53.86],[8.86,53.83],[9.02,54.1],[8.65,54.27],[8.63,54.39],[9.01,54.51],[8.69,54.74],[8.64,55.02],[8.69,55.14],[8.62,55.44],[8.29,55.58],[8.09,55.56],[8.19,55.81],[8.39,55.93],[8.28,56.08],[8.11,56.12],[8.12,56.55],[8.44,56.58],[8.6,56.5],[8.88,56.76],[9.11,56.8],[9.29,57],[9.11,57.04],[8.68,56.95],[8.49,56.73],[8.27,56.84],[8.59,57.11],[8.98,57.16],[9.41,57.17],[9.57,57.24],[9.97,57.59],[10.43,57.57],[10.55,57.44],[10.54,57.24],[10.27,56.91],[10.36,56.56],[10.79,56.54],[10.96,56.45],[10.75,56.22],[10.38,56.2],[10.26,56.1],[10.25,55.91],[9.59,55.43],[9.71,55.25],[9.49,55.16],[9.74,54.98],[9.8,54.78],[9.97,54.76],[10.02,54.55],[10.2,54.46],[10.78,54.32],[11.08,54.34],[11.07,54.18],[10.75,54.04],[10.89,53.96],[11.18,54.02],[11.46,53.92],[11.66,54.14],[12.11,54.18],[12.34,54.3],[12.5,54.47],[12.88,54.37],[13.48,54.13],[13.68,54.17],[13.98,53.77],[14.54,53.7],[14.58,53.85],[14.2,53.88],[14.78,54.03],[15.86,54.25],[16.22,54.28],[16.57,54.56],[16.94,54.61],[17.34,54.75],[17.89,54.82],[18.32,54.84],[18.43,54.78],[18.59,54.43],[19,54.34],[19.53,54.41],[19.83,54.6],[20.03,54.95],[20.76,54.95],[21.08,54.9],[21.23,54.94],[21.18,55.19],[21.29,55.31],[21.07,55.74],[21.06,56.04],[20.97,56.25],[21.07,56.85],[21.4,57.04],[21.42,57.29],[21.7,57.56],[22,57.6],[22.48,57.74],[22.66,57.59],[23.13,57.37],[23.25,57.11],[23.7,56.97],[23.95,57.01],[24.38,57.23],[24.36,57.69],[24.29,57.83],[24.46,58.07],[24.53,58.35],[24.36,58.4],[24.11,58.24],[23.74,58.34],[23.68,58.5],[23.49,58.67],[23.58,58.79],[23.42,58.91],[23.47,59.21],[24.09,59.31],[24.08,59.4],[24.4,59.48],[25.19,59.52],[25.41,59.49],[25.68,59.63],[26.67,59.55],[26.83,59.48],[27.87,59.41],[28.07,59.58],[28.38,59.67],[28.43,59.81],[28.85,59.79],[29.16,60],[29.8,59.94],[30.12,59.87],[30.21,60],[29.95,60.03],[29.7,60.2],[29.09,60.18],[28.61,60.39],[28.72,60.72],[28.4,60.67],[28.22,60.55],[27.73,60.54],[27.46,60.46],[27.05,60.55],[26.69,60.42],[26.32,60.38],[26.09,60.42],[25.74,60.25],[25.2,60.25],[25.18,60.18],[24.3,60.07],[23.77,59.97],[23.24,59.9],[23.21,60.05],[23.06,60.04],[22.87,60.18],[23.01,60.28],[22.94,60.32],[22.74,60.24],[22.63,60.38],[22.06,60.44],[21.77,60.6],[21.47,60.61],[21.33,60.83],[21.34,61],[21.54,61.23],[21.51,61.52],[21.62,61.55],[21.37,61.94],[21.24,61.99],[21.34,62.36],[21.12,62.5],[21.19,62.6],[21.11,62.78],[21.38,62.87],[21.62,63.2],[21.91,63.18],[22.37,63.32],[22.5,63.62],[22.92,63.8],[23.6,64.03],[23.72,64.21],[24.34,64.53],[24.42,64.68],[24.77,64.87],[25.44,64.97],[25.28,65.19],[25.35,65.48],[25.09,65.61],[24.67,65.64],[24.52,65.8],[23.37,65.82],[23.09,65.73],[22.84,65.81],[22.36,65.76],[22.17,65.55],[21.7,65.29],[21.62,65.15],[21.18,64.84],[21.49,64.49],[20.97,64.15],[20.9,63.98],[20.69,63.8],[20.5,63.82],[19.75,63.52],[19.28,63.44],[19.03,63.18],[18.61,63.18],[18.47,63.02],[18.51,62.9],[17.93,62.82],[18.04,62.59],[17.86,62.5],[17.35,62.4],[17.57,62.2],[17.34,61.92],[17.4,61.72],[17.1,61.64],[17.1,61.4],[17.21,61.24],[17.16,60.95],[17.24,60.7],[17.57,60.65],[17.64,60.52],[17.97,60.52],[18.28,60.35],[18.42,60.19],[18.82,60.07],[18.86,59.8],[18.69,59.61],[18.28,59.42],[18.04,59.4],[18.39,59.18],[18.04,59.06],[17.93,58.91],[17.75,58.92],[17.09,58.66],[16.64,58.63],[16.82,58.21],[16.68,58.01],[16.46,57.89],[16.68,57.76],[16.61,57.68],[16.69,57.47],[16.53,57.36],[16.47,57.18],[16.55,57.11],[16.36,56.76],[16.1,56.42],[16.04,56.26],[15.85,56.09],[15.49,56.18],[14.69,56.15],[14.35,55.95],[14.2,55.73],[14.36,55.52],[14.18,55.39],[13.88,55.43],[13.38,55.35],[13,55.4],[12.92,55.75],[12.61,56.12],[12.83,56.27],[12.93,56.55],[12.73,56.65],[12.6,56.82],[12.38,56.91],[12.2,57.15],[12.06,57.46],[11.9,57.52],[11.69,57.88],[11.88,58.2],[11.57,58.25],[11.22,58.37],[11.23,58.8],[11.11,58.95],[11.22,59.09],[10.44,59.35],[10.28,59.1],[9.85,58.96],[9.43,58.89],[9.34,58.75],[8.51,58.29],[8.12,58.1],[7.39,58.02],[7,58.03],[6.63,58.24],[6.14,58.34],[5.93,58.48],[5.7,58.52],[5.48,58.75],[5.63,58.93],[5.88,58.96],[5.87,59.09],[6.11,59.27],[5.86,59.35],[5.48,59.28],[5.18,59.51],[5.44,59.71],[5.75,59.68],[5.77,59.93],[6.1,60.09],[5.3,60.19],[5.17,60.28],[5.24,60.49],[5.62,60.42],[5.71,60.47],[5.74,60.71],[5.3,60.56],[5.03,60.74],[5,61.02],[5.13,61.15],[4.96,61.27],[5.06,61.44],[5.29,61.48],[5.23,61.63],[4.97,61.74],[5.24,61.82],[5.3,62.07],[5.18,62.21],[5.62,62.16],[5.93,62.2],[6.3,62.46],[6.32,62.61],[6.62,62.59],[6.97,62.73],[6.91,62.93],[7.27,63.01],[7.5,62.91],[7.75,62.94],[8.24,63.15],[8.62,63.13],[8.51,63.31],[8.79,63.43],[9.17,63.4],[9.7,63.64],[9.96,63.43],[10.78,63.49],[10.76,63.63],[11.46,63.8],[11.1,63.89],[10.91,63.73],[10.42,63.58],[9.92,63.51],[9.8,63.69],[9.55,63.77],[9.99,63.93],[10.01,64.12],[10.46,64.29],[10.62,64.45],[11.08,64.52],[11.36,64.41],[11.52,64.52],[11.4,64.66],[11.78,64.98],[11.98,65.07],[12.47,65.09],[12.34,65.3],[12.6,65.43],[12.35,65.64],[12.92,65.95],[12.87,66.13],[13.23,66.19],[13.08,66.5],[13.28,66.66],[13.69,66.84],[14.22,66.98],[14.41,67.28],[14.8,67.42],[14.73,67.49],[15.04,67.68],[15.06,67.84],[15.79,67.95],[15.71,68.08],[16.1,68.16],[16.17,68.32],[16.53,68.44],[16.63,68.64],[17.23,68.76],[17.68,69.09],[18.08,69.17],[18,69.29],[18.3,69.49],[18.85,69.55],[19.1,69.74],[19.78,69.8],[20.01,69.77],[20.31,69.96],[20.51,69.77],[21.17,69.88],[21.25,70],[21.9,69.83],[21.94,69.99],[21.21,70.21],[21.99,70.32],[23.36,70.12],[23.51,70.37],[24.26,70.61],[24.86,70.93],[25.34,70.95],[25.83,70.83],[25.25,70.53],[25.2,70.31],[24.98,70.23],[25.25,70.1],[25.44,70.34],[26.01,70.63],[26.07,70.71],[26.61,70.95],[26.74,70.82],[26.51,70.43],[26.98,70.53],[27.39,70.88],[27.25,71.03],[27.57,71.1],[28.55,70.98],[28.13,70.74],[28.23,70.62],[28.79,70.87],[29.38,70.77],[30.21,70.68],[31.06,70.37],[30.93,70.26],[30.55,70.25],[30.13,70.07],[29.23,70.12],[29.69,69.97],[29.78,69.84],[30.17,69.88],[31.41,69.72],[32.05,69.96],[32.52,69.8],[32.92,69.78],[33.12,69.66],[32.69,69.5],[33.52,69.43],[33.85,69.34],[34.66,69.25],[35.33,69.28],[36.25,69.11],[37.46,68.74],[37.68,68.71],[38.43,68.36],[38.66,68.38],[39.52,68.08],[39.86,68.06],[40.8,67.73],[41.02,67.7],[41,67.47],[41.11,67.25],[41.34,67.17],[41.36,67.01],[41.18,66.81],[40.44,66.41],[40.08,66.29],[39.34,66.13],[38.55,66.05],[37.93,66.09],[36.89,66.29],[36.41,66.29],[35.38,66.42],[34.89,66.6],[34.43,66.55],[34.28,66.67],[33.48,66.73],[32.84,66.98],[32.85,67.07],[32.38,67.16],[32.31,67.06],[32.48,66.91],[32.89,66.78],[33.03,66.59],[33.35,66.48],[33.7,66.44],[33.62,66.31],[34.5,66.12],[34.87,65.88],[34.78,65.6],[34.37,65.39],[34.82,65.04],[34.94,64.86],[34.8,64.76],[34.98,64.61],[34.96,64.45],[35.41,64.29],[35.81,64.34],[35.98,64.2],[36.24,64.12],[36.29,64.01],[36.7,63.92],[37.17,63.9],[37.29,63.82],[38,63.96],[38.09,64.06],[37.91,64.22],[38,64.32],[37.69,64.43],[37.34,64.34],[37.12,64.39],[36.74,64.68],[36.56,64.72],[36.57,64.9],[36.81,64.96],[37.01,65.17],[37.71,65.02],[38.05,64.85],[39.3,64.65],[39.57,64.55],[40.06,64.62],[40.53,64.58],[40.38,64.92],[40.11,65.07],[39.71,65.4],[39.83,65.61],[40.28,65.73],[40.8,65.99],[41.34,66.06],[41.86,66.3],[42.2,66.53],[42.75,66.4],[43.25,66.44],[44.05,66.08],[44.12,66.32],[44.49,66.68],[44.36,66.78],[44.5,66.92],[44.21,67.12],[43.76,67.22],[44,67.58],[44.24,68.26],[44.16,68.34],[43.33,68.61],[43.48,68.67],[43.98,68.55],[45.31,68.55],[45.94,68.45],[46.03,68.32],[46.53,68.13],[46.72,67.84],[46,67.77],[45.35,67.73],[45.31,67.59],[45.03,67.53],[44.95,67.32],[45.59,67.16],[45.85,66.89],[46.04,66.83],[46.49,66.88],[46.93,66.84],[47.73,67],[47.7,67.2],[47.95,67.44],[47.82,67.56],[48.26,67.68],[48.92,67.69],[48.84,67.87],[49.13,67.86],[49.65,67.98],[50.43,68.22],[51.56,68.48],[52.06,68.54],[52.16,68.4],[52.4,68.34],[52.73,68.47],[52.5,68.62],[52.81,68.77],[53.44,68.92],[54.1,69],[53.72,68.66],[53.93,68.39],[53.32,68.35],[53.24,68.25],[54.24,68.21],[54.47,68.3],[54.86,68.19],[54.94,68.4],[55.39,68.56],[56.63,68.64],[56.85,68.57],[57.33,68.56],[57.6,68.74],[57.98,68.85],[58.88,69],[59.42,68.77],[59.06,68.62],[59.11,68.4],[59.67,68.34],[59.96,68.47],[59.77,68.67],[60.47,68.72],[60.94,68.96],[60.84,69.16],[60.58,69.15],[60.52,69.33],[60.14,69.58],[60.65,69.67],[60.77,69.85],[62.16,69.75],[62.63,69.74],[63.41,69.67],[64.55,69.45],[64.86,69.3],[65.42,69.18],[65.82,69.14],[67.06,68.78],[67.9,68.47],[68.13,68.42],[68.38,68.23],[68.92,68.64],[69.11,68.88],[68.49,68.97],[68.13,69.22],[67.97,69.49],[67.63,69.59],[66.77,69.74],[66.87,70],[67.33,70.11],[67.09,70.22],[67.28,70.48],[67.32,70.78],[66.61,70.88],[66.65,71.08],[66.93,71.3],[67.31,71.35],[67.95,71.53],[68.48,71.84],[68.64,72.03],[68.99,72.71],[69.28,72.84],[70.17,72.9],[71.56,72.92],[72.5,72.79],[72.73,72.62],[72.86,72.27],[72.35,71.86],[72.21,71.61],[71.84,71.53],[72.11,71.29],[72.67,71.11],[72.83,70.89],[72.69,70.63],[72.77,70.43],[72.46,70.3],[72.62,70.16],[72.49,70.04],[72.69,69.84],[72.5,69.65],[72.65,69.29],[72.49,69.2],[72.58,68.94],[72.85,68.8],[73.54,68.58],[73.64,68.5],[73.09,68.21],[73.2,67.87],[72.79,67.63],[72.41,67.48],[72.4,67.33],[72.23,67.17],[71.72,66.92],[71.5,66.93],[71.58,66.66],[71.08,66.63],[70.98,66.54],[70.41,66.56],[69.94,66.86],[69.6,66.79],[69.13,66.83],[69.11,66.62],[69.39,66.51],[70.36,66.33],[71.15,66.37],[71.68,66.32],[71.99,66.23],[72.35,66.31],[72.49,66.62],[72.94,66.66],[73,66.74],[73.49,66.82],[73.87,67.01],[73.9,67.3],[74.1,67.43],[74.73,67.69],[74.82,67.94],[74.7,68.18],[74.33,68.39],[74.45,68.69],[74.63,68.77],[75.19,68.87],[76.38,68.99],[76.61,68.97],[76.66,68.76],[77.32,68.53],[77.17,68.28],[77.36,68.23],[77.12,67.77],[78.05,67.54],[78.11,67.66],[77.46,67.79],[77.54,68.13],[77.75,68.23],[78.1,68.25],[77.96,68.5],[77.72,68.62],[77.68,68.89],[76.93,69.01],[76.75,69.12],[76.04,69.24],[75.51,69.26],[75.09,69.13],[74.72,69.09],[73.75,69.18],[73.9,69.41],[73.52,69.75],[73.66,69.86],[73.73,70.18],[74.32,70.52],[74.32,70.67],[73.95,70.84],[73.56,71.26],[73.04,71.44],[73.48,71.65],[73.53,71.82],[74.33,71.96],[74.93,72.1],[75.11,72.35],[75,72.67],[74.75,72.81],[75.32,72.82],[75.7,72.55],[75.57,72.47],[75.72,72.25],[75.29,71.96],[75.26,71.74],[75.53,71.54],[75.34,71.33],[76.02,71.24],[77.78,71.14],[78,70.96],[78.61,70.96],[78.28,71.26],[77.67,71.29],[76.33,71.56],[76.03,71.92],[76.95,72.04],[77.58,71.83],[78.11,71.88],[78.2,72],[77.74,72.22],[78.09,72.36],[78.5,72.41],[79.39,72.39],[81.74,71.7],[82.19,71.71],[82.87,71.79],[83.32,71.68],[82.82,71.39],[82.3,71.29],[82.35,71.1],[82.2,71.02],[83.13,70.88],[83.01,70.43],[82.66,70.26],[82.88,70.09],[83.18,70.14],[82.95,70.33],[83.48,70.34],[83.77,70.48],[83.38,71.03],[83.15,71.24],[83.63,71.61],[83.36,71.84],[82.79,71.91],[82.19,72.09],[82.2,72.28],[81.21,72.35],[80.7,72.55],[80.63,72.73],[80.84,72.92],[80.51,73.08],[80.53,73.28],[80.27,73.31],[80.83,73.57],[81.96,73.66],[83.48,73.66],[84.79,73.76],[85.43,73.71],[85.6,73.82],[86.78,73.9],[87.01,73.78],[86.2,73.56],[87.16,73.61],[87.43,73.82],[87.24,73.86],[86.8,74.18],[86.02,74.26],[86.48,74.46],[86.64,74.7],[87.08,74.77],[87.35,75.04],[88.31,75.18],[88.61,75.34],[89.13,75.45],[89.72,75.45],[90.23,75.6],[90.86,75.67],[91.29,75.63],[92.01,75.73],[93.55,75.85],[93.69,76.13],[94.74,76.12],[95.39,76.16],[96.11,76.11],[96.83,75.92],[98.58,76.23],[99.26,76.13],[99.56,76.28],[99.07,76.35],[99.51,76.47],[101.04,76.52],[101.23,76.77],[100.86,76.84],[100.92,76.98],[102.16,77.4],[104.02,77.73],[104.68,77.71],[105.33,77.54],[105.98,77.44],[105.46,77.24],[105.8,77.11],[106.5,77.02],[107.25,77.01],[107.47,76.91],[107.08,76.81],[106.61,76.56],[107.59,76.51],[107.98,76.62],[107.95,76.74],[108.68,76.72],[109.33,76.76],[110.06,76.69],[110.36,76.76],[111.56,76.68],[112.67,76.36],[113.26,76.27],[113.52,75.93],[113.89,75.85],[113.34,75.54],[113.71,75.46],[113.61,75.28],[112.88,74.99],[112.15,74.88],[111.74,74.66],[111.47,74.7],[110.96,74.55],[110,74.37],[109.89,74.2],[109,74.02],[108.49,73.77],[107.78,73.62],[107.13,73.53],[106.65,73.31],[106.23,73.32],[105.48,72.77],[106.25,72.97],[106.36,73.19],[107.72,73.17],[108.39,73.32],[109.71,73.45],[110.9,73.69],[109.53,73.78],[110.02,74.01],[110.58,73.99],[111.8,73.74],[112.37,73.71],[112.82,73.75],[113.4,73.69],[113.13,73.45],[114.67,73.59],[115.41,73.71],[116.6,73.67],[117.44,73.59],[118.45,73.59],[118.35,73.28],[118.92,73.12],[119.78,73.02],[121.05,72.93],[121.96,72.96],[122.61,73.03],[123.14,72.92],[123.34,72.98],[123.55,73.22],[123.25,73.55],[124.34,73.8],[125.21,73.65],[125.65,73.53],[126.23,73.55],[126.39,73.41],[126.9,73.54],[127.99,73.47],[128.44,73.24],[128.89,73.22],[129.44,73.03],[128.29,72.91],[128.23,72.82],[128.36,72.79],[127.96,72.66],[128.61,72.48],[129.12,72.48],[129.49,72.35],[129.52,72.25],[129.15,72.1],[128.19,72.23],[128.93,71.74],[128.88,71.6],[129.25,71.55],[129.39,71.35],[129.76,71.15],[130.3,70.94],[130.88,70.77],[131.23,70.75],[131.55,70.89],[131.95,71.29],[132.26,71.68],[132.54,71.88],[132.81,71.83],[133.15,71.58],[133.65,71.44],[134.17,71.37],[134.78,71.43],[135.03,71.54],[135.99,71.63],[136.77,71.52],[137.36,71.37],[137.77,71.17],[138.01,71.34],[137.83,71.39],[138.04,71.56],[138.76,71.64],[139.72,71.46],[140,71.52],[139.73,71.67],[139.57,71.93],[139.87,72.18],[139.14,72.3],[139.54,72.5],[140.07,72.48],[140.88,72.54],[141.01,72.69],[140.66,72.81],[140.73,72.9],[141.39,72.84],[141.55,72.77],[142.23,72.7],[142.54,72.72],[145.41,72.56],[146.12,72.47],[146.79,72.33],[145.33,72.35],[144.94,72.44],[144.42,72.18],[145.07,72.26],[146.93,72.31],[146.5,72.07],[145.85,72.16],[145.75,71.91],[145.22,71.84],[144.91,71.7],[145.34,71.66],[146.16,71.82],[147.2,72.33],[148.4,72.31],[149.61,72.15],[150.07,71.92],[149.71,71.77],[149.41,71.9],[149.04,71.76],[149.18,71.69],[149.77,71.65],[149.97,71.53],[150.67,71.47],[150.86,71.37],[151.49,71.33],[152.1,71.05],[151.97,70.94],[152.61,70.83],[153.93,70.89],[154.24,70.96],[155.94,71.1],[157.59,71.07],[158.52,70.97],[159.24,70.83],[159.69,70.67],[160.02,70.42],[160.11,70.26],[159.69,69.89],[159.8,69.81],[160.38,69.67],[160.93,69.64],[161.02,69.28],[160.96,69.11],[161.57,69.01],[161.4,69.22],[161.44,69.38],[162.03,69.55],[162.21,69.66],[162.77,69.65],[163.17,69.72],[163.77,69.69],[164.03,69.77],[164.44,69.62],[164.83,69.57],[165.67,69.6],[166.08,69.52],[166.94,69.5],[167.67,69.77],[168.24,69.56],[168.29,69.24],[168.85,69.19],[169.42,69.02],[169.63,68.78],[170.35,68.83],[171.03,69.05],[170.91,69.3],[170.58,69.6],[170.52,69.94],[170.61,70.12],[171.99,69.99],[172.79,69.96],[173.37,69.79],[173.46,69.95],[174.07,69.89],[175.09,69.85],[175.5,69.87],[175.93,69.78],[176.5,69.75],[176.73,69.67],[177.36,69.62],[178.21,69.44],[178.77,69.42],[180,68.98],[180,69.06],[180,69.56],[180,70.06],[180,70.55],[180,70.99],[179.67,70.87],[179.13,70.88],[178.83,70.81],[178.62,71.04],[178.91,71.24],[179.56,71.45],[180,71.54],[180,71.55],[180,72.05],[180,72.55],[180,73.05],[180,73.55],[180,74.04],[180,74.31],[179.59,74.32],[180,74.45],[180,74.54],[180,74.57],[179.89,74.91],[179.37,74.93],[179.33,75.05],[178.93,75.1],[178.19,75.01],[177.75,74.88],[177.49,74.67],[177.01,74.72],[177.31,75.06],[176.94,75.03],[176.48,74.78],[176.02,74.92],[175.9,75.09],[176.17,75.29],[175.58,75.26],[175.2,75.13],[174.81,75.18],[175.1,75.37],[174.63,75.49],[174,75.29],[173.58,75.33],[173.35,75.19],[172.93,75.17],[172.71,75.65],[172.99,75.69],[172.97,75.87],[172.37,76.18],[171.77,76.04],[171.49,76.43],[170.98,76.29],[170.29,76.31],[169.42,76.24],[169.54,76.09],[169.45,75.73],[168.91,75.61],[168.37,75.78],[168.1,76.01],[168.34,76.12],[168.04,76.38],[167.43,76.61],[166.59,76.43],[166.23,76.69],[165.33,76.82],[165.4,76.95],[166.16,77.19],[165.89,77.41],[164.05,77.33],[164.17,76.97],[163.33,77],[163.46,77.22],[162.95,77.33],[162.83,77.47],[163.76,77.65],[163.59,77.84],[163.13,77.98],[162.4,78.06],[161.43,77.83],[160.64,78.2],[159.82,78.29],[159.25,78.42],[159,78.59],[158.3,78.71],[157.66,78.68],[156.87,78.73],[156.22,78.85],[155.91,78.61],[155.06,78.97],[159.11,79],[157.95,79.29],[155.43,79.45],[153.07,79.66],[152.05,79.87],[151.22,79.9],[150.34,79.86],[148.33,79.52],[143.99,79.67],[143.73,79.49],[142.54,79.18],[142.01,79.18],[141.58,79.33],[140.74,79.28],[139.95,79.14],[139.38,79.13],[139.21,78.99],[139.93,78.99],[140.38,78.89],[140.09,78.72],[140.22,78.01],[140.2,77.31],[140.07,76.95],[138.7,77.33],[137.9,77.02],[137.67,76.85],[137.73,76.7],[137.38,76.63],[137.03,76.4],[136.86,76.15],[136.35,76.21],[135.65,76.63],[135.24,76.65],[134.84,76.47],[134.39,76.45],[133.2,76.67],[133.71,76.76],[134.33,76.71],[134.74,76.79],[134.92,77.17],[134.04,77.29],[131.57,77.32],[131.29,77.17],[130.73,77.22],[129.82,77.15],[129.78,77.01],[130.49,76.9],[130.61,76.71],[129.74,76.45],[128.74,76.64],[128.41,76.78],[127.89,76.68],[128.19,76.5],[127.12,76.34],[126.75,76.4],[126.55,76.63],[126.99,76.73],[126.93,76.91],[127.5,77.03],[127.26,77.19],[126.16,77.07],[125.55,77.06],[125.41,76.9],[124.94,76.85],[125.2,76.71],[125,76.58],[125.12,76.41],[124.4,76.37],[123.89,76.51],[123.29,76.5],[122.91,76.4],[121.83,76.28],[121.28,76.44],[121.42,76.61],[122.05,76.78],[122.6,76.81],[122.81,76.92],[123.31,76.93],[123.74,77.07],[123.01,77.31],[121.8,77.39],[121.21,77.31],[120.03,77.24],[118.9,77.21],[118.71,77.29],[117.65,77.33],[117.49,77.43],[116.38,77.55],[115.96,77.39],[116.33,77.23],[116.14,76.82],[115.54,76.95],[114.42,77.38],[115.5,77.45],[115.5,77.62],[114.65,77.67],[114.54,77.55],[113.74,77.5],[113.74,77.72],[112.93,77.57],[112.06,77.62],[111.8,77.53],[111.07,77.67],[109.61,77.6],[109.37,77.69],[108.46,77.67],[107.99,77.76],[108.13,77.98],[108.68,78.1],[109.65,78.1],[109.78,78.23],[109.57,78.44],[108.78,78.36],[107.1,78.53],[107.02,78.69],[105.72,78.66],[105.66,78.9],[106.31,78.99],[106.28,79.14],[105.58,79.47],[104.96,79.54],[103.3,79.52],[103.13,79.57],[101.2,79.51],[101.22,79.24],[100.69,79.01],[100.21,79.1],[100.41,79.38],[101.24,79.88],[103.55,80.01],[102.63,80.33],[100.95,80.38],[100.89,80.59],[100.45,80.68],[100.46,80.89],[99.85,81.08],[98.95,81.13],[98.43,81.05],[97.64,81.22],[97.85,81.45],[96.06,81.44],[95.07,81.51],[94.76,81.78],[92.67,81.78],[90,81.9],[89.27,81.94],[88.24,81.59],[88.1,81.06],[88.63,80.76],[89.24,80.77],[89.48,80.51],[89.29,80.17],[90,80.13],[90,80.02],[89.09,80.03],[88.98,80.23],[87,80.32],[87.22,79.95],[86.07,80.02],[86.64,79.65],[88.67,79.36],[88.77,78.95],[88.15,78.92],[86.93,79.03],[86.44,79.2],[86.29,79.46],[85.04,79.66],[84.5,80.05],[83.12,80.08],[82.81,80.21],[82.86,80.49],[82.37,80.57],[82.27,80.87],[81.7,81.04],[81.66,81.19],[81.01,81.32],[80.79,81.51],[80.14,81.68],[75.25,81.53],[74.15,81.16],[74.4,80.94],[73.93,80.7],[74.41,80.6],[73.91,80.44],[74.43,79.94],[74.49,79.58],[76.23,79.18],[76.23,78.95],[76.9,78.75],[77.26,78.32],[77.12,78.12],[78.1,78.03],[78.43,77.94],[78.43,77.73],[77.94,77.52],[77.51,77.47],[77.45,77.33],[75.2,77.33],[73.52,77.09],[73.79,76.93],[73.15,76.89],[73.24,76.71],[72.9,76.58],[72.02,76.57],[72.37,76.17],[71.81,76.25],[70.54,76.23],[69.9,76.41],[69.45,76.36],[69.75,76.09],[71.09,76.01],[71.04,75.78],[71.36,75.61],[71.16,75.44],[70.64,75.41],[70.01,75.48],[69.85,75.34],[68.98,75.43],[69.08,75.28],[68.33,75.09],[68.14,74.96],[67.24,74.99],[66.8,74.65],[65.72,74.81],[65.36,74.72],[64.54,74.72],[64.58,74.56],[63.87,74.61],[64.19,74.34],[63.57,74.33],[63.6,74.12],[63.27,74.03],[62.71,73.62],[62.14,73.47],[61.65,73.49],[61.47,73.28],[60.96,72.97],[60.54,72.87],[59.39,72.71],[59.61,72.44],[58.95,72.08],[58.66,72.03],[58.87,71.49],[59.99,71.22],[59.59,70.78],[59.09,70.73],[58.57,70.77],[58.1,70.87],[57.48,71.12],[57.35,71.28],[56.84,71.53],[56.63,71.54],[55.9,72.15],[55.97,72.47],[56.52,72.86],[56.76,72.91],[57.22,73.28],[58.71,73.96],[59.36,74.02],[60.05,74.41],[60.22,74.57],[60.68,74.79],[61.28,74.96],[61.73,74.96],[62.06,75.15],[61.72,75.31],[63.04,75.56],[63.3,75.56],[63.64,75.66],[63.94,75.53],[64.24,75.6],[66.09,75.83],[67.93,76.07],[68.07,76.16],[69.26,76.22],[69.31,76.81],[69.05,76.95],[68.26,77.11],[67.21,77.14],[66.94,76.98],[65.75,76.72],[65.03,76.77],[64.13,76.73],[63.67,76.65],[63.33,76.3],[62.42,76.34],[61.9,76.47],[62,76.71],[61.96,77.19],[62.84,77.17],[63.1,77.25],[64.27,77.02],[65.6,77.12],[65.82,77.25],[66.73,77.29],[65.75,77.51],[64.84,77.63],[64.61,77.74],[62.85,77.66],[62.5,77.33],[61.18,77.24],[61.16,77.04],[61.9,77.03],[61.83,76.81],[61.42,76.72],[60.68,76.71],[59.86,76.61],[59.4,76.47],[59.61,76.3],[59.1,76.16],[58.16,76.21],[57.92,76.32],[58.13,76.68],[57.77,76.93],[57.13,76.97],[56.29,77.09],[55.69,77.07],[55.03,76.79],[54.66,76.78],[54.42,76.6],[53.35,76.25],[52.89,76.23],[52.91,76.02],[52.23,75.94],[52.45,75.78],[51.99,75.63],[51.53,75.39],[51.26,75.38],[50.81,75.15],[50.86,74.99],[50.5,74.76],[49.5,74.56],[49.33,74.69],[48.88,74.71],[48.29,74.6],[47.23,74.55],[47.2,74.44],[47.86,74.36],[47.99,74.25],[48.52,74.17],[48.55,74.04],[49.63,73.85],[50.57,73.88],[50.74,74],[51.58,74.13],[51.63,74.37],[52.61,74.43],[52.78,74.72],[52.87,75.08],[53.07,75.2],[55.11,75.39],[54.82,75.08],[54.37,74.92],[54.13,74.6],[54.05,74.29],[53.12,73.97],[52.35,74.09],[52.04,73.95],[52.4,73.74],[51.84,73.46],[51.8,73.24],[51.53,73.06],[50.92,73.07],[50.81,72.97],[50.91,72.7],[49.89,72.63],[49.33,72.44],[48.42,72.57],[48.56,72.69],[47.5,72.72],[47.33,72.53],[46.88,72.44],[46.42,72.43],[46.62,72.28],[46.24,72.08],[44.67,71.93],[44.07,71.81],[43.87,71.54],[43.59,71.38],[42.93,71.26],[42.63,71.33],[42.29,71.29],[41.3,71.31],[40.61,71.09],[40.51,70.83],[40.09,70.64],[40.08,70.48],[39.63,70.33],[39.14,70.27],[38.22,70.4],[38.3,70.57],[37.58,70.73],[37.3,71.08],[36.99,71.12],[36.25,71.41],[34.95,71.47],[34.25,71.39],[34.22,71.25],[33.7,71.21],[33.58,70.97],[32.97,71],[33.35,70.74],[33.84,70.54],[33.66,70.36],[34.5,70.3],[34.7,70.09],[35.07,69.96],[35.18,69.8],[34.56,69.77],[34.64,69.94],[34.14,70.05],[33.53,70.11],[32.89,70.3],[32.27,70.43],[32.36,70.23],[31.66,70.11],[30.87,69.84],[30.69,69.84],[29.84,70.01],[30.65,70.03],[31.38,70.4],[31.11,70.61],[30.7,70.71],[29.5,70.9],[29.31,70.99],[28.77,70.99],[28.74,71.1],[28.22,71.22],[27.32,71.21],[27.05,71.07],[26.66,71.02],[26.25,70.85],[26.24,71.17],[25.04,71.24],[24.73,71.17],[24.29,71.19],[23.46,71.09],[22.3,71],[22.04,70.81],[21.69,70.7],[21.71,70.53],[20.95,70.4],[20.9,70.7],[20.2,70.76],[20.29,70.93],[20.82,70.98],[21.08,70.82],[21.45,70.85],[21.79,71.06],[21.65,71.17],[20.96,71.17],[20.02,71.02],[19.57,71.3],[18.97,71.07],[18.38,71.04],[18.61,70.78],[19.28,70.76],[20.09,70.6],[19.67,70.45],[19.3,70.55],[18.05,70.52],[17.38,70.47],[17.37,70.21],[16.76,69.95],[17.21,69.92],[17.84,69.74],[16.86,69.79],[16.24,69.65],[16.51,69.53],[16.64,69.28],[16.08,69.44],[15.5,69.39],[14.56,69.21],[14.28,69.08],[13.84,69.08],[13.24,68.83],[11.96,68.55],[11.72,68.43],[11.19,68.36],[10.78,68.17],[10.74,68.01],[10.4,67.81],[10.47,67.45],[10.27,67.36],[10.54,67.13],[10.83,67.11],[11.89,67.33],[12.33,67.31],[12.75,67.57],[14.33,68.09],[14.65,68.12],[15.03,68.05],[14.5,67.88],[14.22,67.59],[13.72,67.4],[13.36,67.32],[13.47,67.15],[12.7,66.96],[12.27,66.7],[11.93,66.63],[11.72,66.46],[12.04,66.38],[11.61,66.22],[11.36,66.06],[11.36,65.76],[11.02,65.62],[10.99,65.45],[10.77,65.37],[10.83,65.21],[10.61,65.19],[10.28,64.83],[10.37,64.71],[10.72,64.6],[10.13,64.33],[9.93,64.32],[9.75,64.04],[9.59,64.01],[9.27,63.75],[9.16,63.93],[9.53,64.18],[9.47,64.26],[8.91,64.21],[8.24,63.88],[8.17,63.59],[8,63.63],[7.64,63.51],[7.56,63.37],[7.28,63.44],[6.8,63.44],[6.58,63.29],[5.55,63.33],[5.34,63.12],[4.98,62.89],[4.03,62.66],[3.63,62.45],[3.74,62.28],[4.16,61.93],[4.33,61.87],[4.45,61.52],[4.37,61.1],[4.55,60.91],[4.95,60.1],[4.96,59.67],[4.83,59.57],[4.83,59.27],[5.2,59.07],[5.14,58.86],[5.29,58.81],[5.81,58.4],[6.32,58.22],[6.53,58.08],[6.94,57.94],[7.64,57.94],[7.97,57.99],[8.5,58.13],[8.65,58.25],[9.53,58.76],[9.84,58.9],[10.15,58.87],[10.66,58.48],[10.71,58.27],[10.88,58.08],[10.49,58.15],[9.77,58.06],[9.2,57.85],[8.84,57.8],[8.53,57.68],[8,57.61],[7.6,57.52],[6.81,57.57],[6.37,57.7],[6.15,57.7],[5.85,57.85],[5.3,58.05],[4.66,58.16],[4.09,58.41],[3.72,58.62],[3.49,59],[3.43,59.51],[3.29,59.69],[3.22,60.08],[3.22,60.5],[2.94,60.83],[2.5,61.13],[2.26,61.21],[2.05,61.37],[1.18,61.81],[0.84,61.75],[0.8,61.88],[0.43,61.98],[0.06,61.84],[0,61.62],[-0.84,61.56],[-1.19,61.38],[-1.24,61.24],[-1.5,61.2],[-2.21,60.91],[-2.59,60.82],[-2.86,60.66],[-3.1,60.43],[-3.35,60.43],[-3.69,60.32],[-3.9,60.31],[-4.35,60.15],[-4.46,59.98],[-4.77,60.01],[-5.03,59.84],[-5.22,59.84],[-5.41,59.68],[-5.99,59.71],[-6.12,59.66],[-6.62,59.25],[-6.83,59.24],[-7.46,59],[-7.62,58.77],[-8.64,58.37],[-9.13,58.09],[-9.41,57.71],[-9.38,57.41],[-8.99,56.73],[-9.04,56.45],[-9.18,56.25],[-9.16,56.09],[-9.42,55.54],[-9.67,55.45],[-9.88,55.28],[-10.54,54.66],[-10.55,54.52],[-10.84,54.15],[-11.03,54.06],[-11.23,53.76],[-11.78,53.35],[-11.81,53.15],[-11.97,52.99],[-11.92,52.71],[-11.79,52.45],[-11.42,52.14],[-11.18,51.58],[-11.17,51.19],[-11.27,51.04],[-11.07,50.91],[-11.05,50.81],[-10.77,50.51],[-10.86,50.22],[-10.98,50.13],[-10.89,49.97],[-10.96,49.64],[-11.22,49.32],[-11.1,49.1],[-10.82,49.11],[-10.83,48.95],[-10.47,48.92],[-10.33,48.76],[-10.06,48.81],[-9.74,48.74],[-9.66,48.54],[-9.45,48.52],[-9.54,48.27],[-9.13,48.3],[-8.85,48.39],[-8.78,48.22],[-8.49,48.19],[-8.31,48.28],[-8.15,48.25],[-7.96,48.03],[-7.65,48.04],[-7.46,47.89],[-7.4,47.66],[-7.2,47.55],[-6.6,47.57],[-6.11,47.3],[-5.94,47.24],[-5.74,47.28],[-5.57,47.15],[-5.59,47.06],[-5.13,47],[-5.01,46.74],[-4.79,46.71],[-4.68,46.48],[-4.51,46.34],[-4.24,46.29],[-4.06,46.09],[-3.6,46.1],[-3.41,45.99],[-3.68,45.93],[-3.72,45.83],[-3.44,45.69],[-3.23,45.53],[-3.13,45.33],[-2.97,45.15],[-2.48,45.1],[-2.02,44.72],[-2.08,44.52],[-1.99,44.28],[-2.05,44.08],[-2.12,43.91],[-1.88,43.63],[-2.01,43.55],[-2.41,43.52],[-3.11,43.61],[-3.46,43.59],[-3.67,43.67],[-4.01,43.57],[-4.46,43.54],[-4.55,43.68],[-4.75,43.74],[-4.92,43.68],[-5.05,43.79],[-5.36,43.89],[-5.9,43.83],[-6.06,43.89],[-6.15,43.73],[-6.33,43.78],[-6.59,43.95],[-6.76,43.95],[-7.25,44.1],[-7.46,44.12],[-7.58,44.02],[-7.79,44.09],[-8.03,43.95],[-8.18,44.01],[-8.56,43.75],[-8.74,43.71],[-8.89,43.58],[-9.4,43.3],[-9.52,43.08],[-9.52,42.73],[-9.3,42.45],[-9.27,42.35],[-9.4,41.86],[-9.21,41.6],[-9.16,41.38],[-9.26,41.24],[-9.35,40.95],[-9.28,40.8],[-9.36,40.62],[-9.57,40.38],[-9.61,39.94],[-9.59,39.65],[-9.43,39.54],[-9.76,39.41],[-9.97,39.16],[-9.95,39.03],[-10.05,38.91],[-9.83,38.69],[-9.67,38.67],[-9.55,38.45],[-9.35,38.45],[-9.06,38.32],[-9.09,37.98],[-9.02,37.58],[-9.13,37.22],[-9.12,37.01],[-9,36.84],[-8.01,36.84],[-7.77,36.94],[-7.59,36.95],[-7.15,36.87],[-6.95,36.73],[-6.63,36.37],[-6.62,36.25],[-6.39,35.96],[-6.24,35.91],[-5.92,35.99],[-5.64,35.97],[-5.46,36.03],[-5.29,36.13],[-5.08,36.37],[-4.63,36.41],[-4.19,36.67],[-3.4,36.66],[-3.08,36.68],[-2.84,36.56],[-2.32,36.72],[-2.15,36.6],[-1.84,36.89],[-1.8,37.12],[-1.72,37.24],[-1.26,37.5],[-0.89,37.47],[-0.53,37.56],[-0.36,37.79],[-0.46,37.91],[-0.42,38.03],[0,38.17],[0.33,38.35],[0.48,38.64],[0.43,38.85],[0.4,38.98],[0.11,39.21],[0.04,39.32],[0.15,39.53],[0.33,39.63],[0.6,39.65],[0.87,39.85],[1,40.05],[1.22,40.22],[1.37,40.56],[1.33,40.88],[1.39,41],[1.69,41.09],[2.04,41.14],[2.29,41.29],[2.71,41.41],[2.83,41.57],[3.09,41.53],[3.27,41.6],[3.41,41.74],[3.33,41.92],[3.46,42.01],[3.53,42.22],[3.48,42.44],[3.75,42.73],[4.08,42.76],[4.38,42.83],[4.46,42.94],[4.66,42.87],[4.9,42.96],[5.04,43.08],[5.44,43.1],[5.6,42.99],[5.98,43.01],[6.14,42.94],[6.61,43.01],[6.74,43.18],[6.79,43.36],[7.09,43.49],[7.26,43.68],[7.98,43.79],[8.19,43.9],[8.54,44.28],[8.9,44.35],[9.29,44.26],[9.61,44.07],[9.79,43.87],[9.92,43.57],[9.86,43.42],[9.94,43.23],[9.73,43.07],[9.85,42.94],[10.04,42.49],[10.07,42.21],[10.36,42.3],[10.3,42.42],[10.42,42.56],[10.6,42.57],[10.78,42.51],[10.77,42.35],[11.05,42.13],[11.42,42.12],[11.74,41.89],[11.98,41.79],[12.29,41.4],[12.62,41.21],[12.96,41.06],[12.79,40.99],[12.81,40.88],[12.99,40.85],[13.16,41],[13.52,41.05],[13.85,40.89],[13.88,40.67],[14.17,40.69],[14.19,40.52],[14.62,40.62],[14.75,40.49],[14.6,40.28],[14.72,40.16],[14.84,40.16],[15.05,40.01],[15.33,39.92],[15.51,40.01],[15.73,39.89],[15.77,39.59],[15.97,39.36],[16.07,38.78],[15.8,38.7],[15.87,38.54],[15.79,38.33],[15.52,38.37],[15.15,38.19],[14.77,38.21],[14.57,38.14],[14.35,38.15],[14.15,38.07],[13.69,38.09],[13.45,38.17],[13.35,38.29],[13.06,38.24],[12.9,38.11],[12.73,38.22],[12.4,38.1],[12.2,38.12],[12.05,37.89],[12.21,37.71],[12.04,37.66],[11.88,37.78],[11.65,37.54],[11.58,37.35],[11.76,37.22],[11.88,37.02],[12.2,36.95],[12.32,36.85],[12.61,36.89],[12.7,36.98],[12.67,37.11],[12.89,37.1],[13.03,37.36],[13.3,37.23],[13.43,37.11],[13.75,36.99],[14.09,36.94],[14.33,36.77],[14.36,36.58],[14.5,36.29],[14.38,36.14],[14.16,36.08],[14.29,35.81],[14.48,35.74],[14.79,35.48],[15.09,35.42],[15.34,35.6],[15.31,36.18],[15.45,36.5],[15.32,36.65],[15.26,36.89],[15.37,37.01],[15.17,37.49],[15.28,37.79],[15.52,38.07],[15.75,37.9],[16.04,37.85],[16.17,37.92],[16.23,38.16],[16.62,38.4],[16.61,38.75],[16.8,38.84],[17.07,38.84],[17.22,38.93],[17.24,39.1],[17.17,39.25],[17.19,39.4],[17.14,39.49],[16.9,39.62],[16.62,39.69],[16.63,39.85],[16.76,39.97],[16.92,40.4],[17.02,40.43],[17.31,40.33],[17.86,40.01],[17.9,39.76],[18.14,39.67],[18.37,39.67],[18.71,39.84],[18.77,40.02],[18.61,40.35],[18.61,40.52],[18.51,40.69],[18.19,40.82],[18.06,40.98],[17.48,41.08],[17.32,41.28],[17.11,41.33],[17.09,41.45],[16.72,42.04],[16.78,42.18],[16.68,42.29],[16.69,42.47],[16.85,42.44],[17.26,42.57],[17.9,42.53],[18.3,42.39],[18.48,42.28],[18.66,41.78],[18.94,41.57],[18.92,41.1],[18.96,40.87],[19.13,40.64],[19.18,40.47],[19.46,40.19],[19.65,40.1],[19.34,39.89],[19.45,39.7],[19.67,39.65],[19.81,39.45],[19.99,39.35],[20.17,39.13],[20.33,39.03],[20.53,39.04],[20.55,38.73],[20.51,38.45],[20.37,38.37],[20.31,38.19],[20.36,38.1],[20.6,38],[20.59,37.82],[20.81,37.62],[21.03,37.66],[21.04,37.84],[21.28,37.6],[21.55,37.5],[21.6,37.32],[21.49,37.09],[21.63,36.93],[21.67,36.74],[21.78,36.67],[22.02,36.77],[22.06,36.97],[22.27,36.8],[22.35,36.47],[22.53,36.39],[22.52,36.53],[22.66,36.75],[22.88,36.59],[22.85,36.21],[23.07,36.06],[23.14,36.13],[23.12,36.32],[23.22,36.42],[23.1,36.67],[23.14,36.79],[22.98,37.14],[22.82,37.41],[23.04,37.37],[23.13,37.2],[23.34,37.25],[23.59,37.25],[23.57,37.47],[23.79,37.39],[24.01,37.45],[23.99,37.54],[24.2,37.63],[24.34,37.44],[24.35,37.16],[24.51,37.08],[24.67,37.26],[24.51,37.38],[24.46,37.6],[24.5,37.72],[24.65,37.84],[24.75,37.69],[24.84,37.23],[24.85,37.04],[24.62,37.07],[24.65,36.9],[24.22,36.73],[24.29,36.58],[24.51,36.58],[24.87,36.8],[24.81,36.58],[25.18,36.58],[25.36,36.29],[25.53,36.38],[25.38,36.59],[25.53,36.81],[25.74,36.75],[25.9,36.77],[25.74,36.96],[25.88,37.16],[25.67,37.24],[25.69,37.43],[25.37,37.55],[25.12,37.74],[25.04,37.93],[24.84,38.04],[24.63,38.02],[24.66,38.16],[24.36,38.19],[24.26,38.4],[24.29,38.63],[24.15,38.72],[23.83,38.73],[23.49,38.87],[23.43,39.1],[23.6,39.1],[23.9,38.97],[24.13,39.04],[24.01,39.22],[24.17,39.33],[24.26,39.49],[24.18,39.54],[23.79,39.21],[23.42,39.27],[23.27,39.37],[23.15,39.55],[23.18,39.68],[23.47,39.94],[23.7,39.88],[23.74,40.01],[24,39.92],[24.05,40.12],[24.15,40.25],[24.28,40.11],[24.43,40.2],[24.27,40.45],[24.41,40.57],[24.64,40.47],[24.94,40.54],[25.17,40.48],[25.3,40.35],[25.52,40.35],[25.72,40.42],[25.97,40.42],[26.33,40.51],[26.4,40.45],[26.11,40.32],[25.81,40.28],[25.49,40.13],[25.09,40.06],[24.89,39.88],[24.87,39.61],[24.77,39.49],[24.97,39.37],[25.11,39.39],[25.43,39.54],[25.65,39.49],[25.96,39.51],[26.11,39.38],[25.85,39.34],[25.69,39.4],[25.37,39.34],[25.19,39.23],[25.26,39.15],[25.47,39.25],[25.54,39.01],[25.78,39.13],[26.17,38.98],[26.47,38.94],[26.48,38.82],[26.21,38.65],[25.83,38.63],[25.79,38.57],[25.91,38.4],[25.76,38.34],[25.93,38.11],[26.54,38.1],[26.7,38.11],[26.82,37.99],[27.02,37.93],[26.97,37.83],[26.7,37.84],[26.47,37.69],[26.38,37.73],[26.09,37.69],[25.94,37.57],[25.98,37.48],[26.35,37.54],[26.36,37.35],[26.69,37.13],[26.86,37.07],[26.91,36.92],[26.79,36.79],[26.88,36.67],[27.24,36.57],[27.34,36.67],[27.67,36.63],[27.82,36.5],[28.13,36.55],[28.42,36.72],[28.76,36.66],[28.81,36.58],[29.06,36.49],[29.07,36.38],[29.24,36.25],[29.54,36.1],[29.76,36.1],[30.07,36.22],[30.28,36.24],[30.44,36.17],[30.63,36.51],[30.61,36.69],[30.7,36.85],[30.87,36.75],[31.47,36.71],[32.03,36.47],[32.26,36.2],[32.64,35.98],[33.08,36.01],[33.22,36.08],[33.88,36.07],[34.04,36.15],[34.25,36.39],[34.53,36.48],[34.72,36.38],[34.82,36.24],[35.07,36.17],[35.38,36.23],[35.8,36.14],[35.91,35.98],[35.77,35.85],[35.79,35.72],[35.68,35.53],[35.82,35.41],[35.88,35.21],[35.81,34.97],[35.81,34.69],[35.72,34.41],[35.6,34.24],[35.61,34.09],[35.37,33.85],[35.32,33.59],[35.18,33.5],[35.15,33.35],[34.92,33],[34.8,32.77],[34.77,32.58],[34.6,32.3],[34.56,32.03],[34.36,31.77],[34.13,31.57],[33.86,31.64],[33.57,31.63],[33.2,31.57],[32.87,31.66],[32.2,31.96],[31.83,32.07],[31.73,32.05],[30.63,32.05],[30.22,31.93],[29.92,31.56],[29.79,31.35],[29.43,31.21],[29.23,31.03],[28.56,31.11],[28.28,31.23],[28.06,31.19],[27.9,31.3],[27.73,31.25],[27.48,31.28],[27.49,31.37],[27.22,31.47],[26.99,31.48],[26.68,31.63],[26.44,31.61],[26.29,31.79],[26.12,31.75],[25.98,31.83],[25.83,31.81],[25.58,31.88],[25.44,31.65],[25.35,31.65],[25.18,31.81],[25.23,31.94],[25.01,32.14],[24.68,32.22],[24.48,32.23],[24.17,32.33],[24.04,32.27],[23.78,32.36],[23.09,32.75],[23.09,32.93],[23.01,33],[22.7,32.96],[22.51,33.01],[22.34,32.94],[21.87,33.01],[21.6,32.97],[21.42,32.87],[21.01,32.85],[20.77,32.73],[20.35,32.73],[20.11,32.58],[19.99,32.37],[19.85,32.21],[19.5,32.03],[19.44,31.95],[19.47,31.71],[19.7,31.12],[19.69,30.91],[19.49,30.65],[19.33,30.6],[19.12,30.65],[18.37,31.16],[18.17,31.18],[17.58,31.46],[17.31,31.45],[17.16,31.5],[17,31.45],[16.64,31.49],[16.42,31.64],[16.14,32.02],[16.13,32.12],[15.91,32.22],[15.79,32.41],[15.32,32.55],[14.85,32.57],[14.72,32.62],[14.67,32.77],[14.5,32.86],[14.38,32.84],[13.83,33.08],[13.65,33.25],[13.18,33.22],[12.88,33.28],[12.69,33.57],[12.66,33.8],[12.87,33.89],[12.83,34.13],[12.89,34.19],[13.26,34.15],[13.54,34.25],[13.53,34.48],[13.3,34.62],[13.15,34.63],[13.02,34.76],[13.53,34.95],[13.49,35.12],[13.33,35.26],[13.08,35.34],[13.08,35.47],[12.86,35.64],[12.56,35.67],[12.46,35.98],[12.24,35.9],[12.01,35.98],[11.94,36.15],[11.73,36.01],[11.47,36.1],[11.5,36.41],[11.48,36.66],[11.34,36.99],[11.05,37.38],[10.79,37.27],[10.58,37.34],[10.68,37.56],[11.03,37.88],[10.81,37.93],[10.7,37.83],[10.46,37.78],[10.4,37.63],[10.13,37.54],[9.99,37.57],[9.71,37.45],[8.91,37.77],[8.77,37.57],[8.59,37.47],[8.6,37.37],[8.85,37.36],[8.88,37.21],[8.67,37.18],[8.5,37.23],[8.33,37.15],[7.91,37.1],[7.65,37.04],[7.36,37.17],[7.02,37.02],[6.74,37.01],[6.51,37.12],[6.33,37.11],[6.03,36.95],[5.78,36.95],[5.47,36.75],[5.31,36.73],[5.07,36.87],[4.76,36.94],[4.25,36.94],[3.81,36.96],[3.51,36.85],[2.79,36.85],[2.58,36.72],[2.41,36.73],[1.66,36.58],[1.13,36.56],[0.13,36.2],[0,36.09],[-0.64,35.84],[-0.76,35.86],[-0.95,35.78],[-1.2,35.75],[-1.31,35.6],[-1.75,35.32],[-2.11,35.26],[-2.29,35.31],[-2.66,35.31],[-2.87,35.55],[-3.16,35.41],[-3.52,35.38],[-3.65,35.43],[-3.82,35.33],[-4.12,35.26],[-4.17,35.4],[-4.38,35.41],[-4.36,35.23],[-4.77,35.31],[-4.99,35.57],[-5.2,35.69],[-5.26,35.93],[-5.82,35.9],[-6.44,35.62],[-6.47,35.32],[-6.67,34.93],[-6.84,34.76],[-6.88,34.49],[-6.98,34.3],[-8.11,33.93],[-8.62,33.66],[-9.14,33.27],[-9.45,32.99],[-9.57,32.69],[-9.84,32.27],[-9.91,32.05],[-10.15,31.85],[-10.17,31.64],[-10.21,31.52],[-10.18,31.05],[-10.1,30.88],[-10.18,30.7],[-9.99,30.42],[-9.99,30.13],[-10.06,30],[-10.37,29.72],[-10.52,29.63],[-11.01,29.26],[-11.37,29.24],[-11.69,29.05],[-12.21,28.97],[-12.63,28.71],[-13.3,28.05],[-13.65,27.48],[-13.72,27.02],[-13.79,26.91],[-14.01,26.87],[-14.2,26.65],[-14.73,26.31],[-14.9,26.1],[-15.04,26.05],[-15.19,25.88],[-15.55,25.6],[-15.72,25.59],[-15.91,25.45],[-16.31,24.85],[-16.38,24.55],[-16.72,24.15],[-16.75,24.01],[-17.06,23.29],[-17.2,22.66],[-17.42,22.11],[-17.42,21.85],[-17.49,21.61],[-17.5,21.31],[-17.54,21.15],[-17.67,20.97],[-17.68,20.39],[-17.66,20.14],[-17.52,19.91],[-17.34,19.86],[-17.08,19.64],[-17,19.45],[-16.76,19.19],[-16.77,18.99],[-16.7,18.76],[-16.63,18.73],[-16.52,18.24],[-16.51,17.98],[-16.57,17.56],[-16.65,17.45],[-16.79,17.05],[-16.77,16.76],[-16.82,16.59],[-16.86,16.22],[-16.95,16.08],[-17.01,15.85],[-17.2,15.26],[-17.32,15.13],[-17.34,14.97],[-17.55,14.88],[-17.64,14.74],[-17.56,14.43],[-17.56,14.08],[-17.42,13.81],[-17.49,13.55],[-17.49,13.42],[-17.71,12.89],[-17.67,12.69],[-17.54,12.39],[-17.39,12.26],[-17.39,12.05],[-17.35,11.91],[-17.42,11.66],[-17.39,11.41],[-17.32,11.09],[-17.23,11],[-17.11,10.72],[-17.17,10.58],[-16.92,10.53],[-16.8,10.33],[-16.82,10.14],[-16.67,10.04],[-16.67,9.93],[-16.55,9.81],[-16.58,9.67],[-16.41,9.61],[-16.34,9.5],[-16.15,9.41],[-15.51,9.23],[-15.22,9.02],[-15.04,8.96],[-14.84,8.96],[-14.68,8.83],[-14.65,8.69],[-14.3,8.44],[-14.32,8.09],[-14.16,7.74],[-13.75,7.46],[-13.67,7.35],[-12.98,7.21],[-12.69,7.22],[-12.49,7.13],[-12.32,7.09],[-12.27,7],[-12.03,6.82],[-11.87,6.83],[-11.51,6.58],[-11.4,6.43],[-11.23,6.37],[-11.11,6.22],[-10.95,6.16],[-10.8,5.91],[-10.65,5.79],[-10.36,5.67],[-10.15,5.44],[-10,5.4],[-9.83,5.17],[-9.26,4.61],[-9.09,4.54],[-7.67,4.13],[-7.39,4.21],[-7.24,4.21],[-6.38,4.61],[-6.25,4.59],[-6,4.7],[-5.74,4.72],[-5.45,4.87],[-5.14,4.93],[-5.02,5],[-4.89,4.95],[-4.51,5.02],[-4.21,5.03],[-3.99,5.08],[-3.77,4.96],[-2.9,4.62],[-2.53,4.6],[-2.33,4.54],[-1.85,4.31],[-1.59,4.27],[-1.44,4.31],[-0.98,4.52],[-0.54,4.85],[-0.16,5.26],[0,5.29],[0.3,5.57],[0.36,5.58],[0.91,5.58],[1.27,5.9],[1.46,5.98],[2.08,6.08],[2.79,6.09],[3.02,6.15],[3.27,6.14],[3.42,6.08],[3.7,6.1],[3.88,6.17],[4.09,6.05],[4.35,5.96],[4.59,5.71],[4.71,5.31],[4.84,5.17],[4.88,4.86],[4.98,4.77],[4.99,4.63],[5.12,4.42],[5.23,4.33],[5.22,4.15],[5.37,4.07],[5.42,3.96],[5.67,3.8],[6.13,3.73],[6.29,3.77],[6.46,3.75],[6.68,3.65],[6.86,3.78],[7.06,3.84],[7.34,3.75],[7.47,3.8],[7.73,3.77],[7.86,3.82],[8.16,3.81],[8.33,3.75],[8.48,3.61],[8.38,3.37],[8.43,3.25],[8.57,3.16],[8.76,3.2],[8.93,3.5],[9.11,3.58],[9.31,3.41],[9.47,3.13],[9.58,2.85],[9.58,2.67],[9.51,2.47],[9.52,2.16],[9.56,1.99],[9.42,1.77],[9.32,1.5],[9.13,1.33],[9.07,1.04],[8.97,0.89],[8.98,0.76],[8.86,0.39],[8.88,0],[8.81,-0.35],[8.69,-0.52],[8.61,-0.75],[8.41,-0.99],[8.39,-1.22],[8.55,-1.46],[8.65,-1.69],[8.8,-1.87],[8.79,-2.07],[8.84,-2.33],[9.01,-2.61],[9.37,-2.99],[9.61,-3.14],[9.84,-3.17],[9.8,-3.32],[9.96,-3.53],[10.18,-3.69],[10.4,-3.69],[10.52,-3.81],[10.56,-3.96],[10.42,-4.04],[10.66,-4.26],[10.78,-4.14],[11.1,-4.39],[11.08,-4.58],[11.45,-5.03],[11.6,-5.42],[11.59,-5.63],[11.53,-5.79],[11.6,-6.03],[11.52,-6.13],[11.59,-6.34],[11.77,-6.65],[11.87,-6.95],[12.01,-7.16],[12.17,-7.25],[12.23,-7.35],[12.41,-7.43],[12.98,-8.58],[12.99,-8.92],[12.73,-9.16],[12.68,-9.34],[12.75,-9.57],[12.86,-9.74],[12.87,-9.97],[13.07,-10.4],[13.56,-11.03],[13.57,-11.16],[13.38,-11.58],[13.51,-11.87],[13.35,-12.37],[12.93,-12.74],[12.82,-12.99],[12.51,-13.37],[12.49,-13.59],[12.42,-13.67],[12.46,-13.83],[12.24,-13.95],[12.17,-14.32],[12.24,-14.51],[12.22,-14.78],[11.96,-15.19],[11.83,-15.47],[11.75,-15.56],[11.75,-15.7],[11.63,-16.02],[11.48,-16.27],[11.48,-16.41],[11.33,-16.65],[11.33,-16.97],[11.44,-17.27],[11.45,-17.68],[11.54,-17.88],[11.57,-18.44],[11.77,-18.62],[12.16,-19.23],[12.27,-19.51],[12.32,-19.94],[12.64,-20.43],[12.74,-20.5],[12.9,-20.77],[12.99,-21.09],[12.99,-21.23],[13.09,-21.5],[13.13,-21.88],[13.26,-22.16],[13.4,-22.31],[13.51,-22.71],[13.57,-23.43],[13.76,-23.78],[14.01,-23.94],[14.02,-24.21],[13.95,-24.38],[13.95,-24.64],[13.9,-24.97],[14.01,-25.31],[14.21,-25.24],[14.31,-25.39],[14.24,-25.58],[14.37,-25.79],[14.38,-25.94],[14.66,-26.2],[14.65,-26.39],[14.7,-26.65],[14.79,-26.78],[14.81,-27.02],[15.03,-27.52],[14.99,-27.63],[15.02,-27.82],[14.86,-27.91],[14.77,-28.07],[14.57,-28.14],[14.54,-28.34],[14.59,-28.47],[14.48,-28.78],[14.6,-28.98],[14.77,-28.86],[14.86,-28.94],[14.75,-29.05],[14.9,-29.36],[15.21,-29.49],[15.26,-29.73],[15.55,-29.86],[15.49,-29.99],[15.77,-30.01],[16.03,-30.16],[16.23,-30.23],[16.54,-30.27],[16.78,-30.55],[16.82,-30.67],[17.07,-31.14],[17.24,-31.27],[17.33,-31.46],[17.2,-31.65],[17.16,-31.8],[17.24,-32.09],[17.53,-32.5],[17.68,-32.65],[17.62,-32.85],[17.72,-33.54],[17.98,-34.03],[18.2,-34.29],[18.39,-34.46],[18.6,-34.86],[18.71,-34.89],[19.04,-35.2],[19.18,-35.43],[19.28,-35.42],[19.49,-35.53],[19.53,-35.66],[19.75,-35.78],[19.68,-35.89],[19.77,-36],[20.04,-36.09],[20.02,-36.26],[20.25,-36.44],[20.48,-36.53],[20.65,-36.52],[20.86,-36.65],[21,-36.65],[21.25,-36.43],[21.48,-36.4],[21.73,-36.43],[21.89,-36.29],[21.72,-36.18],[21.85,-36.07],[21.88,-35.94],[22.11,-35.69],[22.33,-35.67],[22.43,-35.39],[22.63,-35.14],[22.9,-35.01],[23.26,-34.98],[23.69,-34.84],[24.12,-34.81],[24.22,-34.77],[24.56,-34.78],[24.74,-34.67],[24.97,-34.77],[25.08,-34.58],[25.28,-34.55],[25.7,-34.41],[26.04,-34.43],[26.43,-34.31],[27.17,-33.88],[27.26,-33.73],[27.58,-33.57],[27.8,-33.35],[27.94,-33.31],[28.25,-33.1],[28.35,-32.97],[28.55,-32.84],[29.17,-32.19],[29.48,-31.89],[29.53,-31.74],[29.86,-31.55],[30.7,-30.69],[30.85,-30.47],[31.06,-30.04],[31.21,-29.9],[31.54,-29.66],[31.79,-29.56],[32.19,-29.11],[32.65,-28.12],[32.69,-27.62],[32.83,-27.24],[32.99,-26.94],[33.11,-25.99],[33.21,-25.6],[33.43,-25.39],[33.56,-25.46],[33.75,-25.31],[34.03,-25.21],[34.54,-25.19],[34.73,-25.29],[34.89,-25.45],[35.13,-25.32],[35.53,-24.5],[35.57,-24.26],[35.68,-24.08],[35.67,-23.89],[35.74,-23.47],[35.66,-22.43],[35.62,-22.17],[35.57,-21.4],[35.69,-21.04],[36.01,-20.42],[36.17,-20.13],[36.44,-19.95],[36.52,-19.79],[36.67,-19.66],[36.96,-19.28],[36.98,-19.15],[37.11,-19.07],[37.3,-18.55],[37.4,-18.43],[37.5,-18.15],[37.75,-17.91],[38.59,-17.5],[38.69,-17.38],[38.86,-17.35],[39.13,-17.23],[40.02,-16.53],[40.13,-16.31],[40.27,-16.15],[40.66,-15.62],[40.78,-15.35],[40.78,-15.19],[40.88,-14.83],[40.9,-14.49],[40.81,-14.35],[40.8,-14.19],[40.68,-14.03],[40.62,-13.23],[40.65,-13.07],[40.59,-12.92],[40.67,-12.78],[40.65,-12.53],[40.71,-12.45],[40.64,-12.11],[40.71,-11.73],[40.69,-11.54],[40.8,-11.07],[40.64,-10.58],[40.37,-10.19],[40.12,-10.14],[39.88,-9.95],[39.7,-9.4],[39.7,-9.23],[39.61,-8.99],[39.63,-8.87],[39.63,-8.37],[39.71,-8.19],[39.91,-7.91],[39.97,-7.6],[39.7,-7.31],[39.62,-7.18],[39.58,-6.93],[39.38,-6.72],[39.44,-6.56],[39.61,-6.46],[39.63,-6.29],[39.59,-6.13],[39.48,-6],[39.46,-5.83],[39.34,-5.62],[39.13,-5.55],[39.19,-5.3],[39.43,-4.7],[39.49,-4.67],[39.87,-3.85],[39.94,-3.59],[40.05,-3.45],[40.2,-3.5],[40.24,-3.24],[40.52,-2.8],[40.62,-2.8],[40.76,-3.03],[40.96,-2.87],[41.24,-2.25],[41.36,-2.03],[41.76,-1.56],[41.86,-1.34],[42.05,-1.11],[43.03,0]],[[39.54,-6.32],[39.51,-6.46],[39.26,-6.3],[39.19,-5.91],[39.35,-5.9],[39.46,-6.2],[39.54,-6.32]],[[128.53,2.6],[128.69,2.48],[128.64,2.26],[128.57,2.11],[128.34,2.04],[128.25,2.11],[128.2,2.27],[128.32,2.46],[128.53,2.6]],[[128.06,2.19],[127.85,1.83],[128.01,1.72],[128.04,1.54],[127.97,1.3],[127.89,1.16],[127.64,1],[127.66,0.89],[127.8,0.8],[127.92,0.87],[127.94,1.01],[128.2,1.2],[128.19,1.37],[128.46,1.54],[128.72,1.57],[128.74,1.4],[128.7,1.07],[128.32,0.9],[128.21,0.77],[128.31,0.67],[128.68,0.54],[128.7,0.33],[128.47,0.39],[128.26,0.39],[127.96,0.48],[127.88,0.3],[127.92,0.15],[127.89,-0.02],[128.04,-0.42],[128.23,-0.71],[128.05,-0.71],[127.85,-0.37],[127.67,-0.23],[127.71,0.28],[127.57,0.42],[127.53,0.56],[127.56,0.74],[127.49,1.05],[127.41,1.23],[127.54,1.48],[127.58,1.75],[127.69,1.93],[127.92,2.17],[128.06,2.19]],[[130.76,-0.02],[130.82,0],[131.15,-0.09],[131.3,-0.16],[131.34,-0.28],[130.95,-0.35],[130.7,-0.08],[130.63,-0.13],[130.81,-0.32],[130.68,-0.34],[130.32,-0.26],[130.37,-0.12],[130.5,-0.06],[130.76,-0.02]],[[132.4,-0.35],[132.71,-0.36],[133.15,-0.53],[133.39,-0.72],[133.75,-0.75],[133.98,-0.72],[134.1,-0.81],[134.04,-0.96],[134.13,-1.15],[134.28,-1.35],[134.21,-1.57],[134.09,-1.68],[134.16,-2.04],[134.19,-2.38],[134.33,-2.52],[134.46,-2.85],[134.53,-2.83],[134.47,-2.58],[134.56,-2.46],[134.66,-2.56],[134.7,-2.96],[134.82,-3.05],[134.88,-3.24],[134.98,-3.33],[135.32,-3.39],[135.47,-3.36],[135.64,-3.18],[135.91,-2.99],[135.96,-2.78],[136.27,-2.56],[136.4,-2.22],[136.76,-2.25],[136.95,-2.14],[137.23,-2.07],[137.14,-1.79],[137.35,-1.71],[137.79,-1.48],[137.92,-1.48],[138.07,-1.61],[138.67,-1.79],[138.8,-1.92],[139.11,-2.01],[139.28,-2.12],[139.86,-2.37],[140.1,-2.32],[140.33,-2.46],[140.39,-2.4],[140.73,-2.49],[140.73,-2.63],[141.04,-2.59],[141.28,-2.64],[141.91,-2.97],[142,-2.96],[142.18,-3.08],[142.5,-3.2],[143.03,-3.36],[143.48,-3.42],[143.62,-3.54],[143.82,-3.62],[144,-3.79],[144.2,-3.84],[144.51,-3.82],[144.55,-3.97],[144.87,-4.1],[145.05,-4.34],[145.35,-4.39],[145.69,-4.77],[145.81,-4.86],[145.81,-5.07],[145.73,-5.42],[146.28,-5.58],[146.46,-5.6],[146.81,-5.84],[146.93,-5.84],[147.04,-5.94],[147.45,-5.96],[147.62,-6.11],[147.73,-6.27],[147.83,-6.34],[147.87,-6.48],[147.85,-6.69],[147.78,-6.72],[146.98,-6.74],[146.96,-6.95],[147.14,-7.21],[147.16,-7.39],[147.35,-7.52],[147.68,-7.81],[147.73,-7.93],[147.88,-7.94],[148,-8.06],[148.11,-8.06],[148.21,-8.31],[148.24,-8.57],[148.44,-8.67],[148.56,-9.03],[148.76,-9.1],[148.89,-9.05],[149.24,-9],[149.31,-9.12],[149.18,-9.37],[149.23,-9.49],[149.46,-9.59],[149.73,-9.6],[150.01,-9.64],[150.06,-9.72],[149.73,-9.81],[149.94,-10.06],[150.2,-10.1],[150.4,-10.3],[150.35,-10.37],[150.65,-10.48],[150.69,-10.56],[150.42,-10.68],[150.21,-10.7],[150.07,-10.64],[149.94,-10.44],[149.75,-10.34],[149.46,-10.35],[149.07,-10.23],[148.98,-10.28],[148.54,-10.17],[148.4,-10.2],[148.23,-10.11],[148.02,-10.12],[147.76,-10.06],[147.52,-9.88],[147.49,-9.77],[147.31,-9.54],[147.05,-9.46],[146.91,-9.12],[146.63,-9.02],[146.58,-8.82],[146.28,-8.44],[146.22,-8.26],[146.1,-8.1],[145.61,-7.93],[145.47,-7.95],[145.32,-7.86],[144.88,-7.78],[144.87,-7.71],[144.7,-7.62],[144.43,-7.61],[144.21,-7.8],[143.92,-7.69],[143.86,-7.81],[143.96,-7.97],[143.77,-8.04],[143.65,-7.98],[143.55,-8.03],[143.59,-8.24],[143.34,-8.25],[142.98,-8.34],[143.26,-8.59],[143.4,-8.78],[143.41,-8.96],[143.17,-9.04],[142.65,-9.33],[142.22,-9.16],[141.87,-9.22],[141.51,-9.22],[141.42,-9.15],[141.12,-9.22],[140.86,-9.05],[140.62,-8.81],[140.51,-8.64],[140.03,-8.25],[139.93,-8.11],[139.63,-8.12],[139.36,-8.2],[139.2,-8.1],[139.09,-8.13],[138.91,-8.29],[138.84,-8.14],[138.86,-8.1],[138.92,-8.08],[138.91,-8.04],[138.91,-7.92],[138.99,-7.87],[139.09,-7.56],[138.96,-7.51],[138.89,-7.36],[138.69,-7.19],[138.76,-7.11],[138.57,-6.94],[138.74,-6.9],[138.82,-6.81],[138.67,-6.69],[138.68,-6.6],[138.47,-6.4],[138.27,-5.89],[138.07,-5.73],[138.06,-5.58],[137.91,-5.39],[137.71,-5.22],[137.58,-5.18],[137.27,-5],[136.95,-4.92],[136.82,-4.93],[136.36,-4.68],[136.04,-4.59],[135.97,-4.52],[135.43,-4.43],[135.19,-4.45],[134.82,-4.26],[134.66,-4.13],[134.69,-3.91],[134.53,-4.02],[134.43,-3.91],[134.32,-4.02],[134.19,-3.94],[134.17,-3.79],[133.96,-3.84],[133.84,-3.64],[133.59,-3.57],[133.41,-3.72],[133.46,-3.85],[133.27,-4.05],[132.91,-4.09],[132.79,-3.93],[132.76,-3.63],[132.93,-3.55],[132.83,-3.46],[132.81,-3.28],[132.69,-3.34],[132.55,-3.11],[132.33,-2.95],[132,-2.91],[132.04,-2.79],[132.2,-2.68],[132.59,-2.72],[132.74,-2.81],[132.84,-2.74],[133.03,-2.48],[133.26,-2.42],[133.32,-2.49],[133.61,-2.53],[133.74,-2.52],[133.92,-2.39],[133.86,-2.22],[133.55,-2.25],[133.3,-2.2],[132.94,-2.28],[132.82,-2.25],[132.7,-2.31],[132.56,-2.19],[132.35,-2.27],[132.07,-2.11],[131.97,-1.96],[131.93,-1.71],[131.82,-1.6],[131.57,-1.48],[131.32,-1.47],[131.21,-1.52],[131,-1.46],[131.03,-1.28],[131.18,-1.22],[131.29,-0.91],[131.24,-0.82],[131.49,-0.75],[131.59,-0.76],[131.88,-0.68],[132.1,-0.47],[132.4,-0.35]],[[136.05,-0.85],[136.29,-1.18],[136.14,-1.22],[135.83,-1.11],[135.78,-0.87],[135.64,-0.88],[135.37,-0.65],[135.85,-0.7],[136.05,-0.85]],[[135.46,-1.59],[135.9,-1.65],[136.19,-1.65],[136.39,-1.73],[136.7,-1.73],[136.64,-1.88],[136.27,-1.91],[135.72,-1.7],[135.48,-1.67],[135.46,-1.59]],[[151.28,-9.93],[151.21,-10.19],[150.96,-10.1],[150.88,-9.9],[151.13,-10.04],[151.28,-9.93]],[[142.61,-10.87],[142.74,-10.98],[142.8,-11.28],[142.87,-11.85],[142.97,-11.93],[143.12,-11.91],[143.2,-11.98],[143.09,-12.15],[143.08,-12.33],[143.25,-12.39],[143.32,-12.56],[143.43,-12.61],[143.37,-12.8],[143.5,-12.86],[143.53,-13.33],[143.59,-13.44],[143.53,-13.77],[143.69,-14.01],[143.71,-14.21],[143.78,-14.4],[143.95,-14.5],[144.51,-14.17],[144.68,-14.56],[144.89,-14.61],[144.94,-14.73],[145.28,-14.95],[145.24,-15.17],[145.3,-15.28],[145.27,-15.54],[145.37,-15.75],[145.36,-15.9],[145.46,-16.06],[145.46,-16.27],[145.4,-16.44],[145.78,-16.89],[145.94,-16.93],[145.88,-17.04],[146.07,-17.39],[146.1,-17.93],[146,-18.16],[146.02,-18.26],[146.18,-18.38],[146.21,-18.49],[146.34,-18.53],[146.28,-18.87],[146.45,-19.06],[146.65,-19.18],[146.75,-19.17],[146.91,-19.3],[146.98,-19.28],[147.17,-19.4],[147.42,-19.41],[147.55,-19.52],[147.59,-19.72],[147.68,-19.83],[147.86,-19.82],[147.95,-19.91],[148.07,-19.88],[148.25,-19.96],[148.26,-20.08],[148.57,-20.06],[148.61,-20.21],[148.79,-20.29],[148.85,-20.42],[148.66,-20.56],[148.74,-20.72],[149.05,-20.98],[149.23,-21.09],[149.2,-21.18],[149.29,-21.32],[149.48,-21.72],[149.44,-21.79],[149.61,-22.24],[149.71,-22.38],[149.83,-22.39],[150.05,-22.14],[150.22,-22.39],[150.51,-22.54],[150.57,-22.32],[150.76,-22.48],[150.83,-22.7],[150.76,-23.16],[150.86,-23.52],[151.03,-23.58],[151.19,-23.8],[151.58,-24.06],[151.78,-24.02],[151.81,-24.14],[151.93,-24.21],[152.06,-24.51],[152.15,-24.62],[152.4,-24.75],[152.49,-24.85],[152.51,-25],[152.68,-25.24],[152.91,-25.29],[152.94,-25.48],[152.89,-25.69],[153.12,-25.93],[153.14,-26.06],[153.08,-26.28],[153.15,-26.68],[153.15,-26.92],[153.21,-27.05],[153.04,-27.17],[153.11,-27.24],[153.32,-27.65],[153.45,-27.81],[153.45,-28.07],[153.59,-28.27],[153.56,-28.46],[153.63,-28.66],[153.61,-28.87],[153.45,-29.04],[153.34,-29.32],[153.37,-29.4],[153.32,-29.7],[153.2,-30.13],[153.05,-30.47],[152.99,-30.73],[153.09,-30.93],[152.98,-31.17],[152.93,-31.48],[152.85,-31.57],[152.69,-31.89],[152.61,-31.95],[152.51,-32.16],[152.52,-32.43],[152.24,-32.61],[152.19,-32.76],[151.83,-32.86],[151.67,-33.06],[151.42,-33.53],[151.34,-33.55],[151.29,-33.89],[151.17,-34.11],[150.92,-34.33],[150.83,-34.78],[150.7,-35.03],[150.7,-35.2],[150.55,-35.21],[150.41,-35.54],[150.16,-35.96],[150.14,-36.32],[150.07,-36.57],[149.9,-36.93],[150.02,-37.22],[149.95,-37.28],[149.99,-37.5],[149.79,-37.55],[149.67,-37.7],[149.48,-37.79],[148.94,-37.79],[148.72,-37.82],[148.31,-37.82],[147.92,-37.92],[147.59,-38.08],[146.88,-38.64],[146.41,-38.74],[146.26,-38.7],[146.29,-38.91],[146.09,-38.82],[145.92,-38.9],[145.81,-38.65],[145.57,-38.66],[145.43,-38.44],[145.56,-38.39],[145.48,-38.24],[145.3,-38.23],[145.02,-38.49],[144.89,-38.48],[145.12,-38.16],[144.98,-37.9],[144.8,-37.94],[144.52,-38.08],[144.73,-38.16],[144.65,-38.29],[144.4,-38.3],[144.05,-38.49],[143.84,-38.69],[143.54,-38.86],[143.24,-38.76],[143.06,-38.64],[142.81,-38.58],[142.4,-38.37],[142.22,-38.41],[141.95,-38.28],[141.67,-38.28],[141.6,-38.39],[141.43,-38.38],[141.13,-38.13],[140.95,-38.05],[140.71,-38.07],[140.36,-37.88],[140.11,-37.52],[139.99,-37.49],[139.74,-37.18],[139.67,-36.95],[139.86,-36.77],[139.85,-36.62],[139.48,-35.9],[139.04,-35.6],[139.14,-35.5],[139.38,-35.46],[139.22,-35.32],[138.96,-35.41],[138.88,-35.56],[138.75,-35.54],[138.53,-35.65],[138.18,-35.67],[138.12,-35.56],[138.43,-35.35],[138.51,-35.06],[138.54,-34.74],[138.26,-34.44],[138.23,-34.32],[138.04,-34.31],[137.93,-34.41],[137.91,-34.62],[137.75,-35.06],[137.67,-35.18],[137.4,-35.12],[137.17,-35.24],[136.95,-35.28],[137.03,-34.9],[137.45,-34.92],[137.51,-34.62],[137.46,-34.45],[137.45,-34.16],[137.55,-34.07],[137.6,-33.88],[137.94,-33.53],[137.81,-33.26],[138.04,-33.13],[137.96,-33],[137.9,-32.79],[137.45,-33.14],[137.38,-33.39],[137.22,-33.65],[136.61,-33.9],[136.37,-34.07],[136.12,-34.45],[135.94,-34.53],[135.86,-34.7],[136.01,-34.98],[135.74,-34.86],[135.6,-34.88],[135.43,-34.71],[135.35,-34.28],[135.19,-33.89],[134.85,-33.64],[134.81,-33.35],[134.66,-33.23],[134.45,-33.15],[134.28,-33.16],[134.07,-32.71],[134.27,-32.73],[134.27,-32.59],[134.15,-32.46],[133.95,-32.39],[133.81,-32.25],[133.59,-32.1],[133.41,-32.21],[133.15,-32.2],[132.8,-31.96],[132.59,-31.93],[132.48,-32.03],[132.23,-32.03],[132.08,-31.91],[131.54,-31.61],[131.18,-31.48],[130.83,-31.6],[130.16,-31.57],[128.99,-31.69],[128.66,-31.85],[128.02,-32.08],[127.77,-32.12],[127.29,-32.27],[126.68,-32.32],[126.19,-32.23],[125.87,-32.33],[125.54,-32.55],[125,-32.74],[124.71,-32.9],[124.36,-32.95],[124.12,-33.12],[123.95,-33.57],[123.57,-33.88],[123.34,-33.9],[123.15,-34],[123.08,-33.88],[122.79,-33.88],[122.56,-33.96],[122.31,-33.92],[122.19,-34.02],[122.02,-33.83],[121.81,-33.9],[121.53,-33.82],[121.17,-33.87],[120.57,-33.89],[120.42,-33.97],[120,-33.93],[119.81,-33.98],[119.57,-34.14],[119.38,-34.44],[119.12,-34.47],[118.93,-34.45],[118.73,-34.56],[118.71,-34.65],[118.48,-34.72],[118.39,-34.83],[118.12,-34.99],[117.54,-35.09],[117.36,-35.02],[116.9,-35.05],[116.47,-35],[116.25,-34.88],[116.02,-34.83],[115.75,-34.54],[115.33,-34.31],[115.02,-34.26],[114.97,-34.08],[114.96,-33.68],[115.12,-33.62],[115.28,-33.65],[115.43,-33.6],[115.67,-33.29],[115.67,-33.02],[115.6,-32.66],[115.77,-32.6],[115.71,-32.3],[115.76,-32.19],[115.74,-31.93],[115.68,-31.65],[115.45,-31.3],[115.31,-30.99],[115.18,-30.83],[114.97,-30.21],[114.95,-29.66],[114.98,-29.48],[114.83,-29.09],[114.58,-28.79],[114.53,-28.52],[114.31,-28.23],[114.17,-28.11],[114.1,-27.82],[114.14,-27.69],[114.01,-27.32],[113.59,-26.68],[113.3,-26.4],[113.24,-26.24],[113.45,-26.2],[113.6,-26.52],[113.69,-26.61],[113.85,-26.54],[113.88,-26.34],[113.68,-26.22],[113.58,-26.09],[113.56,-25.94],[113.42,-25.73],[113.53,-25.62],[113.76,-25.9],[113.7,-26.15],[113.94,-26.19],[113.97,-26.33],[114.1,-26.45],[114.23,-26.32],[114.19,-26.2],[114.26,-25.84],[114.16,-25.79],[113.93,-25.45],[113.8,-25.17],[113.71,-25.12],[113.61,-24.89],[113.6,-24.73],[113.44,-24.53],[113.39,-24.25],[113.46,-23.91],[113.6,-23.63],[113.74,-23.53],[113.78,-23.33],[113.75,-23.16],[113.81,-23.05],[113.76,-22.79],[113.66,-22.73],[113.65,-22.58],[113.8,-22.33],[113.9,-22.05],[114.01,-21.86],[114.16,-21.79],[114.08,-22.18],[114.17,-22.32],[114.18,-22.52],[114.39,-22.36],[114.65,-21.84],[114.93,-21.69],[115.11,-21.67],[115.45,-21.51],[115.6,-21.34],[115.81,-21.24],[115.94,-21.06],[116.15,-20.97],[116.27,-20.86],[116.43,-20.82],[116.74,-20.62],[116.88,-20.71],[117.06,-20.62],[117.35,-20.73],[117.84,-20.62],[117.94,-20.49],[118.14,-20.36],[118.37,-20.36],[118.83,-20.26],[119.07,-19.98],[119.21,-19.96],[119.57,-20.07],[119.8,-19.97],[120.24,-19.91],[120.95,-19.63],[121.19,-19.47],[121.52,-19.07],[121.64,-18.81],[121.77,-18.66],[121.82,-18.45],[121.91,-18.46],[122.22,-18.2],[122.32,-18.15],[122.36,-18],[122.2,-17.95],[122.21,-17.71],[122.14,-17.56],[122.17,-17.26],[122.28,-17.09],[122.53,-16.87],[122.7,-16.79],[122.76,-16.6],[122.89,-16.51],[123.15,-16.81],[123.14,-16.91],[123.26,-17.01],[123.4,-17.33],[123.57,-17.36],[123.64,-17.18],[123.64,-16.99],[123.84,-17.13],[123.69,-16.73],[123.57,-16.62],[123.65,-16.48],[123.65,-16.36],[123.54,-16.27],[123.59,-16.16],[123.84,-16.37],[124.13,-16.27],[124.22,-16.4],[124.4,-16.35],[124.38,-16.21],[124.59,-16.09],[124.4,-15.87],[124.4,-15.56],[124.5,-15.47],[124.63,-15.5],[124.8,-15.29],[125.05,-15.5],[125.09,-15.35],[124.93,-15.34],[124.84,-15.14],[125.13,-15.05],[125.31,-15.15],[125.35,-14.99],[125.14,-14.73],[125.47,-14.52],[125.58,-14.53],[125.66,-14.36],[125.93,-14.52],[126.04,-14.51],[126.14,-14.2],[126.25,-14.22],[126.39,-14.01],[126.5,-14],[126.57,-14.2],[126.7,-14.12],[126.7,-14.01],[126.82,-13.94],[126.75,-13.79],[126.95,-13.72],[127.07,-13.83],[127.11,-13.95],[127.32,-13.92],[127.67,-14.18],[127.91,-14.5],[128.18,-14.7],[128.07,-15.13],[128.2,-15.06],[128.4,-14.82],[128.53,-14.75],[129.05,-14.88],[129.22,-14.84],[129.61,-14.94],[129.72,-14.79],[129.59,-14.57],[129.36,-14.41],[129.5,-14.09],[129.72,-14.02],[129.71,-13.88],[129.82,-13.76],[129.84,-13.51],[129.97,-13.53],[130.16,-13.43],[130.27,-13.32],[130.12,-13.16],[130.13,-12.94],[130.25,-12.94],[130.35,-12.84],[130.34,-12.7],[130.58,-12.57],[130.62,-12.44],[130.78,-12.43],[130.9,-12.33],[131.03,-12.36],[131,-12.17],[131.22,-12.21],[131.33,-12.19],[131.49,-12.3],[131.78,-12.27],[131.9,-12.22],[132.05,-12.31],[132.27,-12.18],[132.44,-12.15],[132.63,-12.04],[132.65,-11.87],[132.59,-11.62],[132.5,-11.48],[132.37,-11.43],[132.08,-11.52],[131.86,-11.3],[132.01,-11.14],[132.19,-11.35],[132.24,-11.2],[132.35,-11.15],[132.47,-11.23],[132.67,-11.51],[132.76,-11.49],[132.91,-11.33],[133.01,-11.43],[133.14,-11.67],[133.35,-11.69],[133.62,-11.83],[133.8,-11.71],[133.84,-11.86],[133.94,-11.91],[134.13,-11.89],[134.38,-12.04],[134.6,-12.05],[134.77,-11.95],[134.86,-12.13],[135.07,-12.26],[135.26,-12.22],[135.3,-12.13],[135.54,-12.08],[135.57,-11.99],[135.74,-11.94],[135.77,-12.07],[135.65,-12.16],[135.77,-12.26],[135.88,-12.15],[136.03,-12.31],[136.02,-12.46],[136.25,-12.44],[136.36,-12.26],[136.18,-12.19],[136.45,-11.94],[136.53,-11.99],[136.59,-12.17],[136.69,-12.28],[136.88,-12.22],[136.95,-12.36],[136.74,-12.48],[136.68,-12.67],[136.47,-12.79],[136.64,-12.95],[136.45,-13.22],[136.31,-13.16],[135.88,-13.33],[135.84,-13.6],[136,-13.8],[135.92,-13.96],[135.9,-14.14],[135.76,-14.27],[135.39,-14.74],[135.47,-14.95],[135.86,-15.18],[135.95,-15.26],[136.24,-15.42],[136.27,-15.55],[136.61,-15.75],[136.77,-15.9],[137.05,-15.92],[137.36,-16.12],[137.75,-16.25],[137.87,-16.44],[138.18,-16.7],[138.49,-16.79],[138.66,-16.78],[138.75,-16.84],[139.04,-16.92],[139.16,-17.03],[139.14,-17.12],[139.27,-17.35],[139.44,-17.38],[139.64,-17.53],[139.93,-17.62],[140,-17.71],[140.24,-17.7],[140.51,-17.64],[140.83,-17.45],[140.96,-17.07],[140.95,-17.02],[141.2,-16.7],[141.42,-16.08],[141.4,-15.9],[141.49,-15.48],[141.64,-15.14],[141.67,-15.01],[141.6,-14.88],[141.52,-14.48],[141.59,-14.25],[141.58,-14.08],[141.49,-13.95],[141.47,-13.78],[141.56,-13.49],[141.69,-13.26],[141.59,-12.98],[141.75,-12.82],[141.81,-12.58],[141.67,-12.44],[141.8,-12.06],[141.95,-11.9],[142.13,-11.34],[142.17,-10.93],[142.32,-10.9],[142.45,-10.71],[142.62,-10.75],[142.61,-10.87]],[[146.29,-18.27],[146.35,-18.41],[146.29,-18.49],[146.09,-18.27],[146.29,-18.27]],[[150.98,-23.49],[151.19,-23.51],[151.3,-23.75],[151.21,-23.78],[150.98,-23.49]],[[153.2,-24.75],[153.37,-25.01],[153.08,-25.67],[152.95,-25.55],[153.07,-25.33],[153.04,-25.18],[153.23,-25.03],[153.2,-24.75]],[[137.61,-35.92],[137.46,-36.08],[137.21,-35.98],[136.72,-36.06],[136.53,-35.91],[136.62,-35.75],[137.07,-35.67],[137.35,-35.59],[137.62,-35.58],[137.58,-35.73],[138.06,-35.76],[138.05,-35.92],[137.76,-35.87],[137.61,-35.92]],[[113.18,-26],[113.05,-25.94],[112.96,-25.79],[112.92,-25.52],[113.01,-25.5],[113.05,-25.72],[113.18,-26]],[[131.29,-11.72],[130.98,-11.93],[130.71,-11.8],[130.5,-11.65],[130.37,-11.23],[130.57,-11.28],[130.69,-11.42],[130.89,-11.31],[131.01,-11.35],[131.27,-11.19],[131.43,-11.25],[131.47,-11.39],[131.43,-11.61],[131.29,-11.72]],[[130.5,-11.84],[130.32,-11.77],[130.05,-11.82],[130.06,-11.69],[130.2,-11.65],[130.15,-11.49],[130.27,-11.34],[130.35,-11.34],[130.4,-11.53],[130.63,-11.8],[130.5,-11.84]],[[136.68,-13.66],[136.79,-13.92],[136.72,-14.06],[136.9,-14.3],[136.64,-14.28],[136.46,-14.22],[136.41,-14],[136.43,-13.88],[136.59,-13.81],[136.68,-13.66]],[[139.49,-16.43],[139.44,-16.66],[139.3,-16.72],[139.14,-16.7],[139.29,-16.47],[139.49,-16.43]],[[150.84,-9.7],[150.55,-9.62],[150.43,-9.42],[150.51,-9.34],[150.67,-9.44],[150.76,-9.4],[150.89,-9.52],[150.84,-9.7]],[[150.38,-9.38],[150.34,-9.52],[150.11,-9.36],[150.21,-9.21],[150.38,-9.38]],[[115.24,-8.82],[115.16,-8.66],[114.93,-8.47],[114.64,-8.4],[114.47,-8.22],[114.45,-8.12],[114.69,-8.14],[114.86,-8.19],[115.02,-8.17],[115.22,-8.06],[115.5,-8.17],[115.71,-8.38],[115.6,-8.5],[115.32,-8.62],[115.24,-8.82]],[[114.42,-8.47],[114.46,-8.62],[114.59,-8.66],[114.6,-8.78],[114.39,-8.75],[114.3,-8.61],[114.2,-8.65],[113.72,-8.53],[113.64,-8.46],[113.41,-8.39],[113.2,-8.28],[112.99,-8.32],[112.67,-8.45],[112.37,-8.34],[111.93,-8.3],[111.79,-8.26],[111.67,-8.37],[111.44,-8.28],[111.17,-8.28],[110.48,-8.11],[110.03,-7.88],[109.66,-7.78],[109.43,-7.77],[109.37,-7.71],[108.89,-7.68],[108.54,-7.69],[108.45,-7.82],[108.33,-7.82],[107.69,-7.66],[107.41,-7.5],[106.52,-7.41],[106.38,-7.31],[106.54,-6.98],[106.28,-6.98],[105.96,-6.82],[105.56,-6.86],[105.45,-6.81],[105.82,-6.43],[105.83,-6.23],[105.89,-6.07],[106.05,-5.88],[106.18,-6.01],[106.26,-5.94],[106.5,-6.03],[106.72,-6.03],[106.79,-6.1],[106.99,-6.08],[107.04,-5.91],[107.15,-5.97],[107.35,-5.98],[107.47,-6.15],[107.68,-6.24],[107.81,-6.19],[108.09,-6.33],[108.22,-6.24],[108.54,-6.49],[108.61,-6.76],[108.92,-6.84],[109,-6.79],[109.14,-6.86],[109.35,-6.88],[109.53,-6.84],[109.9,-6.92],[110.2,-6.89],[110.36,-6.97],[110.57,-6.84],[110.73,-6.46],[110.92,-6.4],[111.05,-6.46],[111.16,-6.69],[111.43,-6.7],[111.49,-6.62],[111.74,-6.78],[111.98,-6.78],[112.07,-6.89],[112.36,-6.87],[112.58,-6.99],[112.7,-7.25],[112.82,-7.26],[112.76,-7.53],[113.3,-7.79],[113.53,-7.7],[113.8,-7.72],[114.02,-7.62],[114.26,-7.7],[114.47,-7.83],[114.36,-8.41],[114.42,-8.47]],[[120.45,-5.84],[120.56,-5.98],[120.52,-6.34],[120.43,-6.19],[120.45,-5.84]],[[119.81,-5.69],[119.65,-5.68],[119.44,-5.52],[119.35,-5.36],[119.38,-5.19],[119.53,-4.88],[119.49,-4.75],[119.59,-4.56],[119.63,-4.31],[119.59,-3.97],[119.46,-3.71],[119.5,-3.5],[119.3,-3.43],[119.21,-3.49],[118.93,-3.57],[118.84,-3.35],[118.85,-3.3],[118.76,-3.09],[118.85,-3.05],[118.88,-2.86],[118.76,-2.78],[118.82,-2.62],[118.91,-2.65],[119.14,-2.44],[119.13,-2.2],[119.22,-2.01],[119.35,-1.93],[119.31,-1.69],[119.3,-1.39],[119.33,-1.21],[119.45,-1.1],[119.54,-0.85],[119.68,-0.74],[119.87,-0.79],[119.76,-0.47],[119.79,-0.11],[119.89,0.07],[119.79,0.2],[119.91,0.47],[120.03,0.52],[120.06,0.74],[120.34,0.87],[120.57,0.78],[120.68,0.99],[120.8,1.07],[120.82,1.31],[120.97,1.35],[121.26,1.23],[121.43,1.23],[121.48,1.12],[121.63,1.06],[121.93,1.1],[122.24,1.01],[122.45,1.02],[122.62,0.97],[122.85,0.82],[122.97,0.96],[123.37,0.93],[123.56,0.87],[123.95,0.84],[124.31,1.04],[124.39,1.19],[124.59,1.2],[124.55,1.36],[124.85,1.49],[124.84,1.59],[124.97,1.72],[125.18,1.67],[125.25,1.48],[125.14,1.42],[125.03,1.18],[124.9,0.97],[124.66,0.81],[124.5,0.53],[124.32,0.4],[123.75,0.31],[123.24,0.32],[123.07,0.52],[122.98,0.48],[122.32,0.5],[121.8,0.43],[121.69,0.52],[121.51,0.49],[120.89,0.42],[120.68,0.53],[120.38,0.48],[120.13,0.18],[120,-0.21],[120.09,-0.66],[120.24,-0.89],[120.41,-0.9],[120.58,-1.11],[120.57,-1.22],[120.68,-1.39],[120.8,-1.34],[121.07,-1.42],[121.5,-0.86],[121.66,-0.81],[121.71,-0.94],[121.93,-0.96],[122.11,-0.93],[122.21,-0.76],[122.61,-0.75],[122.72,-0.79],[122.91,-0.76],[122.82,-0.61],[123.24,-0.57],[123.4,-0.64],[123.45,-0.76],[123.38,-1],[123.24,-1.02],[123.06,-0.88],[122.81,-0.92],[122.65,-1.16],[122.37,-1.49],[122.18,-1.61],[122.04,-1.61],[121.8,-1.72],[121.69,-1.91],[121.54,-1.92],[121.44,-1.81],[121.33,-1.92],[121.82,-2.29],[122.02,-2.62],[122.02,-2.69],[122.31,-2.93],[122.28,-3.04],[122.39,-3.13],[122.25,-3.38],[122.2,-3.56],[122.25,-3.66],[122.44,-3.73],[122.62,-3.95],[122.68,-4.12],[122.91,-4.2],[122.9,-4.39],[122.77,-4.48],[122.6,-4.4],[122.43,-4.42],[122.11,-4.52],[121.99,-4.86],[121.7,-4.84],[121.48,-4.66],[121.54,-4.23],[121.63,-4.09],[121.35,-3.97],[121.24,-3.81],[121.16,-3.8],[120.89,-3.54],[120.87,-3.45],[121.07,-3.19],[121.07,-2.75],[121.01,-2.66],[120.78,-2.61],[120.23,-2.95],[120.29,-3.16],[120.42,-3.27],[120.4,-3.38],[120.45,-3.73],[120.35,-3.93],[120.4,-4.57],[120.44,-4.63],[120.39,-4.83],[120.31,-4.87],[120.26,-5.15],[120.38,-5.34],[120.32,-5.51],[120.1,-5.6],[119.91,-5.57],[119.81,-5.69]],[[127.21,-0.25],[127.28,-0.37],[127.25,-0.5],[127.1,-0.44],[127.11,-0.29],[127.21,-0.25]],[[127.52,-0.3],[127.68,-0.46],[127.61,-0.63],[127.9,-0.77],[127.75,-0.89],[127.63,-0.75],[127.47,-0.82],[127.4,-0.62],[127.3,-0.51],[127.32,-0.34],[127.46,-0.41],[127.52,-0.3]],[[127.25,-0.61],[127.32,-0.79],[127.16,-0.77],[127.25,-0.61]],[[130.83,-0.91],[131.03,-0.91],[131.07,-1.08],[130.98,-1.35],[130.85,-1.33],[130.75,-1.22],[130.68,-0.96],[130.83,-0.91]],[[130.27,-1.7],[130.44,-1.85],[130.26,-2.05],[130.13,-2.07],[129.93,-2],[129.75,-1.86],[130.01,-1.75],[130.27,-1.7]],[[126,-2.03],[125.97,-2.4],[125.86,-2.09],[126,-2.03]],[[123.25,-1.6],[123.09,-1.35],[122.99,-1.51],[122.87,-1.58],[122.81,-1.44],[122.9,-1.18],[123.2,-1.16],[123.54,-1.27],[123.53,-1.43],[123.41,-1.52],[123.26,-1.47],[123.25,-1.6]],[[124.37,-1.71],[124.63,-1.63],[125.02,-1.72],[125.28,-1.73],[125.32,-1.86],[125.01,-1.94],[124.85,-1.9],[124.54,-2.01],[124.41,-2],[124.34,-1.89],[124.37,-1.71]],[[125.39,-1.78],[125.7,-1.82],[125.99,-1.79],[125.98,-1.9],[125.44,-1.93],[125.39,-1.78]],[[123.2,-4.19],[123.04,-4.21],[122.95,-4.05],[123.02,-3.98],[123.2,-3.99],[123.2,-4.19]],[[123.02,-4.39],[123.2,-4.61],[123.05,-4.75],[122.98,-5.09],[123.21,-5.3],[123.07,-5.42],[122.98,-5.39],[122.83,-5.68],[122.64,-5.66],[122.57,-5.51],[122.76,-5.21],[122.85,-4.82],[122.85,-4.65],[122.91,-4.47],[123.02,-4.39]],[[134.57,-5.43],[134.63,-5.44],[134.76,-5.67],[134.77,-6.09],[134.7,-6.32],[134.61,-6.37],[134.33,-6.22],[134.28,-6.08],[134.36,-5.85],[134.35,-5.71],[134.49,-5.45],[134.57,-5.43]],[[134.48,-6.53],[134.5,-6.64],[134.31,-6.86],[134.19,-6.92],[134.07,-6.83],[134.13,-6.33],[134.29,-6.3],[134.48,-6.53]],[[138.4,-7.4],[138.8,-7.37],[138.94,-7.54],[139.05,-7.56],[138.98,-7.83],[138.88,-7.93],[138.9,-8.08],[138.66,-8.17],[138.44,-8.38],[137.64,-8.39],[137.76,-8.07],[138.03,-7.61],[138.24,-7.46],[138.4,-7.4]],[[138.56,-8.37],[138.69,-8.18],[138.83,-8.19],[138.89,-8.41],[138.56,-8.37]],[[113.55,-7.23],[113.13,-7.23],[112.74,-7.16],[112.69,-7.06],[112.92,-6.89],[113.92,-6.86],[114.09,-6.93],[113.83,-7.13],[113.67,-7.11],[113.55,-7.23]],[[134.37,-6.33],[134.44,-6.29],[134.6,-6.4],[134.51,-6.51],[134.37,-6.33]],[[121.98,-5.47],[121.81,-5.26],[121.85,-5.1],[121.98,-5.08],[122.06,-5.19],[122.05,-5.43],[121.98,-5.47]],[[122.4,-5.06],[122.33,-4.84],[122.4,-4.74],[122.66,-4.62],[122.74,-4.64],[122.78,-4.94],[122.64,-5.08],[122.61,-5.24],[122.66,-5.32],[122.54,-5.43],[122.28,-5.33],[122.4,-5.06]],[[143.89,-40.03],[143.84,-39.93],[143.86,-39.7],[144.08,-39.63],[144.14,-39.93],[144.11,-40.03],[143.89,-40.03]],[[147.95,-39.71],[148.17,-39.94],[148.3,-39.96],[148.31,-40.24],[148.07,-40.26],[147.91,-39.98],[147.76,-39.88],[147.95,-39.71]],[[148.21,-40.34],[148.35,-40.31],[148.48,-40.43],[148.08,-40.45],[148.21,-40.34]],[[145.25,-40.72],[145.34,-40.84],[145.71,-40.93],[145.79,-41.02],[146.21,-41.16],[146.42,-41.17],[147.02,-40.98],[147.29,-40.94],[147.44,-41.01],[147.6,-40.85],[147.82,-40.89],[147.98,-40.74],[148.21,-40.84],[148.33,-41],[148.27,-41.15],[148.33,-41.32],[148.26,-41.8],[148.33,-41.92],[148.15,-42],[147.98,-42.32],[148.01,-42.51],[147.89,-42.82],[148,-42.91],[147.79,-43.24],[147.65,-43.07],[147.89,-43.03],[147.84,-42.9],[147.59,-42.82],[147.36,-42.93],[147.26,-43.11],[147.26,-43.25],[147.1,-43.3],[146.94,-43.5],[146.93,-43.61],[146.71,-43.63],[146.51,-43.53],[146.03,-43.48],[146.03,-43.32],[145.87,-43.26],[145.58,-42.96],[145.51,-42.96],[145.35,-42.65],[145.26,-42.6],[145.2,-42.25],[145.28,-42.18],[145.21,-41.97],[144.93,-41.71],[144.61,-41],[144.7,-40.89],[144.69,-40.7],[144.98,-40.74],[145.12,-40.82],[145.25,-40.72]],[[127.65,0],[127.49,0.23],[127.66,0.19],[127.65,0]],[[122.53,-0.7],[122.21,-0.74],[122.04,-0.88],[121.82,-0.79],[121.81,-0.64],[122.05,-0.55],[122.41,-0.49],[122.55,-0.59],[122.53,-0.7]],[[149.9,-8.6],[150.01,-8.78],[150.15,-8.68],[150.3,-8.7],[150.21,-8.99],[150.08,-9.11],[150.07,-9.37],[150.19,-9.62],[150.32,-9.55],[150.43,-9.66],[150.58,-9.66],[150.72,-9.74],[150.77,-9.91],[150.93,-10.12],[150.82,-10.19],[150.41,-10.17],[150.22,-10.07],[150.06,-10.05],[149.87,-9.93],[149.88,-9.81],[150.1,-9.76],[150.02,-9.59],[149.69,-9.51],[149.45,-9.29],[149.51,-8.78],[149.64,-8.61],[149.9,-8.6]],[[133.6,-8.98],[133.37,-8.9],[133.33,-8.76],[133.47,-8.68],[133.59,-8.74],[133.69,-8.89],[133.6,-8.98]],[[124.35,-33.75],[124.15,-33.69],[124.19,-33.52],[124.32,-33.36],[124.45,-33.39],[124.35,-33.75]],[[132.26,-33.59],[132.11,-33.58],[132.14,-33.43],[132.45,-33.38],[132.51,-33.47],[132.26,-33.59]],[[122.94,-34.28],[122.6,-34.34],[122.49,-34.26],[122.64,-34.09],[122.81,-34.14],[122.94,-34.28]],[[139.53,-36.32],[139.21,-36.57],[139.01,-36.81],[138.82,-36.67],[139,-36.52],[138.84,-36.36],[138.84,-36.22],[138.99,-36.17],[139.08,-36.05],[139.34,-36.03],[139.52,-36.19],[139.53,-36.32]],[[139.55,-36.91],[139.41,-36.81],[139.56,-36.7],[139.76,-36.78],[139.55,-36.91]],[[142.54,-38.63],[142.68,-38.59],[142.83,-38.69],[142.67,-38.84],[142.54,-38.63]],[[8.92,3.75],[8.96,3.64],[8.7,3.21],[8.45,3.27],[8.47,3.46],[8.56,3.46],[8.7,3.76],[8.92,3.75]],[[56.21,27],[56.08,26.79],[55.88,26.74],[55.5,26.59],[55.35,26.65],[55.74,26.78],[56.04,26.98],[56.21,27]],[[48.35,29.71],[48.23,29.6],[48.05,29.8],[48.16,29.88],[48.34,29.79],[48.35,29.71]],[[50.55,26.19],[50.61,26.11],[50.6,25.85],[50.46,25.99],[50.45,26.15],[50.55,26.19]],[[53.66,24.16],[53.84,24.26],[53.92,24.14],[53.66,24.16]],[[58.91,20.63],[58.95,20.52],[58.84,20.44],[58.79,20.29],[58.64,20.36],[58.91,20.63]],[[81.88,7.09],[81.89,7.02],[81.78,6.61],[81.68,6.46],[81.36,6.23],[81.11,6.12],[80.81,6.04],[80.59,5.92],[80.25,6.01],[80.1,6.13],[80.03,6.27],[79.97,6.54],[79.86,6.81],[79.86,7.01],[79.78,7.59],[79.76,7.99],[79.83,8.14],[79.87,8.54],[79.94,8.64],[79.95,8.95],[80.05,9.03],[80.12,9.23],[80.05,9.39],[80.27,9.5],[80.17,9.65],[79.95,9.69],[79.99,9.82],[80.23,9.83],[80.41,9.62],[80.74,9.36],[80.93,9.02],[81.23,8.65],[81.21,8.47],[81.37,8.48],[81.45,8.13],[81.57,7.99],[81.61,7.83],[81.7,7.75],[81.76,7.51],[81.88,7.33],[81.88,7.09]],[[34.52,28.11],[34.47,28.36],[34.64,28.69],[34.72,29.13],[34.8,29.32],[34.94,29.42],[34.78,28.91],[34.73,28.45],[34.52,28.11]],[[36.8,22.49],[36.64,22.51],[36.4,22.92],[35.91,23.05],[35.93,23.31],[36.01,23.44],[35.94,23.64],[35.84,23.75],[35.86,23.93],[35.73,24.22],[35.41,24.46],[35.23,24.72],[35.21,24.85],[35.09,24.92],[34.9,25.19],[34.9,25.34],[34.72,25.48],[34.66,25.72],[34.49,25.87],[34.45,26],[34.25,26.24],[34.14,26.53],[34.15,26.67],[34.04,26.78],[33.96,27.01],[34.01,27.17],[33.96,27.31],[34.05,27.52],[33.96,27.6],[34.02,27.75],[34.22,27.72],[34.42,27.94],[34.59,27.87],[34.91,27.87],[35.25,27.67],[35.3,27.57],[35.57,27.39],[35.64,27.11],[36.06,26.47],[36.21,26.49],[36.41,26.06],[36.37,25.94],[36.47,25.61],[36.62,25.45],[36.77,25.4],[36.94,25.13],[37.01,24.92],[37.02,24.54],[37.11,24.37],[37.3,24.37],[37.35,24.27],[37.53,24.21],[37.6,24.09],[37.83,24.01],[37.89,23.78],[38.03,23.82],[38.25,23.69],[38.29,23.46],[38.48,23.43],[38.61,23.11],[38.56,23.05],[38.61,22.87],[38.81,22.6],[38.75,22.4],[38.86,22.26],[38.67,22.05],[38.69,21.85],[38.76,21.7],[38.88,21.6],[39.06,21.61],[39.09,21.51],[38.89,21.1],[39.19,20.87],[39.27,20.69],[39.54,20.5],[39.53,20.28],[39.66,20.21],[39.68,20],[39.84,19.85],[39.65,19.75],[39.81,19.57],[39.86,19.3],[40.08,19.12],[40.28,19.16],[40.37,19.01],[40.61,18.91],[40.55,18.83],[40.62,18.48],[40.81,18.5],[40.68,18.32],[40.62,18.07],[40.68,17.97],[40.66,17.8],[40.73,17.55],[40.84,17.34],[40.96,17.37],[40.99,17.12],[41.33,16.65],[41.72,16.25],[41.97,15.68],[42.07,15.52],[42.12,15.26],[42.03,15.18],[42.15,15],[42.26,15.02],[42.44,14.86],[42.6,14.55],[42.44,14.45],[42.41,14.29],[42.25,14.13],[42.16,14.27],[42.17,14.49],[42.05,14.75],[41.96,14.84],[41.84,15.14],[41.77,15.41],[41.6,15.51],[41.14,16.01],[41.02,16.21],[40.83,16.31],[40.74,16.47],[40.55,16.61],[40.38,16.85],[39.98,17.08],[39.8,17.29],[39.43,17.24],[39.31,17.17],[39.16,17.23],[39.17,17.38],[39.13,17.6],[38.96,17.76],[38.92,17.9],[38.6,18.37],[38.74,18.54],[38.61,18.75],[38.47,18.79],[38.42,18.93],[38.21,19],[38.24,19.18],[38,19.49],[37.78,19.47],[37.56,19.4],[37.34,19.65],[37.48,19.79],[37.5,20.12],[37.37,20.17],[37.37,20.53],[37.47,20.72],[37.42,21.1],[37.23,21.35],[37.17,21.69],[37.07,21.82],[37.12,21.98],[36.96,22.12],[36.8,22.32],[36.8,22.49]],[[-6.11,53.5],[-6.1,53.29],[-6,52.96],[-6.22,52.67],[-6.21,52.55],[-6.45,52.36],[-6.37,52.18],[-6.79,52.21],[-6.9,52.15],[-7.44,52.13],[-7.59,51.99],[-8.3,51.76],[-8.54,51.65],[-9.11,51.55],[-9.35,51.47],[-9.43,51.56],[-9.81,51.45],[-9.77,51.59],[-10.23,51.85],[-10.28,52.27],[-9.84,52.25],[-9.85,52.43],[-9.58,52.57],[-9.44,52.97],[-9.27,53.15],[-8.96,53.15],[-9.02,53.28],[-9.51,53.23],[-10.03,53.39],[-10.15,53.54],[-9.93,53.6],[-9.91,53.76],[-9.57,53.8],[-9.62,53.9],[-9.84,53.96],[-9.99,54.21],[-9.79,54.34],[-9.21,54.27],[-8.49,54.29],[-8.61,54.38],[-8.29,54.48],[-8.12,54.65],[-8.6,54.62],[-8.8,54.7],[-8.49,54.85],[-8.46,55],[-8.26,55.16],[-7.81,55.2],[-7.53,55.13],[-7.51,55.27],[-7.33,55.37],[-6.75,55.18],[-6.48,55.25],[-6.04,55.17],[-6.06,55.07],[-5.8,54.84],[-5.75,54.68],[-5.54,54.66],[-5.43,54.47],[-5.61,54.26],[-5.86,54.23],[-5.91,54.09],[-6.38,53.92],[-6.24,53.87],[-6.22,53.65],[-6.11,53.5]],[[-3.32,56.37],[-2.95,56.43],[-2.58,56.28],[-2.96,56.21],[-3.3,55.98],[-2.94,55.97],[-2.64,56.06],[-2.15,55.92],[-1.82,55.64],[-1.63,55.59],[-1.57,55.29],[-1.28,54.75],[-1.1,54.62],[-0.56,54.48],[-0.4,54.27],[-0.11,54.13],[-0.22,54.02],[-0.15,53.9],[0.13,53.64],[-0.05,53.57],[0.22,53.42],[0.34,53.23],[0.33,53.09],[0.02,52.91],[0.38,52.79],[0.57,52.97],[0.97,52.97],[1.27,52.93],[1.64,52.78],[1.77,52.49],[1.63,52.27],[1.58,52.08],[1.14,51.78],[0.89,51.78],[0.92,51.59],[0.55,51.41],[0.98,51.35],[1.42,51.39],[1.36,51.13],[1.03,51.04],[0.62,50.86],[0.27,50.75],[-0.17,50.83],[-0.57,50.8],[-0.81,50.73],[-1.32,50.8],[-1.95,50.71],[-1.98,50.6],[-2.44,50.64],[-2.86,50.73],[-3.26,50.67],[-3.47,50.59],[-3.49,50.41],[-3.65,50.23],[-4.03,50.29],[-4.22,50.42],[-4.5,50.33],[-4.75,50.33],[-4.8,50.23],[-5.02,50.19],[-5.21,49.97],[-5.44,50.19],[-5.05,50.43],[-5.03,50.52],[-4.79,50.6],[-4.55,50.81],[-4.53,51.01],[-4.34,51],[-4.15,51.21],[-3.77,51.25],[-3.38,51.19],[-3.06,51.21],[-2.96,51.37],[-3.54,51.4],[-3.97,51.56],[-4.27,51.55],[-4.38,51.73],[-4.65,51.73],[-4.94,51.6],[-5.13,51.86],[-5.29,51.92],[-4.51,52.14],[-4.2,52.28],[-4.05,52.54],[-4.13,52.89],[-4.6,52.93],[-4.36,53.03],[-4.15,53.23],[-3.77,53.32],[-3.56,53.29],[-3.06,53.43],[-3.1,53.57],[-2.95,53.71],[-3.02,53.93],[-2.8,54.13],[-2.85,54.18],[-3.24,54.11],[-3.47,54.39],[-3.63,54.51],[-3.39,54.88],[-3.84,54.87],[-3.96,54.77],[-4.35,54.81],[-4.35,54.7],[-4.86,54.87],[-5.13,54.85],[-5.17,55.01],[-4.62,55.5],[-4.92,55.71],[-4.98,55.87],[-5.31,56.01],[-5.32,55.78],[-5.64,55.3],[-5.77,55.3],[-5.72,55.56],[-5.58,55.76],[-5.7,55.92],[-5.52,56.17],[-5.6,56.26],[-5.41,56.55],[-5.67,56.5],[-6,56.62],[-5.74,56.89],[-5.83,57],[-5.6,57.28],[-5.81,57.35],[-5.87,57.5],[-5.76,57.63],[-5.81,57.84],[-5.49,57.86],[-5.29,57.98],[-5.31,58.24],[-5.05,58.45],[-4.99,58.63],[-4.38,58.52],[-3.81,58.57],[-3.2,58.66],[-3.09,58.41],[-3.22,58.31],[-4.03,57.95],[-3.91,57.81],[-4.12,57.59],[-3.84,57.59],[-3.49,57.71],[-3.08,57.67],[-2.92,57.7],[-2.43,57.67],[-2.11,57.7],[-1.83,57.61],[-1.76,57.47],[-1.98,57.32],[-2.22,56.87],[-2.44,56.73],[-2.53,56.58],[-2.76,56.48],[-3.06,56.45],[-3.32,56.37]],[[-1.08,50.71],[-1.32,50.59],[-1.51,50.71],[-1.3,50.77],[-1.08,50.71]],[[-4.1,53.31],[-4.34,53.13],[-4.57,53.28],[-4.55,53.4],[-4.28,53.4],[-4.1,53.31]],[[-4.61,54.06],[-4.71,54.22],[-4.44,54.4],[-4.31,54.29],[-4.61,54.06]],[[-5.07,55.51],[-5.35,55.48],[-5.36,55.69],[-5.16,55.68],[-5.07,55.51]],[[-6.03,55.73],[-6.22,55.63],[-6.41,55.86],[-6.12,55.93],[-6.03,55.73]],[[-5.8,56.11],[-5.74,56.08],[-5.96,55.8],[-6.08,55.92],[-5.8,56.11]],[[-5.69,56.43],[-5.72,56.35],[-6.33,56.28],[-6.13,56.47],[-5.95,56.52],[-5.69,56.43]],[[-6.56,57.35],[-6.71,57.51],[-6.31,57.7],[-6.15,57.59],[-6.11,57.32],[-5.69,57.19],[-5.92,57.05],[-6.02,57.2],[-6.32,57.16],[-6.56,57.35]],[[-6.96,57.74],[-7.08,57.81],[-7.04,57.96],[-7.13,58.12],[-6.9,58.17],[-6.82,58.29],[-6.35,58.46],[-6.17,58.42],[-6.32,58.27],[-6.35,58.04],[-6.96,57.74]],[[-1.1,60.42],[-1.08,60.32],[-1.26,60.12],[-1.67,60.24],[-1.4,60.32],[-1.44,60.46],[-1.1,60.42]],[[-5.26,47.32],[-5.43,47.42],[-5.32,47.53],[-5.17,47.53],[-5.26,47.32]],[[-4.46,46.95],[-4.17,46.83],[-3.91,46.83],[-3.86,46.57],[-3.74,46.46],[-3.97,46.4],[-4.3,46.44],[-4.48,46.69],[-4.46,46.95]],[[56.99,74.69],[56.63,74.69],[56.47,74.8],[56.54,74.92],[55.87,75],[55.81,75.16],[56.88,75.22],[57.05,75.4],[57.74,75.33],[57.56,75.52],[58.19,75.59],[58.26,75.69],[59.4,75.94],[59.75,75.93],[60.27,76.11],[60.84,76.12],[61.08,76.28],[61.64,76.31],[62.96,76.21],[63.72,76.35],[64.03,76.32],[64.83,76.48],[65.17,76.48],[65.75,76.68],[66.94,76.95],[67.59,77.01],[68.46,76.97],[68.93,76.72],[68.75,76.51],[68.29,76.28],[66.18,75.96],[65.22,75.85],[63.86,75.67],[63.61,75.68],[63.3,75.59],[63.03,75.59],[62.27,75.44],[62.05,75.45],[60.83,75.15],[60.56,74.87],[59.87,74.63],[59.22,74.62],[59.09,74.49],[58.57,74.39],[58.51,74.22],[57.88,73.93],[57.95,73.81],[57.33,73.57],[57.25,73.46],[56.58,73.26],[55.77,73.35],[55.43,73.33],[55.02,73.44],[54.47,73.39],[53.87,73.78],[54.25,73.92],[54.73,73.98],[55.02,74.17],[55.62,74.19],[55.53,74.35],[55.71,74.52],[55.53,74.65],[56.39,74.72],[56.56,74.68],[56.99,74.69]],[[71.67,73.23],[71.49,73.15],[70.66,73.1],[70.26,73.04],[69.93,73.13],[69.98,73.41],[70.95,73.52],[71.67,73.23]],[[74.73,73.11],[74.65,72.94],[74.09,73.03],[74.21,73.11],[74.73,73.11]],[[79.56,72.77],[78.91,72.74],[78.59,72.86],[79.14,73.1],[79.37,73.03],[79.56,72.77]],[[51.41,71.81],[51.61,72.09],[52.33,72.07],[52.4,72.22],[52.67,72.31],[52.7,72.5],[52.91,72.6],[52.4,72.72],[52.62,72.86],[53.14,72.96],[53.16,73.15],[53.75,73.3],[54.19,73.27],[54.93,73.43],[55.3,73.34],[56.44,73.23],[56.55,73.12],[56.23,73.01],[56.22,72.83],[55.74,72.78],[55.68,72.57],[55.38,72.3],[55.57,72.2],[55.34,72.07],[55.67,71.61],[56.11,71.26],[57.06,70.86],[57.64,70.73],[57.17,70.61],[56.36,70.65],[55.82,70.61],[55.44,70.74],[55.23,70.67],[54.76,70.68],[54.49,70.78],[54.01,70.76],[53.49,71.07],[53.58,71.2],[53.25,71.46],[52.87,71.4],[52.57,71.58],[51.86,71.46],[51.53,71.57],[51.41,71.81]],[[60.54,69.82],[60.2,69.69],[59.56,69.72],[59.43,69.89],[59.05,69.9],[58.7,70],[58.45,70.2],[58.52,70.33],[59.02,70.48],[59.78,70.13],[60.48,69.92],[60.54,69.82]],[[53.23,71.22],[52.8,71.09],[52.26,71.35],[52.74,71.41],[53.23,71.22]],[[26.14,71.04],[25.53,70.93],[25.29,71.05],[25.55,71.14],[26.14,71.04]],[[22.42,70.51],[22.27,70.67],[22.54,70.72],[23.09,70.59],[22.42,70.51]],[[23.66,70.5],[23.22,70.28],[22.9,70.45],[23.66,70.5]],[[19.62,70.02],[19.41,69.84],[19.12,69.79],[18.77,69.96],[19.21,70.1],[19.62,70.02]],[[19,69.83],[18.82,69.59],[18.26,69.53],[18.36,69.79],[19,69.83]],[[18.07,69.44],[17.92,69.33],[17.96,69.18],[17.52,69.16],[16.82,69.05],[16.92,69.32],[17.26,69.48],[17.77,69.55],[18.07,69.44]],[[16.53,68.72],[16.48,68.55],[16.09,68.53],[15.9,68.37],[15.22,68.34],[15.24,68.56],[15.51,68.64],[15.46,68.8],[15.68,68.96],[15.91,68.96],[15.93,68.68],[16.53,68.72]],[[15,68.37],[14.76,68.26],[14.3,68.31],[14.65,68.43],[15,68.37]],[[14.03,68.26],[13.72,68.08],[13.49,68.11],[13.64,68.29],[14.03,68.26]],[[14.4,68.66],[15.3,68.91],[15.39,68.73],[15.06,68.58],[14.4,68.66]],[[15.53,68.91],[15.46,69.01],[15.79,69.16],[16.06,69.14],[15.53,68.91]],[[9.14,63.57],[8.5,63.43],[8.55,63.6],[8.97,63.66],[9.14,63.57]],[[5.69,60.68],[5.68,60.48],[5.49,60.44],[5.32,60.55],[5.69,60.68]],[[12.04,54.89],[12.17,54.84],[11.96,54.69],[11.75,54.87],[11.88,54.98],[11.65,55.18],[11.25,55.21],[11.21,55.42],[11.07,55.68],[11.25,55.73],[11.64,55.94],[11.76,55.75],[12.25,56.13],[12.62,56.04],[12.51,55.92],[12.6,55.71],[12.25,55.55],[12.22,55.43],[12.44,55.35],[12.39,55.26],[12.05,55.14],[12.15,54.99],[12.04,54.89]],[[15.15,55.13],[15.07,54.99],[14.7,55.09],[14.75,55.3],[15.15,55.13]],[[13.7,54.39],[13.35,54.24],[13.17,54.55],[13.58,54.47],[13.7,54.39]],[[11.85,54.73],[11.81,54.66],[11.45,54.63],[11.03,54.76],[11.02,54.9],[11.23,54.96],[11.37,54.88],[11.73,54.87],[11.85,54.73]],[[10.67,55.06],[10.31,55.06],[9.88,55.25],[9.81,55.44],[9.89,55.51],[10.31,55.62],[10.7,55.44],[10.83,55.31],[10.67,55.06]],[[17.12,57.32],[16.64,56.57],[16.4,56.54],[16.62,56.87],[16.72,56.89],[16.97,57.3],[17.12,57.32]],[[19.04,57.87],[18.81,57.71],[18.71,57.24],[18.43,57.15],[18.1,57.26],[18.11,57.51],[18.46,57.8],[19.04,57.87]],[[23.23,58.5],[22.76,58.24],[22.32,58.21],[22.19,57.98],[22.02,58.23],[21.87,58.26],[22.11,58.5],[22.32,58.58],[22.9,58.62],[23.23,58.5]],[[22.29,58.9],[22.6,59.09],[22.93,58.98],[23.04,58.84],[22.74,58.81],[22.56,58.69],[22.29,58.9]],[[20.21,60.22],[20.01,60.09],[19.75,60.1],[19.68,60.26],[20.21,60.22]],[[22.84,60.24],[22.85,60.11],[22.47,60],[22.47,60.18],[22.84,60.24]],[[50.32,69.15],[49.95,69.07],[49.72,68.89],[49.25,68.78],[48.59,68.73],[48.22,68.91],[48.3,69.28],[48.81,69.49],[49.27,69.51],[50.16,69.26],[50.32,69.15]],[[70.13,66.56],[69.84,66.49],[69.55,66.59],[69.42,66.77],[70.09,66.69],[70.13,66.56]],[[78.28,72.55],[78.39,72.49],[77.59,72.29],[76.92,72.29],[77.61,72.63],[78.28,72.55]],[[84.73,79.33],[84.18,79.23],[83.76,79.32],[83.63,79.48],[84.34,79.54],[84.73,79.33]],[[62.75,70.61],[62.98,70.42],[62.5,70.35],[62.45,70.22],[62.07,70.23],[61.68,70.14],[61.01,70.06],[61.69,70.57],[62.09,70.52],[62.21,70.63],[62.75,70.61]],[[20.1,57.15],[19.83,57.17],[20.05,57.41],[20.21,57.36],[20.1,57.15]],[[33.65,69.8],[34.03,69.73],[34.3,69.57],[34.02,69.52],[33.82,69.37],[33.53,69.46],[33.12,69.5],[33.33,69.66],[33.74,69.63],[33.65,69.8]],[[35.96,69.65],[36.27,69.56],[36.62,69.33],[36.44,69.27],[35.92,69.36],[35.43,69.51],[35.38,69.67],[35.96,69.65]],[[37.68,69.37],[38.79,69.19],[38.94,69.07],[38.64,69],[37.96,69.12],[37.06,69.15],[36.78,69.38],[37.16,69.41],[37.68,69.37]],[[11.48,67.85],[11.24,67.71],[11.02,67.85],[11.48,67.85]],[[34.83,66.42],[35.24,66.22],[35.74,66.2],[36.49,66.01],[36.75,65.73],[36.7,65.6],[36.44,65.49],[35.91,65.74],[35.31,65.84],[34.43,66.27],[34.26,66.41],[34.83,66.42]],[[18.59,58.76],[18.67,58.6],[18.28,58.66],[18.59,58.76]],[[128.32,72.81],[128.42,72.87],[129.22,72.93],[129.21,72.76],[128.32,72.81]],[[143.47,73.32],[143.17,73.18],[141.51,73.3],[140.79,73.41],[139.97,73.33],[139.91,73.47],[140.49,73.49],[140.87,73.78],[141.13,73.88],[142.05,73.92],[142.58,73.83],[143.41,73.54],[143.47,73.32]],[[113.41,74.44],[113.16,74.23],[112.77,74.09],[112.16,74.14],[111.58,74.26],[111.99,74.4],[112.11,74.55],[113.41,74.44]],[[141.1,74.15],[141.04,74],[140.44,73.91],[140.16,74.07],[140.22,74.22],[140.89,74.28],[141.1,74.15]],[[145.37,75.54],[144.73,75.43],[144.69,75.16],[144.33,75.05],[143.41,75.07],[142.87,75.16],[142.49,75.38],[142.53,75.48],[143.01,75.6],[143,75.71],[142.32,75.71],[142.08,75.53],[142.2,75.35],[142.63,75.1],[143.45,75.01],[143.46,74.9],[142.36,74.82],[141.84,75],[140.07,74.83],[139.85,74.96],[139.34,74.69],[138.17,74.78],[137.79,74.98],[137.15,75.13],[136.86,75.36],[137.43,75.39],[137.07,75.73],[137.59,75.77],[137.43,75.95],[138.14,76.12],[138.96,76.21],[139.11,76.1],[139.91,75.94],[140.15,75.8],[140.86,75.74],[140.91,75.98],[141.39,76.14],[141.7,76.12],[142.55,75.86],[143.06,75.81],[143.95,75.83],[145.37,75.54]],[[150.83,75.16],[150.61,74.89],[149.21,74.76],[148.17,74.8],[147.66,74.95],[147.09,75.01],[146.07,75.24],[146.39,75.59],[147.37,75.44],[148.41,75.42],[148.61,75.22],[149.13,75.27],[150.83,75.16]],[[135.99,75.53],[135.84,75.38],[135.45,75.38],[135.6,75.76],[136.16,75.63],[135.99,75.53]],[[105.42,78.58],[104.79,78.34],[102.87,78.22],[101.21,78.19],[100.04,77.96],[99.27,78.04],[100.05,78.34],[100.25,78.67],[101.03,79.03],[101.31,79.24],[101.96,79.29],[102.3,79.43],[103.14,79.33],[102.74,79.16],[103.99,79.13],[104.5,78.86],[105.18,78.81],[105.42,78.58]],[[99.89,79.04],[99.41,78.82],[97.76,78.81],[96.8,78.99],[95.02,79.04],[94.36,79.24],[94.31,79.48],[93.75,79.54],[94.29,79.9],[94.94,80.07],[96.36,80.1],[97.59,80.17],[98.58,79.98],[99.2,80.05],[100.02,79.82],[99.71,79.57],[99.58,79.17],[99.89,79.04]],[[93.63,79.93],[93.67,79.83],[92.62,79.67],[92.1,79.81],[91.26,79.9],[91.11,80.05],[91.78,80.06],[93.63,79.93]],[[97.75,80.74],[97.02,80.53],[97.19,80.23],[95.03,80.14],[93.69,80],[92.5,80.16],[91.92,80.47],[92.74,80.51],[92.72,80.89],[93.05,81],[94.89,81.14],[95.78,81.29],[96.97,80.91],[97.75,80.74]],[[91.55,81.15],[91.19,81.06],[90,81.11],[90.07,81.21],[91.55,81.15]],[[96.64,76.27],[96.4,76.16],[95.31,76.2],[95.31,76.28],[96.64,76.27]],[[137.91,71.56],[137.77,71.43],[137.34,71.43],[137.22,71.58],[137.91,71.56]],[[169.45,69.85],[169.19,69.58],[168.87,69.57],[168.17,69.7],[167.79,69.81],[168.26,70.02],[169.45,69.85]],[[98.53,78.35],[98,78.2],[97.64,78.32],[98.03,78.6],[98.4,78.62],[98.53,78.35]],[[106.06,77.98],[104.95,77.97],[105.01,78.21],[106.02,78.1],[106.06,77.98]],[[119.89,77.05],[120.73,77.07],[121.07,76.82],[120.61,76.73],[119.93,76.73],[119.82,76.91],[119.07,76.88],[119.12,77.07],[119.89,77.05]],[[131.61,76.41],[131.51,76.23],[130.98,76.24],[131.03,76.05],[130.66,76.04],[130.09,76.35],[130.78,76.45],[131.1,76.57],[131.76,76.58],[131.61,76.41]],[[133.86,76.01],[133.49,76.12],[133.45,76.33],[133.98,76.32],[133.86,76.01]],[[135.06,75.36],[134.81,75.37],[134.7,75.79],[135.18,75.75],[135.18,75.42],[135.06,75.36]],[[136.29,44.29],[136.88,44.89],[137.02,44.93],[137.13,45.1],[137.28,45.07],[137.49,45.38],[137.79,45.59],[137.83,45.69],[138.04,45.81],[138.15,45.97],[138.35,46.09],[138.41,46.25],[138.7,46.45],[139.16,47],[139.28,47.02],[139.6,47.36],[139.65,47.55],[139.82,47.62],[139.8,47.74],[140.19,47.96],[140.69,48.44],[140.74,48.6],[141.01,48.82],[141.09,49.13],[141.44,49.54],[141.67,49.52],[141.64,49.17],[141.53,49.04],[141.46,48.61],[141.5,48.31],[141.37,48.05],[141.38,47.78],[141.84,47.26],[141.58,46.82],[141.15,46.53],[141.06,46.26],[141.15,45.92],[141.09,45.77],[140.91,45.6],[140.94,45.25],[140.77,44.96],[140.94,44.59],[141.12,44.41],[141.22,44.14],[141.23,43.96],[141.12,43.73],[140.88,43.6],[140.88,43.44],[140.69,43.37],[140.55,43.46],[140.26,43.45],[140.26,43.22],[140.4,43.06],[140.14,42.85],[139.84,42.68],[139.78,42.61],[139.71,42.23],[140.05,42],[139.87,41.4],[139.91,41.26],[140.06,41.03],[140.04,40.91],[139.86,40.72],[139.81,40.5],[139.64,40.41],[139.66,40.21],[139.57,39.85],[139.83,39.52],[139.83,39.29],[139.5,39.26],[139.57,39.05],[139.5,38.82],[139.21,38.62],[139.17,38.52],[138.98,38.47],[138.76,38.16],[138.54,38.19],[138.66,38.49],[138.46,38.41],[138.27,38.26],[138.17,38.02],[138.23,37.72],[138.4,37.69],[138.59,37.97],[138.67,37.73],[138.51,37.52],[138.15,37.37],[137.88,37.09],[137.52,37.01],[137.4,36.93],[137.37,36.83],[137.22,36.8],[137.09,36.9],[137.18,37.21],[137.52,37.39],[137.46,37.57],[137.53,37.66],[137.38,37.88],[137.13,37.98],[136.77,37.96],[136.52,37.78],[136.28,37.52],[136.23,37.3],[136.45,37.09],[136.42,36.87],[136.13,36.44],[135.97,36.45],[135.85,36.31],[135.92,36.2],[135.92,35.96],[135.7,35.81],[135.31,35.99],[135.07,35.83],[134.74,35.82],[134.23,35.72],[133.76,35.79],[133.79,36.11],[133.63,36.32],[133.47,36.44],[133.25,36.45],[133.01,36.67],[132.87,36.55],[132.83,36.19],[132.61,35.98],[132.44,35.74],[132.15,35.62],[131.86,35.65],[131.54,35.78],[131.19,35.74],[130.81,35.53],[130.58,35.5],[130.11,35.53],[129.71,35.79],[129.72,36.18],[129.68,36.29],[129.8,36.42],[129.84,36.69],[129.71,36.98],[129.59,37.14],[129.61,37.3],[129.5,37.42],[129.25,37.57],[128.62,38.32],[128.53,38.6],[128.24,39.08],[128.14,39.42],[128.19,39.68],[128.78,40.15],[128.91,40.18],[129.39,40.64],[129.61,40.63],[129.83,40.86],[129.8,41.17],[129.89,41.41],[129.79,41.54],[129.82,41.64],[129.96,41.63],[130.06,41.79],[130.81,42.27],[131.19,42.32],[131.34,42.4],[131.74,42.46],[132.01,42.41],[132.29,42.41],[132.94,42.56],[133.35,42.61],[133.59,42.59],[133.8,42.69],[134.04,42.72],[134.26,42.83],[134.37,42.93],[134.57,42.97],[135.27,43.37],[135.75,43.81],[135.79,43.94],[136.16,44.17],[136.29,44.29]],[[119.28,5.34],[119.27,5.2],[119.16,5.11],[118.68,4.94],[118.51,4.93],[118.36,5.04],[118.14,4.88],[118.33,4.65],[118.6,4.52],[118.54,4.36],[118.14,4.3],[118,4.23],[117.89,4.26],[117.67,4.43],[117.61,4.18],[117.52,4.05],[117.78,3.8],[117.75,3.64],[117.55,3.66],[117.22,3.65],[117.2,3.55],[117.33,3.44],[117.35,3.18],[117.62,3.09],[117.63,2.81],[117.78,2.76],[117.83,2.61],[118.06,2.37],[118.09,2.26],[117.86,2.04],[117.92,1.82],[118.13,1.65],[118.43,1.49],[118.78,1.2],[118.86,1.06],[119,0.96],[118.8,0.8],[118.57,0.8],[118.19,0.88],[117.81,0.81],[117.52,0.29],[117.48,0.06],[117.53,-0.03],[117.43,-0.26],[117.49,-0.39],[117.6,-0.42],[117.58,-0.63],[117.45,-0.87],[117.3,-0.82],[117.02,-1.2],[116.82,-1.26],[116.76,-1.37],[116.54,-1.48],[116.56,-1.61],[116.32,-1.7],[116.47,-1.91],[116.39,-2.19],[116.6,-2.22],[116.54,-2.51],[116.39,-2.59],[116.33,-2.93],[116.11,-2.93],[116.26,-3.14],[116.16,-3.17],[115.97,-3.61],[115.84,-3.63],[115.58,-3.78],[115.06,-3.99],[114.71,-4.17],[114.63,-4.01],[114.61,-3.68],[114.52,-3.48],[114.41,-3.49],[114.11,-3.35],[113.71,-3.47],[113.63,-3.46],[113.62,-3.19],[113.35,-3.25],[113.18,-3.08],[113.04,-2.99],[113.02,-3.16],[112.62,-3.42],[112.52,-3.44],[112.3,-3.31],[112.12,-3.38],[111.91,-3.57],[111.82,-3.55],[111.83,-3.06],[111.76,-2.91],[111.58,-3.01],[111.45,-2.93],[111.3,-2.94],[111.06,-3.06],[110.91,-3.08],[110.51,-2.87],[110.26,-3],[110.22,-2.53],[110.1,-2.2],[110.13,-2.07],[110.08,-1.92],[109.92,-1.77],[110.03,-1.65],[110.07,-1.43],[110.03,-1.29],[109.93,-1.22],[109.73,-0.95],[109.44,-0.85],[109.27,-0.85],[109.25,-0.7],[109.36,-0.65],[109.12,-0.5],[109.09,-0.29],[109.18,-0.21],[109.17,0.11],[109.1,0.24],[108.92,0.34],[108.93,0.64],[108.86,0.83],[108.98,1],[108.93,1.14],[109.06,1.38],[109.1,1.56],[109.25,1.67],[109.35,1.81],[109.34,1.94],[109.56,1.99],[109.93,1.69],[110.37,1.72],[110.73,1.55],[110.97,1.5],[111.21,2.07],[111.21,2.39],[111.37,2.34],[111.45,2.37],[111.4,2.48],[111.44,2.68],[111.67,2.84],[112.01,2.89],[112.97,3.14],[113.28,3.48],[113.43,3.75],[113.74,4],[113.95,4.27],[114,4.6],[114.25,4.59],[114.53,4.69],[114.72,4.88],[114.93,5],[115.13,4.85],[115.2,4.95],[115.36,4.9],[115.56,5.07],[115.56,5.21],[115.36,5.32],[115.4,5.42],[115.55,5.54],[115.85,5.56],[115.92,5.75],[116.05,5.84],[116.2,6.22],[116.5,6.5],[116.65,6.72],[116.75,7.01],[116.83,6.97],[116.86,6.82],[116.97,6.71],[117.03,6.91],[117.14,7],[117.31,6.63],[117.51,6.6],[117.74,6.39],[117.72,6.25],[117.61,6.18],[117.65,5.96],[117.88,5.95],[118.02,6.06],[118.13,5.86],[117.94,5.81],[117.96,5.69],[118.13,5.69],[118.18,5.81],[118.41,5.8],[118.74,5.55],[118.97,5.43],[119.2,5.44],[119.28,5.34]],[[116.3,-3.72],[116.31,-3.88],[116.12,-4.04],[116.01,-3.65],[116.13,-3.32],[116.26,-3.41],[116.3,-3.72]],[[100.95,1.83],[100.8,2.16],[100.91,2.3],[101.3,2.05],[101.38,1.77],[101.59,1.65],[101.78,1.64],[102.12,1.39],[102.24,0.98],[102.43,0.8],[102.55,0.74],[102.88,0.73],[103.06,0.56],[103.07,0.44],[103.36,0.54],[103.71,0.31],[103.76,0.24],[103.79,-0.01],[103.67,-0.02],[103.49,-0.12],[103.47,-0.18],[103.49,-0.25],[103.4,-0.38],[103.48,-0.37],[103.38,-0.73],[103.46,-0.76],[103.65,-0.94],[103.84,-1.03],[103.96,-0.98],[104.21,-1.07],[104.38,-1.03],[104.44,-1.3],[104.45,-1.53],[104.56,-1.86],[104.66,-2.03],[104.77,-2],[104.87,-2.08],[104.88,-2.28],[105.12,-2.38],[105.2,-2.35],[105.62,-2.4],[105.61,-2.55],[105.78,-2.69],[105.79,-2.86],[105.88,-2.95],[106.02,-2.97],[106.06,-3.27],[105.93,-3.37],[105.82,-3.67],[105.95,-3.83],[105.81,-4.24],[105.91,-4.47],[105.83,-5.38],[105.83,-5.65],[105.78,-5.83],[105.6,-5.81],[105.31,-5.47],[105.12,-5.78],[104.79,-5.61],[104.62,-5.49],[104.53,-5.56],[104.69,-5.81],[104.54,-5.84],[104.3,-5.64],[104.26,-5.54],[104.11,-5.45],[103.9,-5.22],[103.91,-5.14],[103.71,-4.96],[103.41,-4.87],[103.17,-4.62],[102.92,-4.49],[102.7,-4.27],[102.31,-3.99],[102.3,-3.85],[102.22,-3.64],[101.64,-3.25],[101.42,-2.93],[101.33,-2.74],[101.1,-2.59],[100.92,-2.33],[100.83,-2.14],[100.89,-2.04],[100.57,-1.44],[100.57,-1.33],[100.41,-1.26],[100.41,-1.04],[100.3,-0.82],[100,-0.46],[99.81,-0.29],[99.75,-0.03],[99.61,0.1],[99.41,0.16],[99.32,0.24],[99.14,0.27],[99.09,0.62],[98.98,0.83],[98.92,1.12],[98.73,1.51],[98.82,1.62],[98.76,1.76],[98.66,1.76],[98.54,1.94],[98.35,2],[97.98,2.24],[97.74,2.28],[97.66,2.41],[97.6,2.87],[97.42,2.93],[97.33,3.03],[97.27,3.21],[97.18,3.25],[97.02,3.52],[96.88,3.68],[96.76,3.75],[96.56,3.75],[96.43,3.83],[96.19,4.13],[96.01,4.23],[95.43,4.83],[95.29,5.19],[95.2,5.29],[95.25,5.4],[95.2,5.55],[95.41,5.65],[95.61,5.63],[95.89,5.51],[95.93,5.41],[96.13,5.28],[96.36,5.23],[96.65,5.22],[96.83,5.28],[96.97,5.27],[97.27,5.16],[97.5,5.25],[97.66,5.07],[97.91,4.89],[98.05,4.55],[98.28,4.43],[98.26,4.18],[98.31,4.08],[98.48,4.05],[98.68,3.91],[98.8,3.73],[98.96,3.67],[99.49,3.34],[99.59,3.23],[99.75,3.18],[99.98,2.95],[100.02,2.73],[100.2,2.71],[100.31,2.57],[100.38,2.36],[100.56,2.16],[100.67,2.13],[100.86,2],[100.95,1.83]],[[101.72,2.06],[101.78,1.95],[101.72,1.78],[101.58,1.71],[101.46,1.77],[101.39,1.93],[101.44,2.06],[101.65,2.13],[101.72,2.06]],[[102.5,1.36],[102.13,1.46],[102,1.59],[102.35,1.55],[102.49,1.49],[102.5,1.36]],[[102.47,1.24],[102.46,0.96],[102.33,0.96],[102.23,1.1],[102.2,1.3],[102.29,1.4],[102.47,1.24]],[[104.65,1.1],[104.66,0.94],[104.6,0.84],[104.48,0.86],[104.45,1.06],[104.32,1],[104.23,1.09],[104.4,1.2],[104.65,1.1]],[[103.05,0.8],[103.01,0.69],[102.85,0.8],[102.56,0.78],[102.41,0.87],[102.5,0.97],[102.56,1.13],[102.66,1],[102.76,1.01],[103.05,0.8]],[[103.13,0.93],[103.09,0.84],[102.79,1.03],[102.8,1.16],[103.04,1.04],[103.13,0.93]],[[104.15,1.16],[104.05,0.98],[103.9,1.09],[104.04,1.18],[104.15,1.16]],[[103.96,1.39],[103.84,1.27],[103.65,1.31],[103.8,1.45],[103.96,1.39]],[[104.93,-0.24],[104.85,-0.3],[104.74,-0.21],[104.54,-0.27],[104.49,-0.14],[104.62,0],[104.77,-0.19],[104.93,-0.24]],[[103.71,-0.27],[103.61,-0.39],[103.46,-0.33],[103.56,-0.22],[103.71,-0.27]],[[104.55,-0.4],[104.52,-0.6],[104.26,-0.48],[104.32,-0.36],[104.47,-0.33],[104.55,-0.4]],[[109.76,-1.1],[109.7,-1.19],[109.48,-1.3],[109.42,-1.25],[109.45,-1],[109.7,-0.98],[109.76,-1.1]],[[106.77,-2.56],[106.67,-2.7],[106.61,-2.94],[106.71,-3.09],[106.53,-3.11],[106.45,-2.98],[105.99,-2.82],[105.9,-2.63],[105.94,-2.5],[105.83,-2.4],[105.8,-2.17],[105.61,-2.11],[105.31,-2.14],[105.15,-2.08],[105.15,-1.94],[105.38,-1.82],[105.35,-1.65],[105.46,-1.56],[105.61,-1.54],[105.65,-1.71],[105.76,-1.65],[105.72,-1.52],[105.88,-1.49],[106.03,-1.58],[106.04,-1.68],[106.17,-1.88],[106.16,-2.01],[106.26,-2.35],[106.35,-2.46],[106.77,-2.56]],[[108.29,-2.85],[108.19,-3.14],[107.97,-3.15],[107.89,-3.09],[107.75,-3.2],[107.58,-3.01],[107.59,-2.79],[107.67,-2.56],[108.07,-2.59],[108.2,-2.68],[108.29,-2.85]],[[100.4,-3.18],[100.19,-2.97],[100.26,-2.79],[100.47,-3.02],[100.4,-3.18]],[[100.21,-2.69],[100.14,-2.82],[100.01,-2.82],[99.98,-2.48],[100.21,-2.69]],[[99.82,-2.29],[99.71,-2.31],[99.53,-2.16],[99.59,-2.01],[99.69,-2.07],[99.82,-2.29]],[[99.27,-1.63],[99.24,-1.78],[99.1,-1.8],[98.88,-1.68],[98.59,-1.2],[98.66,-0.96],[98.88,-0.91],[99.21,-1.57],[99.27,-1.63]],[[98.5,-0.46],[98.32,-0.54],[98.37,-0.35],[98.5,-0.46]],[[97.93,1],[97.88,0.64],[97.7,0.57],[97.61,0.82],[97.39,0.95],[97.39,1.02],[97.23,1.28],[97.24,1.42],[97.35,1.55],[97.49,1.48],[97.69,1.19],[97.93,1]],[[96.48,2.41],[96.31,2.37],[96.07,2.58],[95.93,2.6],[95.7,2.78],[95.77,2.91],[95.88,2.92],[95.98,2.79],[96.09,2.76],[96.25,2.6],[96.44,2.49],[96.48,2.41]],[[111.41,2.39],[111.31,2.45],[111.3,2.7],[111.38,2.7],[111.41,2.39]],[[108.4,3.87],[108.32,3.68],[108.17,3.65],[108.18,3.82],[108.06,3.86],[107.98,4.01],[108.17,4.18],[108.39,4],[108.4,3.87]],[[117.17,7.34],[117.23,7.19],[117.06,7.13],[117.06,7.27],[117.17,7.34]],[[119.67,10.55],[119.56,10.37],[119.36,10.33],[119.2,10.06],[118.87,9.97],[118.75,9.89],[118.78,9.79],[118.73,9.63],[118.5,9.31],[118.34,9.18],[118.13,9.13],[118.01,8.89],[117.77,8.7],[117.57,8.66],[117.51,8.51],[117.32,8.45],[117.22,8.5],[117.29,8.64],[117.45,8.79],[117.66,9.06],[117.77,9.09],[117.9,9.26],[118,9.23],[118.13,9.34],[118.35,9.64],[118.53,9.77],[118.82,10.19],[118.95,10.22],[119.07,10.39],[119.28,10.51],[119.34,10.72],[119.22,10.85],[119.41,11.05],[119.42,11.3],[119.57,11.26],[119.5,10.97],[119.59,10.84],[119.59,10.67],[119.67,10.55]],[[120.35,12.03],[120.13,11.97],[119.98,12.03],[119.87,12.23],[120.02,12.25],[120.35,12.03]],[[111.01,19.68],[110.76,19.43],[110.7,19.42],[110.56,19.06],[110.47,18.88],[110.43,18.68],[110.27,18.67],[110.1,18.54],[110.05,18.39],[109.75,18.4],[109.68,18.25],[109.57,18.19],[109.44,18.29],[109.22,18.31],[109,18.37],[108.69,18.5],[108.69,18.72],[108.62,19.1],[108.63,19.29],[109.16,19.65],[109.17,19.81],[109.3,19.92],[109.47,19.83],[109.53,19.95],[109.72,20.01],[110.09,19.98],[110.38,20.08],[110.58,19.98],[110.64,20.11],[110.79,20.01],[110.93,20],[111.01,19.68]],[[121.91,24.95],[121.82,24.85],[121.86,24.55],[121.77,24.31],[121.66,24.19],[121.4,23.15],[121.14,22.74],[120.95,22.53],[120.88,22.29],[120.84,21.93],[120.7,21.98],[120.62,22.3],[120.51,22.42],[120.33,22.52],[120.18,22.88],[120.17,23.01],[120.06,23.15],[120.13,23.36],[120.12,23.52],[120.19,23.77],[120.49,24.23],[120.7,24.61],[120.85,24.71],[121.06,25.05],[121.38,25.16],[121.6,25.27],[121.72,25.15],[121.89,25.11],[121.91,24.95]],[[122.33,30.02],[122.01,30.03],[122.09,30.15],[122.33,30.02]],[[130.67,30.37],[130.58,30.24],[130.44,30.24],[130.39,30.34],[130.5,30.47],[130.67,30.37]],[[131.66,32.48],[131.45,31.88],[131.48,31.76],[131.35,31.39],[131.07,31.45],[131.1,31.33],[130.92,31.11],[130.73,31.05],[130.8,31.34],[130.61,31.68],[130.53,31.51],[130.64,31.19],[130.45,31.25],[130.22,31.25],[130.34,31.63],[130.17,31.79],[130.22,31.93],[130.18,32.09],[130.33,32.13],[130.56,32.43],[130.64,32.61],[130.59,32.82],[130.43,32.94],[130.42,33.08],[130.22,33.16],[130.13,33.1],[130.24,32.88],[130.34,32.86],[130.34,32.67],[130.09,32.79],[129.89,32.66],[129.7,32.84],[129.63,32.98],[129.73,33.12],[129.55,33.23],[129.58,33.37],[129.81,33.35],[129.85,33.53],[130.06,33.5],[130.39,33.6],[130.45,33.81],[130.68,33.93],[130.99,33.9],[131.08,33.63],[131.42,33.58],[131.52,33.68],[131.73,33.58],[131.71,33.27],[131.87,33.2],[131.9,32.98],[131.98,32.89],[131.66,32.48]],[[121.84,31.61],[121.85,31.44],[121.31,31.66],[121.26,31.84],[121.48,31.77],[121.66,31.65],[121.84,31.61]],[[130.16,32.55],[130.2,32.34],[130.01,32.19],[129.98,32.36],[130.03,32.52],[130.16,32.55]],[[128.88,32.67],[128.66,32.6],[128.64,32.76],[128.84,32.76],[128.88,32.67]],[[126.95,33.48],[126.84,33.31],[126.29,33.2],[126.17,33.27],[126.31,33.46],[126.79,33.56],[126.95,33.48]],[[133.42,34.45],[133.25,34.43],[133.17,34.29],[132.84,34.31],[132.66,34.2],[132.5,34.36],[132.38,34.37],[132.22,34.24],[132.21,33.99],[132.06,33.9],[131.74,34.06],[131.48,34.03],[131.27,33.93],[130.86,34.11],[130.87,34.28],[131.07,34.42],[131.24,34.38],[131.41,34.42],[131.6,34.66],[131.86,34.71],[132.06,34.91],[132.32,35.06],[132.41,35.18],[132.64,35.29],[132.64,35.44],[132.97,35.52],[133.11,35.6],[133.42,35.46],[133.58,35.53],[133.73,35.5],[134.24,35.55],[134.54,35.67],[134.93,35.64],[135.23,35.77],[135.45,35.57],[135.65,35.48],[135.71,35.56],[135.98,35.64],[136.1,35.78],[135.96,35.97],[136.13,36.22],[136.43,36.43],[136.64,36.66],[136.76,36.87],[136.67,37.15],[136.75,37.36],[137.3,37.53],[137.23,37.29],[137.11,37.28],[137.01,36.84],[137.16,36.76],[137.33,36.76],[137.38,36.8],[137.43,36.92],[137.9,37.06],[138.1,37.17],[138.24,37.18],[138.55,37.38],[138.77,37.63],[138.86,37.83],[139.3,38.04],[139.43,38.17],[139.46,38.37],[139.6,38.65],[139.77,38.82],[139.93,39.29],[140.05,39.5],[140.03,39.82],[139.82,39.96],[139.98,40.13],[140.02,40.36],[139.86,40.61],[140.05,40.77],[140.27,40.81],[140.33,41.24],[140.64,41.17],[140.67,40.9],[140.8,40.84],[140.98,40.94],[141.19,40.91],[141.27,41.19],[140.8,41.13],[140.77,41.2],[140.91,41.5],[141.11,41.46],[141.28,41.35],[141.46,41.38],[141.39,41.16],[141.44,40.67],[141.74,40.38],[141.95,40],[142.07,39.54],[141.91,39.33],[141.91,39.11],[141.64,38.99],[141.57,38.72],[141.47,38.57],[141.47,38.44],[141.1,38.37],[140.97,38.17],[140.93,37.89],[141.02,37.73],[141.04,37.38],[140.96,36.97],[140.8,36.89],[140.62,36.51],[140.56,36.28],[140.65,36.01],[140.84,35.74],[140.66,35.69],[140.48,35.57],[140.39,35.38],[140.39,35.2],[139.87,35.01],[139.82,35.33],[140.01,35.47],[140.08,35.6],[139.95,35.67],[139.81,35.64],[139.78,35.5],[139.53,35.3],[139.41,35.32],[139.15,35.24],[139.09,35],[139.14,34.87],[138.84,34.6],[138.74,34.73],[138.8,35.12],[138.55,35.1],[138.51,34.98],[138.37,34.92],[138.22,34.71],[138.05,34.65],[137.79,34.64],[137.43,34.67],[137.3,34.8],[136.92,34.78],[136.82,34.95],[136.66,34.98],[136.52,34.68],[136.92,34.43],[136.85,34.31],[136.52,34.27],[136.3,34.15],[136.27,33.97],[136.1,33.89],[135.96,33.59],[135.77,33.48],[135.44,33.55],[135.39,33.71],[135.07,33.89],[135.09,34.07],[135.19,34.14],[135.11,34.32],[135.32,34.43],[135.41,34.56],[135.34,34.71],[135.05,34.62],[134.74,34.77],[134.33,34.7],[133.98,34.53],[133.94,34.45],[133.7,34.53],[133.42,34.45]],[[135,34.61],[134.9,34.42],[134.96,34.27],[134.73,34.19],[134.66,34.29],[135,34.61]],[[134.69,33.83],[134.27,33.51],[134.19,33.25],[133.93,33.49],[133.74,33.54],[133.47,33.45],[133.27,33.35],[133.25,33.22],[133.02,33.02],[132.92,32.78],[132.81,32.74],[132.62,32.8],[132.71,32.91],[132.47,32.93],[132.45,33.05],[132.54,33.24],[132.42,33.3],[132.38,33.47],[132.5,33.62],[132.68,33.72],[132.77,34],[132.92,34.07],[133.13,33.93],[133.32,33.99],[133.51,33.97],[133.62,34.05],[133.67,34.22],[133.95,34.38],[134.15,34.39],[134.44,34.21],[134.63,34.18],[134.6,34.01],[134.69,33.83]],[[128.75,34.87],[128.62,34.73],[128.49,34.87],[128.69,34.99],[128.75,34.87]],[[138.46,38.07],[138.49,37.89],[138.23,38.01],[138.31,38.17],[138.46,38.07]],[[126.38,34.5],[126.21,34.36],[126.12,34.44],[126.27,34.54],[126.38,34.5]],[[104.08,10.37],[104.09,10.25],[103.86,10.32],[104,10.45],[104.08,10.37]],[[98.42,7.9],[98.27,7.89],[98.28,8.19],[98.44,8.07],[98.42,7.9]],[[98.47,12.58],[98.39,12.36],[98.3,12.34],[98.33,12.67],[98.47,12.58]],[[98.54,11.8],[98.55,11.62],[98.44,11.56],[98.38,11.78],[98.54,11.8]],[[98.28,11.8],[98.32,11.73],[98.28,11.48],[98.19,11.53],[98.28,11.8]],[[94.66,16.22],[94.58,16.01],[94.39,16],[94.66,16.22]],[[93.75,18.8],[93.65,18.68],[93.5,18.84],[93.62,18.91],[93.75,18.8]],[[93.97,19.42],[93.97,19.36],[93.86,19.28],[93.77,19.3],[93.64,19.49],[93.73,19.55],[93.82,19.47],[93.97,19.42]],[[90.79,22.5],[90.86,22.43],[90.84,22.18],[90.66,21.99],[90.6,22.04],[90.69,22.38],[90.79,22.5]],[[89.39,21.11],[89.3,21.18],[89.49,21.33],[89.5,21.17],[89.39,21.11]],[[123.7,26.35],[123.73,26.61],[123.93,26.65],[123.99,26.56],[123.7,26.35]],[[119.17,4.84],[119.25,5.02],[119.37,4.95],[119.17,4.84]],[[-12.49,7.57],[-12.61,7.48],[-12.9,7.61],[-12.62,7.64],[-12.49,7.57]],[[-12.04,7.07],[-12.27,7.2],[-12.18,7.27],[-12.02,7.15],[-12.04,7.07]],[[10.99,33.84],[10.89,33.66],[10.74,33.72],[10.74,33.88],[10.99,33.84]],[[25.53,37.2],[25.6,37.1],[25.45,36.92],[25.34,37.08],[25.53,37.2]],[[27.05,37.73],[26.79,37.65],[26.77,37.81],[27.05,37.73]],[[24.59,38.16],[24.55,37.98],[24.37,37.97],[24.05,38.39],[23.64,38.42],[23.64,38.53],[23.2,38.83],[22.97,38.89],[23.14,39.01],[23.3,39.04],[23.45,38.87],[23.86,38.68],[24.07,38.68],[24.22,38.54],[24.19,38.41],[24.33,38.19],[24.59,38.16]],[[26.16,38.54],[26.16,38.3],[25.97,38.17],[25.87,38.26],[25.99,38.38],[25.84,38.52],[26,38.6],[26.16,38.54]],[[26.61,39.05],[26.42,38.97],[26.17,39.02],[25.89,39.14],[25.86,39.26],[26.34,39.38],[26.61,39.05]],[[25.45,40.04],[25.3,39.81],[25.07,39.86],[25.05,39.98],[25.29,39.96],[25.45,40.04]],[[24.79,40.74],[24.64,40.57],[24.51,40.67],[24.64,40.8],[24.79,40.74]],[[15.53,38.3],[15.5,38.08],[15.21,37.75],[15.1,37.49],[15.11,37.32],[15.33,37.03],[15.17,36.94],[15.07,36.66],[14.78,36.7],[14.49,36.79],[14.28,37.04],[14.09,37.12],[13.89,37.1],[13.45,37.3],[13.17,37.49],[12.94,37.57],[12.7,37.56],[12.49,37.68],[12.43,37.8],[12.5,38.01],[12.73,38.13],[12.9,38.03],[13.1,38.19],[13.31,38.22],[13.79,37.97],[14.02,38.05],[14.27,38.02],[14.63,38.08],[14.91,38.19],[15.09,38.13],[15.53,38.3]],[[20.73,38.06],[20.47,38.18],[20.4,38.33],[20.63,38.35],[20.8,38.13],[20.73,38.06]],[[20.09,39.43],[20,39.4],[19.69,39.67],[19.68,39.8],[19.95,39.79],[19.86,39.66],[19.93,39.48],[20.09,39.43]],[[14.72,44.94],[14.43,45.09],[14.67,45.16],[14.72,44.94]],[[15.26,43.24],[15.26,43.43],[15.46,43.6],[15.53,43.47],[15.41,43.3],[15.26,43.24]],[[15.2,42.9],[14.98,43.04],[15.05,43.18],[15.25,43.21],[15.34,43.1],[15.2,42.9]],[[15.07,42.81],[14.88,42.68],[14.66,42.89],[14.8,42.95],[15.04,42.88],[15.07,42.81]],[[28.37,40.95],[28.59,40.88],[28.76,40.9],[29.1,40.8],[28.76,40.58],[28.64,40.58],[28.33,40.73],[27.91,40.66],[27.48,40.71],[27.44,40.8],[27.63,40.93],[28.37,40.95]],[[22.46,38.31],[22.75,38.26],[22.9,38.14],[22.76,38.05],[22.28,38.21],[22.46,38.31]],[[20.79,38.55],[20.92,38.42],[20.91,38.17],[20.77,38.26],[20.79,38.55]],[[32.2,44.86],[32.57,44.82],[32.73,44.75],[32.77,44.57],[33.05,44.45],[33.28,44.45],[33.41,44.38],[33.53,44.19],[33.7,44.14],[34.11,44.26],[34.55,44.66],[34.76,44.72],[35.53,44.7],[35.85,44.79],[36.1,44.74],[36.33,44.62],[36.72,44.65],[36.95,44.76],[37.23,44.72],[37.54,44.6],[37.85,44.57],[38.24,44.33],[38.39,44.32],[38.55,44.2],[38.74,44.19],[39.2,43.82],[39.4,43.77],[39.57,43.53],[40.19,43.29],[40.38,42.93],[40.58,42.9],[40.93,42.95],[41.16,42.76],[41.16,42.6],[41.37,42.36],[41.59,42.21],[41.6,41.97],[41.74,41.84],[41.51,41.65],[41.41,41.48],[40.77,41.21],[40.57,41.09],[40.35,41.07],[40.19,40.99],[39.65,41.14],[39.15,41.17],[38.96,41.07],[38.29,40.98],[38.23,41.12],[38.07,41.1],[37.9,41.23],[37.68,41.2],[37.55,41.09],[37.26,41.3],[37.24,41.51],[36.61,41.47],[36.38,41.49],[36.3,41.64],[36.05,41.83],[35.79,41.84],[35.57,41.98],[35.38,42.01],[35.18,42.17],[34.86,42.25],[34.46,42.21],[34.18,42.23],[33.92,42.2],[33.7,42.1],[33.22,42.08],[32.72,41.91],[32.57,41.91],[31.95,41.57],[31.28,41.36],[31.11,41.26],[30.87,41.26],[30.72,41.19],[30.51,41.29],[30.54,41.43],[30.16,41.45],[30.03,41.38],[29.69,41.38],[29.36,41.43],[29.19,41.55],[28.97,41.61],[28.69,41.84],[28.6,42.08],[28.4,42.34],[28.39,42.65],[28.54,43.02],[28.76,43.18],[29.09,43.27],[29.33,43.49],[29.65,43.61],[29.84,43.61],[30.32,43.78],[30.61,43.96],[30.95,44.29],[31.14,44.65],[31.52,44.74],[31.69,44.73],[32.2,44.86]],[[27.92,36.97],[27.92,36.85],[27.73,36.83],[27.67,36.97],[27.92,36.97]],[[164.71,58.98],[164.63,58.87],[164.12,58.78],[163.59,58.56],[163.97,59.03],[164.56,59.24],[164.71,58.98]],[[156.46,50.87],[156.51,50.77],[156.41,50.63],[156.18,50.69],[156.2,50.78],[156.46,50.87]],[[156.13,50.64],[155.88,50.25],[155.56,50.17],[155.38,50.04],[155.22,50.11],[155.41,50.36],[155.72,50.42],[155.89,50.69],[156.13,50.64]],[[142.53,54.3],[142.73,54.42],[143,54.14],[142.91,53.91],[142.94,53.75],[143.29,53.15],[143.34,52.7],[143.12,52.34],[143.1,52.1],[143.16,51.87],[143.31,51.75],[143.22,51.53],[143.46,51.47],[143.79,50.31],[144,50.01],[144.22,49.53],[144.28,49.25],[143.5,49.35],[143.17,49.25],[142.97,49.05],[142.99,48.92],[142.79,48.56],[142.55,48.02],[142.55,47.77],[142.76,47.43],[143.02,47.25],[143.03,47.07],[143.17,46.71],[143.42,46.8],[143.63,46.37],[143.42,46.22],[143.34,46.56],[142.77,46.61],[142.72,46.74],[142.46,46.63],[142.28,46.33],[142.2,46.03],[142.04,45.92],[141.93,46.04],[141.82,46.6],[142.06,47.05],[141.98,47.3],[141.97,47.61],[142.19,47.97],[142.14,48.32],[141.92,48.61],[141.86,48.77],[141.97,48.86],[142.08,49.2],[142.06,49.31],[142.16,49.68],[142.13,49.9],[142.17,50.09],[142.15,50.35],[142.05,50.53],[142.13,50.89],[142.27,51.07],[142.08,51.47],[141.82,51.67],[141.81,51.81],[141.68,51.91],[141.66,52.38],[141.84,52.59],[141.93,53.02],[141.77,53.37],[142.23,53.52],[142.31,53.37],[142.58,53.5],[142.49,53.64],[142.61,53.71],[142.71,53.95],[142.41,54.23],[142.53,54.3]],[[138.05,55.06],[137.99,54.8],[137.71,54.62],[137.49,54.88],[137.46,55.03],[137.61,55.2],[138.05,55.06]],[[137.17,55.12],[137.02,54.92],[136.79,55.01],[137.17,55.12]],[[146.47,44.43],[146.33,44.29],[145.97,44.29],[146.12,44.51],[146.47,44.43]],[[145.77,43.39],[145.52,43.17],[145.13,43.12],[145,42.99],[144.76,43.02],[144.74,42.92],[144.5,42.93],[144.32,43],[144.04,42.93],[143.64,42.66],[143.35,42.32],[143.25,41.94],[142.96,42.11],[142.46,42.27],[142.17,42.46],[141.73,42.62],[141.43,42.56],[141.02,42.32],[140.73,42.56],[140.53,42.58],[140.38,42.51],[140.29,42.26],[140.55,42.11],[140.71,42.13],[140.97,41.91],[141.18,41.82],[140.96,41.72],[140.64,41.82],[140.45,41.68],[140.4,41.51],[140.21,41.4],[140.04,41.44],[139.98,41.56],[140.13,41.82],[140.15,41.98],[139.79,42.25],[139.88,42.66],[140.26,42.76],[140.53,43.02],[140.34,43.21],[140.49,43.37],[140.81,43.19],[140.99,43.23],[141.17,43.14],[141.37,43.25],[141.44,43.36],[141.34,43.71],[141.64,43.94],[141.66,44.28],[141.79,44.6],[141.72,44.96],[141.59,45.16],[141.69,45.4],[141.96,45.51],[142.54,45.02],[142.63,44.88],[142.98,44.59],[143.78,44.1],[144.22,44.11],[144.43,43.94],[144.83,43.94],[145.2,44.21],[145.35,44.21],[145.12,43.92],[145.07,43.75],[145.19,43.62],[145.32,43.28],[145.47,43.25],[145.77,43.39]],[[157.37,59.9],[157.28,59.78],[156.92,59.72],[156.92,59.9],[157.37,59.9]],[[150.05,57.08],[149.95,57.1],[149.94,57.64],[150.1,57.57],[150.05,57.08]]],[[[6.62,0],[6.78,0.2],[6.75,0.42],[6.63,0.44],[6.51,0.37],[6.42,0.23],[6.5,0],[6.62,0]],[[6.68,0.41],[6.74,0.22],[6.66,0.11],[6.52,0.03],[6.46,0.22],[6.53,0.35],[6.68,0.41]]],[[[72.18,-5.15],[72.36,-5.1],[72.51,-4.92],[72.41,-4.69],[72.27,-4.81],[72.18,-5.15]]],[[[72.45,-5.13],[72.17,-5.35],[72.26,-5.39],[72.52,-5.24],[72.45,-5.13]]],[[[72.15,-6.83],[72.27,-6.95],[72.36,-6.88],[72.41,-6.55],[72.55,-6.41],[72.56,-6.31],[72.74,-6.13],[72.79,-5.88],[72.64,-5.66],[72.52,-5.63],[72.01,-5.65],[71.8,-5.81],[71.59,-5.8],[71.49,-6.08],[71.31,-6.13],[71.25,-6.23],[71.22,-6.46],[71.31,-6.55],[71.37,-6.72],[71.53,-6.67],[71.92,-6.68],[72.07,-6.73],[72.15,-6.83]]],[[[71.53,-7.6],[71.57,-7.33],[71.55,-7.04],[71.27,-6.84],[71.05,-6.89],[70.99,-7.18],[71.21,-7.24],[71.38,-7.36],[71.53,-7.6]]],[[[72.42,-7.21],[72.33,-7.28],[72.43,-7.46],[72.51,-7.26],[72.42,-7.21]]],[[[71.95,-5.44],[72.03,-5.28],[71.96,-5.16],[71.86,-5.2],[71.72,-5.13],[71.65,-5.35],[71.81,-5.49],[71.95,-5.44]]],[[[15.94,-30.66],[15.77,-30.69],[15.69,-30.81],[15.93,-31],[16.05,-30.95],[15.94,-30.66]]],[[[46.25,-25.64],[46.68,-25.58],[47.15,-25.4],[47.27,-25.28],[47.48,-24.87],[47.62,-24.25],[47.74,-23.57],[47.9,-23.27],[48.01,-22.64],[48.12,-22.37],[48.31,-22.09],[48.37,-21.65],[48.46,-21.48],[48.44,-21.26],[48.57,-21.07],[48.58,-20.8],[48.7,-20.37],[48.8,-20.27],[49.21,-19.15],[49.61,-18.16],[49.66,-17.92],[49.73,-17.83],[49.88,-17.42],[50.09,-17.25],[50.33,-16.75],[50.38,-16.44],[50.39,-16.1],[50.64,-15.45],[50.6,-15.14],[50.36,-14.9],[50.31,-14.59],[50.24,-14.46],[50.21,-14.23],[50.24,-14.06],[50.07,-13.37],[49.97,-13.18],[49.99,-12.72],[49.73,-12.66],[49.66,-12.59],[49.64,-12.38],[49.44,-12.15],[49.31,-11.88],[49.01,-12.08],[48.8,-12.16],[48.63,-12.14],[48.5,-12.21],[48.15,-12.93],[48.1,-13.13],[48.01,-13.21],[47.96,-13.38],[47.65,-13.77],[47.65,-14.07],[47.45,-14.24],[47.43,-14.42],[47.29,-14.6],[47.04,-14.82],[46.77,-14.91],[46.44,-15.29],[46.13,-15.33],[45.87,-15.52],[45.58,-15.64],[45.19,-15.68],[44.86,-15.59],[44.62,-15.6],[44.21,-15.72],[43.75,-16.08],[43.65,-16.22],[43.58,-16.44],[43.22,-16.77],[43.21,-17.03],[43.16,-17.23],[43.21,-17.56],[43.37,-17.9],[43.36,-18.05],[43.47,-18.14],[43.69,-18.45],[43.73,-18.56],[43.88,-18.69],[43.92,-18.93],[43.88,-19.27],[43.93,-19.48],[43.88,-19.7],[43.97,-20.25],[43.59,-21.14],[43.26,-21.42],[43.16,-21.79],[43.11,-22.37],[43.29,-22.85],[43.59,-23.32],[43.66,-23.51],[43.52,-23.62],[43.61,-23.93],[43.57,-24.39],[43.9,-24.66],[43.9,-24.83],[43.98,-25.08],[44.17,-25.33],[44.24,-25.51],[44.91,-26.18],[45.18,-26.06],[45.27,-26.23],[45.37,-26.3],[45.72,-26.19],[46.15,-25.7],[46.25,-25.64]],[[44.25,-20.38],[44.48,-19.91],[44.37,-19.77],[44.46,-19.42],[44.23,-19.05],[44.26,-18.8],[44.19,-18.61],[44.05,-18.43],[44,-17.94],[44.04,-17.77],[43.93,-17.6],[43.94,-17.46],[44.43,-16.7],[44.4,-16.37],[44.45,-16.19],[44.85,-16.23],[45.04,-16.12],[45.27,-15.92],[45.38,-15.97],[45.64,-15.94],[45.69,-15.78],[46.02,-15.79],[46.14,-15.7],[46.29,-15.94],[46.38,-15.83],[46.33,-15.63],[46.88,-15.23],[46.97,-15.2],[47.07,-15.32],[46.97,-15.49],[47.23,-15.43],[47.06,-15.22],[47.29,-14.92],[47.29,-14.85],[47.44,-14.67],[47.5,-14.85],[47.42,-14.97],[47.48,-15.08],[47.75,-14.6],[47.71,-14.37],[47.81,-14.22],[47.93,-14.25],[48.04,-14.15],[47.94,-14],[47.88,-13.78],[47.9,-13.6],[48.03,-13.52],[48.14,-13.6],[48.18,-13.75],[48.33,-13.66],[48.43,-13.52],[48.75,-13.41],[48.84,-13.26],[48.84,-13.08],[48.96,-12.81],[48.87,-12.64],[48.98,-12.33],[49.32,-12],[49.35,-12.3],[49.54,-12.38],[49.56,-12.62],[49.86,-12.88],[49.94,-13.03],[49.97,-13.33],[50.14,-13.78],[50.19,-14.46],[50.28,-14.88],[50.48,-15.2],[50.5,-15.32],[50.43,-15.6],[50.24,-15.96],[50.04,-15.86],[49.9,-15.42],[49.75,-15.44],[49.64,-15.54],[49.73,-15.91],[49.7,-16.12],[49.85,-16.21],[49.85,-16.55],[49.72,-16.71],[49.78,-16.86],[49.62,-16.89],[49.43,-17.28],[49.5,-17.66],[49.41,-18.07],[49.36,-18.42],[49.19,-18.84],[49.08,-19.07],[48.99,-19.38],[48.86,-19.68],[48.82,-19.9],[48.56,-20.58],[48.46,-21.01],[48.2,-21.8],[47.9,-22.48],[47.83,-22.9],[47.62,-23.59],[47.57,-23.85],[47.46,-24.04],[47.34,-24.32],[47.31,-24.49],[47.14,-24.91],[46.96,-25.07],[46.65,-25.18],[46.39,-25.16],[46.24,-25.2],[45.77,-25.41],[45.49,-25.57],[45.14,-25.58],[44.83,-25.34],[44.37,-25.26],[44.19,-25.07],[44.03,-25],[43.84,-24.51],[43.71,-24.41],[43.66,-24.19],[43.64,-23.64],[43.76,-23.45],[43.63,-23.34],[43.58,-23.08],[43.36,-22.83],[43.22,-22.25],[43.3,-22.17],[43.25,-22.04],[43.34,-21.77],[43.47,-21.67],[43.47,-21.41],[43.59,-21.27],[43.81,-21.22],[43.9,-20.88],[44.04,-20.73],[44.13,-20.5],[44.25,-20.38]]],[[[42.75,-17.13],[42.84,-17.02],[42.69,-16.93],[42.65,-17.07],[42.75,-17.13]]],[[[45.25,-13],[45.33,-12.84],[45.31,-12.71],[45.06,-12.52],[44.95,-12.58],[44.98,-12.73],[44.95,-12.9],[44.99,-13.03],[45.18,-13.06],[45.25,-13]]],[[[47.61,-12.98],[47.98,-12.67],[48.03,-12.42],[48.32,-12.33],[48.07,-12.18],[47.95,-11.94],[47.71,-12.16],[47.69,-12.32],[47.6,-12.49],[47.64,-12.74],[47.56,-12.85],[47.61,-12.98]]],[[[43.87,-12.46],[43.95,-12.35],[43.81,-12.21],[43.63,-12.21],[43.54,-12.37],[43.56,-12.47],[43.74,-12.51],[43.87,-12.46]]],[[[44.38,-12.11],[44.19,-12.21],[44.51,-12.41],[44.56,-12.23],[44.51,-12.08],[44.38,-12.11]]],[[[46.49,-12.24],[46.36,-12.33],[46.22,-12.25],[46.16,-12.45],[46.57,-12.43],[46.64,-12.33],[46.49,-12.24]]],[[[43.52,-11.95],[43.47,-11.72],[43.47,-11.49],[43.43,-11.37],[43.25,-11.36],[43.19,-11.76],[43.38,-11.94],[43.52,-11.95]],[[43.47,-11.82],[43.26,-11.82],[43.24,-11.67],[43.28,-11.38],[43.4,-11.42],[43.38,-11.61],[43.47,-11.82]]],[[[60.57,-11.3],[60.78,-11.68],[61.08,-11.68],[61.35,-11.16],[61.35,-11.42],[61.46,-11.53],[61.74,-11.58],[61.84,-11.46],[61.95,-11.54],[61.79,-11.63],[61.84,-11.78],[62.01,-11.92],[62.06,-11.71],[62.19,-11.63],[62.33,-11.41],[62.24,-11.27],[62.26,-10.9],[62.31,-10.74],[62.26,-10.27],[62.3,-10.04],[62.14,-9.96],[62.02,-9.81],[61.8,-9.69],[61.64,-9.84],[61.52,-9.82],[61.29,-9.62],[61.06,-9.62],[61.03,-9.69],[60.66,-9.87],[60.55,-9.99],[60.37,-9.98],[60.23,-9.85],[59.91,-9.81],[59.67,-9.53],[59.58,-9.56],[59.64,-9.78],[59.76,-9.94],[59.83,-10.16],[60.03,-10.31],[60.13,-10.17],[60.28,-10.09],[60.52,-10.35],[60.66,-10.66],[60.6,-10.75],[60.44,-10.59],[60.27,-10.58],[60,-10.42],[60.24,-10.91],[60.57,-11.3]],[[61.49,-10.55],[61.78,-10.56],[61.86,-10.45],[61.74,-10.27],[61.57,-10.17],[61.7,-10],[61.88,-10.03],[61.88,-10.19],[61.97,-10.41],[62.02,-11.03],[61.71,-11.07],[61.71,-10.84],[61.54,-10.91],[61.39,-10.69],[61.25,-10.67],[60.95,-10.47],[61.06,-10.31],[61.04,-10.15],[61.15,-9.96],[61.22,-9.96],[61.35,-10.27],[61.42,-10.34],[61.49,-10.55]]],[[[56.7,-10.44],[56.55,-10.28],[56.46,-10.31],[56.59,-10.5],[56.7,-10.44]]],[[[51.08,-10.29],[51.23,-10.11],[51.01,-10.09],[51.08,-10.29]]],[[[51.11,-9.75],[51.11,-9.55],[51.19,-9.31],[51.09,-9.16],[51,-9.2],[50.93,-9.52],[50.94,-9.68],[51.11,-9.75]]],[[[46.39,-9.46],[46.45,-9.31],[46.32,-9.3],[46.16,-9.36],[46.21,-9.48],[46.39,-9.46]]],[[[60.17,-9.5],[60.26,-9.56],[60.43,-9.42],[60.47,-9.25],[60.45,-9.06],[60.31,-8.81],[60.15,-8.69],[59.96,-8.68],[59.91,-8.78],[60.01,-9.17],[59.98,-9.28],[60.12,-9.38],[60.17,-9.5]]],[[[47.12,-8.71],[46.97,-8.59],[46.88,-8.75],[46.95,-8.99],[47.03,-9.04],[47.12,-8.71]]],[[[60.11,-8.6],[60.29,-8.54],[60.2,-8.32],[60.04,-8.34],[59.99,-8.47],[60.11,-8.6]]],[[[60.52,-13.26],[60.35,-13.81],[60.11,-14.17],[60.05,-14.3],[60.03,-14.77],[59.94,-15.01],[59.97,-15.19],[60.08,-15.4],[60.39,-15.59],[60.59,-15.59],[60.78,-15.48],[60.78,-15.36],[60.68,-15.26],[60.72,-14.95],[60.86,-14.98],[60.83,-15.17],[60.98,-15.14],[61.2,-15.17],[61.23,-15.02],[61.13,-14.73],[61.19,-14.52],[61.18,-14.08],[61.21,-13.86],[61.1,-13.66],[60.95,-13.56],[60.8,-13.64],[60.65,-13.6],[60.71,-13.47],[60.65,-13.36],[60.71,-13.26],[60.62,-13.15],[60.52,-13.26]]],[[[59.97,-15.84],[59.85,-15.85],[59.65,-15.96],[59.51,-15.9],[59.28,-16.1],[59.26,-16.34],[59.19,-16.74],[59.25,-16.85],[59.41,-16.96],[59.65,-16.91],[59.82,-16.81],[59.91,-16.63],[59.93,-16.43],[60.13,-16.14],[60.12,-15.93],[59.97,-15.84]]],[[[60.03,-16.71],[60.15,-16.65],[60.22,-16.53],[60.11,-16.47],[60.03,-16.71]]],[[[59.11,-17.14],[59.24,-17.36],[59.41,-17.25],[59.41,-17.08],[59.24,-16.96],[59.12,-17.02],[59.11,-17.14]]],[[[58.62,-18.69],[58.87,-18.67],[58.89,-18.53],[58.71,-18.47],[58.61,-18.52],[58.62,-18.69]]],[[[62.17,-19.7],[62.07,-19.58],[61.83,-19.42],[61.7,-19.52],[62.17,-19.7]]],[[[63.17,-19.65],[63.12,-19.86],[63.38,-19.88],[63.56,-19.81],[63.6,-19.63],[63.45,-19.59],[63.17,-19.65]]],[[[57.81,-19.8],[57.66,-19.83],[57.49,-20.02],[57.24,-20.42],[57.28,-20.54],[57.43,-20.57],[57.66,-20.53],[57.87,-20.31],[57.79,-20.03],[57.81,-19.8]],[[57.8,-20.22],[57.67,-20.48],[57.5,-20.52],[57.36,-20.43],[57.37,-20.26],[57.53,-20.02],[57.67,-19.99],[57.8,-20.22]]],[[[55.26,-20.94],[55.16,-21.06],[55.23,-21.2],[55.36,-21.3],[55.58,-21.4],[55.84,-21.36],[55.88,-21.13],[55.72,-20.91],[55.59,-20.85],[55.39,-20.84],[55.27,-20.89],[55.26,-20.94]],[[55.79,-21.1],[55.85,-21.16],[55.82,-21.32],[55.55,-21.36],[55.35,-21.27],[55.23,-21.05],[55.3,-20.91],[55.41,-20.86],[55.58,-20.87],[55.7,-20.95],[55.79,-21.1]]],[[[56.87,-7.13],[56.8,-7.19],[56.88,-7.45],[57.03,-7.46],[57.01,-7.33],[56.87,-7.13]]],[[[56.34,-7.15],[56.3,-7.04],[56.15,-7.08],[56.2,-7.25],[56.34,-7.15]]],[[[40.01,-6.98],[39.97,-6.83],[39.79,-6.83],[39.9,-6.98],[40.01,-6.98]]],[[[55.96,-3.75],[55.71,-3.64],[55.6,-3.71],[55.4,-3.71],[55.21,-3.67],[55.04,-3.69],[54.58,-3.88],[54.02,-4.47],[53.99,-4.72],[54.73,-4.89],[54.99,-5.06],[55.21,-5.05],[55.33,-5.11],[55.46,-5.31],[55.85,-5.32],[56.16,-5.42],[56.28,-5.66],[56.25,-5.79],[56.23,-6.21],[56.14,-6.36],[56.19,-6.48],[56.38,-6.43],[56.44,-6.32],[56.43,-5.94],[56.54,-5.82],[56.78,-5.8],[57.01,-5.61],[57.17,-5.29],[57.09,-5.12],[56.95,-5.09],[56.8,-4.96],[56.42,-4.54],[56.3,-4.23],[56.18,-4.09],[56.13,-3.87],[55.96,-3.75]]],[[[53.24,-6.12],[53.23,-5.99],[53.4,-5.68],[53.4,-5.44],[53.34,-5.23],[53.42,-4.93],[53.29,-4.86],[53.21,-5.32],[53.11,-5.54],[53.07,-5.78],[52.81,-6.05],[53,-6.31],[53.24,-6.12]]],[[[39.92,-4.84],[39.7,-4.7],[39.66,-4.79],[39.64,-5.04],[39.53,-5.18],[39.54,-5.46],[39.72,-5.52],[39.83,-5.48],[39.9,-5.22],[39.92,-4.84]],[[39.64,-5.41],[39.74,-5.16],[39.68,-4.95],[39.81,-4.96],[39.86,-5.23],[39.8,-5.41],[39.64,-5.41]]],[[[53.63,-5.74],[53.75,-5.57],[53.6,-5.56],[53.63,-5.74]]],[[[-37.74,-20.84],[-37.57,-20.72],[-37.26,-20.57],[-37.39,-20.49],[-37.66,-20.63],[-37.94,-20.61],[-38.08,-20.69],[-37.85,-20.83],[-37.74,-20.84]]],[[[-36.25,-20.44],[-35.94,-20.51],[-35.96,-20.39],[-36.25,-20.44]]],[[[-34.84,-20.5],[-34.93,-20.57],[-34.92,-20.7],[-34.81,-20.81],[-34.62,-20.8],[-34.57,-20.7],[-34.71,-20.46],[-34.84,-20.5]]],[[[-38.04,-19.91],[-37.88,-19.82],[-37.96,-19.52],[-38.2,-19.53],[-38.46,-19.75],[-38.33,-19.87],[-38.36,-20.11],[-38.08,-20.08],[-38.04,-19.91]]],[[[-35.94,-17.79],[-36.03,-17.8],[-36.17,-17.94],[-36.09,-18.03],[-35.92,-17.88],[-35.94,-17.79]]],[[[-36.78,-17.04],[-37.03,-17.15],[-36.88,-17.23],[-36.78,-17.04]]],[[[-5.64,-15.89],[-5.82,-15.97],[-5.71,-16.08],[-5.64,-15.89]]],[[[-5.96,-12.75],[-6.19,-12.85],[-6.17,-12.98],[-5.99,-12.99],[-5.96,-12.75]]],[[[-90,-0.92],[-89.89,-0.8],[-90,-0.68],[-90.35,-0.21],[-90.57,-0.09],[-90.79,-0.05],[-90.87,-0.09],[-90.96,-0.3],[-91.07,-0.25],[-91.18,0],[-91.33,0.18],[-91.52,0.12],[-91.64,0],[-91.44,-0.11],[-91.45,-0.23],[-91.67,-0.26],[-91.7,-0.31],[-91.63,-0.47],[-91.52,-0.52],[-91.34,-0.51],[-91.41,-0.71],[-91.53,-0.89],[-91.44,-1.03],[-91.15,-1.1],[-90.92,-1.1],[-90.7,-0.89],[-90.54,-1.03],[-90.37,-1.05],[-90.26,-1.17],[-90.12,-1.08],[-90.21,-0.9],[-90,-0.92]],[[-90.81,-0.73],[-90.93,-0.97],[-91.16,-1.03],[-91.4,-1.02],[-91.5,-0.9],[-91.44,-0.78],[-91.09,-0.57],[-91.24,-0.39],[-91.35,-0.31],[-91.42,-0.03],[-91.38,0.15],[-91.21,-0.01],[-91.18,-0.21],[-90.96,-0.44],[-90.96,-0.61],[-90.81,-0.73]],[[-90.19,-0.54],[-90.2,-0.68],[-90.34,-0.78],[-90.54,-0.68],[-90.49,-0.53],[-90.25,-0.49],[-90.19,-0.54]],[[-91.4,-0.45],[-91.51,-0.49],[-91.64,-0.4],[-91.67,-0.28],[-91.47,-0.25],[-91.4,-0.45]],[[-90.57,-0.28],[-90.74,-0.35],[-90.85,-0.28],[-90.81,-0.15],[-90.63,-0.2],[-90.57,-0.28]]],[[[-171.81,-2.8],[-171.82,-2.89],[-171.53,-2.95],[-171.51,-2.87],[-171.74,-2.68],[-171.81,-2.8]]],[[[-171.09,-3.23],[-170.95,-3.13],[-171.06,-3.04],[-171.22,-3.07],[-171.09,-3.23]]],[[[-171.31,-4.39],[-171.35,-4.5],[-171.15,-4.52],[-171.14,-4.38],[-171.31,-4.39]]],[[[-172.09,-4.4],[-172.31,-4.43],[-172.23,-4.61],[-172.12,-4.61],[-172.03,-4.49],[-172.09,-4.4]]],[[[-140.05,-8.74],[-140.22,-8.75],[-140.29,-8.81],[-140.25,-8.97],[-139.99,-8.92],[-140.05,-8.74]],[[-140.05,-8.82],[-140.1,-8.92],[-140.23,-8.93],[-140.22,-8.78],[-140.05,-8.82]]],[[[-157.88,-8.99],[-158.02,-8.92],[-158.09,-9.02],[-157.94,-9.17],[-157.88,-8.99]]],[[[-171.25,-9.49],[-171.16,-9.36],[-171.24,-9.29],[-171.34,-9.4],[-171.25,-9.49]]],[[[-140.14,-9.48],[-140.03,-9.52],[-140,-9.33],[-140.12,-9.3],[-140.14,-9.48]]],[[[-139.18,-9.83],[-139.17,-10],[-139.06,-10.03],[-138.96,-9.86],[-138.79,-9.72],[-139.07,-9.68],[-139.18,-9.83]]],[[[-177.44,-12.18],[-177.6,-12.24],[-177.58,-12.54],[-177.47,-12.42],[-177.38,-12.23],[-177.44,-12.18]]],[[[-176.29,-13.23],[-176.3,-13.35],[-176.2,-13.42],[-176.05,-13.29],[-176.14,-13.14],[-176.29,-13.23]]],[[[-163.15,-13.36],[-163.02,-13.33],[-163.12,-13.16],[-163.21,-13.24],[-163.15,-13.36]]],[[[-172.43,-13.41],[-172.81,-13.48],[-172.8,-13.56],[-172.52,-13.84],[-172.3,-13.85],[-172.17,-14.04],[-171.84,-14.03],[-171.76,-14.08],[-171.47,-14.08],[-171.39,-13.91],[-171.69,-13.72],[-172.01,-13.71],[-172.12,-13.66],[-172.33,-13.4],[-172.43,-13.41]],[[-171.56,-13.95],[-171.74,-14.05],[-171.94,-13.99],[-172.04,-13.85],[-171.88,-13.81],[-171.57,-13.9],[-171.56,-13.95]],[[-172.2,-13.59],[-172.18,-13.7],[-172.3,-13.77],[-172.52,-13.81],[-172.75,-13.58],[-172.53,-13.48],[-172.37,-13.46],[-172.2,-13.59]]],[[[-145.91,-14.29],[-146.18,-14.44],[-146.39,-14.4],[-146.45,-14.48],[-146.34,-14.59],[-146.12,-14.47],[-145.91,-14.51],[-145.81,-14.39],[-145.91,-14.29]]],[[[-145.12,-14.51],[-145.29,-14.6],[-145.2,-14.74],[-145.06,-14.56],[-144.82,-14.43],[-144.87,-14.34],[-145.08,-14.42],[-145.12,-14.51]]],[[[-147.81,-14.86],[-147.95,-15],[-147.98,-15.1],[-147.87,-15.24],[-147.58,-15.29],[-147.46,-15.36],[-147.18,-15.29],[-147.61,-14.92],[-147.81,-14.86]]],[[[-146.84,-15.17],[-146.91,-15.33],[-146.81,-15.45],[-146.68,-15.46],[-146.54,-15.33],[-146.61,-15.19],[-146.84,-15.17]]],[[[-146.48,-15.46],[-146.44,-15.63],[-146.21,-15.59],[-146.13,-15.34],[-146.35,-15.26],[-146.45,-15.29],[-146.48,-15.46]]],[[[-145.6,-15.64],[-145.49,-15.67],[-145.4,-15.44],[-145.56,-15.41],[-145.6,-15.64]]],[[[-142.33,-15.88],[-142.53,-16.02],[-142.58,-16.18],[-142.38,-16.19],[-142.28,-15.94],[-142.33,-15.88]]],[[[-143.18,-16.24],[-143.23,-16.4],[-143.09,-16.46],[-143.03,-16.32],[-143.18,-16.24]]],[[[-143.86,-16.41],[-144.03,-16.46],[-144.14,-16.62],[-144.23,-16.41],[-144.43,-16.29],[-144.48,-16.44],[-144.29,-16.68],[-144.09,-16.8],[-143.93,-16.66],[-143.84,-16.65],[-143.52,-16.79],[-143.36,-16.7],[-143.4,-16.58],[-143.57,-16.59],[-143.75,-16.51],[-143.86,-16.41]]],[[[-143.09,-16.93],[-143.23,-16.87],[-143.38,-16.96],[-143.25,-17.13],[-143.02,-17.21],[-143.09,-16.93]]],[[[-178.67,-17.24],[-178.6,-17.14],[-178.8,-16.87],[-178.94,-16.96],[-179.05,-16.92],[-179.32,-17.11],[-179.18,-17.33],[-178.85,-17.43],[-178.67,-17.24]]],[[[-142.71,-17.51],[-142.65,-17.66],[-142.52,-17.63],[-142.58,-17.49],[-142.71,-17.51]]],[[[-140.69,-17.65],[-140.89,-17.83],[-140.84,-17.92],[-140.59,-17.77],[-140.69,-17.65]]],[[[-178.21,-17.93],[-178.34,-17.86],[-178.64,-18.12],[-178.81,-18.13],[-178.88,-18.23],[-178.58,-18.4],[-178.5,-18.56],[-178.59,-18.61],[-178.72,-18.89],[-178.65,-19],[-178.67,-19.17],[-178.36,-19.27],[-178.26,-18.94],[-178.29,-18.69],[-178.24,-18.6],[-178.39,-18.47],[-178.22,-18.37],[-178.23,-18.19],[-178.34,-18.07],[-178.21,-17.93]]],[[[-142.22,-17.94],[-142.44,-18.05],[-142.23,-18.27],[-142.08,-18.24],[-142.22,-17.94]]],[[[-140.97,-18.02],[-141.11,-18.11],[-140.89,-18.4],[-140.67,-18.45],[-140.66,-18.35],[-140.8,-18.15],[-140.97,-18.02]]],[[[-173.95,-18.54],[-174.19,-18.71],[-174.28,-18.98],[-174.24,-19.12],[-174.35,-19.25],[-174.19,-19.39],[-174.1,-19.35],[-174,-19.16],[-174.02,-19],[-173.89,-18.59],[-173.95,-18.54]]],[[[-169.78,-18.99],[-169.9,-18.94],[-169.98,-19.09],[-169.9,-19.17],[-169.78,-18.99]]],[[[-149.56,-17.83],[-149.22,-17.91],[-149.1,-17.83],[-149.14,-17.74],[-149.23,-17.7],[-149.28,-17.54],[-149.42,-17.45],[-149.62,-17.5],[-149.69,-17.6],[-149.56,-17.83]],[[-149.18,-17.73],[-149.28,-17.84],[-149.34,-17.72],[-149.59,-17.73],[-149.6,-17.53],[-149.35,-17.54],[-149.3,-17.71],[-149.18,-17.73]]],[[[-178.56,-17.73],[-178.88,-17.6],[-178.87,-17.75],[-178.67,-17.83],[-178.56,-17.73]]],[[[-149.93,-17.56],[-149.82,-17.62],[-149.79,-17.44],[-149.95,-17.45],[-149.93,-17.56]]],[[[-145.59,-17.42],[-145.39,-17.53],[-145.34,-17.42],[-145.56,-17.27],[-145.59,-17.42]]],[[[-151.55,-16.85],[-151.41,-16.96],[-151.31,-16.81],[-151.48,-16.51],[-151.61,-16.67],[-151.55,-16.85]]],[[[-145.83,-16.23],[-145.65,-16.46],[-145.47,-16.56],[-145.32,-16.42],[-145.5,-16.21],[-145.58,-16.02],[-145.68,-16],[-145.84,-16.08],[-145.83,-16.23]]],[[[-145.85,-16],[-145.88,-15.84],[-146.12,-15.74],[-146.24,-15.89],[-146.01,-16.06],[-145.85,-16]]],[[[-146.91,-15.74],[-146.85,-15.81],[-146.62,-15.88],[-146.43,-15.85],[-146.52,-15.7],[-146.76,-15.59],[-146.9,-15.61],[-146.91,-15.74]]],[[[-145.23,-15.74],[-145.32,-15.85],[-145.13,-16.01],[-145.01,-15.91],[-145.08,-15.75],[-145.23,-15.74]]],[[[-144.9,-16.32],[-144.74,-16.23],[-144.75,-16.12],[-144.95,-16.03],[-145.06,-16.19],[-144.9,-16.32]]],[[[-145.3,-16.82],[-145.11,-16.82],[-145.12,-16.69],[-145.36,-16.66],[-145.3,-16.82]]],[[[-144.86,-16.75],[-145,-16.87],[-144.69,-17.03],[-144.59,-17.02],[-144.54,-16.86],[-144.74,-16.74],[-144.86,-16.75]]],[[[-144.43,-17.03],[-144.44,-17.15],[-144.31,-17.19],[-144.25,-17.05],[-144.43,-17.03]]],[[[-148.17,-15.14],[-147.99,-15.01],[-148.01,-14.89],[-148.2,-14.86],[-148.32,-14.97],[-148.27,-15.15],[-148.17,-15.14]]],[[[-177.94,-14.33],[-178.17,-14.2],[-178.24,-14.3],[-178.06,-14.39],[-177.94,-14.33]]],[[[-170.58,-14.19],[-170.87,-14.27],[-170.87,-14.39],[-170.73,-14.4],[-170.53,-14.29],[-170.58,-14.19]]],[[[-174.32,-19.59],[-174.51,-19.74],[-174.62,-19.72],[-174.69,-19.87],[-174.83,-19.91],[-174.84,-20.04],[-174.77,-20.2],[-174.96,-20.24],[-175.1,-20.52],[-175.1,-20.66],[-175.2,-20.93],[-175.35,-21.04],[-175.34,-21.2],[-175.06,-21.32],[-174.96,-21.04],[-174.95,-20.78],[-175.02,-20.65],[-174.69,-20.71],[-174.56,-20.61],[-174.48,-20.3],[-174.44,-19.98],[-174.25,-19.76],[-174.32,-19.59]]],[[[-136.65,-21.26],[-136.72,-21.37],[-136.39,-21.54],[-136.32,-21.44],[-136.41,-21.31],[-136.65,-21.26]]],[[[-135.69,-21.49],[-135.56,-21.61],[-135.47,-21.45],[-135.69,-21.49]]],[[[-138.91,-21.76],[-139.07,-21.9],[-138.82,-21.91],[-138.91,-21.76]]],[[[-178.65,-20.58],[-178.88,-20.71],[-178.84,-20.78],[-178.63,-20.71],[-178.65,-20.58]]],[[[-134.99,-22.99],[-135.13,-23.15],[-134.97,-23.32],[-134.82,-23.21],[-134.81,-23.1],[-134.99,-22.99]]],[[[-178.96,-24.16],[-178.86,-23.95],[-179.01,-23.89],[-178.98,-23.77],[-178.84,-23.75],[-178.85,-23.62],[-179,-23.64],[-179.18,-23.98],[-178.99,-24.01],[-178.96,-24.16]]],[[[-90.41,-1.38],[-90.27,-1.32],[-90.42,-1.19],[-90.55,-1.23],[-90.55,-1.34],[-90.41,-1.38]]],[[[-109.23,-27.06],[-109.39,-27.03],[-109.44,-27.23],[-109.21,-27.14],[-109.23,-27.06]]],[[[-89.28,-0.65],[-89.56,-0.76],[-89.71,-0.94],[-89.66,-1.01],[-89.38,-0.96],[-89.22,-0.72],[-89.28,-0.65]],[[-89.31,-0.69],[-89.43,-0.93],[-89.63,-0.92],[-89.41,-0.71],[-89.31,-0.69]]],[[[-79.03,-33.77],[-78.74,-33.71],[-78.88,-33.55],[-79.06,-33.67],[-79.03,-33.77]]],[[[180,-16.09],[179.88,-16.12],[179.59,-16.09],[179.27,-16.21],[179.08,-16.14],[178.93,-16.27],[178.53,-16.25],[178.39,-16.29],[178.21,-16.46],[177.64,-16.56],[177.44,-16.62],[177.22,-16.8],[177.22,-16.9],[177.03,-16.98],[176.86,-17.11],[176.91,-17.34],[176.89,-17.47],[177.03,-17.75],[177.17,-17.9],[177.27,-18.14],[177.46,-18.22],[177.92,-18.32],[178.01,-18.54],[178.23,-18.42],[178.2,-18.29],[178.4,-18.19],[178.53,-18.23],[178.73,-18.15],[178.94,-17.67],[179.07,-17.73],[179.13,-17.61],[179,-17.42],[178.83,-17.29],[178.87,-17.12],[179,-17.08],[179.16,-16.9],[179.78,-16.82],[179.9,-16.89],[180,-16.99],[180,-16.96],[180,-16.79],[180,-16.7],[180,-16.54],[180,-16.49],[180,-16.41],[180,-16.21],[180,-16.2],[180,-16.17],[179.85,-16.29],[179.74,-16.46],[179.6,-16.54],[179.49,-16.71],[179.55,-16.77],[179.85,-16.51],[179.9,-16.72],[179.6,-16.79],[179.3,-16.81],[179.27,-16.69],[179.04,-16.82],[178.88,-16.86],[178.71,-17],[178.6,-16.78],[178.68,-16.67],[178.92,-16.47],[179.24,-16.4],[179.76,-16.18],[179.86,-16.23],[180,-16.15],[180,-16.09]],[[178.21,-17.31],[178.3,-17.43],[178.6,-17.65],[178.59,-17.93],[178.68,-18.07],[178.47,-18.14],[178.28,-18.15],[178.17,-18.25],[177.83,-18.23],[177.34,-18.11],[177.25,-17.95],[177.28,-17.85],[177.44,-17.74],[177.39,-17.64],[177.62,-17.45],[177.83,-17.37],[177.93,-17.41],[178.21,-17.31]],[[177.66,-16.7],[177.7,-16.78],[177.89,-16.84],[178.37,-16.88],[178.54,-17.03],[178.5,-17.22],[178.22,-17.2],[178.01,-17.08],[177.9,-17.1],[177.62,-17.07],[177.68,-16.84],[177.66,-16.7]],[[178.93,-17.53],[178.69,-17.54],[178.65,-17.35],[178.93,-17.53]]],[[[180,-18.48],[179.79,-18.59],[179.89,-18.72],[180,-18.71],[180,-18.7],[180,-18.48]]],[[[125.43,2.1],[125.41,2.16],[125.31,2.11],[125.37,2.05],[125.43,2.1]]],[[[131.05,0.32],[131.26,0.46],[131.24,0.62],[131.06,0.63],[130.99,0.48],[131.05,0.32]]],[[[129.2,0.75],[128.98,0.87],[128.84,0.72],[128.89,0.61],[129.2,0.53],[129.2,0.75]]],[[[151.69,-8.98],[151.87,-8.89],[151.98,-9.07],[152.06,-9.01],[152.01,-8.79],[151.67,-8.73],[151.69,-8.98]]],[[[157.28,-8.73],[157.62,-8.85],[157.68,-8.77],[157.57,-8.66],[157.45,-8.65],[157.42,-8.34],[157.49,-8.35],[157.61,-8.51],[157.77,-8.64],[157.78,-8.78],[158.03,-8.79],[158.2,-8.87],[158.31,-8.81],[158.19,-8.49],[157.94,-8.39],[157.81,-8.21],[157.69,-8.13],[157.63,-7.99],[157.5,-7.93],[157.29,-8.11],[157.24,-7.91],[157.15,-7.81],[157,-7.81],[156.83,-8.01],[156.78,-7.86],[156.84,-7.74],[156.74,-7.59],[156.62,-7.52],[156.49,-7.56],[156.42,-7.72],[156.46,-7.96],[156.55,-8.2],[156.73,-8.08],[156.92,-8.18],[157.13,-8.36],[157.25,-8.43],[157.17,-8.57],[157.28,-8.73]],[[157.35,-8.41],[157.41,-8.5],[157.28,-8.62],[157.2,-8.57],[157.35,-8.41]],[[157.79,-8.57],[157.58,-8.44],[157.48,-8.26],[157.23,-8.32],[157.38,-8.03],[157.5,-7.96],[157.61,-8.07],[157.61,-8.17],[157.75,-8.23],[157.9,-8.5],[157.79,-8.57]],[[156.7,-7.94],[156.52,-7.72],[156.61,-7.57],[156.81,-7.72],[156.7,-7.94]],[[156.96,-7.93],[157.09,-7.85],[157.19,-7.95],[157.18,-8.11],[157.05,-8.13],[156.96,-7.93]],[[158.1,-8.52],[158.11,-8.69],[158.01,-8.77],[157.88,-8.68],[157.96,-8.52],[158.1,-8.52]]],[[[157.66,-7.58],[157.85,-7.58],[158.02,-7.65],[158.36,-7.67],[158.47,-7.71],[158.83,-8],[159.03,-8.11],[159.17,-8.25],[159.48,-8.42],[159.51,-8.54],[159.7,-8.71],[159.75,-8.8],[159.94,-8.95],[160.17,-9.22],[160.18,-9.34],[159.98,-9.4],[159.76,-9.23],[159.59,-9.23],[159.52,-9.44],[159.7,-9.73],[159.82,-9.82],[159.98,-9.85],[160.31,-9.84],[160.44,-9.94],[160.61,-9.97],[160.99,-9.86],[160.97,-9.79],[160.7,-9.65],[160.65,-9.49],[160.52,-9.46],[160.4,-9.32],[160.52,-9.23],[160.41,-9.03],[160.22,-8.93],[160.08,-8.72],[160.04,-8.51],[159.96,-8.4],[160.02,-8.31],[160.35,-8.32],[160.4,-8.25],[160.06,-8.13],[159.89,-7.96],[159.7,-7.91],[159.5,-7.94],[159,-7.73],[158.76,-7.48],[158.44,-7.44],[158.33,-7.34],[158.14,-7.27],[157.76,-7.24],[157.33,-7.15],[157.26,-7],[157.09,-6.86],[156.85,-6.76],[156.68,-6.59],[156.52,-6.54],[156.32,-6.71],[156.09,-6.53],[156.03,-6.4],[155.73,-6.12],[155.6,-6.09],[155.43,-5.92],[155.22,-5.78],[155.07,-5.52],[154.85,-5.46],[154.78,-5.39],[154.72,-5.07],[154.61,-4.99],[154.5,-5.11],[154.59,-5.59],[154.57,-5.72],[154.65,-5.91],[154.52,-6.04],[154.61,-6.19],[154.78,-6.32],[154.81,-6.55],[155.15,-6.87],[155.31,-6.79],[155.37,-6.95],[155.6,-7.04],[155.69,-7.14],[155.89,-7.14],[156.42,-6.91],[156.53,-7.07],[156.7,-7.11],[156.96,-7.33],[157.41,-7.45],[157.66,-7.58]],[[154.54,-5.1],[154.68,-5.05],[154.73,-5.24],[154.63,-5.46],[154.54,-5.1]],[[154.7,-5.43],[154.9,-5.55],[155.07,-5.55],[155.19,-5.77],[155.4,-6.01],[155.45,-6.14],[155.71,-6.28],[155.92,-6.52],[155.97,-6.73],[155.72,-6.87],[155.52,-6.84],[155.36,-6.75],[155.19,-6.55],[155.23,-6.36],[154.98,-6.19],[154.76,-5.95],[154.7,-5.77],[154.77,-5.56],[154.7,-5.43]],[[156.48,-6.75],[156.55,-6.61],[156.78,-6.78],[157.04,-6.9],[157.15,-7.12],[157.44,-7.41],[156.93,-7.21],[156.69,-6.9],[156.48,-6.75]],[[158.45,-7.56],[158.65,-7.56],[158.99,-7.8],[159.09,-7.9],[159.4,-7.98],[159.43,-8.03],[159.84,-8.33],[159.8,-8.39],[159.35,-8.26],[158.85,-7.97],[158.58,-7.67],[158.45,-7.56]],[[160.81,-9.81],[160.64,-9.94],[160.43,-9.89],[160.32,-9.82],[159.84,-9.79],[159.72,-9.71],[159.6,-9.51],[159.62,-9.3],[159.71,-9.25],[159.94,-9.43],[160.37,-9.41],[160.65,-9.61],[160.81,-9.81]]],[[[150.34,-6.33],[150.81,-6.15],[150.84,-6.09],[151.16,-6.02],[151.62,-5.64],[151.81,-5.63],[152.12,-5.48],[152.17,-5.33],[152.02,-5.15],[152.06,-5.07],[152.31,-4.96],[152.44,-4.69],[152.39,-4.48],[152.53,-4.18],[152.38,-4.24],[152.08,-4.06],[151.78,-4.13],[151.53,-4.05],[151.42,-4.12],[151.49,-4.43],[151.59,-4.58],[151.58,-4.73],[151.16,-4.87],[151.04,-4.81],[150.92,-4.89],[151.11,-5.02],[151,-5.22],[150.88,-5.33],[150.61,-5.39],[150.51,-5.18],[150.24,-5.03],[150.04,-4.97],[149.97,-5.19],[149.75,-5.37],[149.56,-5.33],[149.44,-5.41],[149.22,-5.47],[149.05,-5.39],[148.86,-5.48],[148.61,-5.39],[148.4,-5.39],[148.3,-5.56],[148.16,-5.61],[148.01,-5.49],[147.73,-5.42],[147.65,-5.59],[147.68,-5.71],[147.8,-5.76],[147.87,-5.91],[148.06,-5.92],[148.35,-6.1],[148.58,-6.2],[149.1,-6.18],[149.39,-6.11],[149.62,-6.33],[150.03,-6.35],[150.34,-6.33]],[[152.41,-4.33],[152.37,-4.47],[152.41,-4.68],[152.29,-4.94],[152.14,-5],[151.99,-4.97],[151.99,-5.16],[152.12,-5.29],[152.1,-5.46],[151.79,-5.58],[151.74,-5.53],[151.48,-5.53],[151.47,-5.68],[151.36,-5.83],[151.21,-5.94],[150.59,-6.18],[150.47,-6.27],[150.27,-6.3],[150.05,-6.26],[149.91,-6.29],[149.63,-6.3],[149.46,-6.1],[149.3,-6.06],[149.14,-6.14],[149.01,-6.03],[148.85,-5.98],[148.77,-5.87],[148.39,-5.78],[148.32,-5.65],[148.43,-5.44],[148.56,-5.54],[148.65,-5.48],[148.83,-5.53],[148.98,-5.47],[149.2,-5.57],[149.39,-5.59],[149.61,-5.51],[149.72,-5.57],[149.87,-5.53],[150.06,-5.34],[150.14,-5.53],[150.31,-5.56],[150.42,-5.46],[150.72,-5.53],[150.88,-5.49],[151.02,-5.39],[151.08,-5.16],[151.25,-4.99],[151.39,-4.91],[151.61,-4.97],[151.7,-4.82],[151.61,-4.45],[151.51,-4.23],[151.54,-4.18],[151.82,-4.21],[151.96,-4.33],[152.14,-4.2],[152.18,-4.3],[152.41,-4.33]],[[147.99,-5.86],[147.77,-5.61],[147.78,-5.5],[148.05,-5.61],[148.07,-5.75],[147.99,-5.86]]],[[[147.19,-5.49],[147.29,-5.37],[147.15,-5.17],[147.01,-5.21],[146.98,-5.34],[147.19,-5.49]],[[147.16,-5.44],[147.01,-5.33],[147.13,-5.19],[147.24,-5.36],[147.16,-5.44]]],[[[146.06,-4.73],[146.11,-4.64],[146.03,-4.5],[145.87,-4.6],[145.91,-4.78],[146.06,-4.73]]],[[[149.02,-4.59],[149.21,-4.61],[149.29,-4.69],[149.55,-4.75],[149.59,-4.66],[149.17,-4.52],[149.02,-4.59]]],[[[152.58,-4.04],[152.66,-4.18],[152.64,-4.47],[152.74,-4.72],[152.93,-4.86],[153.1,-4.62],[153.08,-4.5],[153.17,-4.27],[153.03,-4.03],[152.84,-3.85],[152.65,-3.78],[152.58,-3.65],[152.4,-3.56],[152.33,-3.46],[152.08,-3.23],[151.82,-3.14],[151.71,-3.04],[151.42,-2.87],[151.32,-2.85],[150.83,-2.51],[150.66,-2.54],[150.52,-2.4],[150.29,-2.25],[150.17,-2.27],[149.93,-2.48],[150.16,-2.7],[150.52,-2.69],[150.7,-2.79],[150.93,-2.8],[151.09,-2.87],[151.46,-3.15],[151.6,-3.19],[151.79,-3.38],[151.93,-3.47],[152.26,-3.59],[152.37,-3.78],[152.58,-4.04]],[[150.16,-2.39],[150.45,-2.48],[150.45,-2.66],[150.19,-2.68],[149.99,-2.47],[150.16,-2.39]],[[150.89,-2.68],[151.17,-2.79],[151.22,-2.87],[151.44,-2.91],[151.83,-3.19],[152.05,-3.25],[152.22,-3.46],[152.49,-3.64],[152.58,-3.82],[152.96,-4],[153.14,-4.27],[153.05,-4.45],[153.08,-4.6],[152.98,-4.76],[152.87,-4.79],[152.73,-4.65],[152.67,-4.45],[152.69,-4.16],[152.52,-3.85],[152.29,-3.57],[152.17,-3.49],[151.98,-3.46],[151.81,-3.36],[151.61,-3.17],[151.09,-2.83],[150.89,-2.68]]],[[[150.75,-3.05],[151.01,-3.03],[150.89,-2.87],[150.7,-2.97],[150.75,-3.05]]],[[[147.35,-2.55],[147.57,-2.39],[147.57,-2.31],[147.31,-2.35],[147.25,-2.48],[147.09,-2.37],[147.02,-2.47],[147.35,-2.55]]],[[[146.87,-2.41],[146.97,-2.28],[147.29,-2.26],[147.34,-2.1],[147.46,-1.97],[147.23,-1.9],[146.86,-1.85],[146.77,-1.89],[146.61,-1.84],[146.42,-2.03],[146.29,-2.03],[146.14,-2.2],[146.26,-2.38],[146.49,-2.4],[146.54,-2.29],[146.78,-2.27],[146.87,-2.41]],[[146.82,-1.96],[147.11,-1.96],[147.33,-2.03],[147.22,-2.18],[146.95,-2.19],[146.65,-2.17],[146.58,-2.02],[146.82,-1.96]]],[[[144.22,-1.86],[144.27,-1.74],[144.01,-1.67],[144.1,-1.87],[144.22,-1.86]]],[[[145.03,-1.64],[145.19,-1.56],[145.12,-1.4],[144.97,-1.48],[145.03,-1.64]]],[[[144.14,-1.46],[144.34,-1.39],[144.58,-1.08],[144.37,-1.04],[144.15,-1.25],[144.14,-1.46]]],[[[174.64,-1.18],[174.84,-1.52],[175.04,-1.58],[175.08,-1.42],[174.89,-1.34],[174.76,-1.13],[174.64,-1.18]]],[[[149.85,-1.59],[149.78,-1.43],[149.66,-1.32],[149.55,-1.31],[149.5,-1.41],[149.59,-1.71],[149.8,-1.65],[150.01,-1.73],[149.99,-1.59],[149.85,-1.59]],[[149.75,-1.51],[149.67,-1.58],[149.54,-1.46],[149.57,-1.36],[149.72,-1.43],[149.75,-1.51]]],[[[153.33,-1.63],[153.12,-1.74],[153.13,-1.84],[153.31,-1.95],[153.33,-2.09],[153.55,-2.09],[153.7,-2.02],[153.74,-1.88],[153.59,-1.62],[153.33,-1.63]]],[[[147.79,-2.01],[147.59,-2.01],[147.56,-2.09],[147.72,-2.29],[147.73,-2.42],[147.93,-2.34],[147.79,-2.01]]],[[[151.9,-2.57],[151.87,-2.75],[151.99,-3],[152.12,-2.98],[152.05,-2.78],[152.07,-2.63],[151.9,-2.57]]],[[[152.54,-3.03],[152.58,-3.23],[152.68,-3.22],[152.72,-2.97],[152.54,-3.03]]],[[[153.72,-3.95],[153.55,-4.06],[153.67,-4.15],[153.79,-4.03],[153.72,-3.95]]],[[[154.14,-4.34],[154.08,-4.42],[154.17,-4.61],[154.29,-4.53],[154.14,-4.34]]],[[[159.45,-4.44],[159.3,-4.5],[159.3,-4.61],[159.41,-4.69],[159.57,-4.59],[159.45,-4.44]]],[[[157.11,-4.7],[156.93,-4.66],[157.01,-4.86],[157.12,-4.84],[157.11,-4.7]]],[[[155.5,-4.68],[155.37,-4.59],[155.25,-4.68],[155.29,-4.82],[155.41,-4.88],[155.53,-4.82],[155.5,-4.68]]],[[[159.15,-5.39],[159.24,-5.49],[159.44,-5.49],[159.65,-5.59],[159.77,-5.44],[159.52,-5.27],[159.35,-4.98],[159.23,-5.08],[159.15,-5.39]]],[[[178.29,-7.93],[178.25,-8.04],[178.43,-8.08],[178.41,-7.89],[178.29,-7.93]]],[[[160.76,-8.27],[160.54,-8.37],[160.68,-8.55],[160.63,-8.61],[160.73,-8.96],[160.84,-9.17],[161.21,-9.47],[161.25,-9.57],[161.43,-9.76],[161.58,-9.8],[161.57,-9.47],[161.43,-9.3],[161.38,-9.13],[161.06,-8.75],[161.02,-8.59],[160.85,-8.27],[160.76,-8.27]],[[160.7,-8.32],[160.75,-8.31],[161,-8.6],[160.95,-8.81],[161.15,-8.95],[161.33,-9.44],[161.24,-9.45],[160.87,-9.15],[160.76,-8.95],[160.65,-8.6],[160.72,-8.55],[160.59,-8.38],[160.7,-8.32]],[[161.38,-9.4],[161.55,-9.6],[161.39,-9.65],[161.38,-9.4]]],[[[179.1,-8.4],[179.02,-8.51],[179.11,-8.71],[179.25,-8.57],[179.19,-8.39],[179.1,-8.4]]],[[[152.08,-9.53],[152.12,-9.4],[151.97,-9.25],[151.85,-9.28],[151.84,-9.48],[152.08,-9.53]]],[[[152.62,-9.52],[152.74,-9.35],[152.92,-9.38],[153.05,-9.3],[153.27,-9.29],[153.57,-9.34],[153.6,-9.16],[153.37,-9.19],[153.13,-9.14],[152.81,-8.92],[152.46,-8.89],[152.36,-9.06],[152.41,-9.25],[152.62,-9.52]],[[152.72,-9.23],[152.6,-8.99],[152.79,-9],[152.95,-9.09],[152.89,-9.25],[152.72,-9.23]]],[[[159.05,-9.01],[158.97,-9.16],[159.1,-9.21],[159.32,-9.15],[159.34,-9.06],[159.17,-8.93],[159.05,-9.01]]],[[[167.51,-10.13],[167.47,-10.19],[167.61,-10.4],[167.68,-10.37],[167.51,-10.13]]],[[[179.63,-10.39],[179.41,-10.46],[179.57,-10.67],[179.49,-10.76],[179.72,-10.86],[179.79,-10.79],[179.64,-10.6],[179.75,-10.47],[179.63,-10.39]]],[[[166.14,-10.79],[166.12,-10.61],[165.71,-10.65],[165.67,-10.8],[165.78,-10.91],[166.07,-10.88],[166.14,-10.79]],[[166.03,-10.65],[165.86,-10.87],[165.76,-10.81],[165.88,-10.66],[166.03,-10.65]]],[[[162.4,-10.76],[162.26,-10.63],[162.11,-10.42],[161.88,-10.41],[161.79,-10.24],[161.67,-10.12],[161.63,-10.29],[161.41,-10.18],[161.26,-10.21],[161.25,-10.32],[161.4,-10.54],[161.6,-10.75],[161.72,-10.75],[162.01,-10.87],[162.14,-10.96],[162.27,-10.89],[162.5,-10.89],[162.4,-10.76]],[[161.32,-10.2],[161.5,-10.25],[161.84,-10.45],[162.11,-10.46],[162.28,-10.68],[162.27,-10.81],[162.1,-10.82],[161.79,-10.73],[161.52,-10.56],[161.51,-10.36],[161.28,-10.31],[161.32,-10.2]]],[[[155.91,-10.76],[155.87,-10.71],[155.64,-10.82],[155.78,-10.91],[155.91,-10.76]]],[[[166.14,-10.33],[166.35,-10.33],[166.38,-10.21],[166.2,-10.13],[166.05,-10.19],[166.14,-10.33]]],[[[166.49,-11.2],[166.45,-11.38],[166.63,-11.35],[166.6,-11.2],[166.49,-11.2]]],[[[175.62,-11.35],[175.41,-11.42],[175.27,-11.57],[175.37,-11.63],[175.55,-11.54],[175.81,-11.59],[175.92,-11.49],[175.77,-11.37],[175.62,-11.35]]],[[[160.53,-11.69],[160.3,-11.59],[160.05,-11.43],[159.98,-11.44],[159.94,-11.53],[160.04,-11.63],[160.49,-11.88],[160.67,-11.81],[160.53,-11.69]],[[160.02,-11.6],[160,-11.46],[160.29,-11.62],[160.39,-11.66],[160.56,-11.77],[160.48,-11.84],[160.23,-11.63],[160.02,-11.6]]],[[[174.14,-11.92],[174.11,-11.76],[173.92,-11.82],[174,-11.97],[174.14,-11.92]]],[[[172.3,-11.86],[172.2,-11.82],[172.08,-11.97],[172.28,-11.97],[172.3,-11.86]]],[[[144.51,-10.47],[144.58,-10.29],[144.73,-10.14],[144.75,-10],[144.67,-9.94],[144.43,-10.06],[144.32,-10.41],[144.51,-10.47]]],[[[145.63,-10.22],[145.77,-10.16],[145.77,-10.04],[145.56,-9.95],[145.36,-10.03],[145.45,-10.15],[145.63,-10.22]]],[[[160,-12.32],[160.2,-12.48],[160.3,-12.74],[160.47,-12.86],[160.56,-13.03],[160.66,-12.9],[160.54,-12.74],[160.48,-12.55],[160.09,-12.22],[160,-12.32]]],[[[166.49,-13.04],[166.48,-13.15],[166.64,-13.48],[166.74,-13.38],[166.66,-13.15],[166.49,-13.04]]],[[[167.48,-13.58],[167.37,-13.75],[167.4,-13.91],[167.49,-13.97],[167.61,-13.88],[167.62,-13.65],[167.48,-13.58]]],[[[146.66,-13.81],[146.49,-13.91],[146.67,-14.03],[146.76,-13.97],[146.66,-13.81]]],[[[167.48,-14.13],[167.39,-14.17],[167.42,-14.38],[167.63,-14.35],[167.65,-14.16],[167.48,-14.13]]],[[[166.56,-15.03],[166.62,-15.26],[166.59,-15.39],[166.73,-15.65],[166.85,-15.69],[167.04,-15.67],[167.17,-15.83],[167.1,-16.04],[167.16,-16.17],[167.35,-16.26],[167.39,-16.52],[167.47,-16.63],[167.69,-16.58],[167.91,-16.67],[167.9,-16.5],[167.81,-16.3],[167.44,-16.03],[167.34,-15.85],[167.33,-15.59],[167.18,-15.15],[167.2,-14.93],[166.81,-14.89],[166.61,-14.6],[166.53,-14.63],[166.49,-14.84],[166.56,-15.03]],[[166.53,-14.78],[166.61,-14.63],[166.74,-14.83],[166.8,-15.15],[166.92,-15.16],[167.06,-15],[167.19,-15.31],[167.23,-15.52],[166.95,-15.58],[166.79,-15.66],[166.62,-15.39],[166.65,-15.26],[166.53,-14.78]],[[167.34,-15.91],[167.4,-16.09],[167.79,-16.36],[167.8,-16.49],[167.62,-16.49],[167.46,-16.57],[167.38,-16.37],[167.38,-16.2],[167.15,-16.08],[167.19,-15.89],[167.34,-15.91]]],[[[168.1,-14.89],[168.04,-14.97],[168.1,-15.18],[168.12,-15.42],[168.22,-15.36],[168.17,-14.95],[168.1,-14.89]]],[[[167.97,-15.42],[168.03,-15.27],[167.97,-15.25],[167.78,-15.3],[167.66,-15.41],[167.73,-15.51],[167.88,-15.5],[167.97,-15.42]],[[168,-15.28],[167.93,-15.42],[167.84,-15.48],[167.8,-15.32],[168,-15.28]]],[[[168.13,-15.46],[168.09,-15.66],[168.16,-16],[168.31,-15.98],[168.2,-15.45],[168.13,-15.46]]],[[[168.12,-16.07],[167.9,-16.28],[168.19,-16.45],[168.09,-16.7],[168.2,-16.85],[168.49,-16.89],[168.32,-16.62],[168.41,-16.52],[168.19,-16.06],[168.12,-16.07]],[[168.14,-16.09],[168.29,-16.34],[168.14,-16.36],[167.92,-16.26],[168.14,-16.09]],[[168.19,-16.58],[168.33,-16.79],[168.18,-16.81],[168.12,-16.71],[168.19,-16.58]]],[[[152.22,-17.09],[151.84,-17.11],[151.69,-17.25],[151.44,-17.38],[151.29,-17.69],[151.39,-17.76],[151.57,-17.61],[151.69,-17.63],[151.93,-17.42],[152.06,-17.42],[152.19,-17.32],[152.22,-17.09]]],[[[168.29,-17.44],[168.18,-17.54],[168.13,-17.74],[168.37,-17.85],[168.58,-17.85],[168.65,-17.75],[168.49,-17.43],[168.29,-17.44]],[[168.4,-17.82],[168.18,-17.66],[168.32,-17.53],[168.45,-17.55],[168.59,-17.7],[168.54,-17.8],[168.4,-17.82]]],[[[162.96,-17.89],[162.79,-18.14],[162.92,-18.3],[162.84,-18.43],[163.26,-18.65],[163.45,-18.35],[163.39,-18.2],[163.07,-18.25],[162.96,-17.89]]],[[[178.54,-18.58],[178.41,-18.86],[178.15,-18.95],[177.91,-19.11],[178.02,-19.22],[178.43,-19.1],[178.59,-18.96],[178.64,-18.8],[178.54,-18.58]]],[[[169.37,-19.31],[169.25,-19.3],[169.19,-19.52],[169.25,-19.61],[169.44,-19.69],[169.53,-19.52],[169.37,-19.31]],[[169.32,-19.59],[169.37,-19.47],[169.5,-19.53],[169.44,-19.66],[169.32,-19.59]]],[[[164.1,-19.78],[163.97,-19.61],[163.97,-19.46],[163.87,-19.35],[163.76,-19.08],[163.57,-18.85],[163.36,-18.84],[163.32,-19.03],[163.08,-19.08],[163.15,-19.4],[163.49,-19.87],[163.56,-19.9],[163.84,-20.24],[164.02,-20.57],[164.22,-20.71],[164.24,-20.8],[164.49,-21.04],[164.58,-21.03],[164.79,-21.34],[165.16,-21.59],[165.38,-21.67],[165.5,-21.78],[165.7,-21.88],[166.1,-22.21],[166.11,-22.27],[166.43,-22.53],[166.94,-23.03],[167.06,-23.06],[167.15,-22.94],[167.11,-22.73],[167.24,-22.69],[167.39,-22.81],[167.74,-22.89],[167.65,-22.59],[167.48,-22.46],[167.26,-22.43],[166.98,-21.95],[166.65,-21.78],[166.59,-21.69],[165.97,-21.26],[165.75,-21.13],[165.56,-20.9],[165.32,-20.76],[165.21,-20.57],[164.97,-20.58],[164.66,-20.32],[164.28,-19.91],[164.1,-19.78]],[[164.5,-20.3],[164.83,-20.58],[165.06,-20.73],[165.22,-20.76],[165.41,-20.95],[165.41,-21.06],[165.75,-21.3],[166.07,-21.47],[166.41,-21.71],[166.57,-21.87],[166.94,-22.08],[167.03,-22.23],[166.91,-22.39],[166.78,-22.39],[166.63,-22.28],[166.48,-22.29],[166.14,-22.05],[165.68,-21.76],[165.29,-21.58],[165.12,-21.4],[164.92,-21.29],[164.8,-21.08],[164.66,-20.95],[164.37,-20.76],[164.29,-20.58],[164.19,-20.53],[164.13,-20.3],[164.32,-20.23],[164.5,-20.3]]],[[[169.71,-20.19],[169.82,-20.35],[169.91,-20.31],[169.94,-20.14],[169.83,-20.09],[169.71,-20.19]]],[[[166.62,-20.36],[166.21,-20.47],[166.16,-20.57],[166.42,-20.77],[166.57,-20.72],[166.71,-20.49],[166.62,-20.36]]],[[[167.01,-20.75],[166.99,-20.92],[167.13,-21.1],[167.34,-21.2],[167.44,-21.18],[167.5,-21.04],[167.34,-20.88],[167.33,-20.7],[167.08,-20.67],[167.01,-20.75]],[[167.18,-20.69],[167.31,-20.73],[167.28,-20.9],[167.39,-20.94],[167.42,-21.15],[167.15,-21.07],[167.07,-21],[167.19,-20.79],[167.18,-20.69]]],[[[167.92,-21.34],[167.77,-21.36],[167.85,-21.63],[168.03,-21.69],[168.16,-21.64],[168.16,-21.42],[168.03,-21.37],[167.99,-21.29],[167.92,-21.34]],[[167.99,-21.34],[168.01,-21.45],[168.14,-21.43],[168.13,-21.6],[167.96,-21.64],[167.86,-21.5],[167.99,-21.34]]],[[[153.71,-22.4],[153.55,-22.31],[153.55,-22.52],[153.71,-22.4]]],[[[155.26,-22.26],[155.44,-22.25],[155.47,-22.11],[155.31,-22.11],[155.26,-22.26]]],[[[153.58,-22.1],[153.68,-21.91],[153.8,-21.82],[153.8,-21.59],[153.49,-21.76],[153.41,-21.92],[153.47,-22.06],[153.58,-22.1]]],[[[159.28,-21.57],[159.4,-21.91],[159.61,-21.85],[159.56,-21.46],[159.34,-21.38],[159.22,-21.13],[159.27,-20.89],[159.06,-20.57],[158.84,-20.46],[158.63,-20.52],[158.54,-20.61],[158.46,-20.81],[158.5,-20.99],[158.69,-21.21],[158.69,-21.38],[158.95,-21.48],[159.2,-21.5],[159.28,-21.57]]],[[[155.79,-21.09],[155.65,-21.21],[155.7,-21.32],[155.84,-21.23],[155.79,-21.09]]],[[[160.96,-20.77],[161.06,-20.71],[161.27,-20.75],[161.36,-20.51],[161.19,-20.35],[161.09,-20.32],[161.01,-20.17],[160.84,-20.2],[160.65,-20.05],[160.45,-20.03],[160.55,-20.28],[160.76,-20.41],[160.9,-20.75],[160.96,-20.77]]],[[[159.02,-19.98],[159.03,-19.87],[158.88,-19.85],[158.62,-20.01],[158.57,-19.79],[158.45,-19.67],[158.66,-19.48],[158.85,-19.53],[159.04,-19.42],[159.11,-19.14],[158.98,-18.95],[158.54,-19.07],[158.39,-19.02],[158.26,-19.34],[158.17,-19.67],[158.3,-19.92],[158.48,-20.01],[158.65,-20.18],[158.76,-20.19],[159.02,-19.98]]],[[[152.5,-19.95],[152.43,-20.18],[152.59,-20.16],[152.5,-19.95]]],[[[151.54,-19.98],[151.68,-19.89],[151.89,-19.87],[152.09,-19.59],[151.85,-19.55],[151.7,-19.62],[151.57,-19.84],[151.54,-19.98]]],[[[152.21,-19.43],[152.38,-19.29],[152.57,-19.37],[152.62,-19.27],[152.49,-19.03],[152.32,-18.93],[152.21,-18.95],[152.12,-19.09],[152.15,-19.27],[151.97,-19.3],[152,-19.42],[152.21,-19.43]]],[[[161.61,-20.77],[161.55,-20.92],[161.69,-21.04],[161.81,-20.93],[161.69,-20.77],[161.61,-20.77]]],[[[162.05,-21.1],[162,-21.23],[162.29,-21.33],[162.28,-21.23],[162.05,-21.1]]],[[[160.81,-21.12],[160.73,-21.09],[160.67,-21.32],[160.88,-21.21],[160.81,-21.12]]],[[[169.18,-19.02],[169.37,-19],[169.35,-18.69],[169.07,-18.59],[168.96,-18.69],[168.96,-18.88],[169.18,-19.02]],[[169.12,-18.62],[169.25,-18.98],[168.99,-18.88],[168.99,-18.69],[169.12,-18.62]]],[[[150.64,-17.82],[150.86,-17.66],[151.11,-17.54],[151.16,-17.43],[151.04,-17.34],[150.77,-17.39],[150.53,-17.3],[150.27,-17.35],[150.08,-17.26],[150.23,-17.11],[150.37,-16.91],[150.41,-16.5],[150.34,-16.46],[150.2,-16.6],[150.18,-16.74],[149.68,-17.08],[149.84,-17.28],[149.94,-17.33],[149.94,-17.56],[150.14,-17.67],[150.27,-17.92],[150.53,-17.9],[150.64,-17.82]]],[[[148.46,-17.33],[148.18,-17.43],[148.38,-17.81],[148.48,-17.9],[148.59,-17.86],[148.63,-17.57],[148.46,-17.33]]],[[[148,-16.53],[148.03,-16.38],[147.86,-16.35],[147.82,-16.58],[148,-16.53]]],[[[149.75,-16.35],[149.9,-16.44],[150.07,-16.24],[150.01,-16.08],[149.81,-16.22],[149.75,-16.35]]],[[[149.69,-16.21],[149.75,-15.79],[149.62,-15.87],[149.51,-16.03],[149.56,-16.28],[149.69,-16.21]]],[[[155.44,-23.17],[155.45,-23.26],[155.65,-23.3],[155.65,-23.16],[155.44,-23.17]]],[[[159.39,-24.19],[159.6,-24.09],[159.53,-23.96],[159.27,-24.02],[159.39,-24.19]]],[[[159.65,-25.6],[159.71,-25.56],[159.82,-25.31],[159.92,-25.22],[159.87,-25.02],[159.68,-24.83],[159.63,-24.69],[159.44,-24.69],[159.51,-24.93],[159.47,-25.14],[159.55,-25.34],[159.52,-25.49],[159.65,-25.6]]],[[[167.09,-26.49],[167.24,-26.49],[167.27,-26.37],[167.07,-26.37],[167.09,-26.49]]],[[[167.81,-29.35],[167.96,-29.61],[168.2,-29.66],[168.14,-29.38],[168.27,-29.17],[168.18,-29.07],[168.06,-28.76],[167.85,-28.73],[167.72,-28.84],[167.79,-28.99],[167.81,-29.35]]],[[[167.47,-32.47],[167.48,-32.69],[167.56,-32.75],[167.71,-32.52],[167.53,-32.41],[167.47,-32.47]]],[[[179.43,-17.72],[179.28,-17.77],[179.16,-18.06],[179.32,-18.2],[179.42,-18.09],[179.48,-17.88],[179.43,-17.72]]],[[[179.47,-17.2],[179.32,-17.28],[179.36,-17.45],[179.48,-17.39],[179.47,-17.2]]],[[[174.29,-0.82],[174.5,-0.84],[174.5,-0.64],[174.26,-0.5],[174.15,-0.55],[174.14,-0.71],[174.29,-0.82]]],[[[134.88,-1.24],[134.99,-1.21],[135.08,-1.07],[134.98,-0.92],[134.79,-0.95],[134.76,-1.13],[134.88,-1.24]]],[[[105.63,-10.61],[105.74,-10.54],[105.74,-10.41],[105.56,-10.42],[105.55,-10.56],[105.63,-10.61]]],[[[127.82,-1.22],[127.52,-1.15],[127.35,-1.17],[127.39,-1.29],[127.28,-1.36],[127.36,-1.66],[127.62,-1.9],[127.82,-1.74],[128.1,-1.74],[128.23,-1.65],[128.38,-1.69],[128.36,-1.53],[128.19,-1.55],[127.95,-1.29],[127.82,-1.22]],[[127.71,-1.34],[127.9,-1.43],[128.15,-1.67],[127.7,-1.69],[127.53,-1.73],[127.38,-1.63],[127.4,-1.49],[127.62,-1.33],[127.71,-1.34]]],[[[128.93,-2.74],[128.8,-2.83],[128.48,-2.8],[128.19,-2.83],[128.09,-2.89],[127.88,-2.9],[127.76,-3.11],[127.48,-3.36],[127.62,-3.39],[127.69,-3.3],[127.9,-3.34],[127.87,-3.53],[127.91,-3.78],[128.19,-3.79],[128.38,-3.67],[128.59,-3.65],[128.77,-3.73],[128.88,-3.64],[128.77,-3.34],[128.86,-3.28],[128.96,-3.4],[129.1,-3.38],[129.23,-3.43],[129.56,-3.49],[129.64,-3.36],[129.8,-3.35],[129.98,-3.5],[130.39,-3.66],[130.61,-3.88],[131.09,-3.95],[131.24,-4.12],[131.41,-4.22],[131.48,-4.09],[131.4,-3.92],[131.25,-3.95],[130.96,-3.82],[130.9,-3.66],[130.97,-3.5],[130.87,-3.3],[130.71,-3.21],[130.63,-3.07],[130.38,-2.92],[130.18,-2.92],[129.89,-2.87],[129.56,-2.76],[129.36,-2.76],[129.12,-2.87],[129.04,-2.72],[128.93,-2.74]],[[129.53,-2.78],[130.05,-2.99],[130.34,-2.98],[130.58,-3.12],[130.67,-3.4],[130.76,-3.41],[130.87,-3.57],[130.82,-3.87],[130.61,-3.78],[130.42,-3.64],[129.98,-3.46],[129.89,-3.33],[129.54,-3.3],[129.49,-3.46],[129.11,-3.35],[128.96,-3.36],[128.88,-3.2],[128.69,-3.35],[128.68,-3.43],[128.48,-3.46],[128.4,-3.41],[128.28,-3.22],[128.07,-3.2],[128.02,-3.37],[127.88,-3.21],[128.11,-2.98],[128.18,-2.86],[128.52,-2.83],[128.87,-2.86],[129.05,-2.8],[129.12,-2.96],[129.53,-2.78]],[[128.24,-3.52],[128.34,-3.61],[128.13,-3.75],[127.92,-3.69],[128.03,-3.59],[128.24,-3.52]]],[[[133.02,-5.26],[132.98,-5.35],[132.66,-5.34],[132.53,-5.55],[132.51,-5.71],[132.41,-5.84],[132.39,-6.04],[132.43,-6.17],[132.61,-6.19],[132.64,-6.08],[132.78,-6.09],[132.99,-5.87],[133,-5.74],[133.25,-5.52],[133.18,-5.22],[133.02,-5.26]],[[133.11,-5.31],[133.18,-5.31],[133.11,-5.6],[133.02,-5.55],[133.11,-5.31]]],[[[124.09,-5.87],[124.03,-5.77],[124.08,-5.66],[123.7,-5.36],[123.68,-5.25],[123.53,-5.22],[123.39,-5.57],[123.74,-5.96],[123.92,-5.92],[124.05,-6.07],[124.09,-5.87]]],[[[132.4,-5.41],[132.17,-5.55],[132.12,-5.78],[132.32,-5.78],[132.46,-5.49],[132.4,-5.41]]],[[[120.92,-6.74],[120.94,-6.93],[121.12,-7.12],[121.37,-7.05],[121.28,-6.64],[121.32,-6.44],[121.07,-6.38],[120.92,-6.53],[120.92,-6.74]]],[[[131.53,-6.68],[131.41,-6.93],[131.48,-7],[131.33,-7.2],[131.14,-7.34],[131,-7.36],[130.81,-7.51],[130.83,-7.71],[130.71,-7.89],[130.71,-8.13],[130.57,-8.34],[130.65,-8.48],[130.76,-8.48],[130.9,-8.39],[131.02,-8.39],[131.19,-8.27],[131.63,-7.74],[131.8,-7.69],[131.87,-7.37],[131.97,-7.37],[132.08,-7.17],[132.06,-6.92],[131.94,-6.96],[131.7,-6.89],[131.66,-6.63],[131.53,-6.68]],[[131.65,-7.23],[131.7,-7.41],[131.64,-7.6],[131.39,-7.85],[131.36,-7.95],[131.12,-8],[131.12,-7.73],[131.25,-7.47],[131.35,-7.44],[131.53,-7.17],[131.65,-7.23]],[[130.9,-8.25],[131.04,-8.08],[131.16,-8.15],[130.9,-8.25]]],[[[132.32,-8.42],[132.1,-8.45],[131.83,-8.55],[131.71,-8.69],[131.65,-8.88],[131.35,-8.9],[131.19,-9.14],[131.28,-9.17],[131.52,-9.15],[131.68,-9.01],[132.09,-9],[132.09,-8.77],[132.27,-8.66],[132.37,-8.7],[132.49,-8.51],[132.32,-8.42]]],[[[125.81,-9.22],[126.22,-9.04],[126.48,-9.01],[126.8,-8.8],[126.92,-8.82],[127.33,-8.48],[127.37,-8.39],[127.2,-8.3],[126.96,-8.28],[126.67,-8.39],[126.37,-8.4],[126.23,-8.47],[125.85,-8.45],[125.13,-8.6],[125.07,-8.76],[124.83,-8.97],[124.54,-9.14],[124.4,-9.14],[123.93,-9.37],[123.67,-9.59],[123.55,-10.02],[123.25,-10.15],[123.3,-10.44],[122.96,-10.7],[122.88,-10.67],[122.63,-10.73],[122.6,-10.81],[122.74,-11.04],[122.93,-11.07],[123.37,-10.74],[123.49,-10.69],[123.52,-10.58],[123.64,-10.52],[123.7,-10.4],[123.8,-10.4],[124.14,-10.24],[124.35,-10.29],[124.58,-10.04],[124.81,-9.93],[124.83,-9.83],[125.05,-9.64],[125.15,-9.47],[125.81,-9.22]],[[122.88,-10.92],[122.81,-10.78],[123.05,-10.71],[123.34,-10.49],[123.42,-10.62],[123.21,-10.81],[122.88,-10.92]],[[123.8,-10.37],[123.52,-10.34],[123.55,-10.19],[123.75,-10.1],[123.58,-10.01],[123.65,-9.89],[123.69,-9.61],[123.99,-9.35],[124.43,-9.18],[124.6,-9.16],[124.69,-9.07],[124.97,-8.92],[125.1,-8.78],[125.14,-8.63],[125.63,-8.52],[125.9,-8.48],[126.07,-8.52],[126.41,-8.42],[126.55,-8.49],[126.84,-8.39],[126.97,-8.31],[127.19,-8.33],[127.3,-8.43],[127.01,-8.68],[126.85,-8.75],[126.58,-8.81],[126.43,-8.95],[126.17,-8.99],[125.95,-9.13],[125.61,-9.19],[125.38,-9.28],[125,-9.54],[124.97,-9.66],[124.73,-9.9],[124.42,-10.16],[124.12,-10.17],[124.03,-10.28],[123.8,-10.37]]],[[[121.52,-10.7],[121.71,-10.65],[121.91,-10.68],[122.07,-10.53],[121.99,-10.38],[121.77,-10.41],[121.67,-10.53],[121.46,-10.6],[121.52,-10.7]],[[121.8,-10.6],[121.92,-10.42],[121.99,-10.52],[121.8,-10.6]]],[[[120.1,-10.39],[120.47,-10.36],[120.61,-10.29],[120.76,-10.29],[121.03,-10.2],[120.92,-9.98],[120.66,-9.77],[120.59,-9.51],[120.33,-9.54],[120.24,-9.44],[120.09,-9.42],[119.97,-9.26],[119.78,-9.35],[119.62,-9.31],[119.14,-9.35],[118.94,-9.48],[118.91,-9.61],[119.02,-9.75],[119.36,-9.86],[119.68,-9.89],[120.03,-10.22],[120.1,-10.39]],[[120.5,-10.26],[120.16,-10.22],[119.98,-9.99],[119.48,-9.75],[119.41,-9.79],[119.04,-9.68],[118.94,-9.57],[119.02,-9.44],[119.17,-9.39],[119.63,-9.34],[119.82,-9.38],[119.95,-9.29],[120.07,-9.44],[120.24,-9.51],[120.33,-9.67],[120.44,-9.63],[120.58,-9.73],[120.67,-9.89],[120.79,-9.96],[120.83,-10.09],[120.71,-10.21],[120.5,-10.26]]],[[[117.07,-9.16],[117.22,-9.09],[117.44,-9.09],[117.75,-8.97],[118.14,-8.92],[118.31,-8.85],[118.53,-8.91],[118.67,-8.86],[118.91,-8.88],[119.05,-8.79],[119.28,-8.73],[119.42,-8.8],[119.55,-8.78],[119.9,-8.9],[120.09,-8.83],[120.25,-8.93],[120.38,-8.86],[120.61,-8.86],[120.99,-8.97],[121.17,-8.92],[121.32,-8.99],[121.48,-8.9],[121.78,-8.92],[122.15,-8.78],[122.48,-8.78],[122.75,-8.65],[122.9,-8.66],[123.04,-8.55],[123.33,-8.57],[123.39,-8.61],[123.61,-8.58],[123.75,-8.41],[124.02,-8.5],[124.11,-8.58],[124.34,-8.48],[124.44,-8.5],[125.13,-8.38],[125.15,-8.19],[125.1,-8.13],[124.75,-8.13],[124.61,-8.08],[124.26,-8.15],[124.15,-8.27],[124.03,-8.18],[123.82,-8.15],[123.48,-8.22],[123.16,-8.19],[122.84,-8.05],[122.63,-8.3],[122.5,-8.37],[122.32,-8.32],[122.18,-8.46],[121.99,-8.4],[121.86,-8.46],[121.63,-8.44],[121.45,-8.51],[121.25,-8.39],[120.98,-8.31],[120.75,-8.3],[120.67,-8.24],[120.32,-8.21],[120.13,-8.3],[119.72,-8.3],[119.48,-8.41],[119.09,-8.32],[119.17,-8.18],[119,-8.14],[118.96,-8.27],[118.74,-8.3],[118.51,-8.22],[118.25,-8.28],[118.13,-8.08],[117.64,-8.08],[117.48,-8.15],[117.41,-8.33],[117.32,-8.39],[117.14,-8.27],[116.93,-8.3],[116.83,-8.39],[116.67,-8.23],[116.39,-8.17],[116,-8.37],[116,-8.59],[115.8,-8.71],[115.76,-8.81],[116.03,-8.97],[116.12,-8.95],[116.31,-9.02],[116.62,-8.97],[116.81,-9.09],[117.07,-9.16]],[[117.15,-9.06],[117.01,-9.11],[116.76,-9.02],[116.74,-8.87],[116.82,-8.79],[116.79,-8.58],[117.2,-8.36],[117.35,-8.45],[117.56,-8.41],[117.65,-8.55],[117.77,-8.6],[117.81,-8.72],[117.97,-8.75],[118.07,-8.66],[118.29,-8.61],[118.06,-8.45],[118,-8.47],[117.71,-8.23],[117.9,-8.09],[118.12,-8.11],[118.24,-8.33],[118.37,-8.34],[118.44,-8.26],[118.65,-8.29],[118.7,-8.37],[118.81,-8.3],[118.99,-8.31],[119.05,-8.47],[118.99,-8.76],[118.9,-8.69],[118.75,-8.78],[118.47,-8.87],[118.3,-8.76],[118.16,-8.87],[118.08,-8.84],[117.89,-8.94],[117.74,-8.91],[117.56,-9],[117.33,-9.06],[117.15,-9.06]],[[116.4,-8.95],[116.07,-8.86],[116,-8.9],[115.83,-8.79],[116.06,-8.71],[116.03,-8.45],[116.27,-8.25],[116.38,-8.2],[116.63,-8.28],[116.74,-8.39],[116.68,-8.56],[116.4,-8.95]],[[125.09,-8.16],[125.12,-8.35],[124.42,-8.46],[124.45,-8.15],[124.67,-8.17],[125.09,-8.16]],[[124.2,-8.47],[124.1,-8.38],[124.26,-8.18],[124.3,-8.32],[124.2,-8.47]],[[123.6,-8.46],[123.4,-8.59],[123.36,-8.41],[123.8,-8.18],[123.73,-8.39],[123.6,-8.46]],[[122.8,-8.47],[122.81,-8.61],[122.41,-8.74],[122.11,-8.73],[121.79,-8.88],[121.4,-8.79],[121.34,-8.92],[121.17,-8.9],[120.92,-8.93],[120.59,-8.8],[120.24,-8.82],[120.13,-8.77],[119.98,-8.81],[119.82,-8.78],[119.8,-8.6],[119.92,-8.46],[120.11,-8.39],[120.28,-8.27],[120.65,-8.26],[120.74,-8.33],[120.98,-8.34],[121.51,-8.6],[121.83,-8.47],[122.03,-8.5],[122.29,-8.63],[122.5,-8.58],[122.49,-8.48],[122.76,-8.36],[122.8,-8.11],[122.98,-8.15],[123.02,-8.33],[122.8,-8.47]],[[123.02,-8.39],[123.19,-8.23],[123.33,-8.25],[123.29,-8.4],[123.02,-8.39]],[[117.48,-8.2],[117.66,-8.15],[117.57,-8.36],[117.48,-8.2]]],[[[125.69,-8.08],[126.02,-7.92],[126.18,-7.95],[126.54,-7.95],[126.66,-7.82],[126.86,-7.76],[126.86,-7.66],[126.63,-7.53],[126.2,-7.68],[126,-7.63],[125.9,-7.67],[125.74,-7.89],[125.69,-8.08]],[[125.81,-8.01],[125.81,-7.86],[125.95,-7.68],[126.33,-7.7],[126.63,-7.57],[126.71,-7.75],[126.42,-7.93],[126.07,-7.88],[125.93,-7.91],[125.81,-8.01]]],[[[117.19,-7.66],[117.41,-7.64],[117.54,-7.54],[117.77,-7.5],[117.95,-7.57],[117.93,-7.41],[117.78,-7.32],[117.51,-7.32],[117.29,-7.46],[117.11,-7.46],[117.19,-7.66]]],[[[118.13,-7.36],[118.41,-7.24],[118.43,-7.14],[118.23,-7.03],[118.05,-6.98],[117.95,-7.09],[118.05,-7.31],[118.13,-7.36]]],[[[118.59,-7.1],[118.85,-7.03],[118.96,-6.93],[119.12,-6.97],[119.21,-6.89],[119.2,-6.76],[119.03,-6.7],[118.89,-6.51],[118.75,-6.5],[118.63,-6.65],[118.12,-6.51],[118.09,-6.59],[118.29,-6.79],[118.46,-7.04],[118.59,-7.1]]],[[[118.69,-6.5],[118.83,-6.32],[118.8,-6.24],[118.61,-6.23],[118.42,-6.41],[118.57,-6.51],[118.69,-6.5]]],[[[120.69,-6.92],[120.46,-6.93],[120.39,-7.11],[120.47,-7.17],[120.68,-7.21],[120.83,-7.13],[120.85,-6.81],[120.73,-6.79],[120.69,-6.92]]],[[[128.5,-7.12],[128.63,-7.25],[128.73,-7.11],[128.61,-7.03],[128.5,-7.12]]],[[[121.88,-7.18],[121.73,-7.19],[121.5,-7.13],[121.44,-7.2],[121.75,-7.52],[121.89,-7.43],[121.88,-7.18]]],[[[127.28,-7.51],[127.37,-7.69],[127.63,-7.62],[127.64,-7.53],[127.44,-7.47],[127.28,-7.51]]],[[[129.73,-7.77],[129.48,-7.84],[129.53,-8.01],[129.73,-8.08],[129.79,-8.27],[129.87,-8.27],[129.99,-8.1],[129.9,-8],[129.95,-7.89],[129.86,-7.79],[129.73,-7.77]],[[129.76,-8.05],[129.59,-7.92],[129.72,-7.8],[129.86,-7.93],[129.76,-8.05]]],[[[129.04,-8.18],[128.57,-8.13],[128.41,-8.22],[128.48,-8.35],[128.62,-8.23],[129.04,-8.28],[129.04,-8.18]]],[[[128.15,-8.14],[127.78,-8.06],[127.6,-8.12],[127.58,-8.25],[127.82,-8.23],[128.13,-8.32],[128.27,-8.27],[128.15,-8.14]]],[[[121.24,-7.55],[121.14,-7.27],[120.82,-7.23],[120.86,-7.33],[121.24,-7.55]]],[[[118.36,-6.12],[118.28,-5.95],[118.37,-5.7],[118.52,-5.46],[118.37,-5.43],[118.3,-5.64],[118.09,-5.83],[118.16,-6.04],[118.36,-6.12]]],[[[117.34,-5.96],[117.9,-5.75],[118.03,-5.46],[117.97,-5.23],[117.96,-5.04],[117.82,-4.99],[117.61,-5.15],[117.49,-5.32],[117.32,-5.47],[117.25,-5.61],[117.09,-5.74],[117.06,-5.84],[117.15,-5.95],[117.34,-5.96]]],[[[122.16,-13.38],[121.92,-13.41],[121.83,-13.56],[121.87,-13.84],[121.69,-14.13],[121.84,-14.26],[122.04,-14.08],[121.95,-13.84],[122.13,-13.72],[122.16,-13.38]]],[[[119.3,-17.41],[119.45,-17.38],[119.44,-17.27],[119.26,-17.3],[119.3,-17.41]]],[[[118.92,-17.77],[119.06,-17.63],[118.97,-17.47],[118.82,-17.52],[118.79,-17.62],[118.92,-17.77]]],[[[7.48,1.76],[7.31,1.73],[7.16,1.63],[7.11,1.5],[7.27,1.32],[7.43,1.4],[7.57,1.66],[7.48,1.76]]],[[[72.06,16.66],[71.96,16.58],[72.1,16.31],[72.24,16.45],[72.06,16.66]]],[[[72.27,13.91],[72.19,13.9],[72.08,13.69],[72.34,13.82],[72.27,13.91]]],[[[72.39,12.73],[72.6,12.57],[72.73,12.54],[72.78,12.69],[72.72,12.81],[72.51,12.98],[72.51,13.25],[72.34,13.35],[72.31,13.13],[72.41,12.91],[72.39,12.73]]],[[[53.05,11.57],[53.35,11.83],[53.54,11.85],[53.65,11.93],[53.88,11.95],[54,12.09],[54.02,12.23],[54.26,12.41],[54.32,12.28],[54.69,12.48],[54.55,12.59],[54.09,12.73],[53.94,12.83],[53.74,12.75],[53.51,12.75],[53.38,12.68],[53.28,12.54],[53.43,12.41],[53.44,12.29],[53.23,12.17],[53.08,12.21],[52.65,12.12],[52.59,12.27],[52.3,12.25],[52.02,12.3],[51.88,12.24],[52.25,12.06],[52.43,12.05],[52.47,11.89],[52.67,11.63],[53.05,11.57]],[[54.47,12.54],[54.14,12.35],[53.78,12.3],[53.57,12.33],[53.33,12.52],[53.4,12.66],[53.65,12.7],[53.76,12.62],[54.01,12.65],[54.12,12.7],[54.47,12.54]]],[[[72.61,10.78],[72.68,10.85],[72.66,11.12],[72.47,10.86],[72.61,10.78]]],[[[72.94,4.98],[73.15,5.06],[73.2,5.27],[73.11,5.42],[73.11,5.64],[73.37,5.6],[73.52,5.85],[73.47,5.98],[73.32,6.08],[73.31,6.25],[73.15,6.44],[73.11,6.56],[73.3,6.82],[73.33,6.99],[73.08,7],[72.95,7.11],[72.8,7.12],[72.77,7.03],[72.9,6.9],[72.82,6.44],[72.92,6.29],[72.94,6.13],[72.79,5.75],[72.74,5.54],[72.81,5.42],[72.77,5.08],[72.94,4.98]]],[[[73.46,5.6],[73.27,5.36],[73.59,5.21],[73.68,5.29],[73.66,5.45],[73.46,5.6]]],[[[72.71,6.47],[72.53,6.3],[72.64,6.16],[72.71,6.47]]],[[[73.31,3.38],[73.28,3.03],[73.33,2.76],[73.4,2.73],[73.64,2.89],[73.71,3.11],[73.55,3.23],[73.77,3.38],[73.78,3.53],[73.62,3.51],[73.52,3.74],[73.56,3.98],[73.56,4.22],[73.76,4.45],[73.52,4.78],[73.34,4.77],[73.3,4.28],[73.37,4.14],[73.31,3.99],[73.32,3.74],[73.22,3.52],[73.31,3.38]]],[[[73.12,2.14],[73.37,2.31],[73.41,2.4],[73.33,2.57],[73.05,2.61],[73.06,3.06],[73.11,3.22],[72.93,3.4],[73.03,3.66],[73.02,4.1],[73.06,4.35],[73.01,4.44],[72.85,4.47],[72.69,4.27],[72.66,4.12],[72.65,3.55],[72.81,3.4],[72.78,3.28],[72.82,2.97],[72.77,2.8],[72.92,2.58],[72.86,2.41],[72.91,2.2],[73.12,2.14]]],[[[73.43,1.78],[73.57,1.83],[73.61,2.14],[73.55,2.17],[73.33,2.07],[73.2,1.91],[73.28,1.76],[73.43,1.78]]],[[[73.47,0.73],[73.46,0.88],[73.22,0.95],[73.11,0.88],[73.18,0.73],[73.05,0.69],[72.9,0.51],[72.94,0.29],[73.1,0.18],[73.22,0.15],[73.47,0.22],[73.61,0.42],[73.59,0.53],[73.47,0.73]]],[[[-178.99,51.21],[-178.88,51.33],[-179.06,51.39],[-179.17,51.29],[-178.99,51.21]]],[[[-178.29,51.42],[-178.45,51.67],[-179.14,51.61],[-179.06,51.51],[-178.49,51.5],[-178.29,51.42]]],[[[-178.22,51.58],[-177.64,51.58],[-177.38,51.65],[-177.1,51.66],[-176.97,51.51],[-175.5,51.82],[-173.93,51.85],[-173.83,51.89],[-172.82,51.92],[-172.48,52.01],[-172.1,51.96],[-171.95,52.05],[-172.32,52.16],[-172.27,52.5],[-172.62,52.44],[-172.85,52.28],[-173.63,52.3],[-173.79,52.43],[-174.44,52.44],[-174.98,52.21],[-175.32,52.16],[-175.94,52.18],[-176.2,52.13],[-176.39,52.04],[-176.63,52.04],[-176.95,51.94],[-177.14,51.97],[-177.29,51.88],[-177.48,51.94],[-177.76,51.89],[-177.94,51.95],[-178.24,51.92],[-178.32,51.7],[-178.22,51.58]],[[-176.44,51.79],[-176.59,51.69],[-176.88,51.72],[-176.64,51.86],[-176.44,51.79]],[[-177.8,51.8],[-177.95,51.73],[-178.21,51.88],[-177.95,51.92],[-177.8,51.8]],[[-174.05,52.24],[-174.1,52.14],[-174.37,52.11],[-174.72,52.02],[-174.97,52.06],[-174.23,52.27],[-174.05,52.24]],[[-173.12,52.11],[-173.38,52.04],[-173.84,52.04],[-173.84,52.12],[-173.12,52.11]]],[[[-171.31,52.37],[-171.1,52.56],[-171.3,52.58],[-171.31,52.37]]],[[[-170.82,52.49],[-170.49,52.62],[-170.55,52.77],[-170.76,52.74],[-170.91,52.64],[-170.82,52.49]]],[[[-129.84,52.36],[-130.08,52.28],[-130.22,51.95],[-130.15,51.82],[-129.95,51.8],[-129.73,51.9],[-129.65,52.05],[-129.84,52.36]]],[[[-114.22,79.82],[-114.98,79.7],[-114.97,79.53],[-113.47,79.55],[-111.16,79.7],[-110.49,79.89],[-110.56,80.02],[-112.82,80],[-112.96,79.93],[-114.22,79.82]]],[[[-164.61,77.4],[-164.84,77.37],[-164.61,77.12],[-163.89,77.35],[-164.61,77.4]]],[[[-157.79,76.66],[-157.11,76.69],[-157.1,76.89],[-157.81,76.74],[-157.79,76.66]]],[[[-158.15,76.2],[-158.74,76.07],[-158.42,75.92],[-157.91,76.1],[-158.15,76.2]]],[[[-168.55,75.2],[-167.87,75.22],[-168.18,75.54],[-168.89,75.73],[-168.71,75.43],[-168.24,75.32],[-168.55,75.2]]],[[[-177.8,74.45],[-177.6,74.24],[-177,74.21],[-176.96,74.32],[-177.41,74.4],[-177.27,74.68],[-177.74,74.61],[-177.8,74.45]]],[[[-176.53,74.18],[-176.75,74.09],[-176.64,73.86],[-176.32,73.91],[-176.53,74.18]]],[[[-178.3,73.79],[-178.51,73.96],[-179.05,73.84],[-178.5,73.73],[-178.3,73.79]]],[[[-178.01,74.06],[-177.56,73.81],[-177.18,73.96],[-177.6,74.17],[-178.01,74.06]]],[[[-162.09,73.97],[-161.48,73.9],[-161.6,74.08],[-162.09,73.97]]],[[[-121.84,70.19],[-122.01,70.01],[-121.1,69.97],[-121.16,70.11],[-121.84,70.19]]],[[[-61.09,82.33],[-61.31,82.2],[-62.26,82.02],[-64.37,81.72],[-65.36,81.73],[-66.65,81.5],[-65.25,81.51],[-65.29,81.64],[-64.53,81.68],[-62.26,81.99],[-61.3,82.17],[-60.64,82.43],[-59.93,82.54],[-57.98,82.59],[-57.81,82.68],[-56.52,82.76],[-55.94,82.98],[-56.63,83.14],[-59.96,83.29],[-60.89,83.39],[-65.45,83.39],[-65.79,83.1],[-64.8,82.97],[-65.8,82.9],[-66.28,83],[-68.97,83.06],[-70.17,83.19],[-70.38,83.43],[-72.04,83.49],[-67.45,83.72],[-67.43,83.78],[-70.18,83.91],[-72.12,83.84],[-73.18,83.73],[-73.48,83.45],[-75.33,83.62],[-78.28,83.33],[-78.21,83.19],[-77.27,83.18],[-77.78,82.96],[-78.6,83],[-81.23,83.3],[-81.33,82.88],[-82.4,82.69],[-82.85,82.34],[-83.42,82.35],[-84.01,82.61],[-84.97,82.73],[-86.76,82.67],[-86.51,82.35],[-86.95,82.24],[-87.04,82.08],[-87.99,82.18],[-88.87,82.13],[-89.3,82.33],[-89.9,82.31],[-89.88,82.03],[-91.8,82.05],[-91.8,81.86],[-92.39,81.71],[-92.03,81.49],[-90.93,81.49],[-90.87,81.42],[-90.08,81.29],[-90.38,81.18],[-89.92,80.98],[-86.7,81.01],[-86.52,81.13],[-89.83,81.01],[-90.35,81.17],[-89.92,81.34],[-89.24,81.41],[-89.51,81.49],[-90.35,81.38],[-90.83,81.46],[-89.91,81.6],[-91.95,81.63],[-91.71,81.73],[-90.24,81.9],[-89.64,81.86],[-88.68,82.06],[-88,82.11],[-86.96,82.05],[-86.85,82.22],[-85.35,82.29],[-85.76,82.47],[-82.4,82.25],[-82.71,82.38],[-81.58,82.79],[-79.34,82.98],[-78.42,82.87],[-76.14,83.05],[-74.2,83],[-73.65,82.93],[-72.59,83.1],[-69.69,83.12],[-69.48,83.05],[-67.6,82.97],[-65.85,82.84],[-63.45,82.83],[-63.65,82.72],[-63.07,82.54],[-61.58,82.49],[-61.09,82.33]]],[[[-8.29,80.02],[-8.68,80.33],[-8.3,80.5],[-7.45,80.53],[-7,80.68],[-7.33,80.89],[-8.24,81.01],[-8.73,81.21],[-8.78,81.37],[-9.33,81.44],[-9.96,81.66],[-10.55,81.71],[-12.02,82.18],[-15.59,82.49],[-15.74,82.88],[-19.55,82.99],[-22.41,83.07],[-23.12,83.29],[-29.06,83.8],[-29.66,83.95],[-33.62,84.13],[-37.62,83.85],[-41.56,83.55],[-45.49,83.25],[-50.9,82.84],[-51.08,82.7],[-48.95,82.64],[-49.01,82.53],[-51.11,82.54],[-51.97,82.45],[-52.04,82.33],[-54.44,82.4],[-60.1,82.09],[-60.4,81.95],[-61.32,81.92],[-61.92,81.81],[-62.12,81.53],[-61.98,81.24],[-63.57,81.27],[-66.38,80.69],[-67.03,80.7],[-67.39,80.4],[-67.84,80.31],[-67.89,79.99],[-69.05,79.96],[-69.16,79.73],[-69.08,79.59],[-69.59,79.51],[-69.51,79.29],[-70.27,79.18],[-70.79,78.85],[-72.98,78.46],[-73.43,77.65],[-73.69,77.46],[-72.21,77.26],[-71.27,77.3],[-71.48,77.12],[-71.41,76.99],[-71.19,76.92],[-70.8,76.65],[-70.89,76.45],[-70.25,76.23],[-69.43,76.13],[-69.11,76.01],[-67.95,75.96],[-67.4,75.85],[-66.1,75.84],[-65.44,75.97],[-64.05,76.02],[-63.44,75.92],[-63.64,76.2],[-63.46,76.35],[-62.26,76.18],[-62.53,76.03],[-61.23,75.94],[-60.63,75.82],[-60.29,75.68],[-59.34,75.68],[-59.08,75.61],[-59.14,75.26],[-58.89,75.01],[-58.32,74.95],[-58.39,74.67],[-57.29,74.39],[-57.64,74.04],[-57.11,73.92],[-57.42,73.67],[-57.25,73.53],[-57.29,73.35],[-56.85,73.09],[-56.85,72.82],[-57.13,72.77],[-57.76,73.04],[-58.16,73.08],[-58.4,72.85],[-59.1,72.77],[-58.42,72.56],[-57.83,72.58],[-57.4,72.5],[-56.6,72.59],[-55.89,72.43],[-56.42,72.23],[-56.07,71.96],[-56.95,72.01],[-57.07,71.77],[-56.92,71.47],[-56.62,71.49],[-56.6,71.66],[-56,71.62],[-56.22,71.43],[-56.07,71.28],[-55.43,71.21],[-55.07,71.27],[-54.11,71.16],[-53.9,71.05],[-53.51,71.01],[-53.12,71.17],[-52.44,71.12],[-52.1,70.83],[-53.59,70.81],[-53.98,70.86],[-54.51,70.77],[-54.84,70.79],[-54.96,70.64],[-55.35,70.57],[-55.81,70.64],[-56.25,70.48],[-56.45,70.23],[-56.71,70.21],[-56.74,70.03],[-57.07,70.02],[-57.4,69.77],[-57.23,69.71],[-56.74,69.81],[-56.41,69.53],[-56.1,69.61],[-55.59,69.6],[-54.86,69.44],[-55.48,69.27],[-56.08,69.29],[-56.36,69.05],[-56.15,68.98],[-55.89,68.74],[-55.5,68.75],[-55.24,68.97],[-54.8,68.9],[-54.54,68.74],[-54.27,68.72],[-53.91,68.91],[-53.21,69.07],[-53.48,69.23],[-52.53,69.37],[-51.7,69.6],[-51.81,69.78],[-52.1,69.87],[-52.7,69.95],[-53.24,70.32],[-52.69,70.2],[-52.48,70.06],[-52.08,69.97],[-51.71,69.99],[-51.45,69.84],[-51.39,69.62],[-51.48,69.55],[-51.13,69.48],[-51.3,68.96],[-51.62,69.01],[-52.49,68.96],[-53.02,69.03],[-53.27,68.81],[-53.81,68.53],[-53.96,68.23],[-54.4,68.35],[-54.81,68.26],[-56.11,68.24],[-57.07,67.89],[-56.85,67.51],[-56.26,66.92],[-56.37,66.39],[-56.19,66.07],[-55.9,65.9],[-55.35,65.7],[-54.87,65.16],[-54.44,64.9],[-54.46,64.76],[-54.33,64.45],[-54.03,64.25],[-53.78,64.21],[-53.49,64.26],[-53.16,64.44],[-53.2,64.67],[-53.17,65.16],[-52.92,65.01],[-52.8,64.7],[-52.63,64.51],[-52.8,64.31],[-53.18,64.05],[-53.15,63.87],[-52.7,63.5],[-52.64,63.33],[-52.36,63.29],[-52.17,63],[-51.67,62.94],[-51.76,62.81],[-51.47,62.69],[-51.5,62.49],[-51.36,62.43],[-51.03,62.49],[-50.93,62.25],[-50.71,62.1],[-50.37,62.19],[-50.27,62.03],[-50.57,61.98],[-50.56,61.59],[-50.27,61.37],[-49.76,61.22],[-49.57,61.09],[-49.5,60.91],[-48.77,60.56],[-48.59,60.66],[-48.43,60.45],[-48.06,60.34],[-47.81,60.41],[-47.74,60.24],[-47.47,60.27],[-47.09,60.18],[-47.08,60.41],[-46.97,60.49],[-46.61,60.4],[-46.77,60.25],[-46.58,60.12],[-46.52,59.98],[-46.32,59.83],[-45.82,59.7],[-45.67,59.48],[-45.4,59.53],[-45.02,59.52],[-44.83,59.45],[-44.57,59.56],[-44.2,59.54],[-43.91,59.58],[-43.69,59.53],[-42.93,59.62],[-42.7,59.74],[-42.61,59.87],[-42.26,59.98],[-42.16,60.17],[-42.47,60.27],[-42.64,60.15],[-42.82,60.34],[-42.43,60.61],[-42.51,60.78],[-42.25,60.85],[-42.21,61.09],[-42.39,61.26],[-42.1,61.42],[-41.75,61.74],[-41.75,61.83],[-42.05,61.97],[-41.98,62.08],[-42.15,62.22],[-41.91,62.33],[-42.03,62.48],[-41.94,62.66],[-41.48,62.7],[-41.33,62.8],[-41.46,62.91],[-41.28,63.05],[-41.02,62.98],[-40.79,63.15],[-40.65,63.37],[-40.29,63.71],[-40.52,64.01],[-40.54,64.24],[-39.77,64.42],[-40.29,64.87],[-39.88,64.9],[-39.59,64.78],[-39.43,64.62],[-39.04,64.84],[-39.5,65],[-39.26,65.16],[-39.14,65.4],[-37.94,65.38],[-38,65.53],[-37.44,65.53],[-37.42,65.44],[-37.8,65.23],[-37.13,65.09],[-36.91,65.15],[-36.69,65.42],[-36.5,65.48],[-36.54,65.67],[-36.11,65.72],[-35.8,65.93],[-35.45,66.05],[-35.33,66.22],[-35.03,66.19],[-34.83,66.06],[-34.5,66.25],[-34.03,66.34],[-33.79,66.32],[-33.3,66.52],[-33.01,66.99],[-32.74,67.09],[-32.47,67.32],[-32.81,67.37],[-32.9,67.57],[-32.8,67.69],[-32.48,67.84],[-32.22,67.73],[-31.89,67.71],[-31.35,68.01],[-30.79,68.05],[-29.94,68.05],[-29.54,68.11],[-29.22,68.08],[-28.9,67.94],[-28.76,68.17],[-28.43,68.19],[-28.36,68.06],[-27.91,68.18],[-27.45,68.17],[-26.97,68.26],[-26.61,68.43],[-26.38,68.44],[-26.35,68.64],[-25.46,68.81],[-25.3,68.94],[-24.86,68.99],[-24.91,69.14],[-24.55,69.17],[-23.94,69.33],[-23.85,69.46],[-23.39,69.56],[-23.22,69.47],[-23.32,69.32],[-23.71,69.28],[-23.98,69.16],[-23.89,69.06],[-23.42,69.15],[-22.84,69.5],[-22.58,69.59],[-22.66,69.91],[-22.41,69.88],[-22.09,70.04],[-22.11,70.18],[-23.73,70.17],[-24.09,70.28],[-24.45,70.25],[-24.68,70.38],[-25.19,70.47],[-26.18,70.27],[-26.34,70.42],[-25.58,70.5],[-25.23,70.63],[-25.27,70.97],[-25.14,71.22],[-24.59,71.13],[-24.39,70.93],[-24.36,70.67],[-23.94,70.51],[-23.49,70.42],[-22.25,70.4],[-21.98,70.25],[-21.62,70.36],[-21.24,70.65],[-21.26,70.86],[-21.48,71.05],[-21.43,71.19],[-21.55,71.57],[-21.85,71.78],[-22.25,71.82],[-22.47,71.97],[-22.86,72.01],[-23.38,72.15],[-23.08,72.28],[-22.75,72.13],[-22.23,72.09],[-21.71,72.13],[-21.54,72.32],[-20.96,72.47],[-20.92,72.71],[-20.66,72.82],[-20.24,72.79],[-19.38,72.82],[-19.01,72.95],[-19.53,73.05],[-19.76,72.93],[-20.28,72.93],[-20.25,73.17],[-20.49,73.21],[-20.55,73.39],[-20.02,73.43],[-18.86,73.6],[-18.48,73.75],[-18.85,73.85],[-18.81,74.03],[-17.26,74.21],[-17.01,74.31],[-17.17,74.51],[-16.77,74.58],[-16.99,74.72],[-17.43,74.56],[-17.41,74.36],[-17.92,74.38],[-17.88,74.53],[-18.19,74.74],[-18.83,74.75],[-18.98,74.96],[-17.98,74.95],[-17.59,74.91],[-17.2,75],[-17.23,75.1],[-17.58,75.3],[-17.64,75.48],[-17.94,75.55],[-18.98,75.61],[-19.23,75.87],[-17.78,75.79],[-17.78,75.68],[-17.3,75.63],[-17.08,75.82],[-17.54,75.97],[-17.06,76.11],[-16.19,75.97],[-16.04,75.88],[-15.95,75.5],[-15.54,75.36],[-15.97,75.1],[-15.61,74.87],[-14.49,74.96],[-14.2,75.13],[-14.77,75.2],[-14.82,75.3],[-13.76,75.39],[-13.76,75.58],[-14.34,75.48],[-14.88,75.48],[-14.17,75.71],[-14.33,75.84],[-14.91,75.88],[-15.13,76.14],[-13.68,75.94],[-13.25,76.03],[-13.36,76.17],[-12.88,76.22],[-12.8,76.38],[-12.37,76.51],[-12.54,76.66],[-11.75,76.75],[-11.36,76.99],[-11.2,77.33],[-10.75,77.48],[-9.64,77.55],[-9.21,77.62],[-9.33,77.79],[-10.1,77.68],[-10.87,77.64],[-12.23,77.5],[-12.58,77.37],[-13.26,77.29],[-13.19,77.07],[-13.6,76.93],[-13.24,76.76],[-13.84,76.52],[-14.3,76.47],[-14.19,76.27],[-15.2,76.34],[-15.29,76.09],[-16.07,76.09],[-16.72,76.19],[-17.69,76.07],[-17.62,76.51],[-18.01,76.71],[-17.92,77.02],[-17.09,77.2],[-16.54,77.19],[-16.39,77.36],[-17.27,77.79],[-17.3,77.99],[-17.74,78.05],[-17.79,78.37],[-17.28,78.53],[-15.9,78.53],[-15.78,78.39],[-14.61,78.3],[-13.98,78.2],[-13.33,78.17],[-13.19,78.39],[-12.4,78.42],[-12.4,78.62],[-13.38,78.7],[-13.44,78.52],[-14.21,78.58],[-13.98,78.85],[-15.32,78.78],[-15.5,78.93],[-16.35,78.99],[-16.56,79.13],[-15.65,79.19],[-14.96,79.07],[-14.64,79.26],[-14.15,79.32],[-14.59,79.52],[-14.43,79.85],[-13.99,79.96],[-10.25,80],[-8.29,80.02]],[[-43.17,60.07],[-43.48,60.05],[-43.59,59.92],[-43.9,59.99],[-44.07,60.18],[-43.17,60.07]],[[-35.99,65.98],[-36.39,66.02],[-36.83,65.92],[-37.21,65.78],[-37.64,65.93],[-37.8,66.05],[-37.22,66.35],[-37.76,66.3],[-37.97,66.12],[-37.99,65.95],[-38.27,65.91],[-38.11,65.77],[-38.22,65.65],[-38.67,65.59],[-39.2,65.59],[-39.45,65.55],[-39.64,65.68],[-39.87,65.51],[-39.86,65.24],[-40.12,65.17],[-40.18,65.04],[-41.08,65.07],[-41.05,64.88],[-40.63,64.69],[-40.56,64.51],[-40.36,64.36],[-40.84,64.38],[-41.08,64.31],[-41.52,64.33],[-41.39,64.18],[-40.71,64.16],[-40.56,64.11],[-40.61,63.81],[-40.88,63.66],[-41.17,63.39],[-41.91,63.46],[-41.47,63.23],[-41.75,62.84],[-42.02,62.8],[-42.42,62.82],[-42.71,62.69],[-42.38,62.57],[-42.25,62.44],[-42.41,62.35],[-42.27,62.25],[-42.42,62.01],[-42.12,62.01],[-42.53,61.53],[-42.5,61.36],[-42.71,61.29],[-42.67,61.03],[-42.89,60.85],[-42.83,60.61],[-43.2,60.55],[-43.32,60.44],[-43.09,60.26],[-43.14,60.08],[-43.99,60.19],[-44.48,60.12],[-44.59,59.99],[-44.97,60.04],[-45.19,60.21],[-44.93,60.33],[-44.94,60.48],[-45.21,60.44],[-45.39,60.52],[-45.98,60.58],[-45.72,60.74],[-46,60.8],[-46.03,60.91],[-46.38,61.08],[-46.63,60.99],[-46.86,60.8],[-47.06,60.86],[-47.44,60.83],[-47.93,60.84],[-48.02,61.05],[-48.62,61.21],[-48.55,61.38],[-48.85,61.4],[-49.24,61.61],[-49.43,61.85],[-49.31,62],[-49.7,62.27],[-50.01,62.32],[-50.31,62.49],[-50.18,62.77],[-50.56,62.98],[-50.59,63.23],[-51.06,63.18],[-51.13,63.5],[-51.54,63.69],[-51.4,63.81],[-51.44,64.08],[-51.73,64.21],[-51.13,64.21],[-50.9,64.41],[-50.62,64.47],[-50.78,64.6],[-50.48,64.71],[-50.66,64.82],[-50.91,64.69],[-51.25,64.76],[-51.51,64.47],[-51.84,64.23],[-52.14,64.22],[-52.16,64.68],[-51.88,64.84],[-52.28,65.08],[-52.2,65.28],[-52.27,65.45],[-52.79,65.53],[-52.76,65.67],[-53.19,65.68],[-53.07,65.81],[-53.46,65.96],[-53.35,66.11],[-53.7,66.36],[-53.43,66.65],[-52.67,66.69],[-53.1,66.93],[-53.65,66.91],[-53.63,67],[-53.96,67.1],[-53.81,67.42],[-53.38,67.53],[-53.05,67.7],[-52.41,67.77],[-51.86,67.64],[-51.44,67.75],[-52.82,67.8],[-53.58,67.52],[-53.74,67.61],[-53.54,67.72],[-53.69,67.81],[-53.2,67.97],[-53.14,68.11],[-52.58,68.19],[-51.93,68.05],[-51.22,68.07],[-51.22,68.27],[-51.65,68.27],[-52.45,68.18],[-53.09,68.32],[-52.62,68.53],[-51.96,68.59],[-51.57,68.52],[-50.93,68.67],[-51.1,68.87],[-51.08,69.13],[-50.89,69.17],[-50.85,69.63],[-50.33,69.89],[-50.94,69.96],[-52.33,70.05],[-52.61,70.22],[-53.23,70.35],[-54.02,70.41],[-54.59,70.68],[-53.98,70.83],[-53.43,70.75],[-52.79,70.76],[-52.45,70.7],[-51.55,70.43],[-51.35,70.57],[-51.4,70.7],[-51.19,70.89],[-51.91,71.02],[-51.54,71.31],[-52.05,71.25],[-52.26,71.37],[-52.99,71.42],[-52.7,71.53],[-52.66,71.68],[-53.68,71.74],[-53.95,71.44],[-54.63,71.35],[-54.98,71.44],[-55.51,71.45],[-55.85,71.72],[-55.37,71.83],[-55.27,71.93],[-55.55,72.04],[-54.88,72.25],[-55.65,72.45],[-54.97,72.52],[-54.65,72.84],[-54.98,73],[-55.47,73.07],[-55.46,73.26],[-55.27,73.39],[-55.84,73.68],[-55.95,73.86],[-56.33,74.04],[-56.26,74.24],[-56.6,74.24],[-56.61,74.45],[-56.24,74.5],[-56.88,74.71],[-56.85,74.81],[-58.13,75.11],[-58.66,75.38],[-58.17,75.5],[-58.56,75.65],[-59.04,75.7],[-59.27,75.88],[-60.12,76.03],[-60.83,76.03],[-60.87,76.16],[-62.4,76.24],[-63.48,76.38],[-63.72,76.18],[-64.38,76.26],[-65.35,76.03],[-65.89,76.1],[-66.41,76.09],[-67.05,76.27],[-67.31,76.16],[-66.49,75.95],[-68.43,76.08],[-69.58,76.44],[-68.73,76.59],[-68.03,76.58],[-67.99,76.68],[-68.91,76.66],[-70.66,76.8],[-71.35,76.99],[-71.34,77.07],[-70.9,77.19],[-69.06,77.26],[-68.37,77.38],[-66.77,77.36],[-66.05,77.49],[-66.61,77.67],[-67.14,77.67],[-67.59,77.52],[-68.64,77.51],[-69.22,77.45],[-70.26,77.56],[-71.31,77.77],[-72.78,78.11],[-72.59,78.52],[-71.55,78.64],[-69.44,78.81],[-69.03,78.98],[-68.04,79.08],[-66.68,79.14],[-66.12,79.1],[-64.86,79.51],[-65.13,79.85],[-64.93,80.07],[-67.05,80.06],[-67.46,80.18],[-67.46,80.34],[-66.76,80.55],[-65.12,80.78],[-64.75,81],[-63.93,81.06],[-62.98,81.23],[-61.5,81.11],[-60.94,81.18],[-61.3,81.37],[-60.79,81.51],[-61.45,81.75],[-61.28,81.82],[-58.61,82.11],[-57.03,82.19],[-54.44,82.37],[-53.02,82.01],[-50.89,81.88],[-49.83,81.87],[-49.46,81.95],[-50.58,82.15],[-51.11,82.51],[-49.01,82.45],[-48.74,82.36],[-46.01,82.04],[-45.16,81.79],[-44.3,81.81],[-44.88,81.98],[-44.4,82.11],[-44.7,82.26],[-43.73,82.41],[-45.66,82.73],[-44.96,82.77],[-41.82,82.75],[-40.63,82.58],[-39.95,82.69],[-40.98,82.77],[-46.56,82.89],[-46.43,83.06],[-45.15,83.16],[-43.04,83.21],[-41.74,83.19],[-40.69,82.99],[-39.44,82.96],[-37.63,83.15],[-38.86,83.26],[-38.69,83.43],[-36.74,83.54],[-35.24,83.54],[-32.49,83.63],[-30.65,83.6],[-25.65,83.3],[-26.08,83.21],[-30.74,83.14],[-27.38,83.06],[-25.22,83.17],[-24.75,83],[-23.66,82.84],[-22.57,82.8],[-21.32,82.61],[-22.44,82.34],[-23.89,82.28],[-29.85,82.14],[-29.94,82.09],[-31.77,81.96],[-30.8,81.87],[-27.76,82.06],[-24.62,81.99],[-24.71,81.78],[-26.31,81.62],[-25.62,81.56],[-23.31,81.79],[-23.2,82.02],[-21.39,82.08],[-21.03,81.77],[-21.26,81.52],[-22.27,81.15],[-21.36,81.2],[-19.39,81.64],[-19.25,81.55],[-17.15,81.41],[-16.45,81.64],[-16.49,81.75],[-15.21,81.81],[-13.92,81.81],[-12.03,81.64],[-11.64,81.39],[-12.54,81.19],[-14.2,80.91],[-14.29,80.78],[-15.42,80.65],[-17.06,80.66],[-18.59,80.57],[-18.06,80.49],[-16.9,80.58],[-15.79,80.4],[-16.45,80.22],[-17.87,80.16],[-19.47,80.26],[-20.42,79.84],[-19.21,79.71],[-19.57,79.39],[-18.94,79.26],[-18.96,79.15],[-19.91,79.02],[-19.93,78.83],[-20.98,78.77],[-20.89,78.56],[-21.3,78.27],[-21.32,78.08],[-21.63,78],[-21.37,77.78],[-20.76,77.97],[-19.96,77.79],[-19.36,77.73],[-18.98,77.62],[-19.41,77.54],[-20.02,77.69],[-20.77,77.62],[-20.23,77.37],[-19.08,77.32],[-18.32,77.21],[-18.27,76.92],[-18.5,76.75],[-19.39,76.83],[-19.9,76.93],[-20.51,76.95],[-21.5,76.7],[-21.94,76.62],[-21.57,76.38],[-20.49,76.22],[-19.94,76.26],[-19.67,76.13],[-20.27,75.99],[-19.75,75.89],[-19.38,75.54],[-19.43,75.23],[-19.88,75.15],[-20.17,75.34],[-20.67,75.29],[-20.76,74.83],[-20.52,74.68],[-20.07,74.66],[-18.97,74.48],[-19.37,74.27],[-20.2,74.28],[-20.36,74.45],[-21.26,74.47],[-21.77,74.44],[-22.05,74.32],[-22.23,74.1],[-21.59,74.06],[-20.69,73.89],[-20.48,73.76],[-20.54,73.45],[-21.28,73.46],[-22.31,73.25],[-23.11,73.35],[-23.99,73.6],[-24.06,73.82],[-24.41,73.73],[-24.38,73.56],[-25.29,73.47],[-25.7,73.27],[-25.72,73.14],[-24.98,73.03],[-25.52,72.84],[-24.85,72.72],[-24.34,72.33],[-23.76,72.24],[-23.58,72.15],[-22.5,71.9],[-23.06,71.71],[-23.01,71.64],[-22.31,71.7],[-22.53,71.46],[-21.94,71.49],[-21.67,71.4],[-21.78,71.09],[-21.57,70.96],[-21.76,70.87],[-21.62,70.74],[-21.73,70.58],[-22.02,70.5],[-22.66,70.44],[-23.35,70.44],[-23.93,70.61],[-24.18,70.8],[-24.26,71.08],[-24.67,71.27],[-25.12,71.31],[-25.58,71.52],[-26.08,71.59],[-26.79,71.55],[-27.88,71.98],[-27.97,71.87],[-27.33,71.72],[-27.03,71.53],[-25.73,71.47],[-25.41,71.35],[-25.6,71.17],[-26.43,70.97],[-26.83,70.94],[-27.51,70.94],[-27.79,71.02],[-28.01,70.74],[-28.31,70.56],[-28.23,70.37],[-26.74,70.48],[-26.32,70.38],[-26.85,70.26],[-26.33,70.2],[-25.31,70.41],[-24.48,70.25],[-23.56,70.11],[-22.37,70.12],[-22.38,69.97],[-22.88,69.96],[-23.7,69.72],[-23.81,69.51],[-24.1,69.53],[-24.62,69.28],[-25.02,69.23],[-25.04,69.13],[-25.67,68.87],[-26.24,68.79],[-26.42,68.66],[-27.18,68.61],[-27.31,68.54],[-27.91,68.51],[-28.09,68.44],[-29.01,68.35],[-29.51,68.22],[-29.99,68.38],[-30.15,68.24],[-30.01,68.13],[-30.91,68.05],[-31.41,68.12],[-32.13,68.05],[-32.1,67.91],[-32.52,67.87],[-33.19,67.56],[-33.28,67.42],[-33.75,66.99],[-33.95,66.93],[-34.26,66.58],[-34.64,66.38],[-35.22,66.24],[-35.66,66.28],[-35.59,66.11],[-35.99,65.98]],[[-37.45,65.79],[-37.31,65.68],[-37.74,65.57],[-37.95,65.62],[-37.95,65.8],[-37.64,65.91],[-37.45,65.79]],[[-55.74,72.61],[-55.61,72.76],[-55.09,72.74],[-55.53,72.56],[-55.74,72.61]],[[-52.48,71.26],[-52.66,71.17],[-53.12,71.21],[-52.97,71.39],[-52.48,71.26]],[[-53.9,71.08],[-53.95,71.17],[-53.61,71.32],[-53.39,71.15],[-53.9,71.08]],[[-52.9,69.35],[-53.59,69.24],[-54.15,69.34],[-53.8,69.43],[-53.88,69.56],[-54.74,69.59],[-54.99,69.7],[-54.77,69.97],[-54.83,70.2],[-54.45,70.31],[-53.9,70.29],[-53.27,70.2],[-52.73,69.93],[-52,69.81],[-51.84,69.63],[-52.14,69.48],[-52.9,69.35]],[[-51.22,69.91],[-50.67,69.83],[-50.97,69.72],[-50.95,69.56],[-51.25,69.54],[-51.34,69.74],[-51.22,69.91]],[[-44.53,82.41],[-45.07,82.22],[-46.88,82.36],[-47.7,82.64],[-46.32,82.68],[-44.53,82.41]],[[-18.76,79.97],[-17.74,80.09],[-17.28,80.01],[-17.84,79.74],[-18.49,79.69],[-19.36,79.87],[-18.76,79.97]],[[-18.55,76.05],[-18.87,76.19],[-19.11,76.47],[-18.72,76.51],[-18.55,76.05]],[[-17.32,75.14],[-17.5,75],[-18.1,75.04],[-18.45,74.99],[-18.93,75.05],[-18.8,75.34],[-18.51,75.37],[-17.81,75.09],[-17.32,75.14]],[[-19.81,74.89],[-20.14,74.7],[-20.68,74.82],[-20.61,74.99],[-20.19,75.04],[-19.81,74.89]],[[-20.35,74.25],[-20.16,74.17],[-21.03,74.1],[-21.93,74.21],[-21.84,74.35],[-21.25,74.46],[-20.55,74.41],[-20.35,74.25]],[[-24.52,73.05],[-25.71,73.18],[-25.24,73.41],[-24.46,73.43],[-23.23,73.25],[-22.98,73.11],[-24.52,73.05]],[[-21.93,72.74],[-22.65,72.7],[-23.16,72.88],[-24.53,72.9],[-24.54,72.99],[-23.78,73.02],[-23.24,73.08],[-21.9,72.92],[-21.93,72.74]],[[-21.95,72.43],[-22.25,72.12],[-22.52,72.13],[-23.07,72.31],[-23.91,72.47],[-24.35,72.59],[-24.49,72.83],[-23.93,72.88],[-23.15,72.84],[-22.72,72.63],[-21.95,72.49],[-21.95,72.43]],[[-25.32,70.75],[-25.3,70.66],[-26.28,70.58],[-26.58,70.52],[-28.07,70.43],[-27.93,70.64],[-27.68,70.65],[-27.07,70.89],[-26.66,70.9],[-25.7,71.09],[-25.41,70.92],[-25.32,70.75]],[[-12.86,80.68],[-12.35,80.39],[-15.79,80.02],[-16.75,80.05],[-15.32,80.29],[-14.78,80.5],[-13.21,80.56],[-12.86,80.68]],[[-16.61,79.63],[-17.06,79.6],[-17.21,79.36],[-17.73,79.3],[-18.18,79.55],[-17.32,79.69],[-16.61,79.63]],[[-71.47,77.71],[-71.34,77.59],[-71.83,77.5],[-72.69,77.65],[-72.35,77.79],[-71.47,77.71]],[[-19.7,74.17],[-19.43,74.03],[-19.98,73.95],[-20.45,73.99],[-20.41,74.12],[-19.7,74.17]],[[-53.85,66.74],[-54.03,66.72],[-54.09,66.53],[-54.43,66.49],[-54.6,66.37],[-55.01,66.41],[-54.75,66.55],[-54.47,66.55],[-54.01,66.81],[-53.85,66.74]],[[-66.73,77.65],[-66.69,77.4],[-67.16,77.41],[-67.11,77.64],[-66.73,77.65]],[[-33.4,66.77],[-33.46,66.59],[-33.73,66.54],[-34,66.69],[-33.82,66.84],[-33.4,66.77]],[[-24.17,73.69],[-24.04,73.59],[-23.12,73.32],[-22.12,73.22],[-21.83,73.33],[-21.21,73.28],[-21.78,73.16],[-21.14,72.99],[-21.52,72.92],[-22.05,73.11],[-23.66,73.35],[-24.01,73.43],[-24.17,73.69]],[[-27.83,68.43],[-28.13,68.22],[-28.28,68.4],[-27.83,68.43]]],[[[-12.76,79.66],[-13.22,79.61],[-13.77,79.3],[-13.23,79.28],[-13.25,79.48],[-12.48,79.57],[-12.76,79.66]]],[[[-9.06,79.51],[-9.04,79.36],[-7.42,79.45],[-7.95,79.61],[-9.06,79.51]]],[[[-11.37,78.65],[-11.44,78.35],[-10.8,78.36],[-10.74,78.49],[-9.54,78.58],[-10.57,78.7],[-11.37,78.65]]],[[[-9.49,76.16],[-10.48,76.06],[-10.04,75.95],[-9.37,76.1],[-9.49,76.16]]],[[[-15.01,74.6],[-15.02,74.35],[-15.81,74.28],[-15.9,74.17],[-14.97,74.24],[-14.68,74.5],[-15.01,74.6]]],[[[-16.36,74.13],[-16.22,73.84],[-15.89,73.9],[-15.96,74.07],[-16.36,74.13]]],[[[-19.27,72.3],[-19.36,72.08],[-19.7,71.94],[-18.74,72],[-18.6,72.16],[-18.98,72.17],[-19.27,72.3]]],[[[-20.6,71.01],[-20.23,71.02],[-20.24,71.31],[-20.59,71.46],[-20.93,71.43],[-20.95,71.31],[-20.6,71.01]]],[[[-8.46,71.1],[-9.15,70.88],[-9.15,70.6],[-8.57,70.5],[-8.31,70.63],[-8.29,70.81],[-7.94,70.99],[-7.91,71.16],[-8.46,71.1]]],[[[-19.75,70.66],[-20.24,70.81],[-20.46,70.55],[-19.77,70.42],[-19.59,70.49],[-19.75,70.66]]],[[[-23.62,68.93],[-24.03,68.82],[-24.4,68.91],[-24.78,68.9],[-25.05,68.77],[-24.62,68.72],[-24.74,68.5],[-24.35,68.55],[-24.05,68.69],[-23.57,68.8],[-23.62,68.93]]],[[[-24.19,64.9],[-24.37,64.58],[-24.75,64.5],[-24.61,64.3],[-24,64.43],[-23.78,64.3],[-23.99,64.07],[-24.4,63.76],[-24.58,63.46],[-24.36,63.28],[-24.09,63.3],[-23.8,63.41],[-23.44,63.45],[-23.42,63.55],[-23.01,63.49],[-23.1,63.34],[-22.84,63.32],[-22.77,63.53],[-22.33,63.62],[-22.16,63.52],[-22.02,63.19],[-21.79,63.29],[-21.31,63.27],[-20.97,63.15],[-20.36,63.15],[-20.04,63.24],[-19.82,63.38],[-18.97,63.29],[-18.81,63.24],[-17.4,63.24],[-17,63.28],[-16.91,63.49],[-16.65,63.39],[-16,63.41],[-15.33,63.56],[-14.9,63.59],[-13.84,63.9],[-13.37,64.07],[-13.05,64.09],[-12.67,64.33],[-12.46,64.39],[-12.47,64.57],[-12.19,64.54],[-12.05,64.69],[-12.05,64.89],[-11.88,65],[-12.19,65.1],[-12.02,65.3],[-12.88,65.3],[-12.85,65.42],[-12.3,65.38],[-11.88,65.53],[-12.97,65.63],[-13.59,65.75],[-13.79,65.95],[-12.57,66.05],[-12.46,66.24],[-12.75,66.47],[-13.1,66.43],[-13.39,66.47],[-13.35,66.67],[-13.8,66.82],[-14.37,66.68],[-14.54,66.72],[-14.49,66.92],[-14.84,66.99],[-15.02,67.14],[-15.82,67.04],[-15.21,66.76],[-15.57,66.62],[-15.74,66.78],[-16.02,66.75],[-16.73,66.96],[-17.06,66.8],[-17.68,66.33],[-17.87,66.65],[-18.39,66.7],[-18.54,66.48],[-18.44,66.3],[-19.03,66.32],[-19.39,66.39],[-19.7,66.25],[-19.91,66.37],[-19.65,66.69],[-20.16,66.72],[-20.55,66.33],[-20.87,66.32],[-20.8,66.53],[-21.32,66.52],[-21.05,66.67],[-20.8,67.11],[-21.26,67.09],[-21.67,66.98],[-22.53,67.04],[-22.77,66.93],[-23.25,66.85],[-23.86,66.98],[-24.26,66.87],[-24.45,66.92],[-24.8,66.67],[-25.22,66.44],[-25.64,66.31],[-26.05,66.05],[-25.8,65.93],[-25.6,65.72],[-26.32,65.81],[-26.32,65.67],[-26.68,65.63],[-26.59,65.38],[-26.74,65.16],[-26.54,65.01],[-26.35,64.77],[-25.99,64.85],[-25.74,64.75],[-25.3,64.73],[-24.94,64.76],[-24.25,64.95],[-24.19,64.9]],[[-14.56,66.38],[-14.96,66.3],[-15.08,66.05],[-14.68,66.06],[-14.6,65.96],[-14.82,65.82],[-14.4,65.73],[-13.82,65.54],[-13.61,65.51],[-13.69,65.31],[-13.53,65.06],[-14.05,64.72],[-14.49,64.66],[-14.51,64.44],[-15,64.26],[-15.36,64.34],[-15.46,64.25],[-15.99,64.14],[-16.35,63.97],[-16.9,63.81],[-17.86,63.74],[-17.96,63.52],[-18.73,63.4],[-19.29,63.44],[-19.77,63.53],[-20.19,63.54],[-20.44,63.67],[-21.17,63.88],[-21.66,63.83],[-22.34,63.86],[-22.69,63.95],[-21.96,64.08],[-21.82,64.24],[-21.96,64.3],[-22.39,64.64],[-22.32,64.75],[-23.25,64.83],[-23.83,64.73],[-24.06,64.89],[-22.67,65.01],[-22.03,65.11],[-22.56,65.17],[-22.2,65.32],[-22.2,65.43],[-22.93,65.57],[-23.9,65.4],[-24.2,65.5],[-24.05,65.8],[-23.87,65.88],[-23.79,66.07],[-23.46,66.2],[-23.03,66.11],[-22.87,66.16],[-23.1,66.32],[-22.85,66.47],[-22.38,66.43],[-22.21,66.29],[-21.75,66.19],[-21.72,66.08],[-21.32,65.99],[-21.42,65.76],[-21.37,65.49],[-21.2,65.41],[-20.92,65.6],[-20.26,65.74],[-20.45,66.03],[-20.03,66.08],[-19.65,65.76],[-19.42,65.75],[-19.5,65.98],[-19.36,66.09],[-18.94,66.19],[-18.69,66.17],[-18.54,65.97],[-18.23,65.94],[-18.3,66.18],[-17.91,66.15],[-17.67,66.01],[-17.42,65.99],[-17.22,66.19],[-16.92,66.12],[-16.49,66.19],[-16.42,66.29],[-16.54,66.51],[-16.02,66.54],[-15.78,66.29],[-15.42,66.17],[-14.84,66.39],[-14.56,66.38]],[[-13.7,66.26],[-13.94,66.16],[-14.45,66.25],[-13.89,66.37],[-13.7,66.26]]],[[[-38.49,65.05],[-38.35,65.19],[-38.45,65.3],[-38.83,65.21],[-38.96,65.04],[-38.61,64.97],[-38.49,65.05]]],[[[-35.54,65.36],[-35.12,65.47],[-35.53,65.53],[-35.54,65.36]]],[[[-33.62,66.08],[-34.32,66.03],[-34.39,65.94],[-33.98,65.86],[-33.63,65.96],[-33.62,66.08]]],[[[-6.77,62.74],[-7.54,62.69],[-8.06,62.55],[-8.56,62.29],[-8.63,62.12],[-8.49,61.96],[-8.49,61.81],[-8.3,61.69],[-7.99,61.66],[-7.75,61.79],[-7.51,61.57],[-7.54,61.41],[-7.18,61.25],[-6.92,61],[-6.91,60.79],[-6.55,60.8],[-6.4,60.71],[-6.12,60.73],[-6.16,60.91],[-6.31,61.03],[-6.42,61.29],[-6.35,61.57],[-5.9,61.88],[-5.83,62.02],[-5.45,61.97],[-5.69,61.75],[-5.33,61.67],[-5.18,61.81],[-4.7,61.94],[-4.73,62.1],[-5.05,62.29],[-5.25,62.5],[-5.93,62.6],[-6.33,62.74],[-6.77,62.74]],[[-7.06,62.29],[-6.61,62.2],[-6.69,62.07],[-7.06,62.29]]],[[[-6.22,61.37],[-5.84,61.5],[-5.9,61.64],[-6.15,61.63],[-6.22,61.37]]],[[[-8.61,60.75],[-8.11,60.89],[-7.97,61.04],[-8.09,61.19],[-8.49,61.27],[-8.94,61.16],[-9.21,60.99],[-9.47,60.95],[-9.5,60.77],[-9.4,60.68],[-8.98,60.49],[-8.61,60.75]]],[[[-10.36,60.44],[-10.01,60.6],[-10.27,60.8],[-10.65,60.67],[-10.36,60.44]]],[[[-41.82,60.75],[-41.72,60.95],[-42.06,60.87],[-41.82,60.75]]],[[[-62.08,64.17],[-62.32,64.27],[-63.02,64.32],[-63.17,64.23],[-62.9,63.91],[-62.63,63.87],[-62.3,63.7],[-61.91,63.73],[-62.08,64.17]]],[[[-57.79,68.16],[-58.01,68.1],[-58.11,67.77],[-57.83,67.67],[-57.52,67.86],[-57.79,68.16]]],[[[-58.68,68.36],[-58.57,68.54],[-58.63,68.75],[-58.85,68.92],[-59.23,68.85],[-59.37,68.67],[-59.3,68.48],[-59,68.35],[-58.68,68.36]]],[[[-61.66,73.08],[-61.75,73.25],[-61.64,73.52],[-61.84,73.64],[-62.35,73.61],[-62.71,73.53],[-62.96,73.27],[-62.46,73.09],[-61.9,72.97],[-61.66,73.08]]],[[[-58.96,73.47],[-58.31,73.95],[-58.28,74.26],[-58.94,74.21],[-58.87,73.92],[-59.23,73.88],[-59.37,73.65],[-58.96,73.47]]],[[[-62.96,74.75],[-62.99,74.91],[-62.82,75.2],[-63.16,75.33],[-63.67,75.25],[-64.12,75.34],[-64.12,75.48],[-64.44,75.6],[-65.49,75.61],[-65.89,75.48],[-65.25,75.31],[-64.87,75.37],[-64.48,75.27],[-64.07,75],[-63.7,74.89],[-63.26,75.01],[-62.96,74.75]]],[[[-67.18,75.25],[-67.93,75.4],[-68.03,75.29],[-67.51,75.15],[-67.18,75.25]]],[[[-72.81,76.96],[-73.58,76.88],[-73.43,76.73],[-72.86,76.61],[-72.37,76.72],[-72.81,76.96]]],[[[-13.87,58.11],[-13.95,57.92],[-14.15,57.82],[-14.32,57.64],[-14.42,57.29],[-14.59,57.06],[-14.97,57],[-14.95,56.71],[-15.02,56.53],[-14.47,56.58],[-14.17,56.78],[-14.36,56.87],[-14.37,56.99],[-14.19,57.11],[-13.57,57.3],[-13.17,57.25],[-13.02,57.4],[-13.3,57.5],[-13.16,57.91],[-13.61,57.94],[-13.87,58.11]]],[[[-60.03,58.1],[-60.77,58.05],[-60.74,57.94],[-60.33,57.94],[-60.03,58.1]]],[[[-13.42,53.63],[-13.8,53.47],[-13.94,53.45],[-14.25,53.29],[-14.3,53.17],[-13.96,53.03],[-14.04,52.91],[-13.77,52.89],[-13.53,53.03],[-13.5,53.19],[-13.17,53.5],[-13.42,53.63]]],[[[-44.69,47.47],[-44.95,47.46],[-45.24,47.29],[-45.35,47.09],[-45.19,46.79],[-45.22,46.63],[-44.74,46.63],[-44.45,46.82],[-44.35,47.04],[-44.39,47.28],[-44.6,47.31],[-44.69,47.47]]],[[[45.95,82.08],[46.74,81.95],[46.54,81.72],[44.62,81.87],[44.34,82.04],[43.28,82.06],[43.49,81.82],[44.89,81.47],[44.71,81.11],[44.96,80.96],[45.81,80.86],[45.69,80.78],[44.57,80.74],[45.03,80.55],[45.37,80.54],[45.52,80.49],[45.86,80.52],[46.09,80.41],[46.76,80.53],[47.37,80.43],[46.65,80.34],[46.6,80.27],[46.89,80.16],[47.7,80.03],[48.29,80.02],[49.28,79.83],[49.4,79.73],[50.36,79.59],[51.44,79.66],[51.99,79.76],[52.25,79.95],[51.51,80.02],[50.43,80.31],[50.42,80.45],[51.7,80.65],[51.76,80.74],[51.65,80.79],[51.03,80.81],[51.06,80.88],[50.97,80.96],[50.72,80.98],[50.97,81.07],[51.03,81.2],[50.37,81.31],[49.68,81.1],[48.42,81.01],[48.25,81.15],[49.18,81.3],[48.85,81.62],[49.4,81.75],[49.35,82.04],[47.86,82.21],[46.73,82.18],[45.95,82.08]],[[51.69,80.73],[51.7,80.68],[51.17,80.62],[50.95,80.54],[49.73,80.49],[49.49,80.36],[48.65,80.32],[49.11,80.19],[48.44,80.1],[47.63,80.12],[47.1,80.17],[46.66,80.27],[47.43,80.32],[48.83,80.5],[49.63,80.64],[49,80.78],[50.72,80.9],[51.05,80.85],[50.31,80.76],[51.31,80.78],[51.69,80.73]],[[46.69,80.53],[46.07,80.57],[45.49,80.52],[45.09,80.65],[46.92,80.75],[46.69,80.53]]],[[[56.02,81.11],[54.67,81.15],[54.01,81.05],[54.33,80.91],[53.75,80.81],[55.54,80.61],[55.92,80.22],[55.7,80.13],[55.69,80.08],[55.92,80.02],[55.88,79.83],[57.12,79.87],[56.5,79.62],[57.53,79.59],[58.94,79.66],[59.67,79.73],[60.04,79.59],[60.1,79.24],[59.5,79.23],[58.48,79.47],[57.45,79.37],[56.25,79.38],[55.48,79.52],[54.62,79.51],[55.3,79.16],[55.44,79],[59.16,79.03],[59.41,78.94],[60.44,79.13],[61.05,79.15],[60.86,79.38],[61.49,79.36],[61.93,79.08],[60.71,79.03],[60.6,78.93],[59.78,78.89],[59.65,78.79],[60.01,78.63],[60.93,78.52],[61.48,78.55],[61.74,78.76],[61.1,78.8],[61.05,78.93],[61.99,78.92],[62.8,79.08],[62.7,79.21],[63.7,79.42],[64.29,79.6],[64.42,80.1],[63.34,80.1],[63.06,79.82],[62.23,79.88],[60.25,79.85],[60.21,80.08],[61.93,80.26],[61.84,80.4],[63.08,80.53],[63.19,80.39],[64.52,80.32],[65.87,80.63],[65.93,80.91],[65.5,81.23],[65,81.39],[63.37,81.25],[62.61,81.12],[61.82,81.19],[60.69,81.15],[59.8,81.01],[59.3,81.05],[61.12,81.29],[60.44,81.41],[59.96,81.63],[59.8,81.88],[60.56,81.96],[60.96,82.19],[58.97,82.04],[57.77,81.89],[57.88,81.68],[56.66,81.57],[56.61,81.44],[56,81.34],[54.94,81.44],[53.26,81.4],[53.51,81.23],[55.37,81.22],[56.02,81.11]],[[55.79,80.64],[56.53,80.79],[56.93,80.66],[55.79,80.64]],[[55.77,80.78],[54.88,80.72],[54.41,80.85],[55.1,80.9],[55.77,80.78]],[[54.56,81],[56.02,81.04],[57.68,80.82],[55.8,80.85],[55.4,80.96],[54.56,81]],[[55.65,81.2],[55.83,81.32],[56.73,81.4],[57.69,81.33],[56.43,81.17],[55.65,81.2]],[[58.3,81.71],[58.16,81.83],[59.21,81.86],[59.36,81.75],[58.3,81.71]],[[62.77,80.89],[63.14,80.97],[64.04,80.99],[64.42,81.19],[65.23,81.14],[65.45,80.92],[64.43,80.74],[63.13,80.68],[62.77,80.89]],[[60.26,81.04],[61.68,81.11],[60.99,80.92],[60.26,81.04]],[[62.22,80.81],[62.07,80.61],[61.04,80.41],[60.31,80.5],[59.64,80.43],[59.23,80.64],[59.69,80.84],[60.56,80.82],[62.07,80.88],[62.22,80.81]],[[57.53,80.13],[57.27,80.39],[58.45,80.47],[59.19,80.38],[58.19,80.29],[57.53,80.13]],[[55.71,80.1],[56.02,80.18],[55.99,80.34],[57.13,80.31],[56.96,80.07],[55.95,80.08],[55.71,80.1]]],[[[61.97,81.92],[61.08,81.73],[61.37,81.5],[63.13,81.46],[64.57,81.63],[64.58,81.78],[64.06,81.89],[61.97,81.92]]],[[[57.01,78.45],[56.31,78.44],[56.13,78.34],[56.81,78.2],[57.01,78.45]]],[[[55.72,78.24],[55.06,78.27],[54.87,78.07],[55.52,77.91],[56.47,77.81],[56.49,78.02],[55.76,78.09],[55.72,78.24]]],[[[34.55,78.59],[33.38,78.48],[33.2,77.86],[32.59,77.75],[32.27,77.61],[31.75,77.58],[31.11,77.26],[30.46,77.4],[29.83,77.34],[29.78,77.54],[29.2,77.56],[28.17,77.7],[27.94,77.91],[28.27,78.06],[26.45,78.17],[26.38,78.34],[27.9,78.44],[28.68,78.65],[29.19,78.58],[29.03,78.45],[29.57,78.34],[30.61,78.4],[30.4,78.56],[29.81,78.64],[31.17,78.89],[32.59,78.94],[32.81,79.08],[34.01,79.17],[33.98,79.25],[31.88,79.33],[31.57,79.28],[30.05,79.25],[29.5,79.16],[29.09,79.25],[26.62,79.13],[25.83,79.06],[25.41,78.87],[25.64,78.78],[25.05,78.61],[24.52,78.63],[24.08,78.94],[27.3,79.44],[27.64,79.6],[28.45,79.65],[28.4,80],[28.93,80.06],[28.82,80.29],[29.31,80.47],[28.94,80.63],[28.07,80.67],[27.99,80.79],[26.54,81.07],[25.14,81.2],[24.93,81.31],[23.69,81.26],[21.84,81.29],[21.63,81.17],[19.85,81.13],[18.58,81.03],[17.72,80.91],[17.43,80.78],[16.15,80.67],[16.83,80.26],[15.98,80.23],[15.01,80.7],[13.97,80.67],[13.66,80.47],[12.32,80.39],[11.42,80.38],[11.1,80.28],[11.19,80.01],[10.77,79.97],[10.1,79.73],[9.35,79.55],[8.81,79.52],[8.41,79.36],[9.07,78.98],[10.94,79.09],[10.99,79.01],[9.15,78.85],[9.59,78.75],[9.7,78.41],[10.06,78.3],[11.33,78.29],[11.71,78.15],[12.73,78.2],[13.63,78.18],[13.57,78.08],[12.8,78.01],[11.19,78.02],[10.49,78.1],[9.57,78.1],[9.76,77.96],[10.61,77.77],[11.67,77.78],[11.81,77.45],[12.5,77.46],[13.19,77.39],[12.82,77.14],[13.47,77.09],[13.34,76.92],[14.33,76.55],[15.17,76.47],[15.77,76.35],[16.01,76.2],[15.32,76.12],[14.98,76.01],[15.69,75.8],[15.25,75.63],[15.68,75.3],[15.61,75.16],[16.04,74.96],[16.41,74.91],[17.08,74.93],[17.99,75.12],[18.22,74.89],[17.91,74.55],[18.12,74.26],[17.88,74.16],[18.08,73.93],[18.46,73.83],[19.65,73.9],[20.48,73.9],[20.61,74.06],[21,74.2],[22.06,74.24],[24.85,74.67],[25.24,74.91],[25.47,74.95],[25.91,75.23],[26.21,75.16],[26.86,75.57],[27.99,75.67],[27.4,75.8],[27.05,76.01],[27.63,76.13],[27.94,75.97],[28.51,75.91],[28.77,76.1],[28.66,76.42],[28.79,76.73],[29.38,77.02],[29.69,76.83],[30.5,76.75],[30.73,76.9],[31.35,76.9],[32.6,76.73],[32.96,76.6],[33.82,76.49],[34.5,76.52],[34.83,76.65],[35.5,76.73],[37.33,76.78],[37.9,76.9],[39.11,76.92],[39.66,77.1],[38.97,77.18],[38.33,77.4],[37.42,77.36],[36.62,77.53],[37.01,77.67],[37.25,77.89],[37.99,77.64],[38.45,77.82],[37.97,78.05],[38.67,78.2],[38.95,78.48],[40.06,78.73],[40.08,78.97],[40.48,79.14],[40.53,79.31],[38.5,78.94],[38.21,78.61],[36.01,78.63],[35.69,78.55],[34.7,78.03],[34.01,77.93],[33.32,78.02],[33.48,78.33],[34.55,78.59]],[[20.21,78.64],[19.68,78.51],[18.99,78.47],[18.92,78.18],[18.33,77.9],[18.45,77.76],[18.19,77.49],[17.81,77.49],[17.48,77.31],[17.32,76.98],[16.94,76.78],[17.19,76.7],[16.81,76.57],[16.34,76.62],[15.04,77.13],[14.37,77.2],[13.91,77.53],[14.77,77.55],[15.12,77.7],[16.87,77.81],[16.68,77.87],[14.46,77.76],[13.72,77.77],[13.59,78.06],[15.03,78.12],[15.8,78.34],[15.21,78.66],[14.38,78.5],[14.28,78.31],[13.86,78.21],[12.91,78.25],[12.86,78.36],[11.64,78.75],[11.86,78.86],[11.28,79.1],[10.71,79.56],[11.82,79.85],[12.77,79.77],[13.8,79.88],[13.88,79.54],[14.55,79.81],[15.26,79.62],[15.5,79.33],[15.96,79.31],[15.65,79.85],[16.62,79.99],[17.56,79.9],[18.88,79.44],[18.95,79.16],[19.79,79.17],[19.91,79.01],[21.52,78.85],[21.04,78.64],[20.21,78.64]],[[21.02,78.22],[20.18,78.5],[21.18,78.62],[22.24,78.49],[22.27,78.27],[21.02,78.22]],[[24.42,77.83],[23.89,77.51],[23.23,77.26],[22.43,77.26],[22.19,77.5],[20.92,77.44],[21.26,77.73],[21.66,77.92],[20.88,78.09],[21.7,78.21],[22.97,78.26],[23.47,78.15],[23.12,77.99],[23.63,77.87],[24.42,77.83]],[[12.14,78.24],[11.31,78.45],[10.53,78.79],[11.18,78.73],[11.27,78.57],[11.89,78.4],[12.14,78.24]],[[27.17,80.07],[27.15,79.85],[25.83,79.63],[25.65,79.4],[24.29,79.31],[24.05,79.19],[22.93,79.22],[22.42,79.41],[20.82,79.38],[19.63,79.61],[20.48,79.69],[21.85,79.71],[21.89,79.82],[18.78,79.72],[18.15,79.92],[18.38,80.04],[18.01,80.19],[19.11,80.26],[19.8,80.49],[20.88,80.21],[22.37,80.11],[22.56,80.31],[23.6,80.14],[23.76,80.28],[24.38,80.33],[25.94,80.19],[26.81,80.17],[27.17,80.07]],[[19.33,77.6],[20.02,77.53],[19.8,77.27],[20.07,77.18],[19.94,76.97],[19.09,77.09],[19.05,77.26],[18.73,77.36],[18.59,77.58],[19.33,77.6]],[[17.85,76.38],[18.34,76.12],[18.1,75.97],[18.16,75.82],[17.74,75.65],[17.58,75.33],[16.85,75.23],[16.76,75.57],[16.16,75.92],[16.19,76.26],[16.97,76.33],[17.21,76.42],[17.85,76.38]]],[[[44.16,79.1],[44.45,78.97],[44.42,78.61],[45.89,78.92],[46.85,78.89],[47.26,79.03],[47.58,79.3],[44.9,79.67],[44.44,79.64],[43.96,79.28],[44.16,79.1]]],[[[31.02,79.56],[31.45,79.64],[33.57,79.83],[38.61,79.93],[39.19,80.13],[39.96,80.29],[39.55,80.67],[39.04,80.73],[39.14,81.07],[38.49,81.2],[37.61,81.05],[34.85,81.13],[34.3,81.34],[33.52,81.27],[33.01,81.43],[31.85,81.41],[30.18,81.47],[29.79,81.25],[29.69,81],[30.43,80.63],[30.46,80.45],[30.12,80.33],[30.49,80.21],[30.08,79.86],[30.09,79.48],[31.02,79.56]],[[33.87,80.93],[33.64,81.12],[34.59,81.08],[33.87,80.93]],[[37.91,80.97],[38.81,80.83],[38.62,80.72],[36.68,80.55],[35.55,80.39],[34.14,80.05],[34.02,80.3],[35.43,80.5],[35.83,80.71],[36.88,80.7],[37.91,80.97]]],[[[53.4,79.11],[54.17,79.39],[53.09,79.43],[53.4,79.11]]],[[[58.1,77.69],[57.38,77.57],[57.31,77.38],[58.16,77.36],[58.1,77.69]]],[[[39.9,76.78],[41.07,76.81],[41.08,76.95],[40.3,77],[39.9,76.78]]],[[[36.58,75.87],[36.15,75.8],[35.52,75.86],[35.06,75.75],[34.29,75.7],[33.55,75.5],[33.35,75.22],[32.65,75.2],[31.97,75.1],[31.43,74.93],[31.47,74.84],[32.38,74.52],[33.02,74.68],[33.44,74.62],[33.93,74.79],[34.75,74.67],[35.96,74.61],[35.95,74.37],[36.35,74.34],[36.64,74.19],[37.13,74.15],[37.37,73.97],[37.83,73.97],[38.19,74.07],[39.58,74],[39.58,74.14],[40.44,74.07],[40.66,74.26],[40.62,74.41],[40.95,74.56],[40.73,74.63],[40.74,74.86],[40.46,74.9],[40.51,75.08],[39.57,75.23],[39.28,75.39],[38.82,75.29],[38.53,75.37],[37.91,75.37],[38.12,75.58],[36.89,75.78],[36.58,75.87]]],[[[17.48,74.16],[17.57,74.52],[17.19,74.55],[17.48,74.16]]],[[[53.55,80.06],[54.3,80.07],[54.85,80.22],[55.54,80.26],[55.37,80.48],[55.01,80.58],[53.19,80.68],[53.04,80.47],[52.02,80.42],[52.39,80.04],[53.54,79.93],[53.55,80.06]],[[52.62,80.18],[52.86,80.41],[53.34,80.4],[53.49,80.17],[52.62,80.18]]],[[[55.66,81.64],[55.57,81.86],[54.89,81.94],[53.96,81.75],[54.69,81.6],[55.66,81.64]]],[[[36.26,73.29],[35.2,73.21],[34.65,73.11],[34.54,72.97],[35.06,72.91],[35.88,73.11],[36.75,73.05],[36.93,73.21],[36.85,73.41],[36.49,73.48],[36.26,73.29]]],[[[17.45,71.28],[17.78,71.19],[18.33,71.26],[18.46,71.49],[17.89,71.68],[17.55,71.53],[17.45,71.28]]],[[[9.87,65.38],[10.03,65.22],[10.47,65.23],[10.26,65.39],[9.87,65.38]]],[[[8.69,64.42],[8.92,64.45],[9.32,64.76],[8.64,65.02],[8.33,64.96],[8.5,64.62],[8.39,64.47],[8.69,64.42]]],[[[7.29,63.66],[7.72,63.81],[7.26,63.88],[7.29,63.66]]],[[[-175.71,28.02],[-176.01,27.88],[-176.02,27.76],[-175.85,27.73],[-175.7,27.81],[-175.71,28.02]]],[[[-177.36,28.15],[-177.28,28.24],[-177.47,28.37],[-177.48,28.19],[-177.36,28.15]]],[[[-119.11,32.74],[-119.23,32.74],[-119.37,32.58],[-119.33,32.5],[-119.09,32.39],[-119.11,32.74]]],[[[-119.28,33.26],[-119.74,33.53],[-119.85,33.51],[-119.84,33.24],[-119.63,33.25],[-119.46,33.17],[-119.28,33.26]]],[[[-118.62,33.43],[-118.45,33.28],[-118.33,33.41],[-118.59,33.51],[-118.62,33.43]]],[[[-174.07,26.23],[-174.19,26.05],[-173.96,25.86],[-173.78,25.93],[-173.76,26.05],[-173.9,26.18],[-174.07,26.23]]],[[[-173.51,25.9],[-173.3,25.97],[-173.33,26.08],[-173.54,26.02],[-173.51,25.9]]],[[[-171.89,25.91],[-171.83,25.71],[-171.59,25.73],[-171.57,25.82],[-171.72,25.91],[-171.89,25.91]]],[[[-169.41,25.69],[-169.55,25.64],[-169.69,25.44],[-169.51,25.43],[-169.36,25.6],[-169.41,25.69]]],[[[-170.67,25.67],[-170.88,25.63],[-170.99,25.43],[-170.8,25.31],[-170.42,25.2],[-170.34,25.29],[-170.43,25.5],[-170.67,25.67]]],[[[-168.16,25.21],[-168.33,25.05],[-168.16,24.87],[-168.14,24.64],[-168,24.43],[-167.88,24.48],[-167.87,25.05],[-167.98,25.19],[-168.16,25.21]]],[[[-167.23,24.41],[-167.24,24.28],[-167.09,24.24],[-166.81,24.06],[-166.79,24.25],[-166.96,24.29],[-167.06,24.45],[-167.23,24.41]]],[[[-166.22,23.62],[-166.03,23.68],[-166.04,23.83],[-166.21,23.92],[-166.39,23.88],[-166.36,23.69],[-166.22,23.62]]],[[[-164.86,23.61],[-164.82,23.5],[-164.68,23.47],[-164.64,23.32],[-164.32,23.21],[-164.26,23.3],[-164.31,23.47],[-164.44,23.51],[-164.62,23.7],[-164.86,23.61]]],[[[-162.02,23.11],[-161.99,23.02],[-161.75,23.07],[-161.77,23.19],[-162.02,23.11]]],[[[-159.84,22.06],[-159.7,21.91],[-159.42,21.85],[-159.31,21.95],[-159.26,22.13],[-159.44,22.29],[-159.69,22.24],[-159.84,22.06]],[[-159.3,22.15],[-159.33,21.96],[-159.44,21.87],[-159.76,21.98],[-159.72,22.16],[-159.4,22.24],[-159.3,22.15]]],[[[-160.06,22.04],[-160.15,22.03],[-160.27,21.87],[-160.09,21.82],[-160.06,22.04]]],[[[-158.07,21.73],[-158.3,21.54],[-158.13,21.26],[-157.91,21.27],[-157.8,21.22],[-157.6,21.27],[-157.7,21.49],[-157.86,21.7],[-158.07,21.73]],[[-157.71,21.35],[-157.79,21.25],[-157.91,21.31],[-158.09,21.29],[-158.23,21.48],[-157.96,21.71],[-157.71,21.35]]],[[[-157.32,21.25],[-157.54,21.17],[-157.72,21.04],[-157.7,20.87],[-157.41,20.99],[-157.13,21.05],[-157.09,20.85],[-156.94,20.71],[-156.7,20.7],[-156.77,20.49],[-156.06,20.62],[-155.98,20.66],[-155.95,20.79],[-156.17,20.92],[-156.26,21.02],[-156.49,21.03],[-156.67,21.09],[-156.74,21.22],[-157.32,21.25]],[[-156.75,21.17],[-156.87,21.05],[-157.07,21.1],[-157.27,21.09],[-157.26,21.22],[-156.9,21.17],[-156.75,21.17]],[[-156,20.8],[-156,20.69],[-156.3,20.58],[-156.41,20.59],[-156.46,20.78],[-156.62,20.81],[-156.7,20.92],[-156.6,21.03],[-156.48,20.9],[-156.3,20.95],[-156,20.8]]],[[[-155.86,19],[-155.68,18.9],[-155.45,19.13],[-155.26,19.25],[-154.99,19.31],[-154.82,19.44],[-154.78,19.57],[-154.9,19.64],[-155.07,19.9],[-155.19,20.03],[-155.44,20.14],[-155.58,20.17],[-155.86,20.31],[-155.96,20.25],[-155.91,20],[-156.06,19.89],[-156.09,19.75],[-155.92,19.34],[-155.95,19.12],[-155.86,19]],[[-154.9,19.57],[-154.82,19.48],[-154.98,19.34],[-155.29,19.26],[-155.5,19.14],[-155.68,18.93],[-155.88,19.03],[-155.92,19.14],[-155.89,19.33],[-156.06,19.73],[-155.82,20.02],[-155.87,20.26],[-155.74,20.24],[-155.59,20.12],[-155.33,20.05],[-155.09,19.86],[-154.9,19.57]]],[[[-169.59,16.66],[-169.44,16.67],[-169.37,16.8],[-169.54,16.83],[-169.59,16.66]]],[[[-159.34,3.76],[-159.22,3.81],[-159.36,3.96],[-159.44,3.86],[-159.34,3.76]]],[[[-157.46,2.07],[-157.61,1.88],[-157.43,1.75],[-157.24,1.68],[-157.15,1.76],[-157.27,1.89],[-157.28,1.99],[-157.46,2.07]],[[-157.19,1.76],[-157.45,1.8],[-157.38,1.9],[-157.19,1.76]]],[[[-112.74,28.64],[-112.9,28.74],[-113.29,29.5],[-113.48,29.62],[-113.66,29.62],[-113.63,29.43],[-113.55,29.29],[-113.19,29.01],[-113.02,28.75],[-112.75,28.52],[-112.74,28.64]],[[-113.14,29.06],[-113.23,29.06],[-113.59,29.41],[-113.48,29.53],[-113.35,29.38],[-113.18,29.29],[-113.14,29.06]]],[[[-106.33,21.54],[-106.41,21.54],[-106.52,21.72],[-106.72,21.72],[-106.53,21.43],[-106.38,21.4],[-106.33,21.54]]],[[[-110.99,18.9],[-111.09,18.75],[-111,18.69],[-110.88,18.77],[-110.99,18.9]]],[[[-94.63,15.62],[-94.84,15.58],[-94.8,15.36],[-94.71,15.33],[-94.63,15.62]]],[[[139.38,41.48],[139.39,41.55],[139.31,41.54],[139.31,41.49],[139.38,41.48]]],[[[126.66,3.98],[126.7,3.8],[126.77,3.73],[126.9,3.77],[126.83,3.94],[126.87,4.16],[126.94,4.26],[126.87,4.55],[126.71,4.56],[126.67,4.46],[126.66,3.98]],[[126.87,4.33],[126.81,4.04],[126.66,4.03],[126.73,4.54],[126.88,4.46],[126.87,4.33]]],[[[121.8,20.66],[121.97,20.73],[121.87,20.87],[121.76,20.74],[121.8,20.66]]],[[[116.94,20.56],[117.05,20.78],[117.01,20.84],[116.63,20.78],[116.68,20.62],[116.77,20.56],[116.94,20.56]]],[[[121.51,19.47],[121.32,19.36],[121.39,19.27],[121.59,19.21],[121.51,19.47]]],[[[121.22,19.21],[121.16,19.04],[121.18,18.8],[121.48,18.85],[121.32,18.99],[121.22,19.21]]],[[[121.83,18.95],[121.91,18.84],[122.1,18.95],[121.84,19.11],[121.83,18.95]]],[[[121.88,18.52],[121.62,18.46],[121.46,18.52],[121.18,18.75],[120.94,18.63],[120.82,18.7],[120.54,18.56],[120.51,18.34],[120.41,18.2],[120.34,17.89],[120.3,17.56],[120.4,17.41],[120.39,16.96],[120.18,16.63],[119.96,16.57],[119.73,16.25],[119.72,15.99],[119.75,15.76],[119.88,15.55],[119.87,15.34],[119.95,15.2],[119.93,14.89],[120.04,14.69],[120.13,14.62],[120.43,14.24],[120.39,14.16],[120.24,14.13],[120.09,13.76],[120.4,13.59],[120.44,13.67],[120.39,14.02],[120.54,13.92],[120.65,13.75],[120.77,13.85],[120.89,13.78],[120.85,13.62],[120.75,13.5],[120.35,13.55],[120.28,13.45],[120.44,13.32],[120.63,13.09],[120.77,12.72],[120.89,12.61],[120.89,12.5],[120.99,12.37],[121.01,12.17],[121.19,12.15],[121.36,11.96],[121.44,11.81],[121.68,11.93],[121.69,12.06],[121.54,12.19],[121.49,12.41],[121.59,12.65],[121.54,12.94],[121.59,13.11],[121.52,13.25],[121.22,13.51],[121.46,13.64],[121.62,13.83],[121.85,13.71],[121.79,13.34],[121.98,13.18],[122.06,13.21],[122.3,13.52],[122.43,13.39],[122.44,13.29],[122.56,13.16],[122.92,13.05],[123.13,12.85],[123.32,12.82],[123.44,12.97],[123.57,12.87],[123.59,12.71],[123.53,12.51],[123.25,12.62],[123.17,12.58],[123.06,12.35],[122.87,12.2],[122.73,11.82],[122.65,11.74],[122.45,11.72],[122.31,11.86],[122.09,11.93],[122.15,12.45],[122.33,12.48],[122.34,12.58],[122.14,12.81],[122.01,12.74],[121.89,12.3],[121.94,12.14],[121.88,12.05],[121.83,11.75],[122.02,11.71],[121.97,11.55],[121.97,11.28],[122.02,11.03],[121.91,10.77],[121.94,10.59],[121.89,10.44],[121.98,10.38],[122.16,10.56],[122.43,10.61],[122.48,10.35],[122.58,10.17],[122.47,10.04],[122.34,9.99],[122.36,9.68],[122.62,9.37],[122.86,9.27],[122.89,9.1],[123.07,9.01],[123.3,9.11],[123.35,9.35],[123.5,9.53],[123.68,10.04],[123.89,10.19],[123.75,9.77],[123.8,9.67],[123.68,9.52],[123.94,9.51],[124.04,9.57],[124.33,9.58],[124.52,9.71],[124.62,9.72],[124.75,10.06],[124.95,10.04],[125.06,9.88],[125.17,10.01],[125.25,9.9],[125.44,9.98],[125.37,9.72],[125.38,9.61],[125.51,9.19],[125.41,9.03],[125.22,9.12],[125.13,8.91],[124.83,9.08],[124.85,9.16],[124.7,9.29],[124.62,9.14],[124.76,9.05],[124.72,8.58],[124.61,8.55],[124.47,8.65],[124.28,8.53],[124.22,8.25],[123.95,8.23],[123.85,8.52],[123.77,8.63],[123.42,8.76],[123.23,8.72],[123.25,8.57],[123.05,8.57],[122.91,8.33],[122.93,8.19],[122.72,8.15],[122.45,8.16],[122.27,8.08],[122.11,7.83],[122.09,7.59],[121.99,7.31],[121.91,7.24],[121.87,7.1],[121.71,7.06],[121.57,6.89],[121.37,6.79],[121.08,6.76],[121,6.66],[120.54,6.41],[120.46,6.25],[120.28,6.09],[119.93,5.93],[119.96,5.84],[120.19,5.8],[120.11,5.68],[120.2,5.55],[120.07,5.37],[119.8,5.21],[119.72,5.02],[119.83,4.75],[120.04,4.93],[120.32,5.02],[120.53,5.14],[120.7,5.15],[120.72,5.4],[120.98,5.47],[121.01,5.57],[121.26,5.79],[121.88,5.97],[121.98,6.07],[121.93,6.2],[122.12,6.39],[122.21,6.43],[122.45,6.72],[122.5,6.96],[122.67,7.04],[122.76,7.21],[123.08,7.23],[123.25,7.42],[123.37,7.31],[123.49,7.31],[123.46,7.53],[123.62,7.78],[124,7.61],[123.97,7.32],[124.16,7.27],[124,7.13],[123.94,6.83],[123.99,6.64],[124,6.42],[124.22,6.14],[124.94,5.82],[125.12,5.83],[125.41,5.54],[125.74,6.01],[125.73,6.22],[125.62,6.53],[125.48,6.66],[125.47,6.84],[125.6,7],[125.69,6.9],[125.94,7.02],[126,6.85],[126.05,6.51],[126.23,6.27],[126.32,6.46],[126.28,6.65],[126.64,7.24],[126.61,7.7],[126.53,7.86],[126.57,8.03],[126.51,8.19],[126.49,8.5],[126.41,8.67],[126.41,8.86],[126.34,9.03],[126.33,9.23],[126.22,9.44],[126.26,9.54],[126.21,9.81],[126.06,10.17],[126.05,10.36],[125.95,10.49],[126,10.68],[125.72,11.21],[125.65,11.29],[125.51,11.76],[125.61,11.98],[125.61,12.12],[125.28,12.56],[125.03,12.71],[124.79,12.7],[124.65,12.86],[124.28,12.88],[124.21,13.29],[124.03,13.33],[123.81,13.44],[123.63,13.58],[123.63,13.65],[124,13.66],[124.09,13.48],[124.25,13.44],[124.47,13.48],[124.56,13.61],[124.59,13.75],[124.52,14.04],[124.39,14.2],[124.21,14.25],[124.05,14.44],[124.01,14.64],[123.9,14.7],[123.76,14.65],[123.5,14.65],[123.14,14.77],[122.98,14.77],[122.61,14.92],[122.19,14.93],[121.96,15.11],[121.71,15.12],[121.57,15.19],[121.54,15.41],[121.78,15.94],[121.9,15.92],[122.09,16.06],[122.29,16.29],[122.3,16.46],[122.42,16.7],[122.53,16.78],[122.62,17.05],[122.46,17.39],[122.28,17.6],[122.22,17.86],[122.25,18.08],[122.4,18.24],[122.42,18.33],[122.22,18.6],[122.13,18.62],[122,18.49],[121.88,18.52]],[[120.25,5.27],[120.03,5.16],[119.95,5.08],[119.83,5.13],[120.09,5.26],[120.25,5.27]],[[126.57,7.3],[126.48,7.07],[126.35,7],[126.25,6.77],[126.23,6.47],[126.1,6.51],[126.08,6.84],[125.98,6.94],[125.81,7.35],[125.66,7.24],[125.66,7.13],[125.51,7.02],[125.39,6.77],[125.4,6.6],[125.57,6.52],[125.71,6.15],[125.67,5.95],[125.39,5.57],[125.18,5.8],[125.26,5.95],[125.17,6.11],[125.07,5.86],[124.94,5.86],[124.6,6],[124.25,6.19],[124.05,6.44],[124.05,6.67],[123.97,6.82],[124.03,7.12],[124.18,7.23],[124.25,7.4],[124.14,7.46],[124.07,7.6],[123.79,7.71],[123.59,7.84],[123.44,7.8],[123.49,7.66],[123.23,7.52],[123.11,7.73],[123,7.47],[122.83,7.55],[122.81,7.74],[122.6,7.76],[122.44,7.61],[122.38,7.39],[122.27,7.25],[122.15,6.93],[122.04,6.92],[121.9,7.06],[121.93,7.22],[122.05,7.3],[122.13,7.82],[122.29,8.01],[122.65,8.12],[122.92,8.15],[123.06,8.5],[123.33,8.55],[123.48,8.7],[123.76,8.61],[123.87,8.36],[123.87,8.11],[124.04,8.19],[124.23,8.21],[124.32,8.51],[124.41,8.61],[124.64,8.48],[124.75,8.5],[124.78,8.95],[124.92,8.99],[125.12,8.83],[125.18,9],[125.46,8.99],[125.54,9.19],[125.4,9.68],[125.46,9.81],[125.57,9.76],[125.62,9.63],[125.93,9.49],[126.08,9.24],[126.22,9.31],[126.18,9.09],[126.31,8.96],[126.3,8.77],[126.14,8.65],[126.22,8.56],[126.36,8.53],[126.39,8.29],[126.46,8.23],[126.4,7.93],[126.41,7.83],[126.58,7.72],[126.61,7.47],[126.57,7.3]],[[121.38,6.01],[121.08,5.89],[120.93,5.89],[120.91,6.02],[121.04,6.1],[121.38,6.01]],[[122.3,6.63],[122.19,6.45],[121.96,6.4],[121.84,6.67],[122.07,6.74],[122.3,6.63]],[[123.17,11.48],[123.11,11.27],[123.01,11.09],[122.78,10.96],[122.76,10.81],[122.59,10.7],[122.23,10.64],[122.04,10.47],[121.94,10.78],[122.05,11.02],[122.11,11.66],[122.08,11.72],[121.86,11.76],[121.96,11.93],[122.12,11.82],[122.39,11.73],[122.62,11.51],[122.85,11.59],[122.9,11.44],[123.12,11.55],[123.17,11.48]],[[125.27,10.32],[124.88,10.13],[124.78,10.15],[124.74,10.4],[124.8,10.66],[124.78,10.82],[124.62,11],[124.51,10.87],[124.4,10.95],[124.4,11.3],[124.31,11.47],[124.5,11.44],[124.63,11.3],[124.85,11.43],[124.98,11.38],[125.05,10.97],[125.01,10.8],[125.19,10.6],[125.2,10.43],[125.27,10.32]],[[125.72,9.91],[125.5,10.1],[125.56,10.37],[125.66,10.26],[125.72,9.91]],[[124.57,9.87],[124.41,9.66],[124.29,9.61],[123.94,9.62],[123.81,9.74],[123.89,9.91],[124.05,9.98],[124.18,10.14],[124.33,10.16],[124.59,10.02],[124.57,9.87]],[[126.17,9.83],[126.02,9.78],[125.98,9.9],[126.08,10.06],[126.17,9.83]],[[124.05,10.83],[124.04,10.48],[123.97,10.33],[123.81,10.24],[123.64,10.04],[123.64,9.96],[123.49,9.57],[123.31,9.51],[123.38,9.94],[123.6,10.32],[123.71,10.46],[123.85,10.75],[123.92,11.03],[124.04,11.13],[124.05,10.83]],[[123.57,10.83],[123.49,10.55],[123.39,10.44],[123.29,10.09],[123.16,9.87],[123.2,9.49],[123.32,9.34],[123.23,9.11],[123.03,9.04],[122.93,9.12],[122.87,9.32],[122.6,9.43],[122.5,9.56],[122.4,9.84],[122.47,9.97],[122.71,9.99],[122.88,10.12],[122.82,10.53],[122.97,10.72],[122.97,10.88],[123.21,11],[123.52,10.92],[123.57,10.83]],[[122.71,10.73],[122.74,10.64],[122.63,10.44],[122.53,10.59],[122.71,10.73]],[[124.6,11.56],[124.46,11.49],[124.37,11.68],[124.5,11.69],[124.6,11.56]],[[125.71,11.15],[125.44,11.1],[125.21,11.13],[125.13,11.28],[125,11.29],[125,11.42],[124.83,11.51],[125,11.62],[124.68,12.03],[124.49,12.1],[124.39,12.22],[124.28,12.53],[124.68,12.52],[125.17,12.58],[125.35,12.4],[125.36,12.29],[125.5,12.25],[125.45,11.96],[125.5,11.7],[125.47,11.6],[125.56,11.42],[125.57,11.27],[125.71,11.15]],[[124.05,11.8],[123.71,11.95],[123.54,12.19],[123.42,12.2],[123.18,11.93],[123.22,12.27],[123.27,12.42],[123.45,12.51],[123.7,12.32],[123.77,12.21],[123.88,12.21],[124.04,11.99],[124.05,11.8]],[[121.53,12.7],[121.43,12.38],[121.27,12.27],[121.13,12.24],[120.92,12.51],[120.91,12.63],[120.8,12.73],[120.76,13],[120.64,13.18],[120.48,13.3],[120.44,13.43],[120.57,13.51],[120.75,13.47],[120.95,13.53],[121.04,13.41],[121.22,13.4],[121.43,13.22],[121.49,13.04],[121.49,12.77],[121.53,12.7]],[[122.3,18.4],[122.31,18.25],[122.18,18.12],[122.14,17.8],[122.16,17.62],[122.25,17.36],[122.44,17.29],[122.41,17.18],[122.53,17.09],[122.35,16.64],[122.21,16.42],[122.2,16.26],[121.75,16.08],[121.58,15.93],[121.64,15.72],[121.38,15.31],[121.49,15.16],[121.59,14.86],[121.61,14.61],[121.73,14.19],[121.94,14],[122.23,13.91],[122.29,14.02],[122.17,14.14],[122.47,14.35],[122.6,14.3],[122.75,14.33],[123.01,14.11],[123.11,13.72],[123.31,13.82],[123.22,13.99],[123.33,14.07],[123.48,13.95],[123.94,13.78],[123.8,13.69],[123.59,13.73],[123.53,13.63],[123.79,13.31],[123.75,13.15],[123.98,13.1],[124.08,13.01],[124.14,12.8],[124.1,12.56],[123.98,12.55],[123.88,12.65],[123.82,12.83],[123.6,12.9],[123.44,13.04],[123.31,13.01],[123.3,13.24],[123.17,13.45],[122.97,13.53],[122.81,13.65],[122.74,13.82],[122.52,13.93],[122.5,13.65],[122.62,13.55],[122.69,13.23],[122.51,13.24],[122.5,13.37],[122.32,13.59],[122.21,13.61],[122.12,13.75],[121.72,13.97],[121.48,13.85],[121.46,13.69],[121.28,13.6],[120.91,13.8],[120.9,13.91],[120.75,13.93],[120.62,13.85],[120.59,14.2],[120.88,14.46],[120.97,14.5],[120.94,14.67],[120.83,14.76],[120.64,14.79],[120.54,14.7],[120.6,14.51],[120.4,14.46],[120.37,14.62],[120.19,14.77],[120.09,14.79],[120.01,15.27],[119.89,15.43],[119.96,15.51],[119.88,15.91],[119.76,15.94],[119.76,16.2],[119.9,16.25],[120.09,16.15],[120.19,16.03],[120.33,16.06],[120.4,16.17],[120.34,16.29],[120.28,16.61],[120.31,16.78],[120.43,16.96],[120.4,17.22],[120.44,17.37],[120.33,17.56],[120.47,18.09],[120.59,18.36],[120.61,18.54],[120.93,18.57],[121.11,18.64],[121.61,18.36],[121.97,18.29],[122.22,18.52],[122.3,18.4]],[[122.01,15.01],[121.98,14.84],[121.82,14.95],[121.84,15.05],[122.01,15.01]],[[124.42,13.87],[124.39,13.71],[124.17,13.53],[124.03,13.67],[124.12,13.78],[124.12,14.05],[124.42,13.87]],[[122.1,13.42],[121.99,13.2],[121.82,13.34],[121.81,13.45],[121.99,13.53],[122.1,13.42]],[[123.13,13.33],[122.75,13.43],[122.69,13.56],[122.73,13.67],[122.95,13.51],[123.15,13.42],[123.13,13.33]],[[124.38,11.16],[124.37,10.91],[124.48,10.77],[124.33,10.74],[124.31,10.56],[124.53,10.62],[124.6,10.85],[124.75,10.81],[124.76,10.68],[124.66,10.53],[124.62,10.34],[124.4,10.38],[124.11,10.32],[124.05,10.74],[124.1,10.89],[124.26,11.09],[124.09,11.17],[124.19,11.34],[124.11,12.04],[124.26,11.98],[124.26,11.44],[124.38,11.16]],[[123.61,10.4],[123.52,10.48],[123.58,10.73],[123.67,10.82],[123.8,10.8],[123.61,10.4]],[[123.26,9.53],[123.19,9.86],[123.31,10.08],[123.37,10.28],[123.5,10.16],[123.34,9.97],[123.29,9.57],[123.26,9.53]],[[121.4,6.1],[121.31,6.09],[121.01,6.25],[121.04,6.31],[121.4,6.1]],[[120.84,6.21],[120.89,6.05],[120.8,5.89],[120.58,5.74],[120.46,5.73],[120.41,5.92],[120.58,6.05],[120.59,6.2],[120.84,6.21]]],[[[145.93,16.02],[146.09,15.94],[146.1,16.11],[145.93,16.02]]],[[[145.63,15.19],[145.55,15.03],[145.68,14.91],[145.85,15.26],[145.63,15.19]]],[[[168.98,14.74],[168.89,14.74],[168.85,14.48],[168.93,14.48],[169.08,14.63],[168.98,14.74]]],[[[144.7,13.21],[144.93,13.5],[144.96,13.65],[144.85,13.68],[144.77,13.54],[144.6,13.45],[144.6,13.35],[144.7,13.21]]],[[[165.34,11.76],[165.26,11.76],[165.16,11.58],[165.25,11.48],[165.59,11.49],[165.58,11.66],[165.34,11.76]]],[[[166.84,11.53],[166.64,11.48],[166.53,11.21],[166.32,11.23],[166.25,11.12],[166.54,11.08],[166.66,11.17],[166.9,11.11],[166.95,11.26],[167.1,11.4],[167.08,11.51],[166.84,11.53]]],[[[167.41,11.24],[167.54,11.29],[167.57,11.41],[167.4,11.47],[167.32,11.38],[167.41,11.24]]],[[[169.77,11.38],[169.62,11.23],[169.57,11.07],[169.66,11],[169.77,11.17],[169.91,11.24],[169.77,11.38]]],[[[162.43,11.46],[162.36,11.65],[162.26,11.72],[162.12,11.7],[162.01,11.56],[162.08,11.41],[162.2,11.32],[162.4,11.35],[162.43,11.46]]],[[[169.85,10.26],[170.03,10.2],[170.02,10.47],[169.93,10.49],[169.85,10.26]]],[[[166.07,10.17],[165.92,10.23],[165.94,10.04],[166.09,10.04],[166.07,10.17]]],[[[168.96,10.03],[168.98,9.9],[169.1,9.8],[169.33,9.79],[169.32,9.91],[169.2,10.01],[168.96,10.03]]],[[[160.84,9.95],[160.74,9.87],[160.97,9.7],[160.99,9.87],[160.84,9.95]]],[[[170.12,9.68],[169.8,9.65],[169.79,9.48],[169.9,9.3],[169.86,9.2],[170.06,8.98],[170.15,9.1],[170.07,9.35],[170.29,9.41],[170.29,9.57],[170.12,9.68]]],[[[167.75,9.14],[167.58,9.28],[167.49,9.45],[167.34,9.35],[167.09,9.39],[166.82,9.38],[166.8,9.3],[167.05,9.25],[167.24,9.07],[167.39,9.09],[167.53,9.02],[167.58,8.79],[167.79,8.73],[167.79,9.06],[167.75,9.14]]],[[[170.82,8.85],[170.85,8.74],[171.07,8.49],[171.2,8.45],[171.29,8.7],[171.22,8.83],[170.93,8.95],[170.82,8.85]]],[[[151.92,8.5],[151.92,8.62],[151.68,8.58],[151.71,8.42],[151.92,8.5]]],[[[171.02,8.42],[170.98,8.24],[171.16,8.1],[171.23,8.14],[171.22,8.33],[171.02,8.42]]],[[[168.11,8.23],[168.05,8.08],[168.2,7.74],[168.33,7.86],[168.22,8.05],[168.21,8.19],[168.11,8.23]]],[[[151.88,7.71],[151.67,7.66],[151.43,7.34],[151.64,7.21],[151.78,7.21],[151.85,7.06],[152.03,7],[152.03,7.39],[152,7.6],[151.88,7.71]]],[[[155.19,7.65],[155.13,7.52],[155.26,7.38],[155.46,7.45],[155.42,7.66],[155.19,7.65]]],[[[168.9,7.61],[168.75,7.52],[168.6,7.52],[168.53,7.43],[168.64,7.29],[168.89,7.28],[169.01,7.59],[168.9,7.61]]],[[[171.61,7.29],[171.53,7.13],[171.6,6.96],[171.75,6.92],[171.99,7.11],[171.91,7.18],[171.79,7.12],[171.61,7.29]]],[[[158.39,6.95],[158.28,7.04],[158.14,7.03],[158.07,6.9],[157.91,6.84],[157.95,6.69],[158.12,6.75],[158.31,6.73],[158.39,6.95]]],[[[149.37,6.77],[149.16,7.08],[149.02,7.08],[149.24,6.72],[149.37,6.77]]],[[[134.23,6.96],[134.35,7.01],[134.59,7.23],[134.69,7.38],[134.67,7.54],[134.72,7.69],[134.74,8.07],[134.5,8.01],[134.45,7.91],[134.52,7.69],[134.22,7.38],[134.15,7.27],[134.23,6.96]],[[134.65,7.72],[134.59,7.42],[134.49,7.47],[134.65,7.72]]],[[[134.68,8.14],[134.72,8.34],[134.69,8.45],[134.55,8.41],[134.58,8.14],[134.68,8.14]]],[[[137.48,8.24],[137.58,8.33],[137.63,8.6],[137.54,8.64],[137.32,8.52],[137.31,8.38],[137.48,8.24]]],[[[148.4,8.55],[148.18,8.37],[148.44,8.37],[148.55,8.3],[148.57,8.02],[148.37,8],[148.29,7.9],[148.51,7.84],[148.73,7.65],[148.85,7.68],[148.99,7.83],[149.02,8.24],[148.98,8.4],[149,8.62],[148.88,8.71],[148.67,8.67],[148.4,8.55]]],[[[149.65,8.55],[150.21,8.53],[150.43,8.56],[150.36,8.8],[150.18,9.02],[150.03,8.89],[149.75,8.73],[149.65,8.55]]],[[[165.75,8.89],[165.78,9.02],[165.67,9.18],[165.51,9.25],[165.54,9.06],[165.75,8.89]]],[[[148.25,9.26],[148.01,9.22],[147.97,9.07],[148.27,9.09],[148.25,9.26]]],[[[152.03,8.64],[152.04,8.53],[152.34,8.62],[152.41,8.74],[152.24,8.81],[152.03,8.64]]],[[[149.15,7.38],[149.34,7.21],[149.46,7.29],[149.23,7.42],[149.15,7.38]]],[[[144.63,7.35],[144.76,7.44],[144.67,7.55],[144.5,7.44],[144.42,7.3],[144.47,7.22],[144.63,7.35]]],[[[148.01,8],[148.09,8.19],[147.92,8.22],[147.6,8.14],[147.64,8.04],[148.01,8]]],[[[144.99,8.02],[145.13,8.1],[145.22,8.3],[145.36,8.4],[145.32,8.48],[145.11,8.41],[145.07,8.29],[144.89,8.12],[144.99,8.02]]],[[[152.7,6.77],[152.77,6.88],[152.61,7],[152.6,6.85],[152.7,6.77]]],[[[171.19,7.03],[171.41,7.07],[171.42,7.14],[171.01,7.22],[171.02,7.11],[171.19,7.03]]],[[[138.09,9.39],[138.25,9.54],[138.15,9.63],[137.96,9.43],[138.09,9.39]]],[[[140.01,9.8],[140,9.94],[139.7,10.17],[139.54,10.11],[139.53,9.88],[139.64,9.74],[140.01,9.8]]],[[[169.4,6.25],[169.4,6.02],[169.5,5.83],[169.69,5.84],[169.78,6.04],[169.59,6.17],[169.51,6.32],[169.4,6.25]]],[[[171.79,6.25],[171.69,6.08],[171.8,6.01],[172,6],[172.21,5.89],[172.13,6.22],[171.94,6.28],[171.79,6.25]]],[[[153.83,5.58],[153.52,5.6],[153.44,5.45],[153.62,5.27],[153.75,5.29],[153.83,5.58]]],[[[125.51,5.33],[125.59,5.41],[125.47,5.51],[125.33,5.47],[125.34,5.35],[125.51,5.33]]],[[[127.03,4.82],[127.13,4.59],[127.2,4.68],[127.03,4.82]]],[[[125.77,3.88],[125.61,3.86],[125.42,3.76],[125.49,3.43],[125.58,3.31],[125.46,3.25],[125.47,2.94],[125.67,2.98],[125.69,3.2],[125.65,3.32],[125.77,3.46],[125.65,3.62],[125.82,3.78],[125.77,3.88]]],[[[173.01,3.4],[172.92,3.3],[172.74,3.29],[172.68,3.19],[172.78,2.98],[173,3.11],[173.01,3.4]]],[[[125.43,2.84],[125.33,2.75],[125.36,2.62],[125.51,2.68],[125.43,2.84]]],[[[125.77,4.49],[125.77,4.73],[125.59,4.81],[125.42,4.75],[125.45,4.61],[125.58,4.59],[125.66,4.45],[125.77,4.49]]],[[[123.7,9.29],[123.6,9.32],[123.44,9.25],[123.46,9.1],[123.63,9.07],[123.75,9.15],[123.7,9.29]],[[123.7,9.17],[123.64,9.1],[123.48,9.17],[123.66,9.29],[123.7,9.17]]],[[[121.44,9.99],[121.37,9.82],[121.2,9.76],[121.21,9.55],[121.34,9.6],[121.4,9.77],[121.54,9.92],[121.44,9.99]]],[[[122.39,12.47],[122.66,12.17],[122.75,12.34],[122.71,12.52],[122.49,12.54],[122.39,12.47]]],[[[120.89,12.01],[120.87,12.15],[120.71,12.12],[120.75,11.99],[120.89,12.01]]],[[[120.66,12.69],[120.44,12.75],[120.43,12.62],[120.68,12.54],[120.66,12.69]]],[[[114.8,16.28],[114.49,16.14],[114.27,16.18],[114.15,16.11],[113.91,15.85],[113.85,15.65],[113.72,15.55],[113.89,15.48],[114.15,15.45],[114.4,15.61],[114.66,15.67],[114.78,15.77],[114.89,15.94],[114.94,16.15],[114.8,16.28]]],[[[111.85,16.1],[111.81,16.31],[111.55,16.26],[111.51,16.17],[111.85,16.1]]],[[[111.58,16.38],[111.81,16.45],[111.82,16.56],[111.69,16.66],[111.47,16.5],[111.58,16.38]]],[[[112.64,16.64],[112.47,16.52],[112.32,16.32],[112.5,16.28],[112.78,16.47],[112.75,16.72],[112.64,16.64]]],[[[112.34,16.71],[112.42,16.76],[112.41,16.94],[112.33,17.03],[112.17,17.01],[112.17,16.75],[112.34,16.71]]],[[[116.7,11.77],[116.56,11.71],[116.55,11.54],[116.43,11.38],[116.38,11.21],[116.47,11.01],[116.57,11.17],[116.77,11.27],[116.81,11.13],[116.64,10.87],[116.67,10.8],[116.85,10.84],[117.02,11],[117.01,11.23],[117.05,11.38],[117.27,11.55],[117.44,11.63],[117.32,11.85],[117.1,12.02],[116.89,11.97],[116.76,11.9],[116.7,11.77]]],[[[117.35,10.8],[117.17,10.78],[117.1,10.64],[117.24,10.61],[117.39,10.7],[117.35,10.8]]],[[[116.82,10.64],[116.67,10.59],[116.54,10.42],[116.63,10.34],[116.75,10.38],[116.89,10.54],[116.82,10.64]]],[[[114.59,10.43],[114.33,10.4],[114.2,10.19],[114.28,10.12],[114.68,10.24],[114.75,10.35],[114.59,10.43]]],[[[114.35,9.97],[114.23,9.8],[114.27,9.65],[114.42,9.67],[114.66,9.89],[114.42,10.05],[114.35,9.97]]],[[[113.08,9.7],[112.92,9.68],[112.91,9.53],[113.09,9.63],[113.08,9.7]]],[[[116.25,10.63],[116.3,10.77],[116.4,10.86],[116.25,10.96],[116.14,10.79],[116.25,10.63]]],[[[114.52,10.67],[114.61,10.75],[114.58,10.93],[114.34,10.77],[114.35,10.66],[114.52,10.67]]],[[[114.21,10.97],[114.33,10.97],[114.42,11.13],[114.2,11.09],[114.21,10.97]]],[[[116.33,11.72],[116.11,11.5],[116.04,11.32],[116.2,11.27],[116.33,11.72]]],[[[114.03,8.93],[113.88,8.86],[113.95,8.76],[114.09,8.77],[114.21,8.67],[114.3,8.84],[114.03,8.93]]],[[[113.35,8.33],[113.17,8.08],[113.29,8.08],[113.38,8.19],[113.35,8.33]]],[[[114.52,8.06],[114.73,8.04],[114.85,8.1],[114.83,8.23],[114.6,8.2],[114.52,8.06]]],[[[114.2,7.9],[114.04,7.74],[113.85,7.69],[113.87,7.57],[114.17,7.57],[114.49,7.86],[114.48,7.98],[114.2,7.9]]],[[[111.61,7.57],[111.74,7.65],[111.8,7.88],[111.72,7.98],[111.58,7.9],[111.52,7.74],[111.61,7.57]]],[[[109.85,7.61],[109.59,7.61],[109.38,7.36],[109.43,7.31],[109.73,7.47],[109.93,7.48],[109.85,7.61]]],[[[110.26,7.88],[110.19,7.88],[110.07,8.06],[109.96,8.03],[109.87,7.87],[109.95,7.75],[110.21,7.74],[110.26,7.88]]],[[[110.57,7.93],[110.67,8],[110.63,8.17],[110.45,8.09],[110.57,7.93]]],[[[172.94,1.97],[172.79,1.88],[172.98,1.68],[173.08,1.77],[172.94,1.97]]],[[[172.92,1.64],[172.85,1.53],[172.9,1.35],[173.01,1.31],[173.19,1.34],[173.09,1.55],[172.92,1.64]]],[[[173.05,1.06],[172.86,0.99],[172.99,0.8],[173.13,0.98],[173.05,1.06]]],[[[173.79,0.37],[173.88,0.3],[173.99,0.35],[173.86,0.52],[173.79,0.37]]],[[[173.35,0.35],[173.31,0.21],[173.62,0.1],[173.64,0.25],[173.46,0.23],[173.35,0.35]]],[[[102.31,-5.65],[102.53,-5.54],[102.42,-5.34],[102.28,-5.24],[102.07,-5.24],[102.04,-5.35],[102.11,-5.49],[102.31,-5.65]],[[102.41,-5.4],[102.3,-5.47],[102.1,-5.33],[102.17,-5.28],[102.41,-5.4]]],[[[93.64,7.65],[93.46,7.49],[93.51,7.26],[93.51,6.98],[93.77,6.47],[93.89,6.48],[93.9,6.67],[94.01,6.95],[93.89,7.28],[93.64,7.65]],[[93.92,7.02],[93.89,6.8],[93.81,6.81],[93.72,6.99],[93.68,7.18],[93.81,7.24],[93.92,7.02]]],[[[93.5,7.63],[93.51,7.85],[93.68,7.98],[93.71,8.08],[93.65,8.57],[93.43,8.44],[93.28,8.27],[93.2,8.31],[93.03,8.57],[92.96,8.55],[93.08,8.19],[93.26,8.01],[93.2,7.85],[93.39,7.67],[93.5,7.63]]],[[[92.79,9.39],[92.65,9.3],[92.64,9.16],[92.8,8.94],[92.83,8.78],[92.95,8.77],[92.89,8.98],[92.91,9.18],[92.79,9.39]]],[[[92.72,10.85],[92.76,11],[92.78,11.55],[92.83,11.68],[93.15,11.78],[93.26,12.15],[93.26,12.28],[93.07,12.69],[93.1,13.13],[93.2,13.35],[93.25,13.64],[93.39,13.81],[93.44,14.02],[93.55,14.29],[93.49,14.43],[93.36,14.43],[93.31,14.31],[93.17,14.21],[92.99,13.98],[92.89,13.8],[92.67,13.75],[92.6,13.5],[92.45,13.37],[92.38,13.24],[92.4,12.86],[92.26,12.35],[92.26,11.97],[92.31,11.84],[92.29,11.71],[92.15,11.63],[92.18,11.46],[92.34,11.38],[92.44,11.13],[92.37,10.97],[92.19,11.06],[92.1,11.02],[92.22,10.82],[92.1,10.56],[92.21,10.38],[92.38,10.42],[92.51,10.37],[92.68,10.42],[92.75,10.55],[92.72,10.85]],[[92.59,10.77],[92.57,10.58],[92.4,10.58],[92.38,10.78],[92.53,10.9],[92.59,10.77]],[[93.05,13.28],[92.96,12.86],[92.99,12.52],[92.89,12.21],[92.77,12.08],[92.8,11.87],[92.73,11.51],[92.63,11.58],[92.54,11.89],[92.64,12.14],[92.79,12.21],[92.72,12.36],[92.74,12.81],[92.8,12.86],[92.85,13.15],[92.85,13.34],[92.96,13.55],[93.04,13.57],[93.05,13.28]]],[[[93.43,11.37],[93.38,11.23],[93.45,10.97],[93.58,11.19],[93.58,11.48],[93.43,11.37]]],[[[139.47,34.81],[139.33,34.83],[139.3,34.69],[139.44,34.64],[139.47,34.81]]],[[[139.23,34.18],[139.42,34.45],[139.26,34.55],[139.17,34.31],[139.23,34.18]]],[[[129.62,31.11],[129.78,31.31],[129.79,31.43],[129.61,31.4],[129.39,31.15],[129.62,31.11]]],[[[129.29,27.97],[129.64,28.26],[130.09,28.23],[130.04,28.4],[129.86,28.43],[129.87,28.59],[129.97,28.72],[129.77,28.83],[129.7,28.62],[129.48,28.48],[129.15,28.33],[129.13,28.11],[128.87,27.9],[128.87,27.71],[129.03,27.64],[129.1,27.95],[129.29,27.97]],[[129.71,28.46],[129.42,28.25],[129.23,28.3],[129.69,28.51],[129.71,28.46]]],[[[142.09,27.23],[142.11,26.95],[142.06,26.82],[142.09,26.62],[142.25,26.66],[142.16,26.92],[142.3,27.12],[142.25,27.42],[142.26,27.59],[142.02,27.96],[141.95,27.84],[142.09,27.63],[142.09,27.23]]],[[[127.25,25.9],[127.37,26.05],[127.58,26],[127.95,26.12],[128.06,26.24],[128.08,26.41],[128.28,26.55],[128.41,26.73],[128.37,26.85],[128.05,26.84],[127.9,26.74],[127.71,26.77],[127.69,26.46],[127.58,26.33],[127.28,26.32],[127.08,26.41],[126.75,26.42],[126.81,26.25],[127.12,26.32],[127.18,26.22],[127.16,25.98],[127.25,25.9]],[[128.34,26.8],[128.17,26.62],[127.94,26.45],[127.78,26.23],[127.73,26.44],[127.94,26.53],[128.23,26.8],[128.34,26.8]]],[[[127.99,26.87],[128.09,27.06],[128.05,27.16],[127.8,27.01],[127.91,26.85],[127.99,26.87]]],[[[126.01,24.92],[126.2,25.24],[126.12,25.44],[125.91,25.55],[125.76,25.44],[125.75,25.26],[126.01,24.92]]],[[[124.87,24.45],[125.18,24.63],[125.56,24.7],[125.67,24.81],[125.47,25.15],[125.25,25.12],[125.19,24.94],[125.03,24.75],[124.65,24.89],[124.64,24.64],[124.87,24.45]]],[[[123.87,24.18],[124.15,24.23],[124.4,24.41],[124.4,24.61],[124.29,24.63],[124.05,24.48],[123.81,24.54],[123.68,24.41],[123.65,24.14],[123.83,24.03],[123.87,24.18]]],[[[-64.99,32.19],[-64.72,32.26],[-64.55,32.48],[-64.81,32.51],[-65,32.37],[-64.99,32.19]]],[[[-78.78,27.44],[-79.11,27.43],[-79.19,27.37],[-79.19,27.07],[-79.09,26.92],[-79.03,26.71],[-78.81,26.49],[-78.67,26.47],[-78.35,26.58],[-78.07,26.62],[-77.94,26.56],[-77.55,26.04],[-77.2,25.85],[-77.13,26.18],[-76.99,26.28],[-76.9,26.52],[-76.93,26.61],[-77.11,26.72],[-77.35,26.93],[-77.85,27.15],[-78.07,27.17],[-78.19,27.26],[-78.78,27.44]],[[-77.81,26.91],[-77.51,26.87],[-77.27,26.63],[-77.06,26.53],[-77.01,26.32],[-77.16,26.25],[-77.19,25.92],[-77.35,26.07],[-77.26,26.2],[-77.16,26.56],[-77.31,26.59],[-77.52,26.85],[-77.81,26.91]],[[-78.59,26.54],[-78.58,26.69],[-78.29,26.69],[-77.97,26.73],[-77.9,26.68],[-78.54,26.57],[-78.59,26.54]]],[[[-77.91,25.86],[-78.36,25.83],[-79.02,26.13],[-79.19,26.07],[-79.31,25.88],[-79.34,25.67],[-79.19,25.25],[-79.18,25.03],[-79.27,24.46],[-79.14,23.87],[-79.01,23.47],[-78.62,22.95],[-78.31,22.75],[-78.18,22.76],[-77.8,22.59],[-77.56,22.33],[-77.29,22.16],[-77.14,22.25],[-76.76,22.26],[-76.48,22.05],[-76.3,22.06],[-76.16,22.26],[-75.83,22.04],[-75.7,21.73],[-75.44,21.95],[-75.23,21.96],[-75.16,22.12],[-75.2,22.28],[-75.57,22.2],[-75.67,22.27],[-75.83,22.62],[-75.85,22.81],[-75.74,22.94],[-75.5,23.11],[-75.34,23.12],[-75.06,23.03],[-74.86,22.84],[-74.78,23],[-74.84,23.12],[-75.01,23.2],[-75.07,23.39],[-75.26,23.69],[-75.39,23.73],[-75.51,23.59],[-75.68,23.55],[-76.05,23.81],[-76.15,23.84],[-76.52,24.32],[-76.78,24.71],[-76.78,24.86],[-76.64,24.94],[-76.43,24.87],[-76.21,24.62],[-76.1,24.68],[-76.06,25.14],[-76.29,25.35],[-76.57,25.47],[-76.57,25.58],[-76.86,25.59],[-76.97,25.28],[-77.18,25.16],[-77.52,25.12],[-77.59,25.02],[-77.49,24.79],[-77.25,24.45],[-77.22,24.02],[-77.06,23.91],[-76.77,23.92],[-76.66,23.86],[-76.56,23.65],[-76.62,23.49],[-76.79,23.42],[-77,23.41],[-77.18,23.47],[-77.38,23.74],[-77.39,23.93],[-77.47,24.13],[-77.61,24.34],[-77.65,24.68],[-77.85,24.94],[-77.9,25.11],[-78.07,25.31],[-78.02,25.44],[-77.8,25.39],[-77.56,25.56],[-77.65,25.73],[-77.91,25.86]],[[-77.52,23.93],[-77.57,23.74],[-77.81,23.88],[-77.83,24.02],[-77.94,24.1],[-77.68,24.3],[-77.55,24.13],[-77.52,23.93]],[[-78.35,24.66],[-78.16,25],[-78.21,25.18],[-77.98,25.14],[-77.99,25.01],[-77.74,24.7],[-77.72,24.5],[-77.91,24.35],[-78.06,24.32],[-78.18,24.46],[-78.35,24.53],[-78.35,24.66]]],[[[-76,24.59],[-75.69,24.35],[-75.54,24.09],[-75.25,24.13],[-75.33,24.29],[-75.55,24.56],[-75.59,24.68],[-75.75,24.72],[-76,24.59]]],[[[-74.56,24.13],[-74.58,23.94],[-74.47,23.9],[-74.39,24.11],[-74.56,24.13]]],[[[-74.99,23.74],[-74.96,23.64],[-74.76,23.61],[-74.75,23.79],[-74.99,23.74]]],[[[-74.39,22.83],[-74.35,22.74],[-74.41,22.59],[-74.3,22.4],[-74.34,22.18],[-74.3,22.11],[-74.09,22.23],[-73.85,22.41],[-73.79,22.51],[-73.77,22.75],[-74.08,22.78],[-74.24,22.88],[-74.39,22.83]]],[[[-73.15,22.3],[-72.96,22.33],[-72.77,22.26],[-72.67,22.33],[-72.91,22.45],[-73.15,22.49],[-73.15,22.3]]],[[[-72.07,21.99],[-72.16,21.91],[-72.33,21.92],[-72.47,21.77],[-72.51,21.62],[-72.2,21.46],[-72.18,21.35],[-72.03,21.17],[-71.86,21.07],[-71.53,21],[-71.56,21.27],[-71.54,21.42],[-71.36,21.73],[-71.62,21.86],[-71.78,21.87],[-71.87,22.01],[-72.07,21.99]],[[-72.02,21.83],[-71.85,21.7],[-71.58,21.62],[-71.73,21.3],[-71.9,21.3],[-72.09,21.51],[-72.25,21.56],[-72.32,21.73],[-72.14,21.75],[-72.02,21.83]]],[[[-71.36,21.02],[-71.16,21.21],[-70.98,21.28],[-70.97,21.39],[-71.17,21.52],[-71.36,21.07],[-71.36,21.02]]],[[[-70.58,21.09],[-70.75,20.98],[-70.94,21.02],[-70.99,20.87],[-70.87,20.79],[-70.62,20.74],[-70.43,20.87],[-70.58,21.09]]],[[[-69.99,20.81],[-69.95,20.57],[-70,20.45],[-69.95,20.29],[-69.81,20.31],[-69.67,20.21],[-69.52,20.27],[-69.55,20.43],[-69.37,20.56],[-69.37,20.65],[-69.6,20.66],[-69.71,20.72],[-69.85,20.91],[-69.99,20.81]]],[[[-74.13,20.28],[-74.21,20.34],[-74.48,20.38],[-74.72,20.63],[-74.85,20.72],[-75.47,20.79],[-75.55,20.85],[-75.59,21.08],[-75.86,21.17],[-76.03,21.13],[-76.22,21.27],[-76.53,21.32],[-76.86,21.46],[-76.93,21.55],[-77.43,21.87],[-77.59,22.01],[-77.63,22.18],[-77.87,22.4],[-78.13,22.54],[-78.33,22.56],[-78.95,22.78],[-79.31,22.72],[-79.84,23.03],[-80.06,23.09],[-80.36,23.27],[-80.71,23.27],[-80.89,23.32],[-81.14,23.28],[-81.4,23.14],[-81.57,23.18],[-81.95,23.19],[-82.02,23.23],[-82.31,23.21],[-82.58,23.08],[-83.23,23.05],[-83.47,22.95],[-83.6,22.95],[-84.11,22.74],[-84.4,22.56],[-84.52,22.52],[-84.88,22.09],[-84.99,21.99],[-84.96,21.82],[-84.78,21.81],[-84.54,21.91],[-84.51,21.74],[-84.28,21.86],[-83.78,21.98],[-83.36,21.87],[-83.27,21.81],[-83.26,21.65],[-83.11,21.46],[-82.83,21.42],[-82.55,21.51],[-82.34,21.53],[-82.15,21.45],[-81.89,21.58],[-81.12,21.6],[-80.96,21.55],[-80.92,21.68],[-81.13,21.77],[-81.34,21.97],[-81.14,21.97],[-81.05,22.03],[-80.52,22.03],[-80.29,21.86],[-80.08,21.79],[-79.98,21.65],[-79.72,21.5],[-79.51,21.09],[-79.17,20.93],[-78.98,20.77],[-78.69,20.61],[-78.48,20.56],[-78.36,20.4],[-78.15,20.32],[-78,20.1],[-77.9,19.86],[-77.7,19.8],[-77.29,19.86],[-76.96,19.86],[-76.77,19.91],[-76.52,19.91],[-76.2,19.96],[-75.98,19.92],[-75.73,19.93],[-75.52,19.85],[-75,19.88],[-74.78,20.01],[-74.27,20.04],[-74.1,20.19],[-74.13,20.28]],[[-74.16,20.27],[-74.14,20.18],[-74.27,20.07],[-74.39,20.08],[-74.81,20.04],[-74.98,19.92],[-75.38,19.88],[-75.6,19.89],[-75.72,19.96],[-75.98,19.95],[-76.25,19.99],[-76.52,19.94],[-76.87,19.94],[-76.96,19.89],[-77.19,19.91],[-77.36,19.86],[-77.74,19.86],[-77.62,20.02],[-77.4,20.2],[-77.18,20.29],[-77.11,20.51],[-77.31,20.71],[-77.49,20.68],[-78.07,20.71],[-78.27,20.9],[-78.49,21.05],[-78.56,21.38],[-78.77,21.64],[-79.25,21.55],[-79.45,21.6],[-79.64,21.69],[-80.27,21.89],[-80.44,22.04],[-80.99,22.05],[-81.2,22.21],[-81.29,22.1],[-81.4,22.17],[-81.65,22.21],[-81.82,22.19],[-82.09,22.34],[-82.12,22.43],[-81.68,22.46],[-81.64,22.57],[-81.88,22.68],[-82.63,22.68],[-82.8,22.62],[-83.09,22.46],[-83.17,22.34],[-83.29,22.32],[-83.42,22.19],[-83.93,22.17],[-83.99,21.95],[-84.31,21.88],[-84.47,21.77],[-84.47,21.9],[-84.54,21.94],[-84.66,21.91],[-84.58,22.01],[-84.32,22.05],[-84.43,22.2],[-84.39,22.35],[-84.02,22.68],[-83.87,22.75],[-83.37,22.89],[-83.21,23],[-82.58,23.05],[-82.41,23.15],[-82.03,23.2],[-81.84,23.16],[-81.58,23.16],[-81.48,23.1],[-81.27,23.14],[-81.18,23.05],[-80.62,23.09],[-80.56,23.01],[-80.28,22.91],[-80.02,22.95],[-79.99,22.88],[-79.7,22.75],[-79.51,22.53],[-79.34,22.41],[-79.15,22.38],[-78.78,22.39],[-78.38,22.25],[-78.3,22.16],[-78.07,22.09],[-77.9,21.88],[-77.66,21.78],[-77.51,21.86],[-77.07,21.6],[-76.96,21.47],[-76.65,21.29],[-76.39,21.28],[-76.14,21.17],[-76.12,21.09],[-75.82,21.14],[-75.58,21.01],[-75.78,20.75],[-75.71,20.69],[-75.39,20.74],[-75.15,20.68],[-75,20.7],[-74.61,20.49],[-74.4,20.31],[-74.16,20.27]],[[-82.57,21.64],[-82.59,21.54],[-82.84,21.44],[-83.08,21.47],[-82.97,21.59],[-83.07,21.76],[-82.99,21.95],[-82.69,21.88],[-82.57,21.64]]],[[[-68.95,20.14],[-69.02,19.97],[-68.95,19.89],[-68.71,19.96],[-68.81,20.18],[-68.95,20.14]]],[[[-70.94,19.97],[-71.19,19.91],[-71.44,20.03],[-71.8,20.05],[-71.94,19.95],[-71.96,19.76],[-72.31,19.88],[-72.52,19.89],[-72.61,20.03],[-72.8,20.12],[-72.95,20.12],[-73.03,19.95],[-73.19,19.96],[-73.44,19.84],[-73.5,19.74],[-73.42,19.61],[-73.11,19.6],[-72.98,19.55],[-72.83,19.36],[-72.79,19.15],[-72.83,19.03],[-72.67,18.85],[-72.79,18.81],[-72.93,18.94],[-73.17,19],[-73.32,18.9],[-73.23,18.81],[-72.76,18.63],[-72.76,18.46],[-73.03,18.51],[-73.44,18.55],[-73.79,18.68],[-73.98,18.63],[-74.26,18.7],[-74.43,18.64],[-74.62,18.52],[-74.66,18.38],[-74.32,18.25],[-74.12,18.22],[-73.89,17.98],[-73.59,18.03],[-73.38,18.17],[-72.99,18.15],[-72.82,18.1],[-72.72,18.15],[-72.3,18.19],[-71.98,18.15],[-71.73,17.86],[-71.74,17.7],[-71.61,17.65],[-71.68,17.49],[-71.58,17.38],[-71.37,17.6],[-71.27,17.81],[-71.08,18.03],[-70.98,18.24],[-70.65,18.27],[-70.46,18.08],[-70.13,18.2],[-69.98,18.4],[-69.81,18.44],[-69.21,18.32],[-68.91,18.33],[-68.82,18.29],[-68.8,18.1],[-68.51,18.01],[-68.47,18.11],[-68.58,18.28],[-68.24,18.47],[-68.02,18.41],[-67.94,18.47],[-67.98,18.64],[-68.14,18.59],[-68.42,18.77],[-68.83,19.14],[-69.09,19.17],[-69.19,19.37],[-69.51,19.4],[-69.7,19.35],[-69.78,19.4],[-69.88,19.68],[-70.17,19.69],[-70.46,19.82],[-70.66,19.82],[-70.94,19.97]],[[-68.36,18.66],[-68.33,18.58],[-68.44,18.42],[-68.57,18.38],[-68.66,18.21],[-68.74,18.2],[-68.85,18.37],[-69.24,18.45],[-69.53,18.41],[-69.6,18.46],[-69.88,18.47],[-70.02,18.41],[-70.16,18.24],[-70.55,18.2],[-70.6,18.41],[-70.7,18.43],[-70.93,18.26],[-71.05,18.31],[-71.06,18.14],[-71.2,17.91],[-71.31,17.82],[-71.42,17.6],[-71.63,17.82],[-71.66,17.95],[-71.93,18.18],[-72.07,18.24],[-72.44,18.22],[-72.89,18.14],[-73.38,18.26],[-73.65,18.25],[-73.81,18.16],[-73.97,18.14],[-74.18,18.29],[-74.33,18.29],[-74.49,18.43],[-74.43,18.61],[-74.26,18.67],[-73.6,18.5],[-73.53,18.52],[-72.75,18.43],[-72.63,18.55],[-72.35,18.53],[-72.33,18.67],[-72.55,18.79],[-72.81,19.05],[-72.72,19.1],[-72.8,19.23],[-72.73,19.43],[-73.02,19.6],[-73.22,19.65],[-73.41,19.64],[-73.47,19.72],[-73.34,19.83],[-73.14,19.92],[-72.78,19.94],[-72.4,19.81],[-72.33,19.75],[-71.76,19.71],[-71.65,19.9],[-71.5,19.91],[-71.21,19.84],[-71,19.94],[-70.83,19.9],[-70.62,19.77],[-70.43,19.78],[-70.3,19.66],[-70.13,19.62],[-70.04,19.68],[-69.9,19.64],[-69.87,19.43],[-69.73,19.29],[-69.54,19.34],[-69.34,19.29],[-69.25,19.18],[-69.6,19.23],[-69.61,19.09],[-69.42,19.11],[-69.36,19.05],[-69.04,18.99],[-68.98,19.03],[-68.74,18.96],[-68.36,18.66]],[[-73.26,18.88],[-73.2,18.97],[-72.85,18.83],[-73.04,18.76],[-73.26,18.88]]],[[[-64.88,18.65],[-65.13,18.58],[-65.67,18.5],[-66.77,18.52],[-67.08,18.59],[-67.21,18.55],[-67.29,18.35],[-67.28,18.21],[-67.41,18.19],[-67.43,18.04],[-67.3,17.9],[-67.04,17.85],[-66.79,17.93],[-66.51,17.82],[-66.16,17.82],[-65.99,17.93],[-65.69,18.06],[-65.42,18.05],[-65.08,18.17],[-64.77,18.17],[-64.21,18.51],[-64.15,18.67],[-64.26,18.76],[-64.45,18.78],[-64.68,18.85],[-64.88,18.65]],[[-65.63,18.28],[-65.83,18.03],[-66.16,17.93],[-66.77,17.98],[-66.92,17.95],[-67.21,17.97],[-67.15,18.2],[-67.27,18.36],[-67.1,18.52],[-66.91,18.49],[-66.64,18.5],[-65.99,18.46],[-65.66,18.37],[-65.63,18.28]]],[[[-63.11,18.56],[-63.16,18.39],[-63.33,18.27],[-63.21,18.08],[-62.89,17.73],[-62.58,17.67],[-62.23,17.52],[-62.39,17.78],[-62.49,17.83],[-62.7,18.11],[-62.48,18.31],[-62.55,18.37],[-62.87,18.36],[-62.91,18.52],[-63.11,18.56]]],[[[-62.1,17.52],[-61.99,17.37],[-62.12,17.25],[-62.14,17.15],[-61.98,16.96],[-61.6,16.99],[-61.56,17.11],[-61.66,17.29],[-61.63,17.45],[-61.73,17.68],[-61.86,17.81],[-62.06,17.79],[-62.2,17.65],[-62.1,17.52]]],[[[-62.5,16.96],[-62.49,17.17],[-62.73,17.43],[-62.94,17.55],[-63.04,17.49],[-62.77,17.27],[-62.6,16.99],[-62.5,16.96]]],[[[-77.35,17.09],[-77.32,17.31],[-77.52,17.23],[-77.83,17.21],[-78.03,17.16],[-78.25,17.27],[-78.38,17.26],[-78.55,17.37],[-78.57,17.48],[-78.77,17.62],[-78.92,17.59],[-79.01,17.49],[-79.04,17.29],[-78.92,17.04],[-78.92,16.83],[-78.71,16.89],[-78.57,16.88],[-78.34,16.69],[-78.07,16.78],[-77.73,17],[-77.65,16.83],[-77.42,17.07],[-77.35,17.09]]],[[[-80.29,16.67],[-80.41,16.77],[-80.9,16.95],[-80.94,16.75],[-80.89,16.56],[-80.78,16.43],[-80.77,16.3],[-80.57,16.01],[-80.42,15.98],[-80.25,16.17],[-80.32,16.51],[-80.29,16.67]]],[[[-61.57,16.5],[-61.74,16.45],[-61.87,16.3],[-61.79,16.04],[-61.63,15.79],[-61.42,15.88],[-61.23,15.84],[-61.2,16.02],[-61.08,16.14],[-60.97,16.37],[-61.19,16.3],[-61.38,16.5],[-61.57,16.5]],[[-61.54,16.29],[-61.53,16.45],[-61.19,16.26],[-61.5,16.21],[-61.54,16.29]],[[-61.55,16.29],[-61.56,16.09],[-61.69,15.95],[-61.8,16.25],[-61.72,16.35],[-61.55,16.29]]],[[[-79.68,15.91],[-79.77,16.02],[-79.94,16.08],[-80.08,16.06],[-80.15,15.96],[-80.05,15.75],[-79.92,15.7],[-79.78,15.77],[-79.68,15.91]]],[[[-61.44,15.67],[-61.52,15.57],[-61.41,15.21],[-61.34,15.18],[-61.25,15.24],[-61.19,15.54],[-61.25,15.63],[-61.44,15.67]],[[-61.36,15.2],[-61.42,15.41],[-61.49,15.54],[-61.31,15.58],[-61.26,15.29],[-61.36,15.2]]],[[[-79.4,15.95],[-79.32,15.96],[-79.33,16.17],[-79.48,16.13],[-79.4,15.95]]],[[[-87.61,16.95],[-87.71,16.98],[-87.86,16.88],[-87.81,16.72],[-87.63,16.76],[-87.61,16.95]]],[[[-87.5,17.48],[-87.57,17.45],[-87.63,17.18],[-87.55,17.12],[-87.43,17.42],[-87.5,17.48]]],[[[-77.56,17.61],[-77.42,17.65],[-77.24,17.5],[-77.03,17.52],[-76.96,17.68],[-76.74,17.88],[-76.51,17.81],[-76.22,17.84],[-76.14,17.96],[-76.31,18.17],[-76.65,18.27],[-76.9,18.44],[-77.27,18.51],[-77.67,18.54],[-77.83,18.58],[-77.99,18.51],[-78.14,18.51],[-78.36,18.38],[-78.35,18.19],[-78.21,18.17],[-77.98,17.82],[-77.78,17.8],[-77.56,17.61]],[[-76.26,18.01],[-76.31,17.87],[-76.52,17.86],[-76.85,17.99],[-76.96,17.83],[-77.14,17.88],[-77.22,17.72],[-77.44,17.86],[-77.72,17.85],[-77.96,18.03],[-78.08,18.2],[-78.34,18.22],[-78.33,18.37],[-78.19,18.46],[-77.98,18.44],[-77.9,18.52],[-77.27,18.46],[-77.14,18.41],[-76.89,18.41],[-76.76,18.27],[-76.35,18.16],[-76.26,18.01]]],[[[-87.32,18.4],[-87.21,18.65],[-87.31,18.83],[-87.43,18.81],[-87.51,18.64],[-87.5,18.39],[-87.32,18.4]]],[[[-76,18.36],[-75.7,18.5],[-75.76,18.56],[-75.97,18.44],[-76,18.36]]],[[[-63.9,17.34],[-63.8,17.33],[-63.66,17.19],[-63.34,17.24],[-63.21,17.34],[-63.16,17.57],[-63.19,17.69],[-63.49,17.69],[-63.5,17.6],[-63.9,17.43],[-63.9,17.34]]],[[[-64.58,17.7],[-64.72,17.79],[-64.89,17.8],[-64.89,17.64],[-64.58,17.7]]],[[[-81.24,19.26],[-81.11,19.38],[-81.43,19.42],[-81.41,19.25],[-81.24,19.26]]],[[[-79.75,19.79],[-80.08,19.73],[-80.09,19.63],[-79.73,19.7],[-79.75,19.79]]],[[[-73.11,21.32],[-73.19,21.23],[-73.52,21.22],[-73.72,21.12],[-73.75,21.02],[-73.7,20.91],[-73.61,20.88],[-73.25,20.93],[-73.1,21],[-72.95,21.23],[-72.94,21.43],[-73.07,21.55],[-73.11,21.32]],[[-73.65,21.06],[-73.4,21.22],[-73.26,21.14],[-73.03,21.16],[-73.13,20.99],[-73.49,20.92],[-73.68,20.94],[-73.65,21.06]]],[[[-79.88,24.18],[-80.17,24.12],[-80.49,24],[-80.51,23.74],[-80.42,23.64],[-80.15,23.57],[-79.97,23.48],[-79.69,23.41],[-79.49,23.44],[-79.48,23.52],[-79.74,23.91],[-79.88,24.18]]],[[[-86.16,16.48],[-86.38,16.47],[-86.59,16.38],[-86.6,16.24],[-86.22,16.39],[-86.16,16.48]]],[[[-61.14,14.61],[-61.07,14.43],[-60.83,14.39],[-60.74,14.51],[-60.77,15.02],[-61.15,14.93],[-61.26,14.83],[-61.14,14.61]],[[-60.81,14.46],[-61.01,14.48],[-61.16,14.67],[-61.17,14.88],[-61,14.81],[-60.85,14.6],[-60.81,14.46]]],[[[-80.18,14.47],[-80.36,14.46],[-80.47,14.26],[-80.13,14.35],[-80.18,14.47]]],[[[-81.07,14.41],[-81.09,14.6],[-81.29,14.48],[-81.31,14.32],[-81.4,14.16],[-81.31,14],[-81.11,14.13],[-81.07,14.41]]],[[[-61.05,14.09],[-61.1,13.78],[-60.95,13.64],[-60.87,13.71],[-60.82,13.9],[-60.83,14.09],[-60.98,14.16],[-61.05,14.09]],[[-60.89,14.01],[-60.94,13.72],[-61.05,13.77],[-61.08,13.89],[-60.89,14.01]]],[[[-81.28,13.56],[-81.36,13.53],[-81.46,13.34],[-81.33,13.29],[-81.28,13.56]]],[[[-61.3,13.28],[-61.31,12.86],[-61.48,12.7],[-61.54,12.46],[-61.75,12.22],[-61.84,12.03],[-61.97,12],[-62.07,11.79],[-61.83,11.82],[-61.53,12.05],[-61.46,12.22],[-61.15,12.63],[-61.03,12.99],[-61.1,13.17],[-61.12,13.39],[-61.23,13.39],[-61.3,13.28]]],[[[-59.51,12.98],[-59.4,13.17],[-59.6,13.37],[-59.68,13.3],[-59.66,13.09],[-59.51,12.98]],[[-59.43,13.16],[-59.61,13.08],[-59.65,13.3],[-59.43,13.16]]],[[[-64.26,11.94],[-64.39,11.89],[-64.54,11.94],[-64.68,11.85],[-64.36,11.62],[-64.26,11.94]]],[[[-66.6,11.74],[-66.51,11.91],[-66.57,12.03],[-66.78,12.06],[-66.98,11.94],[-66.99,11.81],[-66.86,11.71],[-66.6,11.74]]],[[[-68.2,12.07],[-68.17,12.24],[-68.39,12.34],[-68.45,12.25],[-68.27,12],[-68.2,12.07]]],[[[-68.72,12.08],[-68.83,12.2],[-68.99,12.25],[-69.05,12.36],[-69.18,12.27],[-68.92,12.06],[-68.72,12.08]]],[[[-27.24,38.84],[-27.42,38.76],[-27.35,38.64],[-27.05,38.61],[-26.95,38.72],[-27.09,38.83],[-27.24,38.84]]],[[[-27.76,38.61],[-28.36,38.81],[-28.19,38.62],[-27.84,38.51],[-27.76,38.61]]],[[[-28.25,38.52],[-28.31,38.57],[-28.72,38.67],[-28.86,38.62],[-28.74,38.49],[-28.6,38.5],[-28.47,38.38],[-28.05,38.37],[-28.03,38.47],[-28.25,38.52]],[[-28.11,38.45],[-28.24,38.38],[-28.46,38.41],[-28.37,38.55],[-28.11,38.45]]],[[[-25.51,37.68],[-25.19,37.71],[-25.06,37.85],[-25.17,37.91],[-25.65,37.88],[-25.85,37.94],[-25.8,37.75],[-25.51,37.68]],[[-25.2,37.86],[-25.19,37.74],[-25.51,37.71],[-25.7,37.74],[-25.68,37.84],[-25.2,37.86]]],[[[-16.99,32.62],[-16.79,32.63],[-16.63,32.81],[-17.18,32.9],[-17.3,32.86],[-17.26,32.73],[-16.99,32.62]],[[-16.79,32.69],[-16.98,32.65],[-17.25,32.81],[-16.92,32.84],[-16.79,32.69]]],[[[-13.91,28.89],[-14.04,28.77],[-14.13,28.58],[-14.26,28.49],[-14.33,28.28],[-14.56,28.19],[-14.79,27.94],[-14.59,27.93],[-14.33,28.01],[-14.14,28.14],[-13.85,28.2],[-13.79,28.73],[-13.7,28.85],[-13.56,28.89],[-13.44,29.02],[-13.4,29.16],[-13.28,29.28],[-13.28,29.42],[-13.48,29.45],[-13.55,29.33],[-13.87,29.02],[-13.91,28.89]],[[-13.48,29.24],[-13.48,29],[-13.86,28.86],[-13.75,29.08],[-13.53,29.15],[-13.48,29.24]],[[-13.97,28.74],[-13.84,28.72],[-13.85,28.4],[-13.97,28.23],[-14.21,28.16],[-14.15,28.42],[-13.97,28.74]]],[[[-15.4,28.21],[-15.76,28.18],[-15.9,28.06],[-15.9,27.84],[-15.67,27.68],[-15.45,27.7],[-15.31,27.86],[-15.4,28.21]],[[-15.39,28.03],[-15.38,27.85],[-15.58,27.73],[-15.79,27.84],[-15.82,28],[-15.71,28.17],[-15.42,28.14],[-15.39,28.03]]],[[[-17.91,27.88],[-18.19,27.78],[-18.16,27.68],[-17.96,27.62],[-17.86,27.78],[-17.91,27.88]]],[[[-16.39,28.14],[-16.32,28.35],[-16.09,28.52],[-16.2,28.64],[-16.41,28.57],[-16.6,28.44],[-16.9,28.43],[-16.94,28.37],[-16.87,28.2],[-16.7,27.97],[-16.51,28.01],[-16.39,28.14]],[[-16.43,28.15],[-16.55,28.02],[-16.68,28],[-16.92,28.35],[-16.51,28.42],[-16.3,28.57],[-16.23,28.49],[-16.36,28.38],[-16.43,28.15]]],[[[-17.21,27.99],[-17.03,28.16],[-17.16,28.28],[-17.43,28.24],[-17.42,28.13],[-17.21,27.99]],[[-17.31,28.21],[-17.1,28.1],[-17.23,28.02],[-17.34,28.1],[-17.31,28.21]]],[[[-17.71,28.61],[-17.69,28.76],[-17.74,28.85],[-17.86,28.89],[-18.01,28.82],[-18.03,28.75],[-17.88,28.46],[-17.83,28.43],[-17.71,28.61]],[[-17.76,28.82],[-17.72,28.73],[-17.83,28.46],[-18,28.75],[-17.91,28.86],[-17.76,28.82]]],[[[-25.3,16.89],[-25.14,16.87],[-25.01,16.73],[-24.84,16.78],[-24.67,16.62],[-24.63,16.75],[-24.81,16.88],[-24.82,16.97],[-25.03,17.21],[-25.27,17.17],[-25.39,17.06],[-25.3,16.89]],[[-25.05,17.04],[-25.3,16.92],[-25.32,17.11],[-25.1,17.2],[-25.05,17.04]]],[[[-23.05,16.74],[-22.94,16.56],[-22.84,16.63],[-22.85,16.82],[-22.93,16.89],[-23.05,16.74]],[[-22.93,16.59],[-22.99,16.82],[-22.9,16.83],[-22.93,16.59]]],[[[-24,16.56],[-24.02,16.62],[-24.37,16.71],[-24.45,16.61],[-24.3,16.44],[-24.2,16.56],[-24,16.56]]],[[[-23.31,15.37],[-23.27,15.14],[-23.08,15.12],[-23.06,15.25],[-23.13,15.54],[-22.95,15.73],[-22.89,15.91],[-22.72,15.87],[-22.59,16.08],[-22.63,16.19],[-22.87,16.35],[-23.09,16.24],[-23.08,15.98],[-23.27,15.76],[-23.22,15.49],[-23.31,15.37]],[[-22.68,16.11],[-22.81,15.99],[-22.95,16.02],[-22.92,16.21],[-22.71,16.21],[-22.68,16.11]]],[[[-23.74,15.36],[-23.82,15.08],[-23.7,14.91],[-23.45,14.91],[-23.4,15.07],[-23.67,15.33],[-23.74,15.36]],[[-23.46,15.02],[-23.49,14.92],[-23.68,14.94],[-23.77,15.04],[-23.79,15.17],[-23.7,15.27],[-23.46,15.02]]],[[[-24.29,15.03],[-24.41,15.07],[-24.51,15.01],[-24.55,14.9],[-24.38,14.79],[-24.24,14.85],[-24.29,15.03]],[[-24.3,14.92],[-24.38,14.82],[-24.53,14.92],[-24.4,15.04],[-24.3,14.92]]],[[[54.75,41],[54.6,41.19],[54.31,41.34],[54.04,41.53],[54.02,41.73],[53.9,42.08],[53.68,42.14],[53.3,42.08],[53.12,42.09],[52.96,41.98],[52.82,41.76],[52.9,41.69],[52.82,41.39],[52.56,41.52],[52.6,41.63],[52.44,41.75],[52.48,41.94],[52.4,42.09],[52.6,42.34],[52.74,42.66],[52.57,42.8],[52.17,42.89],[51.93,42.83],[51.65,43.19],[51.27,43.19],[51.32,43.44],[51.14,43.63],[50.98,43.92],[50.85,44.04],[50.85,44.19],[50.7,44.26],[50.34,44.31],[50.23,44.39],[50.3,44.66],[50.85,44.63],[51.14,44.48],[51.32,44.6],[51.2,44.74],[50.97,44.85],[50.98,44.99],[51.24,45.1],[51.4,45.33],[51.79,45.41],[51.96,45.37],[52.57,45.4],[52.91,45.31],[53.14,45.38],[52.74,45.53],[52.75,45.64],[53.09,46.02],[53.16,46.34],[53.08,46.43],[53.19,46.72],[52.92,46.96],[52.61,46.95],[52.46,47],[52.24,46.81],[51.76,46.92],[51.5,47.06],[51.19,47.12],[50.86,47.04],[50.61,46.87],[50.17,46.75],[49.82,46.54],[49.47,46.56],[49.22,46.38],[49.25,46.27],[48.89,46.12],[48.71,46.13],[48.74,45.92],[48.47,45.94],[48.27,45.78],[47.61,45.64],[47.3,45.19],[47.07,44.79],[46.72,44.66],[46.7,44.45],[47.04,44.35],[47.25,44.21],[47.5,43.78],[47.38,43.56],[47.49,43.46],[47.46,43.02],[47.7,42.87],[47.72,42.7],[47.87,42.58],[48.3,42.1],[48.42,41.92],[48.66,41.8],[49.04,41.41],[49.2,41.06],[49.38,40.87],[49.54,40.79],[49.59,40.63],[49.86,40.57],[50.05,40.58],[50.34,40.41],[50.23,40.34],[49.89,40.37],[49.58,40.22],[49.44,40.08],[49.48,39.99],[49.32,39.62],[49.3,39.48],[49.41,39.39],[49.24,39.28],[49.19,39.02],[48.97,39.18],[48.86,38.76],[48.91,38.08],[49.01,37.74],[49.13,37.62],[49.44,37.49],[49.94,37.45],[50.15,37.4],[50.32,37.15],[50.48,37.03],[51.09,36.74],[51.91,36.58],[52.78,36.74],[53.49,36.89],[53.7,36.82],[54.01,36.82],[54.03,36.95],[53.92,37.26],[53.82,37.74],[53.81,38.03],[53.86,38.21],[53.83,38.53],[53.98,38.9],[53.75,39.05],[53.58,39.33],[53.39,39.32],[53.09,39.38],[53.18,39.52],[53.36,39.54],[53.58,39.47],[53.43,39.76],[53.57,39.95],[53.44,40],[52.88,39.94],[52.74,40.05],[52.7,40.27],[52.74,40.48],[52.96,41.02],[53.11,40.77],[53.54,40.76],[53.72,40.63],[54.31,40.73],[54.71,40.88],[54.75,41]],[[51.22,40.06],[51.43,40.06],[51.59,39.86],[51.74,39.75],[51.8,39.54],[51.73,39.33],[51.77,39.15],[51.64,38.62],[51.77,38.25],[52.01,38.08],[52.35,38],[52.65,37.82],[52.86,37.6],[53.08,37.2],[53.03,37.03],[52.78,36.95],[52.54,36.81],[52,36.74],[51.65,36.73],[51.3,36.8],[51.01,36.9],[50.58,37.18],[50.42,37.24],[50.31,37.43],[49.98,37.56],[49.62,37.57],[49.54,37.75],[49.55,37.9],[49.33,38.26],[49.28,38.4],[49.31,38.66],[49.55,39.01],[49.69,38.99],[49.93,39.27],[49.96,39.5],[49.91,39.6],[50.18,39.85],[50.35,39.85],[50.67,39.99],[51.04,40.11],[51.22,40.06]],[[50.58,43.25],[50.52,42.9],[50.68,42.71],[50.96,42.65],[51.23,42.48],[51.31,42.34],[51.33,42.04],[51.5,41.63],[51.56,41.11],[51.51,40.89],[51.55,40.53],[51.46,40.44],[51.27,40.45],[51,40.88],[50.89,41],[50.72,41.07],[50.45,41.04],[50.17,41.11],[50.06,41.23],[49.54,41.47],[49.05,41.65],[48.94,41.72],[48.79,41.99],[48.76,42.21],[48.82,42.5],[49.09,42.85],[49.49,43.17],[49.67,43.22],[49.86,43.2],[50.02,43.27],[50,43.53],[50.18,43.64],[50.35,43.59],[50.58,43.25]]],[[[12.79,36.78],[12.99,36.84],[13,37.01],[12.86,36.99],[12.74,36.85],[12.79,36.78]]],[[[11.6,36.29],[11.79,36.32],[11.88,36.48],[11.71,36.55],[11.58,36.37],[11.6,36.29]]],[[[23.48,35.32],[23.58,35.21],[23.98,35.2],[24.04,35.16],[24.38,35.16],[24.51,35.11],[24.59,34.97],[24.73,34.9],[25.23,34.92],[25.61,34.98],[25.69,34.81],[25.82,34.98],[25.97,35],[26.11,34.9],[26.37,35.12],[26.38,35.36],[26.14,35.36],[25.85,35.25],[25.85,35.38],[25.54,35.38],[25.25,35.49],[25.1,35.43],[24.92,35.48],[24.57,35.48],[24.34,35.43],[24.21,35.62],[23.93,35.65],[23.74,35.72],[23.55,35.63],[23.48,35.32]],[[26.32,35.32],[26.24,35.04],[25.6,35.01],[25.1,34.94],[24.74,34.93],[24.71,35.1],[24.4,35.19],[24.08,35.2],[23.83,35.25],[23.59,35.24],[23.57,35.43],[23.82,35.53],[24.04,35.53],[24.34,35.35],[24.72,35.43],[24.97,35.42],[25.06,35.36],[25.38,35.34],[25.48,35.3],[25.77,35.34],[25.71,35.18],[25.83,35.12],[26.07,35.23],[26.16,35.2],[26.32,35.32]]],[[[27.13,35.73],[27,35.49],[26.83,35.47],[26.88,35.32],[27.14,35.37],[27.27,35.53],[27.13,35.73]]],[[[27.7,35.79],[27.97,35.98],[28.12,36.04],[28.13,36.16],[28.26,36.36],[28.26,36.48],[28.08,36.46],[27.8,36.33],[27.52,36.27],[27.68,36.12],[27.7,35.79]],[[28.24,36.43],[28.13,36.19],[27.78,35.89],[27.7,36.16],[27.9,36.34],[28.24,36.43]]],[[[25.92,36.29],[25.76,36.43],[25.68,36.31],[25.92,36.29]]],[[[26.37,36.5],[26.36,36.67],[26.12,36.53],[26.37,36.5]]],[[[34.58,35.73],[33.78,35.43],[33.32,35.38],[32.84,35.41],[32.8,35.25],[32.56,35.23],[32.41,35.13],[32.21,35.08],[32.39,34.7],[32.45,34.63],[32.79,34.59],[32.96,34.52],[33.19,34.64],[33.34,34.64],[33.68,34.78],[33.82,34.93],[34.11,34.94],[34.12,35.03],[34.01,35.29],[34.19,35.31],[34.3,35.45],[34.6,35.63],[34.58,35.73]],[[34.54,35.68],[34.54,35.64],[33.97,35.32],[33.9,35.16],[34.05,35.03],[33.85,34.94],[33.68,34.97],[33.61,34.82],[33.25,34.7],[32.67,34.65],[32.41,34.75],[32.33,34.89],[32.37,35.04],[32.65,35.19],[32.87,35.16],[32.92,35.4],[33.43,35.33],[33.66,35.36],[34.04,35.47],[34.54,35.68]]],[[[15.25,34.76],[15.36,34.84],[15.67,34.86],[15.69,35.01],[15.53,35.07],[15.21,35.05],[15.08,34.91],[15.03,34.71],[15.15,34.65],[15.25,34.76]]],[[[24.13,34.79],[24.19,34.85],[24.01,35.01],[23.89,34.97],[24.02,34.81],[24.13,34.79]]],[[[25.44,38.92],[25.18,38.98],[25.09,38.89],[25.3,38.73],[25.45,38.76],[25.44,38.92]]],[[[24.58,38.74],[24.71,38.77],[24.72,38.92],[24.53,39.08],[24.41,39.07],[24.33,38.86],[24.58,38.74]]],[[[1.44,38.5],[1.63,38.65],[1.61,38.76],[1.78,39.06],[1.68,39.18],[1.45,39.18],[1.21,39.12],[1.02,38.99],[0.99,38.77],[1.14,38.54],[1.44,38.5]],[[1.61,39.09],[1.51,38.93],[1.34,38.86],[1.21,38.9],[1.36,39.08],[1.61,39.09]]],[[[2.77,38.95],[2.95,39.01],[3.13,39.17],[3.37,39.32],[3.77,39.68],[3.79,39.82],[4.08,39.84],[4.28,39.75],[4.49,39.8],[4.38,40.02],[4.21,40.18],[4.04,40.2],[3.66,40.07],[3.21,40.06],[2.72,39.95],[2.42,39.77],[2.28,39.75],[2.09,39.58],[2.14,39.32],[2.42,39.34],[2.71,39.14],[2.77,38.95]],[[3.35,39.78],[3.47,39.74],[3.41,39.59],[3.22,39.36],[3.06,39.27],[2.96,39.36],[2.76,39.4],[2.66,39.56],[2.49,39.47],[2.36,39.61],[2.93,39.91],[3.12,39.81],[3.35,39.78]],[[4.3,39.93],[4.25,39.82],[4.02,39.93],[3.87,39.93],[3.82,40.05],[4.11,40.07],[4.3,39.93]]],[[[8.03,40.31],[8.17,40.01],[8.12,39.86],[8.21,39.62],[7.99,39.16],[8.04,38.98],[8.52,38.62],[8.84,38.72],[9.13,38.72],[9.22,39.03],[9.32,39.14],[9.54,39.05],[9.7,39.22],[9.68,39.32],[9.79,39.46],[9.77,39.58],[9.8,40.09],[9.72,40.27],[9.9,40.35],[10,40.62],[9.87,40.74],[9.94,40.88],[9.85,41.21],[9.68,41.29],[9.47,41.71],[9.66,42.1],[9.63,42.37],[9.67,42.56],[9.53,42.75],[9.61,43.09],[9.52,43.28],[9.26,43.01],[9.29,42.81],[9.11,42.8],[8.76,42.7],[8.62,42.58],[8.5,42.18],[8.62,42.07],[8.52,41.9],[8.67,41.84],[8.64,41.73],[8.75,41.67],[8.73,41.13],[8.59,41.08],[8.39,41.18],[8.24,41.14],[8,40.78],[7.93,40.48],[8.03,40.31]],[[9.79,40.56],[9.75,40.38],[9.63,40.26],[9.73,40.08],[9.64,39.48],[9.56,39.14],[9.45,39.12],[9.25,39.23],[9.08,39.21],[9.02,39],[8.84,38.88],[8.64,38.89],[8.37,39.23],[8.39,39.47],[8.56,39.85],[8.4,39.91],[8.49,40.1],[8.46,40.31],[8.31,40.58],[8.14,40.63],[8.13,40.73],[8.31,40.85],[8.52,40.83],[8.76,40.91],[9.23,41.26],[9.55,41.12],[9.57,40.91],[9.79,40.56]],[[8.57,42.21],[8.67,42.51],[9.11,42.73],[9.34,42.75],[9.53,42.56],[9.55,42.11],[9.4,41.95],[9.4,41.71],[9.21,41.44],[8.94,41.49],[8.78,41.59],[8.9,41.7],[8.7,41.73],[8.81,41.91],[8.57,42.21]]],[[[180,52.45],[179.79,52.44],[179.35,51.99],[179.42,51.87],[179.77,51.86],[180,52.02],[180,52.11],[180,52.45]]],[[[148.8,45.42],[148.76,45.31],[148.56,45.31],[148.22,45.2],[147.99,45.01],[147.77,44.94],[147.39,44.74],[147.23,44.58],[147.12,44.78],[146.79,44.48],[146.77,44.36],[146.96,44.28],[147.35,44.46],[147.44,44.6],[147.92,44.9],[148.24,44.98],[148.91,45.33],[148.93,45.53],[148.61,45.63],[148.39,45.39],[148.31,45.53],[148.13,45.4],[147.92,45.47],[147.77,45.27],[147.45,45.16],[147.67,45.09],[147.89,45.22],[148.31,45.28],[148.62,45.5],[148.8,45.42]]],[[[140.7,44.9],[140.52,44.8],[140.38,45.04],[139.97,44.94],[140.05,44.67],[140.14,44.58],[140.36,44.55],[140.57,44.4],[140.77,44.36],[140.81,44.65],[140.7,44.71],[140.7,44.9]]],[[[168.57,54.41],[167.69,54.83],[167.1,55.13],[166.48,55.38],[166.15,55.46],[165.87,55.42],[165.52,55.6],[165.17,55.59],[165.37,55.3],[165.61,55.23],[165.77,55.1],[165.94,55.09],[166.37,54.8],[166.55,54.58],[166.79,54.5],[167.01,54.58],[167.42,54.59],[167.6,54.49],[167.89,54.41],[168.13,54.41],[168.7,54.27],[168.57,54.41]],[[166.66,54.76],[166.36,54.84],[166.08,55.06],[165.96,55.36],[166.29,55.3],[166.25,55.15],[166.66,54.76]]],[[[179.58,54.44],[179.62,54.16],[179.81,54.22],[179.58,54.44]]],[[[171.08,53.05],[170.8,53.33],[170.64,53.31],[170.89,53.03],[171.08,53.05]]],[[[173.86,52.16],[174.06,52.33],[174.23,52.36],[174.53,52.55],[174.63,52.69],[174.27,52.78],[173.84,52.83],[173.41,52.95],[173.21,53.07],[172.83,53.13],[172.48,53.05],[172.31,52.88],[172.65,52.75],[172.93,52.57],[172.99,52.43],[173.32,52.33],[173.47,52.24],[173.86,52.16]],[[173.38,52.83],[173.09,52.83],[172.94,52.75],[172.64,52.87],[172.66,53.01],[173.13,52.99],[173.38,52.83]]],[[[178.45,51.83],[178.66,51.91],[178.61,52.02],[178.12,52.09],[177.89,51.99],[177.78,52.16],[177.36,52.17],[177.11,52.09],[176.33,52.21],[176.31,52.28],[175.98,52.42],[175.84,52.3],[176.21,52.18],[176.57,51.95],[176.76,51.94],[177.15,52.02],[177.16,51.72],[177.63,51.82],[177.8,51.75],[178.36,51.66],[178.52,51.52],[178.76,51.49],[179.13,51.26],[179.54,51.33],[179.33,51.52],[178.46,51.8],[178.45,51.83]]],[[[179.38,52.24],[178.94,52.13],[178.96,51.97],[179.34,52.08],[179.38,52.24]]],[[[175.85,51.64],[176.14,51.96],[175.9,52.07],[175.87,51.91],[175.69,51.89],[175.52,51.73],[175.71,51.61],[175.85,51.64]]],[[[154.23,48.82],[154.45,48.9],[154.66,49.03],[154.73,49.23],[154.96,49.29],[154.93,49.42],[154.99,49.66],[154.72,49.68],[154.5,49.4],[154.39,49.05],[154.04,48.95],[153.93,48.67],[154.23,48.82]]],[[[154.45,47.98],[154.63,48.04],[154.92,48.27],[155.05,48.49],[155.05,48.7],[155.21,48.85],[155,48.94],[154.85,48.63],[154.43,48.19],[154.45,47.98]]],[[[153.21,47.92],[153.38,48.03],[153.35,48.13],[153.12,48.12],[153.13,47.93],[152.96,47.84],[153.15,47.74],[153.21,47.92]]],[[[154.53,49.66],[154.51,49.83],[154.35,49.84],[154.28,49.71],[154.53,49.66]]],[[[155.64,50.95],[155.43,50.96],[155.48,50.8],[155.68,50.8],[155.64,50.95]]],[[[151.96,55.29],[152.31,55.54],[152.2,55.58],[151.82,55.38],[151.96,55.29]]],[[[144.8,55.33],[145.31,55.49],[145.69,55.46],[146.06,55.35],[146.44,55.49],[146.3,55.64],[145.78,55.73],[145.7,55.88],[145.36,55.98],[145.69,56.27],[145.59,56.33],[145.23,56.31],[144.94,56.45],[144.63,56.3],[144.76,56.12],[144.63,55.87],[144.43,55.32],[144.8,55.33]]],[[[146.24,56.37],[146.3,56.14],[146.46,56.1],[146.46,56.37],[146.24,56.37]]],[[[152.43,47.22],[152.71,47.39],[152.39,47.39],[152.43,47.22]]],[[[152.33,47.21],[152.23,47.23],[151.83,46.9],[151.91,46.71],[152.32,47.06],[152.33,47.21]]],[[[149.28,45.47],[149.7,45.51],[149.91,45.63],[150.58,46.16],[150.91,46.27],[150.98,46.48],[150.85,46.53],[150.72,46.37],[150.48,46.28],[150.32,46.31],[150.13,46.15],[149.98,46.11],[149.81,45.96],[149.62,45.89],[149.43,45.7],[149.24,45.6],[149.28,45.47]],[[150.33,46.21],[150.36,46.08],[150.14,45.9],[149.95,45.82],[149.64,45.61],[149.48,45.67],[149.67,45.85],[149.81,45.88],[150.02,46.07],[150.33,46.21]]],[[[149.09,45.2],[148.78,45.05],[148.58,45.01],[148.36,44.86],[147.97,44.77],[148.06,44.6],[148.06,44.35],[148.23,44.24],[148.4,44.38],[149.38,44.94],[149.4,45.02],[149.09,45.2]]]]},"properties":{"depth":200}}
]}